[Licensing::Module] Trying to connect to existing licensing client channel...
[Licensing::IpcConnector] Successfully connected to: "LicenseClient-laiet" at "2026-09-19T15:08:12.3492688Z"
Built from '6000.6/respin/6000.6.0f1-fa21a270ab12' branch; Version is '6000.6.0f1 (f7f8ed4d1e24) revision 16251117'; Using compiler version '194234433'; Build Type 'Release'
OS: 'Windows 11  (10.0.26200) Core' Language: 'en' Physical Memory: 32389 MB
BatchMode: 1, IsHumanControllingUs: 0, StartBugReporterOnCrash: 0, Is64bit: 1
System  architecture: x64
Process architecture: x64
Date: 2026-09-19T15:08:12Z
[Licensing::Client] Code 10 while verifying Licensing Client signature (process Id: 21856, path: "C:/Program Files/Unity Hub/UnityLicensingClient_V1/Unity.Licensing.Client.exe")
[Licensing::Module] LicensingClient has failed validation; ignoring
[Licensing::Client] Error: HandshakeResponse reported an error:
	ResponseCode: 505
	ResponseStatus: Unsupported protocol version '1.18.3'.
[Licensing::Module] Error: Failed to handshake to channel: "LicenseClient-laiet"
[Licensing::IpcConnector] LicenseClient-laiet channel disconnected successfully.
[Licensing::IpcConnector] Successfully connected to: "LicenseClient-laiet-6000.6.0" at "2026-09-19T15:08:12.4344192Z"
[Licensing::Client] Code 10 while verifying Licensing Client signature (process Id: 33912, path: "C:/Program Files/Unity/Hub/Editor/6000.6.0f1/Editor/Data/Resources/Licensing/Client/Unity.Licensing.Client.exe")
[Licensing::Module] LicensingClient has failed validation; ignoring
[Licensing::Client] Handshaking with LicensingClient:
  Version:                 1.18.3+d7ffd15
  Session Id:              9328e8e765634b5cb731ab1dabceb8ed
  Correlation Id:          fb2ee6f14907a2b5c5f65a6a70918669
  External correlation Id: 5815018134025931131
  Machine Id:              HCb8288S53yk6J8ODf7DAeTIerY=
[Licensing::Module] Successfully connected to LicensingClient on channel: "LicenseClient-laiet-6000.6.0" (connect: 0.00s, validation: 0.00s, handshake: 0.02s)
[Licensing::IpcConnector] Successfully connected to: "LicenseClient-laiet-6000.6.0-notifications" at "2026-09-19T15:08:12.4520852Z"
[Licensing::Module] Licensing Background thread has ended after 0.10s

COMMAND LINE ARGUMENTS:
C:\Program Files\Unity\Hub\Editor\6000.6.0f1\Editor\Unity.exe
-adb2
-batchMode
-noUpm
-name
AssetImportWorkerHW1
-projectPath
C:/Users/laiet/Desktop/Projects/bus-driver/BusDriver
-logFile
Logs/AssetImportWorkerHW1.log
-srvPort
64994
-parentPid
13432
-analyticsCloudUserId
3573732810916
-analyticsLocalProjectId
9bb8911c4fbd0cd49aed397f86ff2d8a
-editorAnalyticsEnabled
1
-cbmEditorLicense
cee8404d656a25eda48dfaf9880f2cb50a205b1c
-cbmMachineId
HCb8288S53yk6J8ODf7DAeTIerY=
-noDiagnosticSwitchPersistentStore
-job-worker-count
9
-background-job-worker-count
8
-asset-garbage-collectors
1
-force-d3d12
-name
AssetImport
Successfully changed project path to: C:/Users/laiet/Desktop/Projects/bus-driver/BusDriver
C:/Users/laiet/Desktop/Projects/bus-driver/BusDriver
[UnityMemory] Configuration Parameters - Can be set up in boot.config
    "memorysetup-temp-allocator-size-gi-baking-worker=262144"
    "memorysetup-temp-allocator-size-gi-baking-worker=262144"
    "memorysetup-temp-allocator-size-gi-baking-worker=262144"
    "memorysetup-temp-allocator-size-gi-baking-worker=262144"
    "memorysetup-temp-allocator-size-gi-baking-worker=262144"
    "memorysetup-temp-allocator-size-nav-mesh-worker=65536"
    "memorysetup-temp-allocator-size-audio-worker=65536"
    "memorysetup-temp-allocator-size-cloud-worker=32768"
    "memorysetup-temp-allocator-size-gfx=262144"
    "memorysetup-remapper-allocator-initial-capacity=32768"
    "memorysetup-temp-allocator-size-preload-manager=33554432"
    "memorysetup-allocator-temp-initial-block-size-main=262144"
    "memorysetup-allocator-temp-initial-block-size-worker=262144"
    "memorysetup-temp-allocator-size-job-worker=262144"
    "memorysetup-temp-allocator-size-background-worker=32768"
    "memorysetup-bucket-allocator-granularity=16"
    "memorysetup-bucket-allocator-bucket-count=8"
    "memorysetup-bucket-allocator-block-size=33554432"
    "memorysetup-bucket-allocator-block-count=8"
    "memorysetup-main-allocator-block-size=16777216"
    "memorysetup-thread-allocator-block-size=16777216"
    "memorysetup-main-allocator-mimalloc-enabled=1"
    "memorysetup-gfx-main-allocator-block-size=16777216"
    "memorysetup-gfx-thread-allocator-block-size=16777216"
    "memorysetup-cache-allocator-block-size=4194304"
    "memorysetup-typetree-allocator-block-size=2097152"
    "memorysetup-profiler-bucket-allocator-granularity=16"
    "memorysetup-profiler-bucket-allocator-bucket-count=8"
    "memorysetup-profiler-bucket-allocator-block-size=33554432"
    "memorysetup-profiler-bucket-allocator-block-count=8"
    "memorysetup-profiler-allocator-block-size=16777216"
    "memorysetup-profiler-editor-allocator-block-size=1048576"
    "memorysetup-temp-allocator-size-main=16777216"
    "memorysetup-job-temp-allocator-block-size=2097152"
    "memorysetup-job-temp-allocator-block-size-background=1048576"
    "memorysetup-job-temp-allocator-reduction-small-platforms=262144"
Player connection [31336]  Target information:

Player connection [31336]  * "[IP] 10.24.32.72 [Port] 0 [Flags] 2 [Guid] 681539978 [EditorId] 681539978 [Version] 1048832 [Id] WindowsEditor(7,EthanLai_Laptop) [Debug] 1 [PackageName] WindowsEditor [ProjectName] Editor" 

Player connection [31336] Host joined multi-casting on [225.0.0.222:54997]...
Player connection [31336] Host joined alternative multi-casting on [225.0.0.222:34997]...
JobSystem: Creating JobQueue using job-worker-count value 9
Input System module state changed to: Initialized.
[Physics::Module] Initialized fallback backend.
[Physics::Module] Id: 0xdecafbad
Library Redirect Path: Library/
[Physics::Module] Selected backend.
[Physics::Module] Name: PhysX
[Physics::Module] Id: 0xf2b8ea05
[Physics::Module] SDK Version: 4.1.2
[Physics::Module] Integration Version: 1.0.0
[Physics::Module] Threading Mode: Multi-Threaded
Refreshing native plugins compatible for Editor in 7.38 ms, found 4 plugins.
Initialize engine version: 6000.6.0f1 (f7f8ed4d1e24)
[EntityIdStore] init: VM path (explicit commit), pageSize=4096, blockCount=1048576, entitiesPerBlock=256, slots reserved=4294967296 bytes
[Subsystems] Discovering subsystems at path C:/Program Files/Unity/Hub/Editor/6000.6.0f1/Editor/Data/Resources/UnitySubsystems
[Subsystems] Discovering subsystems at path C:/Users/laiet/Desktop/Projects/bus-driver/BusDriver/Assets
Forcing GfxDevice: Direct3D 12
GfxDevice: creating device client; kGfxThreadingModeNonThreaded
d3d12: failed to query info queue interface (0x80004002).
Direct3D:
    Version:         Direct3D 12 [level 12.2]
    Renderer:        NVIDIA GeForce RTX 4070 Laptop GPU (ID=0x2820)
    Vendor:          NVIDIA
    VRAM:            7948 MB
    App VRAM Budget: 7180 MB
    Driver:          32.0.15.6607
Initialize mono
Mono path[0] = 'C:/Program Files/Unity/Hub/Editor/6000.6.0f1/Editor/Data/Managed'
Mono path[1] = 'C:/Program Files/Unity/Hub/Editor/6000.6.0f1/Editor/Data/BCLExtensions/runtime/netstandard2.1'
Mono path[2] = 'C:/Program Files/Unity/Hub/Editor/6000.6.0f1/Editor/Data/MonoBleedingEdge/lib/mono/unityjit-win32'
Mono config path = 'C:/Program Files/Unity/Hub/Editor/6000.6.0f1/Editor/Data/MonoBleedingEdge/etc'
Using monoOptions --debugger-agent=transport=dt_socket,embedding=1,server=y,suspend=n,address=127.0.0.1:56332
CodeReloadManager initialized
Begin MonoManager ReloadAssembly
Registering precompiled unity dll's ...
Register platform support module: C:/Program Files/Unity/Hub/Editor/6000.6.0f1/Editor/Data/PlaybackEngines/WindowsStandaloneSupport/UnityEditor.WindowsStandalone.Extensions.dll
Registered in 0.003351 seconds.
Native extension for WindowsStandalone target not found
Package Manager log level set to [2]
[Package Manager] Failed to launch server process. Reason: Unity was launched with the -noUpm command-line argument
[Package Manager] Unable to send message (not connected to server process).
[Package Manager] Cannot connect to Unity Package Manager local server
ScheduleIndexationOnStartup MainProcess:False IndexOnStartup:True
Scripting: successfully reloaded assembly
- Finished resetting the current domain, in  1.305 seconds
Domain Reload Profiling: 2601ms
	BeginReloadAssembly (342ms)
	RebuildCommonClasses (11ms)
	RebuildNativeTypeToScriptingClass (35ms)
	initialDomainReloadingComplete (138ms)
	LoadAllAssembliesAndSetupDomain (767ms)
		LoadAssemblies (336ms)
		TypeCache.Refresh (518ms)
			TypeCache.ScanAssembly (485ms)
		AnalyzeDomain (2ms)
	FinalizeReload (1307ms)
		SetupLoadedEditorAssemblies (0ms)
			LogAssemblyErrors (3ms)
			InitializePlatformSupportModulesInManaged (5ms)
			BeforeProcessingInitializeOnLoad (331ms)
			ProcessInitializeOnLoadAttributes (263ms)
			ProcessInitializeOnLoadMethodAttributes (498ms)
Initializing Unity extensions:
[Licensing::Client] Successfully resolved entitlement details
[Licensing::Module] License group:
  Id: F4-3WKU-2EDZ-P6WP-CPPR-XXXX
  Product: Unity Personal
  Type: ULF
  Expiration: Unlimited
========================================================================
Worker process is ready to serve import requests
Import Worker Mode flag is 0x00
Begin MonoManager ReloadAssembly
'Packages/com.unity.render-pipelines.core/Editor/Deprecated.cs' contains partial class of Unity.Object, exactly 1 of the partial classes needs to be in a file with the same filename. This is to know the one that can be referenced from ie. GameObjects
'Packages/com.unity.render-pipelines.core/Editor/Deprecated.cs' contains partial class of Unity.Object, exactly 1 of the partial classes needs to be in a file with the same filename. This is to know the one that can be referenced from ie. GameObjects
Refreshing native plugins compatible for Editor in 5.10 ms, found 4 plugins.
Native extension for WindowsStandalone target not found
[Package Manager] Failed to launch server process. Reason: Unity was launched with the -noUpm command-line argument
[Package Manager] Unable to send message (not connected to server process).
[Package Manager] Cannot connect to Unity Package Manager local server
[Package Manager] Failed to launch server process. Reason: Unity was launched with the -noUpm command-line argument
[Package Manager] Unable to send message (not connected to server process).
[Package Manager] Cannot connect to Unity Package Manager local server
ScheduleIndexationOnStartup MainProcess:False IndexOnStartup:True
Scripting: successfully reloaded assembly
- Finished resetting the current domain, in  1.564 seconds
Domain Reload Profiling: 3792ms
	BeginReloadAssembly (568ms)
		DisableScriptedObjects (22ms)
		CreateAndSetChildDomain (63ms)
	RebuildCommonClasses (35ms)
	RebuildNativeTypeToScriptingClass (49ms)
	initialDomainReloadingComplete (167ms)
	LoadAllAssembliesAndSetupDomain (1407ms)
		LoadAssemblies (792ms)
		TypeCache.Refresh (406ms)
			TypeCache.ScanAssembly (381ms)
		AnalyzeDomain (195ms)
			BuildScriptInfoCaches (179ms)
			ResolveRequiredComponents (12ms)
	FinalizeReload (1566ms)
		SetupLoadedEditorAssemblies (0ms)
			LogAssemblyErrors (5ms)
			InitializePlatformSupportModulesInManaged (3ms)
			BeforeProcessingInitializeOnLoad (206ms)
			ProcessInitializeOnLoadAttributes (562ms)
			ProcessInitializeOnLoadMethodAttributes (165ms)
			AfterProcessingInitializeOnLoad (10ms)
		AwakeInstancesAfterBackupRestoration (14ms)
AcceleratorClientConnectionCallback - disconnected - :0
Launched and connected shader compiler UnityShaderCompiler.exe after 0.02 seconds
Refreshing native plugins compatible for Editor in 2.81 ms, found 4 plugins.
Unloading 63 Unused Serialized files (Serialized files now loaded: 0)
Unloading 6625 unused Assets / (10.4 MB). Loaded Objects now: 7466.
Memory consumption went from 335.8 MB to 325.4 MB.
Total: 14.659000 ms (FindLiveObjects: 0.977900 ms CreateObjectMapping: 0.726300 ms MarkObjects: 8.759900 ms  DeleteObjects: 3.768000 ms)

========================================================================
Received Import Request.
  Time of request: 2026-09-19T15:08:23.9513832Z
  Time since last request: 365763.73714039998595 seconds.
  importAddress: GUID: dc310e3d65493434fbd4ee114db86a19 - Path: Packages/com.unity.collab-proxy/Editor/Diff/Asset/Diff/UnityObject/FileIdReader.cs - Importer: ScriptedImporter/UnityEditor.QuickSearchModule:UnityEditor.Search:ASIAI0B
Importing 'GUID: dc310e3d65493434fbd4ee114db86a19 - Path: Packages/com.unity.collab-proxy/Editor/Diff/Asset/Diff/UnityObject/FileIdReader.cs - Importer: ScriptedImporter/UnityEditor.QuickSearchModule:UnityEditor.Search:ASIAI0B' with importer (ScriptedImporter : UnityEditor.QuickSearchModule:UnityEditor.Search:ASIAI0B)
Imported 'GUID: dc310e3d65493434fbd4ee114db86a19' -> (Import Result ID: '5e435f40b68985712d559ec084dbe02c') in 0.246 seconds [static and dynamic dependencies]. Details - ImportResultOutputID=1dc44f639d6cd2120a9ed2cc6624dff5 DependenciesID=40c63065194bb528e03acd278bae4703 StaticDependenciesID=db8d57fdf2f74a833b4f600d92521289 
Number of updated asset objects reloaded before import = 0
Number of asset objects unloaded after import = 0
========================================================================
Received Import Request.
  Time of request: 2026-09-19T15:08:24.222532Z
  Time since last request: 0.000492 seconds.
  importAddress: GUID: 89b3139f91265476ca27e556676deaaa - Path: Packages/com.unity.collab-proxy/Editor/Diff/Asset/Diff/Search/PropertyDiffSearchIndex.cs - Importer: ScriptedImporter/UnityEditor.QuickSearchModule:UnityEditor.Search:ASIAI0B
Importing 'GUID: 89b3139f91265476ca27e556676deaaa - Path: Packages/com.unity.collab-proxy/Editor/Diff/Asset/Diff/Search/PropertyDiffSearchIndex.cs - Importer: ScriptedImporter/UnityEditor.QuickSearchModule:UnityEditor.Search:ASIAI0B' with importer (ScriptedImporter : UnityEditor.QuickSearchModule:UnityEditor.Search:ASIAI0B)
Imported 'GUID: 89b3139f91265476ca27e556676deaaa' -> (Import Result ID: '03426809f2c2f719ef006d8b6d6f8876') in 0.004 seconds [static and dynamic dependencies]. Details - ImportResultOutputID=d96598254fefcb1cf956680ccc2c1070 DependenciesID=72c92b60c9de393ebd74dce331533dd3 StaticDependenciesID=05b03e1dc94de4840b19eb6dfdb49328 
Number of updated asset objects reloaded before import = 0
Number of asset objects unloaded after import = 0
========================================================================
Received Import Request.
  Time of request: 2026-09-19T15:08:24.2601201Z
  Time since last request: 0.0030858 seconds.
  importAddress: GUID: a7096a557efd546c09f08a5d12fb1a43 - Path: Packages/com.unity.collab-proxy/Editor/Diff/Asset/Diff/Meta/MetaFileDiffs.cs - Importer: ScriptedImporter/UnityEditor.QuickSearchModule:UnityEditor.Search:ASIAI0B
Importing 'GUID: a7096a557efd546c09f08a5d12fb1a43 - Path: Packages/com.unity.collab-proxy/Editor/Diff/Asset/Diff/Meta/MetaFileDiffs.cs - Importer: ScriptedImporter/UnityEditor.QuickSearchModule:UnityEditor.Search:ASIAI0B' with importer (ScriptedImporter : UnityEditor.QuickSearchModule:UnityEditor.Search:ASIAI0B)
Imported 'GUID: a7096a557efd546c09f08a5d12fb1a43' -> (Import Result ID: '13191a9421ee0625792f1d86ce188fe0') in 0.004 seconds [static and dynamic dependencies]. Details - ImportResultOutputID=884a3c0e437a31cda32c88a340172bef DependenciesID=ec0eeb7ffd76131da7dabcd26c13b277 StaticDependenciesID=eaadc392498f0907d76588b74ad62896 
Number of updated asset objects reloaded before import = 0
Number of asset objects unloaded after import = 0
========================================================================
Received Import Request.
  Time of request: 2026-09-19T15:08:24.2851653Z
  Time since last request: 0.0026794 seconds.
  importAddress: GUID: c51db94de72c446c9a3f5e6752c3cc3b - Path: Packages/com.unity.collab-proxy/Editor/Diff/Asset/Diff/Property/PropertyDiffNode.cs - Importer: ScriptedImporter/UnityEditor.QuickSearchModule:UnityEditor.Search:ASIAI0B
Importing 'GUID: c51db94de72c446c9a3f5e6752c3cc3b - Path: Packages/com.unity.collab-proxy/Editor/Diff/Asset/Diff/Property/PropertyDiffNode.cs - Importer: ScriptedImporter/UnityEditor.QuickSearchModule:UnityEditor.Search:ASIAI0B' with importer (ScriptedImporter : UnityEditor.QuickSearchModule:UnityEditor.Search:ASIAI0B)
Imported 'GUID: c51db94de72c446c9a3f5e6752c3cc3b' -> (Import Result ID: '98669f27cbf6a715ee5b545a28c6ab72') in 0.005 seconds [static and dynamic dependencies]. Details - ImportResultOutputID=e115f783cfc7665ad583cf9e3c503450 DependenciesID=657be2f46823813e4ed010db273ce167 StaticDependenciesID=19a3f46500fae6afc4a434856b0b07c5 
Number of updated asset objects reloaded before import = 0
Number of asset objects unloaded after import = 0
========================================================================
Received Import Request.
  Time of request: 2026-09-19T15:08:24.3192458Z
  Time since last request: 0.0008779 seconds.
  importAddress: GUID: 30ee8c95d04f4c29864412b78f8ae8ab - Path: Packages/com.unity.collab-proxy/Editor/Diff/Asset/Diff/UnityObject/ObjectDiffSorting.cs - Importer: ScriptedImporter/UnityEditor.QuickSearchModule:UnityEditor.Search:ASIAI0B
Importing 'GUID: 30ee8c95d04f4c29864412b78f8ae8ab - Path: Packages/com.unity.collab-proxy/Editor/Diff/Asset/Diff/UnityObject/ObjectDiffSorting.cs - Importer: ScriptedImporter/UnityEditor.QuickSearchModule:UnityEditor.Search:ASIAI0B' with importer (ScriptedImporter : UnityEditor.QuickSearchModule:UnityEditor.Search:ASIAI0B)
Imported 'GUID: 30ee8c95d04f4c29864412b78f8ae8ab' -> (Import Result ID: '36c67fc38239a043cf373c8cf4a25962') in 0.003 seconds [static and dynamic dependencies]. Details - ImportResultOutputID=dae22099908a8c0e5a687295c1e68358 DependenciesID=2c48bd029c96de7baea4b67c6e46f430 StaticDependenciesID=f9791349d1a2d1538432411623f68f8e 
Number of updated asset objects reloaded before import = 0
Number of asset objects unloaded after import = 0
========================================================================
Received Import Request.
  Time of request: 2026-09-19T15:08:24.3495324Z
  Time since last request: 0.0007905 seconds.
  importAddress: GUID: 4f44bcd033dc4c30a0456a2cc9a47818 - Path: Packages/com.unity.collab-proxy/Editor/Diff/Asset/Diff/Property/PropertyDiffs.cs - Importer: ScriptedImporter/UnityEditor.QuickSearchModule:UnityEditor.Search:ASIAI0B
Importing 'GUID: 4f44bcd033dc4c30a0456a2cc9a47818 - Path: Packages/com.unity.collab-proxy/Editor/Diff/Asset/Diff/Property/PropertyDiffs.cs - Importer: ScriptedImporter/UnityEditor.QuickSearchModule:UnityEditor.Search:ASIAI0B' with importer (ScriptedImporter : UnityEditor.QuickSearchModule:UnityEditor.Search:ASIAI0B)
Imported 'GUID: 4f44bcd033dc4c30a0456a2cc9a47818' -> (Import Result ID: 'c9202f293317d85c4740cd372171e858') in 0.004 seconds [static and dynamic dependencies]. Details - ImportResultOutputID=ccb422a282a0c9af63eb95b109f1fe28 DependenciesID=fced1a606ac62e27189fa370cf943681 StaticDependenciesID=bcfdf7162eba2e38235b134290a90f8c 
Number of updated asset objects reloaded before import = 0
Number of asset objects unloaded after import = 0
========================================================================
Received Import Request.
  Time of request: 2026-09-19T15:08:24.374951Z
  Time since last request: 0.0008291 seconds.
  importAddress: GUID: 7e76dfb34c2145fbb3b128aa04febf80 - Path: Packages/com.unity.collab-proxy/Editor/Diff/Asset/Common/UnityObject/HierarchyOrderSorting.cs - Importer: ScriptedImporter/UnityEditor.QuickSearchModule:UnityEditor.Search:ASIAI0B
Importing 'GUID: 7e76dfb34c2145fbb3b128aa04febf80 - Path: Packages/com.unity.collab-proxy/Editor/Diff/Asset/Common/UnityObject/HierarchyOrderSorting.cs - Importer: ScriptedImporter/UnityEditor.QuickSearchModule:UnityEditor.Search:ASIAI0B' with importer (ScriptedImporter : UnityEditor.QuickSearchModule:UnityEditor.Search:ASIAI0B)
Imported 'GUID: 7e76dfb34c2145fbb3b128aa04febf80' -> (Import Result ID: '83e638b2439611adca6f50edd0ee7391') in 0.003 seconds [static and dynamic dependencies]. Details - ImportResultOutputID=cca060ae558c9257e71e24ed1dc86650 DependenciesID=3501af8ce16e163c667345f96ab96103 StaticDependenciesID=c876ab9f3cacd447e8ae81bd6ec33478 
Number of updated asset objects reloaded before import = 0
Number of asset objects unloaded after import = 0
========================================================================
Received Import Request.
  Time of request: 2026-09-19T15:08:24.397274Z
  Time since last request: 0.0005285 seconds.
  importAddress: GUID: 36c9ccdf0df04c64a5a41ffbb2a66e8e - Path: Packages/com.unity.collab-proxy/Editor/Diff/Asset/Common/UnityObject/SceneRootsReader.cs - Importer: ScriptedImporter/UnityEditor.QuickSearchModule:UnityEditor.Search:ASIAI0B
Importing 'GUID: 36c9ccdf0df04c64a5a41ffbb2a66e8e - Path: Packages/com.unity.collab-proxy/Editor/Diff/Asset/Common/UnityObject/SceneRootsReader.cs - Importer: ScriptedImporter/UnityEditor.QuickSearchModule:UnityEditor.Search:ASIAI0B' with importer (ScriptedImporter : UnityEditor.QuickSearchModule:UnityEditor.Search:ASIAI0B)
Imported 'GUID: 36c9ccdf0df04c64a5a41ffbb2a66e8e' -> (Import Result ID: '760faaaf104b921eebee7939250ad837') in 0.004 seconds [static and dynamic dependencies]. Details - ImportResultOutputID=8ed25604e51fc07bb037291c75932310 DependenciesID=c9f21c6fe23d67836579bda3fae8025b StaticDependenciesID=97a7776b35894d8a7984e5a9a7805226 
Number of updated asset objects reloaded before import = 0
Number of asset objects unloaded after import = 0
========================================================================
Received Import Request.
  Time of request: 2026-09-19T15:08:24.4184749Z
  Time since last request: 0.0006933 seconds.
  importAddress: GUID: 96b536fd344e43cfbc9a81e3c6f151a0 - Path: Packages/com.unity.collab-proxy/Editor/Diff/Asset/Diff/UnityObject/DataLossDetection.cs - Importer: ScriptedImporter/UnityEditor.QuickSearchModule:UnityEditor.Search:ASIAI0B
Importing 'GUID: 96b536fd344e43cfbc9a81e3c6f151a0 - Path: Packages/com.unity.collab-proxy/Editor/Diff/Asset/Diff/UnityObject/DataLossDetection.cs - Importer: ScriptedImporter/UnityEditor.QuickSearchModule:UnityEditor.Search:ASIAI0B' with importer (ScriptedImporter : UnityEditor.QuickSearchModule:UnityEditor.Search:ASIAI0B)
Imported 'GUID: 96b536fd344e43cfbc9a81e3c6f151a0' -> (Import Result ID: '3d64db17732f21a73cac023599499868') in 0.003 seconds [static and dynamic dependencies]. Details - ImportResultOutputID=6763fae05a827f9c4ba29214a4b3f0e3 DependenciesID=d08da02c6c463134bc342780823fc633 StaticDependenciesID=25c8fd74a9dbb619a130888ad3edb2b4 
Number of updated asset objects reloaded before import = 0
Number of asset objects unloaded after import = 0
========================================================================
Received Import Request.
  Time of request: 2026-09-19T15:08:24.43984Z
  Time since last request: 0.000634 seconds.
  importAddress: GUID: 48e3a3df6bca4ea4eadc40cb1540e43d - Path: Packages/com.unity.collab-proxy/Editor/Views/Merge/Developer/MergeOptionsDialog.cs - Importer: ScriptedImporter/UnityEditor.QuickSearchModule:UnityEditor.Search:ASIAI0B
Importing 'GUID: 48e3a3df6bca4ea4eadc40cb1540e43d - Path: Packages/com.unity.collab-proxy/Editor/Views/Merge/Developer/MergeOptionsDialog.cs - Importer: ScriptedImporter/UnityEditor.QuickSearchModule:UnityEditor.Search:ASIAI0B' with importer (ScriptedImporter : UnityEditor.QuickSearchModule:UnityEditor.Search:ASIAI0B)
Imported 'GUID: 48e3a3df6bca4ea4eadc40cb1540e43d' -> (Import Result ID: '984a52f9f11835ded54465e326ab9ca2') in 0.007 seconds [static and dynamic dependencies]. Details - ImportResultOutputID=a092329bcc88e991f633664a3ff9c29f DependenciesID=d2ee1f45cbd44cf2823999187b8dad9b StaticDependenciesID=6a785f233ab45ef7d8f5fd6e04e832c4 
Number of updated asset objects reloaded before import = 0
Number of asset objects unloaded after import = 0
========================================================================
Received Import Request.
  Time of request: 2026-09-19T15:08:24.4653655Z
  Time since last request: 0.0006631 seconds.
  importAddress: GUID: 8c2f1ab3d4e5f64a9b7c0d1e2f3a4b5c - Path: Packages/com.unity.collab-proxy/Editor/Diff/Asset/Common/Property/AnimationClipCurveLabels.cs - Importer: ScriptedImporter/UnityEditor.QuickSearchModule:UnityEditor.Search:ASIAI0B
Importing 'GUID: 8c2f1ab3d4e5f64a9b7c0d1e2f3a4b5c - Path: Packages/com.unity.collab-proxy/Editor/Diff/Asset/Common/Property/AnimationClipCurveLabels.cs - Importer: ScriptedImporter/UnityEditor.QuickSearchModule:UnityEditor.Search:ASIAI0B' with importer (ScriptedImporter : UnityEditor.QuickSearchModule:UnityEditor.Search:ASIAI0B)
Imported 'GUID: 8c2f1ab3d4e5f64a9b7c0d1e2f3a4b5c' -> (Import Result ID: 'cebe8f1a2c7025ceae2c84dab45859f4') in 0.003 seconds [static and dynamic dependencies]. Details - ImportResultOutputID=b2ea442cec75f2e3d8b579bc1b57ebd7 DependenciesID=30d9fc56bef084a4707154937d7fc178 StaticDependenciesID=d3609b3a3270b75018e1bee062f29140 
Number of updated asset objects reloaded before import = 0
Number of asset objects unloaded after import = 0
========================================================================
Received Import Request.
  Time of request: 2026-09-19T15:08:24.4901119Z
  Time since last request: 0.0007015 seconds.
  importAddress: GUID: c0821447a35700c4280782d1092cf4c5 - Path: Packages/com.unity.collab-proxy/Editor/Views/Merge/Gluon/IncomingChangesTreeHeaderState.cs - Importer: ScriptedImporter/UnityEditor.QuickSearchModule:UnityEditor.Search:ASIAI0B
Importing 'GUID: c0821447a35700c4280782d1092cf4c5 - Path: Packages/com.unity.collab-proxy/Editor/Views/Merge/Gluon/IncomingChangesTreeHeaderState.cs - Importer: ScriptedImporter/UnityEditor.QuickSearchModule:UnityEditor.Search:ASIAI0B' with importer (ScriptedImporter : UnityEditor.QuickSearchModule:UnityEditor.Search:ASIAI0B)
Imported 'GUID: c0821447a35700c4280782d1092cf4c5' -> (Import Result ID: 'c185cb026ef720d4473c91e72d227ca2') in 0.003 seconds [static and dynamic dependencies]. Details - ImportResultOutputID=581eff9e0eb0b6c858afe936bf118ee2 DependenciesID=894803ad9d4de36924058120367da032 StaticDependenciesID=8058765249b83d03278ee4b383a8007d 
Number of updated asset objects reloaded before import = 0
Number of asset objects unloaded after import = 0
========================================================================
Received Import Request.
  Time of request: 2026-09-19T15:08:24.5091987Z
  Time since last request: 0.00066 seconds.
  importAddress: GUID: 7f2f2eb277e02054cbc5ccee904b593b - Path: Packages/com.unity.collab-proxy/Editor/Views/Merge/Gluon/IncomingChangesTreeView.cs - Importer: ScriptedImporter/UnityEditor.QuickSearchModule:UnityEditor.Search:ASIAI0B
Importing 'GUID: 7f2f2eb277e02054cbc5ccee904b593b - Path: Packages/com.unity.collab-proxy/Editor/Views/Merge/Gluon/IncomingChangesTreeView.cs - Importer: ScriptedImporter/UnityEditor.QuickSearchModule:UnityEditor.Search:ASIAI0B' with importer (ScriptedImporter : UnityEditor.QuickSearchModule:UnityEditor.Search:ASIAI0B)
Imported 'GUID: 7f2f2eb277e02054cbc5ccee904b593b' -> (Import Result ID: '71c60ce5ae8d6619fef2cf0ac98140d9') in 0.005 seconds [static and dynamic dependencies]. Details - ImportResultOutputID=ff8c7013eda4d74dc79be53378e37e13 DependenciesID=b0395ae1ab3eadbe60391d4cb04bd9a3 StaticDependenciesID=f2b4bf3b070c0cf9637013c898353f83 
Number of updated asset objects reloaded before import = 0
Number of asset objects unloaded after import = 0
========================================================================
Received Import Request.
  Time of request: 2026-09-19T15:08:24.5286401Z
  Time since last request: 0.0005826 seconds.
  importAddress: GUID: 4b00ba0e9b00a43229c0589749f0cf25 - Path: Packages/com.unity.collab-proxy/Editor/Diff/Asset/Content/Filtering/ObjectContentOptions.cs - Importer: ScriptedImporter/UnityEditor.QuickSearchModule:UnityEditor.Search:ASIAI0B
Importing 'GUID: 4b00ba0e9b00a43229c0589749f0cf25 - Path: Packages/com.unity.collab-proxy/Editor/Diff/Asset/Content/Filtering/ObjectContentOptions.cs - Importer: ScriptedImporter/UnityEditor.QuickSearchModule:UnityEditor.Search:ASIAI0B' with importer (ScriptedImporter : UnityEditor.QuickSearchModule:UnityEditor.Search:ASIAI0B)
Imported 'GUID: 4b00ba0e9b00a43229c0589749f0cf25' -> (Import Result ID: '4f79f7fda6b0cfb3c8844b6a907331b5') in 0.003 seconds [static and dynamic dependencies]. Details - ImportResultOutputID=29de7a36781d8112e5e19a16a154592b DependenciesID=443da0f930add0c7d76bb8fecf9e86bc StaticDependenciesID=77fb74664ede402442f2bdd73b5b0660 
Number of updated asset objects reloaded before import = 0
Number of asset objects unloaded after import = 0
========================================================================
Received Import Request.
  Time of request: 2026-09-19T15:08:24.5489992Z
  Time since last request: 0.0004901 seconds.
  importAddress: GUID: 54e0e46a04464397b85f0fd0f73f9d33 - Path: Packages/com.unity.collab-proxy/Editor/Diff/Asset/Common/Property/PropertyTreeNode.cs - Importer: ScriptedImporter/UnityEditor.QuickSearchModule:UnityEditor.Search:ASIAI0B
Importing 'GUID: 54e0e46a04464397b85f0fd0f73f9d33 - Path: Packages/com.unity.collab-proxy/Editor/Diff/Asset/Common/Property/PropertyTreeNode.cs - Importer: ScriptedImporter/UnityEditor.QuickSearchModule:UnityEditor.Search:ASIAI0B' with importer (ScriptedImporter : UnityEditor.QuickSearchModule:UnityEditor.Search:ASIAI0B)
Imported 'GUID: 54e0e46a04464397b85f0fd0f73f9d33' -> (Import Result ID: 'e3bcd54465213a9bb6a1d1a6a94b4d19') in 0.003 seconds [static and dynamic dependencies]. Details - ImportResultOutputID=89cf03c5376be9d03932b7defd81f62c DependenciesID=f88108d28b79320c792f2a6d93f10c3d StaticDependenciesID=a6d6285d53218d32cba7dad13829dd5a 
Number of updated asset objects reloaded before import = 0
Number of asset objects unloaded after import = 0
========================================================================
Received Import Request.
  Time of request: 2026-09-19T15:08:24.5685011Z
  Time since last request: 0.0006284 seconds.
  importAddress: GUID: 1505aa96e5fd82940aacd76e6431e79d - Path: Packages/com.unity.collab-proxy/Editor/Views/PendingChanges/Changelists/ChangelistMenu.cs - Importer: ScriptedImporter/UnityEditor.QuickSearchModule:UnityEditor.Search:ASIAI0B
Importing 'GUID: 1505aa96e5fd82940aacd76e6431e79d - Path: Packages/com.unity.collab-proxy/Editor/Views/PendingChanges/Changelists/ChangelistMenu.cs - Importer: ScriptedImporter/UnityEditor.QuickSearchModule:UnityEditor.Search:ASIAI0B' with importer (ScriptedImporter : UnityEditor.QuickSearchModule:UnityEditor.Search:ASIAI0B)
Imported 'GUID: 1505aa96e5fd82940aacd76e6431e79d' -> (Import Result ID: '4078b69cc70ccfbd99f0289901cd00b1') in 0.004 seconds [static and dynamic dependencies]. Details - ImportResultOutputID=55991360914a71d079f5042cf21e25fd DependenciesID=1037f3f7c9f8738b0c336cf6ff844246 StaticDependenciesID=39b0b453fc49a3763ca4ec873e5e9d1c 
Number of updated asset objects reloaded before import = 0
Number of asset objects unloaded after import = 0
========================================================================
Received Import Request.
  Time of request: 2026-09-19T15:08:24.5926244Z
  Time since last request: 0.0007439 seconds.
  importAddress: GUID: d26996aad4c14674bb5bc7a9b6704930 - Path: Packages/com.unity.collab-proxy/Editor/Diff/Asset/Common/Property/PropertyTreeWalker.cs - Importer: ScriptedImporter/UnityEditor.QuickSearchModule:UnityEditor.Search:ASIAI0B
Importing 'GUID: d26996aad4c14674bb5bc7a9b6704930 - Path: Packages/com.unity.collab-proxy/Editor/Diff/Asset/Common/Property/PropertyTreeWalker.cs - Importer: ScriptedImporter/UnityEditor.QuickSearchModule:UnityEditor.Search:ASIAI0B' with importer (ScriptedImporter : UnityEditor.QuickSearchModule:UnityEditor.Search:ASIAI0B)
Imported 'GUID: d26996aad4c14674bb5bc7a9b6704930' -> (Import Result ID: '7272bcfe57aeea7cde07f5672f9de26d') in 0.004 seconds [static and dynamic dependencies]. Details - ImportResultOutputID=b778e43ea47089c2a70f14da43472b32 DependenciesID=ab3121c01e5356ff55c53e1d28a2bccc StaticDependenciesID=3ea11f3c551cc692f91742c91bff51ae 
Number of updated asset objects reloaded before import = 0
Number of asset objects unloaded after import = 0
========================================================================
Received Import Request.
  Time of request: 2026-09-19T15:08:24.6158367Z
  Time since last request: 0.0006605 seconds.
  importAddress: GUID: 49b91d95e97c47a49b9234bc11be2413 - Path: Packages/com.unity.collab-proxy/Editor/Diff/Asset/Diff/UnityObject/NameMatchedDiffs.cs - Importer: ScriptedImporter/UnityEditor.QuickSearchModule:UnityEditor.Search:ASIAI0B
Importing 'GUID: 49b91d95e97c47a49b9234bc11be2413 - Path: Packages/com.unity.collab-proxy/Editor/Diff/Asset/Diff/UnityObject/NameMatchedDiffs.cs - Importer: ScriptedImporter/UnityEditor.QuickSearchModule:UnityEditor.Search:ASIAI0B' with importer (ScriptedImporter : UnityEditor.QuickSearchModule:UnityEditor.Search:ASIAI0B)
Imported 'GUID: 49b91d95e97c47a49b9234bc11be2413' -> (Import Result ID: '6b9ea29fbf32d852082424ab126b9132') in 0.004 seconds [static and dynamic dependencies]. Details - ImportResultOutputID=3484e8a4cacd81e5ffe27d3797730b90 DependenciesID=e27fb95280bf5e3adbe25d2f1d96916d StaticDependenciesID=36c7b1cd96a2414764afcc2819bc2cda 
Number of updated asset objects reloaded before import = 0
Number of asset objects unloaded after import = 0
========================================================================
Received Import Request.
  Time of request: 2026-09-19T15:08:24.6382099Z
  Time since last request: 0.0006202 seconds.
  importAddress: GUID: 6fb9548ec1290b943b7beca241c81e7d - Path: Packages/com.unity.collab-proxy/Editor/Views/Merge/Gluon/UnityIncomingChangesTree.cs - Importer: ScriptedImporter/UnityEditor.QuickSearchModule:UnityEditor.Search:ASIAI0B
Importing 'GUID: 6fb9548ec1290b943b7beca241c81e7d - Path: Packages/com.unity.collab-proxy/Editor/Views/Merge/Gluon/UnityIncomingChangesTree.cs - Importer: ScriptedImporter/UnityEditor.QuickSearchModule:UnityEditor.Search:ASIAI0B' with importer (ScriptedImporter : UnityEditor.QuickSearchModule:UnityEditor.Search:ASIAI0B)
Imported 'GUID: 6fb9548ec1290b943b7beca241c81e7d' -> (Import Result ID: 'b326330d5491c517982535aa4e38d24c') in 0.003 seconds [static and dynamic dependencies]. Details - ImportResultOutputID=53fbd70c5e5b1db142c8c989c3072c2a DependenciesID=89851106701451ecfb9469d9ad8df783 StaticDependenciesID=9662e4b497de7f67adfed8c7d986c6c1 
Number of updated asset objects reloaded before import = 0
Number of asset objects unloaded after import = 0
========================================================================
Received Import Request.
  Time of request: 2026-09-19T15:08:24.6705661Z
  Time since last request: 0.012128 seconds.
  importAddress: GUID: 065cbcefa4134632ae7680ab429e988f - Path: Packages/com.unity.collab-proxy/Editor/Views/BranchExplorer/Drawing/Shapes/LabelShape.cs - Importer: ScriptedImporter/UnityEditor.QuickSearchModule:UnityEditor.Search:ASIAI0B
Importing 'GUID: 065cbcefa4134632ae7680ab429e988f - Path: Packages/com.unity.collab-proxy/Editor/Views/BranchExplorer/Drawing/Shapes/LabelShape.cs - Importer: ScriptedImporter/UnityEditor.QuickSearchModule:UnityEditor.Search:ASIAI0B' with importer (ScriptedImporter : UnityEditor.QuickSearchModule:UnityEditor.Search:ASIAI0B)
Imported 'GUID: 065cbcefa4134632ae7680ab429e988f' -> (Import Result ID: 'ce5a242e253951a70a4fea4067fb491a') in 0.003 seconds [static and dynamic dependencies]. Details - ImportResultOutputID=903daebf12180298465803886f04cfc1 DependenciesID=c3600034e407ffc0f6f1189b79b94e6d StaticDependenciesID=e94f10d542c609ebb1edfba1fd92cc6d 
Number of updated asset objects reloaded before import = 0
Number of asset objects unloaded after import = 0
========================================================================
Received Import Request.
  Time of request: 2026-09-19T15:08:24.6920877Z
  Time since last request: 0.0008331 seconds.
  importAddress: GUID: e68a46ad78cc4cec9266e64ae51c807f - Path: Packages/com.unity.collab-proxy/Editor/Views/BranchExplorer/Drawing/Shapes/Connections/ShapeConnectionBuilder.cs - Importer: ScriptedImporter/UnityEditor.QuickSearchModule:UnityEditor.Search:ASIAI0B
Importing 'GUID: e68a46ad78cc4cec9266e64ae51c807f - Path: Packages/com.unity.collab-proxy/Editor/Views/BranchExplorer/Drawing/Shapes/Connections/ShapeConnectionBuilder.cs - Importer: ScriptedImporter/UnityEditor.QuickSearchModule:UnityEditor.Search:ASIAI0B' with importer (ScriptedImporter : UnityEditor.QuickSearchModule:UnityEditor.Search:ASIAI0B)
Imported 'GUID: e68a46ad78cc4cec9266e64ae51c807f' -> (Import Result ID: 'fa26e33ac7639f357eae2fb332b3b7a4') in 0.003 seconds [static and dynamic dependencies]. Details - ImportResultOutputID=a1659141990a7d5efad3d876fffd9b8f DependenciesID=b17986ee9a283f54747d7b313439ca21 StaticDependenciesID=bd55e8a6464bd7fadb661af8ec5f2441 
Number of updated asset objects reloaded before import = 0
Number of asset objects unloaded after import = 0
========================================================================
Received Import Request.
  Time of request: 2026-09-19T15:08:24.7128074Z
  Time since last request: 0.0010467 seconds.
  importAddress: GUID: 4a3f57b0c1c9343bf9b378276e7db640 - Path: Packages/com.unity.collab-proxy/Editor/Views/BranchExplorer/Drawing/Shapes/ZIndex.cs - Importer: ScriptedImporter/UnityEditor.QuickSearchModule:UnityEditor.Search:ASIAI0B
Importing 'GUID: 4a3f57b0c1c9343bf9b378276e7db640 - Path: Packages/com.unity.collab-proxy/Editor/Views/BranchExplorer/Drawing/Shapes/ZIndex.cs - Importer: ScriptedImporter/UnityEditor.QuickSearchModule:UnityEditor.Search:ASIAI0B' with importer (ScriptedImporter : UnityEditor.QuickSearchModule:UnityEditor.Search:ASIAI0B)
Imported 'GUID: 4a3f57b0c1c9343bf9b378276e7db640' -> (Import Result ID: 'c763cb08f2e14e80a00bdc388e93a9c0') in 0.003 seconds [static and dynamic dependencies]. Details - ImportResultOutputID=b4cfba413d0d2a99e7b4f33261184736 DependenciesID=237bb71aab0bc7c34bf339c889696d25 StaticDependenciesID=be613c34cb4aaf2c7e369029637df7cd 
Number of updated asset objects reloaded before import = 0
Number of asset objects unloaded after import = 0
========================================================================
Received Import Request.
  Time of request: 2026-09-19T15:08:24.7351415Z
  Time since last request: 0.0010728 seconds.
  importAddress: GUID: 9dd73ad7202d44c7ac002aeb112ff0fa - Path: Packages/com.unity.collab-proxy/Editor/Views/BranchExplorer/Drawing/Shapes/BranchGeometry.cs - Importer: ScriptedImporter/UnityEditor.QuickSearchModule:UnityEditor.Search:ASIAI0B
Importing 'GUID: 9dd73ad7202d44c7ac002aeb112ff0fa - Path: Packages/com.unity.collab-proxy/Editor/Views/BranchExplorer/Drawing/Shapes/BranchGeometry.cs - Importer: ScriptedImporter/UnityEditor.QuickSearchModule:UnityEditor.Search:ASIAI0B' with importer (ScriptedImporter : UnityEditor.QuickSearchModule:UnityEditor.Search:ASIAI0B)
Imported 'GUID: 9dd73ad7202d44c7ac002aeb112ff0fa' -> (Import Result ID: '18f221e6ba93af3e805679bfeb979806') in 0.003 seconds [static and dynamic dependencies]. Details - ImportResultOutputID=a54f053c933ad21d78f0dddb45296bcd DependenciesID=418dd10868bcd9a956e99138a3e6525b StaticDependenciesID=cbde985f335a9345388d3b91bdcf026c 
Number of updated asset objects reloaded before import = 0
Number of asset objects unloaded after import = 0
========================================================================
Received Import Request.
  Time of request: 2026-09-19T15:08:24.7554252Z
  Time since last request: 0.0009423 seconds.
  importAddress: GUID: eeee7e9329f444d229da5621f5ac93b9 - Path: Packages/com.unity.collab-proxy/Lib/Editor/TextMateSharp/Onigwrap/libonigwrap/win-x64/libonigwrap.dll - Importer: ScriptedImporter/UnityEditor.QuickSearchModule:UnityEditor.Search:ASIAI0B
Importing 'GUID: eeee7e9329f444d229da5621f5ac93b9 - Path: Packages/com.unity.collab-proxy/Lib/Editor/TextMateSharp/Onigwrap/libonigwrap/win-x64/libonigwrap.dll - Importer: ScriptedImporter/UnityEditor.QuickSearchModule:UnityEditor.Search:ASIAI0B' with importer (ScriptedImporter : UnityEditor.QuickSearchModule:UnityEditor.Search:ASIAI0B)
Imported 'GUID: eeee7e9329f444d229da5621f5ac93b9' -> (Import Result ID: 'b909236ce2b3f525669ed1a44728b1ba') in 0.026 seconds [static and dynamic dependencies]. Details - ImportResultOutputID=bcc5e64c316405fcb88c7c541ad418a5 DependenciesID=90322c032b6f7201778e239b49073584 StaticDependenciesID=1995950e8796effcd73bf0e1ac80cc9c 
Number of updated asset objects reloaded before import = 0
Number of asset objects unloaded after import = 0
========================================================================
Received Import Request.
  Time of request: 2026-09-19T15:08:24.800207Z
  Time since last request: 0.000732 seconds.
  importAddress: GUID: 946fbb19d382b4367840c2d2b4d944f8 - Path: Packages/com.unity.collab-proxy/Editor/Diff/Image/Views/OnionSkin/OnionSkinView.cs - Importer: ScriptedImporter/UnityEditor.QuickSearchModule:UnityEditor.Search:ASIAI0B
Importing 'GUID: 946fbb19d382b4367840c2d2b4d944f8 - Path: Packages/com.unity.collab-proxy/Editor/Diff/Image/Views/OnionSkin/OnionSkinView.cs - Importer: ScriptedImporter/UnityEditor.QuickSearchModule:UnityEditor.Search:ASIAI0B' with importer (ScriptedImporter : UnityEditor.QuickSearchModule:UnityEditor.Search:ASIAI0B)
Imported 'GUID: 946fbb19d382b4367840c2d2b4d944f8' -> (Import Result ID: '13ae5791fb7ffffd15349af3d501b236') in 0.006 seconds [static and dynamic dependencies]. Details - ImportResultOutputID=90d24761317ffc4359ef7771a8f70db8 DependenciesID=24fe7727581a8d9037631a3bad902299 StaticDependenciesID=54a0f69cf913f413f2b827fd4b62cb6a 
Number of updated asset objects reloaded before import = 0
Number of asset objects unloaded after import = 0
========================================================================
Received Import Request.
  Time of request: 2026-09-19T15:08:24.8245299Z
  Time since last request: 0.0008082 seconds.
  importAddress: GUID: e953ea4cb7dc46e0866cb1b475c70072 - Path: Packages/com.unity.collab-proxy/Editor/Views/BranchExplorer/Drawing/Shapes/Connections/Ellipse.cs - Importer: ScriptedImporter/UnityEditor.QuickSearchModule:UnityEditor.Search:ASIAI0B
Importing 'GUID: e953ea4cb7dc46e0866cb1b475c70072 - Path: Packages/com.unity.collab-proxy/Editor/Views/BranchExplorer/Drawing/Shapes/Connections/Ellipse.cs - Importer: ScriptedImporter/UnityEditor.QuickSearchModule:UnityEditor.Search:ASIAI0B' with importer (ScriptedImporter : UnityEditor.QuickSearchModule:UnityEditor.Search:ASIAI0B)
Imported 'GUID: e953ea4cb7dc46e0866cb1b475c70072' -> (Import Result ID: '467d3228e22a839f3554b082144c0918') in 0.003 seconds [static and dynamic dependencies]. Details - ImportResultOutputID=28f3da9cabc96572d674700b64cae6a9 DependenciesID=fa4a3823301d0bd0a86cb7ba9d5fb6a8 StaticDependenciesID=32a74627a0b9af872a1cba4462b628f5 
Number of updated asset objects reloaded before import = 0
Number of asset objects unloaded after import = 0
========================================================================
Received Import Request.
  Time of request: 2026-09-19T15:08:24.8473934Z
  Time since last request: 0.000557 seconds.
  importAddress: GUID: 239b82026980e4f48a5b4059f9811bcf - Path: Packages/com.unity.collab-proxy/Lib/Editor/TextMateSharp/Onigwrap/libonigwrap/win-arm64/libonigwrap.dll - Importer: ScriptedImporter/UnityEditor.QuickSearchModule:UnityEditor.Search:ASIAI0B
Importing 'GUID: 239b82026980e4f48a5b4059f9811bcf - Path: Packages/com.unity.collab-proxy/Lib/Editor/TextMateSharp/Onigwrap/libonigwrap/win-arm64/libonigwrap.dll - Importer: ScriptedImporter/UnityEditor.QuickSearchModule:UnityEditor.Search:ASIAI0B' with importer (ScriptedImporter : UnityEditor.QuickSearchModule:UnityEditor.Search:ASIAI0B)
Imported 'GUID: 239b82026980e4f48a5b4059f9811bcf' -> (Import Result ID: '961f9f58770455463796200b01b333c0') in 0.006 seconds [static and dynamic dependencies]. Details - ImportResultOutputID=8948050db5524f5c674fb1c2a37bbeb0 DependenciesID=c82d2c4fb076437c5830236d172ba0d9 StaticDependenciesID=050a6795ff2e0509a6ff86b60313069a 
Number of updated asset objects reloaded before import = 0
Number of asset objects unloaded after import = 0
========================================================================
Received Import Request.
  Time of request: 2026-09-19T15:08:24.8715928Z
  Time since last request: 0.0006263 seconds.
  importAddress: GUID: c7d6a678a5bdb45c9b91c35d33ad597d - Path: Packages/com.unity.collab-proxy/Editor/Views/BranchExplorer/Drawing/Shapes/ChangesetCommentShape.cs - Importer: ScriptedImporter/UnityEditor.QuickSearchModule:UnityEditor.Search:ASIAI0B
Importing 'GUID: c7d6a678a5bdb45c9b91c35d33ad597d - Path: Packages/com.unity.collab-proxy/Editor/Views/BranchExplorer/Drawing/Shapes/ChangesetCommentShape.cs - Importer: ScriptedImporter/UnityEditor.QuickSearchModule:UnityEditor.Search:ASIAI0B' with importer (ScriptedImporter : UnityEditor.QuickSearchModule:UnityEditor.Search:ASIAI0B)
Imported 'GUID: c7d6a678a5bdb45c9b91c35d33ad597d' -> (Import Result ID: '18c4789ea112347110679a165c46fd03') in 0.004 seconds [static and dynamic dependencies]. Details - ImportResultOutputID=7bad9f7bac758b4c0d05c23e879a2e59 DependenciesID=749bfae15bf3c599a72faec9c712a25b StaticDependenciesID=10e2fd370fc9e4a7c378802862562267 
Number of updated asset objects reloaded before import = 0
Number of asset objects unloaded after import = 0
========================================================================
Received Import Request.
  Time of request: 2026-09-19T15:08:24.8938134Z
  Time since last request: 0.0003634 seconds.
  importAddress: GUID: 254497d6403494baa8cf3544ec92749d - Path: Packages/com.unity.collab-proxy/Editor/Views/BranchExplorer/Drawing/Shapes/HomeGeometry.cs - Importer: ScriptedImporter/UnityEditor.QuickSearchModule:UnityEditor.Search:ASIAI0B
Importing 'GUID: 254497d6403494baa8cf3544ec92749d - Path: Packages/com.unity.collab-proxy/Editor/Views/BranchExplorer/Drawing/Shapes/HomeGeometry.cs - Importer: ScriptedImporter/UnityEditor.QuickSearchModule:UnityEditor.Search:ASIAI0B' with importer (ScriptedImporter : UnityEditor.QuickSearchModule:UnityEditor.Search:ASIAI0B)
Imported 'GUID: 254497d6403494baa8cf3544ec92749d' -> (Import Result ID: 'c28daead60390c67f078cd23c6e98b2b') in 0.004 seconds [static and dynamic dependencies]. Details - ImportResultOutputID=600ce5f0c4dfd4960f8d8a291317659b DependenciesID=a42b9e6cc8a7d6281a77bfbccd6173b8 StaticDependenciesID=8195843d215c9fc2d15adee221f3a4ba 
Number of updated asset objects reloaded before import = 0
Number of asset objects unloaded after import = 0
========================================================================
Received Import Request.
  Time of request: 2026-09-19T15:08:24.9204198Z
  Time since last request: 0.0005993 seconds.
  importAddress: GUID: 83fb50776194245ea981ff3a8c412370 - Path: Packages/com.unity.collab-proxy/Editor/Views/BranchExplorer/Drawing/Shapes/Connections/BezierCurveExtensions.cs - Importer: ScriptedImporter/UnityEditor.QuickSearchModule:UnityEditor.Search:ASIAI0B
Importing 'GUID: 83fb50776194245ea981ff3a8c412370 - Path: Packages/com.unity.collab-proxy/Editor/Views/BranchExplorer/Drawing/Shapes/Connections/BezierCurveExtensions.cs - Importer: ScriptedImporter/UnityEditor.QuickSearchModule:UnityEditor.Search:ASIAI0B' with importer (ScriptedImporter : UnityEditor.QuickSearchModule:UnityEditor.Search:ASIAI0B)
Imported 'GUID: 83fb50776194245ea981ff3a8c412370' -> (Import Result ID: 'c3aea52a97cf6cbff644c020a85dd84c') in 0.004 seconds [static and dynamic dependencies]. Details - ImportResultOutputID=d5e7acac6b0c7c883978e2ab8e36617b DependenciesID=85ab41501fa069399c11d4feaff19267 StaticDependenciesID=593c540421bbafce608448272afc9fa2 
Number of updated asset objects reloaded before import = 0
Number of asset objects unloaded after import = 0
========================================================================
Received Import Request.
  Time of request: 2026-09-19T15:08:24.9424164Z
  Time since last request: 0.0007659 seconds.
  importAddress: GUID: 62fe16837ace7440c893c6e7bf705e60 - Path: Packages/com.unity.collab-proxy/Editor/Diff/Image/Views/OnionSkin/OnionSkinImageView.cs - Importer: ScriptedImporter/UnityEditor.QuickSearchModule:UnityEditor.Search:ASIAI0B
Importing 'GUID: 62fe16837ace7440c893c6e7bf705e60 - Path: Packages/com.unity.collab-proxy/Editor/Diff/Image/Views/OnionSkin/OnionSkinImageView.cs - Importer: ScriptedImporter/UnityEditor.QuickSearchModule:UnityEditor.Search:ASIAI0B' with importer (ScriptedImporter : UnityEditor.QuickSearchModule:UnityEditor.Search:ASIAI0B)
Imported 'GUID: 62fe16837ace7440c893c6e7bf705e60' -> (Import Result ID: '6a79bdfa8ab7be693c64a1e1e87048d7') in 0.006 seconds [static and dynamic dependencies]. Details - ImportResultOutputID=458487e5671f7e785008e0e9edd10c52 DependenciesID=aae3ff42c9cbf4344a7c6ecec567e7f5 StaticDependenciesID=c63f525a0700cd840449c02e932764f6 
Number of updated asset objects reloaded before import = 0
Number of asset objects unloaded after import = 0
========================================================================
Received Import Request.
  Time of request: 2026-09-19T15:08:24.9686178Z
  Time since last request: 0.0007405 seconds.
  importAddress: GUID: e2cfc902bb82b4790b3d33b4863ef546 - Path: Packages/com.unity.collab-proxy/Editor/Diff/Image/Views/Swipe/SwipeView.cs - Importer: ScriptedImporter/UnityEditor.QuickSearchModule:UnityEditor.Search:ASIAI0B
Importing 'GUID: e2cfc902bb82b4790b3d33b4863ef546 - Path: Packages/com.unity.collab-proxy/Editor/Diff/Image/Views/Swipe/SwipeView.cs - Importer: ScriptedImporter/UnityEditor.QuickSearchModule:UnityEditor.Search:ASIAI0B' with importer (ScriptedImporter : UnityEditor.QuickSearchModule:UnityEditor.Search:ASIAI0B)
Imported 'GUID: e2cfc902bb82b4790b3d33b4863ef546' -> (Import Result ID: '53831dbe21647212c9824ad58c753270') in 0.004 seconds [static and dynamic dependencies]. Details - ImportResultOutputID=05b0bf031d7f43ef6ebaa3e9778f3cc3 DependenciesID=bd5de7485217d0f38555a4c5160a8bb6 StaticDependenciesID=79e28409c86ec5b3467c7254a7798f87 
Number of updated asset objects reloaded before import = 0
Number of asset objects unloaded after import = 0
========================================================================
Received Import Request.
  Time of request: 2026-09-19T15:08:24.99358Z
  Time since last request: 0.0005491 seconds.
  importAddress: GUID: 90c35417a995402084cf69d05578c8de - Path: Packages/com.unity.collab-proxy/Editor/Views/BranchExplorer/Drawing/Shapes/Painter2DExtensions.cs - Importer: ScriptedImporter/UnityEditor.QuickSearchModule:UnityEditor.Search:ASIAI0B
Importing 'GUID: 90c35417a995402084cf69d05578c8de - Path: Packages/com.unity.collab-proxy/Editor/Views/BranchExplorer/Drawing/Shapes/Painter2DExtensions.cs - Importer: ScriptedImporter/UnityEditor.QuickSearchModule:UnityEditor.Search:ASIAI0B' with importer (ScriptedImporter : UnityEditor.QuickSearchModule:UnityEditor.Search:ASIAI0B)
Imported 'GUID: 90c35417a995402084cf69d05578c8de' -> (Import Result ID: 'a0b2998cbbd936048ef92fdbb4202ddc') in 0.003 seconds [static and dynamic dependencies]. Details - ImportResultOutputID=d378b1a9999f91f75e5e8a30ed0f76b3 DependenciesID=e4ad93ce0de4c3fd8c421fcf8494f5ef StaticDependenciesID=239ce19cbdcfd00dc70f57909a386697 
Number of updated asset objects reloaded before import = 0
Number of asset objects unloaded after import = 0
========================================================================
Received Import Request.
  Time of request: 2026-09-19T15:08:25.0163612Z
  Time since last request: 0.0007028 seconds.
  importAddress: GUID: 733cdcd5219de8f4192fa7fc20da99ac - Path: Packages/com.unity.collab-proxy/Editor/Views/BranchExplorer/Drawing/Shapes/ChangesetNumberShape.cs - Importer: ScriptedImporter/UnityEditor.QuickSearchModule:UnityEditor.Search:ASIAI0B
Importing 'GUID: 733cdcd5219de8f4192fa7fc20da99ac - Path: Packages/com.unity.collab-proxy/Editor/Views/BranchExplorer/Drawing/Shapes/ChangesetNumberShape.cs - Importer: ScriptedImporter/UnityEditor.QuickSearchModule:UnityEditor.Search:ASIAI0B' with importer (ScriptedImporter : UnityEditor.QuickSearchModule:UnityEditor.Search:ASIAI0B)
Imported 'GUID: 733cdcd5219de8f4192fa7fc20da99ac' -> (Import Result ID: '7af90cd3dcf436aa1dfeefdfc272b926') in 0.003 seconds [static and dynamic dependencies]. Details - ImportResultOutputID=66958af3c7d88392a1f0b75cdd9cec84 DependenciesID=f91c9948e79fb956edec44221828b7b0 StaticDependenciesID=57e3da1f04dd52256a89543e39b9af5b 
Number of updated asset objects reloaded before import = 0
Number of asset objects unloaded after import = 0
========================================================================
Received Import Request.
  Time of request: 2026-09-19T15:08:25.0390652Z
  Time since last request: 0.0005275 seconds.
  importAddress: GUID: 4d2132ff97b487e4c9986528556871ed - Path: Packages/com.unity.collab-proxy/Editor/Views/Merge/Developer/DirectoryConflicts/MergeViewDirectoryConflictMenu.cs - Importer: ScriptedImporter/UnityEditor.QuickSearchModule:UnityEditor.Search:ASIAI0B
Importing 'GUID: 4d2132ff97b487e4c9986528556871ed - Path: Packages/com.unity.collab-proxy/Editor/Views/Merge/Developer/DirectoryConflicts/MergeViewDirectoryConflictMenu.cs - Importer: ScriptedImporter/UnityEditor.QuickSearchModule:UnityEditor.Search:ASIAI0B' with importer (ScriptedImporter : UnityEditor.QuickSearchModule:UnityEditor.Search:ASIAI0B)
Imported 'GUID: 4d2132ff97b487e4c9986528556871ed' -> (Import Result ID: '5c1b3b88845a6694fa16cee05bdf4626') in 0.003 seconds [static and dynamic dependencies]. Details - ImportResultOutputID=e8e269b5583beb99081fa2812e3beef8 DependenciesID=587666fb35015186b532db62f674fcf9 StaticDependenciesID=93cde9b7e9daf8710e1fc4cfbf3e4f5e 
Number of updated asset objects reloaded before import = 0
Number of asset objects unloaded after import = 0
========================================================================
Received Import Request.
  Time of request: 2026-09-19T15:08:25.0628063Z
  Time since last request: 0.0004715 seconds.
  importAddress: GUID: 79b3e6b3ce8c544459dd8dfbe0231dd6 - Path: Packages/com.unity.collab-proxy/Lib/Editor/TextMateSharp/Onigwrap/libonigwrap/win-x86/libonigwrap.dll - Importer: ScriptedImporter/UnityEditor.QuickSearchModule:UnityEditor.Search:ASIAI0B
Importing 'GUID: 79b3e6b3ce8c544459dd8dfbe0231dd6 - Path: Packages/com.unity.collab-proxy/Lib/Editor/TextMateSharp/Onigwrap/libonigwrap/win-x86/libonigwrap.dll - Importer: ScriptedImporter/UnityEditor.QuickSearchModule:UnityEditor.Search:ASIAI0B' with importer (ScriptedImporter : UnityEditor.QuickSearchModule:UnityEditor.Search:ASIAI0B)
Imported 'GUID: 79b3e6b3ce8c544459dd8dfbe0231dd6' -> (Import Result ID: 'b3d638934b4e197292b09020297ae573') in 0.007 seconds [static and dynamic dependencies]. Details - ImportResultOutputID=b73804bbe4ad5c3cee36eea926717b32 DependenciesID=de570db39d123e0e918880de2c4d6f62 StaticDependenciesID=148fd61d8da11aa30e1f6b23d959de41 
Number of updated asset objects reloaded before import = 0
Number of asset objects unloaded after import = 0
========================================================================
Received Import Request.
  Time of request: 2026-09-19T15:08:25.0898144Z
  Time since last request: 0.0006664 seconds.
  importAddress: GUID: 601fa35b365bf4075b5ef778935ad1b8 - Path: Packages/com.unity.collab-proxy/Editor/Views/BranchExplorer/Options/DisplayOptions/DisplayOptionsPanel.cs - Importer: ScriptedImporter/UnityEditor.QuickSearchModule:UnityEditor.Search:ASIAI0B
Importing 'GUID: 601fa35b365bf4075b5ef778935ad1b8 - Path: Packages/com.unity.collab-proxy/Editor/Views/BranchExplorer/Options/DisplayOptions/DisplayOptionsPanel.cs - Importer: ScriptedImporter/UnityEditor.QuickSearchModule:UnityEditor.Search:ASIAI0B' with importer (ScriptedImporter : UnityEditor.QuickSearchModule:UnityEditor.Search:ASIAI0B)
Imported 'GUID: 601fa35b365bf4075b5ef778935ad1b8' -> (Import Result ID: 'e8db4f4dd591dff2481145a1a8e0a33e') in 0.007 seconds [static and dynamic dependencies]. Details - ImportResultOutputID=82df5d147774022ebe772767d50f2ccf DependenciesID=8cc931d198561c7fbc77c1c878c09cd0 StaticDependenciesID=0625588f14095110b44d907513d8c016 
Number of updated asset objects reloaded before import = 0
Number of asset objects unloaded after import = 0
========================================================================
Received Import Request.
  Time of request: 2026-09-19T15:08:25.1168947Z
  Time since last request: 0.0005636 seconds.
  importAddress: GUID: 9b4ce296f75d9468f820729bb268de75 - Path: Packages/com.unity.collab-proxy/Editor/Views/BranchExplorer/Options/ConditionalFormat/FiltersAndConditionalFormatPanel.cs - Importer: ScriptedImporter/UnityEditor.QuickSearchModule:UnityEditor.Search:ASIAI0B
Importing 'GUID: 9b4ce296f75d9468f820729bb268de75 - Path: Packages/com.unity.collab-proxy/Editor/Views/BranchExplorer/Options/ConditionalFormat/FiltersAndConditionalFormatPanel.cs - Importer: ScriptedImporter/UnityEditor.QuickSearchModule:UnityEditor.Search:ASIAI0B' with importer (ScriptedImporter : UnityEditor.QuickSearchModule:UnityEditor.Search:ASIAI0B)
Imported 'GUID: 9b4ce296f75d9468f820729bb268de75' -> (Import Result ID: '27fde06d0f0bb71e90636f709d3dc88e') in 0.004 seconds [static and dynamic dependencies]. Details - ImportResultOutputID=1b18312bf49e4a65e16145e2490ce3bd DependenciesID=97dd047ea36d2c1ea7fd46dde1b3d91e StaticDependenciesID=68939ce44d0abb8ee392becbaedd00c8 
Number of updated asset objects reloaded before import = 0
Number of asset objects unloaded after import = 0
========================================================================
Received Import Request.
  Time of request: 2026-09-19T15:08:25.1400536Z
  Time since last request: 0.0009102 seconds.
  importAddress: GUID: 091b97caa0d248bb8b9edfbc73ba34ad - Path: Packages/com.unity.collab-proxy/Editor/Diff/Image/Views/ImageViewer/ImageContentView.cs - Importer: ScriptedImporter/UnityEditor.QuickSearchModule:UnityEditor.Search:ASIAI0B
Importing 'GUID: 091b97caa0d248bb8b9edfbc73ba34ad - Path: Packages/com.unity.collab-proxy/Editor/Diff/Image/Views/ImageViewer/ImageContentView.cs - Importer: ScriptedImporter/UnityEditor.QuickSearchModule:UnityEditor.Search:ASIAI0B' with importer (ScriptedImporter : UnityEditor.QuickSearchModule:UnityEditor.Search:ASIAI0B)
Imported 'GUID: 091b97caa0d248bb8b9edfbc73ba34ad' -> (Import Result ID: 'baddcc1b197b01eef506a0465a109eed') in 0.011 seconds [static and dynamic dependencies]. Details - ImportResultOutputID=d0b9425bb25628dd59a01ce4da1646c3 DependenciesID=04fe259fddbd30ac74e6e26d0dffe19b StaticDependenciesID=527f234cedb3edff30bb03be401ecfce 
Number of updated asset objects reloaded before import = 0
Number of asset objects unloaded after import = 0
========================================================================
Received Import Request.
  Time of request: 2026-09-19T15:08:25.1778705Z
  Time since last request: 0.0005941 seconds.
  importAddress: GUID: 1db38f8fca654faa9d306e57e639e4a1 - Path: Packages/com.unity.collab-proxy/Editor/Views/BranchExplorer/Drawing/Shapes/Connections/MergeLinkGeometry.cs - Importer: ScriptedImporter/UnityEditor.QuickSearchModule:UnityEditor.Search:ASIAI0B
Importing 'GUID: 1db38f8fca654faa9d306e57e639e4a1 - Path: Packages/com.unity.collab-proxy/Editor/Views/BranchExplorer/Drawing/Shapes/Connections/MergeLinkGeometry.cs - Importer: ScriptedImporter/UnityEditor.QuickSearchModule:UnityEditor.Search:ASIAI0B' with importer (ScriptedImporter : UnityEditor.QuickSearchModule:UnityEditor.Search:ASIAI0B)
Imported 'GUID: 1db38f8fca654faa9d306e57e639e4a1' -> (Import Result ID: '98035e360e7ec9e79f082c71586ce98a') in 0.003 seconds [static and dynamic dependencies]. Details - ImportResultOutputID=ca677c0a46f23840ecb800adfbe3f81c DependenciesID=e7215be570d0e6033c6a7a26e35bfcc6 StaticDependenciesID=52fa36e5c53256802d3d9683bd048871 
Number of updated asset objects reloaded before import = 0
Number of asset objects unloaded after import = 0
========================================================================
Received Import Request.
  Time of request: 2026-09-19T15:08:25.2143158Z
  Time since last request: 0.0120451 seconds.
  importAddress: GUID: cd78ce5b75b8be84d8b94cd99903161f - Path: Packages/com.unity.ide.visualstudio/CONTRIBUTING.md - Importer: ScriptedImporter/UnityEditor.QuickSearchModule:UnityEditor.Search:ASIAI0B
Importing 'GUID: cd78ce5b75b8be84d8b94cd99903161f - Path: Packages/com.unity.ide.visualstudio/CONTRIBUTING.md - Importer: ScriptedImporter/UnityEditor.QuickSearchModule:UnityEditor.Search:ASIAI0B' with importer (ScriptedImporter : UnityEditor.QuickSearchModule:UnityEditor.Search:ASIAI0B)
Imported 'GUID: cd78ce5b75b8be84d8b94cd99903161f' -> (Import Result ID: 'd6164ba257f21d942a622bae85f7aa6b') in 0.009 seconds [static and dynamic dependencies]. Details - ImportResultOutputID=77d7514145550051087a8ec4a28e373f DependenciesID=b8059062669425f68aed4f71e328473a StaticDependenciesID=3d5da7662bac8de2e20218fa6a7937f1 
Number of updated asset objects reloaded before import = 0
Number of asset objects unloaded after import = 1
========================================================================
Received Import Request.
  Time of request: 2026-09-19T15:08:25.241328Z
  Time since last request: 0.0003004 seconds.
  importAddress: GUID: 0173aff8c07e06b42af07ebdd7f08032 - Path: Packages/com.unity.ide.visualstudio/Editor/VisualStudioEditor.cs - Importer: ScriptedImporter/UnityEditor.QuickSearchModule:UnityEditor.Search:ASIAI0B
Importing 'GUID: 0173aff8c07e06b42af07ebdd7f08032 - Path: Packages/com.unity.ide.visualstudio/Editor/VisualStudioEditor.cs - Importer: ScriptedImporter/UnityEditor.QuickSearchModule:UnityEditor.Search:ASIAI0B' with importer (ScriptedImporter : UnityEditor.QuickSearchModule:UnityEditor.Search:ASIAI0B)
Imported 'GUID: 0173aff8c07e06b42af07ebdd7f08032' -> (Import Result ID: '444cb61aae78b8cb79126f9bc77d2ce7') in 0.003 seconds [static and dynamic dependencies]. Details - ImportResultOutputID=73b3bcbcedfc45775dad2a26cae6bfe6 DependenciesID=cc1792c75bf24a20f34a717319e51114 StaticDependenciesID=db4816cd1808883456357c7ec0a42e45 
Number of updated asset objects reloaded before import = 0
Number of asset objects unloaded after import = 0
========================================================================
Received Import Request.
  Time of request: 2026-09-19T15:08:25.268441Z
  Time since last request: 0.0004767 seconds.
  importAddress: GUID: a8c76505bcc613640ade706bdb0f1cba - Path: Packages/com.unity.ide.visualstudio/Editor/UnityInstallation.cs - Importer: ScriptedImporter/UnityEditor.QuickSearchModule:UnityEditor.Search:ASIAI0B
Importing 'GUID: a8c76505bcc613640ade706bdb0f1cba - Path: Packages/com.unity.ide.visualstudio/Editor/UnityInstallation.cs - Importer: ScriptedImporter/UnityEditor.QuickSearchModule:UnityEditor.Search:ASIAI0B' with importer (ScriptedImporter : UnityEditor.QuickSearchModule:UnityEditor.Search:ASIAI0B)
Imported 'GUID: a8c76505bcc613640ade706bdb0f1cba' -> (Import Result ID: '4b6397e545a3ffc68bbb95094156211e') in 0.016 seconds [static and dynamic dependencies]. Details - ImportResultOutputID=86d214712fa6d199136b647f65e521fc DependenciesID=10f46de5cc1282db486719a6c720aa62 StaticDependenciesID=23ed7672f5b194f05e763b5a6ced11a8 
Number of updated asset objects reloaded before import = 0
Number of asset objects unloaded after import = 0
========================================================================
Received Import Request.
  Time of request: 2026-09-19T15:08:25.3045968Z
  Time since last request: 0.000278 seconds.
  importAddress: GUID: 917a51fff055ce547b4ad1215321f3da - Path: Packages/com.unity.ide.visualstudio/Editor/Messaging/ExceptionEventArgs.cs - Importer: ScriptedImporter/UnityEditor.QuickSearchModule:UnityEditor.Search:ASIAI0B
Importing 'GUID: 917a51fff055ce547b4ad1215321f3da - Path: Packages/com.unity.ide.visualstudio/Editor/Messaging/ExceptionEventArgs.cs - Importer: ScriptedImporter/UnityEditor.QuickSearchModule:UnityEditor.Search:ASIAI0B' with importer (ScriptedImporter : UnityEditor.QuickSearchModule:UnityEditor.Search:ASIAI0B)
Imported 'GUID: 917a51fff055ce547b4ad1215321f3da' -> (Import Result ID: '6e98fc205688e2abf15a9dae16273a28') in 0.003 seconds [static and dynamic dependencies]. Details - ImportResultOutputID=95a1a1e1cdee676d3f47e2eebb938617 DependenciesID=4abb686f66d0580858b1ff1eb3f67fda StaticDependenciesID=0d1db9f9c4ad2627b612cefbc1f69d60 
Number of updated asset objects reloaded before import = 0
Number of asset objects unloaded after import = 0
========================================================================
Received Import Request.
  Time of request: 2026-09-19T15:08:25.3254967Z
  Time since last request: 0.0006816 seconds.
  importAddress: GUID: ec80b1fb8938b3b4ab442d10390c5315 - Path: Packages/com.unity.ide.visualstudio/Editor/ProjectGeneration/FileIOProvider.cs - Importer: ScriptedImporter/UnityEditor.QuickSearchModule:UnityEditor.Search:ASIAI0B
Importing 'GUID: ec80b1fb8938b3b4ab442d10390c5315 - Path: Packages/com.unity.ide.visualstudio/Editor/ProjectGeneration/FileIOProvider.cs - Importer: ScriptedImporter/UnityEditor.QuickSearchModule:UnityEditor.Search:ASIAI0B' with importer (ScriptedImporter : UnityEditor.QuickSearchModule:UnityEditor.Search:ASIAI0B)
Imported 'GUID: ec80b1fb8938b3b4ab442d10390c5315' -> (Import Result ID: '3ab8cd31d8c6b2e5cf6e8acb101f7fb4') in 0.004 seconds [static and dynamic dependencies]. Details - ImportResultOutputID=b9eb3434d2c5011a650a3bb137ef04db DependenciesID=58aaae63d9bc08e600fdbef5d284a398 StaticDependenciesID=0ceb4f580f604218a376deb2946056eb 
Number of updated asset objects reloaded before import = 0
Number of asset objects unloaded after import = 0
========================================================================
Received Import Request.
  Time of request: 2026-09-19T15:08:25.3499301Z
  Time since last request: 0.0008781 seconds.
  importAddress: GUID: d791d407901442e49862d3aa783ce8af - Path: Packages/com.unity.ide.visualstudio/Editor/AssemblyInfo.cs - Importer: ScriptedImporter/UnityEditor.QuickSearchModule:UnityEditor.Search:ASIAI0B
Importing 'GUID: d791d407901442e49862d3aa783ce8af - Path: Packages/com.unity.ide.visualstudio/Editor/AssemblyInfo.cs - Importer: ScriptedImporter/UnityEditor.QuickSearchModule:UnityEditor.Search:ASIAI0B' with importer (ScriptedImporter : UnityEditor.QuickSearchModule:UnityEditor.Search:ASIAI0B)
Imported 'GUID: d791d407901442e49862d3aa783ce8af' -> (Import Result ID: '9c28925522de13f060386e09d5486ad0') in 0.004 seconds [static and dynamic dependencies]. Details - ImportResultOutputID=089f1859b6ba10339714420f8a3ba459 DependenciesID=c449316480c75f98909fff8f6a122971 StaticDependenciesID=0b05c2349db5f86b078ada5b3745bffa 
Number of updated asset objects reloaded before import = 0
Number of asset objects unloaded after import = 0
========================================================================
Received Import Request.
  Time of request: 2026-09-19T15:08:25.3739176Z
  Time since last request: 0.0006729 seconds.
  importAddress: GUID: ded625cf0d03fa94c9f939fd13ced18d - Path: Packages/com.unity.ide.visualstudio/Editor/Messaging/TcpListener.cs - Importer: ScriptedImporter/UnityEditor.QuickSearchModule:UnityEditor.Search:ASIAI0B
Importing 'GUID: ded625cf0d03fa94c9f939fd13ced18d - Path: Packages/com.unity.ide.visualstudio/Editor/Messaging/TcpListener.cs - Importer: ScriptedImporter/UnityEditor.QuickSearchModule:UnityEditor.Search:ASIAI0B' with importer (ScriptedImporter : UnityEditor.QuickSearchModule:UnityEditor.Search:ASIAI0B)
Imported 'GUID: ded625cf0d03fa94c9f939fd13ced18d' -> (Import Result ID: 'f369fed3b47e60e1b5dd50bb7e0b9a8c') in 0.003 seconds [static and dynamic dependencies]. Details - ImportResultOutputID=1ede0f493c1610db979d8decfb681797 DependenciesID=affc2d172a836879fe4e89fcc9ba7c2e StaticDependenciesID=2b3dd411517474453de1c9268b7e9621 
Number of updated asset objects reloaded before import = 0
Number of asset objects unloaded after import = 0
========================================================================
Received Import Request.
  Time of request: 2026-09-19T15:08:25.4006536Z
  Time since last request: 0.0005292 seconds.
  importAddress: GUID: d3cbe921f7b3d9a3257e7c61a5761796 - Path: Packages/com.unity.modules.terrainphysics/package.json - Importer: ScriptedImporter/UnityEditor.QuickSearchModule:UnityEditor.Search:ASIAI0B
Importing 'GUID: d3cbe921f7b3d9a3257e7c61a5761796 - Path: Packages/com.unity.modules.terrainphysics/package.json - Importer: ScriptedImporter/UnityEditor.QuickSearchModule:UnityEditor.Search:ASIAI0B' with importer (ScriptedImporter : UnityEditor.QuickSearchModule:UnityEditor.Search:ASIAI0B)
Imported 'GUID: d3cbe921f7b3d9a3257e7c61a5761796' -> (Import Result ID: 'b55aa4857fc9e98980688ba48d089dae') in 0.003 seconds [static and dynamic dependencies]. Details - ImportResultOutputID=2ee23b879f19f9f5d977d9fa885c133f DependenciesID=fa43c214d9eb3cdb753f4096d251a8bb StaticDependenciesID=b157dca3c56a913341106c5eca26665f 
Number of updated asset objects reloaded before import = 0
Number of asset objects unloaded after import = 1
========================================================================
Received Import Request.
  Time of request: 2026-09-19T15:08:25.4208548Z
  Time since last request: 0.0005409 seconds.
  importAddress: GUID: c94f13e05ef0a7a49bdd39f197f39e5e - Path: Packages/com.unity.ide.visualstudio/Editor/ProjectGeneration/GeneratorFactory.cs - Importer: ScriptedImporter/UnityEditor.QuickSearchModule:UnityEditor.Search:ASIAI0B
Importing 'GUID: c94f13e05ef0a7a49bdd39f197f39e5e - Path: Packages/com.unity.ide.visualstudio/Editor/ProjectGeneration/GeneratorFactory.cs - Importer: ScriptedImporter/UnityEditor.QuickSearchModule:UnityEditor.Search:ASIAI0B' with importer (ScriptedImporter : UnityEditor.QuickSearchModule:UnityEditor.Search:ASIAI0B)
Imported 'GUID: c94f13e05ef0a7a49bdd39f197f39e5e' -> (Import Result ID: '9ab0ef2db58bfb32c49c3c88fcc88bc6') in 0.004 seconds [static and dynamic dependencies]. Details - ImportResultOutputID=3bc4c0cbf0dfc39b82a86c29679d8e7a DependenciesID=8233b6a0f6dbf778b1ed319d6e7f5912 StaticDependenciesID=ed37eeee5e58c18ef76bbeb50cf76516 
Number of updated asset objects reloaded before import = 0
Number of asset objects unloaded after import = 0
========================================================================
Received Import Request.
  Time of request: 2026-09-19T15:08:25.4422471Z
  Time since last request: 0.0006567 seconds.
  importAddress: GUID: e6a135e3ea9cb46795d1b0e05ac3e1e5 - Path: Packages/com.unity.modules.jsonserialize/package.ModuleCompilationTrigger - Importer: ScriptedImporter/UnityEditor.QuickSearchModule:UnityEditor.Search:ASIAI0B
Importing 'GUID: e6a135e3ea9cb46795d1b0e05ac3e1e5 - Path: Packages/com.unity.modules.jsonserialize/package.ModuleCompilationTrigger - Importer: ScriptedImporter/UnityEditor.QuickSearchModule:UnityEditor.Search:ASIAI0B' with importer (ScriptedImporter : UnityEditor.QuickSearchModule:UnityEditor.Search:ASIAI0B)
Imported 'GUID: e6a135e3ea9cb46795d1b0e05ac3e1e5' -> (Import Result ID: 'd313d6dca397a66add83af729f9bd22a') in 0.003 seconds [static and dynamic dependencies]. Details - ImportResultOutputID=2458b077e9503a3361b88562c379ee20 DependenciesID=9a57e6c9fe69e5b0e3316dde2448e851 StaticDependenciesID=d99bba657fde8632fe079a9a1f22f8d3 
Number of updated asset objects reloaded before import = 0
Number of asset objects unloaded after import = 1
========================================================================
Received Import Request.
  Time of request: 2026-09-19T15:08:25.4627729Z
  Time since last request: 0.0005339 seconds.
  importAddress: GUID: 275143c81d816ef4286fdc67aabc20c8 - Path: Packages/com.unity.ide.visualstudio/Editor/Messaging/MessageEventArgs.cs - Importer: ScriptedImporter/UnityEditor.QuickSearchModule:UnityEditor.Search:ASIAI0B
Importing 'GUID: 275143c81d816ef4286fdc67aabc20c8 - Path: Packages/com.unity.ide.visualstudio/Editor/Messaging/MessageEventArgs.cs - Importer: ScriptedImporter/UnityEditor.QuickSearchModule:UnityEditor.Search:ASIAI0B' with importer (ScriptedImporter : UnityEditor.QuickSearchModule:UnityEditor.Search:ASIAI0B)
Imported 'GUID: 275143c81d816ef4286fdc67aabc20c8' -> (Import Result ID: 'c7650818550d86ed49796fe4e669139d') in 0.003 seconds [static and dynamic dependencies]. Details - ImportResultOutputID=9e0f54787a2d1db05e6518419a83053c DependenciesID=bd398c72981147e4213c77322d3fa594 StaticDependenciesID=09cbc6e9c71040d2867f530cf9e9cb91 
Number of updated asset objects reloaded before import = 0
Number of asset objects unloaded after import = 0
========================================================================
Received Import Request.
  Time of request: 2026-09-19T15:08:25.4839029Z
  Time since last request: 0.0005202 seconds.
  importAddress: GUID: 3a7e9b14d5c84f2d9e1b6f8a0c4d7e2b - Path: Packages/com.unity.burst/Runtime/TypeForwarders.cs - Importer: ScriptedImporter/UnityEditor.QuickSearchModule:UnityEditor.Search:ASIAI0B
Importing 'GUID: 3a7e9b14d5c84f2d9e1b6f8a0c4d7e2b - Path: Packages/com.unity.burst/Runtime/TypeForwarders.cs - Importer: ScriptedImporter/UnityEditor.QuickSearchModule:UnityEditor.Search:ASIAI0B' with importer (ScriptedImporter : UnityEditor.QuickSearchModule:UnityEditor.Search:ASIAI0B)
Imported 'GUID: 3a7e9b14d5c84f2d9e1b6f8a0c4d7e2b' -> (Import Result ID: 'c6182a41c29089b0e3f593e883d16fd1') in 0.003 seconds [static and dynamic dependencies]. Details - ImportResultOutputID=5f888ed98cc772bc7c2d491d63ae4da7 DependenciesID=c7b3ac93cf43a796f98df51c7d10120d StaticDependenciesID=5765103686fa0a3cebdf4134949c9e37 
Number of updated asset objects reloaded before import = 0
Number of asset objects unloaded after import = 0
========================================================================
Received Import Request.
  Time of request: 2026-09-19T15:08:25.5071901Z
  Time since last request: 0.0005379 seconds.
  importAddress: GUID: 23032f4383e95e772bce465c5896d0fd - Path: Packages/com.unity.modules.terrain/package.ModuleCompilationTrigger - Importer: ScriptedImporter/UnityEditor.QuickSearchModule:UnityEditor.Search:ASIAI0B
Importing 'GUID: 23032f4383e95e772bce465c5896d0fd - Path: Packages/com.unity.modules.terrain/package.ModuleCompilationTrigger - Importer: ScriptedImporter/UnityEditor.QuickSearchModule:UnityEditor.Search:ASIAI0B' with importer (ScriptedImporter : UnityEditor.QuickSearchModule:UnityEditor.Search:ASIAI0B)
Imported 'GUID: 23032f4383e95e772bce465c5896d0fd' -> (Import Result ID: '597f0ff68f916755d6bfb2dece18a675') in 0.004 seconds [static and dynamic dependencies]. Details - ImportResultOutputID=00dede195654c7a2255159aedddfc7bd DependenciesID=e3a28f065498f94093eda39ef10b372b StaticDependenciesID=3288b8f2ed8bcd844b101baf57ec8de1 
Number of updated asset objects reloaded before import = 0
Number of asset objects unloaded after import = 1
========================================================================
Received Import Request.
  Time of request: 2026-09-19T15:08:25.5307503Z
  Time since last request: 0.0006219 seconds.
  importAddress: GUID: f7b5530092b3a7646bdc7865f1f6ee94 - Path: Packages/com.unity.ide.visualstudio/Editor/Cli.cs - Importer: ScriptedImporter/UnityEditor.QuickSearchModule:UnityEditor.Search:ASIAI0B
Importing 'GUID: f7b5530092b3a7646bdc7865f1f6ee94 - Path: Packages/com.unity.ide.visualstudio/Editor/Cli.cs - Importer: ScriptedImporter/UnityEditor.QuickSearchModule:UnityEditor.Search:ASIAI0B' with importer (ScriptedImporter : UnityEditor.QuickSearchModule:UnityEditor.Search:ASIAI0B)
Imported 'GUID: f7b5530092b3a7646bdc7865f1f6ee94' -> (Import Result ID: '3f4bd616b8856795b0abf8d2b94eb634') in 0.003 seconds [static and dynamic dependencies]. Details - ImportResultOutputID=6a44738c909c6078d6408ead6bbd92f6 DependenciesID=e374a58f7a5d8f386dc29160ef79f5b1 StaticDependenciesID=31398e6dd497873eff3ece03d4e55e3b 
Number of updated asset objects reloaded before import = 0
Number of asset objects unloaded after import = 0
========================================================================
Received Import Request.
  Time of request: 2026-09-19T15:08:25.5531922Z
  Time since last request: 0.0006284 seconds.
  importAddress: GUID: fa7011e2ea1ff024083fea2179f3df08 - Path: Packages/com.unity.ide.visualstudio/Editor/ProjectGeneration/ProjectProperties.cs - Importer: ScriptedImporter/UnityEditor.QuickSearchModule:UnityEditor.Search:ASIAI0B
Importing 'GUID: fa7011e2ea1ff024083fea2179f3df08 - Path: Packages/com.unity.ide.visualstudio/Editor/ProjectGeneration/ProjectProperties.cs - Importer: ScriptedImporter/UnityEditor.QuickSearchModule:UnityEditor.Search:ASIAI0B' with importer (ScriptedImporter : UnityEditor.QuickSearchModule:UnityEditor.Search:ASIAI0B)
Imported 'GUID: fa7011e2ea1ff024083fea2179f3df08' -> (Import Result ID: 'aa0f5270c980f4e5952261ba84371dd2') in 0.003 seconds [static and dynamic dependencies]. Details - ImportResultOutputID=d24830ff989a4e934205b86b1833ddea DependenciesID=3926b40e279289fd87b7abe79feac71c StaticDependenciesID=04717c9f65b812df9d0344468e8f7988 
Number of updated asset objects reloaded before import = 0
Number of asset objects unloaded after import = 0
========================================================================
Received Import Request.
  Time of request: 2026-09-19T15:08:25.576053Z
  Time since last request: 0.0007068 seconds.
  importAddress: GUID: 5f23a75ebd8dc4ad0a7515c06ffbe647 - Path: Packages/com.unity.burst/package.json - Importer: ScriptedImporter/UnityEditor.QuickSearchModule:UnityEditor.Search:ASIAI0B
Importing 'GUID: 5f23a75ebd8dc4ad0a7515c06ffbe647 - Path: Packages/com.unity.burst/package.json - Importer: ScriptedImporter/UnityEditor.QuickSearchModule:UnityEditor.Search:ASIAI0B' with importer (ScriptedImporter : UnityEditor.QuickSearchModule:UnityEditor.Search:ASIAI0B)
Imported 'GUID: 5f23a75ebd8dc4ad0a7515c06ffbe647' -> (Import Result ID: '2139b1be234612c48549b0c9854ebdbc') in 0.003 seconds [static and dynamic dependencies]. Details - ImportResultOutputID=b340e2c6d356e06e72e3bc85cb6ea5d4 DependenciesID=613a6ad7eb66a98995b54cd2123a198d StaticDependenciesID=7d41b199846e7619145c734deed6f0f7 
Number of updated asset objects reloaded before import = 0
Number of asset objects unloaded after import = 1
========================================================================
Received Import Request.
  Time of request: 2026-09-19T15:08:25.597851Z
  Time since last request: 0.0004163 seconds.
  importAddress: GUID: 829d4d6bc39fd1044ba4c5fc2a9c911f - Path: Packages/com.unity.ide.visualstudio/Editor/SolutionProperties.cs - Importer: ScriptedImporter/UnityEditor.QuickSearchModule:UnityEditor.Search:ASIAI0B
Importing 'GUID: 829d4d6bc39fd1044ba4c5fc2a9c911f - Path: Packages/com.unity.ide.visualstudio/Editor/SolutionProperties.cs - Importer: ScriptedImporter/UnityEditor.QuickSearchModule:UnityEditor.Search:ASIAI0B' with importer (ScriptedImporter : UnityEditor.QuickSearchModule:UnityEditor.Search:ASIAI0B)
Imported 'GUID: 829d4d6bc39fd1044ba4c5fc2a9c911f' -> (Import Result ID: 'e652cb65cb983ae00ca37e58a62652cd') in 0.004 seconds [static and dynamic dependencies]. Details - ImportResultOutputID=1e16bc5f4d30ae0794a216d1476607b4 DependenciesID=19725d97f1223a23f8a88ee01ed02386 StaticDependenciesID=80b713aa4cc875f89f8c12cb4b137cb3 
Number of updated asset objects reloaded before import = 0
Number of asset objects unloaded after import = 0
========================================================================
Received Import Request.
  Time of request: 2026-09-19T15:08:25.6228146Z
  Time since last request: 0.0005884 seconds.
  importAddress: GUID: de1c9ea7b82c9904d9e5fba2ee70a998 - Path: Packages/com.unity.ide.visualstudio/Editor/Messaging/Message.cs - Importer: ScriptedImporter/UnityEditor.QuickSearchModule:UnityEditor.Search:ASIAI0B
Importing 'GUID: de1c9ea7b82c9904d9e5fba2ee70a998 - Path: Packages/com.unity.ide.visualstudio/Editor/Messaging/Message.cs - Importer: ScriptedImporter/UnityEditor.QuickSearchModule:UnityEditor.Search:ASIAI0B' with importer (ScriptedImporter : UnityEditor.QuickSearchModule:UnityEditor.Search:ASIAI0B)
Imported 'GUID: de1c9ea7b82c9904d9e5fba2ee70a998' -> (Import Result ID: '4af159a6b8c3a1044654c8c9a99d3d49') in 0.003 seconds [static and dynamic dependencies]. Details - ImportResultOutputID=fe17b19be3d890419142aaf5101f4fc2 DependenciesID=17d148804e3919064fe22a35bb168fe7 StaticDependenciesID=afd0780f0bd2d30ca5ed6cf75cef3693 
Number of updated asset objects reloaded before import = 0
Number of asset objects unloaded after import = 0
========================================================================
Received Import Request.
  Time of request: 2026-09-19T15:08:25.6518618Z
  Time since last request: 0.0005626 seconds.
  importAddress: GUID: cbb1a39d56ce4d9ac1a46ac505893fa7 - Path: Packages/com.unity.modules.terrainphysics/package.ModuleCompilationTrigger - Importer: ScriptedImporter/UnityEditor.QuickSearchModule:UnityEditor.Search:ASIAI0B
Importing 'GUID: cbb1a39d56ce4d9ac1a46ac505893fa7 - Path: Packages/com.unity.modules.terrainphysics/package.ModuleCompilationTrigger - Importer: ScriptedImporter/UnityEditor.QuickSearchModule:UnityEditor.Search:ASIAI0B' with importer (ScriptedImporter : UnityEditor.QuickSearchModule:UnityEditor.Search:ASIAI0B)
Imported 'GUID: cbb1a39d56ce4d9ac1a46ac505893fa7' -> (Import Result ID: '8b87771bac471949a51ec0ec5c503832') in 0.004 seconds [static and dynamic dependencies]. Details - ImportResultOutputID=f5474dcb352a7c15c6cc5b3ca7c8bcba DependenciesID=553a318e9bba8ae2f9acf4be2c27d194 StaticDependenciesID=1032f2dac4b411291b7d9110bc8e767d 
Number of updated asset objects reloaded before import = 0
Number of asset objects unloaded after import = 1
========================================================================
Received Import Request.
  Time of request: 2026-09-19T15:08:25.6801482Z
  Time since last request: 0.000576 seconds.
  importAddress: GUID: 5a7aba2d3d458e04eb4210c0303fbf64 - Path: Packages/com.unity.ide.visualstudio/Editor/UsageUtility.cs - Importer: ScriptedImporter/UnityEditor.QuickSearchModule:UnityEditor.Search:ASIAI0B
Importing 'GUID: 5a7aba2d3d458e04eb4210c0303fbf64 - Path: Packages/com.unity.ide.visualstudio/Editor/UsageUtility.cs - Importer: ScriptedImporter/UnityEditor.QuickSearchModule:UnityEditor.Search:ASIAI0B' with importer (ScriptedImporter : UnityEditor.QuickSearchModule:UnityEditor.Search:ASIAI0B)
Imported 'GUID: 5a7aba2d3d458e04eb4210c0303fbf64' -> (Import Result ID: 'ba91b34fc64d508136f0e3577d98a2c1') in 0.004 seconds [static and dynamic dependencies]. Details - ImportResultOutputID=b314a5d82338315e2b4d724dab4a1cb2 DependenciesID=3210f84064cbb005e8423788db8deb07 StaticDependenciesID=34956868acf755b8e688b093c3c3a436 
Number of updated asset objects reloaded before import = 0
Number of asset objects unloaded after import = 0
========================================================================
Received Import Request.
  Time of request: 2026-09-19T15:08:25.7040436Z
  Time since last request: 0.0005992 seconds.
  importAddress: GUID: 1be5c96ff30e6ec40876f28fd9ab7e24 - Path: Packages/com.unity.ide.visualstudio/Editor/VisualStudioCodeInstallation.cs - Importer: ScriptedImporter/UnityEditor.QuickSearchModule:UnityEditor.Search:ASIAI0B
Importing 'GUID: 1be5c96ff30e6ec40876f28fd9ab7e24 - Path: Packages/com.unity.ide.visualstudio/Editor/VisualStudioCodeInstallation.cs - Importer: ScriptedImporter/UnityEditor.QuickSearchModule:UnityEditor.Search:ASIAI0B' with importer (ScriptedImporter : UnityEditor.QuickSearchModule:UnityEditor.Search:ASIAI0B)
Imported 'GUID: 1be5c96ff30e6ec40876f28fd9ab7e24' -> (Import Result ID: 'ae5667fde5d976edf95c0be6996658de') in 0.003 seconds [static and dynamic dependencies]. Details - ImportResultOutputID=b1648c54e897124b54486bf1b88920e3 DependenciesID=aa86af0f1fb2d7584bd202dc5824c33f StaticDependenciesID=4068ad59519b921e8a3221d1d7e8e9de 
Number of updated asset objects reloaded before import = 0
Number of asset objects unloaded after import = 0
========================================================================
Received Import Request.
  Time of request: 2026-09-19T15:08:25.7265211Z
  Time since last request: 0.0005908 seconds.
  importAddress: GUID: 92a378669877c05c6071d0fed687bb95 - Path: Packages/com.unity.modules.tilemap/package.json - Importer: ScriptedImporter/UnityEditor.QuickSearchModule:UnityEditor.Search:ASIAI0B
Importing 'GUID: 92a378669877c05c6071d0fed687bb95 - Path: Packages/com.unity.modules.tilemap/package.json - Importer: ScriptedImporter/UnityEditor.QuickSearchModule:UnityEditor.Search:ASIAI0B' with importer (ScriptedImporter : UnityEditor.QuickSearchModule:UnityEditor.Search:ASIAI0B)
Imported 'GUID: 92a378669877c05c6071d0fed687bb95' -> (Import Result ID: '40e98263c1a93c751cc9a1db48eb3dc2') in 0.008 seconds [static and dynamic dependencies]. Details - ImportResultOutputID=dcff16c7d386d74c81a9d24979fa768d DependenciesID=9bd3eb7ecd37a293845eeaa652ad43e0 StaticDependenciesID=35e02e1e4f4f92485777d29e13156f1e 
Number of updated asset objects reloaded before import = 0
Number of asset objects unloaded after import = 1
========================================================================
Received Import Request.
  Time of request: 2026-09-19T15:08:25.7693193Z
  Time since last request: 0.0184799 seconds.
  importAddress: GUID: c851bee4305bddf438cc6ffc515991ce - Path: Packages/com.unity.ugui/CHANGELOG.md - Importer: ScriptedImporter/UnityEditor.QuickSearchModule:UnityEditor.Search:ASIAI0B
Importing 'GUID: c851bee4305bddf438cc6ffc515991ce - Path: Packages/com.unity.ugui/CHANGELOG.md - Importer: ScriptedImporter/UnityEditor.QuickSearchModule:UnityEditor.Search:ASIAI0B' with importer (ScriptedImporter : UnityEditor.QuickSearchModule:UnityEditor.Search:ASIAI0B)
Imported 'GUID: c851bee4305bddf438cc6ffc515991ce' -> (Import Result ID: 'e54116303ee27072a88b7a043361b704') in 0.005 seconds [static and dynamic dependencies]. Details - ImportResultOutputID=0d0a50a939bbbd953562f3a1443fc101 DependenciesID=3f6b866a9f268ee1a3baed7167ae58e9 StaticDependenciesID=e03ba85b5c4498ccfcaf09091f227cfa 
Number of updated asset objects reloaded before import = 0
Number of asset objects unloaded after import = 1
========================================================================
Received Import Request.
  Time of request: 2026-09-19T15:08:25.7916064Z
  Time since last request: 0.0005795 seconds.
  importAddress: GUID: 34e2c9b9d9e44953933afe37461f44e6 - Path: Packages/com.unity.ugui/Editor/TMP/TMP_StyleSheetEditor.cs - Importer: ScriptedImporter/UnityEditor.QuickSearchModule:UnityEditor.Search:ASIAI0B
Importing 'GUID: 34e2c9b9d9e44953933afe37461f44e6 - Path: Packages/com.unity.ugui/Editor/TMP/TMP_StyleSheetEditor.cs - Importer: ScriptedImporter/UnityEditor.QuickSearchModule:UnityEditor.Search:ASIAI0B' with importer (ScriptedImporter : UnityEditor.QuickSearchModule:UnityEditor.Search:ASIAI0B)
Imported 'GUID: 34e2c9b9d9e44953933afe37461f44e6' -> (Import Result ID: '2440290dff409ca6f54df23ddf8a7ed5') in 0.003 seconds [static and dynamic dependencies]. Details - ImportResultOutputID=815afd67afca493b78d2359f96a82743 DependenciesID=7ec53faf122ba164f838e2bd8d757b9e StaticDependenciesID=7a9f9522b52bfaa7c327b56355c9c471 
Number of updated asset objects reloaded before import = 0
Number of asset objects unloaded after import = 0
========================================================================
Received Import Request.
  Time of request: 2026-09-19T15:08:25.8143266Z
  Time since last request: 0.000512 seconds.
  importAddress: GUID: f4935fb862d54980b1bcbca942962642 - Path: Packages/com.unity.ugui/Editor/TMP/TMPro_TexturePostProcessor.cs - Importer: ScriptedImporter/UnityEditor.QuickSearchModule:UnityEditor.Search:ASIAI0B
Importing 'GUID: f4935fb862d54980b1bcbca942962642 - Path: Packages/com.unity.ugui/Editor/TMP/TMPro_TexturePostProcessor.cs - Importer: ScriptedImporter/UnityEditor.QuickSearchModule:UnityEditor.Search:ASIAI0B' with importer (ScriptedImporter : UnityEditor.QuickSearchModule:UnityEditor.Search:ASIAI0B)
Imported 'GUID: f4935fb862d54980b1bcbca942962642' -> (Import Result ID: '58f8e0d4124fe4ca43b736d62e1359e7') in 0.002 seconds [static and dynamic dependencies]. Details - ImportResultOutputID=152e13895134b54b40d43b89de0d0b4b DependenciesID=37115a53b4173a1660c45203a39357e9 StaticDependenciesID=1fb0d8ded4f972a59a29e1489bc465ba 
Number of updated asset objects reloaded before import = 0
Number of asset objects unloaded after import = 0
========================================================================
Received Import Request.
  Time of request: 2026-09-19T15:08:25.8341849Z
  Time since last request: 0.0005414 seconds.
  importAddress: GUID: 96b44f7d98314b139324a8a87eb66067 - Path: Packages/com.unity.ugui/Editor/TMP/TMP_FontAssetEditor.cs - Importer: ScriptedImporter/UnityEditor.QuickSearchModule:UnityEditor.Search:ASIAI0B
Importing 'GUID: 96b44f7d98314b139324a8a87eb66067 - Path: Packages/com.unity.ugui/Editor/TMP/TMP_FontAssetEditor.cs - Importer: ScriptedImporter/UnityEditor.QuickSearchModule:UnityEditor.Search:ASIAI0B' with importer (ScriptedImporter : UnityEditor.QuickSearchModule:UnityEditor.Search:ASIAI0B)
Imported 'GUID: 96b44f7d98314b139324a8a87eb66067' -> (Import Result ID: '6bfc965b6e21552b7f875ab9770b6098') in 0.003 seconds [static and dynamic dependencies]. Details - ImportResultOutputID=d498f7c6101a5f9635ceaeb92a0f666d DependenciesID=8c8cc1769a2afd48397149d145c29b80 StaticDependenciesID=93da040ef6c76e61e582c152c7fe3884 
Number of updated asset objects reloaded before import = 0
Number of asset objects unloaded after import = 0
========================================================================
Received Import Request.
  Time of request: 2026-09-19T15:08:25.8556709Z
  Time since last request: 0.000571 seconds.
  importAddress: GUID: 0719f1a8b2a284e1182b352e6c8c3c60 - Path: Packages/com.unity.ide.visualstudio/Editor/Testing/TestStatusAdaptor.cs - Importer: ScriptedImporter/UnityEditor.QuickSearchModule:UnityEditor.Search:ASIAI0B
Importing 'GUID: 0719f1a8b2a284e1182b352e6c8c3c60 - Path: Packages/com.unity.ide.visualstudio/Editor/Testing/TestStatusAdaptor.cs - Importer: ScriptedImporter/UnityEditor.QuickSearchModule:UnityEditor.Search:ASIAI0B' with importer (ScriptedImporter : UnityEditor.QuickSearchModule:UnityEditor.Search:ASIAI0B)
Imported 'GUID: 0719f1a8b2a284e1182b352e6c8c3c60' -> (Import Result ID: 'ec906f76fbb11c717aced63982ad6168') in 0.003 seconds [static and dynamic dependencies]. Details - ImportResultOutputID=10300df4bacb969d70c1d512b19254e4 DependenciesID=d2a69a152ecda0dc69b81039762822e7 StaticDependenciesID=c9375f1aa15c0483c25fcfca3566f184 
Number of updated asset objects reloaded before import = 0
Number of asset objects unloaded after import = 0
========================================================================
Received Import Request.
  Time of request: 2026-09-19T15:08:25.8803065Z
  Time since last request: 0.0013832 seconds.
  importAddress: GUID: ee148e281f3c41c5b4ff5f8a5afe5a6c - Path: Packages/com.unity.ugui/Editor Resources/Gizmos/TMP - Font Asset Icon.psd - Importer: ScriptedImporter/UnityEditor.QuickSearchModule:UnityEditor.Search:ASIAI0B
Importing 'GUID: ee148e281f3c41c5b4ff5f8a5afe5a6c - Path: Packages/com.unity.ugui/Editor Resources/Gizmos/TMP - Font Asset Icon.psd - Importer: ScriptedImporter/UnityEditor.QuickSearchModule:UnityEditor.Search:ASIAI0B' with importer (ScriptedImporter : UnityEditor.QuickSearchModule:UnityEditor.Search:ASIAI0B)
Imported 'GUID: ee148e281f3c41c5b4ff5f8a5afe5a6c' -> (Import Result ID: 'bd18a50fa8b770176cd37ad6022c792e') in 0.075 seconds [static and dynamic dependencies]. Details - ImportResultOutputID=780a568d321573a09fae1bd404572b50 DependenciesID=5c94701a651500e5c6bb9c077f8b8150 StaticDependenciesID=d8365afe9dc386f27fc0fb3a38003bdd 
Number of updated asset objects reloaded before import = 0
Number of asset objects unloaded after import = 1
========================================================================
Received Import Request.
  Time of request: 2026-09-19T15:08:25.9695904Z
  Time since last request: 0.0005267 seconds.
  importAddress: GUID: 0e0afa652c0031c48896a97b424d027b - Path: Packages/com.unity.ugui/PackageConversionData_Assets.json - Importer: ScriptedImporter/UnityEditor.QuickSearchModule:UnityEditor.Search:ASIAI0B
Importing 'GUID: 0e0afa652c0031c48896a97b424d027b - Path: Packages/com.unity.ugui/PackageConversionData_Assets.json - Importer: ScriptedImporter/UnityEditor.QuickSearchModule:UnityEditor.Search:ASIAI0B' with importer (ScriptedImporter : UnityEditor.QuickSearchModule:UnityEditor.Search:ASIAI0B)
Imported 'GUID: 0e0afa652c0031c48896a97b424d027b' -> (Import Result ID: '217032fe50267eee183fa91959111334') in 0.003 seconds [static and dynamic dependencies]. Details - ImportResultOutputID=8316aa7dce92b04e37b4be61ba233b57 DependenciesID=a6cc02d214c0a2ac8b04bc89bf8fc5bc StaticDependenciesID=860e360e4bbb0d75bf2db08fbbfbf30b 
Number of updated asset objects reloaded before import = 0
Number of asset objects unloaded after import = 1
========================================================================
Received Import Request.
  Time of request: 2026-09-19T15:08:25.9903883Z
  Time since last request: 0.0007349 seconds.
  importAddress: GUID: 68eedd4e5b33b37429c02c4add0036fe - Path: Packages/com.unity.ugui/Editor/TMP/TMP_PackageUtilities.cs - Importer: ScriptedImporter/UnityEditor.QuickSearchModule:UnityEditor.Search:ASIAI0B
Importing 'GUID: 68eedd4e5b33b37429c02c4add0036fe - Path: Packages/com.unity.ugui/Editor/TMP/TMP_PackageUtilities.cs - Importer: ScriptedImporter/UnityEditor.QuickSearchModule:UnityEditor.Search:ASIAI0B' with importer (ScriptedImporter : UnityEditor.QuickSearchModule:UnityEditor.Search:ASIAI0B)
Imported 'GUID: 68eedd4e5b33b37429c02c4add0036fe' -> (Import Result ID: '5ed1efc61987f50cb0952f89a7d07315') in 0.005 seconds [static and dynamic dependencies]. Details - ImportResultOutputID=da9ae3a7945e8de01ec1d5524480dc10 DependenciesID=96e2b7f3d56ed224a4e70da31944d3d5 StaticDependenciesID=6a0ccf8a435efbf4cc487127df015ea1 
Number of updated asset objects reloaded before import = 0
Number of asset objects unloaded after import = 0
========================================================================
Received Import Request.
  Time of request: 2026-09-19T15:08:26.0114652Z
  Time since last request: 0.0007322 seconds.
  importAddress: GUID: 30a939dce2fd4073955f2f20e659d506 - Path: Packages/com.unity.ugui/Editor/TMP/TMP_UIStyleManager.cs - Importer: ScriptedImporter/UnityEditor.QuickSearchModule:UnityEditor.Search:ASIAI0B
Importing 'GUID: 30a939dce2fd4073955f2f20e659d506 - Path: Packages/com.unity.ugui/Editor/TMP/TMP_UIStyleManager.cs - Importer: ScriptedImporter/UnityEditor.QuickSearchModule:UnityEditor.Search:ASIAI0B' with importer (ScriptedImporter : UnityEditor.QuickSearchModule:UnityEditor.Search:ASIAI0B)
Imported 'GUID: 30a939dce2fd4073955f2f20e659d506' -> (Import Result ID: 'd1c3cdf8a19525f174a6d3c221c57ec6') in 0.003 seconds [static and dynamic dependencies]. Details - ImportResultOutputID=fbedc056b8f2d37d754492fc9f13cc56 DependenciesID=709c88ad10c41861b7506ed4b1c98cf4 StaticDependenciesID=fc10a3d55782f928842fb78dfcb4dae3 
Number of updated asset objects reloaded before import = 0
Number of asset objects unloaded after import = 0
========================================================================
Received Import Request.
  Time of request: 2026-09-19T15:08:26.0360314Z
  Time since last request: 0.0006738 seconds.
  importAddress: GUID: fae6007c1ac2cc744b2891fd4d279c96 - Path: Packages/com.unity.ide.visualstudio/Editor/Testing/TestRunnerCallbacks.cs - Importer: ScriptedImporter/UnityEditor.QuickSearchModule:UnityEditor.Search:ASIAI0B
Importing 'GUID: fae6007c1ac2cc744b2891fd4d279c96 - Path: Packages/com.unity.ide.visualstudio/Editor/Testing/TestRunnerCallbacks.cs - Importer: ScriptedImporter/UnityEditor.QuickSearchModule:UnityEditor.Search:ASIAI0B' with importer (ScriptedImporter : UnityEditor.QuickSearchModule:UnityEditor.Search:ASIAI0B)
Imported 'GUID: fae6007c1ac2cc744b2891fd4d279c96' -> (Import Result ID: '87faae3ba4ea981a1f79cfb7ce8021b5') in 0.003 seconds [static and dynamic dependencies]. Details - ImportResultOutputID=4bc39d38e9207a0b48e5fe3e77b236bd DependenciesID=35341fca84de73b4ab1d2747c8d34942 StaticDependenciesID=0d5f3bcac8015ac4981abc0f5f34d7aa 
Number of updated asset objects reloaded before import = 0
Number of asset objects unloaded after import = 0
========================================================================
Received Import Request.
  Time of request: 2026-09-19T15:08:26.0595302Z
  Time since last request: 0.0006717 seconds.
  importAddress: GUID: fcc60c1d6bb544d9b712b652f418ff3a - Path: Packages/com.unity.ugui/Editor/TMP/TMP_ColorGradientEditor.cs - Importer: ScriptedImporter/UnityEditor.QuickSearchModule:UnityEditor.Search:ASIAI0B
Importing 'GUID: fcc60c1d6bb544d9b712b652f418ff3a - Path: Packages/com.unity.ugui/Editor/TMP/TMP_ColorGradientEditor.cs - Importer: ScriptedImporter/UnityEditor.QuickSearchModule:UnityEditor.Search:ASIAI0B' with importer (ScriptedImporter : UnityEditor.QuickSearchModule:UnityEditor.Search:ASIAI0B)
Imported 'GUID: fcc60c1d6bb544d9b712b652f418ff3a' -> (Import Result ID: '997c77817bbf8db4f2bbd1df52154eea') in 0.002 seconds [static and dynamic dependencies]. Details - ImportResultOutputID=a7151d6c82bf3086938a187aecfc6e70 DependenciesID=19a5f1490ae7be9b9c2df6afa0bd4f2e StaticDependenciesID=53ae742731986ca4402d5f3b9d24f1a4 
Number of updated asset objects reloaded before import = 0
Number of asset objects unloaded after import = 0
========================================================================
Received Import Request.
  Time of request: 2026-09-19T15:08:26.0781483Z
  Time since last request: 0.000494 seconds.
  importAddress: GUID: 6b259c4003a802847b9ada90744e34c5 - Path: Packages/com.unity.ugui/Editor/TMP/TMP_EditorResourceManager.cs - Importer: ScriptedImporter/UnityEditor.QuickSearchModule:UnityEditor.Search:ASIAI0B
Importing 'GUID: 6b259c4003a802847b9ada90744e34c5 - Path: Packages/com.unity.ugui/Editor/TMP/TMP_EditorResourceManager.cs - Importer: ScriptedImporter/UnityEditor.QuickSearchModule:UnityEditor.Search:ASIAI0B' with importer (ScriptedImporter : UnityEditor.QuickSearchModule:UnityEditor.Search:ASIAI0B)
Imported 'GUID: 6b259c4003a802847b9ada90744e34c5' -> (Import Result ID: '2dee82c918c1605c9ddc43a900246f15') in 0.003 seconds [static and dynamic dependencies]. Details - ImportResultOutputID=f8004d1e6b4250066f6f713258c1c34e DependenciesID=073fefbb850795884da6c1513b7683ea StaticDependenciesID=5a802e97e428c6506d863162f0bf09cd 
Number of updated asset objects reloaded before import = 0
Number of asset objects unloaded after import = 0
========================================================================
Received Import Request.
  Time of request: 2026-09-19T15:08:26.0998737Z
  Time since last request: 0.0005245 seconds.
  importAddress: GUID: 0e751e877ed14d71a6b8e63ac54949cf - Path: Packages/com.unity.ugui/Editor/TMP/TMP_ProjectTextSettings.cs - Importer: ScriptedImporter/UnityEditor.QuickSearchModule:UnityEditor.Search:ASIAI0B
Importing 'GUID: 0e751e877ed14d71a6b8e63ac54949cf - Path: Packages/com.unity.ugui/Editor/TMP/TMP_ProjectTextSettings.cs - Importer: ScriptedImporter/UnityEditor.QuickSearchModule:UnityEditor.Search:ASIAI0B' with importer (ScriptedImporter : UnityEditor.QuickSearchModule:UnityEditor.Search:ASIAI0B)
Imported 'GUID: 0e751e877ed14d71a6b8e63ac54949cf' -> (Import Result ID: 'e21d94d48fdcb4b58d5688bdf3b81530') in 0.003 seconds [static and dynamic dependencies]. Details - ImportResultOutputID=61facbc365ea16af33b932d4dd229d0e DependenciesID=196013763c4eacfa4a39e5fd2843ad33 StaticDependenciesID=cd1ae5c58b364d0b99889a889e91e6f0 
Number of updated asset objects reloaded before import = 0
Number of asset objects unloaded after import = 0
========================================================================
Received Import Request.
  Time of request: 2026-09-19T15:08:26.1212449Z
  Time since last request: 0.0005349 seconds.
  importAddress: GUID: 6546d7765b4165b40850b3667f981c26 - Path: Packages/com.unity.ugui/Editor/TMP/Unity.TextMeshPro.Editor.asmdef - Importer: ScriptedImporter/UnityEditor.QuickSearchModule:UnityEditor.Search:ASIAI0B
Importing 'GUID: 6546d7765b4165b40850b3667f981c26 - Path: Packages/com.unity.ugui/Editor/TMP/Unity.TextMeshPro.Editor.asmdef - Importer: ScriptedImporter/UnityEditor.QuickSearchModule:UnityEditor.Search:ASIAI0B' with importer (ScriptedImporter : UnityEditor.QuickSearchModule:UnityEditor.Search:ASIAI0B)
Imported 'GUID: 6546d7765b4165b40850b3667f981c26' -> (Import Result ID: 'a304bfe9274771540300e470b7003629') in 0.005 seconds [static and dynamic dependencies]. Details - ImportResultOutputID=e881f61f4d8d6970942fe1a032ef5ab0 DependenciesID=9ae5d2750af14a96873ed84f3603293a StaticDependenciesID=04a965ac19bc3f5cd2c0029665fdb727 
Number of updated asset objects reloaded before import = 0
Number of asset objects unloaded after import = 1
========================================================================
Received Import Request.
  Time of request: 2026-09-19T15:08:26.1441662Z
  Time since last request: 0.0005837 seconds.
  importAddress: GUID: cb67edc1800c2ec4ba8dfb1cf0dfc84a - Path: Packages/com.unity.ide.visualstudio/Editor/COMIntegration/Release/COMIntegration.exe - Importer: ScriptedImporter/UnityEditor.QuickSearchModule:UnityEditor.Search:ASIAI0B
Importing 'GUID: cb67edc1800c2ec4ba8dfb1cf0dfc84a - Path: Packages/com.unity.ide.visualstudio/Editor/COMIntegration/Release/COMIntegration.exe - Importer: ScriptedImporter/UnityEditor.QuickSearchModule:UnityEditor.Search:ASIAI0B' with importer (ScriptedImporter : UnityEditor.QuickSearchModule:UnityEditor.Search:ASIAI0B)
Imported 'GUID: cb67edc1800c2ec4ba8dfb1cf0dfc84a' -> (Import Result ID: '44b11aadef1170be798cae2aef87f278') in 0.006 seconds [static and dynamic dependencies]. Details - ImportResultOutputID=4628546cb7ebf905718fcfb0f116f0c6 DependenciesID=7236c0990a320e55cfab6b6891128fe6 StaticDependenciesID=4b63f43a872cfd2b339f719435d3367e 
Number of updated asset objects reloaded before import = 0
Number of asset objects unloaded after import = 1
========================================================================
Received Import Request.
  Time of request: 2026-09-19T15:08:26.1695324Z
  Time since last request: 0.000671 seconds.
  importAddress: GUID: aa160f27c3fe4052a5850e21108811b6 - Path: Packages/com.unity.ugui/Editor/TMP/TMP_InputFieldEditor.cs - Importer: ScriptedImporter/UnityEditor.QuickSearchModule:UnityEditor.Search:ASIAI0B
Importing 'GUID: aa160f27c3fe4052a5850e21108811b6 - Path: Packages/com.unity.ugui/Editor/TMP/TMP_InputFieldEditor.cs - Importer: ScriptedImporter/UnityEditor.QuickSearchModule:UnityEditor.Search:ASIAI0B' with importer (ScriptedImporter : UnityEditor.QuickSearchModule:UnityEditor.Search:ASIAI0B)
Imported 'GUID: aa160f27c3fe4052a5850e21108811b6' -> (Import Result ID: 'e4e3453131ad28305615329290e6bb4c') in 0.002 seconds [static and dynamic dependencies]. Details - ImportResultOutputID=b79049a5b483286363f25f89821c7d7c DependenciesID=55928d26f02bbfddb805b184bb3c1dc1 StaticDependenciesID=251886a74332da250ceb12b33b40ae5c 
Number of updated asset objects reloaded before import = 0
Number of asset objects unloaded after import = 0
========================================================================
Received Import Request.
  Time of request: 2026-09-19T15:08:26.1906064Z
  Time since last request: 0.0004995 seconds.
  importAddress: GUID: f47f2d030bc1d415a8d15a51dbcc39a2 - Path: Packages/com.unity.ide.visualstudio/Editor/Testing/TestResultAdaptor.cs - Importer: ScriptedImporter/UnityEditor.QuickSearchModule:UnityEditor.Search:ASIAI0B
Importing 'GUID: f47f2d030bc1d415a8d15a51dbcc39a2 - Path: Packages/com.unity.ide.visualstudio/Editor/Testing/TestResultAdaptor.cs - Importer: ScriptedImporter/UnityEditor.QuickSearchModule:UnityEditor.Search:ASIAI0B' with importer (ScriptedImporter : UnityEditor.QuickSearchModule:UnityEditor.Search:ASIAI0B)
Imported 'GUID: f47f2d030bc1d415a8d15a51dbcc39a2' -> (Import Result ID: '5f88767081de0daa67a848e055afa113') in 0.003 seconds [static and dynamic dependencies]. Details - ImportResultOutputID=77455a8d4b78f0e4fd2992adc74d6c79 DependenciesID=36d4ce668e9f8d18052219c4e9a7d512 StaticDependenciesID=bf19d7995d2d712e48ae387583ac19bb 
Number of updated asset objects reloaded before import = 0
Number of asset objects unloaded after import = 0
========================================================================
Received Import Request.
  Time of request: 2026-09-19T15:08:26.2079237Z
  Time since last request: 0.0004701 seconds.
  importAddress: GUID: bc00e25696e4132499f56528d3fed2e3 - Path: Packages/com.unity.ugui/Package Resources/TMP Examples & Extras.unitypackage - Importer: ScriptedImporter/UnityEditor.QuickSearchModule:UnityEditor.Search:ASIAI0B
Importing 'GUID: bc00e25696e4132499f56528d3fed2e3 - Path: Packages/com.unity.ugui/Package Resources/TMP Examples & Extras.unitypackage - Importer: ScriptedImporter/UnityEditor.QuickSearchModule:UnityEditor.Search:ASIAI0B' with importer (ScriptedImporter : UnityEditor.QuickSearchModule:UnityEditor.Search:ASIAI0B)
Imported 'GUID: bc00e25696e4132499f56528d3fed2e3' -> (Import Result ID: '74b22725de61f24ba6f6e166ca238700') in 0.004 seconds [static and dynamic dependencies]. Details - ImportResultOutputID=9884e8f3b2fec8dd5ac87632822ccfda DependenciesID=df02ab83b568cba4e1eac7684f3cea49 StaticDependenciesID=744b0a44b3a5368cc57d8aefe26d002b 
Number of updated asset objects reloaded before import = 0
Number of asset objects unloaded after import = 1
========================================================================
Received Import Request.
  Time of request: 2026-09-19T15:08:26.2277836Z
  Time since last request: 0.0005734 seconds.
  importAddress: GUID: 343deaaf83e0cee4ca978e7df0b80d21 - Path: Packages/com.unity.ugui/Editor/UGUI/UnityEditor.UI.asmdef - Importer: ScriptedImporter/UnityEditor.QuickSearchModule:UnityEditor.Search:ASIAI0B
Importing 'GUID: 343deaaf83e0cee4ca978e7df0b80d21 - Path: Packages/com.unity.ugui/Editor/UGUI/UnityEditor.UI.asmdef - Importer: ScriptedImporter/UnityEditor.QuickSearchModule:UnityEditor.Search:ASIAI0B' with importer (ScriptedImporter : UnityEditor.QuickSearchModule:UnityEditor.Search:ASIAI0B)
Imported 'GUID: 343deaaf83e0cee4ca978e7df0b80d21' -> (Import Result ID: 'c3820883992f5e166ce8e92a872cd49d') in 0.003 seconds [static and dynamic dependencies]. Details - ImportResultOutputID=f3a0205d30fca6d158ecc82e336d5ebf DependenciesID=b6103f821325584e79ef4230a2f12e53 StaticDependenciesID=4a14e7b99f4e924256f545cbb041cf49 
Number of updated asset objects reloaded before import = 0
Number of asset objects unloaded after import = 1
========================================================================
Received Import Request.
  Time of request: 2026-09-19T15:08:26.2703449Z
  Time since last request: 0.0213941 seconds.
  importAddress: GUID: 326e2b1b31fc06d4fa884c803b27b46a - Path: Packages/com.unity.ugui/Runtime/TMP/FontFeatureCommon.cs - Importer: ScriptedImporter/UnityEditor.QuickSearchModule:UnityEditor.Search:ASIAI0B
Importing 'GUID: 326e2b1b31fc06d4fa884c803b27b46a - Path: Packages/com.unity.ugui/Runtime/TMP/FontFeatureCommon.cs - Importer: ScriptedImporter/UnityEditor.QuickSearchModule:UnityEditor.Search:ASIAI0B' with importer (ScriptedImporter : UnityEditor.QuickSearchModule:UnityEditor.Search:ASIAI0B)
Imported 'GUID: 326e2b1b31fc06d4fa884c803b27b46a' -> (Import Result ID: '21fbbc88600fda94cae86bf97df3f462') in 0.003 seconds [static and dynamic dependencies]. Details - ImportResultOutputID=1440acfb822a4aa58448914e933f4594 DependenciesID=b4506d45a5c4d7af6767c752baedfd01 StaticDependenciesID=8cd0b63f9a289ef2b028057a4db443a1 
Number of updated asset objects reloaded before import = 0
Number of asset objects unloaded after import = 0
========================================================================
Received Import Request.
  Time of request: 2026-09-19T15:08:26.2924154Z
  Time since last request: 0.000546 seconds.
  importAddress: GUID: 77476292f9fa4905a787e6417853846b - Path: Packages/com.unity.ugui/Runtime/TMP/TMPro_ExtensionMethods.cs - Importer: ScriptedImporter/UnityEditor.QuickSearchModule:UnityEditor.Search:ASIAI0B
Importing 'GUID: 77476292f9fa4905a787e6417853846b - Path: Packages/com.unity.ugui/Runtime/TMP/TMPro_ExtensionMethods.cs - Importer: ScriptedImporter/UnityEditor.QuickSearchModule:UnityEditor.Search:ASIAI0B' with importer (ScriptedImporter : UnityEditor.QuickSearchModule:UnityEditor.Search:ASIAI0B)
Imported 'GUID: 77476292f9fa4905a787e6417853846b' -> (Import Result ID: 'b6e5b332d72decc25bb1ec224b71678f') in 0.003 seconds [static and dynamic dependencies]. Details - ImportResultOutputID=ef16ef8cceca4fc8402636b6ae06ae9f DependenciesID=46e7f394a7764f27bdc777f24554c6b6 StaticDependenciesID=41fa6ee863b0b2d835e61523fb2667a6 
Number of updated asset objects reloaded before import = 0
Number of asset objects unloaded after import = 0
========================================================================
Received Import Request.
  Time of request: 2026-09-19T15:08:26.3124919Z
  Time since last request: 0.0005396 seconds.
  importAddress: GUID: aaf9006568d76504f982305b517fb490 - Path: Packages/com.unity.ugui/Runtime/TMP/TMP_DynamicFontAssetUtilities.cs - Importer: ScriptedImporter/UnityEditor.QuickSearchModule:UnityEditor.Search:ASIAI0B
Importing 'GUID: aaf9006568d76504f982305b517fb490 - Path: Packages/com.unity.ugui/Runtime/TMP/TMP_DynamicFontAssetUtilities.cs - Importer: ScriptedImporter/UnityEditor.QuickSearchModule:UnityEditor.Search:ASIAI0B' with importer (ScriptedImporter : UnityEditor.QuickSearchModule:UnityEditor.Search:ASIAI0B)
Imported 'GUID: aaf9006568d76504f982305b517fb490' -> (Import Result ID: '22b6b7c6d43d4dff369dff104764c8b4') in 0.003 seconds [static and dynamic dependencies]. Details - ImportResultOutputID=9bad911bb476292b4c2c53a822de057c DependenciesID=518c4d5d032c11fc83f5dc056a587aa1 StaticDependenciesID=059efc64856c46d23e30d763b52219d1 
Number of updated asset objects reloaded before import = 0
Number of asset objects unloaded after import = 0
========================================================================
Received Import Request.
  Time of request: 2026-09-19T15:08:26.3342776Z
  Time since last request: 0.0005182 seconds.
  importAddress: GUID: 9541d86e2fd84c1d9990edf0852d74ab - Path: Packages/com.unity.ugui/Runtime/TMP/TextMeshPro.cs - Importer: ScriptedImporter/UnityEditor.QuickSearchModule:UnityEditor.Search:ASIAI0B
Importing 'GUID: 9541d86e2fd84c1d9990edf0852d74ab - Path: Packages/com.unity.ugui/Runtime/TMP/TextMeshPro.cs - Importer: ScriptedImporter/UnityEditor.QuickSearchModule:UnityEditor.Search:ASIAI0B' with importer (ScriptedImporter : UnityEditor.QuickSearchModule:UnityEditor.Search:ASIAI0B)
Imported 'GUID: 9541d86e2fd84c1d9990edf0852d74ab' -> (Import Result ID: '4fbc026fd5ce60bb5fe57bf3a7e2fd2e') in 0.008 seconds [static and dynamic dependencies]. Details - ImportResultOutputID=8c8179e77c52b9a8ffd3565d2e1511f9 DependenciesID=83353027617b9d8eb294b8d0a8524f2a StaticDependenciesID=0c402f1098bc9722a87290d42dce30c5 
Number of updated asset objects reloaded before import = 0
Number of asset objects unloaded after import = 1
========================================================================
Received Import Request.
  Time of request: 2026-09-19T15:08:26.3578796Z
  Time since last request: 0.0006524 seconds.
  importAddress: GUID: ca51b19024094d1b87f3e07edb0a75fb - Path: Packages/com.unity.ugui/Editor Resources/Textures/btn_AlignBottom.psd - Importer: ScriptedImporter/UnityEditor.QuickSearchModule:UnityEditor.Search:ASIAI0B
Importing 'GUID: ca51b19024094d1b87f3e07edb0a75fb - Path: Packages/com.unity.ugui/Editor Resources/Textures/btn_AlignBottom.psd - Importer: ScriptedImporter/UnityEditor.QuickSearchModule:UnityEditor.Search:ASIAI0B' with importer (ScriptedImporter : UnityEditor.QuickSearchModule:UnityEditor.Search:ASIAI0B)
Imported 'GUID: ca51b19024094d1b87f3e07edb0a75fb' -> (Import Result ID: 'e4115e07a6c8f276471cf6345821a673') in 0.010 seconds [static and dynamic dependencies]. Details - ImportResultOutputID=6883e4f777280d38a94d339fee49f9d2 DependenciesID=97d40ee1b7bdf0194d1ac9a57af88760 StaticDependenciesID=d744bb9adab468753dc20f419d552130 
Number of updated asset objects reloaded before import = 0
Number of asset objects unloaded after import = 1
========================================================================
Received Import Request.
  Time of request: 2026-09-19T15:08:26.3892231Z
  Time since last request: 0.0005021 seconds.
  importAddress: GUID: 9288066c33474b94b6ee5465f4df1cc0 - Path: Packages/com.unity.ugui/Editor Resources/Textures/btn_AlignLeft.psd - Importer: ScriptedImporter/UnityEditor.QuickSearchModule:UnityEditor.Search:ASIAI0B
Importing 'GUID: 9288066c33474b94b6ee5465f4df1cc0 - Path: Packages/com.unity.ugui/Editor Resources/Textures/btn_AlignLeft.psd - Importer: ScriptedImporter/UnityEditor.QuickSearchModule:UnityEditor.Search:ASIAI0B' with importer (ScriptedImporter : UnityEditor.QuickSearchModule:UnityEditor.Search:ASIAI0B)
Imported 'GUID: 9288066c33474b94b6ee5465f4df1cc0' -> (Import Result ID: '1649da47e28381fd77bdea00fe082933') in 0.009 seconds [static and dynamic dependencies]. Details - ImportResultOutputID=30f446d178a43d55011ff3ac118a13ad DependenciesID=83bd8bbc759527666f325a05bcde5cd9 StaticDependenciesID=69481d84025e3162b927950f9ba8616a 
Number of updated asset objects reloaded before import = 0
Number of asset objects unloaded after import = 1
========================================================================
Received Import Request.
  Time of request: 2026-09-19T15:08:26.4182418Z
  Time since last request: 0.0012826 seconds.
  importAddress: GUID: 41b96614b2e6494ba995ddcd252d11ae - Path: Packages/com.unity.ugui/Editor Resources/Textures/btn_AlignMiddle.psd - Importer: ScriptedImporter/UnityEditor.QuickSearchModule:UnityEditor.Search:ASIAI0B
Importing 'GUID: 41b96614b2e6494ba995ddcd252d11ae - Path: Packages/com.unity.ugui/Editor Resources/Textures/btn_AlignMiddle.psd - Importer: ScriptedImporter/UnityEditor.QuickSearchModule:UnityEditor.Search:ASIAI0B' with importer (ScriptedImporter : UnityEditor.QuickSearchModule:UnityEditor.Search:ASIAI0B)
Imported 'GUID: 41b96614b2e6494ba995ddcd252d11ae' -> (Import Result ID: 'ecee54a088018ad4c59cb78cb495933c') in 0.009 seconds [static and dynamic dependencies]. Details - ImportResultOutputID=c1e5a72f4401d42ab4c3edc7f422ac80 DependenciesID=4a5747c111028b5ae141944ffb70e21e StaticDependenciesID=ccd3ececda235525873f1074d739f06e 
Number of updated asset objects reloaded before import = 0
Number of asset objects unloaded after import = 1
========================================================================
Received Import Request.
  Time of request: 2026-09-19T15:08:26.447829Z
  Time since last request: 0.0006441 seconds.
  importAddress: GUID: 81ed8c76d2bc4a4c95d092c98af4e58f - Path: Packages/com.unity.ugui/Editor Resources/Textures/btn_AlignCenter.psd - Importer: ScriptedImporter/UnityEditor.QuickSearchModule:UnityEditor.Search:ASIAI0B
Importing 'GUID: 81ed8c76d2bc4a4c95d092c98af4e58f - Path: Packages/com.unity.ugui/Editor Resources/Textures/btn_AlignCenter.psd - Importer: ScriptedImporter/UnityEditor.QuickSearchModule:UnityEditor.Search:ASIAI0B' with importer (ScriptedImporter : UnityEditor.QuickSearchModule:UnityEditor.Search:ASIAI0B)
Imported 'GUID: 81ed8c76d2bc4a4c95d092c98af4e58f' -> (Import Result ID: '354d6fd0d87331e8137efd7cd4755d96') in 0.012 seconds [static and dynamic dependencies]. Details - ImportResultOutputID=9a797fb513463d9d7b1c37c4a76fca58 DependenciesID=242b062dd2d2c50d54eeab4d1acfa050 StaticDependenciesID=f84f769148484cc8715b5268568bb91d 
Number of updated asset objects reloaded before import = 0
Number of asset objects unloaded after import = 1
========================================================================
Received Import Request.
  Time of request: 2026-09-19T15:08:26.4756473Z
  Time since last request: 0.0005637 seconds.
  importAddress: GUID: e3b0f810fdea84e40ab4ba20f256f7e8 - Path: Packages/com.unity.ugui/Editor Resources/Textures/SectionHeader_Light.psd - Importer: ScriptedImporter/UnityEditor.QuickSearchModule:UnityEditor.Search:ASIAI0B
Importing 'GUID: e3b0f810fdea84e40ab4ba20f256f7e8 - Path: Packages/com.unity.ugui/Editor Resources/Textures/SectionHeader_Light.psd - Importer: ScriptedImporter/UnityEditor.QuickSearchModule:UnityEditor.Search:ASIAI0B' with importer (ScriptedImporter : UnityEditor.QuickSearchModule:UnityEditor.Search:ASIAI0B)
Imported 'GUID: e3b0f810fdea84e40ab4ba20f256f7e8' -> (Import Result ID: '7e1e1434323a8a6c393357b5b418b042') in 0.008 seconds [static and dynamic dependencies]. Details - ImportResultOutputID=f3dae79a6b85de050a84f0bad84c97f3 DependenciesID=a7af4c4951f0581d7411eca8d8ce7d57 StaticDependenciesID=e683eaeb47fd3ff142069625372f69a5 
Number of updated asset objects reloaded before import = 0
Number of asset objects unloaded after import = 1
========================================================================
Received Import Request.
  Time of request: 2026-09-19T15:08:26.5018982Z
  Time since last request: 0.0006059 seconds.
  importAddress: GUID: c76700ea0062413d9f69409b4e9e151b - Path: Packages/com.unity.ugui/Editor Resources/Textures/btn_AlignCenterGeo.psd - Importer: ScriptedImporter/UnityEditor.QuickSearchModule:UnityEditor.Search:ASIAI0B
Importing 'GUID: c76700ea0062413d9f69409b4e9e151b - Path: Packages/com.unity.ugui/Editor Resources/Textures/btn_AlignCenterGeo.psd - Importer: ScriptedImporter/UnityEditor.QuickSearchModule:UnityEditor.Search:ASIAI0B' with importer (ScriptedImporter : UnityEditor.QuickSearchModule:UnityEditor.Search:ASIAI0B)
Imported 'GUID: c76700ea0062413d9f69409b4e9e151b' -> (Import Result ID: 'b89c4e974fdf3377db88af80a85d4804') in 0.010 seconds [static and dynamic dependencies]. Details - ImportResultOutputID=ccba415a79f6717cdbc1da87ca7bac8a DependenciesID=4154f59226030fb6cf602bca341aca5e StaticDependenciesID=7991ff8707cca2a34e01f2ccfbf8d9d8 
Number of updated asset objects reloaded before import = 0
Number of asset objects unloaded after import = 1
========================================================================
Received Import Request.
  Time of request: 2026-09-19T15:08:26.5307166Z
  Time since last request: 0.0006981 seconds.
  importAddress: GUID: 92027f7f8cfc4feaa477da0dc38d3d46 - Path: Packages/com.unity.ugui/Editor Resources/Textures/btn_AlignJustified.psd - Importer: ScriptedImporter/UnityEditor.QuickSearchModule:UnityEditor.Search:ASIAI0B
Importing 'GUID: 92027f7f8cfc4feaa477da0dc38d3d46 - Path: Packages/com.unity.ugui/Editor Resources/Textures/btn_AlignJustified.psd - Importer: ScriptedImporter/UnityEditor.QuickSearchModule:UnityEditor.Search:ASIAI0B' with importer (ScriptedImporter : UnityEditor.QuickSearchModule:UnityEditor.Search:ASIAI0B)
Imported 'GUID: 92027f7f8cfc4feaa477da0dc38d3d46' -> (Import Result ID: 'c9af0985a08fd9812f7d69f0e16a0961') in 0.008 seconds [static and dynamic dependencies]. Details - ImportResultOutputID=8de7d8d04a0ac8e48ae47251c36e6d9c DependenciesID=9773d91b6595fbf9c382ab87d125ddcf StaticDependenciesID=a6c55a00bb5417d198517226895b81c7 
Number of updated asset objects reloaded before import = 0
Number of asset objects unloaded after import = 1
========================================================================
Received Import Request.
  Time of request: 2026-09-19T15:08:26.5581961Z
  Time since last request: 0.0003556 seconds.
  importAddress: GUID: 77b2d47bca9376f4a8ae69084a485957 - Path: Packages/com.unity.ugui/Runtime/TMP/FontFeatureCommonGSUB.cs - Importer: ScriptedImporter/UnityEditor.QuickSearchModule:UnityEditor.Search:ASIAI0B
Importing 'GUID: 77b2d47bca9376f4a8ae69084a485957 - Path: Packages/com.unity.ugui/Runtime/TMP/FontFeatureCommonGSUB.cs - Importer: ScriptedImporter/UnityEditor.QuickSearchModule:UnityEditor.Search:ASIAI0B' with importer (ScriptedImporter : UnityEditor.QuickSearchModule:UnityEditor.Search:ASIAI0B)
Imported 'GUID: 77b2d47bca9376f4a8ae69084a485957' -> (Import Result ID: 'abbc40119eafbf23a36b64a256635ad3') in 0.003 seconds [static and dynamic dependencies]. Details - ImportResultOutputID=1fc144b8d3620f02ce16b4948e386a1e DependenciesID=e3912a02cb67d5072d17a4f95a767765 StaticDependenciesID=003d22ae9ae16e432a73ed6a7dc66df4 
Number of updated asset objects reloaded before import = 0
Number of asset objects unloaded after import = 0
========================================================================
Received Import Request.
  Time of request: 2026-09-19T15:08:26.5806241Z
  Time since last request: 0.0005211 seconds.
  importAddress: GUID: a4bbbb1fed4e2b7448af9313d6d00536 - Path: Packages/com.unity.ugui/Runtime/TMP/FontFeatureCommonGPOS.cs - Importer: ScriptedImporter/UnityEditor.QuickSearchModule:UnityEditor.Search:ASIAI0B
Importing 'GUID: a4bbbb1fed4e2b7448af9313d6d00536 - Path: Packages/com.unity.ugui/Runtime/TMP/FontFeatureCommonGPOS.cs - Importer: ScriptedImporter/UnityEditor.QuickSearchModule:UnityEditor.Search:ASIAI0B' with importer (ScriptedImporter : UnityEditor.QuickSearchModule:UnityEditor.Search:ASIAI0B)
Imported 'GUID: a4bbbb1fed4e2b7448af9313d6d00536' -> (Import Result ID: 'b0c94712c3493b48c4b5aa4703db91c2') in 0.003 seconds [static and dynamic dependencies]. Details - ImportResultOutputID=515e132959f66cbc338aff843c69ac58 DependenciesID=0f109da0f98a7f95c10bab1c21258190 StaticDependenciesID=1f193cb907656937235baf5fe7becc75 
Number of updated asset objects reloaded before import = 0
Number of asset objects unloaded after import = 0
========================================================================
Received Import Request.
  Time of request: 2026-09-19T15:08:26.6004847Z
  Time since last request: 0.000483 seconds.
  importAddress: GUID: 7b743370ac3e4ec2a1668f5455a8ef8a - Path: Packages/com.unity.ugui/Runtime/TMP/TMP_Dropdown.cs - Importer: ScriptedImporter/UnityEditor.QuickSearchModule:UnityEditor.Search:ASIAI0B
Importing 'GUID: 7b743370ac3e4ec2a1668f5455a8ef8a - Path: Packages/com.unity.ugui/Runtime/TMP/TMP_Dropdown.cs - Importer: ScriptedImporter/UnityEditor.QuickSearchModule:UnityEditor.Search:ASIAI0B' with importer (ScriptedImporter : UnityEditor.QuickSearchModule:UnityEditor.Search:ASIAI0B)
Imported 'GUID: 7b743370ac3e4ec2a1668f5455a8ef8a' -> (Import Result ID: '3f864d4f4f1ce22bc542b703940cc284') in 0.004 seconds [static and dynamic dependencies]. Details - ImportResultOutputID=29b7e47165b1f21cdee5521a748a85f1 DependenciesID=5c9c1fabe144b1cbc621d447bf4bf459 StaticDependenciesID=b23e434d89e067cf664b89403018d2a7 
Number of updated asset objects reloaded before import = 0
Number of asset objects unloaded after import = 1
========================================================================
Received Import Request.
  Time of request: 2026-09-19T15:08:26.622481Z
  Time since last request: 0.0005863 seconds.
  importAddress: GUID: f4688fdb7df04437aeb418b961361dc5 - Path: Packages/com.unity.ugui/Runtime/TMP/TextMeshProUGUI.cs - Importer: ScriptedImporter/UnityEditor.QuickSearchModule:UnityEditor.Search:ASIAI0B
Importing 'GUID: f4688fdb7df04437aeb418b961361dc5 - Path: Packages/com.unity.ugui/Runtime/TMP/TextMeshProUGUI.cs - Importer: ScriptedImporter/UnityEditor.QuickSearchModule:UnityEditor.Search:ASIAI0B' with importer (ScriptedImporter : UnityEditor.QuickSearchModule:UnityEditor.Search:ASIAI0B)
Imported 'GUID: f4688fdb7df04437aeb418b961361dc5' -> (Import Result ID: 'a5424e3420690ef0a638d54973005109') in 0.003 seconds [static and dynamic dependencies]. Details - ImportResultOutputID=224869d799f4790a757c284d44426737 DependenciesID=1bac1ef1e2c5c1fcd69d7f0401d68540 StaticDependenciesID=1b46577e6aeb988643907ffd47f68634 
Number of updated asset objects reloaded before import = 0
Number of asset objects unloaded after import = 1
========================================================================
Received Import Request.
  Time of request: 2026-09-19T15:08:26.6443476Z
  Time since last request: 0.0007133 seconds.
  importAddress: GUID: 54d21f6ece3b46479f0c328f8c6007e0 - Path: Packages/com.unity.ugui/Runtime/TMP/TMP_ColorGradient.cs - Importer: ScriptedImporter/UnityEditor.QuickSearchModule:UnityEditor.Search:ASIAI0B
Importing 'GUID: 54d21f6ece3b46479f0c328f8c6007e0 - Path: Packages/com.unity.ugui/Runtime/TMP/TMP_ColorGradient.cs - Importer: ScriptedImporter/UnityEditor.QuickSearchModule:UnityEditor.Search:ASIAI0B' with importer (ScriptedImporter : UnityEditor.QuickSearchModule:UnityEditor.Search:ASIAI0B)
Imported 'GUID: 54d21f6ece3b46479f0c328f8c6007e0' -> (Import Result ID: '605e5203f877ef46d08462b0a652f097') in 0.003 seconds [static and dynamic dependencies]. Details - ImportResultOutputID=9e99fc8a4bbaab8f2b8b1c6b9494eeb1 DependenciesID=59ec0fa142ab0abb4bf09e19af566572 StaticDependenciesID=d25c43d797942d6b1872d8c899336feb 
Number of updated asset objects reloaded before import = 0
Number of asset objects unloaded after import = 0
========================================================================
Received Import Request.
  Time of request: 2026-09-19T15:08:26.6672411Z
  Time since last request: 0.0006592 seconds.
  importAddress: GUID: 79ff392d1bde4ad78a3836a4a480392d - Path: Packages/com.unity.ugui/Runtime/TMP/TMP_InputValidator.cs - Importer: ScriptedImporter/UnityEditor.QuickSearchModule:UnityEditor.Search:ASIAI0B
Importing 'GUID: 79ff392d1bde4ad78a3836a4a480392d - Path: Packages/com.unity.ugui/Runtime/TMP/TMP_InputValidator.cs - Importer: ScriptedImporter/UnityEditor.QuickSearchModule:UnityEditor.Search:ASIAI0B' with importer (ScriptedImporter : UnityEditor.QuickSearchModule:UnityEditor.Search:ASIAI0B)
Imported 'GUID: 79ff392d1bde4ad78a3836a4a480392d' -> (Import Result ID: '17565a7f50e6b4dbb0612ea31c3c81dc') in 0.005 seconds [static and dynamic dependencies]. Details - ImportResultOutputID=59139d23bc02e22880f41807552e466e DependenciesID=ec75cedd422ec10de8f5b642d088cd7e StaticDependenciesID=55f0a6d675b57be30c95aee446619a95 
Number of updated asset objects reloaded before import = 0
Number of asset objects unloaded after import = 0
========================================================================
Received Import Request.
  Time of request: 2026-09-19T15:08:26.6917303Z
  Time since last request: 0.0008541 seconds.
  importAddress: GUID: 691475c57a824010be0c6f474caeb7e1 - Path: Packages/com.unity.ugui/Editor Resources/Textures/btn_AlignFlush.psd - Importer: ScriptedImporter/UnityEditor.QuickSearchModule:UnityEditor.Search:ASIAI0B
Importing 'GUID: 691475c57a824010be0c6f474caeb7e1 - Path: Packages/com.unity.ugui/Editor Resources/Textures/btn_AlignFlush.psd - Importer: ScriptedImporter/UnityEditor.QuickSearchModule:UnityEditor.Search:ASIAI0B' with importer (ScriptedImporter : UnityEditor.QuickSearchModule:UnityEditor.Search:ASIAI0B)
Imported 'GUID: 691475c57a824010be0c6f474caeb7e1' -> (Import Result ID: '26822866c2ae67a24881a30eef20db42') in 0.009 seconds [static and dynamic dependencies]. Details - ImportResultOutputID=43e8d4b2cd89573ee48e8d78709d19ad DependenciesID=f2735a044c19ef88e477972e04430b31 StaticDependenciesID=2f8873571b67b2246745e092f8552935 
Number of updated asset objects reloaded before import = 0
Number of asset objects unloaded after import = 1
========================================================================
Received Import Request.
  Time of request: 2026-09-19T15:08:26.7171067Z
  Time since last request: 0.0007164 seconds.
  importAddress: GUID: 2fd6421f253b4ef1a19526541f9ffc0c - Path: Packages/com.unity.ugui/Editor Resources/Gizmos/TMP - Text Component Icon.psd - Importer: ScriptedImporter/UnityEditor.QuickSearchModule:UnityEditor.Search:ASIAI0B
Importing 'GUID: 2fd6421f253b4ef1a19526541f9ffc0c - Path: Packages/com.unity.ugui/Editor Resources/Gizmos/TMP - Text Component Icon.psd - Importer: ScriptedImporter/UnityEditor.QuickSearchModule:UnityEditor.Search:ASIAI0B' with importer (ScriptedImporter : UnityEditor.QuickSearchModule:UnityEditor.Search:ASIAI0B)
Imported 'GUID: 2fd6421f253b4ef1a19526541f9ffc0c' -> (Import Result ID: 'e58e11927a5116bd3692a80f1470684e') in 0.010 seconds [static and dynamic dependencies]. Details - ImportResultOutputID=308e3e6033a493225b3cd8abb684bf48 DependenciesID=1e83539ea6a0b851eee11540e7e660cd StaticDependenciesID=4236884b77ea0589dc7feee4d4f4f4ab 
Number of updated asset objects reloaded before import = 0
Number of asset objects unloaded after import = 1
========================================================================
Received Import Request.
  Time of request: 2026-09-19T15:08:26.7463659Z
  Time since last request: 0.0005563 seconds.
  importAddress: GUID: fa6bd40a216346b783a4cce741d277a5 - Path: Packages/com.unity.ugui/Editor Resources/Textures/btn_AlignJustified_Light.psd - Importer: ScriptedImporter/UnityEditor.QuickSearchModule:UnityEditor.Search:ASIAI0B
Importing 'GUID: fa6bd40a216346b783a4cce741d277a5 - Path: Packages/com.unity.ugui/Editor Resources/Textures/btn_AlignJustified_Light.psd - Importer: ScriptedImporter/UnityEditor.QuickSearchModule:UnityEditor.Search:ASIAI0B' with importer (ScriptedImporter : UnityEditor.QuickSearchModule:UnityEditor.Search:ASIAI0B)
Imported 'GUID: fa6bd40a216346b783a4cce741d277a5' -> (Import Result ID: '6e886bd3dba6faa561bc53a10d4f636b') in 0.007 seconds [static and dynamic dependencies]. Details - ImportResultOutputID=fa5c5e1de38aedafb3ea0f349065b2cc DependenciesID=4d7fb790797fe5c921712f711de32770 StaticDependenciesID=bb4cfd4c8c2a63e5cfa0ed276ba4dbe8 
Number of updated asset objects reloaded before import = 0
Number of asset objects unloaded after import = 1
========================================================================
Received Import Request.
  Time of request: 2026-09-19T15:08:26.7688667Z
  Time since last request: 0.0006589 seconds.
  importAddress: GUID: bb42b2d967d6427983c901a4ffc8ecd9 - Path: Packages/com.unity.ugui/Editor Resources/Textures/btn_AlignMidline_Light.psd - Importer: ScriptedImporter/UnityEditor.QuickSearchModule:UnityEditor.Search:ASIAI0B
Importing 'GUID: bb42b2d967d6427983c901a4ffc8ecd9 - Path: Packages/com.unity.ugui/Editor Resources/Textures/btn_AlignMidline_Light.psd - Importer: ScriptedImporter/UnityEditor.QuickSearchModule:UnityEditor.Search:ASIAI0B' with importer (ScriptedImporter : UnityEditor.QuickSearchModule:UnityEditor.Search:ASIAI0B)
Imported 'GUID: bb42b2d967d6427983c901a4ffc8ecd9' -> (Import Result ID: '1977430c1f31f0e5a15bffe51269c3d3') in 0.011 seconds [static and dynamic dependencies]. Details - ImportResultOutputID=359d09bc118f4d6cc1e5c2ee0674b1a5 DependenciesID=0dc4069687a77fecd1c7960f51ca7fc0 StaticDependenciesID=b36a0de146ba91dc137f1ea09d449ae5 
Number of updated asset objects reloaded before import = 0
Number of asset objects unloaded after import = 1
========================================================================
Received Import Request.
  Time of request: 2026-09-19T15:08:26.7983407Z
  Time since last request: 0.0037632 seconds.
  importAddress: GUID: 71c1514a6bd24e1e882cebbe1904ce04 - Path: Packages/com.unity.ugui/Runtime/TMP/TMP_FontAsset.cs - Importer: ScriptedImporter/UnityEditor.QuickSearchModule:UnityEditor.Search:ASIAI0B
Importing 'GUID: 71c1514a6bd24e1e882cebbe1904ce04 - Path: Packages/com.unity.ugui/Runtime/TMP/TMP_FontAsset.cs - Importer: ScriptedImporter/UnityEditor.QuickSearchModule:UnityEditor.Search:ASIAI0B' with importer (ScriptedImporter : UnityEditor.QuickSearchModule:UnityEditor.Search:ASIAI0B)
Imported 'GUID: 71c1514a6bd24e1e882cebbe1904ce04' -> (Import Result ID: '32912872e26169823c8d31d026fb645a') in 0.004 seconds [static and dynamic dependencies]. Details - ImportResultOutputID=5c2d77ee28f356d36b474c226d3eeef8 DependenciesID=90ec6ee75407fe88333d2fb72a821de4 StaticDependenciesID=6c0005ce46dd74fa99c897f9c7e97946 
Number of updated asset objects reloaded before import = 0
Number of asset objects unloaded after import = 1
========================================================================
Received Import Request.
  Time of request: 2026-09-19T15:08:26.8247442Z
  Time since last request: 0.0046843 seconds.
  importAddress: GUID: fea49a0730244a98bf1087f7ca9410a8 - Path: Packages/com.unity.ugui/Runtime/TMP/TMP_ShaderUtilities.cs - Importer: ScriptedImporter/UnityEditor.QuickSearchModule:UnityEditor.Search:ASIAI0B
Importing 'GUID: fea49a0730244a98bf1087f7ca9410a8 - Path: Packages/com.unity.ugui/Runtime/TMP/TMP_ShaderUtilities.cs - Importer: ScriptedImporter/UnityEditor.QuickSearchModule:UnityEditor.Search:ASIAI0B' with importer (ScriptedImporter : UnityEditor.QuickSearchModule:UnityEditor.Search:ASIAI0B)
Imported 'GUID: fea49a0730244a98bf1087f7ca9410a8' -> (Import Result ID: 'bc621a9d7b0baa055d89c3eacfa54344') in 0.003 seconds [static and dynamic dependencies]. Details - ImportResultOutputID=39b48c4d52e41fba2665834e299e1fb7 DependenciesID=79ebfa63458f057df61481e25bfe1efc StaticDependenciesID=0b52e594e48def4e854b6df950c71060 
Number of updated asset objects reloaded before import = 0
Number of asset objects unloaded after import = 0
========================================================================
Received Import Request.
  Time of request: 2026-09-19T15:08:26.8451016Z
  Time since last request: 0.00045 seconds.
  importAddress: GUID: 2bafac87e7f4b9b418d9448d219b01ab - Path: Packages/com.unity.ugui/Runtime/UGUI/UnityEngine.UI.asmdef - Importer: ScriptedImporter/UnityEditor.QuickSearchModule:UnityEditor.Search:ASIAI0B
Importing 'GUID: 2bafac87e7f4b9b418d9448d219b01ab - Path: Packages/com.unity.ugui/Runtime/UGUI/UnityEngine.UI.asmdef - Importer: ScriptedImporter/UnityEditor.QuickSearchModule:UnityEditor.Search:ASIAI0B' with importer (ScriptedImporter : UnityEditor.QuickSearchModule:UnityEditor.Search:ASIAI0B)
Imported 'GUID: 2bafac87e7f4b9b418d9448d219b01ab' -> (Import Result ID: 'f06c6b4427311191850dd48f1cb25f30') in 0.006 seconds [static and dynamic dependencies]. Details - ImportResultOutputID=b3ac9a7efd977245e7fe85c7cc355605 DependenciesID=7810dd77209bac35707d4ceac7637e37 StaticDependenciesID=d1b7d276bcd8f9e9942642f21beb2699 
Number of updated asset objects reloaded before import = 0
Number of asset objects unloaded after import = 1
========================================================================
Received Import Request.
  Time of request: 2026-09-19T15:08:26.8666269Z
  Time since last request: 0.0003945 seconds.
  importAddress: GUID: 9545c9eb3bf94265810463794fec8334 - Path: Packages/com.unity.ugui/Editor/TMP/PropertyDrawers/DropdownOptionListDrawer.cs - Importer: ScriptedImporter/UnityEditor.QuickSearchModule:UnityEditor.Search:ASIAI0B
Importing 'GUID: 9545c9eb3bf94265810463794fec8334 - Path: Packages/com.unity.ugui/Editor/TMP/PropertyDrawers/DropdownOptionListDrawer.cs - Importer: ScriptedImporter/UnityEditor.QuickSearchModule:UnityEditor.Search:ASIAI0B' with importer (ScriptedImporter : UnityEditor.QuickSearchModule:UnityEditor.Search:ASIAI0B)
Imported 'GUID: 9545c9eb3bf94265810463794fec8334' -> (Import Result ID: 'c89dbf0d68f5ff448ecab7ec87e61078') in 0.002 seconds [static and dynamic dependencies]. Details - ImportResultOutputID=6c81b99396fe5dab561368968d5f0b85 DependenciesID=9132ed88ff8fbb0bc0d11c530c4bb655 StaticDependenciesID=5c7cf3e1d82196c5f7e7b9188469e4e9 
Number of updated asset objects reloaded before import = 0
Number of asset objects unloaded after import = 0
========================================================================
Received Import Request.
  Time of request: 2026-09-19T15:08:26.8849521Z
  Time since last request: 0.0006478 seconds.
  importAddress: GUID: 84a92b25f83d49b9bc132d206b370281 - Path: Packages/com.unity.ugui/Runtime/TMP/TMP_SpriteAsset.cs - Importer: ScriptedImporter/UnityEditor.QuickSearchModule:UnityEditor.Search:ASIAI0B
Importing 'GUID: 84a92b25f83d49b9bc132d206b370281 - Path: Packages/com.unity.ugui/Runtime/TMP/TMP_SpriteAsset.cs - Importer: ScriptedImporter/UnityEditor.QuickSearchModule:UnityEditor.Search:ASIAI0B' with importer (ScriptedImporter : UnityEditor.QuickSearchModule:UnityEditor.Search:ASIAI0B)
Imported 'GUID: 84a92b25f83d49b9bc132d206b370281' -> (Import Result ID: '11842bd2773b3cd0abf8fd240f3c1dc6') in 0.004 seconds [static and dynamic dependencies]. Details - ImportResultOutputID=79c8258bd516b2b2583bc89561783acb DependenciesID=3e45f43b6c0baa1b4f4235519c8f49dc StaticDependenciesID=0b1bf7d209c965891edf6a74ab9dd246 
Number of updated asset objects reloaded before import = 0
Number of asset objects unloaded after import = 1
========================================================================
Received Import Request.
  Time of request: 2026-09-19T15:08:26.9091663Z
  Time since last request: 0.0006334 seconds.
  importAddress: GUID: e4e0b1de1aee400d81ed4273141e7823 - Path: Packages/com.unity.ugui/Runtime/TMP/TMP_SpriteAssetImportFormats.cs - Importer: ScriptedImporter/UnityEditor.QuickSearchModule:UnityEditor.Search:ASIAI0B
Importing 'GUID: e4e0b1de1aee400d81ed4273141e7823 - Path: Packages/com.unity.ugui/Runtime/TMP/TMP_SpriteAssetImportFormats.cs - Importer: ScriptedImporter/UnityEditor.QuickSearchModule:UnityEditor.Search:ASIAI0B' with importer (ScriptedImporter : UnityEditor.QuickSearchModule:UnityEditor.Search:ASIAI0B)
Imported 'GUID: e4e0b1de1aee400d81ed4273141e7823' -> (Import Result ID: '10b14920f5d562e1d07488f03355f6ba') in 0.004 seconds [static and dynamic dependencies]. Details - ImportResultOutputID=e3a45dffaff592411892b3827f15527c DependenciesID=7799a3f2446044fa4af2c7dce4b68773 StaticDependenciesID=123b93988922d62eed150f43ddec1048 
Number of updated asset objects reloaded before import = 0
Number of asset objects unloaded after import = 0
========================================================================
Received Import Request.
  Time of request: 2026-09-19T15:08:26.9328182Z
  Time since last request: 0.0004288 seconds.
  importAddress: GUID: 30bed781e402439ab8ce4e3357708115 - Path: Packages/com.unity.ugui/Runtime/TMP/TMP_Style.cs - Importer: ScriptedImporter/UnityEditor.QuickSearchModule:UnityEditor.Search:ASIAI0B
Importing 'GUID: 30bed781e402439ab8ce4e3357708115 - Path: Packages/com.unity.ugui/Runtime/TMP/TMP_Style.cs - Importer: ScriptedImporter/UnityEditor.QuickSearchModule:UnityEditor.Search:ASIAI0B' with importer (ScriptedImporter : UnityEditor.QuickSearchModule:UnityEditor.Search:ASIAI0B)
Imported 'GUID: 30bed781e402439ab8ce4e3357708115' -> (Import Result ID: 'a1e26e6f594878a4b20c5b1f9b2538e7') in 0.003 seconds [static and dynamic dependencies]. Details - ImportResultOutputID=8cbbf625b240d8cdac7b2db7649b3d0b DependenciesID=afbae89f4f6267e31c5ff88d4e311e74 StaticDependenciesID=2525d9821ff9c62d5c11b3409c1da0ec 
Number of updated asset objects reloaded before import = 0
Number of asset objects unloaded after import = 0
========================================================================
Received Import Request.
  Time of request: 2026-09-19T15:08:26.953718Z
  Time since last request: 0.0004709 seconds.
  importAddress: GUID: 58c9792f08de21b4194eb2f9d862dc22 - Path: Packages/com.unity.ugui/Runtime/UGUI/AssemblyInfo.cs - Importer: ScriptedImporter/UnityEditor.QuickSearchModule:UnityEditor.Search:ASIAI0B
Importing 'GUID: 58c9792f08de21b4194eb2f9d862dc22 - Path: Packages/com.unity.ugui/Runtime/UGUI/AssemblyInfo.cs - Importer: ScriptedImporter/UnityEditor.QuickSearchModule:UnityEditor.Search:ASIAI0B' with importer (ScriptedImporter : UnityEditor.QuickSearchModule:UnityEditor.Search:ASIAI0B)
Imported 'GUID: 58c9792f08de21b4194eb2f9d862dc22' -> (Import Result ID: 'dd24de59ad55869825fd621cd1e4d491') in 0.003 seconds [static and dynamic dependencies]. Details - ImportResultOutputID=042785300d342a9934fefa0088fecb26 DependenciesID=8f90636abc6d82de43076303d54907f9 StaticDependenciesID=4e8ee6144b0668a67b6fe4c1bf781af8 
Number of updated asset objects reloaded before import = 0
Number of asset objects unloaded after import = 0
========================================================================
Received Import Request.
  Time of request: 2026-09-19T15:08:26.9735872Z
  Time since last request: 0.0007356 seconds.
  importAddress: GUID: 6f72aa6eab9392548b9e9d92eb6b2ef8 - Path: Packages/com.unity.ugui/Editor/UGUI/EventSystem/EventSystemEditor.cs - Importer: ScriptedImporter/UnityEditor.QuickSearchModule:UnityEditor.Search:ASIAI0B
Importing 'GUID: 6f72aa6eab9392548b9e9d92eb6b2ef8 - Path: Packages/com.unity.ugui/Editor/UGUI/EventSystem/EventSystemEditor.cs - Importer: ScriptedImporter/UnityEditor.QuickSearchModule:UnityEditor.Search:ASIAI0B' with importer (ScriptedImporter : UnityEditor.QuickSearchModule:UnityEditor.Search:ASIAI0B)
Imported 'GUID: 6f72aa6eab9392548b9e9d92eb6b2ef8' -> (Import Result ID: '97bc2845c02d0cb526dd46c8333664e5') in 0.003 seconds [static and dynamic dependencies]. Details - ImportResultOutputID=d5f24b66ef3988bb8d5106bdf55b4524 DependenciesID=efd6abe7c7684546c812c699ec1d2109 StaticDependenciesID=f199d9f546ab9792a8ec9d6aca8ab5e6 
Number of updated asset objects reloaded before import = 0
Number of asset objects unloaded after import = 0
========================================================================
Received Import Request.
  Time of request: 2026-09-19T15:08:26.9945954Z
  Time since last request: 0.0004025 seconds.
  importAddress: GUID: cf1fe50a641faac4691bf49eb32ce333 - Path: Packages/com.unity.ugui/Runtime/TMP/TMP_PackageResourceImporter.cs - Importer: ScriptedImporter/UnityEditor.QuickSearchModule:UnityEditor.Search:ASIAI0B
Importing 'GUID: cf1fe50a641faac4691bf49eb32ce333 - Path: Packages/com.unity.ugui/Runtime/TMP/TMP_PackageResourceImporter.cs - Importer: ScriptedImporter/UnityEditor.QuickSearchModule:UnityEditor.Search:ASIAI0B' with importer (ScriptedImporter : UnityEditor.QuickSearchModule:UnityEditor.Search:ASIAI0B)
Imported 'GUID: cf1fe50a641faac4691bf49eb32ce333' -> (Import Result ID: '390c388c6b50d1ca4f7135e0f273f062') in 0.003 seconds [static and dynamic dependencies]. Details - ImportResultOutputID=e70312c1ae35fd3a6d0e9151a09533dc DependenciesID=256d20d69870e04282c378578adc4205 StaticDependenciesID=98c2d362a34bc9ca827df9064de2a338 
Number of updated asset objects reloaded before import = 0
Number of asset objects unloaded after import = 0
========================================================================
Received Import Request.
  Time of request: 2026-09-19T15:08:27.015955Z
  Time since last request: 0.0005776 seconds.
  importAddress: GUID: 87ab1bebe13f41f89d5427e7d2c34d58 - Path: Packages/com.unity.ugui/Runtime/TMP/TMP_TextElement_Legacy.cs - Importer: ScriptedImporter/UnityEditor.QuickSearchModule:UnityEditor.Search:ASIAI0B
Importing 'GUID: 87ab1bebe13f41f89d5427e7d2c34d58 - Path: Packages/com.unity.ugui/Runtime/TMP/TMP_TextElement_Legacy.cs - Importer: ScriptedImporter/UnityEditor.QuickSearchModule:UnityEditor.Search:ASIAI0B' with importer (ScriptedImporter : UnityEditor.QuickSearchModule:UnityEditor.Search:ASIAI0B)
Imported 'GUID: 87ab1bebe13f41f89d5427e7d2c34d58' -> (Import Result ID: '67842fff1d134aaa2433c8edcc82fd3e') in 0.003 seconds [static and dynamic dependencies]. Details - ImportResultOutputID=78c88d69ad7bb60e0843fdbce224fb34 DependenciesID=fe736c69260487eaa864af9973ebd9c2 StaticDependenciesID=e461295297811312d0232da613d76f52 
Number of updated asset objects reloaded before import = 0
Number of asset objects unloaded after import = 0
========================================================================
Received Import Request.
  Time of request: 2026-09-19T15:08:27.0401918Z
  Time since last request: 0.0008622 seconds.
  importAddress: GUID: 20a9b557a46149dfbfa04a3a7080f5aa - Path: Packages/com.unity.ugui/Runtime/TMP/TMP_TextProcessingStack.cs - Importer: ScriptedImporter/UnityEditor.QuickSearchModule:UnityEditor.Search:ASIAI0B
Importing 'GUID: 20a9b557a46149dfbfa04a3a7080f5aa - Path: Packages/com.unity.ugui/Runtime/TMP/TMP_TextProcessingStack.cs - Importer: ScriptedImporter/UnityEditor.QuickSearchModule:UnityEditor.Search:ASIAI0B' with importer (ScriptedImporter : UnityEditor.QuickSearchModule:UnityEditor.Search:ASIAI0B)
Imported 'GUID: 20a9b557a46149dfbfa04a3a7080f5aa' -> (Import Result ID: '85449e3751b0e943833e56463632a0f7') in 0.003 seconds [static and dynamic dependencies]. Details - ImportResultOutputID=ea264e40b746456440bf71d0f98ea9a5 DependenciesID=e728fe57749a6561a96d0d7d36f8acad StaticDependenciesID=ed560ee8c9ea93c9009c2a99415458e4 
Number of updated asset objects reloaded before import = 0
Number of asset objects unloaded after import = 0
========================================================================
Received Import Request.
  Time of request: 2026-09-19T15:08:27.0613598Z
  Time since last request: 0.0008729 seconds.
  importAddress: GUID: e976a5e755c7016418f66e15223c1b90 - Path: Packages/com.unity.ugui/Editor/UGUI/EventSystem/PhysicsRaycasterEditor.cs - Importer: ScriptedImporter/UnityEditor.QuickSearchModule:UnityEditor.Search:ASIAI0B
Importing 'GUID: e976a5e755c7016418f66e15223c1b90 - Path: Packages/com.unity.ugui/Editor/UGUI/EventSystem/PhysicsRaycasterEditor.cs - Importer: ScriptedImporter/UnityEditor.QuickSearchModule:UnityEditor.Search:ASIAI0B' with importer (ScriptedImporter : UnityEditor.QuickSearchModule:UnityEditor.Search:ASIAI0B)
Imported 'GUID: e976a5e755c7016418f66e15223c1b90' -> (Import Result ID: '37d37fda7a36a239c13c16854ea3687d') in 0.003 seconds [static and dynamic dependencies]. Details - ImportResultOutputID=a3369aecff02d0d8c1ff0fa30db09ede DependenciesID=2036c363ebaaf0f2a02cbaa7a8393961 StaticDependenciesID=5e05541f9608b67d7de778eb15ac6516 
Number of updated asset objects reloaded before import = 0
Number of asset objects unloaded after import = 0
========================================================================
Received Import Request.
  Time of request: 2026-09-19T15:08:27.080928Z
  Time since last request: 0.0000377 seconds.
  importAddress: GUID: c55a64c7570474f47a94abe39ebfef04 - Path: Packages/com.unity.ugui/Editor/TMP/PropertyDrawers/TMP_TextAlignmentDrawer.cs - Importer: ScriptedImporter/UnityEditor.QuickSearchModule:UnityEditor.Search:ASIAI0B
Importing 'GUID: c55a64c7570474f47a94abe39ebfef04 - Path: Packages/com.unity.ugui/Editor/TMP/PropertyDrawers/TMP_TextAlignmentDrawer.cs - Importer: ScriptedImporter/UnityEditor.QuickSearchModule:UnityEditor.Search:ASIAI0B' with importer (ScriptedImporter : UnityEditor.QuickSearchModule:UnityEditor.Search:ASIAI0B)
Imported 'GUID: c55a64c7570474f47a94abe39ebfef04' -> (Import Result ID: '6825ac7239df323a28df211b911ce463') in 0.003 seconds [static and dynamic dependencies]. Details - ImportResultOutputID=f59013fdf8b9f83c52ac088bce287615 DependenciesID=09f86ce9bfb9e3898dd639a2fd461f74 StaticDependenciesID=12a1ce42699b75d90a06ed1cfaa521b3 
Number of updated asset objects reloaded before import = 0
Number of asset objects unloaded after import = 0
========================================================================
Received Import Request.
  Time of request: 2026-09-19T15:08:27.1046942Z
  Time since last request: 0.0010572 seconds.
  importAddress: GUID: 065a7fcf0d7286d418f3114ec18d1a2d - Path: Packages/com.unity.ugui/Editor/TMP/PropertyDrawers/TMP_MarkToBaseAdjustmentRecordPropertyDrawer.cs - Importer: ScriptedImporter/UnityEditor.QuickSearchModule:UnityEditor.Search:ASIAI0B
Importing 'GUID: 065a7fcf0d7286d418f3114ec18d1a2d - Path: Packages/com.unity.ugui/Editor/TMP/PropertyDrawers/TMP_MarkToBaseAdjustmentRecordPropertyDrawer.cs - Importer: ScriptedImporter/UnityEditor.QuickSearchModule:UnityEditor.Search:ASIAI0B' with importer (ScriptedImporter : UnityEditor.QuickSearchModule:UnityEditor.Search:ASIAI0B)
Imported 'GUID: 065a7fcf0d7286d418f3114ec18d1a2d' -> (Import Result ID: '262a4e56b0472560110de7a1d5937f20') in 0.005 seconds [static and dynamic dependencies]. Details - ImportResultOutputID=69dc214ae41930e52669eabd83097130 DependenciesID=3339f0715322c84d06ee31ff23554ee9 StaticDependenciesID=88fa0518d933e3a61c94728c9aaf28cf 
Number of updated asset objects reloaded before import = 0
Number of asset objects unloaded after import = 0
========================================================================
Received Import Request.
  Time of request: 2026-09-19T15:08:27.1247433Z
  Time since last request: 0.0006476 seconds.
  importAddress: GUID: 5143f58107604835ab1a5efa2d8818fd - Path: Packages/com.unity.ugui/Runtime/TMP/TMP_Text.cs - Importer: ScriptedImporter/UnityEditor.QuickSearchModule:UnityEditor.Search:ASIAI0B
Importing 'GUID: 5143f58107604835ab1a5efa2d8818fd - Path: Packages/com.unity.ugui/Runtime/TMP/TMP_Text.cs - Importer: ScriptedImporter/UnityEditor.QuickSearchModule:UnityEditor.Search:ASIAI0B' with importer (ScriptedImporter : UnityEditor.QuickSearchModule:UnityEditor.Search:ASIAI0B)
Imported 'GUID: 5143f58107604835ab1a5efa2d8818fd' -> (Import Result ID: 'e51ca74fa23185b7e6fe3b25942b04b7') in 0.003 seconds [static and dynamic dependencies]. Details - ImportResultOutputID=d9277367347e47d4a56c9d098ee79759 DependenciesID=c9e2f62e6c7ea9df19747a91cd5244ce StaticDependenciesID=65f03b4f61fb5114071f56339e562919 
Number of updated asset objects reloaded before import = 0
Number of asset objects unloaded after import = 0
========================================================================
Received Import Request.
  Time of request: 2026-09-19T15:08:27.1437544Z
  Time since last request: 0.0006479 seconds.
  importAddress: GUID: 05f582d4fbc8e0c40afccb76bbbe0935 - Path: Packages/com.unity.ugui/Editor/UGUI/UI/DropdownEditor.cs - Importer: ScriptedImporter/UnityEditor.QuickSearchModule:UnityEditor.Search:ASIAI0B
Importing 'GUID: 05f582d4fbc8e0c40afccb76bbbe0935 - Path: Packages/com.unity.ugui/Editor/UGUI/UI/DropdownEditor.cs - Importer: ScriptedImporter/UnityEditor.QuickSearchModule:UnityEditor.Search:ASIAI0B' with importer (ScriptedImporter : UnityEditor.QuickSearchModule:UnityEditor.Search:ASIAI0B)
Imported 'GUID: 05f582d4fbc8e0c40afccb76bbbe0935' -> (Import Result ID: '7dbc9d9d780714f1ec11743ace77b727') in 0.003 seconds [static and dynamic dependencies]. Details - ImportResultOutputID=876ebad6ee515fda060f021666ce940f DependenciesID=27da2dbe5822c8d386365408ef050368 StaticDependenciesID=27b53591a2554ab8c83916e7ea136e01 
Number of updated asset objects reloaded before import = 0
Number of asset objects unloaded after import = 0
========================================================================
Received Import Request.
  Time of request: 2026-09-19T15:08:27.1659814Z
  Time since last request: 0.0007243 seconds.
  importAddress: GUID: 056819c66570ca54cadb72330a354050 - Path: Packages/com.unity.ugui/Editor/TMP/PropertyDrawers/TMP_SpriteGlyphPropertyDrawer.cs - Importer: ScriptedImporter/UnityEditor.QuickSearchModule:UnityEditor.Search:ASIAI0B
Importing 'GUID: 056819c66570ca54cadb72330a354050 - Path: Packages/com.unity.ugui/Editor/TMP/PropertyDrawers/TMP_SpriteGlyphPropertyDrawer.cs - Importer: ScriptedImporter/UnityEditor.QuickSearchModule:UnityEditor.Search:ASIAI0B' with importer (ScriptedImporter : UnityEditor.QuickSearchModule:UnityEditor.Search:ASIAI0B)
Imported 'GUID: 056819c66570ca54cadb72330a354050' -> (Import Result ID: 'b7d9065632196c3a3c63de5487eab9f5') in 0.004 seconds [static and dynamic dependencies]. Details - ImportResultOutputID=6733f1708fbafe63be560cff9e5fb4b9 DependenciesID=cae95113d97f0efe82804518f838cd8a StaticDependenciesID=41538fcc982a27632199587cd2d45e00 
Number of updated asset objects reloaded before import = 0
Number of asset objects unloaded after import = 0
========================================================================
Received Import Request.
  Time of request: 2026-09-19T15:08:27.1897592Z
  Time since last request: 0.0006033 seconds.
  importAddress: GUID: 85016528879d5d644981050d1d0a4368 - Path: Packages/com.unity.ugui/Editor/TMP/HDRP/TMP_SDF_HDRPLitShaderGUI.cs - Importer: ScriptedImporter/UnityEditor.QuickSearchModule:UnityEditor.Search:ASIAI0B
Importing 'GUID: 85016528879d5d644981050d1d0a4368 - Path: Packages/com.unity.ugui/Editor/TMP/HDRP/TMP_SDF_HDRPLitShaderGUI.cs - Importer: ScriptedImporter/UnityEditor.QuickSearchModule:UnityEditor.Search:ASIAI0B' with importer (ScriptedImporter : UnityEditor.QuickSearchModule:UnityEditor.Search:ASIAI0B)
Imported 'GUID: 85016528879d5d644981050d1d0a4368' -> (Import Result ID: 'fbcf05af056401c5e5c2bac7754b5a19') in 0.003 seconds [static and dynamic dependencies]. Details - ImportResultOutputID=8d4930c8e41b0328e978d4cae035fc8d DependenciesID=b21e97a87addaf9e3964393111bb8cee StaticDependenciesID=e62789750020cac865f3116dfac991d4 
Number of updated asset objects reloaded before import = 0
Number of asset objects unloaded after import = 0
========================================================================
Received Import Request.
  Time of request: 2026-09-19T15:08:27.2099573Z
  Time since last request: 0.0005643 seconds.
  importAddress: GUID: e3882522a08b6f5459b4dea6f8791278 - Path: Packages/com.unity.ugui/Editor/TMP/PropertyDrawers/GlyphMetricsPropertyDrawer.cs - Importer: ScriptedImporter/UnityEditor.QuickSearchModule:UnityEditor.Search:ASIAI0B
Importing 'GUID: e3882522a08b6f5459b4dea6f8791278 - Path: Packages/com.unity.ugui/Editor/TMP/PropertyDrawers/GlyphMetricsPropertyDrawer.cs - Importer: ScriptedImporter/UnityEditor.QuickSearchModule:UnityEditor.Search:ASIAI0B' with importer (ScriptedImporter : UnityEditor.QuickSearchModule:UnityEditor.Search:ASIAI0B)
Imported 'GUID: e3882522a08b6f5459b4dea6f8791278' -> (Import Result ID: '4c84f72d4693ff5065617e01073989a3') in 0.003 seconds [static and dynamic dependencies]. Details - ImportResultOutputID=24420f79b4241b3016bcfcd695ea9e5c DependenciesID=f1514084c7847d2716a983273d5b76e9 StaticDependenciesID=423bbdbf01768805e53890957aca0adf 
Number of updated asset objects reloaded before import = 0
Number of asset objects unloaded after import = 0
========================================================================
Received Import Request.
  Time of request: 2026-09-19T15:08:27.2316791Z
  Time since last request: 0.0005625 seconds.
  importAddress: GUID: 6ad632cbcc87f634d9b86006cdffdaf5 - Path: Packages/com.unity.ugui/Runtime/TMP/TMP_TextParsingUtilities.cs - Importer: ScriptedImporter/UnityEditor.QuickSearchModule:UnityEditor.Search:ASIAI0B
Importing 'GUID: 6ad632cbcc87f634d9b86006cdffdaf5 - Path: Packages/com.unity.ugui/Runtime/TMP/TMP_TextParsingUtilities.cs - Importer: ScriptedImporter/UnityEditor.QuickSearchModule:UnityEditor.Search:ASIAI0B' with importer (ScriptedImporter : UnityEditor.QuickSearchModule:UnityEditor.Search:ASIAI0B)
Imported 'GUID: 6ad632cbcc87f634d9b86006cdffdaf5' -> (Import Result ID: 'bf327fe2da73fbd4e1afbcd3be37e93b') in 0.002 seconds [static and dynamic dependencies]. Details - ImportResultOutputID=53c75aa7743345ff0c82c49648450b68 DependenciesID=42dd88702767e305a195000d61627a9a StaticDependenciesID=05869f4bf323bd93c8fde3dc1dcb950b 
Number of updated asset objects reloaded before import = 0
Number of asset objects unloaded after import = 0
========================================================================
Received Import Request.
  Time of request: 2026-09-19T15:08:27.2512012Z
  Time since last request: 0.0005854 seconds.
  importAddress: GUID: 058cba836c1846c3aa1c5fd2e28aea77 - Path: Packages/com.unity.ugui/Runtime/TMP/TMP_SubMeshUI.cs - Importer: ScriptedImporter/UnityEditor.QuickSearchModule:UnityEditor.Search:ASIAI0B
Importing 'GUID: 058cba836c1846c3aa1c5fd2e28aea77 - Path: Packages/com.unity.ugui/Runtime/TMP/TMP_SubMeshUI.cs - Importer: ScriptedImporter/UnityEditor.QuickSearchModule:UnityEditor.Search:ASIAI0B' with importer (ScriptedImporter : UnityEditor.QuickSearchModule:UnityEditor.Search:ASIAI0B)
Imported 'GUID: 058cba836c1846c3aa1c5fd2e28aea77' -> (Import Result ID: 'afe4bf8808e9ea5865a1acf0a4eb7ab5') in 0.003 seconds [static and dynamic dependencies]. Details - ImportResultOutputID=a87e2da52b04086eca788e1d13a77559 DependenciesID=87d67bb80e83bfb9c70fc2c88f409d96 StaticDependenciesID=9c98a4211feb537b9ad9f5ea5efab1d1 
Number of updated asset objects reloaded before import = 0
Number of asset objects unloaded after import = 0
========================================================================
Received Import Request.
  Time of request: 2026-09-19T15:08:27.2702491Z
  Time since last request: 0.000485 seconds.
  importAddress: GUID: 899b803b32ce548918778bacc0a950f0 - Path: Packages/com.unity.ugui/Editor/UGUI/UI/CanvasGroupEditor.cs - Importer: ScriptedImporter/UnityEditor.QuickSearchModule:UnityEditor.Search:ASIAI0B
Importing 'GUID: 899b803b32ce548918778bacc0a950f0 - Path: Packages/com.unity.ugui/Editor/UGUI/UI/CanvasGroupEditor.cs - Importer: ScriptedImporter/UnityEditor.QuickSearchModule:UnityEditor.Search:ASIAI0B' with importer (ScriptedImporter : UnityEditor.QuickSearchModule:UnityEditor.Search:ASIAI0B)
Imported 'GUID: 899b803b32ce548918778bacc0a950f0' -> (Import Result ID: '7a1f26876ad9a521a3c46a8e2bf1e5f1') in 0.002 seconds [static and dynamic dependencies]. Details - ImportResultOutputID=b03bc9a388f148dab9bbbd98ab869e42 DependenciesID=f0092aa7c1aa2d4ea1049ed22a08b252 StaticDependenciesID=e92d90b9b4c630aa09a6d4daa44b4c10 
Number of updated asset objects reloaded before import = 0
Number of asset objects unloaded after import = 0
========================================================================
Received Import Request.
  Time of request: 2026-09-19T15:08:27.3077229Z
  Time since last request: 0.0196419 seconds.
  importAddress: GUID: d0b148fe25e99eb48b9724523833bab1 - Path: Packages/com.unity.ugui/Runtime/UGUI/EventSystem/EventTrigger.cs - Importer: ScriptedImporter/UnityEditor.QuickSearchModule:UnityEditor.Search:ASIAI0B
Importing 'GUID: d0b148fe25e99eb48b9724523833bab1 - Path: Packages/com.unity.ugui/Runtime/UGUI/EventSystem/EventTrigger.cs - Importer: ScriptedImporter/UnityEditor.QuickSearchModule:UnityEditor.Search:ASIAI0B' with importer (ScriptedImporter : UnityEditor.QuickSearchModule:UnityEditor.Search:ASIAI0B)
Imported 'GUID: d0b148fe25e99eb48b9724523833bab1' -> (Import Result ID: '45e339c7c4e04cda7450f98c7a382dba') in 0.003 seconds [static and dynamic dependencies]. Details - ImportResultOutputID=1bffe6c1351b3f846d3eb92c4b4df73e DependenciesID=525d5c73f2331e15352db4d14be11b5a StaticDependenciesID=aa2b91540026b8a4615e13062be2ba17 
Number of updated asset objects reloaded before import = 0
Number of asset objects unloaded after import = 0
========================================================================
Received Import Request.
  Time of request: 2026-09-19T15:08:27.3283836Z
  Time since last request: 0.0005372 seconds.
  importAddress: GUID: 05242c3d99f24a74f99cc20369fcb344 - Path: Packages/com.unity.ugui/Tests/Editor/Common/UnityEditor.UI.Common.Tests.asmdef - Importer: ScriptedImporter/UnityEditor.QuickSearchModule:UnityEditor.Search:ASIAI0B
Importing 'GUID: 05242c3d99f24a74f99cc20369fcb344 - Path: Packages/com.unity.ugui/Tests/Editor/Common/UnityEditor.UI.Common.Tests.asmdef - Importer: ScriptedImporter/UnityEditor.QuickSearchModule:UnityEditor.Search:ASIAI0B' with importer (ScriptedImporter : UnityEditor.QuickSearchModule:UnityEditor.Search:ASIAI0B)
Imported 'GUID: 05242c3d99f24a74f99cc20369fcb344' -> (Import Result ID: '8dc22dc97c9302e9667360db359e6419') in 0.010 seconds [static and dynamic dependencies]. Details - ImportResultOutputID=b873ae22d48d7bc4cd43e7d2dbc8d762 DependenciesID=7929c07e53591d483e14ff891c4295e5 StaticDependenciesID=0df72a8387c6255cc05eec618c34eae4 
Number of updated asset objects reloaded before import = 0
Number of asset objects unloaded after import = 1
========================================================================
Received Import Request.
  Time of request: 2026-09-19T15:08:27.3543217Z
  Time since last request: 0.0005153 seconds.
  importAddress: GUID: 3fa274f26b1574c40b949e114327022e - Path: Packages/com.unity.ugui/Runtime/UGUI/EventSystem/EventTriggerType.cs - Importer: ScriptedImporter/UnityEditor.QuickSearchModule:UnityEditor.Search:ASIAI0B
Importing 'GUID: 3fa274f26b1574c40b949e114327022e - Path: Packages/com.unity.ugui/Runtime/UGUI/EventSystem/EventTriggerType.cs - Importer: ScriptedImporter/UnityEditor.QuickSearchModule:UnityEditor.Search:ASIAI0B' with importer (ScriptedImporter : UnityEditor.QuickSearchModule:UnityEditor.Search:ASIAI0B)
Imported 'GUID: 3fa274f26b1574c40b949e114327022e' -> (Import Result ID: '37b6dc77cdeab74e2b1c09cad48429f0') in 0.003 seconds [static and dynamic dependencies]. Details - ImportResultOutputID=8f5de53ea4fee01c7aceae6d2c2a1e30 DependenciesID=5f7c916db7fe03195b215af7fe4430fa StaticDependenciesID=27a469aa5400e5117765bd92043f4fc8 
Number of updated asset objects reloaded before import = 0
Number of asset objects unloaded after import = 0
========================================================================
Received Import Request.
  Time of request: 2026-09-19T15:08:27.3726033Z
  Time since last request: 0.0005321 seconds.
  importAddress: GUID: cbab8835092323a4389f2dc7d8f6c781 - Path: Packages/com.unity.ugui/Runtime/UGUI/EventSystem/InputModules/PointerInputModule.cs - Importer: ScriptedImporter/UnityEditor.QuickSearchModule:UnityEditor.Search:ASIAI0B
Importing 'GUID: cbab8835092323a4389f2dc7d8f6c781 - Path: Packages/com.unity.ugui/Runtime/UGUI/EventSystem/InputModules/PointerInputModule.cs - Importer: ScriptedImporter/UnityEditor.QuickSearchModule:UnityEditor.Search:ASIAI0B' with importer (ScriptedImporter : UnityEditor.QuickSearchModule:UnityEditor.Search:ASIAI0B)
Imported 'GUID: cbab8835092323a4389f2dc7d8f6c781' -> (Import Result ID: 'ff96c5b71cb2b31102375b128124c064') in 0.003 seconds [static and dynamic dependencies]. Details - ImportResultOutputID=bcc5e9f55a1d2bf19480ca2e9db99d09 DependenciesID=bfd6371e8619538cc73b34ede103947c StaticDependenciesID=b115a5ec4b64fc21f507bab8a57b3ce0 
Number of updated asset objects reloaded before import = 0
Number of asset objects unloaded after import = 0
========================================================================
Received Import Request.
  Time of request: 2026-09-19T15:08:27.3913849Z
  Time since last request: 0.0005771 seconds.
  importAddress: GUID: e9745f6a32442194c8dc5a43e9ab86f9 - Path: Packages/com.unity.ugui/Tests/Runtime/UGUI/UnityEngine.UI.Tests.asmdef - Importer: ScriptedImporter/UnityEditor.QuickSearchModule:UnityEditor.Search:ASIAI0B
Importing 'GUID: e9745f6a32442194c8dc5a43e9ab86f9 - Path: Packages/com.unity.ugui/Tests/Runtime/UGUI/UnityEngine.UI.Tests.asmdef - Importer: ScriptedImporter/UnityEditor.QuickSearchModule:UnityEditor.Search:ASIAI0B' with importer (ScriptedImporter : UnityEditor.QuickSearchModule:UnityEditor.Search:ASIAI0B)
Imported 'GUID: e9745f6a32442194c8dc5a43e9ab86f9' -> (Import Result ID: '64c468fa2359e3392aa9bd7b81014061') in 0.004 seconds [static and dynamic dependencies]. Details - ImportResultOutputID=5d3468d4cb3ef2827ff23214fa4ae914 DependenciesID=0e083c6d86d535e8d83b254d42634f8b StaticDependenciesID=42412ef4842edf458df18bb8b6934302 
Number of updated asset objects reloaded before import = 0
Number of asset objects unloaded after import = 1
========================================================================
Received Import Request.
  Time of request: 2026-09-19T15:08:27.4134086Z
  Time since last request: 0.0005574 seconds.
  importAddress: GUID: 6370fe1d392924d45b0cfd255bf60d2a - Path: Packages/com.unity.ugui/Tests/Editor/Common/VersionTests.cs - Importer: ScriptedImporter/UnityEditor.QuickSearchModule:UnityEditor.Search:ASIAI0B
Importing 'GUID: 6370fe1d392924d45b0cfd255bf60d2a - Path: Packages/com.unity.ugui/Tests/Editor/Common/VersionTests.cs - Importer: ScriptedImporter/UnityEditor.QuickSearchModule:UnityEditor.Search:ASIAI0B' with importer (ScriptedImporter : UnityEditor.QuickSearchModule:UnityEditor.Search:ASIAI0B)
Imported 'GUID: 6370fe1d392924d45b0cfd255bf60d2a' -> (Import Result ID: '532347bc74824767c1cddd7bea658b4e') in 0.003 seconds [static and dynamic dependencies]. Details - ImportResultOutputID=d7bd80e6a9920ae4ed4ec0420cbe51c8 DependenciesID=29e2b616e999e916290e99f111766f7b StaticDependenciesID=0b898c53e62a98b427f3ae177560bc25 
Number of updated asset objects reloaded before import = 0
Number of asset objects unloaded after import = 0
========================================================================
Received Import Request.
  Time of request: 2026-09-19T15:08:27.4336287Z
  Time since last request: 0.0005567 seconds.
  importAddress: GUID: 75df57ccb1e44c64085399277405e1ca - Path: Packages/com.unity.ugui/Runtime/UGUI/EventSystem/EventData/PointerEventData.cs - Importer: ScriptedImporter/UnityEditor.QuickSearchModule:UnityEditor.Search:ASIAI0B
Importing 'GUID: 75df57ccb1e44c64085399277405e1ca - Path: Packages/com.unity.ugui/Runtime/UGUI/EventSystem/EventData/PointerEventData.cs - Importer: ScriptedImporter/UnityEditor.QuickSearchModule:UnityEditor.Search:ASIAI0B' with importer (ScriptedImporter : UnityEditor.QuickSearchModule:UnityEditor.Search:ASIAI0B)
Imported 'GUID: 75df57ccb1e44c64085399277405e1ca' -> (Import Result ID: '0c8d7acecd1b497a33ba071c3c956600') in 0.003 seconds [static and dynamic dependencies]. Details - ImportResultOutputID=2f94a06f40be6de5fd71cc99f17bfe29 DependenciesID=b4137298aa2687258cc2660a4115d50c StaticDependenciesID=09eb72a28bded624cd34e12f483429cc 
Number of updated asset objects reloaded before import = 0
Number of asset objects unloaded after import = 0
========================================================================
Received Import Request.
  Time of request: 2026-09-19T15:08:27.4566708Z
  Time since last request: 0.0002021 seconds.
  importAddress: GUID: fc31799bd6dc1f74a8adfee1acd05a9b - Path: Packages/com.unity.ugui/Tests/Editor/UGUI/WrapperWindowFixture.cs - Importer: ScriptedImporter/UnityEditor.QuickSearchModule:UnityEditor.Search:ASIAI0B
Importing 'GUID: fc31799bd6dc1f74a8adfee1acd05a9b - Path: Packages/com.unity.ugui/Tests/Editor/UGUI/WrapperWindowFixture.cs - Importer: ScriptedImporter/UnityEditor.QuickSearchModule:UnityEditor.Search:ASIAI0B' with importer (ScriptedImporter : UnityEditor.QuickSearchModule:UnityEditor.Search:ASIAI0B)
Imported 'GUID: fc31799bd6dc1f74a8adfee1acd05a9b' -> (Import Result ID: '1df04c7c365dcb633f2f10e8d2b6a92c') in 0.005 seconds [static and dynamic dependencies]. Details - ImportResultOutputID=708648d3bc707b4929a31f66246eaf93 DependenciesID=d18c2d68ef3d3fe4b4bad2dec86bf4a2 StaticDependenciesID=156b896824ad101e222124d4fbb61313 
Number of updated asset objects reloaded before import = 0
Number of asset objects unloaded after import = 0
========================================================================
Received Import Request.
  Time of request: 2026-09-19T15:08:27.479618Z
  Time since last request: 0.0006231 seconds.
  importAddress: GUID: 127023922adddf744b59fa7b0b0c3030 - Path: Packages/com.unity.ugui/Editor/UGUI/UI/InterceptedEventsPreview.cs - Importer: ScriptedImporter/UnityEditor.QuickSearchModule:UnityEditor.Search:ASIAI0B
Importing 'GUID: 127023922adddf744b59fa7b0b0c3030 - Path: Packages/com.unity.ugui/Editor/UGUI/UI/InterceptedEventsPreview.cs - Importer: ScriptedImporter/UnityEditor.QuickSearchModule:UnityEditor.Search:ASIAI0B' with importer (ScriptedImporter : UnityEditor.QuickSearchModule:UnityEditor.Search:ASIAI0B)
Imported 'GUID: 127023922adddf744b59fa7b0b0c3030' -> (Import Result ID: '726b20f7dec865a1b94d63277d0f7e99') in 0.003 seconds [static and dynamic dependencies]. Details - ImportResultOutputID=d5bbdfcde75754b9e424e348a10de26f DependenciesID=52e92159042294281d1dd0879737680b StaticDependenciesID=189b44f37959c03f5677a834198dd8b7 
Number of updated asset objects reloaded before import = 0
Number of asset objects unloaded after import = 0
========================================================================
Received Import Request.
  Time of request: 2026-09-19T15:08:27.5008995Z
  Time since last request: 0.000649 seconds.
  importAddress: GUID: db7dd43fe1278a9459cd6036f096b91d - Path: Packages/com.unity.ugui/Runtime/UGUI/EventSystem/EventHandle.cs - Importer: ScriptedImporter/UnityEditor.QuickSearchModule:UnityEditor.Search:ASIAI0B
Importing 'GUID: db7dd43fe1278a9459cd6036f096b91d - Path: Packages/com.unity.ugui/Runtime/UGUI/EventSystem/EventHandle.cs - Importer: ScriptedImporter/UnityEditor.QuickSearchModule:UnityEditor.Search:ASIAI0B' with importer (ScriptedImporter : UnityEditor.QuickSearchModule:UnityEditor.Search:ASIAI0B)
Imported 'GUID: db7dd43fe1278a9459cd6036f096b91d' -> (Import Result ID: '6495117406f8723063b48f80c47ff6e3') in 0.004 seconds [static and dynamic dependencies]. Details - ImportResultOutputID=7e976f14c3266d92ac530c6fc75eef5f DependenciesID=07812ee22b65936981e2d9cff61c24f9 StaticDependenciesID=460c143ca3e9e22e0f2fe5c8b39dece8 
Number of updated asset objects reloaded before import = 0
Number of asset objects unloaded after import = 0
========================================================================
Received Import Request.
  Time of request: 2026-09-19T15:08:27.5227045Z
  Time since last request: 0.0005932 seconds.
  importAddress: GUID: fb27f3049fe06c246803a4a4c5b7fda3 - Path: Packages/com.unity.ugui/Editor/UGUI/UI/PropertyDrawers/NavigationDrawer.cs - Importer: ScriptedImporter/UnityEditor.QuickSearchModule:UnityEditor.Search:ASIAI0B
Importing 'GUID: fb27f3049fe06c246803a4a4c5b7fda3 - Path: Packages/com.unity.ugui/Editor/UGUI/UI/PropertyDrawers/NavigationDrawer.cs - Importer: ScriptedImporter/UnityEditor.QuickSearchModule:UnityEditor.Search:ASIAI0B' with importer (ScriptedImporter : UnityEditor.QuickSearchModule:UnityEditor.Search:ASIAI0B)
Imported 'GUID: fb27f3049fe06c246803a4a4c5b7fda3' -> (Import Result ID: '7988010083f1cdf10a2dd001e7e09e5e') in 0.004 seconds [static and dynamic dependencies]. Details - ImportResultOutputID=3aaaca83d0bd6421a4bdd9f2080aa15c DependenciesID=421ffd4573e24185fcbedd15e605eed4 StaticDependenciesID=4e6bab2530d1d356d1546ab426dd135f 
Number of updated asset objects reloaded before import = 0
Number of asset objects unloaded after import = 0
========================================================================
Received Import Request.
  Time of request: 2026-09-19T15:08:27.5481175Z
  Time since last request: 0.000713 seconds.
  importAddress: GUID: 56666c5a40171f54783dd416a44f42bf - Path: Packages/com.unity.ugui/Runtime/UGUI/EventSystem/Raycasters/Physics2DRaycaster.cs - Importer: ScriptedImporter/UnityEditor.QuickSearchModule:UnityEditor.Search:ASIAI0B
Importing 'GUID: 56666c5a40171f54783dd416a44f42bf - Path: Packages/com.unity.ugui/Runtime/UGUI/EventSystem/Raycasters/Physics2DRaycaster.cs - Importer: ScriptedImporter/UnityEditor.QuickSearchModule:UnityEditor.Search:ASIAI0B' with importer (ScriptedImporter : UnityEditor.QuickSearchModule:UnityEditor.Search:ASIAI0B)
Imported 'GUID: 56666c5a40171f54783dd416a44f42bf' -> (Import Result ID: '47a4f9c8e689ef29604ba0fbe023c1fb') in 0.006 seconds [static and dynamic dependencies]. Details - ImportResultOutputID=5f964d6b50dab389e86dd462a000c5ed DependenciesID=945207895e77e77f058e3199999bc938 StaticDependenciesID=600408ca1b9eb1b90f49b66248047e7e 
Number of updated asset objects reloaded before import = 0
Number of asset objects unloaded after import = 0
========================================================================
Received Import Request.
  Time of request: 2026-09-19T15:08:27.5789079Z
  Time since last request: 0.0007945 seconds.
  importAddress: GUID: 0334add79c04400ab75741aea16996e5 - Path: Packages/com.unity.ugui/Editor/UGUI/UI/SafeAreaEditor.cs - Importer: ScriptedImporter/UnityEditor.QuickSearchModule:UnityEditor.Search:ASIAI0B
Importing 'GUID: 0334add79c04400ab75741aea16996e5 - Path: Packages/com.unity.ugui/Editor/UGUI/UI/SafeAreaEditor.cs - Importer: ScriptedImporter/UnityEditor.QuickSearchModule:UnityEditor.Search:ASIAI0B' with importer (ScriptedImporter : UnityEditor.QuickSearchModule:UnityEditor.Search:ASIAI0B)
Imported 'GUID: 0334add79c04400ab75741aea16996e5' -> (Import Result ID: '0461bf5e7235d418f087c75c2d0de391') in 0.004 seconds [static and dynamic dependencies]. Details - ImportResultOutputID=533898f3d7e77083a7dbec902beff57b DependenciesID=5272c7a3c096dc63791d7ddb01671404 StaticDependenciesID=72a80ad2b42846fdbb5eec1d56594912 
Number of updated asset objects reloaded before import = 0
Number of asset objects unloaded after import = 0
========================================================================
Received Import Request.
  Time of request: 2026-09-19T15:08:27.6025425Z
  Time since last request: 0.0006123 seconds.
  importAddress: GUID: 592f7288ed0df2c4b884e2cd9baac023 - Path: Packages/com.unity.ugui/Tests/Editor/TMP/TMP_EditorTests.cs - Importer: ScriptedImporter/UnityEditor.QuickSearchModule:UnityEditor.Search:ASIAI0B
Importing 'GUID: 592f7288ed0df2c4b884e2cd9baac023 - Path: Packages/com.unity.ugui/Tests/Editor/TMP/TMP_EditorTests.cs - Importer: ScriptedImporter/UnityEditor.QuickSearchModule:UnityEditor.Search:ASIAI0B' with importer (ScriptedImporter : UnityEditor.QuickSearchModule:UnityEditor.Search:ASIAI0B)
Imported 'GUID: 592f7288ed0df2c4b884e2cd9baac023' -> (Import Result ID: 'c9901f0cacc5a97b4d9858d3c271b636') in 0.003 seconds [static and dynamic dependencies]. Details - ImportResultOutputID=f45d62f4cb36634cd7dd9b916c85df2d DependenciesID=e445e55a3ade9eebb8374ea9200232f2 StaticDependenciesID=ce17da3d4ee19f92e392530ddc9d85bb 
Number of updated asset objects reloaded before import = 0
Number of asset objects unloaded after import = 0
========================================================================
Received Import Request.
  Time of request: 2026-09-19T15:08:27.6232668Z
  Time since last request: 0.0005828 seconds.
  importAddress: GUID: 656e461844099ae43a609ff6109b0877 - Path: Packages/com.unity.ugui/Tests/Editor/TMP/Unity.TextMeshPro.Editor.Tests.asmdef - Importer: ScriptedImporter/UnityEditor.QuickSearchModule:UnityEditor.Search:ASIAI0B
Importing 'GUID: 656e461844099ae43a609ff6109b0877 - Path: Packages/com.unity.ugui/Tests/Editor/TMP/Unity.TextMeshPro.Editor.Tests.asmdef - Importer: ScriptedImporter/UnityEditor.QuickSearchModule:UnityEditor.Search:ASIAI0B' with importer (ScriptedImporter : UnityEditor.QuickSearchModule:UnityEditor.Search:ASIAI0B)
Imported 'GUID: 656e461844099ae43a609ff6109b0877' -> (Import Result ID: '093ade3616629b491ce4ed8e7ec9b55b') in 0.002 seconds [static and dynamic dependencies]. Details - ImportResultOutputID=4f12eb072a6d8a9e66e89945f9d90894 DependenciesID=480f3fd8959bc9b4d494024048e2f183 StaticDependenciesID=787c095f2fde8ace09dbe0fcfa14fbc4 
Number of updated asset objects reloaded before import = 0
Number of asset objects unloaded after import = 1
========================================================================
Received Import Request.
  Time of request: 2026-09-19T15:08:27.6430165Z
  Time since last request: 0.0005934 seconds.
  importAddress: GUID: 4d2250412b81fe34abf39f246e274479 - Path: Packages/com.unity.ugui/Runtime/UGUI/EventSystem/MoveDirection.cs - Importer: ScriptedImporter/UnityEditor.QuickSearchModule:UnityEditor.Search:ASIAI0B
Importing 'GUID: 4d2250412b81fe34abf39f246e274479 - Path: Packages/com.unity.ugui/Runtime/UGUI/EventSystem/MoveDirection.cs - Importer: ScriptedImporter/UnityEditor.QuickSearchModule:UnityEditor.Search:ASIAI0B' with importer (ScriptedImporter : UnityEditor.QuickSearchModule:UnityEditor.Search:ASIAI0B)
Imported 'GUID: 4d2250412b81fe34abf39f246e274479' -> (Import Result ID: '1f997f89fc91aba89b0127ac0aa1ce1f') in 0.003 seconds [static and dynamic dependencies]. Details - ImportResultOutputID=98dca631d4107f84576147556f4d878f DependenciesID=56297736debe36535755b688c192fa75 StaticDependenciesID=235746936dac69b26ebde015dd3a34c2 
Number of updated asset objects reloaded before import = 0
Number of asset objects unloaded after import = 0
========================================================================
Received Import Request.
  Time of request: 2026-09-19T15:08:27.6627061Z
  Time since last request: 0.0006446 seconds.
  importAddress: GUID: 9de24983a2c6cbe4f925c3e98a79b804 - Path: Packages/com.unity.ugui/Tests/Runtime/TMP/TMP_RuntimeTests.cs - Importer: ScriptedImporter/UnityEditor.QuickSearchModule:UnityEditor.Search:ASIAI0B
Importing 'GUID: 9de24983a2c6cbe4f925c3e98a79b804 - Path: Packages/com.unity.ugui/Tests/Runtime/TMP/TMP_RuntimeTests.cs - Importer: ScriptedImporter/UnityEditor.QuickSearchModule:UnityEditor.Search:ASIAI0B' with importer (ScriptedImporter : UnityEditor.QuickSearchModule:UnityEditor.Search:ASIAI0B)
Imported 'GUID: 9de24983a2c6cbe4f925c3e98a79b804' -> (Import Result ID: 'bc2d1b066999852d1885a605949d0716') in 0.003 seconds [static and dynamic dependencies]. Details - ImportResultOutputID=9e6c999bf5a5e086c96db921a4e222d7 DependenciesID=e5be7662de960babc5a1799b6191b7aa StaticDependenciesID=760bdfe14a2903c6810a5ac0b8058475 
Number of updated asset objects reloaded before import = 0
Number of asset objects unloaded after import = 0
========================================================================
Received Import Request.
  Time of request: 2026-09-19T15:08:27.6868105Z
  Time since last request: 0.000663 seconds.
  importAddress: GUID: 1385bc74f3945c943be16ecbb1381063 - Path: Packages/com.unity.ugui/Editor/UGUI/UI/PropertyDrawers/DropdownOptionListDrawer.cs - Importer: ScriptedImporter/UnityEditor.QuickSearchModule:UnityEditor.Search:ASIAI0B
Importing 'GUID: 1385bc74f3945c943be16ecbb1381063 - Path: Packages/com.unity.ugui/Editor/UGUI/UI/PropertyDrawers/DropdownOptionListDrawer.cs - Importer: ScriptedImporter/UnityEditor.QuickSearchModule:UnityEditor.Search:ASIAI0B' with importer (ScriptedImporter : UnityEditor.QuickSearchModule:UnityEditor.Search:ASIAI0B)
Imported 'GUID: 1385bc74f3945c943be16ecbb1381063' -> (Import Result ID: '641a0ab19a4d640532b02b074992504a') in 0.003 seconds [static and dynamic dependencies]. Details - ImportResultOutputID=aa5a93ef08fd3e2d7ef4daee3176eb02 DependenciesID=437998b399f279ad98f9d8a1e294ad69 StaticDependenciesID=965742dce3a227fff4811f469d465ab3 
Number of updated asset objects reloaded before import = 0
Number of asset objects unloaded after import = 0
========================================================================
Received Import Request.
  Time of request: 2026-09-19T15:08:27.7062982Z
  Time since last request: 0.0005276 seconds.
  importAddress: GUID: bb05cab7d802aa5468f8f2f86840d984 - Path: Packages/com.unity.ugui/Tests/Runtime/TMP/Unity.TextMeshPro.Tests.asmdef - Importer: ScriptedImporter/UnityEditor.QuickSearchModule:UnityEditor.Search:ASIAI0B
Importing 'GUID: bb05cab7d802aa5468f8f2f86840d984 - Path: Packages/com.unity.ugui/Tests/Runtime/TMP/Unity.TextMeshPro.Tests.asmdef - Importer: ScriptedImporter/UnityEditor.QuickSearchModule:UnityEditor.Search:ASIAI0B' with importer (ScriptedImporter : UnityEditor.QuickSearchModule:UnityEditor.Search:ASIAI0B)
Imported 'GUID: bb05cab7d802aa5468f8f2f86840d984' -> (Import Result ID: '6e479d57b6eaf666c0d8cda705c88a3a') in 0.003 seconds [static and dynamic dependencies]. Details - ImportResultOutputID=6b347556c188a23bb39d68084863cd99 DependenciesID=7f54570a3d33c3acd8ac14e4f5dea708 StaticDependenciesID=10138bf56028e74b62855d80e73bc782 
Number of updated asset objects reloaded before import = 0
Number of asset objects unloaded after import = 1
========================================================================
Received Import Request.
  Time of request: 2026-09-19T15:08:27.7277658Z
  Time since last request: 0.000658 seconds.
  importAddress: GUID: 342050fef862942d1b5ee954088c996b - Path: Packages/com.unity.ugui/Editor/UGUI/UI/UIEditorUtility.cs - Importer: ScriptedImporter/UnityEditor.QuickSearchModule:UnityEditor.Search:ASIAI0B
Importing 'GUID: 342050fef862942d1b5ee954088c996b - Path: Packages/com.unity.ugui/Editor/UGUI/UI/UIEditorUtility.cs - Importer: ScriptedImporter/UnityEditor.QuickSearchModule:UnityEditor.Search:ASIAI0B' with importer (ScriptedImporter : UnityEditor.QuickSearchModule:UnityEditor.Search:ASIAI0B)
Imported 'GUID: 342050fef862942d1b5ee954088c996b' -> (Import Result ID: '47cf34f37f45c88fafedfb520ee27a5a') in 0.003 seconds [static and dynamic dependencies]. Details - ImportResultOutputID=7727ad6ab9b9f12cc768b87ad9b6c33b DependenciesID=f565919c161318bcda2c5acef15c858d StaticDependenciesID=f7db7913fb931e7572574ca58d0c3014 
Number of updated asset objects reloaded before import = 0
Number of asset objects unloaded after import = 0
========================================================================
Received Import Request.
  Time of request: 2026-09-19T15:08:27.74865Z
  Time since last request: 0.0006555 seconds.
  importAddress: GUID: 5c221dffa89042038c946376c731c918 - Path: Packages/com.unity.ugui/Tests/Editor/TMP/TMP_ControlTests.cs - Importer: ScriptedImporter/UnityEditor.QuickSearchModule:UnityEditor.Search:ASIAI0B
Importing 'GUID: 5c221dffa89042038c946376c731c918 - Path: Packages/com.unity.ugui/Tests/Editor/TMP/TMP_ControlTests.cs - Importer: ScriptedImporter/UnityEditor.QuickSearchModule:UnityEditor.Search:ASIAI0B' with importer (ScriptedImporter : UnityEditor.QuickSearchModule:UnityEditor.Search:ASIAI0B)
Imported 'GUID: 5c221dffa89042038c946376c731c918' -> (Import Result ID: '248094f2db8960c335b6c08d2e748a39') in 0.003 seconds [static and dynamic dependencies]. Details - ImportResultOutputID=b76910a027ef998a5c84edeb87af8624 DependenciesID=6562209eeb328ad01e8b41d30ba4699f StaticDependenciesID=467297d577c1bb70f3d577fc7557cea9 
Number of updated asset objects reloaded before import = 0
Number of asset objects unloaded after import = 0
========================================================================
Received Import Request.
  Time of request: 2026-09-19T15:08:27.7830896Z
  Time since last request: 0.0140529 seconds.
  importAddress: GUID: 4e29b1a8efbd4b44bb3f3716e73f07ff - Path: Packages/com.unity.ugui/Runtime/UGUI/UI/Core/Button.cs - Importer: ScriptedImporter/UnityEditor.QuickSearchModule:UnityEditor.Search:ASIAI0B
Importing 'GUID: 4e29b1a8efbd4b44bb3f3716e73f07ff - Path: Packages/com.unity.ugui/Runtime/UGUI/UI/Core/Button.cs - Importer: ScriptedImporter/UnityEditor.QuickSearchModule:UnityEditor.Search:ASIAI0B' with importer (ScriptedImporter : UnityEditor.QuickSearchModule:UnityEditor.Search:ASIAI0B)
Imported 'GUID: 4e29b1a8efbd4b44bb3f3716e73f07ff' -> (Import Result ID: '9f08778156bf31404163b165ca091b4c') in 0.003 seconds [static and dynamic dependencies]. Details - ImportResultOutputID=e057ed2aa73d27e34dec8b359253ad3d DependenciesID=96dc2225b52e38a73a209fe1cfdd54c2 StaticDependenciesID=a7b34013048ad04757043cff94e00b9c 
Number of updated asset objects reloaded before import = 0
Number of asset objects unloaded after import = 0
========================================================================
Received Import Request.
  Time of request: 2026-09-19T15:08:27.8033706Z
  Time since last request: 0.0008047 seconds.
  importAddress: GUID: bf87e20fb5440ec498f441167b5291f8 - Path: Packages/com.unity.ugui/Runtime/UGUI/UI/Core/DefaultControls.cs - Importer: ScriptedImporter/UnityEditor.QuickSearchModule:UnityEditor.Search:ASIAI0B
Importing 'GUID: bf87e20fb5440ec498f441167b5291f8 - Path: Packages/com.unity.ugui/Runtime/UGUI/UI/Core/DefaultControls.cs - Importer: ScriptedImporter/UnityEditor.QuickSearchModule:UnityEditor.Search:ASIAI0B' with importer (ScriptedImporter : UnityEditor.QuickSearchModule:UnityEditor.Search:ASIAI0B)
Imported 'GUID: bf87e20fb5440ec498f441167b5291f8' -> (Import Result ID: 'a893155d4f89e1388ea7ee1f55f7a161') in 0.004 seconds [static and dynamic dependencies]. Details - ImportResultOutputID=eff57f9873b636f05a4fc4cbebd0075a DependenciesID=39c2e9e876492e3dae6d92569a3c8f39 StaticDependenciesID=39a39e8c863532eae0aa04c1b7568605 
Number of updated asset objects reloaded before import = 0
Number of asset objects unloaded after import = 0
========================================================================
Received Import Request.
  Time of request: 2026-09-19T15:08:27.8258108Z
  Time since last request: 0.0005667 seconds.
  importAddress: GUID: 8a410b213209442fb15a69799f0240a5 - Path: Packages/com.unity.ugui/Runtime/UGUI/EventSystem/UIElements/PanelEventHandler.cs - Importer: ScriptedImporter/UnityEditor.QuickSearchModule:UnityEditor.Search:ASIAI0B
Importing 'GUID: 8a410b213209442fb15a69799f0240a5 - Path: Packages/com.unity.ugui/Runtime/UGUI/EventSystem/UIElements/PanelEventHandler.cs - Importer: ScriptedImporter/UnityEditor.QuickSearchModule:UnityEditor.Search:ASIAI0B' with importer (ScriptedImporter : UnityEditor.QuickSearchModule:UnityEditor.Search:ASIAI0B)
Imported 'GUID: 8a410b213209442fb15a69799f0240a5' -> (Import Result ID: '62f50f29d6e705550ebc08c9eb8d863f') in 0.003 seconds [static and dynamic dependencies]. Details - ImportResultOutputID=727406b0c0b736cb0b4718a001347fd7 DependenciesID=25803cd972944670da11217fcd3a007e StaticDependenciesID=1840b3cef726f3a24efdcc9b4ecbd2b3 
Number of updated asset objects reloaded before import = 0
Number of asset objects unloaded after import = 0
========================================================================
Received Import Request.
  Time of request: 2026-09-19T15:08:27.8547481Z
  Time since last request: 0.000606 seconds.
  importAddress: GUID: 31a19414c41e5ae4aae2af33fee712f6 - Path: Packages/com.unity.ugui/Runtime/UGUI/UI/Core/Mask.cs - Importer: ScriptedImporter/UnityEditor.QuickSearchModule:UnityEditor.Search:ASIAI0B
Importing 'GUID: 31a19414c41e5ae4aae2af33fee712f6 - Path: Packages/com.unity.ugui/Runtime/UGUI/UI/Core/Mask.cs - Importer: ScriptedImporter/UnityEditor.QuickSearchModule:UnityEditor.Search:ASIAI0B' with importer (ScriptedImporter : UnityEditor.QuickSearchModule:UnityEditor.Search:ASIAI0B)
Imported 'GUID: 31a19414c41e5ae4aae2af33fee712f6' -> (Import Result ID: '42267b6124b927f4d0e0fb35b1e8c394') in 0.003 seconds [static and dynamic dependencies]. Details - ImportResultOutputID=e775845c2f834ff79eddc49bce51b67c DependenciesID=0fc1579d9d8cfc616357bdf5157525e1 StaticDependenciesID=55f834f9add1931e6b97de8f9fb1e566 
Number of updated asset objects reloaded before import = 0
Number of asset objects unloaded after import = 0
========================================================================
Received Import Request.
  Time of request: 2026-09-19T15:08:27.8789904Z
  Time since last request: 0.0005312 seconds.
  importAddress: GUID: ba923e2b58fea044bb1f8839376a1118 - Path: Packages/com.unity.ugui/Runtime/UGUI/EventSystem/UIElements/UIToolkitInteroperabilityBridge.cs - Importer: ScriptedImporter/UnityEditor.QuickSearchModule:UnityEditor.Search:ASIAI0B
Importing 'GUID: ba923e2b58fea044bb1f8839376a1118 - Path: Packages/com.unity.ugui/Runtime/UGUI/EventSystem/UIElements/UIToolkitInteroperabilityBridge.cs - Importer: ScriptedImporter/UnityEditor.QuickSearchModule:UnityEditor.Search:ASIAI0B' with importer (ScriptedImporter : UnityEditor.QuickSearchModule:UnityEditor.Search:ASIAI0B)
Imported 'GUID: ba923e2b58fea044bb1f8839376a1118' -> (Import Result ID: 'e1838f309ce39a6e51f0ca3e1a2f3cfd') in 0.003 seconds [static and dynamic dependencies]. Details - ImportResultOutputID=5129559b4fa1f28266148c00b5a5b38a DependenciesID=56f14d5092b4aae2676a55f854925dc3 StaticDependenciesID=fb6f6ea681ec8405dc34732959f3239d 
Number of updated asset objects reloaded before import = 0
Number of asset objects unloaded after import = 0
========================================================================
Received Import Request.
  Time of request: 2026-09-19T15:08:27.9011266Z
  Time since last request: 0.0008578 seconds.
  importAddress: GUID: 2aff4fada0516c64a8537a20bfe1b699 - Path: Packages/com.unity.ugui/Tests/Editor/UGUI/EventSystem/InterceptedEventsPreviewTests.cs - Importer: ScriptedImporter/UnityEditor.QuickSearchModule:UnityEditor.Search:ASIAI0B
Importing 'GUID: 2aff4fada0516c64a8537a20bfe1b699 - Path: Packages/com.unity.ugui/Tests/Editor/UGUI/EventSystem/InterceptedEventsPreviewTests.cs - Importer: ScriptedImporter/UnityEditor.QuickSearchModule:UnityEditor.Search:ASIAI0B' with importer (ScriptedImporter : UnityEditor.QuickSearchModule:UnityEditor.Search:ASIAI0B)
Imported 'GUID: 2aff4fada0516c64a8537a20bfe1b699' -> (Import Result ID: 'c771bd55213991fb43f0e50b74d3c2d4') in 0.003 seconds [static and dynamic dependencies]. Details - ImportResultOutputID=24059d2bdbd552b0a0fa7f6c14bb6767 DependenciesID=7aa60f3e16673395fd7c817e7f22b7b7 StaticDependenciesID=94cbf92c29d30ee2a8cd2d87fcce96e9 
Number of updated asset objects reloaded before import = 0
Number of asset objects unloaded after import = 0
========================================================================
Received Import Request.
  Time of request: 2026-09-19T15:08:27.9297445Z
  Time since last request: 0.0005626 seconds.
  importAddress: GUID: 61a20120cddc53849bbc10fc805ffe3e - Path: Packages/com.unity.ugui/Runtime/UGUI/UI/Core/IMaskable.cs - Importer: ScriptedImporter/UnityEditor.QuickSearchModule:UnityEditor.Search:ASIAI0B
Importing 'GUID: 61a20120cddc53849bbc10fc805ffe3e - Path: Packages/com.unity.ugui/Runtime/UGUI/UI/Core/IMaskable.cs - Importer: ScriptedImporter/UnityEditor.QuickSearchModule:UnityEditor.Search:ASIAI0B' with importer (ScriptedImporter : UnityEditor.QuickSearchModule:UnityEditor.Search:ASIAI0B)
Imported 'GUID: 61a20120cddc53849bbc10fc805ffe3e' -> (Import Result ID: 'fc46fdb4abd10dcf84bd5986ba34ace6') in 0.005 seconds [static and dynamic dependencies]. Details - ImportResultOutputID=e879c6bb9ed411c60d8c546b0c88f5bd DependenciesID=45908183572904284bf7d535b7d21c5a StaticDependenciesID=82a8c4e290ccbb11daa69ae3a4b52e2e 
Number of updated asset objects reloaded before import = 0
Number of asset objects unloaded after import = 0
========================================================================
Received Import Request.
  Time of request: 2026-09-19T15:08:27.954617Z
  Time since last request: 0.000598 seconds.
  importAddress: GUID: bede4033d9f359b41878c4cda6a910b3 - Path: Packages/com.unity.ugui/Tests/Editor/UGUI/Canvas/AssertionFailureOnOutputVertexCount.cs - Importer: ScriptedImporter/UnityEditor.QuickSearchModule:UnityEditor.Search:ASIAI0B
Importing 'GUID: bede4033d9f359b41878c4cda6a910b3 - Path: Packages/com.unity.ugui/Tests/Editor/UGUI/Canvas/AssertionFailureOnOutputVertexCount.cs - Importer: ScriptedImporter/UnityEditor.QuickSearchModule:UnityEditor.Search:ASIAI0B' with importer (ScriptedImporter : UnityEditor.QuickSearchModule:UnityEditor.Search:ASIAI0B)
Imported 'GUID: bede4033d9f359b41878c4cda6a910b3' -> (Import Result ID: '8b71ca5693ffe9492881d430a72dcdd1') in 0.003 seconds [static and dynamic dependencies]. Details - ImportResultOutputID=2ec1cce838b74b24ff86626ecc7ab599 DependenciesID=6d43f50f70a0b0e5926ece49a2ca900b StaticDependenciesID=bbea8f3d21c3dce589a7bdc71bef979b 
Number of updated asset objects reloaded before import = 0
Number of asset objects unloaded after import = 0
========================================================================
Received Import Request.
  Time of request: 2026-09-19T15:08:27.9804874Z
  Time since last request: 0.0005374 seconds.
  importAddress: GUID: a6db4464bd7104c4dbef4aa949a06e0a - Path: Packages/com.unity.ugui/Runtime/UGUI/UI/Core/SafeArea.cs - Importer: ScriptedImporter/UnityEditor.QuickSearchModule:UnityEditor.Search:ASIAI0B
Importing 'GUID: a6db4464bd7104c4dbef4aa949a06e0a - Path: Packages/com.unity.ugui/Runtime/UGUI/UI/Core/SafeArea.cs - Importer: ScriptedImporter/UnityEditor.QuickSearchModule:UnityEditor.Search:ASIAI0B' with importer (ScriptedImporter : UnityEditor.QuickSearchModule:UnityEditor.Search:ASIAI0B)
Imported 'GUID: a6db4464bd7104c4dbef4aa949a06e0a' -> (Import Result ID: 'e4b377ce4f5a7da906cd06f0d3d268f7') in 0.003 seconds [static and dynamic dependencies]. Details - ImportResultOutputID=99ce1d104eb4b0a9dab05f0f171c8059 DependenciesID=e665b2bc653b5142fd7032f1b75efc35 StaticDependenciesID=60218c813b5941bfa8a588ba7bf7d84e 
Number of updated asset objects reloaded before import = 0
Number of asset objects unloaded after import = 0
========================================================================
Received Import Request.
  Time of request: 2026-09-19T15:08:28.0029931Z
  Time since last request: 0.0005977 seconds.
  importAddress: GUID: 05d51b1b98bf446529d00e99fbdd33b9 - Path: Packages/com.unity.ugui/Tests/Editor/UGUI/SafeArea/SafeAreaDrivenOwnershipTests.cs - Importer: ScriptedImporter/UnityEditor.QuickSearchModule:UnityEditor.Search:ASIAI0B
Importing 'GUID: 05d51b1b98bf446529d00e99fbdd33b9 - Path: Packages/com.unity.ugui/Tests/Editor/UGUI/SafeArea/SafeAreaDrivenOwnershipTests.cs - Importer: ScriptedImporter/UnityEditor.QuickSearchModule:UnityEditor.Search:ASIAI0B' with importer (ScriptedImporter : UnityEditor.QuickSearchModule:UnityEditor.Search:ASIAI0B)
Imported 'GUID: 05d51b1b98bf446529d00e99fbdd33b9' -> (Import Result ID: '912e52dd54cd24ba06173c4840b59529') in 0.003 seconds [static and dynamic dependencies]. Details - ImportResultOutputID=4bbebc1ac9718e372806560acc15d3e9 DependenciesID=0fcd7c596f756df174737535b4314ca0 StaticDependenciesID=356d1946fc79aae03657c69ad24b0b3f 
Number of updated asset objects reloaded before import = 0
Number of asset objects unloaded after import = 0
========================================================================
Received Import Request.
  Time of request: 2026-09-19T15:08:28.0243751Z
  Time since last request: 0.0005444 seconds.
  importAddress: GUID: fe87c0e1cc204ed48ad3b37840f39efc - Path: Packages/com.unity.ugui/Runtime/UGUI/UI/Core/Image.cs - Importer: ScriptedImporter/UnityEditor.QuickSearchModule:UnityEditor.Search:ASIAI0B
Importing 'GUID: fe87c0e1cc204ed48ad3b37840f39efc - Path: Packages/com.unity.ugui/Runtime/UGUI/UI/Core/Image.cs - Importer: ScriptedImporter/UnityEditor.QuickSearchModule:UnityEditor.Search:ASIAI0B' with importer (ScriptedImporter : UnityEditor.QuickSearchModule:UnityEditor.Search:ASIAI0B)
Imported 'GUID: fe87c0e1cc204ed48ad3b37840f39efc' -> (Import Result ID: 'da37ec6677244505bd054c59771b2b11') in 0.003 seconds [static and dynamic dependencies]. Details - ImportResultOutputID=55fb1551c1517c1d593419e65311c53a DependenciesID=fe822652b68b382a0254ed127c54967f StaticDependenciesID=e17feb9cadd665054a9e8df9596499fd 
Number of updated asset objects reloaded before import = 0
Number of asset objects unloaded after import = 0
========================================================================
Received Import Request.
  Time of request: 2026-09-19T15:08:28.0472129Z
  Time since last request: 0.0005587 seconds.
  importAddress: GUID: c825bad77a42dd341a8f0a5ef9cd5f4c - Path: Packages/com.unity.ugui/Tests/Editor/UGUI/CanvasRenderer/ChangingHierarchyOfCanvasRenderer.cs - Importer: ScriptedImporter/UnityEditor.QuickSearchModule:UnityEditor.Search:ASIAI0B
Importing 'GUID: c825bad77a42dd341a8f0a5ef9cd5f4c - Path: Packages/com.unity.ugui/Tests/Editor/UGUI/CanvasRenderer/ChangingHierarchyOfCanvasRenderer.cs - Importer: ScriptedImporter/UnityEditor.QuickSearchModule:UnityEditor.Search:ASIAI0B' with importer (ScriptedImporter : UnityEditor.QuickSearchModule:UnityEditor.Search:ASIAI0B)
Imported 'GUID: c825bad77a42dd341a8f0a5ef9cd5f4c' -> (Import Result ID: '6f6915e0043aa7651a37c5082545b9aa') in 0.003 seconds [static and dynamic dependencies]. Details - ImportResultOutputID=06fb21232d6ac518518f08179e4f9511 DependenciesID=dd6494a17b3d9a1a07b4b561c0f09da5 StaticDependenciesID=c577b2da0133c03ee20e910bfeee67c6 
Number of updated asset objects reloaded before import = 0
Number of asset objects unloaded after import = 0
========================================================================
Received Import Request.
  Time of request: 2026-09-19T15:08:28.0692795Z
  Time since last request: 0.0005407 seconds.
  importAddress: GUID: 4585b5feb801bdb44b0e5eafdd95a3be - Path: Packages/com.unity.ugui/Tests/Editor/UGUI/Canvas/CanvasWidthAssertionErrorWithRectTransform.cs - Importer: ScriptedImporter/UnityEditor.QuickSearchModule:UnityEditor.Search:ASIAI0B
Importing 'GUID: 4585b5feb801bdb44b0e5eafdd95a3be - Path: Packages/com.unity.ugui/Tests/Editor/UGUI/Canvas/CanvasWidthAssertionErrorWithRectTransform.cs - Importer: ScriptedImporter/UnityEditor.QuickSearchModule:UnityEditor.Search:ASIAI0B' with importer (ScriptedImporter : UnityEditor.QuickSearchModule:UnityEditor.Search:ASIAI0B)
Imported 'GUID: 4585b5feb801bdb44b0e5eafdd95a3be' -> (Import Result ID: '68c33eea5fdf400a05067d4393448d2e') in 0.003 seconds [static and dynamic dependencies]. Details - ImportResultOutputID=5c18b26a7656ec0c30344d2b5ee0ef13 DependenciesID=110fda1bb7599f5232f54a71d2386d4e StaticDependenciesID=4920ae1037d5276fef09053ed328a719 
Number of updated asset objects reloaded before import = 0
Number of asset objects unloaded after import = 0
========================================================================
Received Import Request.
  Time of request: 2026-09-19T15:08:28.0913784Z
  Time since last request: 0.0005601 seconds.
  importAddress: GUID: 4b8be68229770db4ea3c78ab0d854325 - Path: Packages/com.unity.ugui/Tests/Editor/UGUI/InputField/CharacterLimitValidation.cs - Importer: ScriptedImporter/UnityEditor.QuickSearchModule:UnityEditor.Search:ASIAI0B
Importing 'GUID: 4b8be68229770db4ea3c78ab0d854325 - Path: Packages/com.unity.ugui/Tests/Editor/UGUI/InputField/CharacterLimitValidation.cs - Importer: ScriptedImporter/UnityEditor.QuickSearchModule:UnityEditor.Search:ASIAI0B' with importer (ScriptedImporter : UnityEditor.QuickSearchModule:UnityEditor.Search:ASIAI0B)
Imported 'GUID: 4b8be68229770db4ea3c78ab0d854325' -> (Import Result ID: 'f33a97781018910103274caa15cc9cc5') in 0.003 seconds [static and dynamic dependencies]. Details - ImportResultOutputID=8e666618baf997f52143c92ed7918f1f DependenciesID=4698e6169d341b75cdfe14bfc68d5243 StaticDependenciesID=d718fa8873a9c68ad4b5a388463f8b3f 
Number of updated asset objects reloaded before import = 0
Number of asset objects unloaded after import = 0
========================================================================
Received Import Request.
  Time of request: 2026-09-19T15:08:28.1144452Z
  Time since last request: 0.0005205 seconds.
  importAddress: GUID: 445cdcfc747eba94288b97f5869aa2fb - Path: Packages/com.unity.ugui/Runtime/UGUI/UI/Core/GraphicRebuildTracker.cs - Importer: ScriptedImporter/UnityEditor.QuickSearchModule:UnityEditor.Search:ASIAI0B
Importing 'GUID: 445cdcfc747eba94288b97f5869aa2fb - Path: Packages/com.unity.ugui/Runtime/UGUI/UI/Core/GraphicRebuildTracker.cs - Importer: ScriptedImporter/UnityEditor.QuickSearchModule:UnityEditor.Search:ASIAI0B' with importer (ScriptedImporter : UnityEditor.QuickSearchModule:UnityEditor.Search:ASIAI0B)
Imported 'GUID: 445cdcfc747eba94288b97f5869aa2fb' -> (Import Result ID: 'fb76ba947a42f23befb85484c60d7298') in 0.003 seconds [static and dynamic dependencies]. Details - ImportResultOutputID=eb5dc4ccd250c3cd0635cea78d85ffcf DependenciesID=a11bdbc89ab7aceae2bec2be8ddb574b StaticDependenciesID=e569b9984949c05f2122aadac8045914 
Number of updated asset objects reloaded before import = 0
Number of asset objects unloaded after import = 0
========================================================================
Received Import Request.
  Time of request: 2026-09-19T15:08:28.1364318Z
  Time since last request: 0.0008358 seconds.
  importAddress: GUID: 373b4c78c0396334288fa5ff8e7b7350 - Path: Packages/com.unity.ugui/Tests/Editor/UGUI/Slider/SliderRectReferences.cs - Importer: ScriptedImporter/UnityEditor.QuickSearchModule:UnityEditor.Search:ASIAI0B
Importing 'GUID: 373b4c78c0396334288fa5ff8e7b7350 - Path: Packages/com.unity.ugui/Tests/Editor/UGUI/Slider/SliderRectReferences.cs - Importer: ScriptedImporter/UnityEditor.QuickSearchModule:UnityEditor.Search:ASIAI0B' with importer (ScriptedImporter : UnityEditor.QuickSearchModule:UnityEditor.Search:ASIAI0B)
Imported 'GUID: 373b4c78c0396334288fa5ff8e7b7350' -> (Import Result ID: '00685341ca2cf0f38fd2502535b6a649') in 0.003 seconds [static and dynamic dependencies]. Details - ImportResultOutputID=1297b14df629685425acf0b3206100b2 DependenciesID=c7465df566fe6e0a76d5864d377f875f StaticDependenciesID=a1f39321822613bf74b6cf41cf98b9bc 
Number of updated asset objects reloaded before import = 0
Number of asset objects unloaded after import = 0
========================================================================
Received Import Request.
  Time of request: 2026-09-19T15:08:28.1615135Z
  Time since last request: 0.0005816 seconds.
  importAddress: GUID: 4adb1f65bbae8004a88d8f5bc3523298 - Path: Packages/com.unity.ugui/Tests/Editor/UGUI/EventSystem/EventTriggerRemoveDuringExecution.cs - Importer: ScriptedImporter/UnityEditor.QuickSearchModule:UnityEditor.Search:ASIAI0B
Importing 'GUID: 4adb1f65bbae8004a88d8f5bc3523298 - Path: Packages/com.unity.ugui/Tests/Editor/UGUI/EventSystem/EventTriggerRemoveDuringExecution.cs - Importer: ScriptedImporter/UnityEditor.QuickSearchModule:UnityEditor.Search:ASIAI0B' with importer (ScriptedImporter : UnityEditor.QuickSearchModule:UnityEditor.Search:ASIAI0B)
Imported 'GUID: 4adb1f65bbae8004a88d8f5bc3523298' -> (Import Result ID: '86ad27ae2da18b4ae74fe4316a320d21') in 0.003 seconds [static and dynamic dependencies]. Details - ImportResultOutputID=5171728946b40a1c5a3681eeb3737c48 DependenciesID=da2106814d06d2b6f5b27e37336698a0 StaticDependenciesID=011568bfe26afca6b4907dbb160cbe75 
Number of updated asset objects reloaded before import = 0
Number of asset objects unloaded after import = 0
========================================================================
Received Import Request.
  Time of request: 2026-09-19T15:08:28.1834655Z
  Time since last request: 0.0004994 seconds.
  importAddress: GUID: 83088ba2132cbc940b7ca0c679a02b0d - Path: Packages/com.unity.ugui/Runtime/UGUI/UI/Core/ColorBlock.cs - Importer: ScriptedImporter/UnityEditor.QuickSearchModule:UnityEditor.Search:ASIAI0B
Importing 'GUID: 83088ba2132cbc940b7ca0c679a02b0d - Path: Packages/com.unity.ugui/Runtime/UGUI/UI/Core/ColorBlock.cs - Importer: ScriptedImporter/UnityEditor.QuickSearchModule:UnityEditor.Search:ASIAI0B' with importer (ScriptedImporter : UnityEditor.QuickSearchModule:UnityEditor.Search:ASIAI0B)
Imported 'GUID: 83088ba2132cbc940b7ca0c679a02b0d' -> (Import Result ID: '52edb7e34ab1ca445cda8ffd607a82d1') in 0.004 seconds [static and dynamic dependencies]. Details - ImportResultOutputID=7262860f765642ff5b27eb404b1b71d4 DependenciesID=d31bd13a4ae0731217bc115c2e124272 StaticDependenciesID=2d23ae50ca51023a9da77e7a2d9af686 
Number of updated asset objects reloaded before import = 0
Number of asset objects unloaded after import = 0
========================================================================
Received Import Request.
  Time of request: 2026-09-19T15:08:28.2072911Z
  Time since last request: 0.0003956 seconds.
  importAddress: GUID: 7a79c4e23d4d4b64bfa5fa9e6671a460 - Path: Packages/com.unity.ugui/Runtime/UGUI/EventSystem/UIElements/PanelRaycaster.cs - Importer: ScriptedImporter/UnityEditor.QuickSearchModule:UnityEditor.Search:ASIAI0B
Importing 'GUID: 7a79c4e23d4d4b64bfa5fa9e6671a460 - Path: Packages/com.unity.ugui/Runtime/UGUI/EventSystem/UIElements/PanelRaycaster.cs - Importer: ScriptedImporter/UnityEditor.QuickSearchModule:UnityEditor.Search:ASIAI0B' with importer (ScriptedImporter : UnityEditor.QuickSearchModule:UnityEditor.Search:ASIAI0B)
Imported 'GUID: 7a79c4e23d4d4b64bfa5fa9e6671a460' -> (Import Result ID: '61f3d618c61672d0d00da77d5494cbd4') in 0.007 seconds [static and dynamic dependencies]. Details - ImportResultOutputID=3dfec0864ea72a6fd33a4891637efc05 DependenciesID=531bcd7ed4fd3f6215a72191f49a84f4 StaticDependenciesID=bb2b23eb9b08a7d22e22e8f5f8bc93f4 
Number of updated asset objects reloaded before import = 0
Number of asset objects unloaded after import = 0
========================================================================
Received Import Request.
  Time of request: 2026-09-19T15:08:28.2372881Z
  Time since last request: 0.0019897 seconds.
  importAddress: GUID: 13cd966480ec3354bb318ee1aeccff6f - Path: Packages/com.unity.ugui/Runtime/UGUI/UI/Core/FontData.cs - Importer: ScriptedImporter/UnityEditor.QuickSearchModule:UnityEditor.Search:ASIAI0B
Importing 'GUID: 13cd966480ec3354bb318ee1aeccff6f - Path: Packages/com.unity.ugui/Runtime/UGUI/UI/Core/FontData.cs - Importer: ScriptedImporter/UnityEditor.QuickSearchModule:UnityEditor.Search:ASIAI0B' with importer (ScriptedImporter : UnityEditor.QuickSearchModule:UnityEditor.Search:ASIAI0B)
Imported 'GUID: 13cd966480ec3354bb318ee1aeccff6f' -> (Import Result ID: '15be79b956a6f9073309afc4b71484a6') in 0.003 seconds [static and dynamic dependencies]. Details - ImportResultOutputID=eedf7c348d2c7eac05c7fe3426a56dba DependenciesID=eccf4840c9eb399cea73972d12dc96aa StaticDependenciesID=83d885dff947398b43e7f35fc803a6ba 
Number of updated asset objects reloaded before import = 0
Number of asset objects unloaded after import = 0
========================================================================
Received Import Request.
  Time of request: 2026-09-19T15:08:28.2797735Z
  Time since last request: 0.0007783 seconds.
  importAddress: GUID: dcb49b07db5e5f64e876b498105314f1 - Path: Packages/com.unity.ugui/Tests/Editor/UGUI/CanvasRenderer/ParentCanvasIsSane.cs - Importer: ScriptedImporter/UnityEditor.QuickSearchModule:UnityEditor.Search:ASIAI0B
Importing 'GUID: dcb49b07db5e5f64e876b498105314f1 - Path: Packages/com.unity.ugui/Tests/Editor/UGUI/CanvasRenderer/ParentCanvasIsSane.cs - Importer: ScriptedImporter/UnityEditor.QuickSearchModule:UnityEditor.Search:ASIAI0B' with importer (ScriptedImporter : UnityEditor.QuickSearchModule:UnityEditor.Search:ASIAI0B)
Imported 'GUID: dcb49b07db5e5f64e876b498105314f1' -> (Import Result ID: 'dbc980e56cd3b1ebf5ab5a49b26629cf') in 0.003 seconds [static and dynamic dependencies]. Details - ImportResultOutputID=a96984fa70e27b1d64eff1a1a6bd62f8 DependenciesID=18e1c7f25a8b1b3f695c072088bd41c2 StaticDependenciesID=3a7cf4328983c136fcee0192338fcf88 
Number of updated asset objects reloaded before import = 0
Number of asset objects unloaded after import = 0
========================================================================
Received Import Request.
  Time of request: 2026-09-19T15:08:28.3346727Z
  Time since last request: 0.032523 seconds.
  importAddress: GUID: 811d999912a5f3f459a637aad029fbc8 - Path: Packages/com.unity.ugui/Tests/Runtime/UGUI/Canvas/RectTransformValidAfterEnable.cs - Importer: ScriptedImporter/UnityEditor.QuickSearchModule:UnityEditor.Search:ASIAI0B
Importing 'GUID: 811d999912a5f3f459a637aad029fbc8 - Path: Packages/com.unity.ugui/Tests/Runtime/UGUI/Canvas/RectTransformValidAfterEnable.cs - Importer: ScriptedImporter/UnityEditor.QuickSearchModule:UnityEditor.Search:ASIAI0B' with importer (ScriptedImporter : UnityEditor.QuickSearchModule:UnityEditor.Search:ASIAI0B)
Imported 'GUID: 811d999912a5f3f459a637aad029fbc8' -> (Import Result ID: '080cba2946810143e27ecd2697c2a5a8') in 0.006 seconds [static and dynamic dependencies]. Details - ImportResultOutputID=e61841d66a039e71d5a69f3029eef577 DependenciesID=a60f2b7c34058878f4d991cb0e4b7862 StaticDependenciesID=7fb9043d704465e41249d81b034106b4 
Number of updated asset objects reloaded before import = 0
Number of asset objects unloaded after import = 0
========================================================================
Received Import Request.
  Time of request: 2026-09-19T15:08:28.3729412Z
  Time since last request: 0.0111122 seconds.
  importAddress: GUID: bdd96340ebb649f781c3ff803211c992 - Path: Packages/com.unity.ugui/Tests/Runtime/UGUI/RawImage/TestRawImage.cs - Importer: ScriptedImporter/UnityEditor.QuickSearchModule:UnityEditor.Search:ASIAI0B
Importing 'GUID: bdd96340ebb649f781c3ff803211c992 - Path: Packages/com.unity.ugui/Tests/Runtime/UGUI/RawImage/TestRawImage.cs - Importer: ScriptedImporter/UnityEditor.QuickSearchModule:UnityEditor.Search:ASIAI0B' with importer (ScriptedImporter : UnityEditor.QuickSearchModule:UnityEditor.Search:ASIAI0B)
Imported 'GUID: bdd96340ebb649f781c3ff803211c992' -> (Import Result ID: '8c5b01f2399d86a4fd2c6024db5ef8d3') in 0.003 seconds [static and dynamic dependencies]. Details - ImportResultOutputID=ee71d1a110a1f8c2846fa03e0305f510 DependenciesID=2c539ea98f85fb8c86d956e311b76994 StaticDependenciesID=d8becbfbfd30413eebef804c959d37e2 
Number of updated asset objects reloaded before import = 0
Number of asset objects unloaded after import = 0
========================================================================
Received Import Request.
  Time of request: 2026-09-19T15:08:28.4007583Z
  Time since last request: 0.0009532 seconds.
  importAddress: GUID: 309b0604924786544a3786ec4073c5a1 - Path: Packages/com.unity.ugui/Tests/Runtime/UGUI/Layout/ContentSizeFitterTests.cs - Importer: ScriptedImporter/UnityEditor.QuickSearchModule:UnityEditor.Search:ASIAI0B
Importing 'GUID: 309b0604924786544a3786ec4073c5a1 - Path: Packages/com.unity.ugui/Tests/Runtime/UGUI/Layout/ContentSizeFitterTests.cs - Importer: ScriptedImporter/UnityEditor.QuickSearchModule:UnityEditor.Search:ASIAI0B' with importer (ScriptedImporter : UnityEditor.QuickSearchModule:UnityEditor.Search:ASIAI0B)
Imported 'GUID: 309b0604924786544a3786ec4073c5a1' -> (Import Result ID: '17b4bf86c4c3a5a6d674a54f3124751c') in 0.004 seconds [static and dynamic dependencies]. Details - ImportResultOutputID=8eb098c9457a085018cbda478a327c28 DependenciesID=e1b3977f200947ed1a0e177ef8d4accd StaticDependenciesID=05f454b52fd227a00502dbeef267562c 
Number of updated asset objects reloaded before import = 0
Number of asset objects unloaded after import = 0
========================================================================
Received Import Request.
  Time of request: 2026-09-19T15:08:28.428847Z
  Time since last request: 0.0005703 seconds.
  importAddress: GUID: 2db6ae1a3fb0947168501ebed95a108c - Path: Packages/com.unity.ugui/Tests/Runtime/UGUI/SafeArea/SafeAreaRotateFlagTests.cs - Importer: ScriptedImporter/UnityEditor.QuickSearchModule:UnityEditor.Search:ASIAI0B
Importing 'GUID: 2db6ae1a3fb0947168501ebed95a108c - Path: Packages/com.unity.ugui/Tests/Runtime/UGUI/SafeArea/SafeAreaRotateFlagTests.cs - Importer: ScriptedImporter/UnityEditor.QuickSearchModule:UnityEditor.Search:ASIAI0B' with importer (ScriptedImporter : UnityEditor.QuickSearchModule:UnityEditor.Search:ASIAI0B)
Imported 'GUID: 2db6ae1a3fb0947168501ebed95a108c' -> (Import Result ID: '895430b25b536bebbd37455fe97fc46c') in 0.003 seconds [static and dynamic dependencies]. Details - ImportResultOutputID=5c333a4a662ddfadd95254fb5f1e3f62 DependenciesID=5978fc91c2e81cebdafec185d443f90a StaticDependenciesID=0bd5633c690a01850bd0db01067bec96 
Number of updated asset objects reloaded before import = 0
Number of asset objects unloaded after import = 0
========================================================================
Received Import Request.
  Time of request: 2026-09-19T15:08:28.4472385Z
  Time since last request: 0.0004708 seconds.
  importAddress: GUID: fc8d686a4c18b8d49bb1db4150de0459 - Path: Packages/com.unity.ugui/Tests/Runtime/UGUI/Canvas/NestedCanvas.cs - Importer: ScriptedImporter/UnityEditor.QuickSearchModule:UnityEditor.Search:ASIAI0B
Importing 'GUID: fc8d686a4c18b8d49bb1db4150de0459 - Path: Packages/com.unity.ugui/Tests/Runtime/UGUI/Canvas/NestedCanvas.cs - Importer: ScriptedImporter/UnityEditor.QuickSearchModule:UnityEditor.Search:ASIAI0B' with importer (ScriptedImporter : UnityEditor.QuickSearchModule:UnityEditor.Search:ASIAI0B)
Imported 'GUID: fc8d686a4c18b8d49bb1db4150de0459' -> (Import Result ID: '1266c92169dc769dbef3ad4ad79d449c') in 0.003 seconds [static and dynamic dependencies]. Details - ImportResultOutputID=314bbaf988f9f6fc692db1f1e353464d DependenciesID=54582e86bac65a9f7b90c26d49cf1a18 StaticDependenciesID=e1345f8b76e93c69354bfe01732b3cc8 
Number of updated asset objects reloaded before import = 0
Number of asset objects unloaded after import = 0
========================================================================
Received Import Request.
  Time of request: 2026-09-19T15:08:28.4679047Z
  Time since last request: 0.0007064 seconds.
  importAddress: GUID: a598580d0cfc7224ebed8d2b627d9e00 - Path: Packages/com.unity.ugui/Tests/Runtime/UGUI/Image/ImageTests.cs - Importer: ScriptedImporter/UnityEditor.QuickSearchModule:UnityEditor.Search:ASIAI0B
Importing 'GUID: a598580d0cfc7224ebed8d2b627d9e00 - Path: Packages/com.unity.ugui/Tests/Runtime/UGUI/Image/ImageTests.cs - Importer: ScriptedImporter/UnityEditor.QuickSearchModule:UnityEditor.Search:ASIAI0B' with importer (ScriptedImporter : UnityEditor.QuickSearchModule:UnityEditor.Search:ASIAI0B)
Imported 'GUID: a598580d0cfc7224ebed8d2b627d9e00' -> (Import Result ID: '5b7908a3fcf747875a1bde5315ed8bf2') in 0.006 seconds [static and dynamic dependencies]. Details - ImportResultOutputID=32e2ab53f450e0be37d016e4fc699a90 DependenciesID=a8788c6aa00185a34fe045df362360f7 StaticDependenciesID=245eefadf11e759057f6870cebe4b598 
Number of updated asset objects reloaded before import = 0
Number of asset objects unloaded after import = 0
========================================================================
Received Import Request.
  Time of request: 2026-09-19T15:08:28.4952524Z
  Time since last request: 0.0007737 seconds.
  importAddress: GUID: acfa3573efc38c844be021fdaa8cf8a6 - Path: Packages/com.unity.ugui/Tests/Runtime/UGUI/Graphic/RawImageTest.cs - Importer: ScriptedImporter/UnityEditor.QuickSearchModule:UnityEditor.Search:ASIAI0B
Importing 'GUID: acfa3573efc38c844be021fdaa8cf8a6 - Path: Packages/com.unity.ugui/Tests/Runtime/UGUI/Graphic/RawImageTest.cs - Importer: ScriptedImporter/UnityEditor.QuickSearchModule:UnityEditor.Search:ASIAI0B' with importer (ScriptedImporter : UnityEditor.QuickSearchModule:UnityEditor.Search:ASIAI0B)
Imported 'GUID: acfa3573efc38c844be021fdaa8cf8a6' -> (Import Result ID: '7b7633f574e1b8af86976398ed017745') in 0.007 seconds [static and dynamic dependencies]. Details - ImportResultOutputID=81ae14c7c05329917fab884f3c5a57ae DependenciesID=0028a69946d65da34360192251853d1f StaticDependenciesID=886ed8a15bf057510fce329887873b28 
Number of updated asset objects reloaded before import = 0
Number of asset objects unloaded after import = 0
========================================================================
Received Import Request.
  Time of request: 2026-09-19T15:08:28.5351276Z
  Time since last request: 0.0061801 seconds.
  importAddress: GUID: 2ba506934dc2ce14591a37f3b00dca92 - Path: Packages/com.unity.ugui/Tests/Runtime/UGUI/Canvas/RectMask2DReparentedToDifferentCanvas.cs - Importer: ScriptedImporter/UnityEditor.QuickSearchModule:UnityEditor.Search:ASIAI0B
Importing 'GUID: 2ba506934dc2ce14591a37f3b00dca92 - Path: Packages/com.unity.ugui/Tests/Runtime/UGUI/Canvas/RectMask2DReparentedToDifferentCanvas.cs - Importer: ScriptedImporter/UnityEditor.QuickSearchModule:UnityEditor.Search:ASIAI0B' with importer (ScriptedImporter : UnityEditor.QuickSearchModule:UnityEditor.Search:ASIAI0B)
Imported 'GUID: 2ba506934dc2ce14591a37f3b00dca92' -> (Import Result ID: 'dcbfc54b30f1af8cca0942588f55331b') in 0.003 seconds [static and dynamic dependencies]. Details - ImportResultOutputID=677d3a022d7887e7a1e9f2dac140b812 DependenciesID=e0935b01f0fb31caa8729d9e9b7653d7 StaticDependenciesID=9b91e960e99545941f5a28809355d13c 
Number of updated asset objects reloaded before import = 0
Number of asset objects unloaded after import = 0
========================================================================
Received Import Request.
  Time of request: 2026-09-19T15:08:28.5546428Z
  Time since last request: 0.0006118 seconds.
  importAddress: GUID: aca0de4e74f6cdf41a449805f345a4f5 - Path: Packages/com.unity.ugui/Tests/Runtime/UGUI/Graphic/NavigationTests.cs - Importer: ScriptedImporter/UnityEditor.QuickSearchModule:UnityEditor.Search:ASIAI0B
Importing 'GUID: aca0de4e74f6cdf41a449805f345a4f5 - Path: Packages/com.unity.ugui/Tests/Runtime/UGUI/Graphic/NavigationTests.cs - Importer: ScriptedImporter/UnityEditor.QuickSearchModule:UnityEditor.Search:ASIAI0B' with importer (ScriptedImporter : UnityEditor.QuickSearchModule:UnityEditor.Search:ASIAI0B)
Imported 'GUID: aca0de4e74f6cdf41a449805f345a4f5' -> (Import Result ID: '12110e2dbd0e25c15393bfcb658fa7b4') in 0.003 seconds [static and dynamic dependencies]. Details - ImportResultOutputID=8300da9184f35c36d2408a0083055a6d DependenciesID=60d306a40832163202eb4321613c7fd1 StaticDependenciesID=79a67b8d34a850634acf9f4014224a37 
Number of updated asset objects reloaded before import = 0
Number of asset objects unloaded after import = 0
========================================================================
Received Import Request.
  Time of request: 2026-09-19T15:08:28.5776634Z
  Time since last request: 0.0004956 seconds.
  importAddress: GUID: 5a522d5dce4ce4b0e840babe8fd40834 - Path: Packages/com.unity.ugui/Tests/Runtime/UGUI/SafeArea/SafeAreaTests.cs - Importer: ScriptedImporter/UnityEditor.QuickSearchModule:UnityEditor.Search:ASIAI0B
Importing 'GUID: 5a522d5dce4ce4b0e840babe8fd40834 - Path: Packages/com.unity.ugui/Tests/Runtime/UGUI/SafeArea/SafeAreaTests.cs - Importer: ScriptedImporter/UnityEditor.QuickSearchModule:UnityEditor.Search:ASIAI0B' with importer (ScriptedImporter : UnityEditor.QuickSearchModule:UnityEditor.Search:ASIAI0B)
Imported 'GUID: 5a522d5dce4ce4b0e840babe8fd40834' -> (Import Result ID: 'b7aac6232b1f5b5b34e23bb626038a88') in 0.003 seconds [static and dynamic dependencies]. Details - ImportResultOutputID=bcaf97daa7b5fd67d7c142fabccc1afc DependenciesID=f91891dd1fc7e6d655fc3bf4adb61780 StaticDependenciesID=6a19701c5e3ae270ac2edc4b7b74b4f1 
Number of updated asset objects reloaded before import = 0
Number of asset objects unloaded after import = 0
========================================================================
Received Import Request.
  Time of request: 2026-09-19T15:08:28.6007252Z
  Time since last request: 0.0004842 seconds.
  importAddress: GUID: be07f70ee67e6d74e851a9333719bbb6 - Path: Packages/com.unity.ugui/Tests/Runtime/UGUI/Canvas/NestedCanvasMaintainsCorrectSize.cs - Importer: ScriptedImporter/UnityEditor.QuickSearchModule:UnityEditor.Search:ASIAI0B
Importing 'GUID: be07f70ee67e6d74e851a9333719bbb6 - Path: Packages/com.unity.ugui/Tests/Runtime/UGUI/Canvas/NestedCanvasMaintainsCorrectSize.cs - Importer: ScriptedImporter/UnityEditor.QuickSearchModule:UnityEditor.Search:ASIAI0B' with importer (ScriptedImporter : UnityEditor.QuickSearchModule:UnityEditor.Search:ASIAI0B)
Imported 'GUID: be07f70ee67e6d74e851a9333719bbb6' -> (Import Result ID: 'dd7fd8d42377fa4a9dd96fbe91fa5321') in 0.004 seconds [static and dynamic dependencies]. Details - ImportResultOutputID=8fe888f2286eed2ffb96d82ac329e1cb DependenciesID=071d617532e4a2e4e55add8ad064f57b StaticDependenciesID=af3f3bf560f9c6422cc8a4e138fb35bb 
Number of updated asset objects reloaded before import = 0
Number of asset objects unloaded after import = 0
========================================================================
Received Import Request.
  Time of request: 2026-09-19T15:08:28.6238391Z
  Time since last request: 0.0007418 seconds.
  importAddress: GUID: e89ff5e7c669f70409de18c9948164d4 - Path: Packages/com.unity.ugui/Tests/Runtime/UGUI/InputField/TouchInputFieldTests.cs - Importer: ScriptedImporter/UnityEditor.QuickSearchModule:UnityEditor.Search:ASIAI0B
Importing 'GUID: e89ff5e7c669f70409de18c9948164d4 - Path: Packages/com.unity.ugui/Tests/Runtime/UGUI/InputField/TouchInputFieldTests.cs - Importer: ScriptedImporter/UnityEditor.QuickSearchModule:UnityEditor.Search:ASIAI0B' with importer (ScriptedImporter : UnityEditor.QuickSearchModule:UnityEditor.Search:ASIAI0B)
Imported 'GUID: e89ff5e7c669f70409de18c9948164d4' -> (Import Result ID: '6fa5e637fda3951220ce3d7c190181eb') in 0.003 seconds [static and dynamic dependencies]. Details - ImportResultOutputID=d7470f1c54b532f5f691af24526bc8af DependenciesID=b9eda3873636015efff81e478f367cba StaticDependenciesID=ec5a693110e37b345a0840f4a6f316c0 
Number of updated asset objects reloaded before import = 0
Number of asset objects unloaded after import = 0
========================================================================
Received Import Request.
  Time of request: 2026-09-19T15:08:28.644004Z
  Time since last request: 0.0006892 seconds.
  importAddress: GUID: 589533fb2413e3e4fba7df13a6a75bf2 - Path: Packages/com.unity.ugui/Tests/Runtime/UGUI/Layout/LayoutGroupScaling.cs - Importer: ScriptedImporter/UnityEditor.QuickSearchModule:UnityEditor.Search:ASIAI0B
Importing 'GUID: 589533fb2413e3e4fba7df13a6a75bf2 - Path: Packages/com.unity.ugui/Tests/Runtime/UGUI/Layout/LayoutGroupScaling.cs - Importer: ScriptedImporter/UnityEditor.QuickSearchModule:UnityEditor.Search:ASIAI0B' with importer (ScriptedImporter : UnityEditor.QuickSearchModule:UnityEditor.Search:ASIAI0B)
Imported 'GUID: 589533fb2413e3e4fba7df13a6a75bf2' -> (Import Result ID: 'be9bb377e26b580cdc27ad0338e4b34b') in 0.004 seconds [static and dynamic dependencies]. Details - ImportResultOutputID=ee8f1b815763eb0f9637c650735fae13 DependenciesID=475acfc85bca6d328b1662c32b994776 StaticDependenciesID=dfb3583fce748934e3da07b2f8ecb99a 
Number of updated asset objects reloaded before import = 0
Number of asset objects unloaded after import = 0
========================================================================
Received Import Request.
  Time of request: 2026-09-19T15:08:28.6651388Z
  Time since last request: 0.0006701 seconds.
  importAddress: GUID: 08a8587e5f07fb64f88a0cbe2ebe327e - Path: Packages/com.unity.ugui/Tests/Runtime/UGUI/Canvas/RectangleContainsScreenPointTest.cs - Importer: ScriptedImporter/UnityEditor.QuickSearchModule:UnityEditor.Search:ASIAI0B
Importing 'GUID: 08a8587e5f07fb64f88a0cbe2ebe327e - Path: Packages/com.unity.ugui/Tests/Runtime/UGUI/Canvas/RectangleContainsScreenPointTest.cs - Importer: ScriptedImporter/UnityEditor.QuickSearchModule:UnityEditor.Search:ASIAI0B' with importer (ScriptedImporter : UnityEditor.QuickSearchModule:UnityEditor.Search:ASIAI0B)
Imported 'GUID: 08a8587e5f07fb64f88a0cbe2ebe327e' -> (Import Result ID: 'b8aed282a0453a5dcfcfacfd9bef4893') in 0.003 seconds [static and dynamic dependencies]. Details - ImportResultOutputID=cd4b374b619468bf50f0f76281d8a539 DependenciesID=84243f96b62ede9a468ec876e5f34d48 StaticDependenciesID=deb5a90099d449fa2ce28b83cd19c20c 
Number of updated asset objects reloaded before import = 0
Number of asset objects unloaded after import = 0
========================================================================
Received Import Request.
  Time of request: 2026-09-19T15:08:28.6852801Z
  Time since last request: 0.0006073 seconds.
  importAddress: GUID: 53ee1d135588bf447a7af7ba2e8709d7 - Path: Packages/com.unity.ugui/Tests/Runtime/UGUI/EventSystem/GraphicRaycasterButtonTests.cs - Importer: ScriptedImporter/UnityEditor.QuickSearchModule:UnityEditor.Search:ASIAI0B
Importing 'GUID: 53ee1d135588bf447a7af7ba2e8709d7 - Path: Packages/com.unity.ugui/Tests/Runtime/UGUI/EventSystem/GraphicRaycasterButtonTests.cs - Importer: ScriptedImporter/UnityEditor.QuickSearchModule:UnityEditor.Search:ASIAI0B' with importer (ScriptedImporter : UnityEditor.QuickSearchModule:UnityEditor.Search:ASIAI0B)
Imported 'GUID: 53ee1d135588bf447a7af7ba2e8709d7' -> (Import Result ID: '348c232b0f6c2826ea7bf474f2a029a0') in 0.003 seconds [static and dynamic dependencies]. Details - ImportResultOutputID=a86530f665f89a1bb6b5602befdf1b09 DependenciesID=f7e30394a09ae0bb33de3c9a34f34573 StaticDependenciesID=8e4cfd7a25ef86cde653defc08037e2f 
Number of updated asset objects reloaded before import = 0
Number of asset objects unloaded after import = 0
========================================================================
Received Import Request.
  Time of request: 2026-09-19T15:08:28.7073776Z
  Time since last request: 0.0014385 seconds.
  importAddress: GUID: e6323ebef616fee4486ee155cd56d191 - Path: Packages/com.unity.ugui/Tests/Runtime/UGUI/EventSystem/GraphicRaycasterTests.cs - Importer: ScriptedImporter/UnityEditor.QuickSearchModule:UnityEditor.Search:ASIAI0B
Importing 'GUID: e6323ebef616fee4486ee155cd56d191 - Path: Packages/com.unity.ugui/Tests/Runtime/UGUI/EventSystem/GraphicRaycasterTests.cs - Importer: ScriptedImporter/UnityEditor.QuickSearchModule:UnityEditor.Search:ASIAI0B' with importer (ScriptedImporter : UnityEditor.QuickSearchModule:UnityEditor.Search:ASIAI0B)
Imported 'GUID: e6323ebef616fee4486ee155cd56d191' -> (Import Result ID: 'ec9b62f1538071054c7291aa617d984f') in 0.003 seconds [static and dynamic dependencies]. Details - ImportResultOutputID=46c137e6ccbf93712a09ea7a372514c1 DependenciesID=8a7ba473e30fb2f2134c7b839e92848f StaticDependenciesID=5c0222d4273b9007e10890b11adf8ec1 
Number of updated asset objects reloaded before import = 0
Number of asset objects unloaded after import = 0
========================================================================
Received Import Request.
  Time of request: 2026-09-19T15:08:28.7294769Z
  Time since last request: 0.0005336 seconds.
  importAddress: GUID: 13d161b14bb3ab74e8a9634e26fb7a5e - Path: Packages/com.unity.ugui/Tests/Runtime/UGUI/Canvas/CanvasScalerWithChildTextObjectDoesNotCrash.cs - Importer: ScriptedImporter/UnityEditor.QuickSearchModule:UnityEditor.Search:ASIAI0B
Importing 'GUID: 13d161b14bb3ab74e8a9634e26fb7a5e - Path: Packages/com.unity.ugui/Tests/Runtime/UGUI/Canvas/CanvasScalerWithChildTextObjectDoesNotCrash.cs - Importer: ScriptedImporter/UnityEditor.QuickSearchModule:UnityEditor.Search:ASIAI0B' with importer (ScriptedImporter : UnityEditor.QuickSearchModule:UnityEditor.Search:ASIAI0B)
Imported 'GUID: 13d161b14bb3ab74e8a9634e26fb7a5e' -> (Import Result ID: '6359db06edd96476175d6a7822f905ee') in 0.003 seconds [static and dynamic dependencies]. Details - ImportResultOutputID=7f293b0c10f1de2de1a776d78be53b0c DependenciesID=d832581d8313605811496f564b9b2ddc StaticDependenciesID=bd61c8bfb9493032b732423d9f48a5cb 
Number of updated asset objects reloaded before import = 0
Number of asset objects unloaded after import = 0
========================================================================
Received Import Request.
  Time of request: 2026-09-19T15:08:28.7500187Z
  Time since last request: 0.0005543 seconds.
  importAddress: GUID: b9eb962217e00bf4fbc734e109991fca - Path: Packages/com.unity.ugui/Tests/Runtime/UGUI/Layout/GridLayoutGroupTests.cs - Importer: ScriptedImporter/UnityEditor.QuickSearchModule:UnityEditor.Search:ASIAI0B
Importing 'GUID: b9eb962217e00bf4fbc734e109991fca - Path: Packages/com.unity.ugui/Tests/Runtime/UGUI/Layout/GridLayoutGroupTests.cs - Importer: ScriptedImporter/UnityEditor.QuickSearchModule:UnityEditor.Search:ASIAI0B' with importer (ScriptedImporter : UnityEditor.QuickSearchModule:UnityEditor.Search:ASIAI0B)
Imported 'GUID: b9eb962217e00bf4fbc734e109991fca' -> (Import Result ID: '34982acc86807f596ff9dc81cde0b75f') in 0.002 seconds [static and dynamic dependencies]. Details - ImportResultOutputID=fd38ab09251e597c3041b6ea2b5834a0 DependenciesID=19ec2c349b56d9df62174259f678977a StaticDependenciesID=540bbb7bc4fcd971106fe22ac63440eb 
Number of updated asset objects reloaded before import = 0
Number of asset objects unloaded after import = 0
========================================================================
Received Import Request.
  Time of request: 2026-09-19T15:08:28.7699461Z
  Time since last request: 0.0005683 seconds.
  importAddress: GUID: 3371106faf8d06f47a73979a3c8d82a1 - Path: Packages/com.unity.ugui/Tests/Runtime/UGUI/InputField/InputFieldTests.cs - Importer: ScriptedImporter/UnityEditor.QuickSearchModule:UnityEditor.Search:ASIAI0B
Importing 'GUID: 3371106faf8d06f47a73979a3c8d82a1 - Path: Packages/com.unity.ugui/Tests/Runtime/UGUI/InputField/InputFieldTests.cs - Importer: ScriptedImporter/UnityEditor.QuickSearchModule:UnityEditor.Search:ASIAI0B' with importer (ScriptedImporter : UnityEditor.QuickSearchModule:UnityEditor.Search:ASIAI0B)
Imported 'GUID: 3371106faf8d06f47a73979a3c8d82a1' -> (Import Result ID: 'e8b03e23ce9c42322002ad42f640e68c') in 0.003 seconds [static and dynamic dependencies]. Details - ImportResultOutputID=e7fe900b01c71bd7daf5dd42a20077bf DependenciesID=13b1545af24f1a2f04de9c5c87824833 StaticDependenciesID=6236d60059d0af960260298b29824b69 
Number of updated asset objects reloaded before import = 0
Number of asset objects unloaded after import = 0
========================================================================
Received Import Request.
  Time of request: 2026-09-19T15:08:28.7888509Z
  Time since last request: 0.0009559 seconds.
  importAddress: GUID: e1b0ab339722791498cc804831a17ad3 - Path: Packages/com.unity.ugui/Tests/Runtime/UGUI/InputField/DesktopInputFieldTests.cs - Importer: ScriptedImporter/UnityEditor.QuickSearchModule:UnityEditor.Search:ASIAI0B
Importing 'GUID: e1b0ab339722791498cc804831a17ad3 - Path: Packages/com.unity.ugui/Tests/Runtime/UGUI/InputField/DesktopInputFieldTests.cs - Importer: ScriptedImporter/UnityEditor.QuickSearchModule:UnityEditor.Search:ASIAI0B' with importer (ScriptedImporter : UnityEditor.QuickSearchModule:UnityEditor.Search:ASIAI0B)
Imported 'GUID: e1b0ab339722791498cc804831a17ad3' -> (Import Result ID: 'cf890376b608be44565eb5d7e376b475') in 0.003 seconds [static and dynamic dependencies]. Details - ImportResultOutputID=90e8ef82c61a175adc2d1d3d1642bb28 DependenciesID=91fea4b4bac7d77fc76d487b83dcddc7 StaticDependenciesID=673a1d89ede1e34a20b65ac603d1cb11 
Number of updated asset objects reloaded before import = 0
Number of asset objects unloaded after import = 0
========================================================================
Received Import Request.
  Time of request: 2026-09-19T15:08:28.8061718Z
  Time since last request: 0.0005251 seconds.
  importAddress: GUID: e88a766c2b8b47841936c136f4afbba9 - Path: Packages/com.unity.ugui/Tests/Runtime/UGUI/Graphic/GraphicTests.cs - Importer: ScriptedImporter/UnityEditor.QuickSearchModule:UnityEditor.Search:ASIAI0B
Importing 'GUID: e88a766c2b8b47841936c136f4afbba9 - Path: Packages/com.unity.ugui/Tests/Runtime/UGUI/Graphic/GraphicTests.cs - Importer: ScriptedImporter/UnityEditor.QuickSearchModule:UnityEditor.Search:ASIAI0B' with importer (ScriptedImporter : UnityEditor.QuickSearchModule:UnityEditor.Search:ASIAI0B)
Imported 'GUID: e88a766c2b8b47841936c136f4afbba9' -> (Import Result ID: '4e152c83b655f2a371670d0376f81f78') in 0.003 seconds [static and dynamic dependencies]. Details - ImportResultOutputID=7995d123e19fb16e89e1b55a27d8dfba DependenciesID=951f0f656900961f06a00c886c12d2a3 StaticDependenciesID=b9ad821e49848505ddfd43989cbb34f9 
Number of updated asset objects reloaded before import = 0
Number of asset objects unloaded after import = 0
========================================================================
Received Import Request.
  Time of request: 2026-09-19T15:08:28.8557408Z
  Time since last request: 0.0290589 seconds.
  importAddress: GUID: 67e3583b91179094094c6a188b232262 - Path: Packages/com.unity.ugui/Runtime/UGUI/UI/Core/Culling/Clipping.cs - Importer: ScriptedImporter/UnityEditor.QuickSearchModule:UnityEditor.Search:ASIAI0B
Importing 'GUID: 67e3583b91179094094c6a188b232262 - Path: Packages/com.unity.ugui/Runtime/UGUI/UI/Core/Culling/Clipping.cs - Importer: ScriptedImporter/UnityEditor.QuickSearchModule:UnityEditor.Search:ASIAI0B' with importer (ScriptedImporter : UnityEditor.QuickSearchModule:UnityEditor.Search:ASIAI0B)
Imported 'GUID: 67e3583b91179094094c6a188b232262' -> (Import Result ID: 'aadd6a20b3a4943c435938b2b4c15d56') in 0.003 seconds [static and dynamic dependencies]. Details - ImportResultOutputID=ec6ed0b13d9f86acb49ad474e707a126 DependenciesID=c2854441f859442e5789dd4c15f4cbd2 StaticDependenciesID=d94af79604258d68882cf0440e55c21a 
Number of updated asset objects reloaded before import = 0
Number of asset objects unloaded after import = 0
========================================================================
Received Import Request.
  Time of request: 2026-09-19T15:08:28.8774723Z
  Time since last request: 0.0007029 seconds.
  importAddress: GUID: 368d3a0498e78014da578aa5f45e2797 - Path: Packages/com.unity.ugui/Runtime/UGUI/UI/Core/Layout/ILayoutElement.cs - Importer: ScriptedImporter/UnityEditor.QuickSearchModule:UnityEditor.Search:ASIAI0B
Importing 'GUID: 368d3a0498e78014da578aa5f45e2797 - Path: Packages/com.unity.ugui/Runtime/UGUI/UI/Core/Layout/ILayoutElement.cs - Importer: ScriptedImporter/UnityEditor.QuickSearchModule:UnityEditor.Search:ASIAI0B' with importer (ScriptedImporter : UnityEditor.QuickSearchModule:UnityEditor.Search:ASIAI0B)
Imported 'GUID: 368d3a0498e78014da578aa5f45e2797' -> (Import Result ID: 'd005b8fe9900ab36a7b5066d96d5d32c') in 0.004 seconds [static and dynamic dependencies]. Details - ImportResultOutputID=32c3751b26150168b7af2a00a896aa64 DependenciesID=d34c0a10d268b074997cfe657f5ba122 StaticDependenciesID=e002e755b82920bcd0698d3422a069c7 
Number of updated asset objects reloaded before import = 0
Number of asset objects unloaded after import = 0
========================================================================
Received Import Request.
  Time of request: 2026-09-19T15:08:28.8976061Z
  Time since last request: 0.0005455 seconds.
  importAddress: GUID: 14427eecd0bccea468addc3492aaef57 - Path: Packages/com.unity.ugui/Tests/Runtime/UGUI/Toggle/ToggleTests.cs - Importer: ScriptedImporter/UnityEditor.QuickSearchModule:UnityEditor.Search:ASIAI0B
Importing 'GUID: 14427eecd0bccea468addc3492aaef57 - Path: Packages/com.unity.ugui/Tests/Runtime/UGUI/Toggle/ToggleTests.cs - Importer: ScriptedImporter/UnityEditor.QuickSearchModule:UnityEditor.Search:ASIAI0B' with importer (ScriptedImporter : UnityEditor.QuickSearchModule:UnityEditor.Search:ASIAI0B)
Imported 'GUID: 14427eecd0bccea468addc3492aaef57' -> (Import Result ID: 'bef538b68ba5ac13e4e85ebd7b19dd6a') in 0.002 seconds [static and dynamic dependencies]. Details - ImportResultOutputID=902ba225ccb8390a3f5b2149cbcec644 DependenciesID=c59c18ff0d1b23866a8016973e15c6ea StaticDependenciesID=cde4608b75cdf7f60c0606683ec952c7 
Number of updated asset objects reloaded before import = 0
Number of asset objects unloaded after import = 0
========================================================================
Received Import Request.
  Time of request: 2026-09-19T15:08:28.9140848Z
  Time since last request: 0.0006286 seconds.
  importAddress: GUID: 8a8695521f0d02e499659fee002a26c2 - Path: Packages/com.unity.ugui/Runtime/UGUI/UI/Core/Layout/GridLayoutGroup.cs - Importer: ScriptedImporter/UnityEditor.QuickSearchModule:UnityEditor.Search:ASIAI0B
Importing 'GUID: 8a8695521f0d02e499659fee002a26c2 - Path: Packages/com.unity.ugui/Runtime/UGUI/UI/Core/Layout/GridLayoutGroup.cs - Importer: ScriptedImporter/UnityEditor.QuickSearchModule:UnityEditor.Search:ASIAI0B' with importer (ScriptedImporter : UnityEditor.QuickSearchModule:UnityEditor.Search:ASIAI0B)
Imported 'GUID: 8a8695521f0d02e499659fee002a26c2' -> (Import Result ID: 'ed137447fa82b8529c103f8ce0cb99ae') in 0.003 seconds [static and dynamic dependencies]. Details - ImportResultOutputID=99107a95787320bf639254f21765d61a DependenciesID=cbdc48e34b2d94432dcebae48fa01b53 StaticDependenciesID=e176ac5294f37b6bb1179dfc3db006e7 
Number of updated asset objects reloaded before import = 0
Number of asset objects unloaded after import = 0
========================================================================
Received Import Request.
  Time of request: 2026-09-19T15:08:28.9392276Z
  Time since last request: 0.0039112 seconds.
  importAddress: GUID: 433d3b96b2a40a5479d3d7d8495882ed - Path: Packages/com.unity.ugui/Tests/Editor/UGUI/UI/PropertyDrawers/PropertyDrawerTests.cs - Importer: ScriptedImporter/UnityEditor.QuickSearchModule:UnityEditor.Search:ASIAI0B
Importing 'GUID: 433d3b96b2a40a5479d3d7d8495882ed - Path: Packages/com.unity.ugui/Tests/Editor/UGUI/UI/PropertyDrawers/PropertyDrawerTests.cs - Importer: ScriptedImporter/UnityEditor.QuickSearchModule:UnityEditor.Search:ASIAI0B' with importer (ScriptedImporter : UnityEditor.QuickSearchModule:UnityEditor.Search:ASIAI0B)
Imported 'GUID: 433d3b96b2a40a5479d3d7d8495882ed' -> (Import Result ID: '7a9c8b5abed278509bc03245fa580268') in 0.003 seconds [static and dynamic dependencies]. Details - ImportResultOutputID=c80e6d15fa681a7b3290f6189f7afea6 DependenciesID=aa175e5578c73b1594a7e2457b883958 StaticDependenciesID=933c336990861856f801b766e5906343 
Number of updated asset objects reloaded before import = 0
Number of asset objects unloaded after import = 0
========================================================================
Received Import Request.
  Time of request: 2026-09-19T15:08:28.9595923Z
  Time since last request: 0.000599 seconds.
  importAddress: GUID: cb7c939a806f03341b682c180dc13f08 - Path: Packages/com.unity.ugui/Runtime/UGUI/UI/Core/Layout/LayoutGroup.cs - Importer: ScriptedImporter/UnityEditor.QuickSearchModule:UnityEditor.Search:ASIAI0B
Importing 'GUID: cb7c939a806f03341b682c180dc13f08 - Path: Packages/com.unity.ugui/Runtime/UGUI/UI/Core/Layout/LayoutGroup.cs - Importer: ScriptedImporter/UnityEditor.QuickSearchModule:UnityEditor.Search:ASIAI0B' with importer (ScriptedImporter : UnityEditor.QuickSearchModule:UnityEditor.Search:ASIAI0B)
Imported 'GUID: cb7c939a806f03341b682c180dc13f08' -> (Import Result ID: '5ee5205395e7f2f213a5a73ee18d10be') in 0.003 seconds [static and dynamic dependencies]. Details - ImportResultOutputID=1bd225d6317a7707e4be8788f3123a90 DependenciesID=8afc87a2f29405f97780a7e7228132e8 StaticDependenciesID=be9442ee3b51326950d49607c3ce5cab 
Number of updated asset objects reloaded before import = 0
Number of asset objects unloaded after import = 0
========================================================================
Received Import Request.
  Time of request: 2026-09-19T15:08:28.9800586Z
  Time since last request: 0.0006031 seconds.
  importAddress: GUID: bd605698a338c4de88bb5b3c4632af68 - Path: Packages/com.unity.collections/package.json - Importer: ScriptedImporter/UnityEditor.QuickSearchModule:UnityEditor.Search:ASIAI0B
Importing 'GUID: bd605698a338c4de88bb5b3c4632af68 - Path: Packages/com.unity.collections/package.json - Importer: ScriptedImporter/UnityEditor.QuickSearchModule:UnityEditor.Search:ASIAI0B' with importer (ScriptedImporter : UnityEditor.QuickSearchModule:UnityEditor.Search:ASIAI0B)
Imported 'GUID: bd605698a338c4de88bb5b3c4632af68' -> (Import Result ID: '4c845859fae98d643fa64f021a3d1dbc') in 0.003 seconds [static and dynamic dependencies]. Details - ImportResultOutputID=f7a464aaef550202257e18135ca00b44 DependenciesID=bd6356e7841a529049c7cd97e0f8e835 StaticDependenciesID=e9f008488e8da89cec930e6dc9fde832 
Number of updated asset objects reloaded before import = 0
Number of asset objects unloaded after import = 1
========================================================================
Received Import Request.
  Time of request: 2026-09-19T15:08:29.0004831Z
  Time since last request: 0.0004227 seconds.
  importAddress: GUID: 76c82729ad712f14bae1a8a279c52ac3 - Path: Packages/com.unity.ugui/Tests/Runtime/UGUI/EventSystem/InputModuleTests/DragCallbackCheck.cs - Importer: ScriptedImporter/UnityEditor.QuickSearchModule:UnityEditor.Search:ASIAI0B
Importing 'GUID: 76c82729ad712f14bae1a8a279c52ac3 - Path: Packages/com.unity.ugui/Tests/Runtime/UGUI/EventSystem/InputModuleTests/DragCallbackCheck.cs - Importer: ScriptedImporter/UnityEditor.QuickSearchModule:UnityEditor.Search:ASIAI0B' with importer (ScriptedImporter : UnityEditor.QuickSearchModule:UnityEditor.Search:ASIAI0B)
Imported 'GUID: 76c82729ad712f14bae1a8a279c52ac3' -> (Import Result ID: '5da9a807996dad56d0136bfc86f7c1ee') in 0.003 seconds [static and dynamic dependencies]. Details - ImportResultOutputID=028804ef59ea0dc0cab14fae9c87e92e DependenciesID=2d5e98d1e5c49b8e6a1998c8c42fc55b StaticDependenciesID=537ebe3e8c814bce5b789da73ca98af2 
Number of updated asset objects reloaded before import = 0
Number of asset objects unloaded after import = 0
========================================================================
Received Import Request.
  Time of request: 2026-09-19T15:08:29.0182188Z
  Time since last request: 0.0006623 seconds.
  importAddress: GUID: 0b2706df6fdff50448f84a3f6629b40f - Path: Packages/com.unity.ugui/Tests/Runtime/UGUI/Util/ExceptionUtils.cs - Importer: ScriptedImporter/UnityEditor.QuickSearchModule:UnityEditor.Search:ASIAI0B
Importing 'GUID: 0b2706df6fdff50448f84a3f6629b40f - Path: Packages/com.unity.ugui/Tests/Runtime/UGUI/Util/ExceptionUtils.cs - Importer: ScriptedImporter/UnityEditor.QuickSearchModule:UnityEditor.Search:ASIAI0B' with importer (ScriptedImporter : UnityEditor.QuickSearchModule:UnityEditor.Search:ASIAI0B)
Imported 'GUID: 0b2706df6fdff50448f84a3f6629b40f' -> (Import Result ID: 'f56ec07998c18defc177ade4bfa3c7cb') in 0.002 seconds [static and dynamic dependencies]. Details - ImportResultOutputID=fef5c7b82bb69114e1342676b7f153ba DependenciesID=7f5111951cf6112e7b2bd087283719c3 StaticDependenciesID=3ad133c34242f88b147f52ab746db8fb 
Number of updated asset objects reloaded before import = 0
Number of asset objects unloaded after import = 0
========================================================================
Received Import Request.
  Time of request: 2026-09-19T15:08:29.0384046Z
  Time since last request: 0.0006111 seconds.
  importAddress: GUID: 306cc8c2b49d7114eaa3623786fc2126 - Path: Packages/com.unity.ugui/Runtime/UGUI/UI/Core/Layout/LayoutElement.cs - Importer: ScriptedImporter/UnityEditor.QuickSearchModule:UnityEditor.Search:ASIAI0B
Importing 'GUID: 306cc8c2b49d7114eaa3623786fc2126 - Path: Packages/com.unity.ugui/Runtime/UGUI/UI/Core/Layout/LayoutElement.cs - Importer: ScriptedImporter/UnityEditor.QuickSearchModule:UnityEditor.Search:ASIAI0B' with importer (ScriptedImporter : UnityEditor.QuickSearchModule:UnityEditor.Search:ASIAI0B)
Imported 'GUID: 306cc8c2b49d7114eaa3623786fc2126' -> (Import Result ID: '7ff5fedfda0b06188d999e3164bcca2e') in 0.005 seconds [static and dynamic dependencies]. Details - ImportResultOutputID=034902a54db32f85509d809163eb7285 DependenciesID=c010e24697c0fcdfd1211bc137380704 StaticDependenciesID=682483b72e5219a4fbf6f09e3efcafed 
Number of updated asset objects reloaded before import = 0
Number of asset objects unloaded after import = 0
========================================================================
Received Import Request.
  Time of request: 2026-09-19T15:08:29.0623809Z
  Time since last request: 0.0006745 seconds.
  importAddress: GUID: 05f7f519769978b79b31d063a7fc6fa1 - Path: Packages/com.unity.modules.unitywebrequestassetbundle/package.json - Importer: ScriptedImporter/UnityEditor.QuickSearchModule:UnityEditor.Search:ASIAI0B
Importing 'GUID: 05f7f519769978b79b31d063a7fc6fa1 - Path: Packages/com.unity.modules.unitywebrequestassetbundle/package.json - Importer: ScriptedImporter/UnityEditor.QuickSearchModule:UnityEditor.Search:ASIAI0B' with importer (ScriptedImporter : UnityEditor.QuickSearchModule:UnityEditor.Search:ASIAI0B)
Imported 'GUID: 05f7f519769978b79b31d063a7fc6fa1' -> (Import Result ID: '784530f26df5c704ec5a9e88996f5b1e') in 0.004 seconds [static and dynamic dependencies]. Details - ImportResultOutputID=77132bf7644085f3c77c42196ded5ba9 DependenciesID=e53b6c5e0ff584611ac02a4dad054a2c StaticDependenciesID=8dd95cdda092e5c6cc0208e437687126 
Number of updated asset objects reloaded before import = 0
Number of asset objects unloaded after import = 1
========================================================================
Received Import Request.
  Time of request: 2026-09-19T15:08:29.0844372Z
  Time since last request: 0.0006175 seconds.
  importAddress: GUID: 00f9a68859b850648902e0c98c25b590 - Path: Packages/com.unity.ugui/Tests/Runtime/UGUI/ScrollBar/ScrollBarTests.cs - Importer: ScriptedImporter/UnityEditor.QuickSearchModule:UnityEditor.Search:ASIAI0B
Importing 'GUID: 00f9a68859b850648902e0c98c25b590 - Path: Packages/com.unity.ugui/Tests/Runtime/UGUI/ScrollBar/ScrollBarTests.cs - Importer: ScriptedImporter/UnityEditor.QuickSearchModule:UnityEditor.Search:ASIAI0B' with importer (ScriptedImporter : UnityEditor.QuickSearchModule:UnityEditor.Search:ASIAI0B)
Imported 'GUID: 00f9a68859b850648902e0c98c25b590' -> (Import Result ID: 'c64b259f871de9ff7b8fcc7a17d8a150') in 0.002 seconds [static and dynamic dependencies]. Details - ImportResultOutputID=11e9690b6c88538d41ef9a923c438128 DependenciesID=205f7fea533948222ec568a0dc5135b4 StaticDependenciesID=793a12ee6adc57ffe81f430588dbb0ac 
Number of updated asset objects reloaded before import = 0
Number of asset objects unloaded after import = 0
========================================================================
Received Import Request.
  Time of request: 2026-09-19T15:08:29.1044667Z
  Time since last request: 0.0004825 seconds.
  importAddress: GUID: db8e609a39b9b231fccc54e5fa4cbd1b - Path: Packages/com.unity.modules.animation/package.ModuleCompilationTrigger - Importer: ScriptedImporter/UnityEditor.QuickSearchModule:UnityEditor.Search:ASIAI0B
Importing 'GUID: db8e609a39b9b231fccc54e5fa4cbd1b - Path: Packages/com.unity.modules.animation/package.ModuleCompilationTrigger - Importer: ScriptedImporter/UnityEditor.QuickSearchModule:UnityEditor.Search:ASIAI0B' with importer (ScriptedImporter : UnityEditor.QuickSearchModule:UnityEditor.Search:ASIAI0B)
Imported 'GUID: db8e609a39b9b231fccc54e5fa4cbd1b' -> (Import Result ID: 'e7f426379af02892ee24ee423f5a0f40') in 0.002 seconds [static and dynamic dependencies]. Details - ImportResultOutputID=5995cd796671f3e49ef29df394a87179 DependenciesID=6157bbfaf3528d0f651501a7cb716bc4 StaticDependenciesID=164ae76ee61e50df3ef6225057ab565d 
Number of updated asset objects reloaded before import = 0
Number of asset objects unloaded after import = 1
========================================================================
Received Import Request.
  Time of request: 2026-09-19T15:08:29.1197276Z
  Time since last request: 0.0005233 seconds.
  importAddress: GUID: eb4fb871430ff484e9ee3850946c504d - Path: Packages/com.unity.ugui/Tests/Runtime/UGUI/EventSystem/InputModuleTests/PointerEnterCallbackCheck.cs - Importer: ScriptedImporter/UnityEditor.QuickSearchModule:UnityEditor.Search:ASIAI0B
Importing 'GUID: eb4fb871430ff484e9ee3850946c504d - Path: Packages/com.unity.ugui/Tests/Runtime/UGUI/EventSystem/InputModuleTests/PointerEnterCallbackCheck.cs - Importer: ScriptedImporter/UnityEditor.QuickSearchModule:UnityEditor.Search:ASIAI0B' with importer (ScriptedImporter : UnityEditor.QuickSearchModule:UnityEditor.Search:ASIAI0B)
Imported 'GUID: eb4fb871430ff484e9ee3850946c504d' -> (Import Result ID: 'adede9499a593fc74a2a8ff73d0a4b1b') in 0.003 seconds [static and dynamic dependencies]. Details - ImportResultOutputID=9a59020c9f08028e6d2c61e441b59782 DependenciesID=806fb84fc0efb60c97ce04606ada6863 StaticDependenciesID=fce26c74f58335273758af7d9d92eee4 
Number of updated asset objects reloaded before import = 0
Number of asset objects unloaded after import = 0
========================================================================
Received Import Request.
  Time of request: 2026-09-19T15:08:29.1364954Z
  Time since last request: 0.0004155 seconds.
  importAddress: GUID: 7ef8348b8ea834d7e1bc214b07f7fb87 - Path: Packages/com.unity.modules.animation/package.json - Importer: ScriptedImporter/UnityEditor.QuickSearchModule:UnityEditor.Search:ASIAI0B
Importing 'GUID: 7ef8348b8ea834d7e1bc214b07f7fb87 - Path: Packages/com.unity.modules.animation/package.json - Importer: ScriptedImporter/UnityEditor.QuickSearchModule:UnityEditor.Search:ASIAI0B' with importer (ScriptedImporter : UnityEditor.QuickSearchModule:UnityEditor.Search:ASIAI0B)
Imported 'GUID: 7ef8348b8ea834d7e1bc214b07f7fb87' -> (Import Result ID: 'f2b0a4a2149dfc038e0ef59c04eb3a8a') in 0.003 seconds [static and dynamic dependencies]. Details - ImportResultOutputID=97647d0b86ffb2c17050f4318540dc40 DependenciesID=66f5c8cf7ca38e7db32c57a3d97a7e13 StaticDependenciesID=ff2727669353bf492e347617bb57b1d5 
Number of updated asset objects reloaded before import = 0
Number of asset objects unloaded after import = 1
========================================================================
Received Import Request.
  Time of request: 2026-09-19T15:08:29.1531903Z
  Time since last request: 0.0005112 seconds.
  importAddress: GUID: c459424081436584c8cec10767f9ac38 - Path: Packages/com.unity.ugui/Runtime/UGUI/UI/Core/Utility/VertexHelper.cs - Importer: ScriptedImporter/UnityEditor.QuickSearchModule:UnityEditor.Search:ASIAI0B
Importing 'GUID: c459424081436584c8cec10767f9ac38 - Path: Packages/com.unity.ugui/Runtime/UGUI/UI/Core/Utility/VertexHelper.cs - Importer: ScriptedImporter/UnityEditor.QuickSearchModule:UnityEditor.Search:ASIAI0B' with importer (ScriptedImporter : UnityEditor.QuickSearchModule:UnityEditor.Search:ASIAI0B)
Imported 'GUID: c459424081436584c8cec10767f9ac38' -> (Import Result ID: 'f83fdf4bf2e82e27bb5f1c0da52d4669') in 0.003 seconds [static and dynamic dependencies]. Details - ImportResultOutputID=f170384d63f691d75698c85b25aa2cf5 DependenciesID=7510f3ee7ec50d1952e086d3d410be35 StaticDependenciesID=8c1f961ab31ec607cf82f3e9ef02ec72 
Number of updated asset objects reloaded before import = 0
Number of asset objects unloaded after import = 0
========================================================================
Received Import Request.
  Time of request: 2026-09-19T15:08:29.1699265Z
  Time since last request: 0.0005358 seconds.
  importAddress: GUID: cd561f5f687aed43bf280c27a84f79e3 - Path: Packages/com.unity.modules.screencapture/package.ModuleCompilationTrigger - Importer: ScriptedImporter/UnityEditor.QuickSearchModule:UnityEditor.Search:ASIAI0B
Importing 'GUID: cd561f5f687aed43bf280c27a84f79e3 - Path: Packages/com.unity.modules.screencapture/package.ModuleCompilationTrigger - Importer: ScriptedImporter/UnityEditor.QuickSearchModule:UnityEditor.Search:ASIAI0B' with importer (ScriptedImporter : UnityEditor.QuickSearchModule:UnityEditor.Search:ASIAI0B)
Imported 'GUID: cd561f5f687aed43bf280c27a84f79e3' -> (Import Result ID: '11744e6ed7241a119cad11a8a5a2a355') in 0.003 seconds [static and dynamic dependencies]. Details - ImportResultOutputID=e21afc67ee8a395edf1aa97399384a60 DependenciesID=0ffaddb3f0562ff854eb3631270a17c0 StaticDependenciesID=162f93a00e2a123259d0204ed40754aa 
Number of updated asset objects reloaded before import = 0
Number of asset objects unloaded after import = 1
========================================================================
Received Import Request.
  Time of request: 2026-09-19T15:08:29.1887959Z
  Time since last request: 0.0005069 seconds.
  importAddress: GUID: a5d815866ec304e56b03ec5cfc5f8b0a - Path: Packages/com.unity.collections/CHANGELOG.md - Importer: ScriptedImporter/UnityEditor.QuickSearchModule:UnityEditor.Search:ASIAI0B
Importing 'GUID: a5d815866ec304e56b03ec5cfc5f8b0a - Path: Packages/com.unity.collections/CHANGELOG.md - Importer: ScriptedImporter/UnityEditor.QuickSearchModule:UnityEditor.Search:ASIAI0B' with importer (ScriptedImporter : UnityEditor.QuickSearchModule:UnityEditor.Search:ASIAI0B)
Imported 'GUID: a5d815866ec304e56b03ec5cfc5f8b0a' -> (Import Result ID: 'efe1420bc1cad5f54a98894bf5eea089') in 0.010 seconds [static and dynamic dependencies]. Details - ImportResultOutputID=f5526160446fe5dd3567a6d0fc1f16e7 DependenciesID=7b7d98fcff850d004e366d4b7e96eed6 StaticDependenciesID=725397e3c7221afa3247ac35b897df92 
Number of updated asset objects reloaded before import = 0
Number of asset objects unloaded after import = 1
========================================================================
Received Import Request.
  Time of request: 2026-09-19T15:08:29.2178628Z
  Time since last request: 0.0005644 seconds.
  importAddress: GUID: cfabb0440166ab443bba8876756fdfa9 - Path: Packages/com.unity.ugui/Runtime/UGUI/UI/Core/VertexModifiers/Shadow.cs - Importer: ScriptedImporter/UnityEditor.QuickSearchModule:UnityEditor.Search:ASIAI0B
Importing 'GUID: cfabb0440166ab443bba8876756fdfa9 - Path: Packages/com.unity.ugui/Runtime/UGUI/UI/Core/VertexModifiers/Shadow.cs - Importer: ScriptedImporter/UnityEditor.QuickSearchModule:UnityEditor.Search:ASIAI0B' with importer (ScriptedImporter : UnityEditor.QuickSearchModule:UnityEditor.Search:ASIAI0B)
Imported 'GUID: cfabb0440166ab443bba8876756fdfa9' -> (Import Result ID: '22c3a0ed1ae09d6475248aa4ab0e5d91') in 0.003 seconds [static and dynamic dependencies]. Details - ImportResultOutputID=95ceadd956db8a989bdff19cfc7d2ab0 DependenciesID=2b473846870c274fdcaf990cdb978e72 StaticDependenciesID=36b3dff193a1255e048e0e2c12002e97 
Number of updated asset objects reloaded before import = 0
Number of asset objects unloaded after import = 0
========================================================================
Received Import Request.
  Time of request: 2026-09-19T15:08:29.2374897Z
  Time since last request: 0.0005282 seconds.
  importAddress: GUID: d925cabd9ecd5074aadab0726b96c38f - Path: Packages/com.unity.ugui/Tests/Runtime/UGUI/ScrollRect/ScrollRectTests.cs - Importer: ScriptedImporter/UnityEditor.QuickSearchModule:UnityEditor.Search:ASIAI0B
Importing 'GUID: d925cabd9ecd5074aadab0726b96c38f - Path: Packages/com.unity.ugui/Tests/Runtime/UGUI/ScrollRect/ScrollRectTests.cs - Importer: ScriptedImporter/UnityEditor.QuickSearchModule:UnityEditor.Search:ASIAI0B' with importer (ScriptedImporter : UnityEditor.QuickSearchModule:UnityEditor.Search:ASIAI0B)
Imported 'GUID: d925cabd9ecd5074aadab0726b96c38f' -> (Import Result ID: '47b92c69cbf2fc658bd66d50641d677a') in 0.003 seconds [static and dynamic dependencies]. Details - ImportResultOutputID=6d1ed8f3e5534336b035b67ede95b990 DependenciesID=cbb3b6dae6f047a13bef3d73ad859479 StaticDependenciesID=4242e14fbced43847817b6e5a0a1b4fd 
Number of updated asset objects reloaded before import = 0
Number of asset objects unloaded after import = 0
========================================================================
Received Import Request.
  Time of request: 2026-09-19T15:08:29.2574132Z
  Time since last request: 0.0008838 seconds.
  importAddress: GUID: 4d31e19fd539ac54c8d9151da43683e9 - Path: Packages/com.unity.ugui/Tests/Runtime/UGUI/Util/ConcreteGraphic.cs - Importer: ScriptedImporter/UnityEditor.QuickSearchModule:UnityEditor.Search:ASIAI0B
Importing 'GUID: 4d31e19fd539ac54c8d9151da43683e9 - Path: Packages/com.unity.ugui/Tests/Runtime/UGUI/Util/ConcreteGraphic.cs - Importer: ScriptedImporter/UnityEditor.QuickSearchModule:UnityEditor.Search:ASIAI0B' with importer (ScriptedImporter : UnityEditor.QuickSearchModule:UnityEditor.Search:ASIAI0B)
Imported 'GUID: 4d31e19fd539ac54c8d9151da43683e9' -> (Import Result ID: '9718f98633d7b6850b56fe2da8ff048e') in 0.003 seconds [static and dynamic dependencies]. Details - ImportResultOutputID=9dd848501c980d5d62aeb5aa9e40b0cd DependenciesID=f4d23b14b724ed0bae837d61b84eb52a StaticDependenciesID=03b98443cccdad4fec6abe382723c4ce 
Number of updated asset objects reloaded before import = 0
Number of asset objects unloaded after import = 0
========================================================================
Received Import Request.
  Time of request: 2026-09-19T15:08:29.2966535Z
  Time since last request: 0.0175903 seconds.
  importAddress: GUID: c6561bdb03b3b415a9725d8af46e62d4 - Path: Packages/com.unity.collections/Unity.Collections/ConcurrentMask.cs - Importer: ScriptedImporter/UnityEditor.QuickSearchModule:UnityEditor.Search:ASIAI0B
Importing 'GUID: c6561bdb03b3b415a9725d8af46e62d4 - Path: Packages/com.unity.collections/Unity.Collections/ConcurrentMask.cs - Importer: ScriptedImporter/UnityEditor.QuickSearchModule:UnityEditor.Search:ASIAI0B' with importer (ScriptedImporter : UnityEditor.QuickSearchModule:UnityEditor.Search:ASIAI0B)
Imported 'GUID: c6561bdb03b3b415a9725d8af46e62d4' -> (Import Result ID: '575721a332ad4d818628ee41048cf01a') in 0.003 seconds [static and dynamic dependencies]. Details - ImportResultOutputID=de9c0e7c745488e8aaae16d97cf0b7f4 DependenciesID=3bf14cf8be7e6baf19e87a5355ac0534 StaticDependenciesID=df527f5e826d957ccc6dca83a041b112 
Number of updated asset objects reloaded before import = 0
Number of asset objects unloaded after import = 0
========================================================================
Received Import Request.
  Time of request: 2026-09-19T15:08:29.3148731Z
  Time since last request: 0.0007857 seconds.
  importAddress: GUID: c96af7680ee0e6c4095162d932aadf52 - Path: Packages/com.unity.collections/Unity.Collections/NativeText.gen.cs - Importer: ScriptedImporter/UnityEditor.QuickSearchModule:UnityEditor.Search:ASIAI0B
Importing 'GUID: c96af7680ee0e6c4095162d932aadf52 - Path: Packages/com.unity.collections/Unity.Collections/NativeText.gen.cs - Importer: ScriptedImporter/UnityEditor.QuickSearchModule:UnityEditor.Search:ASIAI0B' with importer (ScriptedImporter : UnityEditor.QuickSearchModule:UnityEditor.Search:ASIAI0B)
Imported 'GUID: c96af7680ee0e6c4095162d932aadf52' -> (Import Result ID: '2a5a64bc7bb9c5f68006cd16d5d93624') in 0.003 seconds [static and dynamic dependencies]. Details - ImportResultOutputID=99c1ce3ba3c5a85a9123f1f096f1c2d0 DependenciesID=074e20edf091d7202bb8b9a3ac479158 StaticDependenciesID=800f03d152f2afe716336e317d35f0de 
Number of updated asset objects reloaded before import = 0
Number of asset objects unloaded after import = 0
========================================================================
Received Import Request.
  Time of request: 2026-09-19T15:08:29.3318615Z
  Time since last request: 0.0005555 seconds.
  importAddress: GUID: 5225ac49dbd6eb941b91278b59ac4ac0 - Path: Packages/com.unity.collections/Unity.Collections/UnsafeParallelHashMap.cs - Importer: ScriptedImporter/UnityEditor.QuickSearchModule:UnityEditor.Search:ASIAI0B
Importing 'GUID: 5225ac49dbd6eb941b91278b59ac4ac0 - Path: Packages/com.unity.collections/Unity.Collections/UnsafeParallelHashMap.cs - Importer: ScriptedImporter/UnityEditor.QuickSearchModule:UnityEditor.Search:ASIAI0B' with importer (ScriptedImporter : UnityEditor.QuickSearchModule:UnityEditor.Search:ASIAI0B)
Imported 'GUID: 5225ac49dbd6eb941b91278b59ac4ac0' -> (Import Result ID: '7c1cdab46fe60712cccbd42867cce7fa') in 0.003 seconds [static and dynamic dependencies]. Details - ImportResultOutputID=399515f47d3324390eba89b3184b621f DependenciesID=0c64503786c5c135ed6dc743d73e2200 StaticDependenciesID=83699909e1148b10ba1a803f1494347a 
Number of updated asset objects reloaded before import = 0
Number of asset objects unloaded after import = 0
========================================================================
Received Import Request.
  Time of request: 2026-09-19T15:08:29.352886Z
  Time since last request: 0.0005555 seconds.
  importAddress: GUID: 0e9b36beea84b894ca71b7dcd8883525 - Path: Packages/com.unity.collections/Unity.Collections/NativeHashMap.cs - Importer: ScriptedImporter/UnityEditor.QuickSearchModule:UnityEditor.Search:ASIAI0B
Importing 'GUID: 0e9b36beea84b894ca71b7dcd8883525 - Path: Packages/com.unity.collections/Unity.Collections/NativeHashMap.cs - Importer: ScriptedImporter/UnityEditor.QuickSearchModule:UnityEditor.Search:ASIAI0B' with importer (ScriptedImporter : UnityEditor.QuickSearchModule:UnityEditor.Search:ASIAI0B)
Imported 'GUID: 0e9b36beea84b894ca71b7dcd8883525' -> (Import Result ID: 'b419db4ff07446f45bf7ef513701a369') in 0.003 seconds [static and dynamic dependencies]. Details - ImportResultOutputID=9388a0fc32fe45dd23e7c35f500f3186 DependenciesID=08535955eb04dd2e9e0aa677852d752e StaticDependenciesID=00fe00ff89cf1410aabe6288a6f0ba2e 
Number of updated asset objects reloaded before import = 0
Number of asset objects unloaded after import = 0
========================================================================
Received Import Request.
  Time of request: 2026-09-19T15:08:29.373953Z
  Time since last request: 0.000407 seconds.
  importAddress: GUID: 07dc69c5229468f40a380bf9161fb7c4 - Path: Packages/com.unity.collections/Unity.Collections/DoubleRewindableAllocators.cs - Importer: ScriptedImporter/UnityEditor.QuickSearchModule:UnityEditor.Search:ASIAI0B
Importing 'GUID: 07dc69c5229468f40a380bf9161fb7c4 - Path: Packages/com.unity.collections/Unity.Collections/DoubleRewindableAllocators.cs - Importer: ScriptedImporter/UnityEditor.QuickSearchModule:UnityEditor.Search:ASIAI0B' with importer (ScriptedImporter : UnityEditor.QuickSearchModule:UnityEditor.Search:ASIAI0B)
Imported 'GUID: 07dc69c5229468f40a380bf9161fb7c4' -> (Import Result ID: 'f9a69dd703cf4912137e68652b38bdf2') in 0.003 seconds [static and dynamic dependencies]. Details - ImportResultOutputID=6f307dd46a8e752822a6e29a72818bf1 DependenciesID=391bf362ba5fa56f107508a132161b2e StaticDependenciesID=aa7a32edb7055d851c4ec0a0a78f4e7f 
Number of updated asset objects reloaded before import = 0
Number of asset objects unloaded after import = 0
========================================================================
Received Import Request.
  Time of request: 2026-09-19T15:08:29.3960718Z
  Time since last request: 0.0007869 seconds.
  importAddress: GUID: 66f7a4570af244dfacfded8cc0c60aec - Path: Packages/com.unity.collections/Unity.Collections/FixedStringFormat.gen.cs - Importer: ScriptedImporter/UnityEditor.QuickSearchModule:UnityEditor.Search:ASIAI0B
Importing 'GUID: 66f7a4570af244dfacfded8cc0c60aec - Path: Packages/com.unity.collections/Unity.Collections/FixedStringFormat.gen.cs - Importer: ScriptedImporter/UnityEditor.QuickSearchModule:UnityEditor.Search:ASIAI0B' with importer (ScriptedImporter : UnityEditor.QuickSearchModule:UnityEditor.Search:ASIAI0B)
Imported 'GUID: 66f7a4570af244dfacfded8cc0c60aec' -> (Import Result ID: '8d72deeade0de65d5b34a4374a85ff98') in 0.003 seconds [static and dynamic dependencies]. Details - ImportResultOutputID=07aa64bdcecad952dcade01255c820d7 DependenciesID=13b3e03501432f4a876f69b7fa891127 StaticDependenciesID=5157917b755493ce763e18837bb23b04 
Number of updated asset objects reloaded before import = 0
Number of asset objects unloaded after import = 0
========================================================================
Received Import Request.
  Time of request: 2026-09-19T15:08:29.4180816Z
  Time since last request: 0.0009451 seconds.
  importAddress: GUID: 7d1c578573cb6b34b860a0eb47293b24 - Path: Packages/com.unity.collections/Unity.Collections/NativeRingQueue.cs - Importer: ScriptedImporter/UnityEditor.QuickSearchModule:UnityEditor.Search:ASIAI0B
Importing 'GUID: 7d1c578573cb6b34b860a0eb47293b24 - Path: Packages/com.unity.collections/Unity.Collections/NativeRingQueue.cs - Importer: ScriptedImporter/UnityEditor.QuickSearchModule:UnityEditor.Search:ASIAI0B' with importer (ScriptedImporter : UnityEditor.QuickSearchModule:UnityEditor.Search:ASIAI0B)
Imported 'GUID: 7d1c578573cb6b34b860a0eb47293b24' -> (Import Result ID: '218c4adf0132a041d6a6ce2bed45d4f0') in 0.003 seconds [static and dynamic dependencies]. Details - ImportResultOutputID=737d9ce7d64d3d146a29849f6d78ec16 DependenciesID=20789a2815b4a5d59dd61aafbec8c135 StaticDependenciesID=82bb0aefa348c1cbc40722abb0dba01f 
Number of updated asset objects reloaded before import = 0
Number of asset objects unloaded after import = 0
========================================================================
Received Import Request.
  Time of request: 2026-09-19T15:08:29.4390602Z
  Time since last request: 0.0005379 seconds.
  importAddress: GUID: bc38a1e61f172489a8eb4983c247c3c3 - Path: Packages/com.unity.collections/Unity.Collections/Unicode.cs - Importer: ScriptedImporter/UnityEditor.QuickSearchModule:UnityEditor.Search:ASIAI0B
Importing 'GUID: bc38a1e61f172489a8eb4983c247c3c3 - Path: Packages/com.unity.collections/Unity.Collections/Unicode.cs - Importer: ScriptedImporter/UnityEditor.QuickSearchModule:UnityEditor.Search:ASIAI0B' with importer (ScriptedImporter : UnityEditor.QuickSearchModule:UnityEditor.Search:ASIAI0B)
Imported 'GUID: bc38a1e61f172489a8eb4983c247c3c3' -> (Import Result ID: 'c543e1d566839e6c59a012984b4f68b1') in 0.003 seconds [static and dynamic dependencies]. Details - ImportResultOutputID=5d510379a07b428cbbee690e98607fd4 DependenciesID=5f9bac11e5cd064a20baa8fb017b943d StaticDependenciesID=ffc43ee1b3fdef3d994b41e9f4d682bc 
Number of updated asset objects reloaded before import = 0
Number of asset objects unloaded after import = 0
========================================================================
Received Import Request.
  Time of request: 2026-09-19T15:08:29.4610279Z
  Time since last request: 0.0006254 seconds.
  importAddress: GUID: 8172d9c91a2b64bca91bb78a3a3d4552 - Path: Packages/com.unity.collections/Unity.Collections/FixedStringUtils.cs - Importer: ScriptedImporter/UnityEditor.QuickSearchModule:UnityEditor.Search:ASIAI0B
Importing 'GUID: 8172d9c91a2b64bca91bb78a3a3d4552 - Path: Packages/com.unity.collections/Unity.Collections/FixedStringUtils.cs - Importer: ScriptedImporter/UnityEditor.QuickSearchModule:UnityEditor.Search:ASIAI0B' with importer (ScriptedImporter : UnityEditor.QuickSearchModule:UnityEditor.Search:ASIAI0B)
Imported 'GUID: 8172d9c91a2b64bca91bb78a3a3d4552' -> (Import Result ID: 'b8c42c1772eda8e4ad56575bed5469df') in 0.004 seconds [static and dynamic dependencies]. Details - ImportResultOutputID=cf1d7155fb6129817d2d39548403841f DependenciesID=c34ffbbf8e7f286724eceb6cfde180c7 StaticDependenciesID=f328dd27ed85045e2bab50363810cc93 
Number of updated asset objects reloaded before import = 0
Number of asset objects unloaded after import = 0
========================================================================
Received Import Request.
  Time of request: 2026-09-19T15:08:29.483364Z
  Time since last request: 0.0005659 seconds.
  importAddress: GUID: 1de5774def35a6642a480cfd1b8c11d7 - Path: Packages/com.unity.collections/Unity.Collections/NativeParallelMultiHashMap.cs - Importer: ScriptedImporter/UnityEditor.QuickSearchModule:UnityEditor.Search:ASIAI0B
Importing 'GUID: 1de5774def35a6642a480cfd1b8c11d7 - Path: Packages/com.unity.collections/Unity.Collections/NativeParallelMultiHashMap.cs - Importer: ScriptedImporter/UnityEditor.QuickSearchModule:UnityEditor.Search:ASIAI0B' with importer (ScriptedImporter : UnityEditor.QuickSearchModule:UnityEditor.Search:ASIAI0B)
Imported 'GUID: 1de5774def35a6642a480cfd1b8c11d7' -> (Import Result ID: '27bd62d962358d668094886066c27cfc') in 0.002 seconds [static and dynamic dependencies]. Details - ImportResultOutputID=4edc39dc1256f8fd936f592bdfaf6bad DependenciesID=29c2d51729509425eb230f3a67725830 StaticDependenciesID=6c2b5aa28dd8802040a7e75314b6bd76 
Number of updated asset objects reloaded before import = 0
Number of asset objects unloaded after import = 0
========================================================================
Received Import Request.
  Time of request: 2026-09-19T15:08:29.502655Z
  Time since last request: 0.0004814 seconds.
  importAddress: GUID: 0ddd82532ba0b41c7af9888fdbc562e1 - Path: Packages/com.unity.collections/Unity.Collections/NativeList.cs - Importer: ScriptedImporter/UnityEditor.QuickSearchModule:UnityEditor.Search:ASIAI0B
Importing 'GUID: 0ddd82532ba0b41c7af9888fdbc562e1 - Path: Packages/com.unity.collections/Unity.Collections/NativeList.cs - Importer: ScriptedImporter/UnityEditor.QuickSearchModule:UnityEditor.Search:ASIAI0B' with importer (ScriptedImporter : UnityEditor.QuickSearchModule:UnityEditor.Search:ASIAI0B)
Imported 'GUID: 0ddd82532ba0b41c7af9888fdbc562e1' -> (Import Result ID: 'dacd348c0ae5fecd099a46b617149a48') in 0.003 seconds [static and dynamic dependencies]. Details - ImportResultOutputID=4dbb9c31920af70080a08611398fd74d DependenciesID=672724f19a29f36251bf9cb8117346f2 StaticDependenciesID=c75762db05a7dd80e7d6953dd96cc17b 
Number of updated asset objects reloaded before import = 0
Number of asset objects unloaded after import = 0
========================================================================
Received Import Request.
  Time of request: 2026-09-19T15:08:29.5201669Z
  Time since last request: 0.000755 seconds.
  importAddress: GUID: 5811fa70eb1e3da40b802cd058899005 - Path: Packages/com.unity.collections/Unity.Collections/UnsafeAtomicCounter.cs - Importer: ScriptedImporter/UnityEditor.QuickSearchModule:UnityEditor.Search:ASIAI0B
Importing 'GUID: 5811fa70eb1e3da40b802cd058899005 - Path: Packages/com.unity.collections/Unity.Collections/UnsafeAtomicCounter.cs - Importer: ScriptedImporter/UnityEditor.QuickSearchModule:UnityEditor.Search:ASIAI0B' with importer (ScriptedImporter : UnityEditor.QuickSearchModule:UnityEditor.Search:ASIAI0B)
Imported 'GUID: 5811fa70eb1e3da40b802cd058899005' -> (Import Result ID: '38cd051cb8551f52c9db40838f47e839') in 0.003 seconds [static and dynamic dependencies]. Details - ImportResultOutputID=f2ffdf7e9aca650e2c340b517699a3b6 DependenciesID=9bfaa2e976a7ff33fbbe480d336dcd9e StaticDependenciesID=e7441e2f554a44161d4567f1b1610ebf 
Number of updated asset objects reloaded before import = 0
Number of asset objects unloaded after import = 0
========================================================================
Received Import Request.
  Time of request: 2026-09-19T15:08:29.5395033Z
  Time since last request: 0.0006036 seconds.
  importAddress: GUID: ec1f6f558fc0b9a4fac43b21ec79cd5a - Path: Packages/com.unity.collections/Unity.Collections/BitField.cs - Importer: ScriptedImporter/UnityEditor.QuickSearchModule:UnityEditor.Search:ASIAI0B
Importing 'GUID: ec1f6f558fc0b9a4fac43b21ec79cd5a - Path: Packages/com.unity.collections/Unity.Collections/BitField.cs - Importer: ScriptedImporter/UnityEditor.QuickSearchModule:UnityEditor.Search:ASIAI0B' with importer (ScriptedImporter : UnityEditor.QuickSearchModule:UnityEditor.Search:ASIAI0B)
Imported 'GUID: ec1f6f558fc0b9a4fac43b21ec79cd5a' -> (Import Result ID: '1ce6bc736d713361158017ef1af3e52e') in 0.003 seconds [static and dynamic dependencies]. Details - ImportResultOutputID=c6a6838f7caaac0f674d829155efcc8d DependenciesID=da461e077df604980c3abd1ec6872cc2 StaticDependenciesID=d30fd3540fda0d7a1cfba0e37d168fae 
Number of updated asset objects reloaded before import = 0
Number of asset objects unloaded after import = 0
========================================================================
Received Import Request.
  Time of request: 2026-09-19T15:08:29.5598147Z
  Time since last request: 0.0011918 seconds.
  importAddress: GUID: 1f49bcab900e54c498a852d067a7636c - Path: Packages/com.unity.collections/Unity.Collections/NativeParallelHashMap.cs - Importer: ScriptedImporter/UnityEditor.QuickSearchModule:UnityEditor.Search:ASIAI0B
Importing 'GUID: 1f49bcab900e54c498a852d067a7636c - Path: Packages/com.unity.collections/Unity.Collections/NativeParallelHashMap.cs - Importer: ScriptedImporter/UnityEditor.QuickSearchModule:UnityEditor.Search:ASIAI0B' with importer (ScriptedImporter : UnityEditor.QuickSearchModule:UnityEditor.Search:ASIAI0B)
Imported 'GUID: 1f49bcab900e54c498a852d067a7636c' -> (Import Result ID: '82dc9255c065e5325a79975f697ee5af') in 0.003 seconds [static and dynamic dependencies]. Details - ImportResultOutputID=da603ddb4b2173ceb7d5dda99ff4f591 DependenciesID=5cc01a9962e1851a325816033c7e3fda StaticDependenciesID=7ea2c5efa26b33f36df7bde8bbe6f150 
Number of updated asset objects reloaded before import = 0
Number of asset objects unloaded after import = 0
========================================================================
Received Import Request.
  Time of request: 2026-09-19T15:08:29.5809652Z
  Time since last request: 0.0004833 seconds.
  importAddress: GUID: 66713ae417f65c84c944fd6fa9e80129 - Path: Packages/com.unity.collections/Unity.Collections/NativeParallelHashSetExtensions.gen.cs - Importer: ScriptedImporter/UnityEditor.QuickSearchModule:UnityEditor.Search:ASIAI0B
Importing 'GUID: 66713ae417f65c84c944fd6fa9e80129 - Path: Packages/com.unity.collections/Unity.Collections/NativeParallelHashSetExtensions.gen.cs - Importer: ScriptedImporter/UnityEditor.QuickSearchModule:UnityEditor.Search:ASIAI0B' with importer (ScriptedImporter : UnityEditor.QuickSearchModule:UnityEditor.Search:ASIAI0B)
Imported 'GUID: 66713ae417f65c84c944fd6fa9e80129' -> (Import Result ID: '584dea9134ef266bd9193647d5ace64f') in 0.003 seconds [static and dynamic dependencies]. Details - ImportResultOutputID=57aef382a3c345ab4a4c4f5d2bb9060a DependenciesID=7169ac643fd2ba3cb5a30d2bc883cede StaticDependenciesID=72f71dcb4c101057a6040ee389c3cd14 
Number of updated asset objects reloaded before import = 0
Number of asset objects unloaded after import = 0
========================================================================
Received Import Request.
  Time of request: 2026-09-19T15:08:29.6018367Z
  Time since last request: 0.000504 seconds.
  importAddress: GUID: ea14c18964a134080bea2f114390f80b - Path: Packages/com.unity.collections/Unity.Collections/NativeSort.cs - Importer: ScriptedImporter/UnityEditor.QuickSearchModule:UnityEditor.Search:ASIAI0B
Importing 'GUID: ea14c18964a134080bea2f114390f80b - Path: Packages/com.unity.collections/Unity.Collections/NativeSort.cs - Importer: ScriptedImporter/UnityEditor.QuickSearchModule:UnityEditor.Search:ASIAI0B' with importer (ScriptedImporter : UnityEditor.QuickSearchModule:UnityEditor.Search:ASIAI0B)
Imported 'GUID: ea14c18964a134080bea2f114390f80b' -> (Import Result ID: '1839d8031631a909513e9b0881846a41') in 0.002 seconds [static and dynamic dependencies]. Details - ImportResultOutputID=90c8be33caeec5c5b5a5a3e97658338e DependenciesID=5acf21859439273432faf4b71f4937a1 StaticDependenciesID=87bf29bc52401563ee686bf9f45ad56d 
Number of updated asset objects reloaded before import = 0
Number of asset objects unloaded after import = 0
========================================================================
Received Import Request.
  Time of request: 2026-09-19T15:08:29.6225353Z
  Time since last request: 0.0006122 seconds.
  importAddress: GUID: 63bc65d8d2fe144e1b071aeb3b624536 - Path: Packages/com.unity.collections/Unity.Collections/AssemblyInfo.cs - Importer: ScriptedImporter/UnityEditor.QuickSearchModule:UnityEditor.Search:ASIAI0B
Importing 'GUID: 63bc65d8d2fe144e1b071aeb3b624536 - Path: Packages/com.unity.collections/Unity.Collections/AssemblyInfo.cs - Importer: ScriptedImporter/UnityEditor.QuickSearchModule:UnityEditor.Search:ASIAI0B' with importer (ScriptedImporter : UnityEditor.QuickSearchModule:UnityEditor.Search:ASIAI0B)
Imported 'GUID: 63bc65d8d2fe144e1b071aeb3b624536' -> (Import Result ID: 'df8780bdd90d5de4b807ec96fcceceb9') in 0.004 seconds [static and dynamic dependencies]. Details - ImportResultOutputID=0de658a62847c92b0dc878502e79ff87 DependenciesID=801d614c4b9974cc8db99aa4fcca8282 StaticDependenciesID=e65702a87b8d04c735d35d19e2837437 
Number of updated asset objects reloaded before import = 0
Number of asset objects unloaded after import = 0
========================================================================
Received Import Request.
  Time of request: 2026-09-19T15:08:29.6413175Z
  Time since last request: 0.0003847 seconds.
  importAddress: GUID: e0cd26848372d4e5c891c569017e11f1 - Path: Packages/com.unity.collections/Unity.Collections/Unity.Collections.asmdef - Importer: ScriptedImporter/UnityEditor.QuickSearchModule:UnityEditor.Search:ASIAI0B
Importing 'GUID: e0cd26848372d4e5c891c569017e11f1 - Path: Packages/com.unity.collections/Unity.Collections/Unity.Collections.asmdef - Importer: ScriptedImporter/UnityEditor.QuickSearchModule:UnityEditor.Search:ASIAI0B' with importer (ScriptedImporter : UnityEditor.QuickSearchModule:UnityEditor.Search:ASIAI0B)
Imported 'GUID: e0cd26848372d4e5c891c569017e11f1' -> (Import Result ID: '92b2a8d1d63db2b0e65e4048d9c7a3a3') in 0.003 seconds [static and dynamic dependencies]. Details - ImportResultOutputID=03da11b8523495cdebc9d5248495deb0 DependenciesID=d5a2562827121b915c3f0cd2566567c3 StaticDependenciesID=daf132021d577b83eb52cdc69449d807 
Number of updated asset objects reloaded before import = 0
Number of asset objects unloaded after import = 1
========================================================================
Received Import Request.
  Time of request: 2026-09-19T15:08:29.6584336Z
  Time since last request: 0.0007655 seconds.
  importAddress: GUID: a1b7be6af453f88438d32c371f28015c - Path: Packages/com.unity.collections/Unity.Collections/UnsafeBitArray.cs - Importer: ScriptedImporter/UnityEditor.QuickSearchModule:UnityEditor.Search:ASIAI0B
Importing 'GUID: a1b7be6af453f88438d32c371f28015c - Path: Packages/com.unity.collections/Unity.Collections/UnsafeBitArray.cs - Importer: ScriptedImporter/UnityEditor.QuickSearchModule:UnityEditor.Search:ASIAI0B' with importer (ScriptedImporter : UnityEditor.QuickSearchModule:UnityEditor.Search:ASIAI0B)
Imported 'GUID: a1b7be6af453f88438d32c371f28015c' -> (Import Result ID: 'ece088d178f4a7a3833c13a47aca12fc') in 0.003 seconds [static and dynamic dependencies]. Details - ImportResultOutputID=ce116b56e4d05020591b0fddfe944c4b DependenciesID=c0e9c95b3363ac820ef84a0ee9fc4f62 StaticDependenciesID=57b9d30acd1224913c6bcdc446b83375 
Number of updated asset objects reloaded before import = 0
Number of asset objects unloaded after import = 0
========================================================================
Received Import Request.
  Time of request: 2026-09-19T15:08:29.6792862Z
  Time since last request: 0.0005905 seconds.
  importAddress: GUID: dde1b485b0c74a789255539c2152dd1b - Path: Packages/com.unity.collections/Unity.Collections/DataStreamExtensions.cs - Importer: ScriptedImporter/UnityEditor.QuickSearchModule:UnityEditor.Search:ASIAI0B
Importing 'GUID: dde1b485b0c74a789255539c2152dd1b - Path: Packages/com.unity.collections/Unity.Collections/DataStreamExtensions.cs - Importer: ScriptedImporter/UnityEditor.QuickSearchModule:UnityEditor.Search:ASIAI0B' with importer (ScriptedImporter : UnityEditor.QuickSearchModule:UnityEditor.Search:ASIAI0B)
Imported 'GUID: dde1b485b0c74a789255539c2152dd1b' -> (Import Result ID: 'e5bd8a8d626b5870bd3ef53082d303ca') in 0.003 seconds [static and dynamic dependencies]. Details - ImportResultOutputID=2c34447238b841b016328fc61fa891d9 DependenciesID=e7b1e735b9069ac1972112cd5842184e StaticDependenciesID=5d8e8092db59c685a52a996a2db5b75c 
Number of updated asset objects reloaded before import = 0
Number of asset objects unloaded after import = 0
========================================================================
Received Import Request.
  Time of request: 2026-09-19T15:08:29.7006212Z
  Time since last request: 0.0020718 seconds.
  importAddress: GUID: dbd3ca1753e44d04dbf3e27c3cfa4a1b - Path: Packages/com.unity.collections/Unity.Collections/UnsafeParallelHashSetExtensions.tt - Importer: ScriptedImporter/UnityEditor.QuickSearchModule:UnityEditor.Search:ASIAI0B
Importing 'GUID: dbd3ca1753e44d04dbf3e27c3cfa4a1b - Path: Packages/com.unity.collections/Unity.Collections/UnsafeParallelHashSetExtensions.tt - Importer: ScriptedImporter/UnityEditor.QuickSearchModule:UnityEditor.Search:ASIAI0B' with importer (ScriptedImporter : UnityEditor.QuickSearchModule:UnityEditor.Search:ASIAI0B)
Imported 'GUID: dbd3ca1753e44d04dbf3e27c3cfa4a1b' -> (Import Result ID: '7085de5b6405d3c7b2682f7dd7ff2901') in 0.004 seconds [static and dynamic dependencies]. Details - ImportResultOutputID=a84cdda428de323952d092570f7e9967 DependenciesID=9149ff56d4e8b2f12e31ba47f83efc8e StaticDependenciesID=1a95cee14d012dbd86af27887035a3fe 
Number of updated asset objects reloaded before import = 0
Number of asset objects unloaded after import = 1
========================================================================
Received Import Request.
  Time of request: 2026-09-19T15:08:29.7546779Z
  Time since last request: 0.0281435 seconds.
  importAddress: GUID: 80ca4f6f8df346a7b0719fe317b538ac - Path: Packages/com.unity.collections/Unity.Collections/xxHash3.AVX2.cs - Importer: ScriptedImporter/UnityEditor.QuickSearchModule:UnityEditor.Search:ASIAI0B
Importing 'GUID: 80ca4f6f8df346a7b0719fe317b538ac - Path: Packages/com.unity.collections/Unity.Collections/xxHash3.AVX2.cs - Importer: ScriptedImporter/UnityEditor.QuickSearchModule:UnityEditor.Search:ASIAI0B' with importer (ScriptedImporter : UnityEditor.QuickSearchModule:UnityEditor.Search:ASIAI0B)
Imported 'GUID: 80ca4f6f8df346a7b0719fe317b538ac' -> (Import Result ID: 'b76b6560960fad0b4af47325ab3a86e7') in 0.004 seconds [static and dynamic dependencies]. Details - ImportResultOutputID=168b3e9bfee10d52f18fa510bb5e1cf5 DependenciesID=fe0735a5159b0df3b26f294504f5256c StaticDependenciesID=80ab7bb0674369a0385afcc66e2368d0 
Number of updated asset objects reloaded before import = 0
Number of asset objects unloaded after import = 0
========================================================================
Received Import Request.
  Time of request: 2026-09-19T15:08:29.7757496Z
  Time since last request: 0.0005439 seconds.
  importAddress: GUID: 306f77a58d5743a4db48b42c59e7aeab - Path: Packages/com.unity.collections/Unity.Collections.PerformanceTests/RingQueuePerformanceTests.cs - Importer: ScriptedImporter/UnityEditor.QuickSearchModule:UnityEditor.Search:ASIAI0B
Importing 'GUID: 306f77a58d5743a4db48b42c59e7aeab - Path: Packages/com.unity.collections/Unity.Collections.PerformanceTests/RingQueuePerformanceTests.cs - Importer: ScriptedImporter/UnityEditor.QuickSearchModule:UnityEditor.Search:ASIAI0B' with importer (ScriptedImporter : UnityEditor.QuickSearchModule:UnityEditor.Search:ASIAI0B)
Imported 'GUID: 306f77a58d5743a4db48b42c59e7aeab' -> (Import Result ID: 'a1cabef76ce6aeac50b41dda0b062371') in 0.004 seconds [static and dynamic dependencies]. Details - ImportResultOutputID=6d3f02807f33bcc073475101acf7c0f6 DependenciesID=2d161d10f2f09447aa96c3452336769b StaticDependenciesID=06024999a44d3c9435427b5e531e3af2 
Number of updated asset objects reloaded before import = 0
Number of asset objects unloaded after import = 0
========================================================================
Received Import Request.
  Time of request: 2026-09-19T15:08:29.7984094Z
  Time since last request: 0.0005729 seconds.
  importAddress: GUID: 11246cfa909f81542b920bd109592bf5 - Path: Packages/com.unity.collections/Unity.Collections.LowLevel.ILSupport/README.txt - Importer: ScriptedImporter/UnityEditor.QuickSearchModule:UnityEditor.Search:ASIAI0B
Importing 'GUID: 11246cfa909f81542b920bd109592bf5 - Path: Packages/com.unity.collections/Unity.Collections.LowLevel.ILSupport/README.txt - Importer: ScriptedImporter/UnityEditor.QuickSearchModule:UnityEditor.Search:ASIAI0B' with importer (ScriptedImporter : UnityEditor.QuickSearchModule:UnityEditor.Search:ASIAI0B)
Imported 'GUID: 11246cfa909f81542b920bd109592bf5' -> (Import Result ID: '2fbb4c15dd396c07ada4322a40e73bda') in 0.005 seconds [static and dynamic dependencies]. Details - ImportResultOutputID=a770177e12fcf6e8eada6907a66937b0 DependenciesID=1329e6e0c4e712a612e5c83735d58a2c StaticDependenciesID=5ce055aa3047462d972c2c8858059086 
Number of updated asset objects reloaded before import = 0
Number of asset objects unloaded after import = 1
========================================================================
Received Import Request.
  Time of request: 2026-09-19T15:08:29.8221032Z
  Time since last request: 0.0004937 seconds.
  importAddress: GUID: 2d53df25c7f81aa419ea121140c42d6b - Path: Packages/com.unity.collections/Unity.Collections.CodeGen/UserError.cs - Importer: ScriptedImporter/UnityEditor.QuickSearchModule:UnityEditor.Search:ASIAI0B
Importing 'GUID: 2d53df25c7f81aa419ea121140c42d6b - Path: Packages/com.unity.collections/Unity.Collections.CodeGen/UserError.cs - Importer: ScriptedImporter/UnityEditor.QuickSearchModule:UnityEditor.Search:ASIAI0B' with importer (ScriptedImporter : UnityEditor.QuickSearchModule:UnityEditor.Search:ASIAI0B)
Imported 'GUID: 2d53df25c7f81aa419ea121140c42d6b' -> (Import Result ID: 'f33caff67cb31f5915ce6c0f2fe91905') in 0.004 seconds [static and dynamic dependencies]. Details - ImportResultOutputID=fe7039624391da2370d8c251d9863363 DependenciesID=ca1c54b3b82525f85cbee2286c09718a StaticDependenciesID=473c0a74d80f12fbe7492a19ed7a84dd 
Number of updated asset objects reloaded before import = 0
Number of asset objects unloaded after import = 0
========================================================================
Received Import Request.
  Time of request: 2026-09-19T15:08:29.8436554Z
  Time since last request: 0.0005377 seconds.
  importAddress: GUID: e4ba623f239d54340a5b682234f32027 - Path: Packages/com.unity.collections/Unity.Collections.Tests/BitFieldTests.cs - Importer: ScriptedImporter/UnityEditor.QuickSearchModule:UnityEditor.Search:ASIAI0B
Importing 'GUID: e4ba623f239d54340a5b682234f32027 - Path: Packages/com.unity.collections/Unity.Collections.Tests/BitFieldTests.cs - Importer: ScriptedImporter/UnityEditor.QuickSearchModule:UnityEditor.Search:ASIAI0B' with importer (ScriptedImporter : UnityEditor.QuickSearchModule:UnityEditor.Search:ASIAI0B)
Imported 'GUID: e4ba623f239d54340a5b682234f32027' -> (Import Result ID: '09a16a80c793acab7bf76ae76724d29b') in 0.003 seconds [static and dynamic dependencies]. Details - ImportResultOutputID=72577b0d3fc302457c213cdb78830c6d DependenciesID=4068278fcd96d92a0765e880684924cc StaticDependenciesID=86d4d3c3865b1b67f082947872f34175 
Number of updated asset objects reloaded before import = 0
Number of asset objects unloaded after import = 0
========================================================================
Received Import Request.
  Time of request: 2026-09-19T15:08:29.8679308Z
  Time since last request: 0.000569 seconds.
  importAddress: GUID: 8baa6eabecd47164e94a1eb92b18f394 - Path: Packages/com.unity.collections/Unity.Collections.CodeGen/Unity.Collections.CodeGen.asmdef - Importer: ScriptedImporter/UnityEditor.QuickSearchModule:UnityEditor.Search:ASIAI0B
Importing 'GUID: 8baa6eabecd47164e94a1eb92b18f394 - Path: Packages/com.unity.collections/Unity.Collections.CodeGen/Unity.Collections.CodeGen.asmdef - Importer: ScriptedImporter/UnityEditor.QuickSearchModule:UnityEditor.Search:ASIAI0B' with importer (ScriptedImporter : UnityEditor.QuickSearchModule:UnityEditor.Search:ASIAI0B)
Imported 'GUID: 8baa6eabecd47164e94a1eb92b18f394' -> (Import Result ID: 'f959909ae695faca25d7f2db1a73fa8d') in 0.004 seconds [static and dynamic dependencies]. Details - ImportResultOutputID=0aeaa6d152ca7eb6972d3084e4b6a3d8 DependenciesID=1535ace26495c57886eaa22497836f2a StaticDependenciesID=9c3a2a2ff404de4750e02ff0741fcad0 
Number of updated asset objects reloaded before import = 0
Number of asset objects unloaded after import = 1
========================================================================
Received Import Request.
  Time of request: 2026-09-19T15:08:29.8945957Z
  Time since last request: 0.0009294 seconds.
  importAddress: GUID: 65eaad6a676d4755a1f4bee58587a1d0 - Path: Packages/com.unity.collections/Unity.Collections/xxHash3.StreamingState.cs - Importer: ScriptedImporter/UnityEditor.QuickSearchModule:UnityEditor.Search:ASIAI0B
Importing 'GUID: 65eaad6a676d4755a1f4bee58587a1d0 - Path: Packages/com.unity.collections/Unity.Collections/xxHash3.StreamingState.cs - Importer: ScriptedImporter/UnityEditor.QuickSearchModule:UnityEditor.Search:ASIAI0B' with importer (ScriptedImporter : UnityEditor.QuickSearchModule:UnityEditor.Search:ASIAI0B)
Imported 'GUID: 65eaad6a676d4755a1f4bee58587a1d0' -> (Import Result ID: 'b875f0291b6eec8c0b34465c852e526f') in 0.005 seconds [static and dynamic dependencies]. Details - ImportResultOutputID=802c97ac2771a0345813546991d9e929 DependenciesID=0297038d337e9732e8eef2578b9eeb7a StaticDependenciesID=b2ece3873596bc00ae75a32104dc61f8 
Number of updated asset objects reloaded before import = 0
Number of asset objects unloaded after import = 0
========================================================================
Received Import Request.
  Time of request: 2026-09-19T15:08:29.9226718Z
  Time since last request: 0.0007813 seconds.
  importAddress: GUID: 41c0417bb1f33184482fea43a7d2b5c0 - Path: Packages/com.unity.collections/Unity.Collections.PerformanceTests/HashMapPerformanceTests.cs - Importer: ScriptedImporter/UnityEditor.QuickSearchModule:UnityEditor.Search:ASIAI0B
Importing 'GUID: 41c0417bb1f33184482fea43a7d2b5c0 - Path: Packages/com.unity.collections/Unity.Collections.PerformanceTests/HashMapPerformanceTests.cs - Importer: ScriptedImporter/UnityEditor.QuickSearchModule:UnityEditor.Search:ASIAI0B' with importer (ScriptedImporter : UnityEditor.QuickSearchModule:UnityEditor.Search:ASIAI0B)
Imported 'GUID: 41c0417bb1f33184482fea43a7d2b5c0' -> (Import Result ID: '92053c08f9eab258f8f5a3971c2a6603') in 0.003 seconds [static and dynamic dependencies]. Details - ImportResultOutputID=5a49e4212945a2ee54fd12c68b9fa9eb DependenciesID=b6688322d21cc53fc4618b64386f2eb0 StaticDependenciesID=a515c63238bc2e729dc0e94319a3b6c5 
Number of updated asset objects reloaded before import = 0
Number of asset objects unloaded after import = 0
========================================================================
Received Import Request.
  Time of request: 2026-09-19T15:08:29.9414703Z
  Time since last request: 0.000591 seconds.
  importAddress: GUID: dca80967668c4d89a4dae5bd097484ef - Path: Packages/com.unity.collections/Unity.Collections.Tests/CustomAllocatorTests.cs - Importer: ScriptedImporter/UnityEditor.QuickSearchModule:UnityEditor.Search:ASIAI0B
Importing 'GUID: dca80967668c4d89a4dae5bd097484ef - Path: Packages/com.unity.collections/Unity.Collections.Tests/CustomAllocatorTests.cs - Importer: ScriptedImporter/UnityEditor.QuickSearchModule:UnityEditor.Search:ASIAI0B' with importer (ScriptedImporter : UnityEditor.QuickSearchModule:UnityEditor.Search:ASIAI0B)
Imported 'GUID: dca80967668c4d89a4dae5bd097484ef' -> (Import Result ID: 'e18fef0c2f77857dc0eb840f413ee3b3') in 0.004 seconds [static and dynamic dependencies]. Details - ImportResultOutputID=a78024507a323dccc363d6de943967ff DependenciesID=f04e8fb1af26dacf0899aa6a6c214f1a StaticDependenciesID=a317f234ac748610639b8c0823b4c1f4 
Number of updated asset objects reloaded before import = 0
Number of asset objects unloaded after import = 0
========================================================================
Received Import Request.
  Time of request: 2026-09-19T15:08:29.9720367Z
  Time since last request: 0.0001888 seconds.
  importAddress: GUID: e064d25778ff3b249a575bb25f2eaf3e - Path: Packages/com.unity.collections/Unity.Collections.PerformanceTests.Internal/Unity.Collections.PerformanceTests.Internal.asmref - Importer: ScriptedImporter/UnityEditor.QuickSearchModule:UnityEditor.Search:ASIAI0B
Importing 'GUID: e064d25778ff3b249a575bb25f2eaf3e - Path: Packages/com.unity.collections/Unity.Collections.PerformanceTests.Internal/Unity.Collections.PerformanceTests.Internal.asmref - Importer: ScriptedImporter/UnityEditor.QuickSearchModule:UnityEditor.Search:ASIAI0B' with importer (ScriptedImporter : UnityEditor.QuickSearchModule:UnityEditor.Search:ASIAI0B)
Imported 'GUID: e064d25778ff3b249a575bb25f2eaf3e' -> (Import Result ID: 'fe036ce24783cad444cd948b1e6643ad') in 0.005 seconds [static and dynamic dependencies]. Details - ImportResultOutputID=5c2c5c1b699df667036692dd89f20120 DependenciesID=186855890f940d538bde44d836869714 StaticDependenciesID=daba5336aeb4a5c4f5a0e63daa3e25d4 
Number of updated asset objects reloaded before import = 0
Number of asset objects unloaded after import = 1
========================================================================
Received Import Request.
  Time of request: 2026-09-19T15:08:29.9979228Z
  Time since last request: 0.0006859 seconds.
  importAddress: GUID: 86abcf43c46cd3743bb775a4682f2d1d - Path: Packages/com.unity.collections/Unity.Collections.PerformanceTests/README.md - Importer: ScriptedImporter/UnityEditor.QuickSearchModule:UnityEditor.Search:ASIAI0B
Importing 'GUID: 86abcf43c46cd3743bb775a4682f2d1d - Path: Packages/com.unity.collections/Unity.Collections.PerformanceTests/README.md - Importer: ScriptedImporter/UnityEditor.QuickSearchModule:UnityEditor.Search:ASIAI0B' with importer (ScriptedImporter : UnityEditor.QuickSearchModule:UnityEditor.Search:ASIAI0B)
Imported 'GUID: 86abcf43c46cd3743bb775a4682f2d1d' -> (Import Result ID: '2ceef48188c3e909ee06c89fee8a3b12') in 0.004 seconds [static and dynamic dependencies]. Details - ImportResultOutputID=fd369c2f1ebba3c331469ea192832d9e DependenciesID=e1f4ef1b354805b922727bb39c0689a9 StaticDependenciesID=aec4718d52649e6e4e648c3302963186 
Number of updated asset objects reloaded before import = 0
Number of asset objects unloaded after import = 1
========================================================================
Received Import Request.
  Time of request: 2026-09-19T15:08:30.0221233Z
  Time since last request: 0.0006629 seconds.
  importAddress: GUID: e882b40f28163514db4c9a34dbf1d6a5 - Path: Packages/com.unity.collections/Unity.Collections.Tests/NativeArraySortTests.cs - Importer: ScriptedImporter/UnityEditor.QuickSearchModule:UnityEditor.Search:ASIAI0B
Importing 'GUID: e882b40f28163514db4c9a34dbf1d6a5 - Path: Packages/com.unity.collections/Unity.Collections.Tests/NativeArraySortTests.cs - Importer: ScriptedImporter/UnityEditor.QuickSearchModule:UnityEditor.Search:ASIAI0B' with importer (ScriptedImporter : UnityEditor.QuickSearchModule:UnityEditor.Search:ASIAI0B)
Imported 'GUID: e882b40f28163514db4c9a34dbf1d6a5' -> (Import Result ID: 'cf184cb2585d1846fa66abca645a43ba') in 0.003 seconds [static and dynamic dependencies]. Details - ImportResultOutputID=6e55321d022dd63cb109b9e10407e838 DependenciesID=72bc814789155fd249bba3c7a00e5736 StaticDependenciesID=a51a34304fb4ca5c3ec57c6df6167e7f 
Number of updated asset objects reloaded before import = 0
Number of asset objects unloaded after import = 0
========================================================================
Received Import Request.
  Time of request: 2026-09-19T15:08:30.0457013Z
  Time since last request: 0.0014559 seconds.
  importAddress: GUID: 29918a7b3ef861c4789f0cdb857bc267 - Path: Packages/com.unity.collections/Unity.Collections/UnsafeStream.cs - Importer: ScriptedImporter/UnityEditor.QuickSearchModule:UnityEditor.Search:ASIAI0B
Importing 'GUID: 29918a7b3ef861c4789f0cdb857bc267 - Path: Packages/com.unity.collections/Unity.Collections/UnsafeStream.cs - Importer: ScriptedImporter/UnityEditor.QuickSearchModule:UnityEditor.Search:ASIAI0B' with importer (ScriptedImporter : UnityEditor.QuickSearchModule:UnityEditor.Search:ASIAI0B)
Imported 'GUID: 29918a7b3ef861c4789f0cdb857bc267' -> (Import Result ID: '74605d2828dd020027fcc8105d5ab6b5') in 0.003 seconds [static and dynamic dependencies]. Details - ImportResultOutputID=ae8d6454465321ae693a1269e4a13c3a DependenciesID=5843093c32136f3295beb3bab3ac2f38 StaticDependenciesID=862583aa28432ba2d0fcf6befb2dba6a 
Number of updated asset objects reloaded before import = 0
Number of asset objects unloaded after import = 0
========================================================================
Received Import Request.
  Time of request: 2026-09-19T15:08:30.0679896Z
  Time since last request: 0.0005333 seconds.
  importAddress: GUID: eaa30f8250a44f8f8ec688563a1a36ca - Path: Packages/com.unity.collections/Unity.Collections/xxHash3.cs - Importer: ScriptedImporter/UnityEditor.QuickSearchModule:UnityEditor.Search:ASIAI0B
Importing 'GUID: eaa30f8250a44f8f8ec688563a1a36ca - Path: Packages/com.unity.collections/Unity.Collections/xxHash3.cs - Importer: ScriptedImporter/UnityEditor.QuickSearchModule:UnityEditor.Search:ASIAI0B' with importer (ScriptedImporter : UnityEditor.QuickSearchModule:UnityEditor.Search:ASIAI0B)
Imported 'GUID: eaa30f8250a44f8f8ec688563a1a36ca' -> (Import Result ID: 'd7402873035523ea1990f5a433d9dccb') in 0.003 seconds [static and dynamic dependencies]. Details - ImportResultOutputID=01f67ad07371933a4676388d855e7013 DependenciesID=593970eb386fe7d8df81619de0168f4d StaticDependenciesID=57a0f10d08bec8720081ca1d77087114 
Number of updated asset objects reloaded before import = 0
Number of asset objects unloaded after import = 0
========================================================================
Received Import Request.
  Time of request: 2026-09-19T15:08:30.0907716Z
  Time since last request: 0.0006292 seconds.
  importAddress: GUID: 4f5c0c83dfd6a0743834baba2b4de79e - Path: Packages/com.unity.collections/Unity.Collections.BurstCompatibilityGen/Unity.Collections.BurstCompatibilityGen.asmdef - Importer: ScriptedImporter/UnityEditor.QuickSearchModule:UnityEditor.Search:ASIAI0B
Importing 'GUID: 4f5c0c83dfd6a0743834baba2b4de79e - Path: Packages/com.unity.collections/Unity.Collections.BurstCompatibilityGen/Unity.Collections.BurstCompatibilityGen.asmdef - Importer: ScriptedImporter/UnityEditor.QuickSearchModule:UnityEditor.Search:ASIAI0B' with importer (ScriptedImporter : UnityEditor.QuickSearchModule:UnityEditor.Search:ASIAI0B)
Imported 'GUID: 4f5c0c83dfd6a0743834baba2b4de79e' -> (Import Result ID: '45814dba6d5d5be4a616aead207b65ad') in 0.003 seconds [static and dynamic dependencies]. Details - ImportResultOutputID=a6b878fddfe1f7b8eea703d3441fc084 DependenciesID=8decba92475d7a27b51936191de00619 StaticDependenciesID=220e3d8b95473576d77db31f29dc2675 
Number of updated asset objects reloaded before import = 0
Number of asset objects unloaded after import = 1
========================================================================
Received Import Request.
  Time of request: 2026-09-19T15:08:30.1160425Z
  Time since last request: 0.0005651 seconds.
  importAddress: GUID: a6ecd2aa79759e64ba59ab5f51d661ac - Path: Packages/com.unity.collections/Unity.Collections.PerformanceTests/PerformanceTestFrameworkOutputListAdd.png - Importer: ScriptedImporter/UnityEditor.QuickSearchModule:UnityEditor.Search:ASIAI0B
Importing 'GUID: a6ecd2aa79759e64ba59ab5f51d661ac - Path: Packages/com.unity.collections/Unity.Collections.PerformanceTests/PerformanceTestFrameworkOutputListAdd.png - Importer: ScriptedImporter/UnityEditor.QuickSearchModule:UnityEditor.Search:ASIAI0B' with importer (ScriptedImporter : UnityEditor.QuickSearchModule:UnityEditor.Search:ASIAI0B)
Imported 'GUID: a6ecd2aa79759e64ba59ab5f51d661ac' -> (Import Result ID: '5a27c99a49ae5c229c665326f1f72593') in 0.015 seconds [static and dynamic dependencies]. Details - ImportResultOutputID=76794d3c00b8d7354e90583b3b2098ad DependenciesID=3143360e41ba926e7b5f81db84e838d9 StaticDependenciesID=df7f6a391aa975e6008f9e78adff33bd 
Number of updated asset objects reloaded before import = 0
Number of asset objects unloaded after import = 1
========================================================================
Received Import Request.
  Time of request: 2026-09-19T15:08:30.1513241Z
  Time since last request: 0.0006737 seconds.
  importAddress: GUID: 6936a9e20fa254433b9c06424258e80c - Path: Packages/com.unity.collections/Unity.Collections.Tests/FixedStringTests.cs - Importer: ScriptedImporter/UnityEditor.QuickSearchModule:UnityEditor.Search:ASIAI0B
Importing 'GUID: 6936a9e20fa254433b9c06424258e80c - Path: Packages/com.unity.collections/Unity.Collections.Tests/FixedStringTests.cs - Importer: ScriptedImporter/UnityEditor.QuickSearchModule:UnityEditor.Search:ASIAI0B' with importer (ScriptedImporter : UnityEditor.QuickSearchModule:UnityEditor.Search:ASIAI0B)
Imported 'GUID: 6936a9e20fa254433b9c06424258e80c' -> (Import Result ID: 'db7e274448568ed4aa1812577596ee26') in 0.005 seconds [static and dynamic dependencies]. Details - ImportResultOutputID=b8211f196fec7f3ad0a1f2010f7add34 DependenciesID=014785efd456500f43476976fa915e4e StaticDependenciesID=e70d895b38ff8f2c140f922890ad1797 
Number of updated asset objects reloaded before import = 0
Number of asset objects unloaded after import = 0
========================================================================
Received Import Request.
  Time of request: 2026-09-19T15:08:30.1735969Z
  Time since last request: 0.000941 seconds.
  importAddress: GUID: eec34f52a2dc6704f938be2c9ab97954 - Path: Packages/com.unity.collections/Unity.Collections.PerformanceTests/BenchmarkContainerParallel.cs - Importer: ScriptedImporter/UnityEditor.QuickSearchModule:UnityEditor.Search:ASIAI0B
Importing 'GUID: eec34f52a2dc6704f938be2c9ab97954 - Path: Packages/com.unity.collections/Unity.Collections.PerformanceTests/BenchmarkContainerParallel.cs - Importer: ScriptedImporter/UnityEditor.QuickSearchModule:UnityEditor.Search:ASIAI0B' with importer (ScriptedImporter : UnityEditor.QuickSearchModule:UnityEditor.Search:ASIAI0B)
Imported 'GUID: eec34f52a2dc6704f938be2c9ab97954' -> (Import Result ID: '979ec9fdcc1aec867c639e1d94bd0443') in 0.005 seconds [static and dynamic dependencies]. Details - ImportResultOutputID=efd88551b8a443c99a7b0cd11720b2b5 DependenciesID=73395c633b83380d190abd567d693465 StaticDependenciesID=04862c161c39e8b1210eedf03f1363ff 
Number of updated asset objects reloaded before import = 0
Number of asset objects unloaded after import = 0
========================================================================
Received Import Request.
  Time of request: 2026-09-19T15:08:30.1999303Z
  Time since last request: 0.0008994 seconds.
  importAddress: GUID: 46bf253b4ab641ca9ead38f10efc8d17 - Path: Packages/com.unity.collections/Unity.Collections.Tests/FastAssert.cs - Importer: ScriptedImporter/UnityEditor.QuickSearchModule:UnityEditor.Search:ASIAI0B
Importing 'GUID: 46bf253b4ab641ca9ead38f10efc8d17 - Path: Packages/com.unity.collections/Unity.Collections.Tests/FastAssert.cs - Importer: ScriptedImporter/UnityEditor.QuickSearchModule:UnityEditor.Search:ASIAI0B' with importer (ScriptedImporter : UnityEditor.QuickSearchModule:UnityEditor.Search:ASIAI0B)
Imported 'GUID: 46bf253b4ab641ca9ead38f10efc8d17' -> (Import Result ID: '763d5e4e47998d203603c3d4a248b564') in 0.003 seconds [static and dynamic dependencies]. Details - ImportResultOutputID=9dea59386f77d3967260cb73897555de DependenciesID=53423f622ed4de6abf8ada6c4845f9d5 StaticDependenciesID=d743a2f124ad7b2e0a88576c9324bf61 
Number of updated asset objects reloaded before import = 0
Number of asset objects unloaded after import = 0
========================================================================
Received Import Request.
  Time of request: 2026-09-19T15:08:30.2245774Z
  Time since last request: 0.0005755 seconds.
  importAddress: GUID: 0de8369d937c43f09392e4cd032cfe19 - Path: Packages/com.unity.collections/Unity.Collections.Tests/CollectionsTestFixture.cs - Importer: ScriptedImporter/UnityEditor.QuickSearchModule:UnityEditor.Search:ASIAI0B
Importing 'GUID: 0de8369d937c43f09392e4cd032cfe19 - Path: Packages/com.unity.collections/Unity.Collections.Tests/CollectionsTestFixture.cs - Importer: ScriptedImporter/UnityEditor.QuickSearchModule:UnityEditor.Search:ASIAI0B' with importer (ScriptedImporter : UnityEditor.QuickSearchModule:UnityEditor.Search:ASIAI0B)
Imported 'GUID: 0de8369d937c43f09392e4cd032cfe19' -> (Import Result ID: '843205dd620015a2647b0a099c5439bf') in 0.003 seconds [static and dynamic dependencies]. Details - ImportResultOutputID=7033f5014d3e274dc8e023f6208e6c9b DependenciesID=b6d888a893641c64679a8b2db005ca2f StaticDependenciesID=7ec663b760a94bf49b53ba80cb031ca4 
Number of updated asset objects reloaded before import = 0
Number of asset objects unloaded after import = 0
========================================================================
Received Import Request.
  Time of request: 2026-09-19T15:08:30.2466502Z
  Time since last request: 0.0008404 seconds.
  importAddress: GUID: 29f92070f574cff4a948d1b4f2b88cd3 - Path: Packages/com.unity.collections/Unity.Collections.PerformanceTests/BenchmarkAllocator.cs - Importer: ScriptedImporter/UnityEditor.QuickSearchModule:UnityEditor.Search:ASIAI0B
Importing 'GUID: 29f92070f574cff4a948d1b4f2b88cd3 - Path: Packages/com.unity.collections/Unity.Collections.PerformanceTests/BenchmarkAllocator.cs - Importer: ScriptedImporter/UnityEditor.QuickSearchModule:UnityEditor.Search:ASIAI0B' with importer (ScriptedImporter : UnityEditor.QuickSearchModule:UnityEditor.Search:ASIAI0B)
Imported 'GUID: 29f92070f574cff4a948d1b4f2b88cd3' -> (Import Result ID: '83539c91331d7d4c8b57ab21e4ec22f9') in 0.004 seconds [static and dynamic dependencies]. Details - ImportResultOutputID=9753316104807a6c2d1e691750de5656 DependenciesID=663f56a90dadbdeb3d9586acd61fdcfa StaticDependenciesID=c0052d97b20956b0d56d4a78a6bd6d58 
Number of updated asset objects reloaded before import = 0
Number of asset objects unloaded after import = 0
========================================================================
Received Import Request.
  Time of request: 2026-09-19T15:08:30.2839798Z
  Time since last request: 0.0116329 seconds.
  importAddress: GUID: 2e3a7e16dc0bd2346a2514dd143105a9 - Path: Packages/com.unity.collections/Unity.Collections.PerformanceTests/Unity.PerformanceTesting.Benchmark/README.md - Importer: ScriptedImporter/UnityEditor.QuickSearchModule:UnityEditor.Search:ASIAI0B
Importing 'GUID: 2e3a7e16dc0bd2346a2514dd143105a9 - Path: Packages/com.unity.collections/Unity.Collections.PerformanceTests/Unity.PerformanceTesting.Benchmark/README.md - Importer: ScriptedImporter/UnityEditor.QuickSearchModule:UnityEditor.Search:ASIAI0B' with importer (ScriptedImporter : UnityEditor.QuickSearchModule:UnityEditor.Search:ASIAI0B)
Imported 'GUID: 2e3a7e16dc0bd2346a2514dd143105a9' -> (Import Result ID: '3ae32b2bc8b6fabcb9f9a7ef78aa3872') in 0.003 seconds [static and dynamic dependencies]. Details - ImportResultOutputID=55ac678f3496b02ca6bf9c5947ae6910 DependenciesID=59c85c3336b55b30a46a5f68bdec7c57 StaticDependenciesID=9197b37705d891f68a3b81f7cd891e0e 
Number of updated asset objects reloaded before import = 0
Number of asset objects unloaded after import = 1
========================================================================
Received Import Request.
  Time of request: 2026-09-19T15:08:30.3075116Z
  Time since last request: 0.0010401 seconds.
  importAddress: GUID: 6a88e2cd1798bb445bc5517141684031 - Path: Packages/com.unity.collections/Unity.Collections.Tests.Playmode/FixedListPlayModeTests.tt - Importer: ScriptedImporter/UnityEditor.QuickSearchModule:UnityEditor.Search:ASIAI0B
Importing 'GUID: 6a88e2cd1798bb445bc5517141684031 - Path: Packages/com.unity.collections/Unity.Collections.Tests.Playmode/FixedListPlayModeTests.tt - Importer: ScriptedImporter/UnityEditor.QuickSearchModule:UnityEditor.Search:ASIAI0B' with importer (ScriptedImporter : UnityEditor.QuickSearchModule:UnityEditor.Search:ASIAI0B)
Imported 'GUID: 6a88e2cd1798bb445bc5517141684031' -> (Import Result ID: '54fe35f31394310074cd0fe8c9883f6d') in 0.003 seconds [static and dynamic dependencies]. Details - ImportResultOutputID=bd28331dea34ca6f2bdc0c8c3b0ce201 DependenciesID=6027c3cb48341aae375c5aec06611934 StaticDependenciesID=ff188e35ad38fe6c29dbb4bfbcbd9d67 
Number of updated asset objects reloaded before import = 0
Number of asset objects unloaded after import = 1
========================================================================
Received Import Request.
  Time of request: 2026-09-19T15:08:30.3266333Z
  Time since last request: 0.0005993 seconds.
  importAddress: GUID: 885d383951746604982b43fd5255f058 - Path: Packages/com.unity.collections/Unity.Collections.Tests/UnsafeRingQueueTests.cs - Importer: ScriptedImporter/UnityEditor.QuickSearchModule:UnityEditor.Search:ASIAI0B
Importing 'GUID: 885d383951746604982b43fd5255f058 - Path: Packages/com.unity.collections/Unity.Collections.Tests/UnsafeRingQueueTests.cs - Importer: ScriptedImporter/UnityEditor.QuickSearchModule:UnityEditor.Search:ASIAI0B' with importer (ScriptedImporter : UnityEditor.QuickSearchModule:UnityEditor.Search:ASIAI0B)
Imported 'GUID: 885d383951746604982b43fd5255f058' -> (Import Result ID: '7d33bdb3f213da82a34b0818abedae5f') in 0.003 seconds [static and dynamic dependencies]. Details - ImportResultOutputID=6b008f365218c4d241a4d297e22d6ef5 DependenciesID=86c597c62b7d712a267ebc6bb61bbe97 StaticDependenciesID=af0b892f1699bb78e7606e57d04191f3 
Number of updated asset objects reloaded before import = 0
Number of asset objects unloaded after import = 0
========================================================================
Received Import Request.
  Time of request: 2026-09-19T15:08:30.3450055Z
  Time since last request: 0.0006319 seconds.
  importAddress: GUID: 4994f8a9b786efc419e89e1e7146cdc6 - Path: Packages/com.unity.collections/Unity.Collections.Tests/NativeArrayTests.cs - Importer: ScriptedImporter/UnityEditor.QuickSearchModule:UnityEditor.Search:ASIAI0B
Importing 'GUID: 4994f8a9b786efc419e89e1e7146cdc6 - Path: Packages/com.unity.collections/Unity.Collections.Tests/NativeArrayTests.cs - Importer: ScriptedImporter/UnityEditor.QuickSearchModule:UnityEditor.Search:ASIAI0B' with importer (ScriptedImporter : UnityEditor.QuickSearchModule:UnityEditor.Search:ASIAI0B)
Imported 'GUID: 4994f8a9b786efc419e89e1e7146cdc6' -> (Import Result ID: 'fd3e8f7195dbc400564f5a66d15bf5f5') in 0.002 seconds [static and dynamic dependencies]. Details - ImportResultOutputID=ba2b614e9c7be749797d6cc2e44f1312 DependenciesID=aa729b5d4791cd91fe225192366cabbe StaticDependenciesID=a9b14847205b4800c1d6cbb3ce4631bf 
Number of updated asset objects reloaded before import = 0
Number of asset objects unloaded after import = 0
========================================================================
Received Import Request.
  Time of request: 2026-09-19T15:08:30.3645125Z
  Time since last request: 0.0004652 seconds.
  importAddress: GUID: dad573b7a5d91e84bab5aada3f2f0530 - Path: Packages/com.unity.collections/Unity.Collections/Jobs/RegisterGenericJobTypeAttribute.cs - Importer: ScriptedImporter/UnityEditor.QuickSearchModule:UnityEditor.Search:ASIAI0B
Importing 'GUID: dad573b7a5d91e84bab5aada3f2f0530 - Path: Packages/com.unity.collections/Unity.Collections/Jobs/RegisterGenericJobTypeAttribute.cs - Importer: ScriptedImporter/UnityEditor.QuickSearchModule:UnityEditor.Search:ASIAI0B' with importer (ScriptedImporter : UnityEditor.QuickSearchModule:UnityEditor.Search:ASIAI0B)
Imported 'GUID: dad573b7a5d91e84bab5aada3f2f0530' -> (Import Result ID: '772513c28571db79a1b44bca05f0aa95') in 0.003 seconds [static and dynamic dependencies]. Details - ImportResultOutputID=03f2dbfea5c9e254729def6e9a3989fd DependenciesID=65e01a363121b5c45ce40924175ab48f StaticDependenciesID=8b34aa7ceb8e7db83c3dcd156db445f2 
Number of updated asset objects reloaded before import = 0
Number of asset objects unloaded after import = 0
========================================================================
Received Import Request.
  Time of request: 2026-09-19T15:08:30.3869812Z
  Time since last request: 0.0005701 seconds.
  importAddress: GUID: d6f62a44924d8df438a53cc6b81bef95 - Path: Packages/com.unity.collections/Unity.Collections.Tests/RewindableAllocatorTests.cs - Importer: ScriptedImporter/UnityEditor.QuickSearchModule:UnityEditor.Search:ASIAI0B
Importing 'GUID: d6f62a44924d8df438a53cc6b81bef95 - Path: Packages/com.unity.collections/Unity.Collections.Tests/RewindableAllocatorTests.cs - Importer: ScriptedImporter/UnityEditor.QuickSearchModule:UnityEditor.Search:ASIAI0B' with importer (ScriptedImporter : UnityEditor.QuickSearchModule:UnityEditor.Search:ASIAI0B)
Imported 'GUID: d6f62a44924d8df438a53cc6b81bef95' -> (Import Result ID: '4c00c83e81339fe16bbcefc3aa828a09') in 0.003 seconds [static and dynamic dependencies]. Details - ImportResultOutputID=95856ba5846d393abf5166a2eec7c9b2 DependenciesID=92b7989990aba7f7859f5636e8d71ade StaticDependenciesID=5f804756b480046e2dc043c14205e308 
Number of updated asset objects reloaded before import = 0
Number of asset objects unloaded after import = 0
========================================================================
Received Import Request.
  Time of request: 2026-09-19T15:08:30.4077493Z
  Time since last request: 0.0005672 seconds.
  importAddress: GUID: ebbea1c70c20149eea64c53647a70872 - Path: Packages/com.unity.collections/Unity.Collections.Tests/Unity.Collections.Tests.asmdef - Importer: ScriptedImporter/UnityEditor.QuickSearchModule:UnityEditor.Search:ASIAI0B
Importing 'GUID: ebbea1c70c20149eea64c53647a70872 - Path: Packages/com.unity.collections/Unity.Collections.Tests/Unity.Collections.Tests.asmdef - Importer: ScriptedImporter/UnityEditor.QuickSearchModule:UnityEditor.Search:ASIAI0B' with importer (ScriptedImporter : UnityEditor.QuickSearchModule:UnityEditor.Search:ASIAI0B)
Imported 'GUID: ebbea1c70c20149eea64c53647a70872' -> (Import Result ID: '7117222cb58ba6030430eabaa9587af4') in 0.003 seconds [static and dynamic dependencies]. Details - ImportResultOutputID=11cabcb02fab9aaa432d860ab6e649fa DependenciesID=23806b7984387711a469f6b9c943892f StaticDependenciesID=4dfd1f0ce724eec886375bbae6166a9e 
Number of updated asset objects reloaded before import = 0
Number of asset objects unloaded after import = 1
========================================================================
Received Import Request.
  Time of request: 2026-09-19T15:08:30.4284422Z
  Time since last request: 0.0004749 seconds.
  importAddress: GUID: da2ec9a017e2344db81d29b689c5b49d - Path: Packages/com.unity.collections/Unity.Collections.Tests/UnsafeAppendBufferTests.cs - Importer: ScriptedImporter/UnityEditor.QuickSearchModule:UnityEditor.Search:ASIAI0B
Importing 'GUID: da2ec9a017e2344db81d29b689c5b49d - Path: Packages/com.unity.collections/Unity.Collections.Tests/UnsafeAppendBufferTests.cs - Importer: ScriptedImporter/UnityEditor.QuickSearchModule:UnityEditor.Search:ASIAI0B' with importer (ScriptedImporter : UnityEditor.QuickSearchModule:UnityEditor.Search:ASIAI0B)
Imported 'GUID: da2ec9a017e2344db81d29b689c5b49d' -> (Import Result ID: '2b5f616eaa70a9fa0ab5980d4c6f8c1e') in 0.002 seconds [static and dynamic dependencies]. Details - ImportResultOutputID=b88ace7aef340efd40907a8c948f0793 DependenciesID=9095b29e7406d580e0d240b90a53ef73 StaticDependenciesID=aea9882e7569fc324a6a00302e161a10 
Number of updated asset objects reloaded before import = 0
Number of asset objects unloaded after import = 0
========================================================================
Received Import Request.
  Time of request: 2026-09-19T15:08:30.4445257Z
  Time since last request: 0.0006087 seconds.
  importAddress: GUID: 73fbfe0d21bc34441843483c0c2406f0 - Path: Packages/com.unity.collections/Unity.Collections/Jobs/IJobParallelForBatch.cs - Importer: ScriptedImporter/UnityEditor.QuickSearchModule:UnityEditor.Search:ASIAI0B
Importing 'GUID: 73fbfe0d21bc34441843483c0c2406f0 - Path: Packages/com.unity.collections/Unity.Collections/Jobs/IJobParallelForBatch.cs - Importer: ScriptedImporter/UnityEditor.QuickSearchModule:UnityEditor.Search:ASIAI0B' with importer (ScriptedImporter : UnityEditor.QuickSearchModule:UnityEditor.Search:ASIAI0B)
Imported 'GUID: 73fbfe0d21bc34441843483c0c2406f0' -> (Import Result ID: 'd4d0c7e7f81da3b118e9a63f6cc2d9fd') in 0.003 seconds [static and dynamic dependencies]. Details - ImportResultOutputID=56ab27783c0da567cdf3776e026e7b2a DependenciesID=7290f52927653614408a19ebac8bcc03 StaticDependenciesID=162425e09d8ddde7019edcaf59ca27cd 
Number of updated asset objects reloaded before import = 0
Number of asset objects unloaded after import = 0
========================================================================
Received Import Request.
  Time of request: 2026-09-19T15:08:30.4640754Z
  Time since last request: 0.0005624 seconds.
  importAddress: GUID: 324a8ab7f6c750745ba1e7e49de993e0 - Path: Packages/com.unity.collections/Unity.Collections.Tests/NativeQueueTests.cs - Importer: ScriptedImporter/UnityEditor.QuickSearchModule:UnityEditor.Search:ASIAI0B
Importing 'GUID: 324a8ab7f6c750745ba1e7e49de993e0 - Path: Packages/com.unity.collections/Unity.Collections.Tests/NativeQueueTests.cs - Importer: ScriptedImporter/UnityEditor.QuickSearchModule:UnityEditor.Search:ASIAI0B' with importer (ScriptedImporter : UnityEditor.QuickSearchModule:UnityEditor.Search:ASIAI0B)
Imported 'GUID: 324a8ab7f6c750745ba1e7e49de993e0' -> (Import Result ID: '9bcc06529265742ff932b9ad9396d5a9') in 0.002 seconds [static and dynamic dependencies]. Details - ImportResultOutputID=5304df0a20433938062c6e4bf7bb8568 DependenciesID=9cb902bbd03f19011901cc6128e45df4 StaticDependenciesID=4ceff3dc0e4f199df104a061201184df 
Number of updated asset objects reloaded before import = 0
Number of asset objects unloaded after import = 0
========================================================================
Received Import Request.
  Time of request: 2026-09-19T15:08:30.4854083Z
  Time since last request: 0.000521 seconds.
  importAddress: GUID: 39650b893564f0e488e5414f92a620a0 - Path: Packages/com.unity.collections/Unity.Collections.Tests/UnsafeQueueTests.cs - Importer: ScriptedImporter/UnityEditor.QuickSearchModule:UnityEditor.Search:ASIAI0B
Importing 'GUID: 39650b893564f0e488e5414f92a620a0 - Path: Packages/com.unity.collections/Unity.Collections.Tests/UnsafeQueueTests.cs - Importer: ScriptedImporter/UnityEditor.QuickSearchModule:UnityEditor.Search:ASIAI0B' with importer (ScriptedImporter : UnityEditor.QuickSearchModule:UnityEditor.Search:ASIAI0B)
Imported 'GUID: 39650b893564f0e488e5414f92a620a0' -> (Import Result ID: '7cb3ecbd3dca04172d6fc511392a656e') in 0.003 seconds [static and dynamic dependencies]. Details - ImportResultOutputID=217e4c5d92e8827186182e036de20ad8 DependenciesID=2004322fa64d257534327f97774b8f88 StaticDependenciesID=39c8823013260e729049c151dc84b2c5 
Number of updated asset objects reloaded before import = 0
Number of asset objects unloaded after import = 0
========================================================================
Received Import Request.
  Time of request: 2026-09-19T15:08:30.5068312Z
  Time since last request: 0.0007543 seconds.
  importAddress: GUID: 7f00410a200de4d6d865ce65201c861f - Path: Packages/com.unity.collections/Unity.Collections.Tests/NativeParallelMultiHashMapTests_JobDebugger.cs - Importer: ScriptedImporter/UnityEditor.QuickSearchModule:UnityEditor.Search:ASIAI0B
Importing 'GUID: 7f00410a200de4d6d865ce65201c861f - Path: Packages/com.unity.collections/Unity.Collections.Tests/NativeParallelMultiHashMapTests_JobDebugger.cs - Importer: ScriptedImporter/UnityEditor.QuickSearchModule:UnityEditor.Search:ASIAI0B' with importer (ScriptedImporter : UnityEditor.QuickSearchModule:UnityEditor.Search:ASIAI0B)
Imported 'GUID: 7f00410a200de4d6d865ce65201c861f' -> (Import Result ID: '2b682ee86ae3a22add7b0dee9da0dbec') in 0.005 seconds [static and dynamic dependencies]. Details - ImportResultOutputID=6fc98673c525dfc9fdd66431d9161254 DependenciesID=fc94b314048eb35cd7604147dddb8d91 StaticDependenciesID=aad140d5709c14d53b93d7136e6129c7 
Number of updated asset objects reloaded before import = 0
Number of asset objects unloaded after import = 0
========================================================================
Received Import Request.
  Time of request: 2026-09-19T15:08:30.5311951Z
  Time since last request: 0.0005546 seconds.
  importAddress: GUID: 52cbbdc3dcf848dd9efc09bfa529fa74 - Path: Packages/com.unity.collections/Unity.Collections.Tests/UTF8ArrayUnsafeUtilityTests.cs - Importer: ScriptedImporter/UnityEditor.QuickSearchModule:UnityEditor.Search:ASIAI0B
Importing 'GUID: 52cbbdc3dcf848dd9efc09bfa529fa74 - Path: Packages/com.unity.collections/Unity.Collections.Tests/UTF8ArrayUnsafeUtilityTests.cs - Importer: ScriptedImporter/UnityEditor.QuickSearchModule:UnityEditor.Search:ASIAI0B' with importer (ScriptedImporter : UnityEditor.QuickSearchModule:UnityEditor.Search:ASIAI0B)
Imported 'GUID: 52cbbdc3dcf848dd9efc09bfa529fa74' -> (Import Result ID: '722f7d00d95a688043e80551661bdbe8') in 0.004 seconds [static and dynamic dependencies]. Details - ImportResultOutputID=508fa3755f21361e85acdee3cf18fe0a DependenciesID=9a6f9a359d9cb03d8ed6dc5a9b50f543 StaticDependenciesID=09b2597dd41f6ac343af7a86ea3d6e67 
Number of updated asset objects reloaded before import = 0
Number of asset objects unloaded after import = 0
========================================================================
Received Import Request.
  Time of request: 2026-09-19T15:08:30.5524841Z
  Time since last request: 0.0006373 seconds.
  importAddress: GUID: e4a19cfe5da4ca3429f6c911cb0b9894 - Path: Packages/com.unity.collections/Unity.Collections.PerformanceTests/Unity.PerformanceTesting.Benchmark/BenchmarkMeasure.cs - Importer: ScriptedImporter/UnityEditor.QuickSearchModule:UnityEditor.Search:ASIAI0B
Importing 'GUID: e4a19cfe5da4ca3429f6c911cb0b9894 - Path: Packages/com.unity.collections/Unity.Collections.PerformanceTests/Unity.PerformanceTesting.Benchmark/BenchmarkMeasure.cs - Importer: ScriptedImporter/UnityEditor.QuickSearchModule:UnityEditor.Search:ASIAI0B' with importer (ScriptedImporter : UnityEditor.QuickSearchModule:UnityEditor.Search:ASIAI0B)
Imported 'GUID: e4a19cfe5da4ca3429f6c911cb0b9894' -> (Import Result ID: '148558f36cd46d72cc757f1372a897db') in 0.004 seconds [static and dynamic dependencies]. Details - ImportResultOutputID=bb18f3007a088a9474399878fce40995 DependenciesID=51b62e44ac069a255d601abde413c585 StaticDependenciesID=d8b8486a865e6301189af80fd770e549 
Number of updated asset objects reloaded before import = 0
Number of asset objects unloaded after import = 0
========================================================================
Received Import Request.
  Time of request: 2026-09-19T15:08:30.573682Z
  Time since last request: 0.0007615 seconds.
  importAddress: GUID: d410bd21cbf6a6e4381b336d9c72ffa5 - Path: Packages/com.unity.collections/Unity.Collections.Tests/UnsafeHashMapTests.cs - Importer: ScriptedImporter/UnityEditor.QuickSearchModule:UnityEditor.Search:ASIAI0B
Importing 'GUID: d410bd21cbf6a6e4381b336d9c72ffa5 - Path: Packages/com.unity.collections/Unity.Collections.Tests/UnsafeHashMapTests.cs - Importer: ScriptedImporter/UnityEditor.QuickSearchModule:UnityEditor.Search:ASIAI0B' with importer (ScriptedImporter : UnityEditor.QuickSearchModule:UnityEditor.Search:ASIAI0B)
Imported 'GUID: d410bd21cbf6a6e4381b336d9c72ffa5' -> (Import Result ID: '0169bf05bcebadecfe4c5861ec5edb59') in 0.003 seconds [static and dynamic dependencies]. Details - ImportResultOutputID=bae3f037b2b5ad84b61996e3ba60f19e DependenciesID=72eadf82f9f41de27d0126e4e5c3eabf StaticDependenciesID=aaccd07d4113e805bf3bce2aa5c52761 
Number of updated asset objects reloaded before import = 0
Number of asset objects unloaded after import = 0
========================================================================
Received Import Request.
  Time of request: 2026-09-19T15:08:30.5948925Z
  Time since last request: 0.0005411 seconds.
  importAddress: GUID: ca1581892ffd54eadb405c6eb1c0ce36 - Path: Packages/com.unity.collections/Unity.Collections.Tests/NativeContainerTests_ValidateTypes.cs - Importer: ScriptedImporter/UnityEditor.QuickSearchModule:UnityEditor.Search:ASIAI0B
Importing 'GUID: ca1581892ffd54eadb405c6eb1c0ce36 - Path: Packages/com.unity.collections/Unity.Collections.Tests/NativeContainerTests_ValidateTypes.cs - Importer: ScriptedImporter/UnityEditor.QuickSearchModule:UnityEditor.Search:ASIAI0B' with importer (ScriptedImporter : UnityEditor.QuickSearchModule:UnityEditor.Search:ASIAI0B)
Imported 'GUID: ca1581892ffd54eadb405c6eb1c0ce36' -> (Import Result ID: 'd07bc3119d6470168b5c32297fb82dc7') in 0.006 seconds [static and dynamic dependencies]. Details - ImportResultOutputID=d6f8ed7624e822066428c8b7313aea99 DependenciesID=09297d7be201b0c2ddb3f6c7725cc3d7 StaticDependenciesID=79179c6e313c1e56471c5669a29c316f 
Number of updated asset objects reloaded before import = 0
Number of asset objects unloaded after import = 0
========================================================================
Received Import Request.
  Time of request: 2026-09-19T15:08:30.6200524Z
  Time since last request: 0.0008098 seconds.
  importAddress: GUID: 5b49dfbe158cb4949aa44ed313cd0959 - Path: Packages/com.unity.collections/Unity.Collections.Tests/NativeRingQueueTests.cs - Importer: ScriptedImporter/UnityEditor.QuickSearchModule:UnityEditor.Search:ASIAI0B
Importing 'GUID: 5b49dfbe158cb4949aa44ed313cd0959 - Path: Packages/com.unity.collections/Unity.Collections.Tests/NativeRingQueueTests.cs - Importer: ScriptedImporter/UnityEditor.QuickSearchModule:UnityEditor.Search:ASIAI0B' with importer (ScriptedImporter : UnityEditor.QuickSearchModule:UnityEditor.Search:ASIAI0B)
Imported 'GUID: 5b49dfbe158cb4949aa44ed313cd0959' -> (Import Result ID: '407518735d2fd43560a897a0f04b8d69') in 0.002 seconds [static and dynamic dependencies]. Details - ImportResultOutputID=a58644bd97009c83f43f230dce2d0b58 DependenciesID=93a405bdde3c6ff37b27d07e6e1dd207 StaticDependenciesID=5aecb7f0caed8beccbe82fbc6d3456f3 
Number of updated asset objects reloaded before import = 0
Number of asset objects unloaded after import = 0
========================================================================
Received Import Request.
  Time of request: 2026-09-19T15:08:30.6405667Z
  Time since last request: 0.0005162 seconds.
  importAddress: GUID: 8ce25c0534e0a234d8b710cadd871f84 - Path: Packages/com.unity.collections/Unity.Collections.Tests/UnsafeParallelHashSetTests.cs - Importer: ScriptedImporter/UnityEditor.QuickSearchModule:UnityEditor.Search:ASIAI0B
Importing 'GUID: 8ce25c0534e0a234d8b710cadd871f84 - Path: Packages/com.unity.collections/Unity.Collections.Tests/UnsafeParallelHashSetTests.cs - Importer: ScriptedImporter/UnityEditor.QuickSearchModule:UnityEditor.Search:ASIAI0B' with importer (ScriptedImporter : UnityEditor.QuickSearchModule:UnityEditor.Search:ASIAI0B)
Imported 'GUID: 8ce25c0534e0a234d8b710cadd871f84' -> (Import Result ID: '0c4771fee8bae53b63f06f0143a4415a') in 0.003 seconds [static and dynamic dependencies]. Details - ImportResultOutputID=410bb99e9e166f27d0e0c088a9206583 DependenciesID=775ab276f3910652e9124959a4bdc21b StaticDependenciesID=334a69e4a06501e783d635a2b31054b5 
Number of updated asset objects reloaded before import = 0
Number of asset objects unloaded after import = 0
========================================================================
Received Import Request.
  Time of request: 2026-09-19T15:08:30.6595952Z
  Time since last request: 0.0006241 seconds.
  importAddress: GUID: b737b50d5785388458f6bc50c9dfa8ea - Path: Packages/com.unity.collections/Unity.Collections.Tests/NativeReferenceTests.cs - Importer: ScriptedImporter/UnityEditor.QuickSearchModule:UnityEditor.Search:ASIAI0B
Importing 'GUID: b737b50d5785388458f6bc50c9dfa8ea - Path: Packages/com.unity.collections/Unity.Collections.Tests/NativeReferenceTests.cs - Importer: ScriptedImporter/UnityEditor.QuickSearchModule:UnityEditor.Search:ASIAI0B' with importer (ScriptedImporter : UnityEditor.QuickSearchModule:UnityEditor.Search:ASIAI0B)
Imported 'GUID: b737b50d5785388458f6bc50c9dfa8ea' -> (Import Result ID: '1fe103eff94aae24d743e29315b19a57') in 0.003 seconds [static and dynamic dependencies]. Details - ImportResultOutputID=bafd7dbc38e1f2cdef83a507567caaf3 DependenciesID=c8d3fe9105a4ff937853bd9afa7562f8 StaticDependenciesID=da8c711384e1be980a08efbb4ed589ac 
Number of updated asset objects reloaded before import = 0
Number of asset objects unloaded after import = 0
========================================================================
Received Import Request.
  Time of request: 2026-09-19T15:08:30.6783085Z
  Time since last request: 0.0004755 seconds.
  importAddress: GUID: 5e96082520aa86a458e400b89afe93a4 - Path: Packages/com.unity.collections/Unity.Collections.Tests.Playmode/Unity.Collections.Tests.Playmode.asmdef - Importer: ScriptedImporter/UnityEditor.QuickSearchModule:UnityEditor.Search:ASIAI0B
Importing 'GUID: 5e96082520aa86a458e400b89afe93a4 - Path: Packages/com.unity.collections/Unity.Collections.Tests.Playmode/Unity.Collections.Tests.Playmode.asmdef - Importer: ScriptedImporter/UnityEditor.QuickSearchModule:UnityEditor.Search:ASIAI0B' with importer (ScriptedImporter : UnityEditor.QuickSearchModule:UnityEditor.Search:ASIAI0B)
Imported 'GUID: 5e96082520aa86a458e400b89afe93a4' -> (Import Result ID: '8fddc76632aa152c6c76ef1142811cff') in 0.003 seconds [static and dynamic dependencies]. Details - ImportResultOutputID=fed29a6d8175e8dea863e50c7c93eeae DependenciesID=5fc533f2422bb7f6f3199c14553ea6f4 StaticDependenciesID=366f91b48e1926027804ab6ff8a15867 
Number of updated asset objects reloaded before import = 0
Number of asset objects unloaded after import = 1
========================================================================
Received Import Request.
  Time of request: 2026-09-19T15:08:30.6980855Z
  Time since last request: 0.0006239 seconds.
  importAddress: GUID: 0175a7523f9f1754ca406f92afcfcbc6 - Path: Packages/com.unity.collections/Unity.Collections.PerformanceTests/Unity.PerformanceTesting.Benchmark/PerformanceTestFrameworkOutput.png - Importer: ScriptedImporter/UnityEditor.QuickSearchModule:UnityEditor.Search:ASIAI0B
Importing 'GUID: 0175a7523f9f1754ca406f92afcfcbc6 - Path: Packages/com.unity.collections/Unity.Collections.PerformanceTests/Unity.PerformanceTesting.Benchmark/PerformanceTestFrameworkOutput.png - Importer: ScriptedImporter/UnityEditor.QuickSearchModule:UnityEditor.Search:ASIAI0B' with importer (ScriptedImporter : UnityEditor.QuickSearchModule:UnityEditor.Search:ASIAI0B)
Imported 'GUID: 0175a7523f9f1754ca406f92afcfcbc6' -> (Import Result ID: '060ff96f98cb0bd6c0cc315ce0ad5754') in 0.017 seconds [static and dynamic dependencies]. Details - ImportResultOutputID=8fb55016813617f1902fdda8d59c02fb DependenciesID=dbea0bfb69781a8a7fb69203151139fd StaticDependenciesID=deb781cdf6108e92f4b118419b41c5bd 
Number of updated asset objects reloaded before import = 0
Number of asset objects unloaded after import = 1
========================================================================
Received Import Request.
  Time of request: 2026-09-19T15:08:30.7460325Z
  Time since last request: 0.0160558 seconds.
  importAddress: GUID: 3b62a4eaddacd11418765f5c2f6cb592 - Path: Packages/com.unity.searcher/Editor/Searcher/SearcherAdapter.cs - Importer: ScriptedImporter/UnityEditor.QuickSearchModule:UnityEditor.Search:ASIAI0B
Importing 'GUID: 3b62a4eaddacd11418765f5c2f6cb592 - Path: Packages/com.unity.searcher/Editor/Searcher/SearcherAdapter.cs - Importer: ScriptedImporter/UnityEditor.QuickSearchModule:UnityEditor.Search:ASIAI0B' with importer (ScriptedImporter : UnityEditor.QuickSearchModule:UnityEditor.Search:ASIAI0B)
Imported 'GUID: 3b62a4eaddacd11418765f5c2f6cb592' -> (Import Result ID: 'b7e8c51f1c7d7fbb1a28766985148ba8') in 0.003 seconds [static and dynamic dependencies]. Details - ImportResultOutputID=1f09a4e63f7452f9bf2cfe2c0b021102 DependenciesID=1f42df851211ac9df2442f5e75146633 StaticDependenciesID=0d45da851caa12363458939a878e9277 
Number of updated asset objects reloaded before import = 0
Number of asset objects unloaded after import = 0
========================================================================
Received Import Request.
  Time of request: 2026-09-19T15:08:30.7671003Z
  Time since last request: 0.0003768 seconds.
  importAddress: GUID: 5c1ee4056d0ac7ad3c5a16597fcaa38a - Path: Packages/com.unity.modules.physics/package.ModuleCompilationTrigger - Importer: ScriptedImporter/UnityEditor.QuickSearchModule:UnityEditor.Search:ASIAI0B
Importing 'GUID: 5c1ee4056d0ac7ad3c5a16597fcaa38a - Path: Packages/com.unity.modules.physics/package.ModuleCompilationTrigger - Importer: ScriptedImporter/UnityEditor.QuickSearchModule:UnityEditor.Search:ASIAI0B' with importer (ScriptedImporter : UnityEditor.QuickSearchModule:UnityEditor.Search:ASIAI0B)
Imported 'GUID: 5c1ee4056d0ac7ad3c5a16597fcaa38a' -> (Import Result ID: '700f60238fc6157fcf79bd220576b216') in 0.004 seconds [static and dynamic dependencies]. Details - ImportResultOutputID=e88dd069858940d55c247ab146dbcb85 DependenciesID=4e4ed18e7d345376ae1aa78aea8cff3d StaticDependenciesID=448674914c29a07701603b1e03d1cf43 
Number of updated asset objects reloaded before import = 0
Number of asset objects unloaded after import = 1
========================================================================
Received Import Request.
  Time of request: 2026-09-19T15:08:30.7891309Z
  Time since last request: 0.0004186 seconds.
  importAddress: GUID: 3e57f897b515d5042b83c4e88a5664e3 - Path: Packages/com.unity.searcher/Editor/Searcher/SearcherDatabase.cs - Importer: ScriptedImporter/UnityEditor.QuickSearchModule:UnityEditor.Search:ASIAI0B
Importing 'GUID: 3e57f897b515d5042b83c4e88a5664e3 - Path: Packages/com.unity.searcher/Editor/Searcher/SearcherDatabase.cs - Importer: ScriptedImporter/UnityEditor.QuickSearchModule:UnityEditor.Search:ASIAI0B' with importer (ScriptedImporter : UnityEditor.QuickSearchModule:UnityEditor.Search:ASIAI0B)
Imported 'GUID: 3e57f897b515d5042b83c4e88a5664e3' -> (Import Result ID: '697a7da349cd3eb116de6865d7530ae8') in 0.003 seconds [static and dynamic dependencies]. Details - ImportResultOutputID=a00bd29c4f8c433a5310903989c2df7c DependenciesID=81c789188e69ac434dc08845d9dde899 StaticDependenciesID=970a6d5dbdd8a185e100dfa5f55c9563 
Number of updated asset objects reloaded before import = 0
Number of asset objects unloaded after import = 0
========================================================================
Received Import Request.
  Time of request: 2026-09-19T15:08:30.8081312Z
  Time since last request: 0.0005332 seconds.
  importAddress: GUID: 4988cf9794f41d64c884876ab6574b89 - Path: Packages/com.unity.searcher/Editor/Unity.Searcher.Editor.asmdef - Importer: ScriptedImporter/UnityEditor.QuickSearchModule:UnityEditor.Search:ASIAI0B
Importing 'GUID: 4988cf9794f41d64c884876ab6574b89 - Path: Packages/com.unity.searcher/Editor/Unity.Searcher.Editor.asmdef - Importer: ScriptedImporter/UnityEditor.QuickSearchModule:UnityEditor.Search:ASIAI0B' with importer (ScriptedImporter : UnityEditor.QuickSearchModule:UnityEditor.Search:ASIAI0B)
Imported 'GUID: 4988cf9794f41d64c884876ab6574b89' -> (Import Result ID: '34f863b73da2f7d4c8edd7b9102ede67') in 0.003 seconds [static and dynamic dependencies]. Details - ImportResultOutputID=c710e86fcf2ace0623814765340a58ed DependenciesID=3080c3027141af73d58f5383466eaee6 StaticDependenciesID=5a2ef36a7c51c5d92adc0c00597aa62e 
Number of updated asset objects reloaded before import = 0
Number of asset objects unloaded after import = 1
========================================================================
Received Import Request.
  Time of request: 2026-09-19T15:08:30.8303074Z
  Time since last request: 0.0004987 seconds.
  importAddress: GUID: 56c8d867edaa1c9488c77cc911d01bff - Path: Packages/com.unity.searcher/Editor/Searcher/SearcherControl.cs - Importer: ScriptedImporter/UnityEditor.QuickSearchModule:UnityEditor.Search:ASIAI0B
Importing 'GUID: 56c8d867edaa1c9488c77cc911d01bff - Path: Packages/com.unity.searcher/Editor/Searcher/SearcherControl.cs - Importer: ScriptedImporter/UnityEditor.QuickSearchModule:UnityEditor.Search:ASIAI0B' with importer (ScriptedImporter : UnityEditor.QuickSearchModule:UnityEditor.Search:ASIAI0B)
Imported 'GUID: 56c8d867edaa1c9488c77cc911d01bff' -> (Import Result ID: 'd287feef1e1369259dfd6736aa78b57c') in 0.003 seconds [static and dynamic dependencies]. Details - ImportResultOutputID=32ade51734f9302c1aaf530390f9f1cb DependenciesID=45fee12ccd274e96674b0b675ca417e0 StaticDependenciesID=2a1609e3bedfb903be89229b3a9cf408 
Number of updated asset objects reloaded before import = 0
Number of asset objects unloaded after import = 0
========================================================================
Received Import Request.
  Time of request: 2026-09-19T15:08:30.8526066Z
  Time since last request: 0.0009138 seconds.
  importAddress: GUID: 200891d0445794843bffcc351163c84c - Path: Packages/com.unity.searcher/LICENSE.md - Importer: ScriptedImporter/UnityEditor.QuickSearchModule:UnityEditor.Search:ASIAI0B
Importing 'GUID: 200891d0445794843bffcc351163c84c - Path: Packages/com.unity.searcher/LICENSE.md - Importer: ScriptedImporter/UnityEditor.QuickSearchModule:UnityEditor.Search:ASIAI0B' with importer (ScriptedImporter : UnityEditor.QuickSearchModule:UnityEditor.Search:ASIAI0B)
Imported 'GUID: 200891d0445794843bffcc351163c84c' -> (Import Result ID: 'b70e1a67561b0f43444b080b75f69e1c') in 0.009 seconds [static and dynamic dependencies]. Details - ImportResultOutputID=be1bc227e51df71d67b5bc6dd15a7bfa DependenciesID=16d215046c5994d50019b6ba51c87e75 StaticDependenciesID=d668dcf59379f49b9c110fd9cdeaba17 
Number of updated asset objects reloaded before import = 0
Number of asset objects unloaded after import = 1
========================================================================
Received Import Request.
  Time of request: 2026-09-19T15:08:30.8792114Z
  Time since last request: 0.0007748 seconds.
  importAddress: GUID: c456286d59e79df4abf836be8d6f39f3 - Path: Packages/com.unity.searcher/Editor/Searcher/SearcherItem.cs - Importer: ScriptedImporter/UnityEditor.QuickSearchModule:UnityEditor.Search:ASIAI0B
Importing 'GUID: c456286d59e79df4abf836be8d6f39f3 - Path: Packages/com.unity.searcher/Editor/Searcher/SearcherItem.cs - Importer: ScriptedImporter/UnityEditor.QuickSearchModule:UnityEditor.Search:ASIAI0B' with importer (ScriptedImporter : UnityEditor.QuickSearchModule:UnityEditor.Search:ASIAI0B)
Imported 'GUID: c456286d59e79df4abf836be8d6f39f3' -> (Import Result ID: '5c2d131d838d9c931a91ef7110fed73e') in 0.003 seconds [static and dynamic dependencies]. Details - ImportResultOutputID=c2af80bf7e8ea0e3408705317cae34ca DependenciesID=1ec82536459e4ee2315743fe83c575a5 StaticDependenciesID=7073e7cc65206f166bd31225abe887d4 
Number of updated asset objects reloaded before import = 0
Number of asset objects unloaded after import = 0
========================================================================
Received Import Request.
  Time of request: 2026-09-19T15:08:30.900539Z
  Time since last request: 0.0006232 seconds.
  importAddress: GUID: da37dcca55e437b4a9eeebff722ad51f - Path: Packages/com.unity.searcher/Editor/Resources/SearcherWindow.uxml - Importer: ScriptedImporter/UnityEditor.QuickSearchModule:UnityEditor.Search:ASIAI0B
Importing 'GUID: da37dcca55e437b4a9eeebff722ad51f - Path: Packages/com.unity.searcher/Editor/Resources/SearcherWindow.uxml - Importer: ScriptedImporter/UnityEditor.QuickSearchModule:UnityEditor.Search:ASIAI0B' with importer (ScriptedImporter : UnityEditor.QuickSearchModule:UnityEditor.Search:ASIAI0B)
Imported 'GUID: da37dcca55e437b4a9eeebff722ad51f' -> (Import Result ID: 'ffa59c6d54068c7a358b5003074e4def') in 0.182 seconds [static and dynamic dependencies]. Details - ImportResultOutputID=b43c00a8a2d76a3bd8353d90f1ab2e5e DependenciesID=d2d0ef38715f23edb69325c06c29eb75 StaticDependenciesID=697b49f2b84b45f683a9a08202c550a3 
Number of updated asset objects reloaded before import = 0
Number of asset objects unloaded after import = 2
========================================================================
Received Import Request.
  Time of request: 2026-09-19T15:08:31.1014199Z
  Time since last request: 0.0004256 seconds.
  importAddress: GUID: 5119b277252d21c4aa1540431904090e - Path: Packages/com.unity.collections/Unity.Collections.Tests/Jobs/CoreCLRTestAssemblies/PrivateJobNested/NestedPrivateJobTestJob.cs - Importer: ScriptedImporter/UnityEditor.QuickSearchModule:UnityEditor.Search:ASIAI0B
Importing 'GUID: 5119b277252d21c4aa1540431904090e - Path: Packages/com.unity.collections/Unity.Collections.Tests/Jobs/CoreCLRTestAssemblies/PrivateJobNested/NestedPrivateJobTestJob.cs - Importer: ScriptedImporter/UnityEditor.QuickSearchModule:UnityEditor.Search:ASIAI0B' with importer (ScriptedImporter : UnityEditor.QuickSearchModule:UnityEditor.Search:ASIAI0B)
Imported 'GUID: 5119b277252d21c4aa1540431904090e' -> (Import Result ID: 'ef37a7a345e65b62bb23822bc42f1d32') in 0.003 seconds [static and dynamic dependencies]. Details - ImportResultOutputID=6071eda7ed6ca7a1388d0fbfea038000 DependenciesID=e11d618eedd3e004a9e9a6da59b1823f StaticDependenciesID=5087c20bd1ee21f8aec6ed2f0507acfa 
Number of updated asset objects reloaded before import = 0
Number of asset objects unloaded after import = 0
========================================================================
Received Import Request.
  Time of request: 2026-09-19T15:08:31.1184456Z
  Time since last request: 0.0006536 seconds.
  importAddress: GUID: aaf6804a66b394e9b8c133f80fc0c3e3 - Path: Packages/com.unity.nuget.mono-cecil/Tests/Editor/Unity.Nuget.Mono-Cecil.Editor.Tests.asmdef - Importer: ScriptedImporter/UnityEditor.QuickSearchModule:UnityEditor.Search:ASIAI0B
Importing 'GUID: aaf6804a66b394e9b8c133f80fc0c3e3 - Path: Packages/com.unity.nuget.mono-cecil/Tests/Editor/Unity.Nuget.Mono-Cecil.Editor.Tests.asmdef - Importer: ScriptedImporter/UnityEditor.QuickSearchModule:UnityEditor.Search:ASIAI0B' with importer (ScriptedImporter : UnityEditor.QuickSearchModule:UnityEditor.Search:ASIAI0B)
Imported 'GUID: aaf6804a66b394e9b8c133f80fc0c3e3' -> (Import Result ID: '1439c4e208c647531d323929bef61baf') in 0.005 seconds [static and dynamic dependencies]. Details - ImportResultOutputID=cae08a2c6c8bd3226366047d295f6dad DependenciesID=616a3a2d1145f829cd93966f535367cf StaticDependenciesID=019866dcac05903ea5428d3c9bd67c04 
Number of updated asset objects reloaded before import = 0
Number of asset objects unloaded after import = 1
========================================================================
Received Import Request.
  Time of request: 2026-09-19T15:08:31.1387754Z
  Time since last request: 0.0006314 seconds.
  importAddress: GUID: 793d6318ba59ca94381b936836fe697d - Path: Packages/com.unity.searcher/Editor/Resources/SearcherItem.uxml - Importer: ScriptedImporter/UnityEditor.QuickSearchModule:UnityEditor.Search:ASIAI0B
Importing 'GUID: 793d6318ba59ca94381b936836fe697d - Path: Packages/com.unity.searcher/Editor/Resources/SearcherItem.uxml - Importer: ScriptedImporter/UnityEditor.QuickSearchModule:UnityEditor.Search:ASIAI0B' with importer (ScriptedImporter : UnityEditor.QuickSearchModule:UnityEditor.Search:ASIAI0B)
Imported 'GUID: 793d6318ba59ca94381b936836fe697d' -> (Import Result ID: '3f6e2506f47dc7e0c08598ea036f9d0d') in 0.008 seconds [static and dynamic dependencies]. Details - ImportResultOutputID=a15a529dbb4df7d6a0855e2253f16856 DependenciesID=9bb25ba1af4a41e825b3ae5718d2523c StaticDependenciesID=b508b3c43b02add9df88dada8fcba79c 
Number of updated asset objects reloaded before import = 0
Number of asset objects unloaded after import = 2
========================================================================
Received Import Request.
  Time of request: 2026-09-19T15:08:31.1645467Z
  Time since last request: 0.0005056 seconds.
  importAddress: GUID: 5b263730bb62fa74190582398189b6f9 - Path: Packages/com.unity.collections/Unity.Collections.Tests/Jobs/NativeListDeferredArrayTests.cs - Importer: ScriptedImporter/UnityEditor.QuickSearchModule:UnityEditor.Search:ASIAI0B
Importing 'GUID: 5b263730bb62fa74190582398189b6f9 - Path: Packages/com.unity.collections/Unity.Collections.Tests/Jobs/NativeListDeferredArrayTests.cs - Importer: ScriptedImporter/UnityEditor.QuickSearchModule:UnityEditor.Search:ASIAI0B' with importer (ScriptedImporter : UnityEditor.QuickSearchModule:UnityEditor.Search:ASIAI0B)
Imported 'GUID: 5b263730bb62fa74190582398189b6f9' -> (Import Result ID: 'eed25a602ca614d385a1d0a18c85a322') in 0.002 seconds [static and dynamic dependencies]. Details - ImportResultOutputID=4d6235447b085e0b7d515216206b1bd5 DependenciesID=14461784c23ea9b5680c9123fb7041a1 StaticDependenciesID=6f1b6056556c18f3cb0487c3eaa33b4c 
Number of updated asset objects reloaded before import = 0
Number of asset objects unloaded after import = 0
========================================================================
Received Import Request.
  Time of request: 2026-09-19T15:08:31.1869651Z
  Time since last request: 0.0037103 seconds.
  importAddress: GUID: 112bbb75cb8d0f34587b23aeb83ad6d8 - Path: Packages/com.unity.profiling.core/LICENSE.md - Importer: ScriptedImporter/UnityEditor.QuickSearchModule:UnityEditor.Search:ASIAI0B
Importing 'GUID: 112bbb75cb8d0f34587b23aeb83ad6d8 - Path: Packages/com.unity.profiling.core/LICENSE.md - Importer: ScriptedImporter/UnityEditor.QuickSearchModule:UnityEditor.Search:ASIAI0B' with importer (ScriptedImporter : UnityEditor.QuickSearchModule:UnityEditor.Search:ASIAI0B)
Imported 'GUID: 112bbb75cb8d0f34587b23aeb83ad6d8' -> (Import Result ID: 'be974d570661bc869bd7cf6bbe247053') in 0.003 seconds [static and dynamic dependencies]. Details - ImportResultOutputID=1a15eb744cc3918691153bd31a08f9eb DependenciesID=ec1f085c9cc89b5093d56ee07236899c StaticDependenciesID=0ede996f041518161221a36e986c70df 
Number of updated asset objects reloaded before import = 0
Number of asset objects unloaded after import = 1
========================================================================
Received Import Request.
  Time of request: 2026-09-19T15:08:31.2069369Z
  Time since last request: 0.0006134 seconds.
  importAddress: GUID: a42a172397f9187499b8ec7a93c56e85 - Path: Packages/com.unity.profiling.core/Runtime/ProfilerMarker1Param.cs - Importer: ScriptedImporter/UnityEditor.QuickSearchModule:UnityEditor.Search:ASIAI0B
Importing 'GUID: a42a172397f9187499b8ec7a93c56e85 - Path: Packages/com.unity.profiling.core/Runtime/ProfilerMarker1Param.cs - Importer: ScriptedImporter/UnityEditor.QuickSearchModule:UnityEditor.Search:ASIAI0B' with importer (ScriptedImporter : UnityEditor.QuickSearchModule:UnityEditor.Search:ASIAI0B)
Imported 'GUID: a42a172397f9187499b8ec7a93c56e85' -> (Import Result ID: '3aa6637256399a2dd36b58caa44ea6c1') in 0.004 seconds [static and dynamic dependencies]. Details - ImportResultOutputID=dafe2a28c39c4a6e358db2b9aad46c6f DependenciesID=ed87d9471152fffdb844986640f584cb StaticDependenciesID=6cdbc5cd489925ad0db28cca371ed305 
Number of updated asset objects reloaded before import = 0
Number of asset objects unloaded after import = 0
========================================================================
Received Import Request.
  Time of request: 2026-09-19T15:08:31.2276981Z
  Time since last request: 0.0006514 seconds.
  importAddress: GUID: 0c2aa48d028b3134dbbb5ceb57bff5ac - Path: Packages/com.unity.searcher/Editor/Resources/FlatSkin/SearchSmallDownOff@2x.png - Importer: ScriptedImporter/UnityEditor.QuickSearchModule:UnityEditor.Search:ASIAI0B
Importing 'GUID: 0c2aa48d028b3134dbbb5ceb57bff5ac - Path: Packages/com.unity.searcher/Editor/Resources/FlatSkin/SearchSmallDownOff@2x.png - Importer: ScriptedImporter/UnityEditor.QuickSearchModule:UnityEditor.Search:ASIAI0B' with importer (ScriptedImporter : UnityEditor.QuickSearchModule:UnityEditor.Search:ASIAI0B)
Imported 'GUID: 0c2aa48d028b3134dbbb5ceb57bff5ac' -> (Import Result ID: '8d0baec68c8695a01105847640f81f51') in 0.010 seconds [static and dynamic dependencies]. Details - ImportResultOutputID=60fa5e849571061fff5726efec631b80 DependenciesID=37e16b73959f96e416dcd17fcd0d4ae0 StaticDependenciesID=7fe0b118b9b2bd5d5111753804023d67 
Number of updated asset objects reloaded before import = 0
Number of asset objects unloaded after import = 1
========================================================================
Received Import Request.
  Time of request: 2026-09-19T15:08:31.2577008Z
  Time since last request: 0.0008116 seconds.
  importAddress: GUID: c82e859b16636ddd2ca4a1f63fd34938 - Path: Packages/com.unity.modules.androidjni/package.ModuleCompilationTrigger - Importer: ScriptedImporter/UnityEditor.QuickSearchModule:UnityEditor.Search:ASIAI0B
Importing 'GUID: c82e859b16636ddd2ca4a1f63fd34938 - Path: Packages/com.unity.modules.androidjni/package.ModuleCompilationTrigger - Importer: ScriptedImporter/UnityEditor.QuickSearchModule:UnityEditor.Search:ASIAI0B' with importer (ScriptedImporter : UnityEditor.QuickSearchModule:UnityEditor.Search:ASIAI0B)
Imported 'GUID: c82e859b16636ddd2ca4a1f63fd34938' -> (Import Result ID: 'a061d56c46dc4a31fd7f6dd8d3e36c21') in 0.004 seconds [static and dynamic dependencies]. Details - ImportResultOutputID=e0543520c7905c6d6305469b1e9c5adf DependenciesID=6ccc21e44c41ea90a67398c0feb3bb0d StaticDependenciesID=8adfee647e63ae38f536ec72dd105921 
Number of updated asset objects reloaded before import = 0
Number of asset objects unloaded after import = 1
========================================================================
Received Import Request.
  Time of request: 2026-09-19T15:08:31.2807886Z
  Time since last request: 0.0005988 seconds.
  importAddress: GUID: 7e9fe0ff34cd022408422f6b92ad7df6 - Path: Packages/com.unity.render-pipelines.core/Editor/CoreEditorDrawers.cs - Importer: ScriptedImporter/UnityEditor.QuickSearchModule:UnityEditor.Search:ASIAI0B
Importing 'GUID: 7e9fe0ff34cd022408422f6b92ad7df6 - Path: Packages/com.unity.render-pipelines.core/Editor/CoreEditorDrawers.cs - Importer: ScriptedImporter/UnityEditor.QuickSearchModule:UnityEditor.Search:ASIAI0B' with importer (ScriptedImporter : UnityEditor.QuickSearchModule:UnityEditor.Search:ASIAI0B)
Imported 'GUID: 7e9fe0ff34cd022408422f6b92ad7df6' -> (Import Result ID: '0413bc1d5f9aa3ed14a9252a0801011b') in 0.003 seconds [static and dynamic dependencies]. Details - ImportResultOutputID=8cc40a6e969695975be0fc5193506573 DependenciesID=c050002d38f02a9d105963ae55c07af4 StaticDependenciesID=6e832ea377445bfdec59751cf877f840 
Number of updated asset objects reloaded before import = 0
Number of asset objects unloaded after import = 0
========================================================================
Received Import Request.
  Time of request: 2026-09-19T15:08:31.3030127Z
  Time since last request: 0.0004074 seconds.
  importAddress: GUID: c9fabbcdc8ab50c44a8112c70c67735c - Path: Packages/com.unity.render-pipelines.core/Editor/CameraEditorUtils.cs - Importer: ScriptedImporter/UnityEditor.QuickSearchModule:UnityEditor.Search:ASIAI0B
Importing 'GUID: c9fabbcdc8ab50c44a8112c70c67735c - Path: Packages/com.unity.render-pipelines.core/Editor/CameraEditorUtils.cs - Importer: ScriptedImporter/UnityEditor.QuickSearchModule:UnityEditor.Search:ASIAI0B' with importer (ScriptedImporter : UnityEditor.QuickSearchModule:UnityEditor.Search:ASIAI0B)
Imported 'GUID: c9fabbcdc8ab50c44a8112c70c67735c' -> (Import Result ID: '6d299a12e843a073d3447ad386e6fced') in 0.002 seconds [static and dynamic dependencies]. Details - ImportResultOutputID=ad35ea17b0378bd8edb137dceeb59511 DependenciesID=223f4effd88148c258596cc7c8f7c939 StaticDependenciesID=d2b1ecfdd815123041d8864ff2173f02 
Number of updated asset objects reloaded before import = 0
Number of asset objects unloaded after import = 0
========================================================================
Received Import Request.
  Time of request: 2026-09-19T15:08:31.323686Z
  Time since last request: 0.0006101 seconds.
  importAddress: GUID: d58c38c3c63b0d245b4929c913c48643 - Path: Packages/com.unity.profiling.core/Runtime/ProfilerCounter.cs - Importer: ScriptedImporter/UnityEditor.QuickSearchModule:UnityEditor.Search:ASIAI0B
Importing 'GUID: d58c38c3c63b0d245b4929c913c48643 - Path: Packages/com.unity.profiling.core/Runtime/ProfilerCounter.cs - Importer: ScriptedImporter/UnityEditor.QuickSearchModule:UnityEditor.Search:ASIAI0B' with importer (ScriptedImporter : UnityEditor.QuickSearchModule:UnityEditor.Search:ASIAI0B)
Imported 'GUID: d58c38c3c63b0d245b4929c913c48643' -> (Import Result ID: '433a4198d006337b0d9cc9c6a5c0b8c7') in 0.003 seconds [static and dynamic dependencies]. Details - ImportResultOutputID=1357d92ba21f5d0df0deb70a30a4c8e5 DependenciesID=4235337b25a4d874a4e08cde070dcd00 StaticDependenciesID=c96418d116948120dfaea411f83c8a94 
Number of updated asset objects reloaded before import = 0
Number of asset objects unloaded after import = 0
========================================================================
Received Import Request.
  Time of request: 2026-09-19T15:08:31.3446488Z
  Time since last request: 0.0006015 seconds.
  importAddress: GUID: 19a9abb883540be48b75b951a927ae03 - Path: Packages/com.unity.searcher/Editor/Resources/FlatSkin/Font/Roboto-Thin.ttf - Importer: ScriptedImporter/UnityEditor.QuickSearchModule:UnityEditor.Search:ASIAI0B
Importing 'GUID: 19a9abb883540be48b75b951a927ae03 - Path: Packages/com.unity.searcher/Editor/Resources/FlatSkin/Font/Roboto-Thin.ttf - Importer: ScriptedImporter/UnityEditor.QuickSearchModule:UnityEditor.Search:ASIAI0B' with importer (ScriptedImporter : UnityEditor.QuickSearchModule:UnityEditor.Search:ASIAI0B)
Imported 'GUID: 19a9abb883540be48b75b951a927ae03' -> (Import Result ID: 'a415bb1cffd6f3718fb41921649796c6') in 0.028 seconds [static and dynamic dependencies]. Details - ImportResultOutputID=91f0979ec39d5793cfd78d7d0f85945a DependenciesID=6fad9c65059a558f5db9a7d074ef5fb8 StaticDependenciesID=5f3fdddd9a6d9209e9cdb8e6f060d1da 
Number of updated asset objects reloaded before import = 0
Number of asset objects unloaded after import = 3
========================================================================
Received Import Request.
  Time of request: 2026-09-19T15:08:31.3900932Z
  Time since last request: 0.0003645 seconds.
  importAddress: GUID: a51a3aebb43ac044989270407476b208 - Path: Packages/com.unity.searcher/Editor/Resources/FlatSkin/Font/Roboto-Medium.ttf - Importer: ScriptedImporter/UnityEditor.QuickSearchModule:UnityEditor.Search:ASIAI0B
Importing 'GUID: a51a3aebb43ac044989270407476b208 - Path: Packages/com.unity.searcher/Editor/Resources/FlatSkin/Font/Roboto-Medium.ttf - Importer: ScriptedImporter/UnityEditor.QuickSearchModule:UnityEditor.Search:ASIAI0B' with importer (ScriptedImporter : UnityEditor.QuickSearchModule:UnityEditor.Search:ASIAI0B)
Imported 'GUID: a51a3aebb43ac044989270407476b208' -> (Import Result ID: '4ffaaef9cb5b545c3f5ef2b1f48422b2') in 0.017 seconds [static and dynamic dependencies]. Details - ImportResultOutputID=b0577fa02453d4f293a7c533e71cbb18 DependenciesID=9fd72aac9cf6c8b21346fb9665479c4c StaticDependenciesID=4294a39971a9a0d6dd34a9ef35951620 
Number of updated asset objects reloaded before import = 0
Number of asset objects unloaded after import = 3
========================================================================
Received Import Request.
  Time of request: 2026-09-19T15:08:31.4352056Z
  Time since last request: 0.0006981 seconds.
  importAddress: GUID: 1062c701058745940ae5dca6219c64c8 - Path: Packages/com.unity.searcher/Editor/Resources/FlatSkin/Font/Roboto-Black.ttf - Importer: ScriptedImporter/UnityEditor.QuickSearchModule:UnityEditor.Search:ASIAI0B
Importing 'GUID: 1062c701058745940ae5dca6219c64c8 - Path: Packages/com.unity.searcher/Editor/Resources/FlatSkin/Font/Roboto-Black.ttf - Importer: ScriptedImporter/UnityEditor.QuickSearchModule:UnityEditor.Search:ASIAI0B' with importer (ScriptedImporter : UnityEditor.QuickSearchModule:UnityEditor.Search:ASIAI0B)
Imported 'GUID: 1062c701058745940ae5dca6219c64c8' -> (Import Result ID: 'a26848882a0561425bbcdf40652366df') in 0.017 seconds [static and dynamic dependencies]. Details - ImportResultOutputID=59b1e9097bb948f643ca4bc2d23e7fd8 DependenciesID=2ee669488836b249f2ad924e49841da0 StaticDependenciesID=c25d7a0e4f63df6b590b0348078764bb 
Number of updated asset objects reloaded before import = 0
Number of asset objects unloaded after import = 3
========================================================================
Received Import Request.
  Time of request: 2026-09-19T15:08:31.4719522Z
  Time since last request: 0.0005733 seconds.
  importAddress: GUID: 6b64b28462013f640ac8d0ab82fe61f7 - Path: Packages/com.unity.profiling.core/Runtime/ProfilerMarkerExtensions.cs - Importer: ScriptedImporter/UnityEditor.QuickSearchModule:UnityEditor.Search:ASIAI0B
Importing 'GUID: 6b64b28462013f640ac8d0ab82fe61f7 - Path: Packages/com.unity.profiling.core/Runtime/ProfilerMarkerExtensions.cs - Importer: ScriptedImporter/UnityEditor.QuickSearchModule:UnityEditor.Search:ASIAI0B' with importer (ScriptedImporter : UnityEditor.QuickSearchModule:UnityEditor.Search:ASIAI0B)
Imported 'GUID: 6b64b28462013f640ac8d0ab82fe61f7' -> (Import Result ID: '81675faeb3ce655921878a5798effa05') in 0.003 seconds [static and dynamic dependencies]. Details - ImportResultOutputID=ff5206faa078468d34fcc321be7506de DependenciesID=642b038b2c14269c96c4f73e4fe8fbdd StaticDependenciesID=4f31b547aa4dce5393b0e0f2b326c701 
Number of updated asset objects reloaded before import = 0
Number of asset objects unloaded after import = 0
========================================================================
Received Import Request.
  Time of request: 2026-09-19T15:08:31.4909909Z
  Time since last request: 0.0005893 seconds.
  importAddress: GUID: eefc64b67f7aad040905b2000990f5f3 - Path: Packages/com.unity.render-pipelines.core/THIRD PARTY NOTICES.md - Importer: ScriptedImporter/UnityEditor.QuickSearchModule:UnityEditor.Search:ASIAI0B
Importing 'GUID: eefc64b67f7aad040905b2000990f5f3 - Path: Packages/com.unity.render-pipelines.core/THIRD PARTY NOTICES.md - Importer: ScriptedImporter/UnityEditor.QuickSearchModule:UnityEditor.Search:ASIAI0B' with importer (ScriptedImporter : UnityEditor.QuickSearchModule:UnityEditor.Search:ASIAI0B)
Imported 'GUID: eefc64b67f7aad040905b2000990f5f3' -> (Import Result ID: '015cf62c3c61dc60d8b9e2679c32cbaa') in 0.004 seconds [static and dynamic dependencies]. Details - ImportResultOutputID=8c87d22459c8200e545ac35ca71d19fc DependenciesID=f8d5470c24db83b90b5c8a5d87d8c37f StaticDependenciesID=42eda91ad049d2bebee28f6d9934b659 
Number of updated asset objects reloaded before import = 0
Number of asset objects unloaded after import = 1
========================================================================
Received Import Request.
  Time of request: 2026-09-19T15:08:31.5093446Z
  Time since last request: 0.0006107 seconds.
  importAddress: GUID: d93c1bc57fdf1ac4dad1bf04fac05464 - Path: Packages/com.unity.searcher/Editor/Resources/FlatSkin/Font/Roboto-MediumItalic.ttf - Importer: ScriptedImporter/UnityEditor.QuickSearchModule:UnityEditor.Search:ASIAI0B
Importing 'GUID: d93c1bc57fdf1ac4dad1bf04fac05464 - Path: Packages/com.unity.searcher/Editor/Resources/FlatSkin/Font/Roboto-MediumItalic.ttf - Importer: ScriptedImporter/UnityEditor.QuickSearchModule:UnityEditor.Search:ASIAI0B' with importer (ScriptedImporter : UnityEditor.QuickSearchModule:UnityEditor.Search:ASIAI0B)
Imported 'GUID: d93c1bc57fdf1ac4dad1bf04fac05464' -> (Import Result ID: 'd069b78bc6793972d63c38290adc77d9') in 0.011 seconds [static and dynamic dependencies]. Details - ImportResultOutputID=8e619daadc7b5f3765e7298b9abff8df DependenciesID=73b02e27b375a7cd0be8311e76cc5fd7 StaticDependenciesID=50e7d6c6204c03573f0b208ec36ea681 
Number of updated asset objects reloaded before import = 0
Number of asset objects unloaded after import = 3
========================================================================
Received Import Request.
  Time of request: 2026-09-19T15:08:31.5369178Z
  Time since last request: 0.0006098 seconds.
  importAddress: GUID: 1c13e3f9217a6854ebb4d5d716b60103 - Path: Packages/com.unity.render-pipelines.core/Editor/CoreRenderPipelinePreferences.cs - Importer: ScriptedImporter/UnityEditor.QuickSearchModule:UnityEditor.Search:ASIAI0B
Importing 'GUID: 1c13e3f9217a6854ebb4d5d716b60103 - Path: Packages/com.unity.render-pipelines.core/Editor/CoreRenderPipelinePreferences.cs - Importer: ScriptedImporter/UnityEditor.QuickSearchModule:UnityEditor.Search:ASIAI0B' with importer (ScriptedImporter : UnityEditor.QuickSearchModule:UnityEditor.Search:ASIAI0B)
Imported 'GUID: 1c13e3f9217a6854ebb4d5d716b60103' -> (Import Result ID: '6fe227ccc92a405bf394c75b6e842979') in 0.003 seconds [static and dynamic dependencies]. Details - ImportResultOutputID=87ca47f9486afd2e7703fdb7c97767be DependenciesID=b978451369bc44bb10ca670735dd976d StaticDependenciesID=8db639720751fc1f1340f1522af703f5 
Number of updated asset objects reloaded before import = 0
Number of asset objects unloaded after import = 0
========================================================================
Received Import Request.
  Time of request: 2026-09-19T15:08:31.5549491Z
  Time since last request: 0.0005906 seconds.
  importAddress: GUID: ec02776fe29df900b897106d61977735 - Path: Packages/com.unity.modules.director/package.json - Importer: ScriptedImporter/UnityEditor.QuickSearchModule:UnityEditor.Search:ASIAI0B
Importing 'GUID: ec02776fe29df900b897106d61977735 - Path: Packages/com.unity.modules.director/package.json - Importer: ScriptedImporter/UnityEditor.QuickSearchModule:UnityEditor.Search:ASIAI0B' with importer (ScriptedImporter : UnityEditor.QuickSearchModule:UnityEditor.Search:ASIAI0B)
Imported 'GUID: ec02776fe29df900b897106d61977735' -> (Import Result ID: '88f1eb7b9d5da2b238ead4150e5bcd8a') in 0.004 seconds [static and dynamic dependencies]. Details - ImportResultOutputID=98eb2a8190583e18c779e00da486f6e1 DependenciesID=9882daa024ab53fb965f478fa17df8af StaticDependenciesID=02eeaf90e45c2abc68db271f071230b5 
Number of updated asset objects reloaded before import = 0
Number of asset objects unloaded after import = 1
========================================================================
Received Import Request.
  Time of request: 2026-09-19T15:08:31.5758136Z
  Time since last request: 0.0005421 seconds.
  importAddress: GUID: 2a29e27936eb547458f646f71125b264 - Path: Packages/com.unity.searcher/Editor/Resources/FlatSkin/Font/Roboto-Light.ttf - Importer: ScriptedImporter/UnityEditor.QuickSearchModule:UnityEditor.Search:ASIAI0B
Importing 'GUID: 2a29e27936eb547458f646f71125b264 - Path: Packages/com.unity.searcher/Editor/Resources/FlatSkin/Font/Roboto-Light.ttf - Importer: ScriptedImporter/UnityEditor.QuickSearchModule:UnityEditor.Search:ASIAI0B' with importer (ScriptedImporter : UnityEditor.QuickSearchModule:UnityEditor.Search:ASIAI0B)
Imported 'GUID: 2a29e27936eb547458f646f71125b264' -> (Import Result ID: '391c04732def179799a35e1e8c0b9afb') in 0.011 seconds [static and dynamic dependencies]. Details - ImportResultOutputID=bccbf03e2f04f16f038f97af00c467e0 DependenciesID=d5c86d6b85759e3f716a1f2143df49bd StaticDependenciesID=ddc78fbb92ff288ed6836d64aa8f69b8 
Number of updated asset objects reloaded before import = 0
Number of asset objects unloaded after import = 3
========================================================================
Received Import Request.
  Time of request: 2026-09-19T15:08:31.6074578Z
  Time since last request: 0.0006106 seconds.
  importAddress: GUID: 2e78621c9df5d0b4d884d48b1ded36c8 - Path: Packages/com.unity.render-pipelines.core/Editor/BuildTargetExtensions.cs - Importer: ScriptedImporter/UnityEditor.QuickSearchModule:UnityEditor.Search:ASIAI0B
Importing 'GUID: 2e78621c9df5d0b4d884d48b1ded36c8 - Path: Packages/com.unity.render-pipelines.core/Editor/BuildTargetExtensions.cs - Importer: ScriptedImporter/UnityEditor.QuickSearchModule:UnityEditor.Search:ASIAI0B' with importer (ScriptedImporter : UnityEditor.QuickSearchModule:UnityEditor.Search:ASIAI0B)
Imported 'GUID: 2e78621c9df5d0b4d884d48b1ded36c8' -> (Import Result ID: '235fa3184bcb54351ce98d761b282bec') in 0.004 seconds [static and dynamic dependencies]. Details - ImportResultOutputID=43b1b7a813c052c92ecf6198542930e4 DependenciesID=44fb8e8f8ca4084e94f04075aff42bd5 StaticDependenciesID=f73214aab3dc97f41d215a379666ccdd 
Number of updated asset objects reloaded before import = 0
Number of asset objects unloaded after import = 0
========================================================================
Received Import Request.
  Time of request: 2026-09-19T15:08:31.6299925Z
  Time since last request: 0.0007155 seconds.
  importAddress: GUID: b2ea3b3f1765e544b9eb5bd1a93a91ce - Path: Packages/com.unity.searcher/Editor/Resources/FlatSkin/Font/Roboto-ThinItalic.ttf - Importer: ScriptedImporter/UnityEditor.QuickSearchModule:UnityEditor.Search:ASIAI0B
Importing 'GUID: b2ea3b3f1765e544b9eb5bd1a93a91ce - Path: Packages/com.unity.searcher/Editor/Resources/FlatSkin/Font/Roboto-ThinItalic.ttf - Importer: ScriptedImporter/UnityEditor.QuickSearchModule:UnityEditor.Search:ASIAI0B' with importer (ScriptedImporter : UnityEditor.QuickSearchModule:UnityEditor.Search:ASIAI0B)
Imported 'GUID: b2ea3b3f1765e544b9eb5bd1a93a91ce' -> (Import Result ID: 'aac3745d34a6eb483059ea9f5f136757') in 0.011 seconds [static and dynamic dependencies]. Details - ImportResultOutputID=547c8a6a3a153bdecc4d6f896a4877b8 DependenciesID=abdc194dc9141cbb8725c77fa0524965 StaticDependenciesID=837b2b56984281a2d8c6a578f29898e4 
Number of updated asset objects reloaded before import = 0
Number of asset objects unloaded after import = 3
========================================================================
Received Import Request.
  Time of request: 2026-09-19T15:08:31.6608058Z
  Time since last request: 0.0004336 seconds.
  importAddress: GUID: 3fc8749a5a33bb94aaca8a1ece0d20eb - Path: Packages/com.unity.profiling.core/Runtime/ProfilerCounterValue.cs - Importer: ScriptedImporter/UnityEditor.QuickSearchModule:UnityEditor.Search:ASIAI0B
Importing 'GUID: 3fc8749a5a33bb94aaca8a1ece0d20eb - Path: Packages/com.unity.profiling.core/Runtime/ProfilerCounterValue.cs - Importer: ScriptedImporter/UnityEditor.QuickSearchModule:UnityEditor.Search:ASIAI0B' with importer (ScriptedImporter : UnityEditor.QuickSearchModule:UnityEditor.Search:ASIAI0B)
Imported 'GUID: 3fc8749a5a33bb94aaca8a1ece0d20eb' -> (Import Result ID: '3bd359fd5ec382ea363fdc7f27339999') in 0.003 seconds [static and dynamic dependencies]. Details - ImportResultOutputID=c1a03a36436c82eb01766b9fab7aeb1b DependenciesID=00298c66df7509980a2545f592f0064b StaticDependenciesID=1ccc952ae5612a550be28e1b2a8e9b2a 
Number of updated asset objects reloaded before import = 0
Number of asset objects unloaded after import = 0
========================================================================
Received Import Request.
  Time of request: 2026-09-19T15:08:31.6815759Z
  Time since last request: 0.0007826 seconds.
  importAddress: GUID: ec67f3c00433a81428ae8331f3a1c0fe - Path: Packages/com.unity.profiling.core/Runtime/ProfilerUtility.cs - Importer: ScriptedImporter/UnityEditor.QuickSearchModule:UnityEditor.Search:ASIAI0B
Importing 'GUID: ec67f3c00433a81428ae8331f3a1c0fe - Path: Packages/com.unity.profiling.core/Runtime/ProfilerUtility.cs - Importer: ScriptedImporter/UnityEditor.QuickSearchModule:UnityEditor.Search:ASIAI0B' with importer (ScriptedImporter : UnityEditor.QuickSearchModule:UnityEditor.Search:ASIAI0B)
Imported 'GUID: ec67f3c00433a81428ae8331f3a1c0fe' -> (Import Result ID: 'c19acaff7856020af7410affb66e8c7d') in 0.003 seconds [static and dynamic dependencies]. Details - ImportResultOutputID=4f081f8f3521a81c77bbe67b528d6e1d DependenciesID=56d116aded0acead3653b2eda499ba79 StaticDependenciesID=2325699c036db749c11f101554e01537 
Number of updated asset objects reloaded before import = 0
Number of asset objects unloaded after import = 0
========================================================================
Received Import Request.
  Time of request: 2026-09-19T15:08:31.6994897Z
  Time since last request: 0.0006535 seconds.
  importAddress: GUID: ba4b5cdf8466e485ab792e0e4e45af25 - Path: Packages/com.unity.render-pipelines.core/LICENSE.md - Importer: ScriptedImporter/UnityEditor.QuickSearchModule:UnityEditor.Search:ASIAI0B
Importing 'GUID: ba4b5cdf8466e485ab792e0e4e45af25 - Path: Packages/com.unity.render-pipelines.core/LICENSE.md - Importer: ScriptedImporter/UnityEditor.QuickSearchModule:UnityEditor.Search:ASIAI0B' with importer (ScriptedImporter : UnityEditor.QuickSearchModule:UnityEditor.Search:ASIAI0B)
Imported 'GUID: ba4b5cdf8466e485ab792e0e4e45af25' -> (Import Result ID: '3a14d97b5ff7849c4aa474b4c03a5aca') in 0.003 seconds [static and dynamic dependencies]. Details - ImportResultOutputID=c1aec232a6221f346d8dbcf9341d7062 DependenciesID=d196f4f35e0487cc00c0a95885c88105 StaticDependenciesID=5af06ee8e5ac14561a2e31732f8818c5 
Number of updated asset objects reloaded before import = 0
Number of asset objects unloaded after import = 1
========================================================================
Received Import Request.
  Time of request: 2026-09-19T15:08:31.7355032Z
  Time since last request: 0.0176933 seconds.
  importAddress: GUID: df380645f10b7bc4b97d4f5eb6303d95 - Path: Packages/com.unity.render-pipelines.core/Runtime/Unity.RenderPipelines.Core.Runtime.asmdef - Importer: ScriptedImporter/UnityEditor.QuickSearchModule:UnityEditor.Search:ASIAI0B
Importing 'GUID: df380645f10b7bc4b97d4f5eb6303d95 - Path: Packages/com.unity.render-pipelines.core/Runtime/Unity.RenderPipelines.Core.Runtime.asmdef - Importer: ScriptedImporter/UnityEditor.QuickSearchModule:UnityEditor.Search:ASIAI0B' with importer (ScriptedImporter : UnityEditor.QuickSearchModule:UnityEditor.Search:ASIAI0B)
Imported 'GUID: df380645f10b7bc4b97d4f5eb6303d95' -> (Import Result ID: '01492652f7b5b4539df2d45a643bbb7a') in 0.058 seconds [static and dynamic dependencies]. Details - ImportResultOutputID=8eb953b2d20960834716ef05cc22d42f DependenciesID=6fb536238848ae0ed095b1a38ed554ef StaticDependenciesID=9ab0018ba70a6b1747fe1eb91efba154 
Number of updated asset objects reloaded before import = 0
Number of asset objects unloaded after import = 1
========================================================================
Received Import Request.
  Time of request: 2026-09-19T15:08:31.8333974Z
  Time since last request: 0.0027031 seconds.
  importAddress: GUID: 097dbb6933d598544930378228f8b423 - Path: Packages/com.unity.render-pipelines.core/Editor/ICoreRenderPipelinePreferencesProvider.cs - Importer: ScriptedImporter/UnityEditor.QuickSearchModule:UnityEditor.Search:ASIAI0B
Importing 'GUID: 097dbb6933d598544930378228f8b423 - Path: Packages/com.unity.render-pipelines.core/Editor/ICoreRenderPipelinePreferencesProvider.cs - Importer: ScriptedImporter/UnityEditor.QuickSearchModule:UnityEditor.Search:ASIAI0B' with importer (ScriptedImporter : UnityEditor.QuickSearchModule:UnityEditor.Search:ASIAI0B)
Imported 'GUID: 097dbb6933d598544930378228f8b423' -> (Import Result ID: 'dcbf07666fd608e2955eb5b631e6f6fb') in 0.003 seconds [static and dynamic dependencies]. Details - ImportResultOutputID=7da6ab84ff1c5c08cc33b7ca73146a32 DependenciesID=fd73e4c70b8e8dea0332b7d0ff6d9dac StaticDependenciesID=fc50ef628ac85be4eccf318c8a750c63 
Number of updated asset objects reloaded before import = 0
Number of asset objects unloaded after import = 0
========================================================================
Received Import Request.
  Time of request: 2026-09-19T15:08:31.8552267Z
  Time since last request: 0.0007662 seconds.
  importAddress: GUID: 79c765f4c876d8a4d8eb62cbea32f21b - Path: Packages/com.unity.render-pipelines.core/Runtime-PrivateShared/OnTileValidationLayer.cs - Importer: ScriptedImporter/UnityEditor.QuickSearchModule:UnityEditor.Search:ASIAI0B
Importing 'GUID: 79c765f4c876d8a4d8eb62cbea32f21b - Path: Packages/com.unity.render-pipelines.core/Runtime-PrivateShared/OnTileValidationLayer.cs - Importer: ScriptedImporter/UnityEditor.QuickSearchModule:UnityEditor.Search:ASIAI0B' with importer (ScriptedImporter : UnityEditor.QuickSearchModule:UnityEditor.Search:ASIAI0B)
Imported 'GUID: 79c765f4c876d8a4d8eb62cbea32f21b' -> (Import Result ID: 'b679a32fa18b03b3f489a4dab0a92397') in 0.002 seconds [static and dynamic dependencies]. Details - ImportResultOutputID=dba4f438f21d88d554b5bf5c4952cd83 DependenciesID=d15d47e6f0c6064519271b5a16bdc67b StaticDependenciesID=1b4463567cb5ad46c12bb9d992a67a7c 
Number of updated asset objects reloaded before import = 0
Number of asset objects unloaded after import = 0
========================================================================
Received Import Request.
  Time of request: 2026-09-19T15:08:31.8836562Z
  Time since last request: 0.0004376 seconds.
  importAddress: GUID: eebfba22df48acf4b978d98000cb10e6 - Path: Packages/com.unity.render-pipelines.core/ShaderLibrary/GeometricTools.hlsl - Importer: ScriptedImporter/UnityEditor.QuickSearchModule:UnityEditor.Search:ASIAI0B
Importing 'GUID: eebfba22df48acf4b978d98000cb10e6 - Path: Packages/com.unity.render-pipelines.core/ShaderLibrary/GeometricTools.hlsl - Importer: ScriptedImporter/UnityEditor.QuickSearchModule:UnityEditor.Search:ASIAI0B' with importer (ScriptedImporter : UnityEditor.QuickSearchModule:UnityEditor.Search:ASIAI0B)
Imported 'GUID: eebfba22df48acf4b978d98000cb10e6' -> (Import Result ID: '472e2378230871554e39d7f50b90d194') in 0.003 seconds [static and dynamic dependencies]. Details - ImportResultOutputID=bdadcae35d158a7c547f5120c1da50c6 DependenciesID=e07d59c55401ced6852c41b11eb5e4e3 StaticDependenciesID=d58afabb7442242a3309f77c6be5c90e 
Number of updated asset objects reloaded before import = 0
Number of asset objects unloaded after import = 1
========================================================================
Received Import Request.
  Time of request: 2026-09-19T15:08:31.9036513Z
  Time since last request: 0.0005259 seconds.
  importAddress: GUID: 867080e20dd74324299ec0ac8f95d246 - Path: Packages/com.unity.render-pipelines.core/Editor/SerializedPropertyExtension.cs - Importer: ScriptedImporter/UnityEditor.QuickSearchModule:UnityEditor.Search:ASIAI0B
Importing 'GUID: 867080e20dd74324299ec0ac8f95d246 - Path: Packages/com.unity.render-pipelines.core/Editor/SerializedPropertyExtension.cs - Importer: ScriptedImporter/UnityEditor.QuickSearchModule:UnityEditor.Search:ASIAI0B' with importer (ScriptedImporter : UnityEditor.QuickSearchModule:UnityEditor.Search:ASIAI0B)
Imported 'GUID: 867080e20dd74324299ec0ac8f95d246' -> (Import Result ID: '6178611db099aeff6e92a421259900cf') in 0.002 seconds [static and dynamic dependencies]. Details - ImportResultOutputID=7ff80b96b657d7d53fee586dad44d49c DependenciesID=c0448b165a3f5bcc189362ac93997f5c StaticDependenciesID=b13018289324ee48680f7ee4ba071aaf 
Number of updated asset objects reloaded before import = 0
Number of asset objects unloaded after import = 0
========================================================================
Received Import Request.
  Time of request: 2026-09-19T15:08:31.9214034Z
  Time since last request: 0.0005148 seconds.
  importAddress: GUID: 685e2bdf0a1b418cb068a423e3347aba - Path: Packages/com.unity.render-pipelines.core/Runtime-PrivateShared/InternalRenderPipelineGlobalSettingsUtils.cs - Importer: ScriptedImporter/UnityEditor.QuickSearchModule:UnityEditor.Search:ASIAI0B
Importing 'GUID: 685e2bdf0a1b418cb068a423e3347aba - Path: Packages/com.unity.render-pipelines.core/Runtime-PrivateShared/InternalRenderPipelineGlobalSettingsUtils.cs - Importer: ScriptedImporter/UnityEditor.QuickSearchModule:UnityEditor.Search:ASIAI0B' with importer (ScriptedImporter : UnityEditor.QuickSearchModule:UnityEditor.Search:ASIAI0B)
Imported 'GUID: 685e2bdf0a1b418cb068a423e3347aba' -> (Import Result ID: '39e5db51a69e4ad5e926e23cada3b8f6') in 0.004 seconds [static and dynamic dependencies]. Details - ImportResultOutputID=895424bfd5378aa0e120671f17c20a2d DependenciesID=bf507c928ae478569e4c045a60010813 StaticDependenciesID=46d171b48524b7e90a77fe649b63f09e 
Number of updated asset objects reloaded before import = 0
Number of asset objects unloaded after import = 0
========================================================================
Received Import Request.
  Time of request: 2026-09-19T15:08:31.943363Z
  Time since last request: 0.0005993 seconds.
  importAddress: GUID: 1f4f20df9923ed04ea15d89f8456b8f0 - Path: Packages/com.unity.render-pipelines.core/Editor/ExpandedState.cs - Importer: ScriptedImporter/UnityEditor.QuickSearchModule:UnityEditor.Search:ASIAI0B
Importing 'GUID: 1f4f20df9923ed04ea15d89f8456b8f0 - Path: Packages/com.unity.render-pipelines.core/Editor/ExpandedState.cs - Importer: ScriptedImporter/UnityEditor.QuickSearchModule:UnityEditor.Search:ASIAI0B' with importer (ScriptedImporter : UnityEditor.QuickSearchModule:UnityEditor.Search:ASIAI0B)
Imported 'GUID: 1f4f20df9923ed04ea15d89f8456b8f0' -> (Import Result ID: '7c3edaaafd76fc6a5a7dab58842d77f8') in 0.003 seconds [static and dynamic dependencies]. Details - ImportResultOutputID=10ac9232801ab4643fa7787ae7126b99 DependenciesID=1e5079a16674373550e8dfc43990aca3 StaticDependenciesID=1b25321a362aa370d97212c2a0c7598d 
Number of updated asset objects reloaded before import = 0
Number of asset objects unloaded after import = 0
========================================================================
Received Import Request.
  Time of request: 2026-09-19T15:08:31.964773Z
  Time since last request: 0.00042 seconds.
  importAddress: GUID: a85db80be6def144e938df4cbf0d1aa6 - Path: Packages/com.unity.render-pipelines.core/ShaderLibrary/CommonShadow.hlsl - Importer: ScriptedImporter/UnityEditor.QuickSearchModule:UnityEditor.Search:ASIAI0B
Importing 'GUID: a85db80be6def144e938df4cbf0d1aa6 - Path: Packages/com.unity.render-pipelines.core/ShaderLibrary/CommonShadow.hlsl - Importer: ScriptedImporter/UnityEditor.QuickSearchModule:UnityEditor.Search:ASIAI0B' with importer (ScriptedImporter : UnityEditor.QuickSearchModule:UnityEditor.Search:ASIAI0B)
Imported 'GUID: a85db80be6def144e938df4cbf0d1aa6' -> (Import Result ID: '0cbbc2e95c93e5980ebfdcdf43e3849a') in 0.003 seconds [static and dynamic dependencies]. Details - ImportResultOutputID=f0df494ea37353b07ddb5d6c64013996 DependenciesID=1bd0f870170cb3a4e6baf6e7bfe19b9a StaticDependenciesID=0bfa2e6ea429bc67b9f5e1688a9984ad 
Number of updated asset objects reloaded before import = 0
Number of asset objects unloaded after import = 1
========================================================================
Received Import Request.
  Time of request: 2026-09-19T15:08:31.9864751Z
  Time since last request: 0.0004112 seconds.
  importAddress: GUID: 90f3145f58b7eb44cb4252ac2a3ab258 - Path: Packages/com.unity.render-pipelines.core/ShaderLibrary/Debug.hlsl - Importer: ScriptedImporter/UnityEditor.QuickSearchModule:UnityEditor.Search:ASIAI0B
Importing 'GUID: 90f3145f58b7eb44cb4252ac2a3ab258 - Path: Packages/com.unity.render-pipelines.core/ShaderLibrary/Debug.hlsl - Importer: ScriptedImporter/UnityEditor.QuickSearchModule:UnityEditor.Search:ASIAI0B' with importer (ScriptedImporter : UnityEditor.QuickSearchModule:UnityEditor.Search:ASIAI0B)
Imported 'GUID: 90f3145f58b7eb44cb4252ac2a3ab258' -> (Import Result ID: '9c68a387f7d97cdc890fd6d839500811') in 0.003 seconds [static and dynamic dependencies]. Details - ImportResultOutputID=b4b17f3b1a0f2ed3f8e948a61ac5f2c8 DependenciesID=7544a5395e3fc8e8727b7b21a0faebce StaticDependenciesID=755f22f9ba22a1c5ad88b6ea37b56d91 
Number of updated asset objects reloaded before import = 0
Number of asset objects unloaded after import = 1
========================================================================
Received Import Request.
  Time of request: 2026-09-19T15:08:32.0059613Z
  Time since last request: 0.0009221 seconds.
  importAddress: GUID: 18baba7656dce1149bf3937e025993fa - Path: Packages/com.unity.render-pipelines.core/Editor-PrivateShared/AssemblyInfo.cs - Importer: ScriptedImporter/UnityEditor.QuickSearchModule:UnityEditor.Search:ASIAI0B
Importing 'GUID: 18baba7656dce1149bf3937e025993fa - Path: Packages/com.unity.render-pipelines.core/Editor-PrivateShared/AssemblyInfo.cs - Importer: ScriptedImporter/UnityEditor.QuickSearchModule:UnityEditor.Search:ASIAI0B' with importer (ScriptedImporter : UnityEditor.QuickSearchModule:UnityEditor.Search:ASIAI0B)
Imported 'GUID: 18baba7656dce1149bf3937e025993fa' -> (Import Result ID: '06fa13a4f809672e30fafee831a8af07') in 0.006 seconds [static and dynamic dependencies]. Details - ImportResultOutputID=6ecac47a25ca3b9d5a09b8f57055999c DependenciesID=6c0267fce3585e51b8c159463f4676d1 StaticDependenciesID=09dc32a5e3db308ae53839d87a5cca0e 
Number of updated asset objects reloaded before import = 0
Number of asset objects unloaded after import = 0
========================================================================
Received Import Request.
  Time of request: 2026-09-19T15:08:32.0281712Z
  Time since last request: 0.0007953 seconds.
  importAddress: GUID: ba62ac0daafb8324aa0a8eee2a7ad4b1 - Path: Packages/com.unity.render-pipelines.core/Editor/RemoveComponentUtils.cs - Importer: ScriptedImporter/UnityEditor.QuickSearchModule:UnityEditor.Search:ASIAI0B
Importing 'GUID: ba62ac0daafb8324aa0a8eee2a7ad4b1 - Path: Packages/com.unity.render-pipelines.core/Editor/RemoveComponentUtils.cs - Importer: ScriptedImporter/UnityEditor.QuickSearchModule:UnityEditor.Search:ASIAI0B' with importer (ScriptedImporter : UnityEditor.QuickSearchModule:UnityEditor.Search:ASIAI0B)
Imported 'GUID: ba62ac0daafb8324aa0a8eee2a7ad4b1' -> (Import Result ID: '9d564eb11bbf4cbb8e5bf9d009bb565d') in 0.003 seconds [static and dynamic dependencies]. Details - ImportResultOutputID=d323561d6e90e276403ccfd9872b6fab DependenciesID=f41ac94bf979e5d3e5e68b2c0eed651b StaticDependenciesID=4bcffb4c79b4b8fc7587c0848f888163 
Number of updated asset objects reloaded before import = 0
Number of asset objects unloaded after import = 0
========================================================================
Received Import Request.
  Time of request: 2026-09-19T15:08:32.052086Z
  Time since last request: 0.0004691 seconds.
  importAddress: GUID: 1a3082304c157aa4caeb17ce08992833 - Path: Packages/com.unity.render-pipelines.core/Runtime-PrivateShared/InternalRenderGraphValidation.cs - Importer: ScriptedImporter/UnityEditor.QuickSearchModule:UnityEditor.Search:ASIAI0B
Importing 'GUID: 1a3082304c157aa4caeb17ce08992833 - Path: Packages/com.unity.render-pipelines.core/Runtime-PrivateShared/InternalRenderGraphValidation.cs - Importer: ScriptedImporter/UnityEditor.QuickSearchModule:UnityEditor.Search:ASIAI0B' with importer (ScriptedImporter : UnityEditor.QuickSearchModule:UnityEditor.Search:ASIAI0B)
Imported 'GUID: 1a3082304c157aa4caeb17ce08992833' -> (Import Result ID: 'f0bf647a020dbda951aab3cd02838cad') in 0.002 seconds [static and dynamic dependencies]. Details - ImportResultOutputID=2f0c4275474e75294e2be94d332ce5d7 DependenciesID=9d67ad4b7eb6029bc3753d2899989ff4 StaticDependenciesID=3d995e22c6ee4a448129f6f62468c99c 
Number of updated asset objects reloaded before import = 0
Number of asset objects unloaded after import = 0
========================================================================
Received Import Request.
  Time of request: 2026-09-19T15:08:32.0705241Z
  Time since last request: 0.0004889 seconds.
  importAddress: GUID: 37dd9d7e334016b42b990e47ccd58688 - Path: Packages/com.unity.render-pipelines.core/Editor/HeaderFoldout.cs - Importer: ScriptedImporter/UnityEditor.QuickSearchModule:UnityEditor.Search:ASIAI0B
Importing 'GUID: 37dd9d7e334016b42b990e47ccd58688 - Path: Packages/com.unity.render-pipelines.core/Editor/HeaderFoldout.cs - Importer: ScriptedImporter/UnityEditor.QuickSearchModule:UnityEditor.Search:ASIAI0B' with importer (ScriptedImporter : UnityEditor.QuickSearchModule:UnityEditor.Search:ASIAI0B)
Imported 'GUID: 37dd9d7e334016b42b990e47ccd58688' -> (Import Result ID: '8c976a283960b1ff42537427b7e9a985') in 0.003 seconds [static and dynamic dependencies]. Details - ImportResultOutputID=f92c00b260f67172fda33e83ebe189f4 DependenciesID=8159bd7c0c838047935e1033a188cd1d StaticDependenciesID=e7a4e43ff27457bfee64d4ed42719d26 
Number of updated asset objects reloaded before import = 0
Number of asset objects unloaded after import = 0
========================================================================
Received Import Request.
  Time of request: 2026-09-19T15:08:32.0906801Z
  Time since last request: 0.0005696 seconds.
  importAddress: GUID: 5eb5e8e99ae281342bae5c7b296b3ae3 - Path: Packages/com.unity.render-pipelines.core/ShaderLibrary/BSDF.hlsl - Importer: ScriptedImporter/UnityEditor.QuickSearchModule:UnityEditor.Search:ASIAI0B
Importing 'GUID: 5eb5e8e99ae281342bae5c7b296b3ae3 - Path: Packages/com.unity.render-pipelines.core/ShaderLibrary/BSDF.hlsl - Importer: ScriptedImporter/UnityEditor.QuickSearchModule:UnityEditor.Search:ASIAI0B' with importer (ScriptedImporter : UnityEditor.QuickSearchModule:UnityEditor.Search:ASIAI0B)
Imported 'GUID: 5eb5e8e99ae281342bae5c7b296b3ae3' -> (Import Result ID: '21d1c65db67a819c38dbda46908ea105') in 0.003 seconds [static and dynamic dependencies]. Details - ImportResultOutputID=0bbacbd0e19997fc34ff98d7c2f51a7d DependenciesID=c3033a43bd31a8f8bdd3e1fed6e00d41 StaticDependenciesID=9fba807a0ad9f23d391887fd8b5375c1 
Number of updated asset objects reloaded before import = 0
Number of asset objects unloaded after import = 1
========================================================================
Received Import Request.
  Time of request: 2026-09-19T15:08:32.1108221Z
  Time since last request: 0.0005978 seconds.
  importAddress: GUID: ceca756b5672512428f0467bbec8bd68 - Path: Packages/com.unity.render-pipelines.core/Editor/RemoveAdditionalDataUtils.cs - Importer: ScriptedImporter/UnityEditor.QuickSearchModule:UnityEditor.Search:ASIAI0B
Importing 'GUID: ceca756b5672512428f0467bbec8bd68 - Path: Packages/com.unity.render-pipelines.core/Editor/RemoveAdditionalDataUtils.cs - Importer: ScriptedImporter/UnityEditor.QuickSearchModule:UnityEditor.Search:ASIAI0B' with importer (ScriptedImporter : UnityEditor.QuickSearchModule:UnityEditor.Search:ASIAI0B)
Imported 'GUID: ceca756b5672512428f0467bbec8bd68' -> (Import Result ID: '50d250655bff111b0143f88932bd56fc') in 0.004 seconds [static and dynamic dependencies]. Details - ImportResultOutputID=be8cd55f1889f40b392ca20fb6daced4 DependenciesID=2f631b06560502a08ee27fe00fad85fc StaticDependenciesID=4bcc48c1d20725e28e167ebe4299e94b 
Number of updated asset objects reloaded before import = 0
Number of asset objects unloaded after import = 0
========================================================================
Received Import Request.
  Time of request: 2026-09-19T15:08:32.1331465Z
  Time since last request: 0.0005827 seconds.
  importAddress: GUID: 27d419a4917d0ea49978c236e058d464 - Path: Packages/com.unity.render-pipelines.core/ShaderLibrary/BC6H.hlsl - Importer: ScriptedImporter/UnityEditor.QuickSearchModule:UnityEditor.Search:ASIAI0B
Importing 'GUID: 27d419a4917d0ea49978c236e058d464 - Path: Packages/com.unity.render-pipelines.core/ShaderLibrary/BC6H.hlsl - Importer: ScriptedImporter/UnityEditor.QuickSearchModule:UnityEditor.Search:ASIAI0B' with importer (ScriptedImporter : UnityEditor.QuickSearchModule:UnityEditor.Search:ASIAI0B)
Imported 'GUID: 27d419a4917d0ea49978c236e058d464' -> (Import Result ID: '59823755b81b92669912e0af48e2de90') in 0.004 seconds [static and dynamic dependencies]. Details - ImportResultOutputID=969f5baf0ebbd695b66c532aefff4091 DependenciesID=a7c2b838c103cc4996dadf6f5ea16182 StaticDependenciesID=aa1b8e120ee9abb4747a809fe27fb132 
Number of updated asset objects reloaded before import = 0
Number of asset objects unloaded after import = 1
========================================================================
Received Import Request.
  Time of request: 2026-09-19T15:08:32.1591319Z
  Time since last request: 0.0013051 seconds.
  importAddress: GUID: 0bf6c7395c05c624d92ebdff0dcc1a61 - Path: Packages/com.unity.render-pipelines.core/ShaderLibrary/Hashes.hlsl - Importer: ScriptedImporter/UnityEditor.QuickSearchModule:UnityEditor.Search:ASIAI0B
Importing 'GUID: 0bf6c7395c05c624d92ebdff0dcc1a61 - Path: Packages/com.unity.render-pipelines.core/ShaderLibrary/Hashes.hlsl - Importer: ScriptedImporter/UnityEditor.QuickSearchModule:UnityEditor.Search:ASIAI0B' with importer (ScriptedImporter : UnityEditor.QuickSearchModule:UnityEditor.Search:ASIAI0B)
Imported 'GUID: 0bf6c7395c05c624d92ebdff0dcc1a61' -> (Import Result ID: '1b368ef91e5fdc762b4e9cc2a436c90c') in 0.003 seconds [static and dynamic dependencies]. Details - ImportResultOutputID=408c8982a24b9815e5fe94447b7ad60e DependenciesID=83129b7ba30604f1e335a9c29a3896f2 StaticDependenciesID=842a21286b900aa6f63d304c76caf7ce 
Number of updated asset objects reloaded before import = 0
Number of asset objects unloaded after import = 1
========================================================================
Received Import Request.
  Time of request: 2026-09-19T15:08:32.1821713Z
  Time since last request: 0.0005481 seconds.
  importAddress: GUID: 2d88aa45be83f6b4abd463321da9123e - Path: Packages/com.unity.render-pipelines.core/Editor/StringExtensions.cs - Importer: ScriptedImporter/UnityEditor.QuickSearchModule:UnityEditor.Search:ASIAI0B
Importing 'GUID: 2d88aa45be83f6b4abd463321da9123e - Path: Packages/com.unity.render-pipelines.core/Editor/StringExtensions.cs - Importer: ScriptedImporter/UnityEditor.QuickSearchModule:UnityEditor.Search:ASIAI0B' with importer (ScriptedImporter : UnityEditor.QuickSearchModule:UnityEditor.Search:ASIAI0B)
Imported 'GUID: 2d88aa45be83f6b4abd463321da9123e' -> (Import Result ID: '40ad77f0a28dac9602195f5a358779c8') in 0.003 seconds [static and dynamic dependencies]. Details - ImportResultOutputID=8535a12e3fe759b076baea490905a8ea DependenciesID=694795363f154ed58d3c52f708ccceaf StaticDependenciesID=7dbe2f737c2e92345385407e18228581 
Number of updated asset objects reloaded before import = 0
Number of asset objects unloaded after import = 0
========================================================================
Received Import Request.
  Time of request: 2026-09-19T15:08:32.2018384Z
  Time since last request: 0.0005708 seconds.
  importAddress: GUID: a57f9f83ea626ae45b402953fe637268 - Path: Packages/com.unity.render-pipelines.core/ShaderLibrary/Common.hlsl - Importer: ScriptedImporter/UnityEditor.QuickSearchModule:UnityEditor.Search:ASIAI0B
Importing 'GUID: a57f9f83ea626ae45b402953fe637268 - Path: Packages/com.unity.render-pipelines.core/ShaderLibrary/Common.hlsl - Importer: ScriptedImporter/UnityEditor.QuickSearchModule:UnityEditor.Search:ASIAI0B' with importer (ScriptedImporter : UnityEditor.QuickSearchModule:UnityEditor.Search:ASIAI0B)
Imported 'GUID: a57f9f83ea626ae45b402953fe637268' -> (Import Result ID: 'c4f190deb709990c640ce4c0987c5c8a') in 0.004 seconds [static and dynamic dependencies]. Details - ImportResultOutputID=c6c331d5d9ac39de1d42e7adf57d3645 DependenciesID=bb90a1f2429c5b66b047d2ca9c4d400b StaticDependenciesID=9fcf4bbf92ff77652e49848b30d48b0a 
Number of updated asset objects reloaded before import = 0
Number of asset objects unloaded after import = 1
========================================================================
Received Import Request.
  Time of request: 2026-09-19T15:08:32.2257631Z
  Time since last request: 0.0009267 seconds.
  importAddress: GUID: e1dbde6eddba87f4ea272a5d3af5b7ac - Path: Packages/com.unity.render-pipelines.core/Editor/FilterWindow.cs - Importer: ScriptedImporter/UnityEditor.QuickSearchModule:UnityEditor.Search:ASIAI0B
Importing 'GUID: e1dbde6eddba87f4ea272a5d3af5b7ac - Path: Packages/com.unity.render-pipelines.core/Editor/FilterWindow.cs - Importer: ScriptedImporter/UnityEditor.QuickSearchModule:UnityEditor.Search:ASIAI0B' with importer (ScriptedImporter : UnityEditor.QuickSearchModule:UnityEditor.Search:ASIAI0B)
Imported 'GUID: e1dbde6eddba87f4ea272a5d3af5b7ac' -> (Import Result ID: '8f57db3f33a9d2698716fd907f62479f') in 0.004 seconds [static and dynamic dependencies]. Details - ImportResultOutputID=0b583d6ff9bdb46760159cb9a845336a DependenciesID=22906fe8a24104bb26fa6e691d06a3e1 StaticDependenciesID=dfdd366a6dda1f7ee36894b209e85a24 
Number of updated asset objects reloaded before import = 0
Number of asset objects unloaded after import = 0
========================================================================
Received Import Request.
  Time of request: 2026-09-19T15:08:32.2490133Z
  Time since last request: 0.0008347 seconds.
  importAddress: GUID: 3eae0364be2026648bf74846acb8a731 - Path: Packages/com.unity.render-pipelines.core/Editor/Unity.RenderPipelines.Core.Editor.asmdef - Importer: ScriptedImporter/UnityEditor.QuickSearchModule:UnityEditor.Search:ASIAI0B
Importing 'GUID: 3eae0364be2026648bf74846acb8a731 - Path: Packages/com.unity.render-pipelines.core/Editor/Unity.RenderPipelines.Core.Editor.asmdef - Importer: ScriptedImporter/UnityEditor.QuickSearchModule:UnityEditor.Search:ASIAI0B' with importer (ScriptedImporter : UnityEditor.QuickSearchModule:UnityEditor.Search:ASIAI0B)
Imported 'GUID: 3eae0364be2026648bf74846acb8a731' -> (Import Result ID: '995d091a2d8233f2b70e30fb679dd320') in 0.004 seconds [static and dynamic dependencies]. Details - ImportResultOutputID=f7af240a472d1aa56ecb0d4a191737d4 DependenciesID=ecd538f985c6f2e20c7b1d493ac8a229 StaticDependenciesID=f9923c6613539adb0015a4922d98ea3f 
Number of updated asset objects reloaded before import = 0
Number of asset objects unloaded after import = 1
========================================================================
Received Import Request.
  Time of request: 2026-09-19T15:08:32.2991252Z
  Time since last request: 0.0273851 seconds.
  importAddress: GUID: 6f22d4e29906d3c47892e0c92874b752 - Path: Packages/com.unity.render-pipelines.core/ShaderLibrary/VirtualTexturing.hlsl - Importer: ScriptedImporter/UnityEditor.QuickSearchModule:UnityEditor.Search:ASIAI0B
Importing 'GUID: 6f22d4e29906d3c47892e0c92874b752 - Path: Packages/com.unity.render-pipelines.core/ShaderLibrary/VirtualTexturing.hlsl - Importer: ScriptedImporter/UnityEditor.QuickSearchModule:UnityEditor.Search:ASIAI0B' with importer (ScriptedImporter : UnityEditor.QuickSearchModule:UnityEditor.Search:ASIAI0B)
Imported 'GUID: 6f22d4e29906d3c47892e0c92874b752' -> (Import Result ID: '8556fa45fdf81380ba207a32a8fe98bc') in 0.003 seconds [static and dynamic dependencies]. Details - ImportResultOutputID=fd7cec3af7ebdf3c9e47f12a103b96f5 DependenciesID=4392c584ee6b7d137ec9a662822e4860 StaticDependenciesID=b46d975341547c92a806971619b93b40 
Number of updated asset objects reloaded before import = 0
Number of asset objects unloaded after import = 1
========================================================================
Received Import Request.
  Time of request: 2026-09-19T15:08:32.3173243Z
  Time since last request: 0.0006227 seconds.
  importAddress: GUID: a0d2633fc585aec4a8a89a6014bd7640 - Path: Packages/com.unity.render-pipelines.core/Editor/Camera/CameraUI.Drawers.cs - Importer: ScriptedImporter/UnityEditor.QuickSearchModule:UnityEditor.Search:ASIAI0B
Importing 'GUID: a0d2633fc585aec4a8a89a6014bd7640 - Path: Packages/com.unity.render-pipelines.core/Editor/Camera/CameraUI.Drawers.cs - Importer: ScriptedImporter/UnityEditor.QuickSearchModule:UnityEditor.Search:ASIAI0B' with importer (ScriptedImporter : UnityEditor.QuickSearchModule:UnityEditor.Search:ASIAI0B)
Imported 'GUID: a0d2633fc585aec4a8a89a6014bd7640' -> (Import Result ID: '7d1ce3fd05945803a09a3c1b7bb444b0') in 0.005 seconds [static and dynamic dependencies]. Details - ImportResultOutputID=852f53c3158ae42336e5bab10677685c DependenciesID=64b86657bc349297c17a6153a95133e0 StaticDependenciesID=7e5a3934e3727c77d9fbd366337b7c8a 
Number of updated asset objects reloaded before import = 0
Number of asset objects unloaded after import = 0
========================================================================
Received Import Request.
  Time of request: 2026-09-19T15:08:32.3432793Z
  Time since last request: 0.0007486 seconds.
  importAddress: GUID: 46a67ded66a63de48b9329c593fc08de - Path: Packages/com.unity.render-pipelines.core/ShaderLibrary/Unity.RenderPipelines.Core.ShaderLibrary.asmdef - Importer: ScriptedImporter/UnityEditor.QuickSearchModule:UnityEditor.Search:ASIAI0B
Importing 'GUID: 46a67ded66a63de48b9329c593fc08de - Path: Packages/com.unity.render-pipelines.core/ShaderLibrary/Unity.RenderPipelines.Core.ShaderLibrary.asmdef - Importer: ScriptedImporter/UnityEditor.QuickSearchModule:UnityEditor.Search:ASIAI0B' with importer (ScriptedImporter : UnityEditor.QuickSearchModule:UnityEditor.Search:ASIAI0B)
Imported 'GUID: 46a67ded66a63de48b9329c593fc08de' -> (Import Result ID: '700553884e9209481eb90c78e931a48a') in 0.003 seconds [static and dynamic dependencies]. Details - ImportResultOutputID=582d97747de7d21b6d80ead991d26922 DependenciesID=225a1cb6e2524bd0b7874c2317f53d74 StaticDependenciesID=37fc9155049b0c1bdf8f3d5830ae042c 
Number of updated asset objects reloaded before import = 0
Number of asset objects unloaded after import = 1
========================================================================
Received Import Request.
  Time of request: 2026-09-19T15:08:32.3656885Z
  Time since last request: 0.0007386 seconds.
  importAddress: GUID: 96eb0e7285e8ec64b9b711f1e6b78dea - Path: Packages/com.unity.render-pipelines.core/ShaderLibrary/Version.hlsl - Importer: ScriptedImporter/UnityEditor.QuickSearchModule:UnityEditor.Search:ASIAI0B
Importing 'GUID: 96eb0e7285e8ec64b9b711f1e6b78dea - Path: Packages/com.unity.render-pipelines.core/ShaderLibrary/Version.hlsl - Importer: ScriptedImporter/UnityEditor.QuickSearchModule:UnityEditor.Search:ASIAI0B' with importer (ScriptedImporter : UnityEditor.QuickSearchModule:UnityEditor.Search:ASIAI0B)
Imported 'GUID: 96eb0e7285e8ec64b9b711f1e6b78dea' -> (Import Result ID: '18270fb9f5e33df63fc1d9bb3281b75b') in 0.004 seconds [static and dynamic dependencies]. Details - ImportResultOutputID=470e955939af488bcc8d13a96fba8287 DependenciesID=1862e8a7289cc2c07d8cf52b58962fae StaticDependenciesID=8aca512a4fb8e707093607bb4aece6ee 
Number of updated asset objects reloaded before import = 0
Number of asset objects unloaded after import = 1
========================================================================
Received Import Request.
  Time of request: 2026-09-19T15:08:32.3846124Z
  Time since last request: 0.0006355 seconds.
  importAddress: GUID: 76b6dbce57ad3e647a01b5ad36f737a5 - Path: Packages/com.unity.render-pipelines.core/ShaderLibrary/VolumeRendering.hlsl - Importer: ScriptedImporter/UnityEditor.QuickSearchModule:UnityEditor.Search:ASIAI0B
Importing 'GUID: 76b6dbce57ad3e647a01b5ad36f737a5 - Path: Packages/com.unity.render-pipelines.core/ShaderLibrary/VolumeRendering.hlsl - Importer: ScriptedImporter/UnityEditor.QuickSearchModule:UnityEditor.Search:ASIAI0B' with importer (ScriptedImporter : UnityEditor.QuickSearchModule:UnityEditor.Search:ASIAI0B)
Imported 'GUID: 76b6dbce57ad3e647a01b5ad36f737a5' -> (Import Result ID: '29ee40585caa5107af34e77f56ad0f22') in 0.003 seconds [static and dynamic dependencies]. Details - ImportResultOutputID=36482629239d38e4be84cbd4c2162cc1 DependenciesID=34a3328126eca5bb951ac69cac5ff081 StaticDependenciesID=3abd2dcb95e667f68bd2eee589f62c25 
Number of updated asset objects reloaded before import = 0
Number of asset objects unloaded after import = 1
========================================================================
Received Import Request.
  Time of request: 2026-09-19T15:08:32.407204Z
  Time since last request: 0.0006886 seconds.
  importAddress: GUID: 716365d8000d25e4c8621aa2d34a92fa - Path: Packages/com.unity.render-pipelines.core/Editor/InternalBridge/Unity.InternalAPIEngineBridge.RenderPipelines.Core.Editor.asmdef - Importer: ScriptedImporter/UnityEditor.QuickSearchModule:UnityEditor.Search:ASIAI0B
Importing 'GUID: 716365d8000d25e4c8621aa2d34a92fa - Path: Packages/com.unity.render-pipelines.core/Editor/InternalBridge/Unity.InternalAPIEngineBridge.RenderPipelines.Core.Editor.asmdef - Importer: ScriptedImporter/UnityEditor.QuickSearchModule:UnityEditor.Search:ASIAI0B' with importer (ScriptedImporter : UnityEditor.QuickSearchModule:UnityEditor.Search:ASIAI0B)
Imported 'GUID: 716365d8000d25e4c8621aa2d34a92fa' -> (Import Result ID: '06bb4b1c7ed32fd08f9ad584363e72bf') in 0.004 seconds [static and dynamic dependencies]. Details - ImportResultOutputID=29d638b4afb9afde6b9ade466520b918 DependenciesID=826384b6807eb758e6acf355040e369f StaticDependenciesID=14993d2062985c2f63654122e287ba4e 
Number of updated asset objects reloaded before import = 0
Number of asset objects unloaded after import = 1
========================================================================
Received Import Request.
  Time of request: 2026-09-19T15:08:32.4276232Z
  Time since last request: 0.0006709 seconds.
  importAddress: GUID: 5ff83f8997b534409b1595a0ea6750db - Path: Packages/com.unity.render-pipelines.core/Editor/Controls/ToggleDropdown.uss - Importer: ScriptedImporter/UnityEditor.QuickSearchModule:UnityEditor.Search:ASIAI0B
Importing 'GUID: 5ff83f8997b534409b1595a0ea6750db - Path: Packages/com.unity.render-pipelines.core/Editor/Controls/ToggleDropdown.uss - Importer: ScriptedImporter/UnityEditor.QuickSearchModule:UnityEditor.Search:ASIAI0B' with importer (ScriptedImporter : UnityEditor.QuickSearchModule:UnityEditor.Search:ASIAI0B)
Imported 'GUID: 5ff83f8997b534409b1595a0ea6750db' -> (Import Result ID: '8f7b48676bb1fab1ffa28be119d831e0') in 0.031 seconds [static and dynamic dependencies]. Details - ImportResultOutputID=7b07d8fdb6b8f15e8629b14d195089f2 DependenciesID=47f9f747d61ace8f30f8d876b31857f2 StaticDependenciesID=e3c5e515056febe4d6b10f82c5198a7b 
Number of updated asset objects reloaded before import = 0
Number of asset objects unloaded after import = 1
========================================================================
Received Import Request.
  Time of request: 2026-09-19T15:08:32.4738628Z
  Time since last request: 0.000571 seconds.
  importAddress: GUID: 07d22e3065efb5a489e5e2644df19bc7 - Path: Packages/com.unity.render-pipelines.core/ShaderLibrary/SpaceTransforms.hlsl - Importer: ScriptedImporter/UnityEditor.QuickSearchModule:UnityEditor.Search:ASIAI0B
Importing 'GUID: 07d22e3065efb5a489e5e2644df19bc7 - Path: Packages/com.unity.render-pipelines.core/ShaderLibrary/SpaceTransforms.hlsl - Importer: ScriptedImporter/UnityEditor.QuickSearchModule:UnityEditor.Search:ASIAI0B' with importer (ScriptedImporter : UnityEditor.QuickSearchModule:UnityEditor.Search:ASIAI0B)
Imported 'GUID: 07d22e3065efb5a489e5e2644df19bc7' -> (Import Result ID: '3f7eaa3da08f1c16f0fdae099e686d0b') in 0.004 seconds [static and dynamic dependencies]. Details - ImportResultOutputID=3fe1a9694e1c4c4c2b884d7838aedd8c DependenciesID=a1599483fd7c67283ce27fde579a4e40 StaticDependenciesID=6d7a4b217fd6cfa910858d68c0538004 
Number of updated asset objects reloaded before import = 0
Number of asset objects unloaded after import = 1
========================================================================
Received Import Request.
  Time of request: 2026-09-19T15:08:32.4920762Z
  Time since last request: 0.0006806 seconds.
  importAddress: GUID: 517e6b6a28d958f4d957127836465b2e - Path: Packages/com.unity.render-pipelines.core/ShaderLibrary/ThreadingSM6Impl.hlsl - Importer: ScriptedImporter/UnityEditor.QuickSearchModule:UnityEditor.Search:ASIAI0B
Importing 'GUID: 517e6b6a28d958f4d957127836465b2e - Path: Packages/com.unity.render-pipelines.core/ShaderLibrary/ThreadingSM6Impl.hlsl - Importer: ScriptedImporter/UnityEditor.QuickSearchModule:UnityEditor.Search:ASIAI0B' with importer (ScriptedImporter : UnityEditor.QuickSearchModule:UnityEditor.Search:ASIAI0B)
Imported 'GUID: 517e6b6a28d958f4d957127836465b2e' -> (Import Result ID: 'a96c1e7be7997d0d286e67c72c99b7a1') in 0.003 seconds [static and dynamic dependencies]. Details - ImportResultOutputID=f36247d1f5af56f85a8890a95df2febf DependenciesID=20309fceaf25de140b4ad551cb8ea3ad StaticDependenciesID=68bfa659553ac9ee666561c090340d13 
Number of updated asset objects reloaded before import = 0
Number of asset objects unloaded after import = 1
========================================================================
Received Import Request.
  Time of request: 2026-09-19T15:08:32.5094384Z
  Time since last request: 0.0004283 seconds.
  importAddress: GUID: 13d32c9cdf2984447b4802095ce716ae - Path: Packages/com.unity.render-pipelines.core/Editor/Gizmo/GizmoUtility.cs - Importer: ScriptedImporter/UnityEditor.QuickSearchModule:UnityEditor.Search:ASIAI0B
Importing 'GUID: 13d32c9cdf2984447b4802095ce716ae - Path: Packages/com.unity.render-pipelines.core/Editor/Gizmo/GizmoUtility.cs - Importer: ScriptedImporter/UnityEditor.QuickSearchModule:UnityEditor.Search:ASIAI0B' with importer (ScriptedImporter : UnityEditor.QuickSearchModule:UnityEditor.Search:ASIAI0B)
Imported 'GUID: 13d32c9cdf2984447b4802095ce716ae' -> (Import Result ID: '4a39fb3c1e35851df2c95b87c512f62a') in 0.004 seconds [static and dynamic dependencies]. Details - ImportResultOutputID=d216443f2078e69b5c445d7af56aeec5 DependenciesID=89d99b0692d12cfb616386014257a41b StaticDependenciesID=be66116662129f1bae96b60e8c1eb8e3 
Number of updated asset objects reloaded before import = 0
Number of asset objects unloaded after import = 0
========================================================================
Received Import Request.
  Time of request: 2026-09-19T15:08:32.5317954Z
  Time since last request: 0.0006506 seconds.
  importAddress: GUID: 1ea56bc9911bbad4191075872a46cc89 - Path: Packages/com.unity.render-pipelines.core/ShaderLibrary/Tessellation.hlsl - Importer: ScriptedImporter/UnityEditor.QuickSearchModule:UnityEditor.Search:ASIAI0B
Importing 'GUID: 1ea56bc9911bbad4191075872a46cc89 - Path: Packages/com.unity.render-pipelines.core/ShaderLibrary/Tessellation.hlsl - Importer: ScriptedImporter/UnityEditor.QuickSearchModule:UnityEditor.Search:ASIAI0B' with importer (ScriptedImporter : UnityEditor.QuickSearchModule:UnityEditor.Search:ASIAI0B)
Imported 'GUID: 1ea56bc9911bbad4191075872a46cc89' -> (Import Result ID: 'c7568d68818729f897ebaec0785abe18') in 0.003 seconds [static and dynamic dependencies]. Details - ImportResultOutputID=6c8f791261d0c092825be72f31f4405a DependenciesID=aedca06f6b6098df330b8f3dd2a09324 StaticDependenciesID=e244fdd5fc62a603179f0aca65458033 
Number of updated asset objects reloaded before import = 0
Number of asset objects unloaded after import = 1
========================================================================
Received Import Request.
  Time of request: 2026-09-19T15:08:32.5538309Z
  Time since last request: 0.0007189 seconds.
  importAddress: GUID: 96acda4e859ca224986250b52266e0c9 - Path: Packages/com.unity.render-pipelines.core/Editor/Camera/CameraUI.Rendering.Skin.cs - Importer: ScriptedImporter/UnityEditor.QuickSearchModule:UnityEditor.Search:ASIAI0B
Importing 'GUID: 96acda4e859ca224986250b52266e0c9 - Path: Packages/com.unity.render-pipelines.core/Editor/Camera/CameraUI.Rendering.Skin.cs - Importer: ScriptedImporter/UnityEditor.QuickSearchModule:UnityEditor.Search:ASIAI0B' with importer (ScriptedImporter : UnityEditor.QuickSearchModule:UnityEditor.Search:ASIAI0B)
Imported 'GUID: 96acda4e859ca224986250b52266e0c9' -> (Import Result ID: '7be5e398eac618888150e719c4c92999') in 0.003 seconds [static and dynamic dependencies]. Details - ImportResultOutputID=c0e37149c87cd6198915db6dc8f54e0c DependenciesID=f2f1fa634cbf0cbd8b73f1f9d5629655 StaticDependenciesID=c91113a1812cb3d9495f05d8e0c42d9a 
Number of updated asset objects reloaded before import = 0
Number of asset objects unloaded after import = 0
========================================================================
Received Import Request.
  Time of request: 2026-09-19T15:08:32.5747632Z
  Time since last request: 0.0005231 seconds.
  importAddress: GUID: b19e52fd23b5c7549b05da06be1b1614 - Path: Packages/com.unity.render-pipelines.core/ShaderLibrary/VertexCubeSlicing.hlsl - Importer: ScriptedImporter/UnityEditor.QuickSearchModule:UnityEditor.Search:ASIAI0B
Importing 'GUID: b19e52fd23b5c7549b05da06be1b1614 - Path: Packages/com.unity.render-pipelines.core/ShaderLibrary/VertexCubeSlicing.hlsl - Importer: ScriptedImporter/UnityEditor.QuickSearchModule:UnityEditor.Search:ASIAI0B' with importer (ScriptedImporter : UnityEditor.QuickSearchModule:UnityEditor.Search:ASIAI0B)
Imported 'GUID: b19e52fd23b5c7549b05da06be1b1614' -> (Import Result ID: 'a6ec4e1ceb987f8fa2aacdfcdec42d0b') in 0.004 seconds [static and dynamic dependencies]. Details - ImportResultOutputID=8b4e82f44e5256bccf04d7b79295646f DependenciesID=127656e43c1f3660f7352fa0633d9911 StaticDependenciesID=8d212a9d09fc02e091f5ae5807471d21 
Number of updated asset objects reloaded before import = 0
Number of asset objects unloaded after import = 1
========================================================================
Received Import Request.
  Time of request: 2026-09-19T15:08:32.597663Z
  Time since last request: 0.000597 seconds.
  importAddress: GUID: c77d1122a4e2ed448966b1535f9f1130 - Path: Packages/com.unity.render-pipelines.core/Editor/Camera/CameraUI.Output.Drawers.cs - Importer: ScriptedImporter/UnityEditor.QuickSearchModule:UnityEditor.Search:ASIAI0B
Importing 'GUID: c77d1122a4e2ed448966b1535f9f1130 - Path: Packages/com.unity.render-pipelines.core/Editor/Camera/CameraUI.Output.Drawers.cs - Importer: ScriptedImporter/UnityEditor.QuickSearchModule:UnityEditor.Search:ASIAI0B' with importer (ScriptedImporter : UnityEditor.QuickSearchModule:UnityEditor.Search:ASIAI0B)
Imported 'GUID: c77d1122a4e2ed448966b1535f9f1130' -> (Import Result ID: 'b8a69b5fdaf5c28a44b22e215587230f') in 0.003 seconds [static and dynamic dependencies]. Details - ImportResultOutputID=86e1208449ee0276116a3921cfd31361 DependenciesID=e41c501d6f5f73a1b5ecac51da2617a4 StaticDependenciesID=1b8e9018c8f6bdf0afe20e874b24c90c 
Number of updated asset objects reloaded before import = 0
Number of asset objects unloaded after import = 0
========================================================================
Received Import Request.
  Time of request: 2026-09-19T15:08:32.6174009Z
  Time since last request: 0.000531 seconds.
  importAddress: GUID: 55ef358f023224145a079dd70d4692b5 - Path: Packages/com.unity.render-pipelines.core/Editor/Camera/ISerializedCamera.cs - Importer: ScriptedImporter/UnityEditor.QuickSearchModule:UnityEditor.Search:ASIAI0B
Importing 'GUID: 55ef358f023224145a079dd70d4692b5 - Path: Packages/com.unity.render-pipelines.core/Editor/Camera/ISerializedCamera.cs - Importer: ScriptedImporter/UnityEditor.QuickSearchModule:UnityEditor.Search:ASIAI0B' with importer (ScriptedImporter : UnityEditor.QuickSearchModule:UnityEditor.Search:ASIAI0B)
Imported 'GUID: 55ef358f023224145a079dd70d4692b5' -> (Import Result ID: 'da0b1a2034484bc6a268f1b64c374661') in 0.003 seconds [static and dynamic dependencies]. Details - ImportResultOutputID=91652772f3e5e3bc851957a429d02186 DependenciesID=2aeb60fcc1dea053213d4dffa13e06fa StaticDependenciesID=0860cdfabd8446baa9dbd2702ad42b61 
Number of updated asset objects reloaded before import = 0
Number of asset objects unloaded after import = 0
========================================================================
Received Import Request.
  Time of request: 2026-09-19T15:08:32.6395747Z
  Time since last request: 0.0006065 seconds.
  importAddress: GUID: 6c5809f25072f7143b26a140814e037a - Path: Packages/com.unity.render-pipelines.core/Editor/InternalBridge/AdvancedDropdownBridge.cs - Importer: ScriptedImporter/UnityEditor.QuickSearchModule:UnityEditor.Search:ASIAI0B
Importing 'GUID: 6c5809f25072f7143b26a140814e037a - Path: Packages/com.unity.render-pipelines.core/Editor/InternalBridge/AdvancedDropdownBridge.cs - Importer: ScriptedImporter/UnityEditor.QuickSearchModule:UnityEditor.Search:ASIAI0B' with importer (ScriptedImporter : UnityEditor.QuickSearchModule:UnityEditor.Search:ASIAI0B)
Imported 'GUID: 6c5809f25072f7143b26a140814e037a' -> (Import Result ID: 'f2511bc815d6c6515f9c9be9dc5e03a7') in 0.003 seconds [static and dynamic dependencies]. Details - ImportResultOutputID=9251d076b31a8e560e64d1510b532323 DependenciesID=1219613d59c05e269735c49f4ab5738f StaticDependenciesID=0f847cc853d4f712011929ddd1260ef7 
Number of updated asset objects reloaded before import = 0
Number of asset objects unloaded after import = 0
========================================================================
Received Import Request.
  Time of request: 2026-09-19T15:08:32.6553631Z
  Time since last request: 0.0006145 seconds.
  importAddress: GUID: e26c221569d1d284a9d21434b3a4b277 - Path: Packages/com.unity.render-pipelines.core/Editor/Camera/CameraUI.Skin.cs - Importer: ScriptedImporter/UnityEditor.QuickSearchModule:UnityEditor.Search:ASIAI0B
Importing 'GUID: e26c221569d1d284a9d21434b3a4b277 - Path: Packages/com.unity.render-pipelines.core/Editor/Camera/CameraUI.Skin.cs - Importer: ScriptedImporter/UnityEditor.QuickSearchModule:UnityEditor.Search:ASIAI0B' with importer (ScriptedImporter : UnityEditor.QuickSearchModule:UnityEditor.Search:ASIAI0B)
Imported 'GUID: e26c221569d1d284a9d21434b3a4b277' -> (Import Result ID: '1a946d437e4bdb3cee77d5d6d1c10cf0') in 0.003 seconds [static and dynamic dependencies]. Details - ImportResultOutputID=710685ca22da32ce9a76231f0d525cef DependenciesID=8021f6541b3f0fbb6f21d2f622840dc1 StaticDependenciesID=17b2f307be734866941b9a5d57039da0 
Number of updated asset objects reloaded before import = 0
Number of asset objects unloaded after import = 0
========================================================================
Received Import Request.
  Time of request: 2026-09-19T15:08:32.6752634Z
  Time since last request: 0.0008709 seconds.
  importAddress: GUID: 2df96b66b5510f94b98df2ac6f926ef4 - Path: Packages/com.unity.render-pipelines.core/Editor/Gizmo/UnlitGizmo.shader - Importer: ScriptedImporter/UnityEditor.QuickSearchModule:UnityEditor.Search:ASIAI0B
Importing 'GUID: 2df96b66b5510f94b98df2ac6f926ef4 - Path: Packages/com.unity.render-pipelines.core/Editor/Gizmo/UnlitGizmo.shader - Importer: ScriptedImporter/UnityEditor.QuickSearchModule:UnityEditor.Search:ASIAI0B' with importer (ScriptedImporter : UnityEditor.QuickSearchModule:UnityEditor.Search:ASIAI0B)
Imported 'GUID: 2df96b66b5510f94b98df2ac6f926ef4' -> (Import Result ID: 'e17c3f71129f39a895a3ba5eec6a512c') in 0.015 seconds [static and dynamic dependencies]. Details - ImportResultOutputID=b8417a52d90464c848c407d235139139 DependenciesID=98abe8f0d27e1bd8bc4a85bbfa52b829 StaticDependenciesID=4009658d0875d327c94fe358f8b4ccef 
Number of updated asset objects reloaded before import = 0
Number of asset objects unloaded after import = 1
========================================================================
Received Import Request.
  Time of request: 2026-09-19T15:08:32.7091094Z
  Time since last request: 0.0007303 seconds.
  importAddress: GUID: 6487e82b005541789deacb92eaa88bed - Path: Packages/com.unity.render-pipelines.core/ShaderLibrary/ShaderDebugPrint.hlsl - Importer: ScriptedImporter/UnityEditor.QuickSearchModule:UnityEditor.Search:ASIAI0B
Importing 'GUID: 6487e82b005541789deacb92eaa88bed - Path: Packages/com.unity.render-pipelines.core/ShaderLibrary/ShaderDebugPrint.hlsl - Importer: ScriptedImporter/UnityEditor.QuickSearchModule:UnityEditor.Search:ASIAI0B' with importer (ScriptedImporter : UnityEditor.QuickSearchModule:UnityEditor.Search:ASIAI0B)
Imported 'GUID: 6487e82b005541789deacb92eaa88bed' -> (Import Result ID: 'df7b65bd40379872c6a1b16036705d50') in 0.003 seconds [static and dynamic dependencies]. Details - ImportResultOutputID=14b2b91010ec7edd2a2a63772fa42206 DependenciesID=c96baaee30daa9aaa662916d7fea2f60 StaticDependenciesID=2f8e0fd6d2444c61dcffe81c8bdcf467 
Number of updated asset objects reloaded before import = 0
Number of asset objects unloaded after import = 1
========================================================================
Received Import Request.
  Time of request: 2026-09-19T15:08:32.7267324Z
  Time since last request: 0.0005185 seconds.
  importAddress: GUID: 7e2d77127041cd24faf2847015043c6f - Path: Packages/com.unity.render-pipelines.core/Editor/CustomRenderTexture/CustomRenderTextureMenuItem.cs - Importer: ScriptedImporter/UnityEditor.QuickSearchModule:UnityEditor.Search:ASIAI0B
Importing 'GUID: 7e2d77127041cd24faf2847015043c6f - Path: Packages/com.unity.render-pipelines.core/Editor/CustomRenderTexture/CustomRenderTextureMenuItem.cs - Importer: ScriptedImporter/UnityEditor.QuickSearchModule:UnityEditor.Search:ASIAI0B' with importer (ScriptedImporter : UnityEditor.QuickSearchModule:UnityEditor.Search:ASIAI0B)
Imported 'GUID: 7e2d77127041cd24faf2847015043c6f' -> (Import Result ID: '0bb184dc5029323f830d43c7e0b217ff') in 0.003 seconds [static and dynamic dependencies]. Details - ImportResultOutputID=b2e3349688c572b19409b3a284f4d3fe DependenciesID=ccc902bdbe41542facd76434b1891aa7 StaticDependenciesID=d6aed2697aed60a9b31dff269e4190c1 
Number of updated asset objects reloaded before import = 0
Number of asset objects unloaded after import = 0
========================================================================
Received Import Request.
  Time of request: 2026-09-19T15:08:32.7486287Z
  Time since last request: 0.0006558 seconds.
  importAddress: GUID: d4b89c964238d1d47a1f41b93628fc84 - Path: Packages/com.unity.render-pipelines.core/Editor/GPUDriven/GPUInstanceDataBufferViewer.cs - Importer: ScriptedImporter/UnityEditor.QuickSearchModule:UnityEditor.Search:ASIAI0B
Importing 'GUID: d4b89c964238d1d47a1f41b93628fc84 - Path: Packages/com.unity.render-pipelines.core/Editor/GPUDriven/GPUInstanceDataBufferViewer.cs - Importer: ScriptedImporter/UnityEditor.QuickSearchModule:UnityEditor.Search:ASIAI0B' with importer (ScriptedImporter : UnityEditor.QuickSearchModule:UnityEditor.Search:ASIAI0B)
Imported 'GUID: d4b89c964238d1d47a1f41b93628fc84' -> (Import Result ID: '103ee466c399a38105e5dca7d8637ecc') in 0.002 seconds [static and dynamic dependencies]. Details - ImportResultOutputID=a3f4ef81b3c8ab7897f507a2df9732c3 DependenciesID=221b39bc9a3d15d4ff74f2a73d0f1832 StaticDependenciesID=99e197a4c7d12c5891013f0e7a3faa15 
Number of updated asset objects reloaded before import = 0
Number of asset objects unloaded after import = 0
========================================================================
Received Import Request.
  Time of request: 2026-09-19T15:08:32.7693429Z
  Time since last request: 0.0005002 seconds.
  importAddress: GUID: b29e0569eca4bc54da7a07d64b33e1b2 - Path: Packages/com.unity.render-pipelines.core/Editor/Analytics/VolumePriorityUsageAnalytic.cs - Importer: ScriptedImporter/UnityEditor.QuickSearchModule:UnityEditor.Search:ASIAI0B
Importing 'GUID: b29e0569eca4bc54da7a07d64b33e1b2 - Path: Packages/com.unity.render-pipelines.core/Editor/Analytics/VolumePriorityUsageAnalytic.cs - Importer: ScriptedImporter/UnityEditor.QuickSearchModule:UnityEditor.Search:ASIAI0B' with importer (ScriptedImporter : UnityEditor.QuickSearchModule:UnityEditor.Search:ASIAI0B)
Imported 'GUID: b29e0569eca4bc54da7a07d64b33e1b2' -> (Import Result ID: '7135b4d3c319a387b03f82a7935b3a00') in 0.003 seconds [static and dynamic dependencies]. Details - ImportResultOutputID=5f0a171f01bc2c8320a291a15183fa5c DependenciesID=92bd67aa76cca5a4f1bcc5d58a0c676b StaticDependenciesID=c30553e27ecb0f0b51c3fd70ef749210 
Number of updated asset objects reloaded before import = 0
Number of asset objects unloaded after import = 0
========================================================================
Received Import Request.
  Time of request: 2026-09-19T15:08:32.8160567Z
  Time since last request: 0.0276089 seconds.
  importAddress: GUID: 9e1c97fc44f9a8744b61b58f72c56de4 - Path: Packages/com.unity.render-pipelines.core/Editor/Resources/DebugProbe.fbx - Importer: ScriptedImporter/UnityEditor.QuickSearchModule:UnityEditor.Search:ASIAI0B
Importing 'GUID: 9e1c97fc44f9a8744b61b58f72c56de4 - Path: Packages/com.unity.render-pipelines.core/Editor/Resources/DebugProbe.fbx - Importer: ScriptedImporter/UnityEditor.QuickSearchModule:UnityEditor.Search:ASIAI0B' with importer (ScriptedImporter : UnityEditor.QuickSearchModule:UnityEditor.Search:ASIAI0B)
Imported 'GUID: 9e1c97fc44f9a8744b61b58f72c56de4' -> (Import Result ID: '90dec325021613a0ae16d030067e34cc') in 0.078 seconds [static and dynamic dependencies]. Details - ImportResultOutputID=27e8d9c032ad048aa1d860768ccbbe7b DependenciesID=480740f2a7528b5c7c6af2a32457728f StaticDependenciesID=a863e6814c8dfcfbdb4cf84076767f14 
Number of updated asset objects reloaded before import = 0
Number of asset objects unloaded after import = 7
========================================================================
Received Import Request.
  Time of request: 2026-09-19T15:08:32.9106945Z
  Time since last request: 0.00059 seconds.
  importAddress: GUID: ea71340347cd4764d9e89cc6758729eb - Path: Packages/com.unity.render-pipelines.core/Editor/ShaderStripping/IVariantStripper.cs - Importer: ScriptedImporter/UnityEditor.QuickSearchModule:UnityEditor.Search:ASIAI0B
Importing 'GUID: ea71340347cd4764d9e89cc6758729eb - Path: Packages/com.unity.render-pipelines.core/Editor/ShaderStripping/IVariantStripper.cs - Importer: ScriptedImporter/UnityEditor.QuickSearchModule:UnityEditor.Search:ASIAI0B' with importer (ScriptedImporter : UnityEditor.QuickSearchModule:UnityEditor.Search:ASIAI0B)
Imported 'GUID: ea71340347cd4764d9e89cc6758729eb' -> (Import Result ID: '727fb6236ff642507b56c3395627ee47') in 0.009 seconds [static and dynamic dependencies]. Details - ImportResultOutputID=90f43b3483d8793940bd93f137c833d7 DependenciesID=6c7b267c50ee20c9f58f2eab007da293 StaticDependenciesID=6488603239edfe845fc29f843ccd5be3 
Number of updated asset objects reloaded before import = 0
Number of asset objects unloaded after import = 0
========================================================================
Received Import Request.
  Time of request: 2026-09-19T15:08:32.9358226Z
  Time since last request: 0.0005393 seconds.
  importAddress: GUID: a8ac7c57cfc5071499b0c58d63d71d2b - Path: Packages/com.unity.render-pipelines.core/Editor/Material/MaterialHeaderScopeItem.cs - Importer: ScriptedImporter/UnityEditor.QuickSearchModule:UnityEditor.Search:ASIAI0B
Importing 'GUID: a8ac7c57cfc5071499b0c58d63d71d2b - Path: Packages/com.unity.render-pipelines.core/Editor/Material/MaterialHeaderScopeItem.cs - Importer: ScriptedImporter/UnityEditor.QuickSearchModule:UnityEditor.Search:ASIAI0B' with importer (ScriptedImporter : UnityEditor.QuickSearchModule:UnityEditor.Search:ASIAI0B)
Imported 'GUID: a8ac7c57cfc5071499b0c58d63d71d2b' -> (Import Result ID: '64b2f0c747b0e1a55cf02dce0779459e') in 0.003 seconds [static and dynamic dependencies]. Details - ImportResultOutputID=b8066d19076f148c652014bddfe92e33 DependenciesID=95ff75e139551c10e41100bbbba91102 StaticDependenciesID=048c7dd45eeab81bde5b0d02eaca5744 
Number of updated asset objects reloaded before import = 0
Number of asset objects unloaded after import = 0
========================================================================
Received Import Request.
  Time of request: 2026-09-19T15:08:32.9583518Z
  Time since last request: 0.0006648 seconds.
  importAddress: GUID: 90a396453bc7183469e9497f37393dcb - Path: Packages/com.unity.render-pipelines.core/Editor/PostProcessing/LensFlareDataSRPEditor.cs - Importer: ScriptedImporter/UnityEditor.QuickSearchModule:UnityEditor.Search:ASIAI0B
Importing 'GUID: 90a396453bc7183469e9497f37393dcb - Path: Packages/com.unity.render-pipelines.core/Editor/PostProcessing/LensFlareDataSRPEditor.cs - Importer: ScriptedImporter/UnityEditor.QuickSearchModule:UnityEditor.Search:ASIAI0B' with importer (ScriptedImporter : UnityEditor.QuickSearchModule:UnityEditor.Search:ASIAI0B)
Imported 'GUID: 90a396453bc7183469e9497f37393dcb' -> (Import Result ID: 'e2c0606f85712c8430ca35c054df95e8') in 0.002 seconds [static and dynamic dependencies]. Details - ImportResultOutputID=2334623de7dd72fd1d404a2860add8eb DependenciesID=bb763e268518993a8ca7e1289ab22a0c StaticDependenciesID=be275b32ead8634803a98dcdcdcef0bb 
Number of updated asset objects reloaded before import = 0
Number of asset objects unloaded after import = 0
========================================================================
Received Import Request.
  Time of request: 2026-09-19T15:08:32.9806072Z
  Time since last request: 0.0006024 seconds.
  importAddress: GUID: acb96f1a980ed8a42a75ee14ffb92af1 - Path: Packages/com.unity.render-pipelines.core/Editor/Lighting/IESEngine.cs - Importer: ScriptedImporter/UnityEditor.QuickSearchModule:UnityEditor.Search:ASIAI0B
Importing 'GUID: acb96f1a980ed8a42a75ee14ffb92af1 - Path: Packages/com.unity.render-pipelines.core/Editor/Lighting/IESEngine.cs - Importer: ScriptedImporter/UnityEditor.QuickSearchModule:UnityEditor.Search:ASIAI0B' with importer (ScriptedImporter : UnityEditor.QuickSearchModule:UnityEditor.Search:ASIAI0B)
Imported 'GUID: acb96f1a980ed8a42a75ee14ffb92af1' -> (Import Result ID: 'ab85fdf6b40822e83b5f5f35c493a65f') in 0.002 seconds [static and dynamic dependencies]. Details - ImportResultOutputID=2322bffc325634b951dc2d48d5a56185 DependenciesID=7e84138c36596050f251756c8a8ac77e StaticDependenciesID=7b16e26006829fab10c08e6e1fbecfb6 
Number of updated asset objects reloaded before import = 0
Number of asset objects unloaded after import = 0
========================================================================
Received Import Request.
  Time of request: 2026-09-19T15:08:33.0020689Z
  Time since last request: 0.0007372 seconds.
  importAddress: GUID: 28e75f38a2dd403448c94e1663867a24 - Path: Packages/com.unity.render-pipelines.core/Editor/Lighting/IESReader.cs - Importer: ScriptedImporter/UnityEditor.QuickSearchModule:UnityEditor.Search:ASIAI0B
Importing 'GUID: 28e75f38a2dd403448c94e1663867a24 - Path: Packages/com.unity.render-pipelines.core/Editor/Lighting/IESReader.cs - Importer: ScriptedImporter/UnityEditor.QuickSearchModule:UnityEditor.Search:ASIAI0B' with importer (ScriptedImporter : UnityEditor.QuickSearchModule:UnityEditor.Search:ASIAI0B)
Imported 'GUID: 28e75f38a2dd403448c94e1663867a24' -> (Import Result ID: '78e55beff822f015e70c90fd8e7ae014') in 0.003 seconds [static and dynamic dependencies]. Details - ImportResultOutputID=c85a256ce8725824b031cc6bedae0cd8 DependenciesID=1041665e6ff233920a893767f825f8ca StaticDependenciesID=aa8f4487423cb9fa32c36692a4bd146b 
Number of updated asset objects reloaded before import = 0
Number of asset objects unloaded after import = 0
========================================================================
Received Import Request.
  Time of request: 2026-09-19T15:08:33.0254016Z
  Time since last request: 0.0006694 seconds.
  importAddress: GUID: 5500b139b5ad27349abf7ca9ddbd6556 - Path: Packages/com.unity.render-pipelines.core/Editor/Lighting/LightAnchorEditorTool.cs - Importer: ScriptedImporter/UnityEditor.QuickSearchModule:UnityEditor.Search:ASIAI0B
Importing 'GUID: 5500b139b5ad27349abf7ca9ddbd6556 - Path: Packages/com.unity.render-pipelines.core/Editor/Lighting/LightAnchorEditorTool.cs - Importer: ScriptedImporter/UnityEditor.QuickSearchModule:UnityEditor.Search:ASIAI0B' with importer (ScriptedImporter : UnityEditor.QuickSearchModule:UnityEditor.Search:ASIAI0B)
Imported 'GUID: 5500b139b5ad27349abf7ca9ddbd6556' -> (Import Result ID: 'b07560f41de212fc233fa866053ba085') in 0.003 seconds [static and dynamic dependencies]. Details - ImportResultOutputID=c8e0fb1188acd287c48b2455757b8876 DependenciesID=9f47c467deb56588763efc0e83d2832c StaticDependenciesID=7cf7f25fc11928753df27d0fa4f532a8 
Number of updated asset objects reloaded before import = 0
Number of asset objects unloaded after import = 0
========================================================================
Received Import Request.
  Time of request: 2026-09-19T15:08:33.0474602Z
  Time since last request: 0.0006458 seconds.
  importAddress: GUID: ec8f726a6fe63cb4594f1d548226f13d - Path: Packages/com.unity.render-pipelines.core/Editor/Lighting/LightIntensitySlider.cs - Importer: ScriptedImporter/UnityEditor.QuickSearchModule:UnityEditor.Search:ASIAI0B
Importing 'GUID: ec8f726a6fe63cb4594f1d548226f13d - Path: Packages/com.unity.render-pipelines.core/Editor/Lighting/LightIntensitySlider.cs - Importer: ScriptedImporter/UnityEditor.QuickSearchModule:UnityEditor.Search:ASIAI0B' with importer (ScriptedImporter : UnityEditor.QuickSearchModule:UnityEditor.Search:ASIAI0B)
Imported 'GUID: ec8f726a6fe63cb4594f1d548226f13d' -> (Import Result ID: 'd0bf05053563ee2bbf38c0afb5da3617') in 0.006 seconds [static and dynamic dependencies]. Details - ImportResultOutputID=d25f62e4edec51a88a8696f5ce8537d1 DependenciesID=5fd3c54f0ec96a77ca1b73f14a8de45d StaticDependenciesID=6cd31c5de3893ae83f36a8551c00d280 
Number of updated asset objects reloaded before import = 0
Number of asset objects unloaded after import = 0
========================================================================
Received Import Request.
  Time of request: 2026-09-19T15:08:33.0773049Z
  Time since last request: 0.0022107 seconds.
  importAddress: GUID: 7040da56d9fb04348885577a35fc0706 - Path: Packages/com.unity.render-pipelines.core/Editor/ShaderGenerator/ShaderTypeGeneration.cs - Importer: ScriptedImporter/UnityEditor.QuickSearchModule:UnityEditor.Search:ASIAI0B
Importing 'GUID: 7040da56d9fb04348885577a35fc0706 - Path: Packages/com.unity.render-pipelines.core/Editor/ShaderGenerator/ShaderTypeGeneration.cs - Importer: ScriptedImporter/UnityEditor.QuickSearchModule:UnityEditor.Search:ASIAI0B' with importer (ScriptedImporter : UnityEditor.QuickSearchModule:UnityEditor.Search:ASIAI0B)
Imported 'GUID: 7040da56d9fb04348885577a35fc0706' -> (Import Result ID: 'c09aae1691786c0cc78f93d959ea13da') in 0.003 seconds [static and dynamic dependencies]. Details - ImportResultOutputID=6cabc598dea991c3f19b25b4a18c02e9 DependenciesID=d60628d15138459731d4bd3b9a98a187 StaticDependenciesID=a7ab05a1b263652003695f9fb3a2532d 
Number of updated asset objects reloaded before import = 0
Number of asset objects unloaded after import = 0
========================================================================
Received Import Request.
  Time of request: 2026-09-19T15:08:33.1005607Z
  Time since last request: 0.0005779 seconds.
  importAddress: GUID: 6502c00b916333a498fff8077f97ce9e - Path: Packages/com.unity.render-pipelines.core/Editor/RenderGraph/RenderGraphUtilsResourceStripper.cs - Importer: ScriptedImporter/UnityEditor.QuickSearchModule:UnityEditor.Search:ASIAI0B
Importing 'GUID: 6502c00b916333a498fff8077f97ce9e - Path: Packages/com.unity.render-pipelines.core/Editor/RenderGraph/RenderGraphUtilsResourceStripper.cs - Importer: ScriptedImporter/UnityEditor.QuickSearchModule:UnityEditor.Search:ASIAI0B' with importer (ScriptedImporter : UnityEditor.QuickSearchModule:UnityEditor.Search:ASIAI0B)
Imported 'GUID: 6502c00b916333a498fff8077f97ce9e' -> (Import Result ID: 'fcbed7e7397ead0a3105b13c2ad4d993') in 0.003 seconds [static and dynamic dependencies]. Details - ImportResultOutputID=8d84e152756dddfff6a547c98251ad0c DependenciesID=0a60ffe3d015d9f2f08f553612d66c3b StaticDependenciesID=05818efbe1d105f409b5960949c0fe8f 
Number of updated asset objects reloaded before import = 0
Number of asset objects unloaded after import = 0
========================================================================
Received Import Request.
  Time of request: 2026-09-19T15:08:33.1228533Z
  Time since last request: 0.0006421 seconds.
  importAddress: GUID: fb2ac3eaf11b1554b85a18fe6278648f - Path: Packages/com.unity.render-pipelines.core/Editor/PathTracing/SphericalHarmonicsToLatLong.cs - Importer: ScriptedImporter/UnityEditor.QuickSearchModule:UnityEditor.Search:ASIAI0B
Importing 'GUID: fb2ac3eaf11b1554b85a18fe6278648f - Path: Packages/com.unity.render-pipelines.core/Editor/PathTracing/SphericalHarmonicsToLatLong.cs - Importer: ScriptedImporter/UnityEditor.QuickSearchModule:UnityEditor.Search:ASIAI0B' with importer (ScriptedImporter : UnityEditor.QuickSearchModule:UnityEditor.Search:ASIAI0B)
Imported 'GUID: fb2ac3eaf11b1554b85a18fe6278648f' -> (Import Result ID: '10fadcc3f25d0e036af83f3654aa4721') in 0.004 seconds [static and dynamic dependencies]. Details - ImportResultOutputID=b7f5a3b68477fa535a7cec74400d8618 DependenciesID=046fc3dd23749738bb01dc57c6d8f735 StaticDependenciesID=5d6e5a3efeb47e582e0417fcec57ab73 
Number of updated asset objects reloaded before import = 0
Number of asset objects unloaded after import = 0
========================================================================
Received Import Request.
  Time of request: 2026-09-19T15:08:33.1466509Z
  Time since last request: 0.0007739 seconds.
  importAddress: GUID: ac1148ae1e306490ca1665eba13b76b3 - Path: Packages/com.unity.render-pipelines.core/Editor/PathTracing/BakeInputToWorldConversion.cs - Importer: ScriptedImporter/UnityEditor.QuickSearchModule:UnityEditor.Search:ASIAI0B
Importing 'GUID: ac1148ae1e306490ca1665eba13b76b3 - Path: Packages/com.unity.render-pipelines.core/Editor/PathTracing/BakeInputToWorldConversion.cs - Importer: ScriptedImporter/UnityEditor.QuickSearchModule:UnityEditor.Search:ASIAI0B' with importer (ScriptedImporter : UnityEditor.QuickSearchModule:UnityEditor.Search:ASIAI0B)
Imported 'GUID: ac1148ae1e306490ca1665eba13b76b3' -> (Import Result ID: '5090d9e120ac0f3d5c525a78565306f6') in 0.003 seconds [static and dynamic dependencies]. Details - ImportResultOutputID=ea8eda792b08bb0b54cb529d20a07164 DependenciesID=57bc3d9d7b253b627dc89f354d117f72 StaticDependenciesID=3451783deab684679e189f0151255057 
Number of updated asset objects reloaded before import = 0
Number of asset objects unloaded after import = 0
========================================================================
Received Import Request.
  Time of request: 2026-09-19T15:08:33.1674967Z
  Time since last request: 0.0005869 seconds.
  importAddress: GUID: 007ecb3820c25954d90dcb206cd59ed5 - Path: Packages/com.unity.render-pipelines.core/Editor/Material/MaterialEditorExtension.cs - Importer: ScriptedImporter/UnityEditor.QuickSearchModule:UnityEditor.Search:ASIAI0B
Importing 'GUID: 007ecb3820c25954d90dcb206cd59ed5 - Path: Packages/com.unity.render-pipelines.core/Editor/Material/MaterialEditorExtension.cs - Importer: ScriptedImporter/UnityEditor.QuickSearchModule:UnityEditor.Search:ASIAI0B' with importer (ScriptedImporter : UnityEditor.QuickSearchModule:UnityEditor.Search:ASIAI0B)
Imported 'GUID: 007ecb3820c25954d90dcb206cd59ed5' -> (Import Result ID: 'b5f232d6ef62f2c0e6d3e037d7dde2a4') in 0.003 seconds [static and dynamic dependencies]. Details - ImportResultOutputID=916a89c77e5cea42b84c1bf43449f696 DependenciesID=de3947e4ec3ef4df0f7c62c246e5bf7f StaticDependenciesID=ed0d736c8cc52933c32b5071b7797a60 
Number of updated asset objects reloaded before import = 0
Number of asset objects unloaded after import = 0
========================================================================
Received Import Request.
  Time of request: 2026-09-19T15:08:33.1849838Z
  Time since last request: 0.0006189 seconds.
  importAddress: GUID: 84ea5d606d0d22a488a9047cff058078 - Path: Packages/com.unity.render-pipelines.core/Editor/RenderGraph/RenderGraphViewer.cs - Importer: ScriptedImporter/UnityEditor.QuickSearchModule:UnityEditor.Search:ASIAI0B
Importing 'GUID: 84ea5d606d0d22a488a9047cff058078 - Path: Packages/com.unity.render-pipelines.core/Editor/RenderGraph/RenderGraphViewer.cs - Importer: ScriptedImporter/UnityEditor.QuickSearchModule:UnityEditor.Search:ASIAI0B' with importer (ScriptedImporter : UnityEditor.QuickSearchModule:UnityEditor.Search:ASIAI0B)
Imported 'GUID: 84ea5d606d0d22a488a9047cff058078' -> (Import Result ID: '8015d00493534dfeeae5cffc4dbe920f') in 0.003 seconds [static and dynamic dependencies]. Details - ImportResultOutputID=e0142d1fa96cb9ba95b1a5761af3c85f DependenciesID=e9367798d5165cdaf768bd7a77eceb0f StaticDependenciesID=8d2ee252d6e5892b5abe9d12d486021f 
Number of updated asset objects reloaded before import = 0
Number of asset objects unloaded after import = 0
========================================================================
Received Import Request.
  Time of request: 2026-09-19T15:08:33.2043824Z
  Time since last request: 0.0005563 seconds.
  importAddress: GUID: 33cff06c4d284d0fa08d4d9d5ca06686 - Path: Packages/com.unity.render-pipelines.core/Editor/Settings/RenderPipelineGlobalSettingsEndNameEditAction.cs - Importer: ScriptedImporter/UnityEditor.QuickSearchModule:UnityEditor.Search:ASIAI0B
Importing 'GUID: 33cff06c4d284d0fa08d4d9d5ca06686 - Path: Packages/com.unity.render-pipelines.core/Editor/Settings/RenderPipelineGlobalSettingsEndNameEditAction.cs - Importer: ScriptedImporter/UnityEditor.QuickSearchModule:UnityEditor.Search:ASIAI0B' with importer (ScriptedImporter : UnityEditor.QuickSearchModule:UnityEditor.Search:ASIAI0B)
Imported 'GUID: 33cff06c4d284d0fa08d4d9d5ca06686' -> (Import Result ID: 'b4a6d53b539a365fb998ee20d6061772') in 0.003 seconds [static and dynamic dependencies]. Details - ImportResultOutputID=1602ec3ea36f5b6fe390424a5feab52b DependenciesID=762b91c5a7ce5400d76411fa6fc0e038 StaticDependenciesID=6433a4297f3ee728248e45c287289ede 
Number of updated asset objects reloaded before import = 0
Number of asset objects unloaded after import = 0
========================================================================
Received Import Request.
  Time of request: 2026-09-19T15:08:33.2238609Z
  Time since last request: 0.0005831 seconds.
  importAddress: GUID: 75fb0572c16138347964c56f32c1ac45 - Path: Packages/com.unity.render-pipelines.core/Editor/ShaderStripping/ShaderExtensions.cs - Importer: ScriptedImporter/UnityEditor.QuickSearchModule:UnityEditor.Search:ASIAI0B
Importing 'GUID: 75fb0572c16138347964c56f32c1ac45 - Path: Packages/com.unity.render-pipelines.core/Editor/ShaderStripping/ShaderExtensions.cs - Importer: ScriptedImporter/UnityEditor.QuickSearchModule:UnityEditor.Search:ASIAI0B' with importer (ScriptedImporter : UnityEditor.QuickSearchModule:UnityEditor.Search:ASIAI0B)
Imported 'GUID: 75fb0572c16138347964c56f32c1ac45' -> (Import Result ID: '697c1dcd0ac4942f512cd2b5badcb9a7') in 0.006 seconds [static and dynamic dependencies]. Details - ImportResultOutputID=81f35f4a09ddc3f736d22dda36e53c50 DependenciesID=1954b0336676b528f8df47230bdbc023 StaticDependenciesID=48271eb0d602a2d02312fb293250952a 
Number of updated asset objects reloaded before import = 0
Number of asset objects unloaded after import = 0
========================================================================
Received Import Request.
  Time of request: 2026-09-19T15:08:33.2441271Z
  Time since last request: 0.0006851 seconds.
  importAddress: GUID: c870ee1bdda2f46839aa9823ce9d94ca - Path: Packages/com.unity.render-pipelines.core/Editor/ScriptTemplates/ScriptTemplates.cs - Importer: ScriptedImporter/UnityEditor.QuickSearchModule:UnityEditor.Search:ASIAI0B
Importing 'GUID: c870ee1bdda2f46839aa9823ce9d94ca - Path: Packages/com.unity.render-pipelines.core/Editor/ScriptTemplates/ScriptTemplates.cs - Importer: ScriptedImporter/UnityEditor.QuickSearchModule:UnityEditor.Search:ASIAI0B' with importer (ScriptedImporter : UnityEditor.QuickSearchModule:UnityEditor.Search:ASIAI0B)
Imported 'GUID: c870ee1bdda2f46839aa9823ce9d94ca' -> (Import Result ID: '5d30237a6083d7d7c18f7a95598de15c') in 0.003 seconds [static and dynamic dependencies]. Details - ImportResultOutputID=80ccbc44fac74ccdc76957efca5fa2c5 DependenciesID=bdd92321cc89bcfbaee9263d4874c13f StaticDependenciesID=5b5b76853af7cd906d515f4a002c9540 
Number of updated asset objects reloaded before import = 0
Number of asset objects unloaded after import = 0
========================================================================
Received Import Request.
  Time of request: 2026-09-19T15:08:33.264374Z
  Time since last request: 0.0006297 seconds.
  importAddress: GUID: 4ead049ece6638f43b01c36907c333d1 - Path: Packages/com.unity.render-pipelines.core/Editor/ShaderGenerator/CSharpToHLSL.cs - Importer: ScriptedImporter/UnityEditor.QuickSearchModule:UnityEditor.Search:ASIAI0B
Importing 'GUID: 4ead049ece6638f43b01c36907c333d1 - Path: Packages/com.unity.render-pipelines.core/Editor/ShaderGenerator/CSharpToHLSL.cs - Importer: ScriptedImporter/UnityEditor.QuickSearchModule:UnityEditor.Search:ASIAI0B' with importer (ScriptedImporter : UnityEditor.QuickSearchModule:UnityEditor.Search:ASIAI0B)
Imported 'GUID: 4ead049ece6638f43b01c36907c333d1' -> (Import Result ID: 'afb2b1d7bfc10aaaf53d1c1c026c5b73') in 0.004 seconds [static and dynamic dependencies]. Details - ImportResultOutputID=d71d0554f87c842a75a68bdda2d497f2 DependenciesID=6b5bceebf954ea0d75706fae69f1d4e6 StaticDependenciesID=32d450c28101b30f207301080baab0d4 
Number of updated asset objects reloaded before import = 0
Number of asset objects unloaded after import = 0
========================================================================
Received Import Request.
  Time of request: 2026-09-19T15:08:33.288472Z
  Time since last request: 0.0018931 seconds.
  importAddress: GUID: 126a6e6aac144a1b9816f1c8e27b961b - Path: Packages/com.unity.render-pipelines.core/Editor/RenderGraph/RenderGraphViewer.PassTitleLabel.cs - Importer: ScriptedImporter/UnityEditor.QuickSearchModule:UnityEditor.Search:ASIAI0B
Importing 'GUID: 126a6e6aac144a1b9816f1c8e27b961b - Path: Packages/com.unity.render-pipelines.core/Editor/RenderGraph/RenderGraphViewer.PassTitleLabel.cs - Importer: ScriptedImporter/UnityEditor.QuickSearchModule:UnityEditor.Search:ASIAI0B' with importer (ScriptedImporter : UnityEditor.QuickSearchModule:UnityEditor.Search:ASIAI0B)
Imported 'GUID: 126a6e6aac144a1b9816f1c8e27b961b' -> (Import Result ID: '9b75300821a4968656c04dd44fb6c2a4') in 0.003 seconds [static and dynamic dependencies]. Details - ImportResultOutputID=6656055a599adfa5955c8e9814dd5eb6 DependenciesID=2ac6a82ef4723d9054c61ad1671044cb StaticDependenciesID=07ca5db2285788050fdc71798cf6e04c 
Number of updated asset objects reloaded before import = 0
Number of asset objects unloaded after import = 0
========================================================================
Received Import Request.
  Time of request: 2026-09-19T15:08:34.6868787Z
  Time since last request: 1.3674336 seconds.
  importAddress: GUID: cd410e8cdc0119a46a753f48e79c8d07 - Path: Packages/com.unity.render-pipelines.core/Editor/StyleSheets/VolumeEditor.uss - Importer: ScriptedImporter/UnityEditor.QuickSearchModule:UnityEditor.Search:ASIAI0B
Importing 'GUID: cd410e8cdc0119a46a753f48e79c8d07 - Path: Packages/com.unity.render-pipelines.core/Editor/StyleSheets/VolumeEditor.uss - Importer: ScriptedImporter/UnityEditor.QuickSearchModule:UnityEditor.Search:ASIAI0B' with importer (ScriptedImporter : UnityEditor.QuickSearchModule:UnityEditor.Search:ASIAI0B)
Imported 'GUID: cd410e8cdc0119a46a753f48e79c8d07' -> (Import Result ID: 'c5b5ecace2a111e42798c1662811fb9d') in 0.005 seconds [static and dynamic dependencies]. Details - ImportResultOutputID=eac32d4baea1e82ff02a7ce70128c2cc DependenciesID=92b2e1bff62eb4248ccc613ed8aa8a1c StaticDependenciesID=2bd0f41841ddf873ce447c518e56bf9d 
Number of updated asset objects reloaded before import = 0
Number of asset objects unloaded after import = 1
========================================================================
Received Import Request.
  Time of request: 2026-09-19T15:08:34.7157323Z
  Time since last request: 0.000484 seconds.
  importAddress: GUID: ff0586f694b524faead0c7e66b5cc05b - Path: Packages/com.unity.render-pipelines.core/Runtime/CommandBuffers/IUnsafeCommandBuffer.cs - Importer: ScriptedImporter/UnityEditor.QuickSearchModule:UnityEditor.Search:ASIAI0B
Importing 'GUID: ff0586f694b524faead0c7e66b5cc05b - Path: Packages/com.unity.render-pipelines.core/Runtime/CommandBuffers/IUnsafeCommandBuffer.cs - Importer: ScriptedImporter/UnityEditor.QuickSearchModule:UnityEditor.Search:ASIAI0B' with importer (ScriptedImporter : UnityEditor.QuickSearchModule:UnityEditor.Search:ASIAI0B)
Imported 'GUID: ff0586f694b524faead0c7e66b5cc05b' -> (Import Result ID: '5be9b3c29c94aa10813cd56dd16fa550') in 0.004 seconds [static and dynamic dependencies]. Details - ImportResultOutputID=b44bb38b0886c58f98f2ecf82ea5de12 DependenciesID=1a65687ac920af8a266dd76558112646 StaticDependenciesID=d2cfa3a7fb1932365bf2b2f2733ef47c 
Number of updated asset objects reloaded before import = 0
Number of asset objects unloaded after import = 0
========================================================================
Received Import Request.
  Time of request: 2026-09-19T15:08:34.7344084Z
  Time since last request: 0.0005829 seconds.
  importAddress: GUID: 83081aa5e4e6c6e419ae82cce8044ec8 - Path: Packages/com.unity.render-pipelines.core/Runtime/CommandBuffers/IComputeCommandBuffer.cs - Importer: ScriptedImporter/UnityEditor.QuickSearchModule:UnityEditor.Search:ASIAI0B
Importing 'GUID: 83081aa5e4e6c6e419ae82cce8044ec8 - Path: Packages/com.unity.render-pipelines.core/Runtime/CommandBuffers/IComputeCommandBuffer.cs - Importer: ScriptedImporter/UnityEditor.QuickSearchModule:UnityEditor.Search:ASIAI0B' with importer (ScriptedImporter : UnityEditor.QuickSearchModule:UnityEditor.Search:ASIAI0B)
Imported 'GUID: 83081aa5e4e6c6e419ae82cce8044ec8' -> (Import Result ID: '258930e246041d3f406f75912d44cf3e') in 0.004 seconds [static and dynamic dependencies]. Details - ImportResultOutputID=f2e19b10e9e4b3996b86aaf3d2c355da DependenciesID=d6a108b57de07e0f27c114bb8f24d78a StaticDependenciesID=ab1eceeaafb7bdd5ae6777bc5dad4d18 
Number of updated asset objects reloaded before import = 0
Number of asset objects unloaded after import = 0
========================================================================
Received Import Request.
  Time of request: 2026-09-19T15:08:34.7573036Z
  Time since last request: 0.000583 seconds.
  importAddress: GUID: d8d5beb40e5c9f94f95d805868251329 - Path: Packages/com.unity.render-pipelines.core/Editor/UXML/RenderPipelineGlobalSettings.uxml - Importer: ScriptedImporter/UnityEditor.QuickSearchModule:UnityEditor.Search:ASIAI0B
Importing 'GUID: d8d5beb40e5c9f94f95d805868251329 - Path: Packages/com.unity.render-pipelines.core/Editor/UXML/RenderPipelineGlobalSettings.uxml - Importer: ScriptedImporter/UnityEditor.QuickSearchModule:UnityEditor.Search:ASIAI0B' with importer (ScriptedImporter : UnityEditor.QuickSearchModule:UnityEditor.Search:ASIAI0B)
Imported 'GUID: d8d5beb40e5c9f94f95d805868251329' -> (Import Result ID: 'a9b76277bdbb827c0ebaf088ac8277ec') in 0.020 seconds [static and dynamic dependencies]. Details - ImportResultOutputID=6cbbcb94e09ac3523d6ed9ca3e361167 DependenciesID=dbb21d89197a666c2e3d6eeb17798496 StaticDependenciesID=0eb51cbda02996e524a6f86dc9d2b011 
Number of updated asset objects reloaded before import = 0
Number of asset objects unloaded after import = 4
========================================================================
Received Import Request.
  Time of request: 2026-09-19T15:08:34.7984128Z
  Time since last request: 0.0006134 seconds.
  importAddress: GUID: be7a7d4a589240ca90e5fa75520baf83 - Path: Packages/com.unity.render-pipelines.core/Editor/Utilities/LocalizationHelper.cs - Importer: ScriptedImporter/UnityEditor.QuickSearchModule:UnityEditor.Search:ASIAI0B
Importing 'GUID: be7a7d4a589240ca90e5fa75520baf83 - Path: Packages/com.unity.render-pipelines.core/Editor/Utilities/LocalizationHelper.cs - Importer: ScriptedImporter/UnityEditor.QuickSearchModule:UnityEditor.Search:ASIAI0B' with importer (ScriptedImporter : UnityEditor.QuickSearchModule:UnityEditor.Search:ASIAI0B)
Imported 'GUID: be7a7d4a589240ca90e5fa75520baf83' -> (Import Result ID: '313f9c1519d3bbde629ffc77b1344387') in 0.003 seconds [static and dynamic dependencies]. Details - ImportResultOutputID=19f640f36e8965abbfd59eadda5fe7b2 DependenciesID=0937257efd8ab05de7e0d7a443c884f8 StaticDependenciesID=4ac114e7e341a61c31c533ead792545a 
Number of updated asset objects reloaded before import = 0
Number of asset objects unloaded after import = 0
========================================================================
Received Import Request.
  Time of request: 2026-09-19T15:08:34.8233312Z
  Time since last request: 0.0005671 seconds.
  importAddress: GUID: 2475d4ff1fb90a64c828b1e6f47e671e - Path: Packages/com.unity.render-pipelines.core/Editor/Utilities/EditorMaterialQuality.cs - Importer: ScriptedImporter/UnityEditor.QuickSearchModule:UnityEditor.Search:ASIAI0B
Importing 'GUID: 2475d4ff1fb90a64c828b1e6f47e671e - Path: Packages/com.unity.render-pipelines.core/Editor/Utilities/EditorMaterialQuality.cs - Importer: ScriptedImporter/UnityEditor.QuickSearchModule:UnityEditor.Search:ASIAI0B' with importer (ScriptedImporter : UnityEditor.QuickSearchModule:UnityEditor.Search:ASIAI0B)
Imported 'GUID: 2475d4ff1fb90a64c828b1e6f47e671e' -> (Import Result ID: '85ab09baa808188c8df4a32b836798f4') in 0.002 seconds [static and dynamic dependencies]. Details - ImportResultOutputID=7932622b59c126cc82d087be01a8fabb DependenciesID=3ed88bab5b23807baa17945427b140ad StaticDependenciesID=9a2ca5df207eae3c85b96e25ebe6ed81 
Number of updated asset objects reloaded before import = 0
Number of asset objects unloaded after import = 0
========================================================================
Received Import Request.
  Time of request: 2026-09-19T15:08:34.8459535Z
  Time since last request: 0.0007007 seconds.
  importAddress: GUID: 8bf46326c944b984c9084f09aef9b2e2 - Path: Packages/com.unity.render-pipelines.core/Editor/StyleSheets/RenderGraphViewerLight.uss - Importer: ScriptedImporter/UnityEditor.QuickSearchModule:UnityEditor.Search:ASIAI0B
Importing 'GUID: 8bf46326c944b984c9084f09aef9b2e2 - Path: Packages/com.unity.render-pipelines.core/Editor/StyleSheets/RenderGraphViewerLight.uss - Importer: ScriptedImporter/UnityEditor.QuickSearchModule:UnityEditor.Search:ASIAI0B' with importer (ScriptedImporter : UnityEditor.QuickSearchModule:UnityEditor.Search:ASIAI0B)
Imported 'GUID: 8bf46326c944b984c9084f09aef9b2e2' -> (Import Result ID: '81906739b330a8c451c184cd0cf76143') in 0.009 seconds [static and dynamic dependencies]. Details - ImportResultOutputID=c27b4e8dfbf647ae78dbf4b7033308b4 DependenciesID=453576443b46c7e1ea536e826e1ef07f StaticDependenciesID=3f9adcb0926d9ff5eeea5fa3ae5aa057 
Number of updated asset objects reloaded before import = 0
Number of asset objects unloaded after import = 11
========================================================================
Received Import Request.
  Time of request: 2026-09-19T15:08:34.8714414Z
  Time since last request: 0.0004334 seconds.
  importAddress: GUID: da75d0a7610da4245824752899c20db4 - Path: Packages/com.unity.render-pipelines.core/Editor/Volume/VolumeProfileFactory.cs - Importer: ScriptedImporter/UnityEditor.QuickSearchModule:UnityEditor.Search:ASIAI0B
Importing 'GUID: da75d0a7610da4245824752899c20db4 - Path: Packages/com.unity.render-pipelines.core/Editor/Volume/VolumeProfileFactory.cs - Importer: ScriptedImporter/UnityEditor.QuickSearchModule:UnityEditor.Search:ASIAI0B' with importer (ScriptedImporter : UnityEditor.QuickSearchModule:UnityEditor.Search:ASIAI0B)
Imported 'GUID: da75d0a7610da4245824752899c20db4' -> (Import Result ID: '270c591307cb62e7e57c8ab6824f01ec') in 0.004 seconds [static and dynamic dependencies]. Details - ImportResultOutputID=bb07c9360348bb7572930564ae6f7376 DependenciesID=ff750f06e26737b677d1e80c1b7ddc09 StaticDependenciesID=dfbd58a4964611582218cbce2fbeba2a 
Number of updated asset objects reloaded before import = 0
Number of asset objects unloaded after import = 0
========================================================================
Received Import Request.
  Time of request: 2026-09-19T15:08:34.8927512Z
  Time since last request: 0.0006157 seconds.
  importAddress: GUID: bc85748f0cef607499e03b46e3846ebd - Path: Packages/com.unity.render-pipelines.core/Runtime/Common/CommandBufferPool.cs - Importer: ScriptedImporter/UnityEditor.QuickSearchModule:UnityEditor.Search:ASIAI0B
Importing 'GUID: bc85748f0cef607499e03b46e3846ebd - Path: Packages/com.unity.render-pipelines.core/Runtime/Common/CommandBufferPool.cs - Importer: ScriptedImporter/UnityEditor.QuickSearchModule:UnityEditor.Search:ASIAI0B' with importer (ScriptedImporter : UnityEditor.QuickSearchModule:UnityEditor.Search:ASIAI0B)
Imported 'GUID: bc85748f0cef607499e03b46e3846ebd' -> (Import Result ID: '532ba8685cae9c782514bc2370ee6ec3') in 0.003 seconds [static and dynamic dependencies]. Details - ImportResultOutputID=2619672272b682c4c90242cd1202f40c DependenciesID=955df6961966e8011a03c8d8d9f7decb StaticDependenciesID=178239dd7ed9087d574a4965cf3c21cd 
Number of updated asset objects reloaded before import = 0
Number of asset objects unloaded after import = 0
========================================================================
Received Import Request.
  Time of request: 2026-09-19T15:08:34.9119801Z
  Time since last request: 0.0005019 seconds.
  importAddress: GUID: 9a033a261241d6e48af8ca011ab7c5c1 - Path: Packages/com.unity.render-pipelines.core/Editor/Volume/VolumeEditor.cs - Importer: ScriptedImporter/UnityEditor.QuickSearchModule:UnityEditor.Search:ASIAI0B
Importing 'GUID: 9a033a261241d6e48af8ca011ab7c5c1 - Path: Packages/com.unity.render-pipelines.core/Editor/Volume/VolumeEditor.cs - Importer: ScriptedImporter/UnityEditor.QuickSearchModule:UnityEditor.Search:ASIAI0B' with importer (ScriptedImporter : UnityEditor.QuickSearchModule:UnityEditor.Search:ASIAI0B)
Imported 'GUID: 9a033a261241d6e48af8ca011ab7c5c1' -> (Import Result ID: 'b3afcd2ce2d7bcb78f52cc93090a78f5') in 0.002 seconds [static and dynamic dependencies]. Details - ImportResultOutputID=a557050970f771b68c111c5d5a5c6a73 DependenciesID=8dc64c8d71faeb63607e4d0cb686c01d StaticDependenciesID=1033d8df68c3ed6458bf1319e79c4698 
Number of updated asset objects reloaded before import = 0
Number of asset objects unloaded after import = 0
========================================================================
Received Import Request.
  Time of request: 2026-09-19T15:08:34.930998Z
  Time since last request: 0.0004137 seconds.
  importAddress: GUID: f52d1e5345c395641b482217c8804ff9 - Path: Packages/com.unity.render-pipelines.core/Runtime/Camera/CameraSwitcher.cs - Importer: ScriptedImporter/UnityEditor.QuickSearchModule:UnityEditor.Search:ASIAI0B
Importing 'GUID: f52d1e5345c395641b482217c8804ff9 - Path: Packages/com.unity.render-pipelines.core/Runtime/Camera/CameraSwitcher.cs - Importer: ScriptedImporter/UnityEditor.QuickSearchModule:UnityEditor.Search:ASIAI0B' with importer (ScriptedImporter : UnityEditor.QuickSearchModule:UnityEditor.Search:ASIAI0B)
Imported 'GUID: f52d1e5345c395641b482217c8804ff9' -> (Import Result ID: 'ad865766ef414f72d24604bceeeaa3c2') in 0.002 seconds [static and dynamic dependencies]. Details - ImportResultOutputID=c19cd33452dce2f94740e6ff577aa42f DependenciesID=da251a6a64cb3be5f1bec99529e249ca StaticDependenciesID=86bb6cb6c05a5974b7d039335c8acda5 
Number of updated asset objects reloaded before import = 0
Number of asset objects unloaded after import = 0
========================================================================
Received Import Request.
  Time of request: 2026-09-19T15:08:34.9477268Z
  Time since last request: 0.0005492 seconds.
  importAddress: GUID: 371b660fd92134146a9c35b3e4221fab - Path: Packages/com.unity.render-pipelines.core/Editor/UnifiedRayTracing/CreateUnifiedRTShaderMenuItem.cs - Importer: ScriptedImporter/UnityEditor.QuickSearchModule:UnityEditor.Search:ASIAI0B
Importing 'GUID: 371b660fd92134146a9c35b3e4221fab - Path: Packages/com.unity.render-pipelines.core/Editor/UnifiedRayTracing/CreateUnifiedRTShaderMenuItem.cs - Importer: ScriptedImporter/UnityEditor.QuickSearchModule:UnityEditor.Search:ASIAI0B' with importer (ScriptedImporter : UnityEditor.QuickSearchModule:UnityEditor.Search:ASIAI0B)
Imported 'GUID: 371b660fd92134146a9c35b3e4221fab' -> (Import Result ID: 'f5155d73a434e9dd45dad6d9c575d73e') in 0.002 seconds [static and dynamic dependencies]. Details - ImportResultOutputID=93ab8bd25c8250b601d9800ae92c66b9 DependenciesID=21238ed88ec19063dc9fa78c378858a5 StaticDependenciesID=aefa7bfa27e0c8a7d9cf992c2338b3c4 
Number of updated asset objects reloaded before import = 0
Number of asset objects unloaded after import = 0
========================================================================
Received Import Request.
  Time of request: 2026-09-19T15:08:34.9648953Z
  Time since last request: 0.0006369 seconds.
  importAddress: GUID: 27652a830f2825247b820817d8c85451 - Path: Packages/com.unity.render-pipelines.core/Editor/Upscaling/FSR2OptionsEditor.cs - Importer: ScriptedImporter/UnityEditor.QuickSearchModule:UnityEditor.Search:ASIAI0B
Importing 'GUID: 27652a830f2825247b820817d8c85451 - Path: Packages/com.unity.render-pipelines.core/Editor/Upscaling/FSR2OptionsEditor.cs - Importer: ScriptedImporter/UnityEditor.QuickSearchModule:UnityEditor.Search:ASIAI0B' with importer (ScriptedImporter : UnityEditor.QuickSearchModule:UnityEditor.Search:ASIAI0B)
Imported 'GUID: 27652a830f2825247b820817d8c85451' -> (Import Result ID: 'a4d16b778118de4889dfbc6bad1ed60a') in 0.002 seconds [static and dynamic dependencies]. Details - ImportResultOutputID=6cfd6dc3d2ae53a993d61aafa4f7133a DependenciesID=4305ac555212d6983d1b933d2d1d6268 StaticDependenciesID=436ea3f595244897896771a4537a8d42 
Number of updated asset objects reloaded before import = 0
Number of asset objects unloaded after import = 0
========================================================================
Received Import Request.
  Time of request: 2026-09-19T15:08:34.9819739Z
  Time since last request: 0.0006024 seconds.
  importAddress: GUID: 614eebdfcdcaf804daf7202397af35b4 - Path: Packages/com.unity.render-pipelines.core/Runtime/CommandBuffers/IBaseCommandBuffer.cs - Importer: ScriptedImporter/UnityEditor.QuickSearchModule:UnityEditor.Search:ASIAI0B
Importing 'GUID: 614eebdfcdcaf804daf7202397af35b4 - Path: Packages/com.unity.render-pipelines.core/Runtime/CommandBuffers/IBaseCommandBuffer.cs - Importer: ScriptedImporter/UnityEditor.QuickSearchModule:UnityEditor.Search:ASIAI0B' with importer (ScriptedImporter : UnityEditor.QuickSearchModule:UnityEditor.Search:ASIAI0B)
Imported 'GUID: 614eebdfcdcaf804daf7202397af35b4' -> (Import Result ID: 'b43048b2e6c5e92f0fbebb34afa8c111') in 0.002 seconds [static and dynamic dependencies]. Details - ImportResultOutputID=7e1ef43aee61456c1da4c5aa40ee4ad3 DependenciesID=f7b144b93a5ffa9851104cef605d6876 StaticDependenciesID=dcd76cad89070e65683b26164861a23c 
Number of updated asset objects reloaded before import = 0
Number of asset objects unloaded after import = 0
========================================================================
Received Import Request.
  Time of request: 2026-09-19T15:08:35.0013246Z
  Time since last request: 0.0005581 seconds.
  importAddress: GUID: b9d92de4123d09049a3633cebf057482 - Path: Packages/com.unity.render-pipelines.core/Runtime/CommandBuffers/ComputeCommandBuffer.cs - Importer: ScriptedImporter/UnityEditor.QuickSearchModule:UnityEditor.Search:ASIAI0B
Importing 'GUID: b9d92de4123d09049a3633cebf057482 - Path: Packages/com.unity.render-pipelines.core/Runtime/CommandBuffers/ComputeCommandBuffer.cs - Importer: ScriptedImporter/UnityEditor.QuickSearchModule:UnityEditor.Search:ASIAI0B' with importer (ScriptedImporter : UnityEditor.QuickSearchModule:UnityEditor.Search:ASIAI0B)
Imported 'GUID: b9d92de4123d09049a3633cebf057482' -> (Import Result ID: '9756b29a3515e91b91d4afd13e3a0456') in 0.002 seconds [static and dynamic dependencies]. Details - ImportResultOutputID=e965abc4b321d6ef856f4e9234e0a8ae DependenciesID=dfe4c4962d1108bd43e06f255bc8653a StaticDependenciesID=a9310e5f10d12d5395bdcdfd94512c26 
Number of updated asset objects reloaded before import = 0
Number of asset objects unloaded after import = 0
========================================================================
Received Import Request.
  Time of request: 2026-09-19T15:08:35.0229272Z
  Time since last request: 0.0005005 seconds.
  importAddress: GUID: a74acab1c36b3344e95480f4d42afd55 - Path: Packages/com.unity.render-pipelines.core/Editor/StyleSheets/RenderGraphViewerDark.uss - Importer: ScriptedImporter/UnityEditor.QuickSearchModule:UnityEditor.Search:ASIAI0B
Importing 'GUID: a74acab1c36b3344e95480f4d42afd55 - Path: Packages/com.unity.render-pipelines.core/Editor/StyleSheets/RenderGraphViewerDark.uss - Importer: ScriptedImporter/UnityEditor.QuickSearchModule:UnityEditor.Search:ASIAI0B' with importer (ScriptedImporter : UnityEditor.QuickSearchModule:UnityEditor.Search:ASIAI0B)
Imported 'GUID: a74acab1c36b3344e95480f4d42afd55' -> (Import Result ID: 'ae0089c05a2b99a1b8446fd50aba755c') in 0.009 seconds [static and dynamic dependencies]. Details - ImportResultOutputID=26883ce5771bc4e2e4e3a37105dd68f1 DependenciesID=f471773e42fca37f40c3cc09de246357 StaticDependenciesID=5cb52df95878ec7eecb0d528b2d9e4b3 
Number of updated asset objects reloaded before import = 0
Number of asset objects unloaded after import = 11
========================================================================
Received Import Request.
  Time of request: 2026-09-19T15:08:35.0472623Z
  Time since last request: 0.0006227 seconds.
  importAddress: GUID: acfc3acab7bb76944b99725933c0ad45 - Path: Packages/com.unity.render-pipelines.core/Editor/Volume/VolumeMenuItems.cs - Importer: ScriptedImporter/UnityEditor.QuickSearchModule:UnityEditor.Search:ASIAI0B
Importing 'GUID: acfc3acab7bb76944b99725933c0ad45 - Path: Packages/com.unity.render-pipelines.core/Editor/Volume/VolumeMenuItems.cs - Importer: ScriptedImporter/UnityEditor.QuickSearchModule:UnityEditor.Search:ASIAI0B' with importer (ScriptedImporter : UnityEditor.QuickSearchModule:UnityEditor.Search:ASIAI0B)
Imported 'GUID: acfc3acab7bb76944b99725933c0ad45' -> (Import Result ID: 'd75ab1951a262dd0cdf593053100bdec') in 0.002 seconds [static and dynamic dependencies]. Details - ImportResultOutputID=584ee55bdde0e2c8a73b91cd904aa85d DependenciesID=299a58367aa87b5e820a71b4fa394f3d StaticDependenciesID=80771990fe6713b3fa99e3f0aa048004 
Number of updated asset objects reloaded before import = 0
Number of asset objects unloaded after import = 0
========================================================================
Received Import Request.
  Time of request: 2026-09-19T15:08:35.0739314Z
  Time since last request: 0.0004979 seconds.
  importAddress: GUID: 67c13e47786db8b46939b64891774a02 - Path: Packages/com.unity.render-pipelines.core/Editor/ShaderStripping/ShaderStrippingReport.cs - Importer: ScriptedImporter/UnityEditor.QuickSearchModule:UnityEditor.Search:ASIAI0B
Importing 'GUID: 67c13e47786db8b46939b64891774a02 - Path: Packages/com.unity.render-pipelines.core/Editor/ShaderStripping/ShaderStrippingReport.cs - Importer: ScriptedImporter/UnityEditor.QuickSearchModule:UnityEditor.Search:ASIAI0B' with importer (ScriptedImporter : UnityEditor.QuickSearchModule:UnityEditor.Search:ASIAI0B)
Imported 'GUID: 67c13e47786db8b46939b64891774a02' -> (Import Result ID: 'a54314cb2d356e0823817194ddba9d97') in 0.003 seconds [static and dynamic dependencies]. Details - ImportResultOutputID=a1abe7f2fc919c52e89fedbfff147c42 DependenciesID=3a9d52bdac69a5c7483a13a798ec1883 StaticDependenciesID=e64cc74294403af8f501039b2768d298 
Number of updated asset objects reloaded before import = 0
Number of asset objects unloaded after import = 0
========================================================================
Received Prepare
AcceleratorClientConnectionCallback - disconnected - :0
Refreshing native plugins compatible for Editor in 13.61 ms, found 4 plugins.
Unloading 62 Unused Serialized files (Serialized files now loaded: 0)
Unloading 354 unused Assets / (6.3 MB). Loaded Objects now: 7469.
Memory consumption went from 339.7 MB to 333.5 MB.
Total: 22.854300 ms (FindLiveObjects: 0.870500 ms CreateObjectMapping: 0.342800 ms MarkObjects: 17.277700 ms  DeleteObjects: 3.753300 ms)

Prepare: number of updated asset objects reloaded= 0
Editor requested this worker to shutdown with reason: Editor is closing down
AcceleratorClientConnectionCallback - disconnected - :0
AssetImportWorker is now disconnected from the server
Process exiting
[ExitDontLaunchBugReporter] Exiting without the bug reporter. Application will exit with return code 0
