[Licensing::Module] Trying to connect to existing licensing client channel...
[Licensing::IpcConnector] Successfully connected to: "LicenseClient-laiet" at "2026-09-19T15:08:03.8971924Z"
Built from '6000.6/respin/6000.6.0f1-fa21a270ab12' branch; Version is '6000.6.0f1 (f7f8ed4d1e24) revision 16251117'; Using compiler version '194234433'; Build Type 'Release'
OS: 'Windows 11  (10.0.26200) Core' Language: 'en' Physical Memory: 32389 MB
BatchMode: 1, IsHumanControllingUs: 0, StartBugReporterOnCrash: 0, Is64bit: 1
System  architecture: x64
Process architecture: x64
Date: 2026-09-19T15:08:03Z
[Licensing::Client] Code 10 while verifying Licensing Client signature (process Id: 21856, path: "C:/Program Files/Unity Hub/UnityLicensingClient_V1/Unity.Licensing.Client.exe")
[Licensing::Module] LicensingClient has failed validation; ignoring
[Licensing::Client] Error: HandshakeResponse reported an error:
	ResponseCode: 505
	ResponseStatus: Unsupported protocol version '1.18.3'.
[Licensing::Module] Error: Failed to handshake to channel: "LicenseClient-laiet"
[Licensing::IpcConnector] LicenseClient-laiet channel disconnected successfully.
[Licensing::IpcConnector] Successfully connected to: "LicenseClient-laiet-6000.6.0" at "2026-09-19T15:08:03.9770697Z"
[Licensing::Client] Code 10 while verifying Licensing Client signature (process Id: 33912, path: "C:/Program Files/Unity/Hub/Editor/6000.6.0f1/Editor/Data/Resources/Licensing/Client/Unity.Licensing.Client.exe")
[Licensing::Module] LicensingClient has failed validation; ignoring
[Licensing::Client] Handshaking with LicensingClient:
  Version:                 1.18.3+d7ffd15
  Session Id:              e690c69117f547d987c89523f63ad4ed
  Correlation Id:          fb2ee6f14907a2b5c5f65a6a70918669
  External correlation Id: 6119154229279446510
  Machine Id:              HCb8288S53yk6J8ODf7DAeTIerY=
[Licensing::Module] Successfully connected to LicensingClient on channel: "LicenseClient-laiet-6000.6.0" (connect: 0.00s, validation: 0.00s, handshake: 0.02s)
[Licensing::IpcConnector] Successfully connected to: "LicenseClient-laiet-6000.6.0-notifications" at "2026-09-19T15:08:04.0003307Z"
[Licensing::Module] Licensing Background thread has ended after 0.10s

COMMAND LINE ARGUMENTS:
C:\Program Files\Unity\Hub\Editor\6000.6.0f1\Editor\Unity.exe
-adb2
-batchMode
-noUpm
-name
AssetImportWorkerHW0
-projectPath
C:/Users/laiet/Desktop/Projects/bus-driver/BusDriver
-logFile
Logs/AssetImportWorkerHW0.log
-srvPort
64994
-parentPid
13432
-analyticsCloudUserId
anonymous
-analyticsLocalProjectId
9bb8911c4fbd0cd49aed397f86ff2d8a
-editorAnalyticsEnabled
1
-cbmEditorLicense
cee8404d656a25eda48dfaf9880f2cb50a205b1c
-cbmMachineId
HCb8288S53yk6J8ODf7DAeTIerY=
-noDiagnosticSwitchPersistentStore
-job-worker-count
9
-background-job-worker-count
8
-asset-garbage-collectors
1
-force-d3d12
-name
AssetImport
Successfully changed project path to: C:/Users/laiet/Desktop/Projects/bus-driver/BusDriver
C:/Users/laiet/Desktop/Projects/bus-driver/BusDriver
[UnityMemory] Configuration Parameters - Can be set up in boot.config
    "memorysetup-temp-allocator-size-gi-baking-worker=262144"
    "memorysetup-temp-allocator-size-gi-baking-worker=262144"
    "memorysetup-temp-allocator-size-gi-baking-worker=262144"
    "memorysetup-temp-allocator-size-gi-baking-worker=262144"
    "memorysetup-temp-allocator-size-gi-baking-worker=262144"
    "memorysetup-temp-allocator-size-nav-mesh-worker=65536"
    "memorysetup-temp-allocator-size-audio-worker=65536"
    "memorysetup-temp-allocator-size-cloud-worker=32768"
    "memorysetup-temp-allocator-size-gfx=262144"
    "memorysetup-remapper-allocator-initial-capacity=32768"
    "memorysetup-temp-allocator-size-preload-manager=33554432"
    "memorysetup-allocator-temp-initial-block-size-main=262144"
    "memorysetup-allocator-temp-initial-block-size-worker=262144"
    "memorysetup-temp-allocator-size-job-worker=262144"
    "memorysetup-temp-allocator-size-background-worker=32768"
    "memorysetup-bucket-allocator-granularity=16"
    "memorysetup-bucket-allocator-bucket-count=8"
    "memorysetup-bucket-allocator-block-size=33554432"
    "memorysetup-bucket-allocator-block-count=8"
    "memorysetup-main-allocator-block-size=16777216"
    "memorysetup-thread-allocator-block-size=16777216"
    "memorysetup-main-allocator-mimalloc-enabled=1"
    "memorysetup-gfx-main-allocator-block-size=16777216"
    "memorysetup-gfx-thread-allocator-block-size=16777216"
    "memorysetup-cache-allocator-block-size=4194304"
    "memorysetup-typetree-allocator-block-size=2097152"
    "memorysetup-profiler-bucket-allocator-granularity=16"
    "memorysetup-profiler-bucket-allocator-bucket-count=8"
    "memorysetup-profiler-bucket-allocator-block-size=33554432"
    "memorysetup-profiler-bucket-allocator-block-count=8"
    "memorysetup-profiler-allocator-block-size=16777216"
    "memorysetup-profiler-editor-allocator-block-size=1048576"
    "memorysetup-temp-allocator-size-main=16777216"
    "memorysetup-job-temp-allocator-block-size=2097152"
    "memorysetup-job-temp-allocator-block-size-background=1048576"
    "memorysetup-job-temp-allocator-reduction-small-platforms=262144"
Player connection [29340]  Target information:

Player connection [29340]  * "[IP] 10.24.32.72 [Port] 0 [Flags] 2 [Guid] 2656414035 [EditorId] 2656414035 [Version] 1048832 [Id] WindowsEditor(7,EthanLai_Laptop) [Debug] 1 [PackageName] WindowsEditor [ProjectName] Editor" 

Player connection [29340] Host joined multi-casting on [225.0.0.222:54997]...
Player connection [29340] Host joined alternative multi-casting on [225.0.0.222:34997]...
JobSystem: Creating JobQueue using job-worker-count value 9
Input System module state changed to: Initialized.
[Physics::Module] Initialized fallback backend.
[Physics::Module] Id: 0xdecafbad
Library Redirect Path: Library/
[Physics::Module] Selected backend.
[Physics::Module] Name: PhysX
[Physics::Module] Id: 0xf2b8ea05
[Physics::Module] SDK Version: 4.1.2
[Physics::Module] Integration Version: 1.0.0
[Physics::Module] Threading Mode: Multi-Threaded
Refreshing native plugins compatible for Editor in 5.60 ms, found 4 plugins.
Initialize engine version: 6000.6.0f1 (f7f8ed4d1e24)
[EntityIdStore] init: VM path (explicit commit), pageSize=4096, blockCount=1048576, entitiesPerBlock=256, slots reserved=4294967296 bytes
[Subsystems] Discovering subsystems at path C:/Program Files/Unity/Hub/Editor/6000.6.0f1/Editor/Data/Resources/UnitySubsystems
[Subsystems] Discovering subsystems at path C:/Users/laiet/Desktop/Projects/bus-driver/BusDriver/Assets
Forcing GfxDevice: Direct3D 12
GfxDevice: creating device client; kGfxThreadingModeNonThreaded
d3d12: failed to query info queue interface (0x80004002).
Direct3D:
    Version:         Direct3D 12 [level 12.2]
    Renderer:        NVIDIA GeForce RTX 4070 Laptop GPU (ID=0x2820)
    Vendor:          NVIDIA
    VRAM:            7948 MB
    App VRAM Budget: 7180 MB
    Driver:          32.0.15.6607
Initialize mono
Mono path[0] = 'C:/Program Files/Unity/Hub/Editor/6000.6.0f1/Editor/Data/Managed'
Mono path[1] = 'C:/Program Files/Unity/Hub/Editor/6000.6.0f1/Editor/Data/BCLExtensions/runtime/netstandard2.1'
Mono path[2] = 'C:/Program Files/Unity/Hub/Editor/6000.6.0f1/Editor/Data/MonoBleedingEdge/lib/mono/unityjit-win32'
Mono config path = 'C:/Program Files/Unity/Hub/Editor/6000.6.0f1/Editor/Data/MonoBleedingEdge/etc'
Using monoOptions --debugger-agent=transport=dt_socket,embedding=1,server=y,suspend=n,address=127.0.0.1:56236
CodeReloadManager initialized
Begin MonoManager ReloadAssembly
Registering precompiled unity dll's ...
Register platform support module: C:/Program Files/Unity/Hub/Editor/6000.6.0f1/Editor/Data/PlaybackEngines/WindowsStandaloneSupport/UnityEditor.WindowsStandalone.Extensions.dll
Registered in 0.003527 seconds.
Native extension for WindowsStandalone target not found
Package Manager log level set to [2]
[Package Manager] Failed to launch server process. Reason: Unity was launched with the -noUpm command-line argument
[Package Manager] Unable to send message (not connected to server process).
[Package Manager] Cannot connect to Unity Package Manager local server
ScheduleIndexationOnStartup MainProcess:False IndexOnStartup:True
Scripting: successfully reloaded assembly
- Finished resetting the current domain, in  1.679 seconds
Domain Reload Profiling: 2900ms
	BeginReloadAssembly (273ms)
	RebuildCommonClasses (13ms)
	RebuildNativeTypeToScriptingClass (59ms)
	initialDomainReloadingComplete (169ms)
	LoadAllAssembliesAndSetupDomain (705ms)
		LoadAssemblies (265ms)
		TypeCache.Refresh (436ms)
			TypeCache.ScanAssembly (408ms)
		AnalyzeDomain (1ms)
	FinalizeReload (1682ms)
		SetupLoadedEditorAssemblies (0ms)
			LogAssemblyErrors (3ms)
			InitializePlatformSupportModulesInManaged (3ms)
			BeforeProcessingInitializeOnLoad (340ms)
			ProcessInitializeOnLoadAttributes (394ms)
			ProcessInitializeOnLoadMethodAttributes (778ms)
Initializing Unity extensions:
[Licensing::Client] Successfully resolved entitlement details
[Licensing::Module] License group:
  Id: F4-3WKU-2EDZ-P6WP-CPPR-XXXX
  Product: Unity Personal
  Type: ULF
  Expiration: Unlimited
========================================================================
Worker process is ready to serve import requests
Import Worker Mode flag is 0x00
Begin MonoManager ReloadAssembly
'Packages/com.unity.render-pipelines.core/Editor/Deprecated.cs' contains partial class of Unity.Object, exactly 1 of the partial classes needs to be in a file with the same filename. This is to know the one that can be referenced from ie. GameObjects
'Packages/com.unity.render-pipelines.core/Editor/Deprecated.cs' contains partial class of Unity.Object, exactly 1 of the partial classes needs to be in a file with the same filename. This is to know the one that can be referenced from ie. GameObjects
Refreshing native plugins compatible for Editor in 4.35 ms, found 4 plugins.
Native extension for WindowsStandalone target not found
[Package Manager] Failed to launch server process. Reason: Unity was launched with the -noUpm command-line argument
[Package Manager] Unable to send message (not connected to server process).
[Package Manager] Cannot connect to Unity Package Manager local server
[Package Manager] Failed to launch server process. Reason: Unity was launched with the -noUpm command-line argument
[Package Manager] Unable to send message (not connected to server process).
[Package Manager] Cannot connect to Unity Package Manager local server
ScheduleIndexationOnStartup MainProcess:False IndexOnStartup:True
Scripting: successfully reloaded assembly
- Finished resetting the current domain, in  2.062 seconds
Domain Reload Profiling: 4306ms
	BeginReloadAssembly (549ms)
		DisableScriptedObjects (23ms)
		CreateAndSetChildDomain (75ms)
	RebuildCommonClasses (14ms)
	RebuildNativeTypeToScriptingClass (38ms)
	initialDomainReloadingComplete (144ms)
	LoadAllAssembliesAndSetupDomain (1497ms)
		LoadAssemblies (873ms)
		TypeCache.Refresh (339ms)
			TypeCache.ScanAssembly (314ms)
		AnalyzeDomain (172ms)
			BuildScriptInfoCaches (155ms)
			ResolveRequiredComponents (13ms)
	FinalizeReload (2064ms)
		SetupLoadedEditorAssemblies (0ms)
			LogAssemblyErrors (3ms)
			InitializePlatformSupportModulesInManaged (3ms)
			BeforeProcessingInitializeOnLoad (283ms)
			ProcessInitializeOnLoadAttributes (720ms)
			ProcessInitializeOnLoadMethodAttributes (199ms)
			AfterProcessingInitializeOnLoad (14ms)
		AwakeInstancesAfterBackupRestoration (22ms)
AcceleratorClientConnectionCallback - disconnected - :0
Launched and connected shader compiler UnityShaderCompiler.exe after 0.02 seconds
Refreshing native plugins compatible for Editor in 3.94 ms, found 4 plugins.
Unloading 63 Unused Serialized files (Serialized files now loaded: 0)
Unloading 6625 unused Assets / (10.0 MB). Loaded Objects now: 7466.
Memory consumption went from 333.3 MB to 323.3 MB.
Total: 17.891100 ms (FindLiveObjects: 0.831100 ms CreateObjectMapping: 0.711000 ms MarkObjects: 10.572800 ms  DeleteObjects: 5.295300 ms)

========================================================================
Received Prepare
AcceleratorClientConnectionCallback - disconnected - :0
Refreshing native plugins compatible for Editor in 4.62 ms, found 4 plugins.
Unloading 62 Unused Serialized files (Serialized files now loaded: 0)
Unloading 62 unused Assets / (5.4 MB). Loaded Objects now: 7466.
Memory consumption went from 325.7 MB to 320.3 MB.
Total: 14.225200 ms (FindLiveObjects: 0.722900 ms CreateObjectMapping: 0.322500 ms MarkObjects: 10.202400 ms  DeleteObjects: 2.511900 ms)

Prepare: number of updated asset objects reloaded= 0
========================================================================
Received Import Request.
  Time of request: 2026-09-19T15:08:14.9280464Z
  Time since last request: 365754.71380349999527 seconds.
  importAddress: GUID: 13ecc17b45fc57a45a98099ba3f2675b - Path: Assets/Scripts/Settings/OptionsSaveSystem.cs - Importer: ScriptedImporter/UnityEditor.QuickSearchModule:UnityEditor.Search:ASIAI0B
Importing 'GUID: 13ecc17b45fc57a45a98099ba3f2675b - Path: Assets/Scripts/Settings/OptionsSaveSystem.cs - Importer: ScriptedImporter/UnityEditor.QuickSearchModule:UnityEditor.Search:ASIAI0B' with importer (ScriptedImporter : UnityEditor.QuickSearchModule:UnityEditor.Search:ASIAI0B)
Imported 'GUID: 13ecc17b45fc57a45a98099ba3f2675b' -> (Import Result ID: 'a2fceda9a0fd5f684e359392f444bbc4') in 0.179 seconds [static and dynamic dependencies]. Details - ImportResultOutputID=40ac113134a6fba492ed5e53bd952d8c DependenciesID=93f8a05534c1e3aded4ed58157022f36 StaticDependenciesID=8ed62d46d58c0504ba45449daa585f3a 
Number of updated asset objects reloaded before import = 0
Number of asset objects unloaded after import = 0
========================================================================
Received Import Request.
  Time of request: 2026-09-19T15:08:15.1317631Z
  Time since last request: 0.0004098 seconds.
  importAddress: GUID: b72f7202f57e3374180e7036dc88a501 - Path: Assets/Scripts/ToolMethods.cs - Importer: ScriptedImporter/UnityEditor.QuickSearchModule:UnityEditor.Search:ASIAI0B
Importing 'GUID: b72f7202f57e3374180e7036dc88a501 - Path: Assets/Scripts/ToolMethods.cs - Importer: ScriptedImporter/UnityEditor.QuickSearchModule:UnityEditor.Search:ASIAI0B' with importer (ScriptedImporter : UnityEditor.QuickSearchModule:UnityEditor.Search:ASIAI0B)
Imported 'GUID: b72f7202f57e3374180e7036dc88a501' -> (Import Result ID: '092d2a4cb45b67d0b8d935404d653eac') in 0.005 seconds [static and dynamic dependencies]. Details - ImportResultOutputID=a4acfa4b881aa5bc3cc60f45b059f5f9 DependenciesID=f13cc59d89bd68340e52880bf22b80e4 StaticDependenciesID=34bd2a2f3e57a640c856d680bcba2bb6 
Number of updated asset objects reloaded before import = 0
Number of asset objects unloaded after import = 0
========================================================================
Received Import Request.
  Time of request: 2026-09-19T15:08:15.1635263Z
  Time since last request: 0.000702 seconds.
  importAddress: GUID: 3997e2241185407d80309a82f9148466 - Path: Assets/TextMesh Pro/Shaders/TMPro_Properties.cginc - Importer: ScriptedImporter/UnityEditor.QuickSearchModule:UnityEditor.Search:ASIAI0B
Importing 'GUID: 3997e2241185407d80309a82f9148466 - Path: Assets/TextMesh Pro/Shaders/TMPro_Properties.cginc - Importer: ScriptedImporter/UnityEditor.QuickSearchModule:UnityEditor.Search:ASIAI0B' with importer (ScriptedImporter : UnityEditor.QuickSearchModule:UnityEditor.Search:ASIAI0B)
Imported 'GUID: 3997e2241185407d80309a82f9148466' -> (Import Result ID: '4c485d8cf16a26f71fb11e6602168c8e') in 0.005 seconds [static and dynamic dependencies]. Details - ImportResultOutputID=ddfe788d13f4897d97e5e2f1c5ee6a25 DependenciesID=5333bac4c438bb66ab7e28b7763f9072 StaticDependenciesID=265da8ee07a6ec3e0fc8dec6a7b77949 
Number of updated asset objects reloaded before import = 0
Number of asset objects unloaded after import = 1
========================================================================
Received Import Request.
  Time of request: 2026-09-19T15:08:15.1940811Z
  Time since last request: 0.0025661 seconds.
  importAddress: GUID: 2cb88efb77d5d3e44ad381b2c0b4ef33 - Path: Assets/Prefabs/Level Essentials/In Canvas/Controls Menu.prefab - Importer: ScriptedImporter/UnityEditor.QuickSearchModule:UnityEditor.Search:ASIAI0B
Importing 'GUID: 2cb88efb77d5d3e44ad381b2c0b4ef33 - Path: Assets/Prefabs/Level Essentials/In Canvas/Controls Menu.prefab - Importer: ScriptedImporter/UnityEditor.QuickSearchModule:UnityEditor.Search:ASIAI0B' with importer (ScriptedImporter : UnityEditor.QuickSearchModule:UnityEditor.Search:ASIAI0B)
Imported 'GUID: 2cb88efb77d5d3e44ad381b2c0b4ef33' -> (Import Result ID: '9a3fbaccefd422c9980c0c09cc3352e6') in 0.236 seconds [static and dynamic dependencies]. Details - ImportResultOutputID=f208a26ead6999e0a0145f2b17b5d47f DependenciesID=392f3f8bf9e185ff8faeb1a8493d46f6 StaticDependenciesID=eaefb6c500df7871f3936fd8a418b31e 
Number of updated asset objects reloaded before import = 0
Number of asset objects unloaded after import = 50
========================================================================
Received Import Request.
  Time of request: 2026-09-19T15:08:15.4509164Z
  Time since last request: 0.0002623 seconds.
  importAddress: GUID: 6a822a8fef691da44a859b3de06a25ef - Path: Assets/SFX/Others/Dialogue.wav - Importer: ScriptedImporter/UnityEditor.QuickSearchModule:UnityEditor.Search:ASIAI0B
Importing 'GUID: 6a822a8fef691da44a859b3de06a25ef - Path: Assets/SFX/Others/Dialogue.wav - Importer: ScriptedImporter/UnityEditor.QuickSearchModule:UnityEditor.Search:ASIAI0B' with importer (ScriptedImporter : UnityEditor.QuickSearchModule:UnityEditor.Search:ASIAI0B)
Imported 'GUID: 6a822a8fef691da44a859b3de06a25ef' -> (Import Result ID: '4fdaabf62fb9875ee389f99b592bb742') in 0.023 seconds [static and dynamic dependencies]. Details - ImportResultOutputID=6f1be0958e54613c5e69ae14d6e3007f DependenciesID=bda73b5df0074c00439ee4750a37dba6 StaticDependenciesID=27abb3a20515a68bbcf3d5f9bdb3f925 
Number of updated asset objects reloaded before import = 0
Number of asset objects unloaded after import = 1
========================================================================
Received Import Request.
  Time of request: 2026-09-19T15:08:15.4939085Z
  Time since last request: 0.0006277 seconds.
  importAddress: GUID: e73a58f6e2794ae7b1b7e50b7fb811b0 - Path: Assets/TextMesh Pro/Resources/Fonts & Materials/LiberationSans SDF - Drop Shadow.mat - Importer: ScriptedImporter/UnityEditor.QuickSearchModule:UnityEditor.Search:ASIAI0B
Importing 'GUID: e73a58f6e2794ae7b1b7e50b7fb811b0 - Path: Assets/TextMesh Pro/Resources/Fonts & Materials/LiberationSans SDF - Drop Shadow.mat - Importer: ScriptedImporter/UnityEditor.QuickSearchModule:UnityEditor.Search:ASIAI0B' with importer (ScriptedImporter : UnityEditor.QuickSearchModule:UnityEditor.Search:ASIAI0B)
Imported 'GUID: e73a58f6e2794ae7b1b7e50b7fb811b0' -> (Import Result ID: '3f126c7c8f984b41a01580fe8868235b') in 0.042 seconds [static and dynamic dependencies]. Details - ImportResultOutputID=8e6d21a99dfb2d0121e523d2c254bcbe DependenciesID=1781fdaa88eac12f8f1ede31dd4ca390 StaticDependenciesID=fc2d459d5d8a1344874b4e5500f157cd 
Number of updated asset objects reloaded before import = 0
Number of asset objects unloaded after import = 2
========================================================================
Received Import Request.
  Time of request: 2026-09-19T15:08:15.5550499Z
  Time since last request: 0.000354 seconds.
  importAddress: GUID: 82c4c08d83a96d2469b75d7f04177fe8 - Path: Assets/Scripts/Menus/ingameMenus.cs - Importer: ScriptedImporter/UnityEditor.QuickSearchModule:UnityEditor.Search:ASIAI0B
Importing 'GUID: 82c4c08d83a96d2469b75d7f04177fe8 - Path: Assets/Scripts/Menus/ingameMenus.cs - Importer: ScriptedImporter/UnityEditor.QuickSearchModule:UnityEditor.Search:ASIAI0B' with importer (ScriptedImporter : UnityEditor.QuickSearchModule:UnityEditor.Search:ASIAI0B)
Imported 'GUID: 82c4c08d83a96d2469b75d7f04177fe8' -> (Import Result ID: '2ad48db587b6c717c574a2d7d4c089e4') in 0.004 seconds [static and dynamic dependencies]. Details - ImportResultOutputID=1aaf17f3c1843426060eb2f4bedca85d DependenciesID=846ce2104e309b8e0a8fa5ecfec6883e StaticDependenciesID=c147bee2f79f764f8b4e87fea700b335 
Number of updated asset objects reloaded before import = 0
Number of asset objects unloaded after import = 0
========================================================================
Received Import Request.
  Time of request: 2026-09-19T15:08:15.5787694Z
  Time since last request: 0.0003774 seconds.
  importAddress: GUID: 8f586378b4e144a9851e7b34d9b748ee - Path: Assets/TextMesh Pro/Resources/Fonts & Materials/LiberationSans SDF.asset - Importer: ScriptedImporter/UnityEditor.QuickSearchModule:UnityEditor.Search:ASIAI0B
Importing 'GUID: 8f586378b4e144a9851e7b34d9b748ee - Path: Assets/TextMesh Pro/Resources/Fonts & Materials/LiberationSans SDF.asset - Importer: ScriptedImporter/UnityEditor.QuickSearchModule:UnityEditor.Search:ASIAI0B' with importer (ScriptedImporter : UnityEditor.QuickSearchModule:UnityEditor.Search:ASIAI0B)
Imported 'GUID: 8f586378b4e144a9851e7b34d9b748ee' -> (Import Result ID: '40204e0743cdab5ff708938168973af9') in 0.082 seconds [static and dynamic dependencies]. Details - ImportResultOutputID=0f855d023be31ce913cbfe0e34e36c2b DependenciesID=d2bb10808ba6a1abc3bde62ead63edda StaticDependenciesID=ff3b2ce013f640ffa930170dee7bc366 
Number of updated asset objects reloaded before import = 0
Number of asset objects unloaded after import = 8
========================================================================
Received Import Request.
  Time of request: 2026-09-19T15:08:15.6793284Z
  Time since last request: 0.0004962 seconds.
  importAddress: GUID: e147ef7773d8b95438863d336c0508ee - Path: Assets/Scripts/Menus/CanvasMenu.cs - Importer: ScriptedImporter/UnityEditor.QuickSearchModule:UnityEditor.Search:ASIAI0B
Importing 'GUID: e147ef7773d8b95438863d336c0508ee - Path: Assets/Scripts/Menus/CanvasMenu.cs - Importer: ScriptedImporter/UnityEditor.QuickSearchModule:UnityEditor.Search:ASIAI0B' with importer (ScriptedImporter : UnityEditor.QuickSearchModule:UnityEditor.Search:ASIAI0B)
Imported 'GUID: e147ef7773d8b95438863d336c0508ee' -> (Import Result ID: '246fe3c8754d3171d269a813db801083') in 0.006 seconds [static and dynamic dependencies]. Details - ImportResultOutputID=8045e2a25a1a35c22e15932f0e68feda DependenciesID=3dbb64b8b16c2c91a165d3e921d5bb29 StaticDependenciesID=9d98de0dd0541c48ae1cc985f8bac20a 
Number of updated asset objects reloaded before import = 0
Number of asset objects unloaded after import = 0
========================================================================
Received Import Request.
  Time of request: 2026-09-19T15:08:15.7065638Z
  Time since last request: 0.0005995 seconds.
  importAddress: GUID: 11da741896780bc4d80f962e01b18669 - Path: Assets/Scripts/Settings/OptionsMenu.cs - Importer: ScriptedImporter/UnityEditor.QuickSearchModule:UnityEditor.Search:ASIAI0B
Importing 'GUID: 11da741896780bc4d80f962e01b18669 - Path: Assets/Scripts/Settings/OptionsMenu.cs - Importer: ScriptedImporter/UnityEditor.QuickSearchModule:UnityEditor.Search:ASIAI0B' with importer (ScriptedImporter : UnityEditor.QuickSearchModule:UnityEditor.Search:ASIAI0B)
Imported 'GUID: 11da741896780bc4d80f962e01b18669' -> (Import Result ID: '468654fdb05e66b5f1393dfba179cd4e') in 0.004 seconds [static and dynamic dependencies]. Details - ImportResultOutputID=d9a7624e0017d1528488d3e98a747111 DependenciesID=ac1af8f1aa6ad4c2225179c95b1c954d StaticDependenciesID=a65ebd7998e4feb067d64915c1c95aa7 
Number of updated asset objects reloaded before import = 0
Number of asset objects unloaded after import = 0
========================================================================
Received Import Request.
  Time of request: 2026-09-19T15:08:15.731496Z
  Time since last request: 0.000584 seconds.
  importAddress: GUID: 355b8b78ee86752428ed0935cddf074d - Path: Assets/Prefabs/Level Essentials/Sound Controller.prefab - Importer: ScriptedImporter/UnityEditor.QuickSearchModule:UnityEditor.Search:ASIAI0B
Importing 'GUID: 355b8b78ee86752428ed0935cddf074d - Path: Assets/Prefabs/Level Essentials/Sound Controller.prefab - Importer: ScriptedImporter/UnityEditor.QuickSearchModule:UnityEditor.Search:ASIAI0B' with importer (ScriptedImporter : UnityEditor.QuickSearchModule:UnityEditor.Search:ASIAI0B)
Imported 'GUID: 355b8b78ee86752428ed0935cddf074d' -> (Import Result ID: '27f04e6b5b2cd70c8533fb4f6f1edcd2') in 0.014 seconds [static and dynamic dependencies]. Details - ImportResultOutputID=7f277501300f9a61b115c92aa797f7b9 DependenciesID=3f77d11c6c192700eda96defb35c2a72 StaticDependenciesID=3524f0537f8d296b21f60a75d45384b7 
Number of updated asset objects reloaded before import = 0
Number of asset objects unloaded after import = 8
========================================================================
Received Import Request.
  Time of request: 2026-09-19T15:08:15.7664484Z
  Time since last request: 0.000387 seconds.
  importAddress: GUID: 76a2e1d34f83d054fa500c310ee5f3f0 - Path: Assets/Scripts/SceneController.cs - Importer: ScriptedImporter/UnityEditor.QuickSearchModule:UnityEditor.Search:ASIAI0B
Importing 'GUID: 76a2e1d34f83d054fa500c310ee5f3f0 - Path: Assets/Scripts/SceneController.cs - Importer: ScriptedImporter/UnityEditor.QuickSearchModule:UnityEditor.Search:ASIAI0B' with importer (ScriptedImporter : UnityEditor.QuickSearchModule:UnityEditor.Search:ASIAI0B)
Imported 'GUID: 76a2e1d34f83d054fa500c310ee5f3f0' -> (Import Result ID: '7778063d2e01350729e4265da9897652') in 0.003 seconds [static and dynamic dependencies]. Details - ImportResultOutputID=9a0566fe55ddab40a1d7d4aa6dba31ac DependenciesID=227bb23c86bc52134254b9ef3d88b961 StaticDependenciesID=4596e6ad3715ec789f09df567a496f97 
Number of updated asset objects reloaded before import = 0
Number of asset objects unloaded after import = 0
========================================================================
Received Import Request.
  Time of request: 2026-09-19T15:08:15.802071Z
  Time since last request: 0.0007033 seconds.
  importAddress: GUID: 18f7ae7600b986e47b7b9b0e3e19a2d0 - Path: Assets/Scripts/Sounds/SoundController.cs - Importer: ScriptedImporter/UnityEditor.QuickSearchModule:UnityEditor.Search:ASIAI0B
Importing 'GUID: 18f7ae7600b986e47b7b9b0e3e19a2d0 - Path: Assets/Scripts/Sounds/SoundController.cs - Importer: ScriptedImporter/UnityEditor.QuickSearchModule:UnityEditor.Search:ASIAI0B' with importer (ScriptedImporter : UnityEditor.QuickSearchModule:UnityEditor.Search:ASIAI0B)
Imported 'GUID: 18f7ae7600b986e47b7b9b0e3e19a2d0' -> (Import Result ID: '561c7ad3dc9c527e46a11804d9d2d598') in 0.004 seconds [static and dynamic dependencies]. Details - ImportResultOutputID=2ce63a0b35936dbdde5dc5c448f851c7 DependenciesID=6f2eddf8fc8d95690c661b981991fbeb StaticDependenciesID=843501fa2bd1d2c5e5d6fac6e1eda4ff 
Number of updated asset objects reloaded before import = 0
Number of asset objects unloaded after import = 0
========================================================================
Received Import Request.
  Time of request: 2026-09-19T15:08:15.8250711Z
  Time since last request: 0.0007545 seconds.
  importAddress: GUID: 2e498d1c8094910479dc3e1b768306a4 - Path: Assets/TextMesh Pro/Resources/Fonts & Materials/LiberationSans SDF - Fallback.asset - Importer: ScriptedImporter/UnityEditor.QuickSearchModule:UnityEditor.Search:ASIAI0B
Importing 'GUID: 2e498d1c8094910479dc3e1b768306a4 - Path: Assets/TextMesh Pro/Resources/Fonts & Materials/LiberationSans SDF - Fallback.asset - Importer: ScriptedImporter/UnityEditor.QuickSearchModule:UnityEditor.Search:ASIAI0B' with importer (ScriptedImporter : UnityEditor.QuickSearchModule:UnityEditor.Search:ASIAI0B)
Imported 'GUID: 2e498d1c8094910479dc3e1b768306a4' -> (Import Result ID: 'f703c4160229a6fa9cee6f5e33b8db0a') in 0.019 seconds [static and dynamic dependencies]. Details - ImportResultOutputID=d5d1c4972dd40b12980512f90d3459e3 DependenciesID=28a318e895fcac9559a24f84de196fed StaticDependenciesID=ab4fb1fcad118a2cd4fd8e2e91900e46 
Number of updated asset objects reloaded before import = 0
Number of asset objects unloaded after import = 5
========================================================================
Received Import Request.
  Time of request: 2026-09-19T15:08:15.8653562Z
  Time since last request: 0.0003782 seconds.
  importAddress: GUID: e3265ab4bf004d28a9537516768c1c75 - Path: Assets/TextMesh Pro/Fonts/LiberationSans.ttf - Importer: ScriptedImporter/UnityEditor.QuickSearchModule:UnityEditor.Search:ASIAI0B
Importing 'GUID: e3265ab4bf004d28a9537516768c1c75 - Path: Assets/TextMesh Pro/Fonts/LiberationSans.ttf - Importer: ScriptedImporter/UnityEditor.QuickSearchModule:UnityEditor.Search:ASIAI0B' with importer (ScriptedImporter : UnityEditor.QuickSearchModule:UnityEditor.Search:ASIAI0B)
Imported 'GUID: e3265ab4bf004d28a9537516768c1c75' -> (Import Result ID: 'b29637eabd8b232d57db21fb35e2369f') in 0.019 seconds [static and dynamic dependencies]. Details - ImportResultOutputID=4e6b6ecff0e35c5fe6c9040226b5cba3 DependenciesID=7325ddf1bc3b743e5ccc798a93de53fe StaticDependenciesID=6dda293e2b0de3e7b07592e107f5d679 
Number of updated asset objects reloaded before import = 0
Number of asset objects unloaded after import = 3
========================================================================
Received Import Request.
  Time of request: 2026-09-19T15:08:15.9055509Z
  Time since last request: 0.0005385 seconds.
  importAddress: GUID: 43d0cd7ff55992e48815c561e204e4bb - Path: Assets/SFX/Others/UI Click.wav - Importer: ScriptedImporter/UnityEditor.QuickSearchModule:UnityEditor.Search:ASIAI0B
Importing 'GUID: 43d0cd7ff55992e48815c561e204e4bb - Path: Assets/SFX/Others/UI Click.wav - Importer: ScriptedImporter/UnityEditor.QuickSearchModule:UnityEditor.Search:ASIAI0B' with importer (ScriptedImporter : UnityEditor.QuickSearchModule:UnityEditor.Search:ASIAI0B)
Imported 'GUID: 43d0cd7ff55992e48815c561e204e4bb' -> (Import Result ID: 'c1388d075296acdcb393d182e02e8763') in 0.008 seconds [static and dynamic dependencies]. Details - ImportResultOutputID=c535a892b5d470d5d89d865e176d1a1f DependenciesID=886f90edc95e2dc50b9052228e6aa0bf StaticDependenciesID=f09d4288c4b62ecd73388bb42f144aa6 
Number of updated asset objects reloaded before import = 0
Number of asset objects unloaded after import = 1
========================================================================
Received Import Request.
  Time of request: 2026-09-19T15:08:15.9313801Z
  Time since last request: 0.0006888 seconds.
  importAddress: GUID: f47922c61f176ea40b87b83231abdcde - Path: Assets/SFX/MainMixer.mixer - Importer: ScriptedImporter/UnityEditor.QuickSearchModule:UnityEditor.Search:ASIAI0B
Importing 'GUID: f47922c61f176ea40b87b83231abdcde - Path: Assets/SFX/MainMixer.mixer - Importer: ScriptedImporter/UnityEditor.QuickSearchModule:UnityEditor.Search:ASIAI0B' with importer (ScriptedImporter : UnityEditor.QuickSearchModule:UnityEditor.Search:ASIAI0B)
Refreshing native plugins compatible for Editor in 2.96 ms, found 4 plugins.
Imported 'GUID: f47922c61f176ea40b87b83231abdcde' -> (Import Result ID: '8bc262ed5d42b259d3c400990c24f766') in 0.026 seconds [static and dynamic dependencies]. Details - ImportResultOutputID=2b9eaaf54e44bc54b7bbae1cf02d2f99 DependenciesID=007138753ec61b0a6753e5ecfa9dfc92 StaticDependenciesID=5809b40ffbee48efcd3b7f9109ef7822 
Number of updated asset objects reloaded before import = 0
Number of asset objects unloaded after import = 5
========================================================================
Received Import Request.
  Time of request: 2026-09-19T15:08:15.9757991Z
  Time since last request: 0.0004358 seconds.
  importAddress: GUID: 5800019c11fc42449a623da7a29895a6 - Path: Assets/Scripts/Sounds/Sound.cs - Importer: ScriptedImporter/UnityEditor.QuickSearchModule:UnityEditor.Search:ASIAI0B
Importing 'GUID: 5800019c11fc42449a623da7a29895a6 - Path: Assets/Scripts/Sounds/Sound.cs - Importer: ScriptedImporter/UnityEditor.QuickSearchModule:UnityEditor.Search:ASIAI0B' with importer (ScriptedImporter : UnityEditor.QuickSearchModule:UnityEditor.Search:ASIAI0B)
Imported 'GUID: 5800019c11fc42449a623da7a29895a6' -> (Import Result ID: '1c9e860fae32188634e5c9d69af5a4f7') in 0.003 seconds [static and dynamic dependencies]. Details - ImportResultOutputID=1f7374af7bce457242eca00fc8986fdc DependenciesID=f458db97a53ab639c65053873aa08008 StaticDependenciesID=283b979829900683845054a8e74d7812 
Number of updated asset objects reloaded before import = 0
Number of asset objects unloaded after import = 0
========================================================================
Received Import Request.
  Time of request: 2026-09-19T15:08:16.0039772Z
  Time since last request: 0.0006907 seconds.
  importAddress: GUID: fe393ace9b354375a9cb14cdbbc28be4 - Path: Assets/TextMesh Pro/Shaders/TMP_SDF-Mobile.shader - Importer: ScriptedImporter/UnityEditor.QuickSearchModule:UnityEditor.Search:ASIAI0B
Importing 'GUID: fe393ace9b354375a9cb14cdbbc28be4 - Path: Assets/TextMesh Pro/Shaders/TMP_SDF-Mobile.shader - Importer: ScriptedImporter/UnityEditor.QuickSearchModule:UnityEditor.Search:ASIAI0B' with importer (ScriptedImporter : UnityEditor.QuickSearchModule:UnityEditor.Search:ASIAI0B)
Imported 'GUID: fe393ace9b354375a9cb14cdbbc28be4' -> (Import Result ID: 'fe7fa080c2af00c7882e98b3946f6c5b') in 0.012 seconds [static and dynamic dependencies]. Details - ImportResultOutputID=7199abc84cc095246f51bb46dbd3c870 DependenciesID=fc49a4223d85ec2797b3d78ae7133b23 StaticDependenciesID=478f85577bdee57b18fae7d0c7614856 
Number of updated asset objects reloaded before import = 0
Number of asset objects unloaded after import = 1
========================================================================
Received Import Request.
  Time of request: 2026-09-19T15:08:16.0354028Z
  Time since last request: 0.0006939 seconds.
  importAddress: GUID: dc16dee271b9bad4d99269cca6a109d5 - Path: Assets/Scripts/Dialogue/DialogueTrigger.cs - Importer: ScriptedImporter/UnityEditor.QuickSearchModule:UnityEditor.Search:ASIAI0B
Importing 'GUID: dc16dee271b9bad4d99269cca6a109d5 - Path: Assets/Scripts/Dialogue/DialogueTrigger.cs - Importer: ScriptedImporter/UnityEditor.QuickSearchModule:UnityEditor.Search:ASIAI0B' with importer (ScriptedImporter : UnityEditor.QuickSearchModule:UnityEditor.Search:ASIAI0B)
Imported 'GUID: dc16dee271b9bad4d99269cca6a109d5' -> (Import Result ID: '1a7883a16619ca4dfe7879b6b36d2f2c') in 0.004 seconds [static and dynamic dependencies]. Details - ImportResultOutputID=1b296499cc7a99c74cab3d54a03d6bf8 DependenciesID=3ba920809a54813d7445f05d79a033df StaticDependenciesID=8249abc302f4d23f2ee68fd24f6179a1 
Number of updated asset objects reloaded before import = 0
Number of asset objects unloaded after import = 0
========================================================================
Received Import Request.
  Time of request: 2026-09-19T15:08:16.0585605Z
  Time since last request: 0.0006708 seconds.
  importAddress: GUID: 03f2ab837f4683c4d85f05f2ec8cfd31 - Path: Assets/Scripts/Menus/MainMenu.cs - Importer: ScriptedImporter/UnityEditor.QuickSearchModule:UnityEditor.Search:ASIAI0B
Importing 'GUID: 03f2ab837f4683c4d85f05f2ec8cfd31 - Path: Assets/Scripts/Menus/MainMenu.cs - Importer: ScriptedImporter/UnityEditor.QuickSearchModule:UnityEditor.Search:ASIAI0B' with importer (ScriptedImporter : UnityEditor.QuickSearchModule:UnityEditor.Search:ASIAI0B)
Imported 'GUID: 03f2ab837f4683c4d85f05f2ec8cfd31' -> (Import Result ID: 'eacdfa17853645e9616d722fc6ff8c46') in 0.004 seconds [static and dynamic dependencies]. Details - ImportResultOutputID=78e44f2100e9244be9fe289a6a1ceb13 DependenciesID=27044defcad52b555bd1c9b01c1b743a StaticDependenciesID=413d494619b7d7d9218c7fb0485cb25b 
Number of updated asset objects reloaded before import = 0
Number of asset objects unloaded after import = 0
========================================================================
Received Import Request.
  Time of request: 2026-09-19T15:08:16.0837577Z
  Time since last request: 0.000566 seconds.
  importAddress: GUID: 8d973a1d0ce746e45857eae222608d3e - Path: Assets/Prefabs/Level Essentials/In Canvas/Loading Screen.prefab - Importer: ScriptedImporter/UnityEditor.QuickSearchModule:UnityEditor.Search:ASIAI0B
Importing 'GUID: 8d973a1d0ce746e45857eae222608d3e - Path: Assets/Prefabs/Level Essentials/In Canvas/Loading Screen.prefab - Importer: ScriptedImporter/UnityEditor.QuickSearchModule:UnityEditor.Search:ASIAI0B' with importer (ScriptedImporter : UnityEditor.QuickSearchModule:UnityEditor.Search:ASIAI0B)
Imported 'GUID: 8d973a1d0ce746e45857eae222608d3e' -> (Import Result ID: '3445e4496ec35dcf65ebaea5fbb7eb6d') in 0.030 seconds [static and dynamic dependencies]. Details - ImportResultOutputID=ddec380b51ce91849cae3d5891259d2a DependenciesID=52283428d1dc07ddd5b62510f13fea2b StaticDependenciesID=be357a640350564e6b2184b3b77a8b15 
Number of updated asset objects reloaded before import = 0
Number of asset objects unloaded after import = 31
========================================================================
Received Import Request.
  Time of request: 2026-09-19T15:08:16.135798Z
  Time since last request: 0.000042 seconds.
  importAddress: GUID: d935cae0f04733b4aa588c3014fcda46 - Path: Assets/Prefabs/Level Essentials/In Canvas/Options Menu.prefab - Importer: ScriptedImporter/UnityEditor.QuickSearchModule:UnityEditor.Search:ASIAI0B
Importing 'GUID: d935cae0f04733b4aa588c3014fcda46 - Path: Assets/Prefabs/Level Essentials/In Canvas/Options Menu.prefab - Importer: ScriptedImporter/UnityEditor.QuickSearchModule:UnityEditor.Search:ASIAI0B' with importer (ScriptedImporter : UnityEditor.QuickSearchModule:UnityEditor.Search:ASIAI0B)
Refreshing native plugins compatible for Editor in 6.06 ms, found 4 plugins.
Imported 'GUID: d935cae0f04733b4aa588c3014fcda46' -> (Import Result ID: 'cc5545ce7b652f9c7a6d6e6357030177') in 0.066 seconds [static and dynamic dependencies]. Details - ImportResultOutputID=7eb3132a0da2acb3fc46ef305308ed58 DependenciesID=79bc1ecb3112b0c21473a86cc7d63434 StaticDependenciesID=eb5efa5472eb27ffa5cef013b632580d 
Number of updated asset objects reloaded before import = 0
Number of asset objects unloaded after import = 299
========================================================================
Received Import Request.
  Time of request: 2026-09-19T15:08:16.2213493Z
  Time since last request: 0.0000443 seconds.
  importAddress: GUID: f2c2dc03df70d2045a65899572d7c4ad - Path: Assets/Scripts/Dialogue/DialogueController.cs - Importer: ScriptedImporter/UnityEditor.QuickSearchModule:UnityEditor.Search:ASIAI0B
Importing 'GUID: f2c2dc03df70d2045a65899572d7c4ad - Path: Assets/Scripts/Dialogue/DialogueController.cs - Importer: ScriptedImporter/UnityEditor.QuickSearchModule:UnityEditor.Search:ASIAI0B' with importer (ScriptedImporter : UnityEditor.QuickSearchModule:UnityEditor.Search:ASIAI0B)
Imported 'GUID: f2c2dc03df70d2045a65899572d7c4ad' -> (Import Result ID: '10a78dbfb5fe8f1afcf7e32bc47e5871') in 0.007 seconds [static and dynamic dependencies]. Details - ImportResultOutputID=cfb467bff4ea6ee89438ffbb0b1c23ed DependenciesID=2b514ac7cf091c6319c4bd220728c2d6 StaticDependenciesID=c14204fe924af5eba4fbac1c1819ad98 
Number of updated asset objects reloaded before import = 0
Number of asset objects unloaded after import = 0
========================================================================
Received Import Request.
  Time of request: 2026-09-19T15:08:16.2488101Z
  Time since last request: 0.0006919 seconds.
  importAddress: GUID: 4e5120f97ab86244f934faecb85e33fe - Path: Assets/Models/Images/CoverArt.jpg - Importer: ScriptedImporter/UnityEditor.QuickSearchModule:UnityEditor.Search:ASIAI0B
Importing 'GUID: 4e5120f97ab86244f934faecb85e33fe - Path: Assets/Models/Images/CoverArt.jpg - Importer: ScriptedImporter/UnityEditor.QuickSearchModule:UnityEditor.Search:ASIAI0B' with importer (ScriptedImporter : UnityEditor.QuickSearchModule:UnityEditor.Search:ASIAI0B)
Imported 'GUID: 4e5120f97ab86244f934faecb85e33fe' -> (Import Result ID: '1de15127d89a41222902a6327ad5a9d9') in 0.080 seconds [static and dynamic dependencies]. Details - ImportResultOutputID=3224a55d533da1888d72babd84e54b21 DependenciesID=8fd3f66a037ffd5a3106b06e69b2be62 StaticDependenciesID=dd1c74a7f7b0b8e6f858e9201b6eba06 
Number of updated asset objects reloaded before import = 0
Number of asset objects unloaded after import = 3
========================================================================
Received Import Request.
  Time of request: 2026-09-19T15:08:16.3497325Z
  Time since last request: 0.0007359 seconds.
  importAddress: GUID: 1263a8f092535ad40a036a16561ef51b - Path: Assets/Scripts/Settings/OptionsData.cs - Importer: ScriptedImporter/UnityEditor.QuickSearchModule:UnityEditor.Search:ASIAI0B
Importing 'GUID: 1263a8f092535ad40a036a16561ef51b - Path: Assets/Scripts/Settings/OptionsData.cs - Importer: ScriptedImporter/UnityEditor.QuickSearchModule:UnityEditor.Search:ASIAI0B' with importer (ScriptedImporter : UnityEditor.QuickSearchModule:UnityEditor.Search:ASIAI0B)
Imported 'GUID: 1263a8f092535ad40a036a16561ef51b' -> (Import Result ID: '94575697e32c1588d29d445e2041b029') in 0.005 seconds [static and dynamic dependencies]. Details - ImportResultOutputID=1c307fe2732531e4c0e9d2ef16ebddd3 DependenciesID=630aee7848f8127ed35b6608a1410d45 StaticDependenciesID=2b9ef5da284f2302b3634846ea96359f 
Number of updated asset objects reloaded before import = 0
Number of asset objects unloaded after import = 0
========================================================================
Received Import Request.
  Time of request: 2026-09-19T15:08:16.3763256Z
  Time since last request: 0.0007665 seconds.
  importAddress: GUID: cf4a64bfb6fd6c549834cacb28232d1e - Path: Assets/Scripts/Settings/ControlsMenu.cs - Importer: ScriptedImporter/UnityEditor.QuickSearchModule:UnityEditor.Search:ASIAI0B
Importing 'GUID: cf4a64bfb6fd6c549834cacb28232d1e - Path: Assets/Scripts/Settings/ControlsMenu.cs - Importer: ScriptedImporter/UnityEditor.QuickSearchModule:UnityEditor.Search:ASIAI0B' with importer (ScriptedImporter : UnityEditor.QuickSearchModule:UnityEditor.Search:ASIAI0B)
Imported 'GUID: cf4a64bfb6fd6c549834cacb28232d1e' -> (Import Result ID: 'cfd5eccdd797d55c230efa43402483bd') in 0.004 seconds [static and dynamic dependencies]. Details - ImportResultOutputID=ccec88432203ee7165f73daa15335783 DependenciesID=66eb1edb9ebdef3da098628cfc5d5465 StaticDependenciesID=6d013d7e37c223a4322b97b49773b775 
Number of updated asset objects reloaded before import = 0
Number of asset objects unloaded after import = 0
========================================================================
Received Import Request.
  Time of request: 2026-09-19T15:08:16.3999893Z
  Time since last request: 0.0006356 seconds.
  importAddress: GUID: a40945f97d60a93489691352a143bbac - Path: Assets/Scripts/Dialogue/Dialogue.cs - Importer: ScriptedImporter/UnityEditor.QuickSearchModule:UnityEditor.Search:ASIAI0B
Importing 'GUID: a40945f97d60a93489691352a143bbac - Path: Assets/Scripts/Dialogue/Dialogue.cs - Importer: ScriptedImporter/UnityEditor.QuickSearchModule:UnityEditor.Search:ASIAI0B' with importer (ScriptedImporter : UnityEditor.QuickSearchModule:UnityEditor.Search:ASIAI0B)
Imported 'GUID: a40945f97d60a93489691352a143bbac' -> (Import Result ID: 'cb4d0424a4a0b4720eba35ced6837b6b') in 0.004 seconds [static and dynamic dependencies]. Details - ImportResultOutputID=a93e22ada5b7983dad52292b7095f6e5 DependenciesID=05282afa946550c4900650b624accd7d StaticDependenciesID=766a46463c450e220804718984f74c0d 
Number of updated asset objects reloaded before import = 0
Number of asset objects unloaded after import = 0
========================================================================
Received Import Request.
  Time of request: 2026-09-19T15:08:16.4220888Z
  Time since last request: 0.0007408 seconds.
  importAddress: GUID: 3047bbab24460104d9fa8c3145c4d8ea - Path: Assets/Scenes/Menu.unity - Importer: ScriptedImporter/UnityEditor.QuickSearchModule:UnityEditor.Search:ASIAI0B
Importing 'GUID: 3047bbab24460104d9fa8c3145c4d8ea - Path: Assets/Scenes/Menu.unity - Importer: ScriptedImporter/UnityEditor.QuickSearchModule:UnityEditor.Search:ASIAI0B' with importer (ScriptedImporter : UnityEditor.QuickSearchModule:UnityEditor.Search:ASIAI0B)
Imported 'GUID: 3047bbab24460104d9fa8c3145c4d8ea' -> (Import Result ID: '7ffa11e24fe78eec79a3149541dca9b7') in 0.005 seconds [static and dynamic dependencies]. Details - ImportResultOutputID=a7c205fffbd53bd939b01ea7b8273c94 DependenciesID=a049ac07b4254cb5c964c9744566921c StaticDependenciesID=af4f025a79cb2df0ae74ad083d89bc2b 
Number of updated asset objects reloaded before import = 0
Number of asset objects unloaded after import = 1
========================================================================
Received Import Request.
  Time of request: 2026-09-19T15:08:16.574986Z
  Time since last request: 0.129219 seconds.
  importAddress: GUID: 1b0309336d5d24445a134e6864de91b8 - Path: Packages/com.unity.collab-proxy/Lib/Editor/Localization/semantic.ja.txt - Importer: ScriptedImporter/UnityEditor.QuickSearchModule:UnityEditor.Search:ASIAI0B
Importing 'GUID: 1b0309336d5d24445a134e6864de91b8 - Path: Packages/com.unity.collab-proxy/Lib/Editor/Localization/semantic.ja.txt - Importer: ScriptedImporter/UnityEditor.QuickSearchModule:UnityEditor.Search:ASIAI0B' with importer (ScriptedImporter : UnityEditor.QuickSearchModule:UnityEditor.Search:ASIAI0B)
Imported 'GUID: 1b0309336d5d24445a134e6864de91b8' -> (Import Result ID: '267f86e87fd69ae652ffdd299e919626') in 0.037 seconds [static and dynamic dependencies]. Details - ImportResultOutputID=bfad755e15947c095a220f73b539eec1 DependenciesID=d1da1336ec05066a7a13c71d44c616f5 StaticDependenciesID=e2c8cacc1cf56b0af15b31d7e1bcf98d 
Number of updated asset objects reloaded before import = 0
Number of asset objects unloaded after import = 1
========================================================================
Received Import Request.
  Time of request: 2026-09-19T15:08:16.7009881Z
  Time since last request: 0.0569699 seconds.
  importAddress: GUID: 87e7b84ff9884881b9aceb446cee6ee5 - Path: Packages/com.unity.collab-proxy/Editor/Inspector/Properties/Changeset/ChangesetPropertiesPanel.cs - Importer: ScriptedImporter/UnityEditor.QuickSearchModule:UnityEditor.Search:ASIAI0B
Importing 'GUID: 87e7b84ff9884881b9aceb446cee6ee5 - Path: Packages/com.unity.collab-proxy/Editor/Inspector/Properties/Changeset/ChangesetPropertiesPanel.cs - Importer: ScriptedImporter/UnityEditor.QuickSearchModule:UnityEditor.Search:ASIAI0B' with importer (ScriptedImporter : UnityEditor.QuickSearchModule:UnityEditor.Search:ASIAI0B)
Imported 'GUID: 87e7b84ff9884881b9aceb446cee6ee5' -> (Import Result ID: '047246c543cce157dc03e47a18197210') in 0.005 seconds [static and dynamic dependencies]. Details - ImportResultOutputID=480b1f9dff888a581b6d4bd7eea5df53 DependenciesID=1b58a801231bc1ef84750baef5ba1cdb StaticDependenciesID=f69df3006518be15540660f6b22930d3 
Number of updated asset objects reloaded before import = 0
Number of asset objects unloaded after import = 0
========================================================================
Received Import Request.
  Time of request: 2026-09-19T15:08:16.7425335Z
  Time since last request: 0.0005917 seconds.
  importAddress: GUID: 50a8f133cd03453893ff0072b6c1f3be - Path: Packages/com.unity.collab-proxy/Editor/Diff/Asset/Diff/ObjectDiff.cs - Importer: ScriptedImporter/UnityEditor.QuickSearchModule:UnityEditor.Search:ASIAI0B
Importing 'GUID: 50a8f133cd03453893ff0072b6c1f3be - Path: Packages/com.unity.collab-proxy/Editor/Diff/Asset/Diff/ObjectDiff.cs - Importer: ScriptedImporter/UnityEditor.QuickSearchModule:UnityEditor.Search:ASIAI0B' with importer (ScriptedImporter : UnityEditor.QuickSearchModule:UnityEditor.Search:ASIAI0B)
Imported 'GUID: 50a8f133cd03453893ff0072b6c1f3be' -> (Import Result ID: 'a90e11eafdc2c7ad7d483c36ba48df29') in 0.015 seconds [static and dynamic dependencies]. Details - ImportResultOutputID=76e1b0a868b841894941679a18b29c2d DependenciesID=48bcc6acc67900a076ec807d08a80e50 StaticDependenciesID=b8cc8866c93d938d2beeb0d0a3d26fd9 
Number of updated asset objects reloaded before import = 0
Number of asset objects unloaded after import = 0
========================================================================
Received Import Request.
  Time of request: 2026-09-19T15:08:16.7948274Z
  Time since last request: 0.0007514 seconds.
  importAddress: GUID: 9e014c1d5026c446a92925295a6a1471 - Path: Packages/com.unity.collab-proxy/Editor/UI/UnityInternals/UnityEditor/EditorGUIUtility.cs - Importer: ScriptedImporter/UnityEditor.QuickSearchModule:UnityEditor.Search:ASIAI0B
Importing 'GUID: 9e014c1d5026c446a92925295a6a1471 - Path: Packages/com.unity.collab-proxy/Editor/UI/UnityInternals/UnityEditor/EditorGUIUtility.cs - Importer: ScriptedImporter/UnityEditor.QuickSearchModule:UnityEditor.Search:ASIAI0B' with importer (ScriptedImporter : UnityEditor.QuickSearchModule:UnityEditor.Search:ASIAI0B)
Imported 'GUID: 9e014c1d5026c446a92925295a6a1471' -> (Import Result ID: '93cb60397ff841fcdfa3b9a5b0f91e44') in 0.004 seconds [static and dynamic dependencies]. Details - ImportResultOutputID=ccf32662d19a8ae52f3aeebfa438c7ae DependenciesID=0047223ff8750be66a34963e33d95952 StaticDependenciesID=4aa076e7ac80a84e17966fdf36c8de43 
Number of updated asset objects reloaded before import = 0
Number of asset objects unloaded after import = 0
========================================================================
Received Import Request.
  Time of request: 2026-09-19T15:08:16.8299602Z
  Time since last request: 0.0007874 seconds.
  importAddress: GUID: 80c6d1e65404944acb1fa3405e5b9a34 - Path: Packages/com.unity.collab-proxy/Editor/Diff/Asset/Common/SearchMatcher.cs - Importer: ScriptedImporter/UnityEditor.QuickSearchModule:UnityEditor.Search:ASIAI0B
Importing 'GUID: 80c6d1e65404944acb1fa3405e5b9a34 - Path: Packages/com.unity.collab-proxy/Editor/Diff/Asset/Common/SearchMatcher.cs - Importer: ScriptedImporter/UnityEditor.QuickSearchModule:UnityEditor.Search:ASIAI0B' with importer (ScriptedImporter : UnityEditor.QuickSearchModule:UnityEditor.Search:ASIAI0B)
Imported 'GUID: 80c6d1e65404944acb1fa3405e5b9a34' -> (Import Result ID: '309a7852beaf6f18c1b4d2da020f8738') in 0.004 seconds [static and dynamic dependencies]. Details - ImportResultOutputID=7d0d14b541a71786f89d971ca9465ce8 DependenciesID=607399641e5f83fa9b1820376121f4b4 StaticDependenciesID=d644b4b4bd1c910e72373098b193cb33 
Number of updated asset objects reloaded before import = 0
Number of asset objects unloaded after import = 0
========================================================================
Received Import Request.
  Time of request: 2026-09-19T15:08:16.8540687Z
  Time since last request: 0.0006028 seconds.
  importAddress: GUID: e534c3e00f154e72ba2a02fbe533bd1a - Path: Packages/com.unity.collab-proxy/Editor/Diff/Asset/Content/ContentToolbarPanel.cs - Importer: ScriptedImporter/UnityEditor.QuickSearchModule:UnityEditor.Search:ASIAI0B
Importing 'GUID: e534c3e00f154e72ba2a02fbe533bd1a - Path: Packages/com.unity.collab-proxy/Editor/Diff/Asset/Content/ContentToolbarPanel.cs - Importer: ScriptedImporter/UnityEditor.QuickSearchModule:UnityEditor.Search:ASIAI0B' with importer (ScriptedImporter : UnityEditor.QuickSearchModule:UnityEditor.Search:ASIAI0B)
Imported 'GUID: e534c3e00f154e72ba2a02fbe533bd1a' -> (Import Result ID: 'ff43443bdc1283062f83bcea4e2b8be5') in 0.003 seconds [static and dynamic dependencies]. Details - ImportResultOutputID=3df8cbf51d8fed670e6cbd51d78adbbe DependenciesID=50a8bef3b04511c513d6dcd9ffffc89a StaticDependenciesID=3de6ccb33fd9473c7122b6b9c24a83ce 
Number of updated asset objects reloaded before import = 0
Number of asset objects unloaded after import = 0
========================================================================
Received Import Request.
  Time of request: 2026-09-19T15:08:16.8758044Z
  Time since last request: 0.0007159 seconds.
  importAddress: GUID: 6e808c3ddcc3246b78a6748007b9aec8 - Path: Packages/com.unity.collab-proxy/Editor/Diff/Image/Toolbar/ImageModeSwitcherView.cs - Importer: ScriptedImporter/UnityEditor.QuickSearchModule:UnityEditor.Search:ASIAI0B
Importing 'GUID: 6e808c3ddcc3246b78a6748007b9aec8 - Path: Packages/com.unity.collab-proxy/Editor/Diff/Image/Toolbar/ImageModeSwitcherView.cs - Importer: ScriptedImporter/UnityEditor.QuickSearchModule:UnityEditor.Search:ASIAI0B' with importer (ScriptedImporter : UnityEditor.QuickSearchModule:UnityEditor.Search:ASIAI0B)
Imported 'GUID: 6e808c3ddcc3246b78a6748007b9aec8' -> (Import Result ID: 'e53e1f526db16bb388e5e4be4ec66791') in 0.004 seconds [static and dynamic dependencies]. Details - ImportResultOutputID=72892779b8d8960441ca00a1ed30ebcd DependenciesID=cd12466724a1a2cc860617bb69a8caa4 StaticDependenciesID=21a40c63e7188fb6cd3564a79b0f041f 
Number of updated asset objects reloaded before import = 0
Number of asset objects unloaded after import = 0
========================================================================
Received Import Request.
  Time of request: 2026-09-19T15:08:16.8993659Z
  Time since last request: 0.0005682 seconds.
  importAddress: GUID: a03d6d8b450b42229e7201066ecd389d - Path: Packages/com.unity.collab-proxy/Editor/Diff/Asset/Content/ObjectContent.cs - Importer: ScriptedImporter/UnityEditor.QuickSearchModule:UnityEditor.Search:ASIAI0B
Importing 'GUID: a03d6d8b450b42229e7201066ecd389d - Path: Packages/com.unity.collab-proxy/Editor/Diff/Asset/Content/ObjectContent.cs - Importer: ScriptedImporter/UnityEditor.QuickSearchModule:UnityEditor.Search:ASIAI0B' with importer (ScriptedImporter : UnityEditor.QuickSearchModule:UnityEditor.Search:ASIAI0B)
Imported 'GUID: a03d6d8b450b42229e7201066ecd389d' -> (Import Result ID: '6f9437914265359a7a36ba61fdb19f8a') in 0.003 seconds [static and dynamic dependencies]. Details - ImportResultOutputID=27ddcf241405de66beffe22f9f82ef2a DependenciesID=cb653faf186b7c429b55514f2750b0ec StaticDependenciesID=d8b9afbf8130ea2c6b01085162a8250a 
Number of updated asset objects reloaded before import = 0
Number of asset objects unloaded after import = 0
========================================================================
Received Import Request.
  Time of request: 2026-09-19T15:08:16.9229043Z
  Time since last request: 0.0006524 seconds.
  importAddress: GUID: f868eac0bc3ab44cfbc98c7099fce8cb - Path: Packages/com.unity.collab-proxy/Editor/Diff/Asset/Diff/DiffRowElement.cs - Importer: ScriptedImporter/UnityEditor.QuickSearchModule:UnityEditor.Search:ASIAI0B
Importing 'GUID: f868eac0bc3ab44cfbc98c7099fce8cb - Path: Packages/com.unity.collab-proxy/Editor/Diff/Asset/Diff/DiffRowElement.cs - Importer: ScriptedImporter/UnityEditor.QuickSearchModule:UnityEditor.Search:ASIAI0B' with importer (ScriptedImporter : UnityEditor.QuickSearchModule:UnityEditor.Search:ASIAI0B)
Imported 'GUID: f868eac0bc3ab44cfbc98c7099fce8cb' -> (Import Result ID: 'b9e27bbb7e791a992f8f059b3b086644') in 0.004 seconds [static and dynamic dependencies]. Details - ImportResultOutputID=2cc3f3c599f55b5d17d8b0e83a2583dd DependenciesID=9e99e6e05c14592957f1ab64e3cd17da StaticDependenciesID=b8c388666747c55b1af2daa4b9ab6be8 
Number of updated asset objects reloaded before import = 0
Number of asset objects unloaded after import = 0
========================================================================
Received Import Request.
  Time of request: 2026-09-19T15:08:16.9470782Z
  Time since last request: 0.0006225 seconds.
  importAddress: GUID: fc66293009c443c68b1a22dc6b931e6f - Path: Packages/com.unity.collab-proxy/Editor/Diff/Asset/Common/PropertyRow.cs - Importer: ScriptedImporter/UnityEditor.QuickSearchModule:UnityEditor.Search:ASIAI0B
Importing 'GUID: fc66293009c443c68b1a22dc6b931e6f - Path: Packages/com.unity.collab-proxy/Editor/Diff/Asset/Common/PropertyRow.cs - Importer: ScriptedImporter/UnityEditor.QuickSearchModule:UnityEditor.Search:ASIAI0B' with importer (ScriptedImporter : UnityEditor.QuickSearchModule:UnityEditor.Search:ASIAI0B)
Imported 'GUID: fc66293009c443c68b1a22dc6b931e6f' -> (Import Result ID: '9048b35887563199a134a27044083cce') in 0.003 seconds [static and dynamic dependencies]. Details - ImportResultOutputID=e8f414f1e379097d04e51e4c87159aad DependenciesID=9ab5231a4e5b7fb5b4011b00c2526f1a StaticDependenciesID=aec78081255d906fb3f268c4acaee8de 
Number of updated asset objects reloaded before import = 0
Number of asset objects unloaded after import = 0
========================================================================
Received Import Request.
  Time of request: 2026-09-19T15:08:16.9675742Z
  Time since last request: 0.0005709 seconds.
  importAddress: GUID: 7c604fb7bc9da45fca4bb28b110301ef - Path: Packages/com.unity.collab-proxy/Editor/Diff/Asset/Common/SearchHighlight.cs - Importer: ScriptedImporter/UnityEditor.QuickSearchModule:UnityEditor.Search:ASIAI0B
Importing 'GUID: 7c604fb7bc9da45fca4bb28b110301ef - Path: Packages/com.unity.collab-proxy/Editor/Diff/Asset/Common/SearchHighlight.cs - Importer: ScriptedImporter/UnityEditor.QuickSearchModule:UnityEditor.Search:ASIAI0B' with importer (ScriptedImporter : UnityEditor.QuickSearchModule:UnityEditor.Search:ASIAI0B)
Imported 'GUID: 7c604fb7bc9da45fca4bb28b110301ef' -> (Import Result ID: 'f768089b759b06af0139427c6d1bfda3') in 0.007 seconds [static and dynamic dependencies]. Details - ImportResultOutputID=e0fb90ea5fe56d0ad217e27305d8e92a DependenciesID=f37851c5e7ce1d0f5f491276c4d51d92 StaticDependenciesID=07ff71681615d2a74f48e7e918309138 
Number of updated asset objects reloaded before import = 0
Number of asset objects unloaded after import = 0
========================================================================
Received Import Request.
  Time of request: 2026-09-19T15:08:16.9942546Z
  Time since last request: 0.0007503 seconds.
  importAddress: GUID: c10e8fc853bad4a54a96aedac078a036 - Path: Packages/com.unity.collab-proxy/Editor/Diff/Asset/Diff/DiffGutter.cs - Importer: ScriptedImporter/UnityEditor.QuickSearchModule:UnityEditor.Search:ASIAI0B
Importing 'GUID: c10e8fc853bad4a54a96aedac078a036 - Path: Packages/com.unity.collab-proxy/Editor/Diff/Asset/Diff/DiffGutter.cs - Importer: ScriptedImporter/UnityEditor.QuickSearchModule:UnityEditor.Search:ASIAI0B' with importer (ScriptedImporter : UnityEditor.QuickSearchModule:UnityEditor.Search:ASIAI0B)
Imported 'GUID: c10e8fc853bad4a54a96aedac078a036' -> (Import Result ID: '23c3e3db8e83dc463e491cc58fef4cc5') in 0.003 seconds [static and dynamic dependencies]. Details - ImportResultOutputID=919a192e599f4c11fd7b8886c2513bc2 DependenciesID=52a80b92726406eb85bf188753c67889 StaticDependenciesID=87159da6071067ade83432764b4c977a 
Number of updated asset objects reloaded before import = 0
Number of asset objects unloaded after import = 0
========================================================================
Received Import Request.
  Time of request: 2026-09-19T15:08:17.0179825Z
  Time since last request: 0.0006531 seconds.
  importAddress: GUID: 83ac42cfcef844f98fd021a805db6392 - Path: Packages/com.unity.collab-proxy/Editor/Diff/Asset/Diff/AssetDiffControl.cs - Importer: ScriptedImporter/UnityEditor.QuickSearchModule:UnityEditor.Search:ASIAI0B
Importing 'GUID: 83ac42cfcef844f98fd021a805db6392 - Path: Packages/com.unity.collab-proxy/Editor/Diff/Asset/Diff/AssetDiffControl.cs - Importer: ScriptedImporter/UnityEditor.QuickSearchModule:UnityEditor.Search:ASIAI0B' with importer (ScriptedImporter : UnityEditor.QuickSearchModule:UnityEditor.Search:ASIAI0B)
Imported 'GUID: 83ac42cfcef844f98fd021a805db6392' -> (Import Result ID: '5e61cce029bca4af351aaff453fd39b4') in 0.004 seconds [static and dynamic dependencies]. Details - ImportResultOutputID=4b41c159869c6e93e13779f4d927892b DependenciesID=e2ed4ab7fbd78f8c372b782a886bdda7 StaticDependenciesID=ca2d3ae069fd585aa3967110f88c31ce 
Number of updated asset objects reloaded before import = 0
Number of asset objects unloaded after import = 0
========================================================================
Received Import Request.
  Time of request: 2026-09-19T15:08:17.0401951Z
  Time since last request: 0.0006332 seconds.
  importAddress: GUID: edfe946ea0f84261836c83966181e9ec - Path: Packages/com.unity.collab-proxy/Editor/Diff/Image/Views/IImageDiffView.cs - Importer: ScriptedImporter/UnityEditor.QuickSearchModule:UnityEditor.Search:ASIAI0B
Importing 'GUID: edfe946ea0f84261836c83966181e9ec - Path: Packages/com.unity.collab-proxy/Editor/Diff/Image/Views/IImageDiffView.cs - Importer: ScriptedImporter/UnityEditor.QuickSearchModule:UnityEditor.Search:ASIAI0B' with importer (ScriptedImporter : UnityEditor.QuickSearchModule:UnityEditor.Search:ASIAI0B)
Imported 'GUID: edfe946ea0f84261836c83966181e9ec' -> (Import Result ID: '00f925bcb52060270004c4a7e94f0591') in 0.004 seconds [static and dynamic dependencies]. Details - ImportResultOutputID=a7f475f9e5b2db0c35b11fab4fcec169 DependenciesID=4546968a6bffb862d409f3b969ee7151 StaticDependenciesID=3a126341f880b53cb3066710a79d8de0 
Number of updated asset objects reloaded before import = 0
Number of asset objects unloaded after import = 0
========================================================================
Received Import Request.
  Time of request: 2026-09-19T15:08:17.0642281Z
  Time since last request: 0.0008111 seconds.
  importAddress: GUID: 2628fb5d276334c46b602b8fb8e0af3c - Path: Packages/com.unity.collab-proxy/Editor/Diff/Asset/Content/ContentRow.cs - Importer: ScriptedImporter/UnityEditor.QuickSearchModule:UnityEditor.Search:ASIAI0B
Importing 'GUID: 2628fb5d276334c46b602b8fb8e0af3c - Path: Packages/com.unity.collab-proxy/Editor/Diff/Asset/Content/ContentRow.cs - Importer: ScriptedImporter/UnityEditor.QuickSearchModule:UnityEditor.Search:ASIAI0B' with importer (ScriptedImporter : UnityEditor.QuickSearchModule:UnityEditor.Search:ASIAI0B)
Imported 'GUID: 2628fb5d276334c46b602b8fb8e0af3c' -> (Import Result ID: '1f09c3650465abe8c3850034c61fc0aa') in 0.003 seconds [static and dynamic dependencies]. Details - ImportResultOutputID=6f1b2193449fac466bd3355ced820725 DependenciesID=ebfaa25bc4ed021ed3a84bc84158bc41 StaticDependenciesID=f42ff970b0a80648425d67dd6c9c2403 
Number of updated asset objects reloaded before import = 0
Number of asset objects unloaded after import = 0
========================================================================
Received Import Request.
  Time of request: 2026-09-19T15:08:17.0856644Z
  Time since last request: 0.0005639 seconds.
  importAddress: GUID: 27ad74436f1a14061aeab82ecf55b0a1 - Path: Packages/com.unity.collab-proxy/Editor/Diff/Image/Views/ImageDiffExtensions.cs - Importer: ScriptedImporter/UnityEditor.QuickSearchModule:UnityEditor.Search:ASIAI0B
Importing 'GUID: 27ad74436f1a14061aeab82ecf55b0a1 - Path: Packages/com.unity.collab-proxy/Editor/Diff/Image/Views/ImageDiffExtensions.cs - Importer: ScriptedImporter/UnityEditor.QuickSearchModule:UnityEditor.Search:ASIAI0B' with importer (ScriptedImporter : UnityEditor.QuickSearchModule:UnityEditor.Search:ASIAI0B)
Imported 'GUID: 27ad74436f1a14061aeab82ecf55b0a1' -> (Import Result ID: '9113f1b21002bc5efe78ebef65c6d9c1') in 0.004 seconds [static and dynamic dependencies]. Details - ImportResultOutputID=519078ccf423c1c70460b786d5e7a37b DependenciesID=dc920af6f1dad5cbb112177baa4b738f StaticDependenciesID=a608f0b6a5e62589c6e59d5650a73233 
Number of updated asset objects reloaded before import = 0
Number of asset objects unloaded after import = 0
========================================================================
Received Import Request.
  Time of request: 2026-09-19T15:08:17.1081362Z
  Time since last request: 0.0007041 seconds.
  importAddress: GUID: 0e3cb890d25a9473296427cdde6f83b7 - Path: Packages/com.unity.collab-proxy/Editor/Diff/Asset/Content/ContentRowElement.cs - Importer: ScriptedImporter/UnityEditor.QuickSearchModule:UnityEditor.Search:ASIAI0B
Importing 'GUID: 0e3cb890d25a9473296427cdde6f83b7 - Path: Packages/com.unity.collab-proxy/Editor/Diff/Asset/Content/ContentRowElement.cs - Importer: ScriptedImporter/UnityEditor.QuickSearchModule:UnityEditor.Search:ASIAI0B' with importer (ScriptedImporter : UnityEditor.QuickSearchModule:UnityEditor.Search:ASIAI0B)
Imported 'GUID: 0e3cb890d25a9473296427cdde6f83b7' -> (Import Result ID: 'cec589e41d18c111975a50f241acb46d') in 0.004 seconds [static and dynamic dependencies]. Details - ImportResultOutputID=2f35cb01bf86699196735aa84fa08a3b DependenciesID=164bc92976500aa595b7f89b823e10c3 StaticDependenciesID=b53c7d19b565bc6948c09a6eb09fa452 
Number of updated asset objects reloaded before import = 0
Number of asset objects unloaded after import = 0
========================================================================
Received Import Request.
  Time of request: 2026-09-19T15:08:17.1297625Z
  Time since last request: 0.0007288 seconds.
  importAddress: GUID: 4b4f616cc46fe427abf2c218828fef79 - Path: Packages/com.unity.collab-proxy/Editor/Diff/Image/Toolbar/ChannelOptionsView.cs - Importer: ScriptedImporter/UnityEditor.QuickSearchModule:UnityEditor.Search:ASIAI0B
Importing 'GUID: 4b4f616cc46fe427abf2c218828fef79 - Path: Packages/com.unity.collab-proxy/Editor/Diff/Image/Toolbar/ChannelOptionsView.cs - Importer: ScriptedImporter/UnityEditor.QuickSearchModule:UnityEditor.Search:ASIAI0B' with importer (ScriptedImporter : UnityEditor.QuickSearchModule:UnityEditor.Search:ASIAI0B)
Imported 'GUID: 4b4f616cc46fe427abf2c218828fef79' -> (Import Result ID: '0a925433c9b4106fbdc495a867358e18') in 0.003 seconds [static and dynamic dependencies]. Details - ImportResultOutputID=006c6eb8d8ed7a1e5e361c624ccc2673 DependenciesID=9d2de56c24b1be058b1da9ed8d85a09a StaticDependenciesID=37b360072ead73763536e7a60b860ab3 
Number of updated asset objects reloaded before import = 0
Number of asset objects unloaded after import = 0
========================================================================
Received Import Request.
  Time of request: 2026-09-19T15:08:17.1508222Z
  Time since last request: 0.0007442 seconds.
  importAddress: GUID: 694f4474a0854a2bab3e880bbcb004c6 - Path: Packages/com.unity.collab-proxy/Editor/Diff/Asset/Diff/DiffToolbarPanel.cs - Importer: ScriptedImporter/UnityEditor.QuickSearchModule:UnityEditor.Search:ASIAI0B
Importing 'GUID: 694f4474a0854a2bab3e880bbcb004c6 - Path: Packages/com.unity.collab-proxy/Editor/Diff/Asset/Diff/DiffToolbarPanel.cs - Importer: ScriptedImporter/UnityEditor.QuickSearchModule:UnityEditor.Search:ASIAI0B' with importer (ScriptedImporter : UnityEditor.QuickSearchModule:UnityEditor.Search:ASIAI0B)
Imported 'GUID: 694f4474a0854a2bab3e880bbcb004c6' -> (Import Result ID: '07073c1ca223d59f44ba30ba3fc2cd96') in 0.003 seconds [static and dynamic dependencies]. Details - ImportResultOutputID=60e1e75e1a18e8bda76455441cb85d62 DependenciesID=7b87a0483a2013a25cadeda5915aaae6 StaticDependenciesID=ebbfa595ae88ac30e2dd9236700baea9 
Number of updated asset objects reloaded before import = 0
Number of asset objects unloaded after import = 0
========================================================================
Received Import Request.
  Time of request: 2026-09-19T15:08:17.1739126Z
  Time since last request: 0.0006369 seconds.
  importAddress: GUID: 15065be9d58284ff3a0be3d0e4527920 - Path: Packages/com.unity.collab-proxy/Editor/Diff/Asset/Diff/DiffRow.cs - Importer: ScriptedImporter/UnityEditor.QuickSearchModule:UnityEditor.Search:ASIAI0B
Importing 'GUID: 15065be9d58284ff3a0be3d0e4527920 - Path: Packages/com.unity.collab-proxy/Editor/Diff/Asset/Diff/DiffRow.cs - Importer: ScriptedImporter/UnityEditor.QuickSearchModule:UnityEditor.Search:ASIAI0B' with importer (ScriptedImporter : UnityEditor.QuickSearchModule:UnityEditor.Search:ASIAI0B)
Imported 'GUID: 15065be9d58284ff3a0be3d0e4527920' -> (Import Result ID: '61edffc4d8e179108f6b643fd78b6dae') in 0.005 seconds [static and dynamic dependencies]. Details - ImportResultOutputID=7201b6befce210249dd1be53b2ea135e DependenciesID=75f684c88b24b3f5902012f25efb8f3d StaticDependenciesID=65ea7a658493066b5afdf8861b28359a 
Number of updated asset objects reloaded before import = 0
Number of asset objects unloaded after import = 0
========================================================================
Received Import Request.
  Time of request: 2026-09-19T15:08:17.2002045Z
  Time since last request: 0.0007936 seconds.
  importAddress: GUID: e5cbdaec4d63a4013ad3089e2435b53f - Path: Packages/com.unity.collab-proxy/Editor/Diff/Asset/Diff/DiffHeaderRow.cs - Importer: ScriptedImporter/UnityEditor.QuickSearchModule:UnityEditor.Search:ASIAI0B
Importing 'GUID: e5cbdaec4d63a4013ad3089e2435b53f - Path: Packages/com.unity.collab-proxy/Editor/Diff/Asset/Diff/DiffHeaderRow.cs - Importer: ScriptedImporter/UnityEditor.QuickSearchModule:UnityEditor.Search:ASIAI0B' with importer (ScriptedImporter : UnityEditor.QuickSearchModule:UnityEditor.Search:ASIAI0B)
Imported 'GUID: e5cbdaec4d63a4013ad3089e2435b53f' -> (Import Result ID: '8af8dcda311d4cb1e508ac2cd5082fa3') in 0.004 seconds [static and dynamic dependencies]. Details - ImportResultOutputID=fff3920522caac74ffba558643d9457c DependenciesID=72721d93b4c5a464daf7495b4d28aa2c StaticDependenciesID=4ada6a26041e52060bb894835561f01a 
Number of updated asset objects reloaded before import = 0
Number of asset objects unloaded after import = 0
========================================================================
Received Import Request.
  Time of request: 2026-09-19T15:08:17.2249896Z
  Time since last request: 0.0006982 seconds.
  importAddress: GUID: 98697e16f5be4c5dbaf28a10798b108f - Path: Packages/com.unity.collab-proxy/Editor/Diff/Asset/Diff/GroupHeaderRow.cs - Importer: ScriptedImporter/UnityEditor.QuickSearchModule:UnityEditor.Search:ASIAI0B
Importing 'GUID: 98697e16f5be4c5dbaf28a10798b108f - Path: Packages/com.unity.collab-proxy/Editor/Diff/Asset/Diff/GroupHeaderRow.cs - Importer: ScriptedImporter/UnityEditor.QuickSearchModule:UnityEditor.Search:ASIAI0B' with importer (ScriptedImporter : UnityEditor.QuickSearchModule:UnityEditor.Search:ASIAI0B)
Imported 'GUID: 98697e16f5be4c5dbaf28a10798b108f' -> (Import Result ID: '685cc64bd914bc15b701762583fb1940') in 0.004 seconds [static and dynamic dependencies]. Details - ImportResultOutputID=3868bf221711db1f96bba8906fb98f0d DependenciesID=f80a8c6fa2a06184a63e1c0d9a7e83f9 StaticDependenciesID=b571c48a53f6e501666bcd64e2783a70 
Number of updated asset objects reloaded before import = 0
Number of asset objects unloaded after import = 0
========================================================================
Received Import Request.
  Time of request: 2026-09-19T15:08:17.2465838Z
  Time since last request: 0.0005502 seconds.
  importAddress: GUID: 0bb6b8b3dfca43538b7ef0bff1d13780 - Path: Packages/com.unity.collab-proxy/Editor/UI/UnityInternals/UnityEditor/ContainerWindow.cs - Importer: ScriptedImporter/UnityEditor.QuickSearchModule:UnityEditor.Search:ASIAI0B
Importing 'GUID: 0bb6b8b3dfca43538b7ef0bff1d13780 - Path: Packages/com.unity.collab-proxy/Editor/UI/UnityInternals/UnityEditor/ContainerWindow.cs - Importer: ScriptedImporter/UnityEditor.QuickSearchModule:UnityEditor.Search:ASIAI0B' with importer (ScriptedImporter : UnityEditor.QuickSearchModule:UnityEditor.Search:ASIAI0B)
Imported 'GUID: 0bb6b8b3dfca43538b7ef0bff1d13780' -> (Import Result ID: 'b3a44992dd67f94931da9ed510ae5072') in 0.003 seconds [static and dynamic dependencies]. Details - ImportResultOutputID=4fa34e41cc63fb54dc14bda78f4bb987 DependenciesID=4cdeb58b75e440551f455ba05c8d7524 StaticDependenciesID=60d799bdf5976c63993466fb32ecf7e7 
Number of updated asset objects reloaded before import = 0
Number of asset objects unloaded after import = 0
========================================================================
Received Import Request.
  Time of request: 2026-09-19T15:08:17.2671587Z
  Time since last request: 0.0005814 seconds.
  importAddress: GUID: 6eaff6a39d1545778e6362a438cb9da4 - Path: Packages/com.unity.collab-proxy/Editor/Diff/Asset/Diff/DataLossKind.cs - Importer: ScriptedImporter/UnityEditor.QuickSearchModule:UnityEditor.Search:ASIAI0B
Importing 'GUID: 6eaff6a39d1545778e6362a438cb9da4 - Path: Packages/com.unity.collab-proxy/Editor/Diff/Asset/Diff/DataLossKind.cs - Importer: ScriptedImporter/UnityEditor.QuickSearchModule:UnityEditor.Search:ASIAI0B' with importer (ScriptedImporter : UnityEditor.QuickSearchModule:UnityEditor.Search:ASIAI0B)
Imported 'GUID: 6eaff6a39d1545778e6362a438cb9da4' -> (Import Result ID: 'fff3194668463da4ac8eb0a732eac723') in 0.003 seconds [static and dynamic dependencies]. Details - ImportResultOutputID=b85eec118e42fc96e3ea1ae4ba6e12ed DependenciesID=881b7d9a388074b16726391f69874bad StaticDependenciesID=c3417f9341bd3783ba4936462c0560a2 
Number of updated asset objects reloaded before import = 0
Number of asset objects unloaded after import = 0
========================================================================
Received Import Request.
  Time of request: 2026-09-19T15:08:17.2876598Z
  Time since last request: 0.0006573 seconds.
  importAddress: GUID: b7a6e00fe1c54225a6eaeb9fb907f498 - Path: Packages/com.unity.collab-proxy/Editor/Diff/Asset/Content/ContentPropertyRow.cs - Importer: ScriptedImporter/UnityEditor.QuickSearchModule:UnityEditor.Search:ASIAI0B
Importing 'GUID: b7a6e00fe1c54225a6eaeb9fb907f498 - Path: Packages/com.unity.collab-proxy/Editor/Diff/Asset/Content/ContentPropertyRow.cs - Importer: ScriptedImporter/UnityEditor.QuickSearchModule:UnityEditor.Search:ASIAI0B' with importer (ScriptedImporter : UnityEditor.QuickSearchModule:UnityEditor.Search:ASIAI0B)
Imported 'GUID: b7a6e00fe1c54225a6eaeb9fb907f498' -> (Import Result ID: '5e503bec0515e1f03a78f3c566362828') in 0.003 seconds [static and dynamic dependencies]. Details - ImportResultOutputID=9d79dffda6d603a269e1cb6807c67665 DependenciesID=8e79aa0e15d64af1b769835c1a6f3da5 StaticDependenciesID=f552fa159118a08028f9898e6305010a 
Number of updated asset objects reloaded before import = 0
Number of asset objects unloaded after import = 0
========================================================================
Received Import Request.
  Time of request: 2026-09-19T15:08:17.3109792Z
  Time since last request: 0.0008123 seconds.
  importAddress: GUID: be3e4f1fe8db42108891c86e7f3c66fb - Path: Packages/com.unity.collab-proxy/Editor/Diff/Image/Toolbar/ZoomOptionsView.cs - Importer: ScriptedImporter/UnityEditor.QuickSearchModule:UnityEditor.Search:ASIAI0B
Importing 'GUID: be3e4f1fe8db42108891c86e7f3c66fb - Path: Packages/com.unity.collab-proxy/Editor/Diff/Image/Toolbar/ZoomOptionsView.cs - Importer: ScriptedImporter/UnityEditor.QuickSearchModule:UnityEditor.Search:ASIAI0B' with importer (ScriptedImporter : UnityEditor.QuickSearchModule:UnityEditor.Search:ASIAI0B)
Imported 'GUID: be3e4f1fe8db42108891c86e7f3c66fb' -> (Import Result ID: '2e9702088a244da02cc6acafbb20d4d9') in 0.004 seconds [static and dynamic dependencies]. Details - ImportResultOutputID=489d7124fd088cf1df235b7f076e6501 DependenciesID=4b5d81ada4b2440e1b307b918927bf71 StaticDependenciesID=34c749415173a9b002ed5d36e3de8904 
Number of updated asset objects reloaded before import = 0
Number of asset objects unloaded after import = 0
========================================================================
Received Import Request.
  Time of request: 2026-09-19T15:08:17.337175Z
  Time since last request: 0.0005679 seconds.
  importAddress: GUID: ecd2902f8da144961ba11c078bb1e20b - Path: Packages/com.unity.collab-proxy/Editor/Diff/Image/Toolbar/ImageDiffToolbar.cs - Importer: ScriptedImporter/UnityEditor.QuickSearchModule:UnityEditor.Search:ASIAI0B
Importing 'GUID: ecd2902f8da144961ba11c078bb1e20b - Path: Packages/com.unity.collab-proxy/Editor/Diff/Image/Toolbar/ImageDiffToolbar.cs - Importer: ScriptedImporter/UnityEditor.QuickSearchModule:UnityEditor.Search:ASIAI0B' with importer (ScriptedImporter : UnityEditor.QuickSearchModule:UnityEditor.Search:ASIAI0B)
Imported 'GUID: ecd2902f8da144961ba11c078bb1e20b' -> (Import Result ID: '7a87ece51aa9c892d7d76e42dcda1776') in 0.005 seconds [static and dynamic dependencies]. Details - ImportResultOutputID=dcdcae712d6d9c67e9df7bc684b247ed DependenciesID=c3bd1008651740bb4ea5ef76eafcfd05 StaticDependenciesID=7e1cdcb9b5ddaecfd8147ab994028ab9 
Number of updated asset objects reloaded before import = 0
Number of asset objects unloaded after import = 0
========================================================================
Received Import Request.
  Time of request: 2026-09-19T15:08:17.3670317Z
  Time since last request: 0.000683 seconds.
  importAddress: GUID: 9a10c8be3cfa470199e57ef38283bcfd - Path: Packages/com.unity.collab-proxy/Editor/Inspector/Properties/Label/LabelPropertiesPanel.cs - Importer: ScriptedImporter/UnityEditor.QuickSearchModule:UnityEditor.Search:ASIAI0B
Importing 'GUID: 9a10c8be3cfa470199e57ef38283bcfd - Path: Packages/com.unity.collab-proxy/Editor/Inspector/Properties/Label/LabelPropertiesPanel.cs - Importer: ScriptedImporter/UnityEditor.QuickSearchModule:UnityEditor.Search:ASIAI0B' with importer (ScriptedImporter : UnityEditor.QuickSearchModule:UnityEditor.Search:ASIAI0B)
Imported 'GUID: 9a10c8be3cfa470199e57ef38283bcfd' -> (Import Result ID: '31907660d3245717a3256faa10a2aa76') in 0.003 seconds [static and dynamic dependencies]. Details - ImportResultOutputID=a216b071787660f37909d0adda6b3ddb DependenciesID=9b86b6f3f533e8b1fe4da230829cbe4a StaticDependenciesID=e8917793f2ac2ec874d5b8c429462e4d 
Number of updated asset objects reloaded before import = 0
Number of asset objects unloaded after import = 0
========================================================================
Received Import Request.
  Time of request: 2026-09-19T15:08:17.3860369Z
  Time since last request: 0.0005718 seconds.
  importAddress: GUID: db010bdfb5124461bf82c83e532a3f26 - Path: Packages/com.unity.collab-proxy/Editor/Diff/Asset/Content/ContentGroupHeaderRow.cs - Importer: ScriptedImporter/UnityEditor.QuickSearchModule:UnityEditor.Search:ASIAI0B
Importing 'GUID: db010bdfb5124461bf82c83e532a3f26 - Path: Packages/com.unity.collab-proxy/Editor/Diff/Asset/Content/ContentGroupHeaderRow.cs - Importer: ScriptedImporter/UnityEditor.QuickSearchModule:UnityEditor.Search:ASIAI0B' with importer (ScriptedImporter : UnityEditor.QuickSearchModule:UnityEditor.Search:ASIAI0B)
Imported 'GUID: db010bdfb5124461bf82c83e532a3f26' -> (Import Result ID: '501dd80a7cc9dd07e2d8835eeb771092') in 0.003 seconds [static and dynamic dependencies]. Details - ImportResultOutputID=38336ffcdfe9b5f05b930bd0555c78f7 DependenciesID=8cb200a9afb3b899db1786ca8c75bf93 StaticDependenciesID=ed8a964f94246bd030523a5cc0e6557a 
Number of updated asset objects reloaded before import = 0
Number of asset objects unloaded after import = 0
========================================================================
Received Import Request.
  Time of request: 2026-09-19T15:08:17.406263Z
  Time since last request: 0.0007162 seconds.
  importAddress: GUID: 57a63f5d522d4da98a48cb71348c223e - Path: Packages/com.unity.collab-proxy/Editor/Diff/Asset/Content/AssetContentControl.cs - Importer: ScriptedImporter/UnityEditor.QuickSearchModule:UnityEditor.Search:ASIAI0B
Importing 'GUID: 57a63f5d522d4da98a48cb71348c223e - Path: Packages/com.unity.collab-proxy/Editor/Diff/Asset/Content/AssetContentControl.cs - Importer: ScriptedImporter/UnityEditor.QuickSearchModule:UnityEditor.Search:ASIAI0B' with importer (ScriptedImporter : UnityEditor.QuickSearchModule:UnityEditor.Search:ASIAI0B)
Imported 'GUID: 57a63f5d522d4da98a48cb71348c223e' -> (Import Result ID: 'e5417b468331de69fc080686ab44c252') in 0.003 seconds [static and dynamic dependencies]. Details - ImportResultOutputID=92a5570dc531b068d9e2b621c8d021d3 DependenciesID=a688e5f6dce628f1fb50bd769a218b14 StaticDependenciesID=0183d3f42373debbd958581ec6d2400b 
Number of updated asset objects reloaded before import = 0
Number of asset objects unloaded after import = 0
========================================================================
Received Import Request.
  Time of request: 2026-09-19T15:08:17.4357627Z
  Time since last request: 0.0114214 seconds.
  importAddress: GUID: 66b140cd6be9479ab524a58f460a694d - Path: Packages/com.unity.collab-proxy/Editor/UI/UnityInternals/UnityEditor/EditorGUI.cs - Importer: ScriptedImporter/UnityEditor.QuickSearchModule:UnityEditor.Search:ASIAI0B
Importing 'GUID: 66b140cd6be9479ab524a58f460a694d - Path: Packages/com.unity.collab-proxy/Editor/UI/UnityInternals/UnityEditor/EditorGUI.cs - Importer: ScriptedImporter/UnityEditor.QuickSearchModule:UnityEditor.Search:ASIAI0B' with importer (ScriptedImporter : UnityEditor.QuickSearchModule:UnityEditor.Search:ASIAI0B)
Imported 'GUID: 66b140cd6be9479ab524a58f460a694d' -> (Import Result ID: '0caf56575e094712d163a6fc170ce119') in 0.003 seconds [static and dynamic dependencies]. Details - ImportResultOutputID=a82f5216e0f060f6cdf9ed1e79fb4489 DependenciesID=61586a409452c29fd53cfe6b70105ff1 StaticDependenciesID=3685d43f92e4f3c09648ba383ba9651f 
Number of updated asset objects reloaded before import = 0
Number of asset objects unloaded after import = 0
========================================================================
Received Import Request.
  Time of request: 2026-09-19T15:08:17.4795517Z
  Time since last request: 0.0169411 seconds.
  importAddress: GUID: 0beb995ef89b74dd4880e1d7c7b342f9 - Path: Packages/com.unity.collab-proxy/Editor/Diff/Asset/Diff/DiffPropertyRow.cs - Importer: ScriptedImporter/UnityEditor.QuickSearchModule:UnityEditor.Search:ASIAI0B
Importing 'GUID: 0beb995ef89b74dd4880e1d7c7b342f9 - Path: Packages/com.unity.collab-proxy/Editor/Diff/Asset/Diff/DiffPropertyRow.cs - Importer: ScriptedImporter/UnityEditor.QuickSearchModule:UnityEditor.Search:ASIAI0B' with importer (ScriptedImporter : UnityEditor.QuickSearchModule:UnityEditor.Search:ASIAI0B)
Imported 'GUID: 0beb995ef89b74dd4880e1d7c7b342f9' -> (Import Result ID: '818fdf7dfbd7cd2e21f98bf6eb139b92') in 0.004 seconds [static and dynamic dependencies]. Details - ImportResultOutputID=de5f54d3034b5f64417272e2e0a353db DependenciesID=8ce441c7b8048308675b871fba908773 StaticDependenciesID=c0ed573244d81411ee79394e02b991d2 
Number of updated asset objects reloaded before import = 0
Number of asset objects unloaded after import = 0
========================================================================
Received Import Request.
  Time of request: 2026-09-19T15:08:17.5049529Z
  Time since last request: 0.0006658 seconds.
  importAddress: GUID: fbb5000a0504a4acd8b805b122326c9f - Path: Packages/com.unity.collab-proxy/Editor/Diff/Asset/Diff/DiffFilter.cs - Importer: ScriptedImporter/UnityEditor.QuickSearchModule:UnityEditor.Search:ASIAI0B
Importing 'GUID: fbb5000a0504a4acd8b805b122326c9f - Path: Packages/com.unity.collab-proxy/Editor/Diff/Asset/Diff/DiffFilter.cs - Importer: ScriptedImporter/UnityEditor.QuickSearchModule:UnityEditor.Search:ASIAI0B' with importer (ScriptedImporter : UnityEditor.QuickSearchModule:UnityEditor.Search:ASIAI0B)
Imported 'GUID: fbb5000a0504a4acd8b805b122326c9f' -> (Import Result ID: 'ad0c739190f38d650b1a1085a816151e') in 0.004 seconds [static and dynamic dependencies]. Details - ImportResultOutputID=997827e7f7cf505df7bed3f37ff53c3f DependenciesID=018d60167e98b26fb1098775db438b9e StaticDependenciesID=92d1659afd4db6d45c0f3d15254f18fc 
Number of updated asset objects reloaded before import = 0
Number of asset objects unloaded after import = 0
========================================================================
Received Import Request.
  Time of request: 2026-09-19T15:08:17.5315107Z
  Time since last request: 0.0011748 seconds.
  importAddress: GUID: fe0c3fddc9d7444cad1202bea40ff63f - Path: Packages/com.unity.collab-proxy/Editor/Diff/Asset/Content/ContentHeaderRow.cs - Importer: ScriptedImporter/UnityEditor.QuickSearchModule:UnityEditor.Search:ASIAI0B
Importing 'GUID: fe0c3fddc9d7444cad1202bea40ff63f - Path: Packages/com.unity.collab-proxy/Editor/Diff/Asset/Content/ContentHeaderRow.cs - Importer: ScriptedImporter/UnityEditor.QuickSearchModule:UnityEditor.Search:ASIAI0B' with importer (ScriptedImporter : UnityEditor.QuickSearchModule:UnityEditor.Search:ASIAI0B)
Imported 'GUID: fe0c3fddc9d7444cad1202bea40ff63f' -> (Import Result ID: 'ebe5bfa1c921ca14870fe82e64b1c9ad') in 0.004 seconds [static and dynamic dependencies]. Details - ImportResultOutputID=6d30d9f058f233196f5757ecbe261dc3 DependenciesID=324586ec5745be2f6108fb1cfda59336 StaticDependenciesID=544439e235261fe1df087cdad1c21cc7 
Number of updated asset objects reloaded before import = 0
Number of asset objects unloaded after import = 0
========================================================================
Received Import Request.
  Time of request: 2026-09-19T15:08:17.5528639Z
  Time since last request: 0.0006756 seconds.
  importAddress: GUID: 56bfa9b016d534be29da249ecd15b98f - Path: Packages/com.unity.collab-proxy/Editor/Diff/Image/Views/IZoomableImageView.cs - Importer: ScriptedImporter/UnityEditor.QuickSearchModule:UnityEditor.Search:ASIAI0B
Importing 'GUID: 56bfa9b016d534be29da249ecd15b98f - Path: Packages/com.unity.collab-proxy/Editor/Diff/Image/Views/IZoomableImageView.cs - Importer: ScriptedImporter/UnityEditor.QuickSearchModule:UnityEditor.Search:ASIAI0B' with importer (ScriptedImporter : UnityEditor.QuickSearchModule:UnityEditor.Search:ASIAI0B)
Imported 'GUID: 56bfa9b016d534be29da249ecd15b98f' -> (Import Result ID: '3f2c4f9c6b7801aeb37db7423693a31e') in 0.006 seconds [static and dynamic dependencies]. Details - ImportResultOutputID=fcf21a0c8ee597a5ce3305d15a06e0d3 DependenciesID=74a66658746f05ae36d631e5655dfdfc StaticDependenciesID=cdc15995a14be8b51d7668fadc792981 
Number of updated asset objects reloaded before import = 0
Number of asset objects unloaded after import = 0
========================================================================
Received Import Request.
  Time of request: 2026-09-19T15:08:17.5834512Z
  Time since last request: 0.0024767 seconds.
  importAddress: GUID: 14b7fa9fffe443888cccb93957dea182 - Path: Packages/com.unity.collab-proxy/Editor/Inspector/Properties/Branch/BranchPropertiesPanel.cs - Importer: ScriptedImporter/UnityEditor.QuickSearchModule:UnityEditor.Search:ASIAI0B
Importing 'GUID: 14b7fa9fffe443888cccb93957dea182 - Path: Packages/com.unity.collab-proxy/Editor/Inspector/Properties/Branch/BranchPropertiesPanel.cs - Importer: ScriptedImporter/UnityEditor.QuickSearchModule:UnityEditor.Search:ASIAI0B' with importer (ScriptedImporter : UnityEditor.QuickSearchModule:UnityEditor.Search:ASIAI0B)
Imported 'GUID: 14b7fa9fffe443888cccb93957dea182' -> (Import Result ID: 'ad1ffbaf2671a47a65e3198b3b167674') in 0.004 seconds [static and dynamic dependencies]. Details - ImportResultOutputID=e1bcccbb1516fbc5ba970a43d1fbe33f DependenciesID=054cd5d19964073c741c38e7489abd4e StaticDependenciesID=38328fb107a2ba3775418b25882a967d 
Number of updated asset objects reloaded before import = 0
Number of asset objects unloaded after import = 0
========================================================================
Received Import Request.
  Time of request: 2026-09-19T15:08:17.6237996Z
  Time since last request: 0.0124537 seconds.
  importAddress: GUID: e2d43d3b3af668e4fb7dbf4f2b7384e5 - Path: Packages/com.unity.collab-proxy/Editor/UVCSToolbar/PopupWindow/Operations/UncontrolledPopupOperations.cs - Importer: ScriptedImporter/UnityEditor.QuickSearchModule:UnityEditor.Search:ASIAI0B
Importing 'GUID: e2d43d3b3af668e4fb7dbf4f2b7384e5 - Path: Packages/com.unity.collab-proxy/Editor/UVCSToolbar/PopupWindow/Operations/UncontrolledPopupOperations.cs - Importer: ScriptedImporter/UnityEditor.QuickSearchModule:UnityEditor.Search:ASIAI0B' with importer (ScriptedImporter : UnityEditor.QuickSearchModule:UnityEditor.Search:ASIAI0B)
Imported 'GUID: e2d43d3b3af668e4fb7dbf4f2b7384e5' -> (Import Result ID: '79e31f9ac3423d8b6addd984752c1036') in 0.005 seconds [static and dynamic dependencies]. Details - ImportResultOutputID=051e2fe76bee9609fb8f38003c3af6d6 DependenciesID=a50df636ca673b83b7c32f80ff6b2c36 StaticDependenciesID=d71ff2f815d6a265122e3dee3b25b884 
Number of updated asset objects reloaded before import = 0
Number of asset objects unloaded after import = 0
========================================================================
Received Import Request.
  Time of request: 2026-09-19T15:08:17.6528592Z
  Time since last request: 0.0007879 seconds.
  importAddress: GUID: 6c114cb79a4a4da99813e9526b36080f - Path: Packages/com.unity.collab-proxy/Editor/UVCSToolbar/PopupWindow/BranchesList/BranchesListModel.cs - Importer: ScriptedImporter/UnityEditor.QuickSearchModule:UnityEditor.Search:ASIAI0B
Importing 'GUID: 6c114cb79a4a4da99813e9526b36080f - Path: Packages/com.unity.collab-proxy/Editor/UVCSToolbar/PopupWindow/BranchesList/BranchesListModel.cs - Importer: ScriptedImporter/UnityEditor.QuickSearchModule:UnityEditor.Search:ASIAI0B' with importer (ScriptedImporter : UnityEditor.QuickSearchModule:UnityEditor.Search:ASIAI0B)
Imported 'GUID: 6c114cb79a4a4da99813e9526b36080f' -> (Import Result ID: 'edddde89e8d2896f8a8dd9f739080d41') in 0.004 seconds [static and dynamic dependencies]. Details - ImportResultOutputID=6db6e6b9e1096b1acd0693f0b9fd9fbb DependenciesID=a990eecb8dcc6cbb6f85355f1191bd25 StaticDependenciesID=df3367019ae09e1f629cc11a5d4b9506 
Number of updated asset objects reloaded before import = 0
Number of asset objects unloaded after import = 0
========================================================================
Received Import Request.
  Time of request: 2026-09-19T15:08:17.6749968Z
  Time since last request: 0.0006803 seconds.
  importAddress: GUID: 399b9baa7c7d47729fb3930f4d588602 - Path: Packages/com.unity.collab-proxy/Editor/UI/UnityInternals/UnityEditor/EditorUtility.cs - Importer: ScriptedImporter/UnityEditor.QuickSearchModule:UnityEditor.Search:ASIAI0B
Importing 'GUID: 399b9baa7c7d47729fb3930f4d588602 - Path: Packages/com.unity.collab-proxy/Editor/UI/UnityInternals/UnityEditor/EditorUtility.cs - Importer: ScriptedImporter/UnityEditor.QuickSearchModule:UnityEditor.Search:ASIAI0B' with importer (ScriptedImporter : UnityEditor.QuickSearchModule:UnityEditor.Search:ASIAI0B)
Imported 'GUID: 399b9baa7c7d47729fb3930f4d588602' -> (Import Result ID: '3216240aabe8e989b04fe7b4daad1f10') in 0.004 seconds [static and dynamic dependencies]. Details - ImportResultOutputID=346a1178f9eb1171b3be9899e2dcadb0 DependenciesID=5a3922af710405f46105b97c628d0a3c StaticDependenciesID=5a7ab82779ae9562b3b687ab02f292ca 
Number of updated asset objects reloaded before import = 0
Number of asset objects unloaded after import = 0
========================================================================
Received Import Request.
  Time of request: 2026-09-19T15:08:17.7000327Z
  Time since last request: 0.0006242 seconds.
  importAddress: GUID: 68257d0bed044311b8c3688c35a4497b - Path: Packages/com.unity.collab-proxy/Editor/UI/UnityInternals/UnityEditor/EditorWindowInternal.cs - Importer: ScriptedImporter/UnityEditor.QuickSearchModule:UnityEditor.Search:ASIAI0B
Importing 'GUID: 68257d0bed044311b8c3688c35a4497b - Path: Packages/com.unity.collab-proxy/Editor/UI/UnityInternals/UnityEditor/EditorWindowInternal.cs - Importer: ScriptedImporter/UnityEditor.QuickSearchModule:UnityEditor.Search:ASIAI0B' with importer (ScriptedImporter : UnityEditor.QuickSearchModule:UnityEditor.Search:ASIAI0B)
Imported 'GUID: 68257d0bed044311b8c3688c35a4497b' -> (Import Result ID: '7298a2f68bf51bae199081d9fac37f5e') in 0.004 seconds [static and dynamic dependencies]. Details - ImportResultOutputID=9458f5421b712da0e557880807a8c0fe DependenciesID=3396d6b607e09c27006e830e6144de75 StaticDependenciesID=0c1e754583adb1bd8b2a3f814c685e60 
Number of updated asset objects reloaded before import = 0
Number of asset objects unloaded after import = 0
========================================================================
Received Import Request.
  Time of request: 2026-09-19T15:08:17.7260393Z
  Time since last request: 0.0009144 seconds.
  importAddress: GUID: 11b2026af4f74d51a4ac170e12c3b888 - Path: Packages/com.unity.collab-proxy/Editor/Views/BranchExplorer/Menu/BranchExplorerViewLabelMenuOperations.cs - Importer: ScriptedImporter/UnityEditor.QuickSearchModule:UnityEditor.Search:ASIAI0B
Importing 'GUID: 11b2026af4f74d51a4ac170e12c3b888 - Path: Packages/com.unity.collab-proxy/Editor/Views/BranchExplorer/Menu/BranchExplorerViewLabelMenuOperations.cs - Importer: ScriptedImporter/UnityEditor.QuickSearchModule:UnityEditor.Search:ASIAI0B' with importer (ScriptedImporter : UnityEditor.QuickSearchModule:UnityEditor.Search:ASIAI0B)
Imported 'GUID: 11b2026af4f74d51a4ac170e12c3b888' -> (Import Result ID: '27646fa47ff525090ca381f00acfddca') in 0.007 seconds [static and dynamic dependencies]. Details - ImportResultOutputID=7747e0bc89b650fdcc692a6bc5ecd9c3 DependenciesID=b845a1694b4705bb0987ecb602d86d74 StaticDependenciesID=9bec79c05a3d4d439cbb1dabcd77e291 
Number of updated asset objects reloaded before import = 0
Number of asset objects unloaded after import = 0
========================================================================
Received Import Request.
  Time of request: 2026-09-19T15:08:17.7624494Z
  Time since last request: 0.0008915 seconds.
  importAddress: GUID: 697a4c0e184ce4f03a34eb67fcff2784 - Path: Packages/com.unity.collab-proxy/Editor/Views/BranchExplorer/Zoom/UIElementsAnimator.cs - Importer: ScriptedImporter/UnityEditor.QuickSearchModule:UnityEditor.Search:ASIAI0B
Importing 'GUID: 697a4c0e184ce4f03a34eb67fcff2784 - Path: Packages/com.unity.collab-proxy/Editor/Views/BranchExplorer/Zoom/UIElementsAnimator.cs - Importer: ScriptedImporter/UnityEditor.QuickSearchModule:UnityEditor.Search:ASIAI0B' with importer (ScriptedImporter : UnityEditor.QuickSearchModule:UnityEditor.Search:ASIAI0B)
Imported 'GUID: 697a4c0e184ce4f03a34eb67fcff2784' -> (Import Result ID: '4d619389c19f35d30b8e9f89b9843cae') in 0.004 seconds [static and dynamic dependencies]. Details - ImportResultOutputID=0227bbfff572187b2eb884cbfbc08895 DependenciesID=2672f03828c59af9aac976936dc828f3 StaticDependenciesID=ee7aff93c2468cdf97a62a51edf02264 
Number of updated asset objects reloaded before import = 0
Number of asset objects unloaded after import = 0
========================================================================
Received Import Request.
  Time of request: 2026-09-19T15:08:17.7962956Z
  Time since last request: 0.000868 seconds.
  importAddress: GUID: e894a18d7962e4847a912b6e5058a75e - Path: Packages/com.unity.collab-proxy/Editor/Views/BranchExplorer/Virtualization/CanvasScrollView.cs - Importer: ScriptedImporter/UnityEditor.QuickSearchModule:UnityEditor.Search:ASIAI0B
Importing 'GUID: e894a18d7962e4847a912b6e5058a75e - Path: Packages/com.unity.collab-proxy/Editor/Views/BranchExplorer/Virtualization/CanvasScrollView.cs - Importer: ScriptedImporter/UnityEditor.QuickSearchModule:UnityEditor.Search:ASIAI0B' with importer (ScriptedImporter : UnityEditor.QuickSearchModule:UnityEditor.Search:ASIAI0B)
Imported 'GUID: e894a18d7962e4847a912b6e5058a75e' -> (Import Result ID: 'fa43e1bfae1b2b70d2909134147fe1dc') in 0.006 seconds [static and dynamic dependencies]. Details - ImportResultOutputID=7a3222f9c73e07454252d818f45bc1cb DependenciesID=de8ceb03b94f66ea0edb0b2390ec1b70 StaticDependenciesID=36b5095b91dab0b766b6e6554de9057a 
Number of updated asset objects reloaded before import = 0
Number of asset objects unloaded after import = 0
========================================================================
Received Import Request.
  Time of request: 2026-09-19T15:08:17.8258563Z
  Time since last request: 0.0008143 seconds.
  importAddress: GUID: f90d4c194bf143c5a6ca86108b35d4c8 - Path: Packages/com.unity.collab-proxy/Editor/Views/BranchExplorer/Menu/BranchExplorerLabelMenu.cs - Importer: ScriptedImporter/UnityEditor.QuickSearchModule:UnityEditor.Search:ASIAI0B
Importing 'GUID: f90d4c194bf143c5a6ca86108b35d4c8 - Path: Packages/com.unity.collab-proxy/Editor/Views/BranchExplorer/Menu/BranchExplorerLabelMenu.cs - Importer: ScriptedImporter/UnityEditor.QuickSearchModule:UnityEditor.Search:ASIAI0B' with importer (ScriptedImporter : UnityEditor.QuickSearchModule:UnityEditor.Search:ASIAI0B)
Imported 'GUID: f90d4c194bf143c5a6ca86108b35d4c8' -> (Import Result ID: '838a25369e3730c98aaf9f8e9f241f2a') in 0.004 seconds [static and dynamic dependencies]. Details - ImportResultOutputID=10eb3704ef9ac820a717b846f7723b5f DependenciesID=6d37a1f356e926e7d36411d60b0995a0 StaticDependenciesID=0b9c6c2a3773754ca0aa75789576b10d 
Number of updated asset objects reloaded before import = 0
Number of asset objects unloaded after import = 0
========================================================================
Received Import Request.
  Time of request: 2026-09-19T15:08:17.8514564Z
  Time since last request: 0.0007568 seconds.
  importAddress: GUID: fc962e8f744f4e80962b46b05d1c2d27 - Path: Packages/com.unity.collab-proxy/Editor/UVCSToolbar/PopupWindow/BranchesList/PopupProgressBar.cs - Importer: ScriptedImporter/UnityEditor.QuickSearchModule:UnityEditor.Search:ASIAI0B
Importing 'GUID: fc962e8f744f4e80962b46b05d1c2d27 - Path: Packages/com.unity.collab-proxy/Editor/UVCSToolbar/PopupWindow/BranchesList/PopupProgressBar.cs - Importer: ScriptedImporter/UnityEditor.QuickSearchModule:UnityEditor.Search:ASIAI0B' with importer (ScriptedImporter : UnityEditor.QuickSearchModule:UnityEditor.Search:ASIAI0B)
Imported 'GUID: fc962e8f744f4e80962b46b05d1c2d27' -> (Import Result ID: '8555e3d2a5849d23b1a0b5483bad8f65') in 0.004 seconds [static and dynamic dependencies]. Details - ImportResultOutputID=d32ffdfe69b33709148ce2ce65acc01d DependenciesID=6ddac98ec1f243f6c907f869997a8220 StaticDependenciesID=7c0ce0b7d318388b7f8ea22f78a92e3a 
Number of updated asset objects reloaded before import = 0
Number of asset objects unloaded after import = 0
========================================================================
Received Import Request.
  Time of request: 2026-09-19T15:08:17.8795479Z
  Time since last request: 0.0007011 seconds.
  importAddress: GUID: 69ebbdad2c303214683305d65fe26726 - Path: Packages/com.unity.collab-proxy/Editor/Views/Merge/Developer/ChangeTreeViewItem.cs - Importer: ScriptedImporter/UnityEditor.QuickSearchModule:UnityEditor.Search:ASIAI0B
Importing 'GUID: 69ebbdad2c303214683305d65fe26726 - Path: Packages/com.unity.collab-proxy/Editor/Views/Merge/Developer/ChangeTreeViewItem.cs - Importer: ScriptedImporter/UnityEditor.QuickSearchModule:UnityEditor.Search:ASIAI0B' with importer (ScriptedImporter : UnityEditor.QuickSearchModule:UnityEditor.Search:ASIAI0B)
Imported 'GUID: 69ebbdad2c303214683305d65fe26726' -> (Import Result ID: '125580ed9197c95451859a4bf9022c2f') in 0.004 seconds [static and dynamic dependencies]. Details - ImportResultOutputID=f4638c27c8dd706a356d391d7ec24694 DependenciesID=0b1869d01333f8dff59dad526ba093c1 StaticDependenciesID=2e3636bc5e52ba22d6937dbe60e4e1a7 
Number of updated asset objects reloaded before import = 0
Number of asset objects unloaded after import = 0
========================================================================
Received Import Request.
  Time of request: 2026-09-19T15:08:17.9051962Z
  Time since last request: 0.0007406 seconds.
  importAddress: GUID: 73186521cb8e4de3a13721da02015040 - Path: Packages/com.unity.collab-proxy/Editor/UI/UnityInternals/UnityEditor/HostView.cs - Importer: ScriptedImporter/UnityEditor.QuickSearchModule:UnityEditor.Search:ASIAI0B
Importing 'GUID: 73186521cb8e4de3a13721da02015040 - Path: Packages/com.unity.collab-proxy/Editor/UI/UnityInternals/UnityEditor/HostView.cs - Importer: ScriptedImporter/UnityEditor.QuickSearchModule:UnityEditor.Search:ASIAI0B' with importer (ScriptedImporter : UnityEditor.QuickSearchModule:UnityEditor.Search:ASIAI0B)
Imported 'GUID: 73186521cb8e4de3a13721da02015040' -> (Import Result ID: '061d33c11c68614ac22015bb25a03e68') in 0.004 seconds [static and dynamic dependencies]. Details - ImportResultOutputID=2a1ef753637660fe0561ab513bc00d30 DependenciesID=ea51e4d3355618c7ab6ba4b3dd8b8af9 StaticDependenciesID=7b4d27a4db2a784ec96414eadf3158de 
Number of updated asset objects reloaded before import = 0
Number of asset objects unloaded after import = 0
========================================================================
Received Import Request.
  Time of request: 2026-09-19T15:08:17.9325427Z
  Time since last request: 0.0007342 seconds.
  importAddress: GUID: 4a34e3ce3dbf5594ba28a57fa297a72c - Path: Packages/com.unity.collab-proxy/Editor/Views/Labels/Dialogs/CreateLabelDialog.cs - Importer: ScriptedImporter/UnityEditor.QuickSearchModule:UnityEditor.Search:ASIAI0B
Importing 'GUID: 4a34e3ce3dbf5594ba28a57fa297a72c - Path: Packages/com.unity.collab-proxy/Editor/Views/Labels/Dialogs/CreateLabelDialog.cs - Importer: ScriptedImporter/UnityEditor.QuickSearchModule:UnityEditor.Search:ASIAI0B' with importer (ScriptedImporter : UnityEditor.QuickSearchModule:UnityEditor.Search:ASIAI0B)
Imported 'GUID: 4a34e3ce3dbf5594ba28a57fa297a72c' -> (Import Result ID: '3340b1883675450d95975a6658b5790f') in 0.005 seconds [static and dynamic dependencies]. Details - ImportResultOutputID=beb673b341960d498517fb56a9a636b9 DependenciesID=f7a911f28c2c4c8a11daeadd8960b41b StaticDependenciesID=b0d2e5da7601b63126f48257a5776179 
Number of updated asset objects reloaded before import = 0
Number of asset objects unloaded after import = 0
========================================================================
Received Import Request.
  Time of request: 2026-09-19T15:08:17.9587755Z
  Time since last request: 0.0007865 seconds.
  importAddress: GUID: f2d293552be94873903931c954e5e935 - Path: Packages/com.unity.collab-proxy/Editor/Views/BranchExplorer/Virtualization/QuadTree.cs - Importer: ScriptedImporter/UnityEditor.QuickSearchModule:UnityEditor.Search:ASIAI0B
Importing 'GUID: f2d293552be94873903931c954e5e935 - Path: Packages/com.unity.collab-proxy/Editor/Views/BranchExplorer/Virtualization/QuadTree.cs - Importer: ScriptedImporter/UnityEditor.QuickSearchModule:UnityEditor.Search:ASIAI0B' with importer (ScriptedImporter : UnityEditor.QuickSearchModule:UnityEditor.Search:ASIAI0B)
Imported 'GUID: f2d293552be94873903931c954e5e935' -> (Import Result ID: 'c6e685f606c44908dec52f2060072350') in 0.006 seconds [static and dynamic dependencies]. Details - ImportResultOutputID=09860024e875441fca7383a1adda908f DependenciesID=303e678374d717c4a57cd8ee89f0b977 StaticDependenciesID=49746b1ef12d13013afa5e63422a4dfa 
Number of updated asset objects reloaded before import = 0
Number of asset objects unloaded after import = 0
========================================================================
Received Import Request.
  Time of request: 2026-09-19T15:08:17.9900298Z
  Time since last request: 0.0008442 seconds.
  importAddress: GUID: b048016cba8a4416cb18b2e78eb1705e - Path: Packages/com.unity.collab-proxy/Editor/Views/BranchExplorer/Game/Launcher.cs - Importer: ScriptedImporter/UnityEditor.QuickSearchModule:UnityEditor.Search:ASIAI0B
Importing 'GUID: b048016cba8a4416cb18b2e78eb1705e - Path: Packages/com.unity.collab-proxy/Editor/Views/BranchExplorer/Game/Launcher.cs - Importer: ScriptedImporter/UnityEditor.QuickSearchModule:UnityEditor.Search:ASIAI0B' with importer (ScriptedImporter : UnityEditor.QuickSearchModule:UnityEditor.Search:ASIAI0B)
Imported 'GUID: b048016cba8a4416cb18b2e78eb1705e' -> (Import Result ID: 'a4ed2bba0a7d43e159cba74046400142') in 0.004 seconds [static and dynamic dependencies]. Details - ImportResultOutputID=e2adb71537cad486e5cd72b977f588e0 DependenciesID=50af28211065e47ad4a1ad6732687d11 StaticDependenciesID=72351180846e07c659bbb326ee220745 
Number of updated asset objects reloaded before import = 0
Number of asset objects unloaded after import = 0
========================================================================
Received Import Request.
  Time of request: 2026-09-19T15:08:18.0177878Z
  Time since last request: 0.0008166 seconds.
  importAddress: GUID: 6f5a38a89d734da9bcdfeffe252daed4 - Path: Packages/com.unity.collab-proxy/Editor/UI/UnityInternals/UnityEditor/SavedGUIState.cs - Importer: ScriptedImporter/UnityEditor.QuickSearchModule:UnityEditor.Search:ASIAI0B
Importing 'GUID: 6f5a38a89d734da9bcdfeffe252daed4 - Path: Packages/com.unity.collab-proxy/Editor/UI/UnityInternals/UnityEditor/SavedGUIState.cs - Importer: ScriptedImporter/UnityEditor.QuickSearchModule:UnityEditor.Search:ASIAI0B' with importer (ScriptedImporter : UnityEditor.QuickSearchModule:UnityEditor.Search:ASIAI0B)
Imported 'GUID: 6f5a38a89d734da9bcdfeffe252daed4' -> (Import Result ID: 'd89638a7b587061ef6b907fe10597ee2') in 0.006 seconds [static and dynamic dependencies]. Details - ImportResultOutputID=7b11bf8f507aa3ee39b2431f5658dc91 DependenciesID=d4c28530432bb23ead8b287e3056b8b6 StaticDependenciesID=866819a1e221e454e3a1204b2a80803e 
Number of updated asset objects reloaded before import = 0
Number of asset objects unloaded after import = 0
========================================================================
Received Import Request.
  Time of request: 2026-09-19T15:08:18.0458873Z
  Time since last request: 0.00091 seconds.
  importAddress: GUID: b29af44841cd6644e876233cd057bc18 - Path: Packages/com.unity.collab-proxy/Editor/Views/CreateWorkspace/Dialogs/RepositoryExplorerDialog.cs - Importer: ScriptedImporter/UnityEditor.QuickSearchModule:UnityEditor.Search:ASIAI0B
Importing 'GUID: b29af44841cd6644e876233cd057bc18 - Path: Packages/com.unity.collab-proxy/Editor/Views/CreateWorkspace/Dialogs/RepositoryExplorerDialog.cs - Importer: ScriptedImporter/UnityEditor.QuickSearchModule:UnityEditor.Search:ASIAI0B' with importer (ScriptedImporter : UnityEditor.QuickSearchModule:UnityEditor.Search:ASIAI0B)
Imported 'GUID: b29af44841cd6644e876233cd057bc18' -> (Import Result ID: '25a921955ccae6959425fa4049b0183d') in 0.003 seconds [static and dynamic dependencies]. Details - ImportResultOutputID=211b08547a796793a1605151a10a499b DependenciesID=b787bf2b3a4c4c4b94fc3ad8b105e8be StaticDependenciesID=19b675df2a6f58ba15fb820d5d6c439a 
Number of updated asset objects reloaded before import = 0
Number of asset objects unloaded after import = 0
========================================================================
Received Import Request.
  Time of request: 2026-09-19T15:08:18.0705332Z
  Time since last request: 0.0007992 seconds.
  importAddress: GUID: 281456381b1a4c742b0efbe305328c7a - Path: Packages/com.unity.collab-proxy/Editor/Views/Diff/Dialogs/GetRestorePathDialog.cs - Importer: ScriptedImporter/UnityEditor.QuickSearchModule:UnityEditor.Search:ASIAI0B
Importing 'GUID: 281456381b1a4c742b0efbe305328c7a - Path: Packages/com.unity.collab-proxy/Editor/Views/Diff/Dialogs/GetRestorePathDialog.cs - Importer: ScriptedImporter/UnityEditor.QuickSearchModule:UnityEditor.Search:ASIAI0B' with importer (ScriptedImporter : UnityEditor.QuickSearchModule:UnityEditor.Search:ASIAI0B)
Imported 'GUID: 281456381b1a4c742b0efbe305328c7a' -> (Import Result ID: '77aec61b7335d5444f967f8fbcf5b743') in 0.004 seconds [static and dynamic dependencies]. Details - ImportResultOutputID=037275adbc4f60d972cc9e7c20709b1d DependenciesID=205cb1e89a169f882c8660b5d59d79a4 StaticDependenciesID=4278a5e1dfaabffc7b13e5f57e103167 
Number of updated asset objects reloaded before import = 0
Number of asset objects unloaded after import = 0
========================================================================
Received Import Request.
  Time of request: 2026-09-19T15:08:18.0938326Z
  Time since last request: 0.0006305 seconds.
  importAddress: GUID: da6a50477d2d7ff4f81d1c21c58a5b0e - Path: Packages/com.unity.collab-proxy/Editor/Views/CreateWorkspace/Dialogs/RepositoriesListHeaderState.cs - Importer: ScriptedImporter/UnityEditor.QuickSearchModule:UnityEditor.Search:ASIAI0B
Importing 'GUID: da6a50477d2d7ff4f81d1c21c58a5b0e - Path: Packages/com.unity.collab-proxy/Editor/Views/CreateWorkspace/Dialogs/RepositoriesListHeaderState.cs - Importer: ScriptedImporter/UnityEditor.QuickSearchModule:UnityEditor.Search:ASIAI0B' with importer (ScriptedImporter : UnityEditor.QuickSearchModule:UnityEditor.Search:ASIAI0B)
Imported 'GUID: da6a50477d2d7ff4f81d1c21c58a5b0e' -> (Import Result ID: '0cc39df7c4cde7edfdf36bcffad6c07d') in 0.004 seconds [static and dynamic dependencies]. Details - ImportResultOutputID=b64d4ef9d796c12269a4cf2d9442284c DependenciesID=965789917543f195c3da3c4f35109e12 StaticDependenciesID=59a72f9b158ddc6ee04076e201897c06 
Number of updated asset objects reloaded before import = 0
Number of asset objects unloaded after import = 0
========================================================================
Received Import Request.
  Time of request: 2026-09-19T15:08:18.1189023Z
  Time since last request: 0.0007299 seconds.
  importAddress: GUID: 23f66c8658044263b7d87b6878d589a7 - Path: Packages/com.unity.collab-proxy/Editor/Views/BranchExplorer/Zoom/BrExZoom.cs - Importer: ScriptedImporter/UnityEditor.QuickSearchModule:UnityEditor.Search:ASIAI0B
Importing 'GUID: 23f66c8658044263b7d87b6878d589a7 - Path: Packages/com.unity.collab-proxy/Editor/Views/BranchExplorer/Zoom/BrExZoom.cs - Importer: ScriptedImporter/UnityEditor.QuickSearchModule:UnityEditor.Search:ASIAI0B' with importer (ScriptedImporter : UnityEditor.QuickSearchModule:UnityEditor.Search:ASIAI0B)
Imported 'GUID: 23f66c8658044263b7d87b6878d589a7' -> (Import Result ID: 'ec2ebec58d123c64b8c66b0852651265') in 0.004 seconds [static and dynamic dependencies]. Details - ImportResultOutputID=b8810f9580620f1df1917ce88358024e DependenciesID=23ef0fc491a76a6aa72669ea2b9dd4f0 StaticDependenciesID=674930f89f0502da90a3de9c7c3d93f6 
Number of updated asset objects reloaded before import = 0
Number of asset objects unloaded after import = 0
========================================================================
Received Import Request.
  Time of request: 2026-09-19T15:08:18.1513463Z
  Time since last request: 0.0008149 seconds.
  importAddress: GUID: 4b5c816a19cf4a868feca49d8cc1023a - Path: Packages/com.unity.collab-proxy/Editor/Views/BranchExplorer/Virtualization/BrExConnectionRectangle.cs - Importer: ScriptedImporter/UnityEditor.QuickSearchModule:UnityEditor.Search:ASIAI0B
Importing 'GUID: 4b5c816a19cf4a868feca49d8cc1023a - Path: Packages/com.unity.collab-proxy/Editor/Views/BranchExplorer/Virtualization/BrExConnectionRectangle.cs - Importer: ScriptedImporter/UnityEditor.QuickSearchModule:UnityEditor.Search:ASIAI0B' with importer (ScriptedImporter : UnityEditor.QuickSearchModule:UnityEditor.Search:ASIAI0B)
Imported 'GUID: 4b5c816a19cf4a868feca49d8cc1023a' -> (Import Result ID: '8e3b97a8eae0e68d8928f7043cd0363d') in 0.004 seconds [static and dynamic dependencies]. Details - ImportResultOutputID=8cdd6c5e98bfcf19d51cbb017728be9d DependenciesID=00123cb2124ec153ce88393df78d396d StaticDependenciesID=1521b87f44ebcca0d8a73c06905218a4 
Number of updated asset objects reloaded before import = 0
Number of asset objects unloaded after import = 0
========================================================================
Received Import Request.
  Time of request: 2026-09-19T15:08:18.1796034Z
  Time since last request: 0.0005948 seconds.
  importAddress: GUID: cb31873eafb140beb7245ed26f800b10 - Path: Packages/com.unity.collab-proxy/Editor/Views/BranchExplorer/Virtualization/SelftThrottlingWorker.cs - Importer: ScriptedImporter/UnityEditor.QuickSearchModule:UnityEditor.Search:ASIAI0B
Importing 'GUID: cb31873eafb140beb7245ed26f800b10 - Path: Packages/com.unity.collab-proxy/Editor/Views/BranchExplorer/Virtualization/SelftThrottlingWorker.cs - Importer: ScriptedImporter/UnityEditor.QuickSearchModule:UnityEditor.Search:ASIAI0B' with importer (ScriptedImporter : UnityEditor.QuickSearchModule:UnityEditor.Search:ASIAI0B)
Imported 'GUID: cb31873eafb140beb7245ed26f800b10' -> (Import Result ID: 'a3b4e070351e41899381374bc86a113f') in 0.004 seconds [static and dynamic dependencies]. Details - ImportResultOutputID=3cad66bd9614209b79ab6aee001fca5d DependenciesID=915562937a8717aef9a72dfef617864d StaticDependenciesID=25d84bc958b02358543323df616ebe38 
Number of updated asset objects reloaded before import = 0
Number of asset objects unloaded after import = 0
========================================================================
Received Import Request.
  Time of request: 2026-09-19T15:08:18.2105252Z
  Time since last request: 0.0006086 seconds.
  importAddress: GUID: 8f337a12580464190b8455975f146e52 - Path: Packages/com.unity.collab-proxy/Editor/Views/BranchExplorer/Options/BranchExplorerOptionsWindow.cs - Importer: ScriptedImporter/UnityEditor.QuickSearchModule:UnityEditor.Search:ASIAI0B
Importing 'GUID: 8f337a12580464190b8455975f146e52 - Path: Packages/com.unity.collab-proxy/Editor/Views/BranchExplorer/Options/BranchExplorerOptionsWindow.cs - Importer: ScriptedImporter/UnityEditor.QuickSearchModule:UnityEditor.Search:ASIAI0B' with importer (ScriptedImporter : UnityEditor.QuickSearchModule:UnityEditor.Search:ASIAI0B)
Imported 'GUID: 8f337a12580464190b8455975f146e52' -> (Import Result ID: 'eb1b9bcacdb1b8c4b2994dfa7265bc3f') in 0.003 seconds [static and dynamic dependencies]. Details - ImportResultOutputID=51587976e10fc583b38a0ff0c1d6053a DependenciesID=22096358c730267275c976a41df9c6d3 StaticDependenciesID=1468c1cd192aba2b4583a150706e8886 
Number of updated asset objects reloaded before import = 0
Number of asset objects unloaded after import = 0
========================================================================
Received Import Request.
  Time of request: 2026-09-19T15:08:18.2317753Z
  Time since last request: 0.0005724 seconds.
  importAddress: GUID: 6780ea954e283bd4f82686f6e5ebafee - Path: Packages/com.unity.collab-proxy/Editor/Views/Branch/Dialogs/DeleteBranchDialog.cs - Importer: ScriptedImporter/UnityEditor.QuickSearchModule:UnityEditor.Search:ASIAI0B
Importing 'GUID: 6780ea954e283bd4f82686f6e5ebafee - Path: Packages/com.unity.collab-proxy/Editor/Views/Branch/Dialogs/DeleteBranchDialog.cs - Importer: ScriptedImporter/UnityEditor.QuickSearchModule:UnityEditor.Search:ASIAI0B' with importer (ScriptedImporter : UnityEditor.QuickSearchModule:UnityEditor.Search:ASIAI0B)
Imported 'GUID: 6780ea954e283bd4f82686f6e5ebafee' -> (Import Result ID: '76e9ed21c3bf4854bfdd216154ea3c3a') in 0.002 seconds [static and dynamic dependencies]. Details - ImportResultOutputID=808f7aa31acc8398e10000bab153a72f DependenciesID=9780c394dbe9b91979bb518a31bb1631 StaticDependenciesID=2e38c092d6b2e2dcf5df4a9a629e3a1b 
Number of updated asset objects reloaded before import = 0
Number of asset objects unloaded after import = 0
========================================================================
Received Import Request.
  Time of request: 2026-09-19T15:08:18.2507596Z
  Time since last request: 0.0005981 seconds.
  importAddress: GUID: 0ac2f78c10614679a284c28dd3a8d8e8 - Path: Packages/com.unity.collab-proxy/Editor/UVCSToolbar/PopupWindow/BranchesList/LoadingEmptyState.cs - Importer: ScriptedImporter/UnityEditor.QuickSearchModule:UnityEditor.Search:ASIAI0B
Importing 'GUID: 0ac2f78c10614679a284c28dd3a8d8e8 - Path: Packages/com.unity.collab-proxy/Editor/UVCSToolbar/PopupWindow/BranchesList/LoadingEmptyState.cs - Importer: ScriptedImporter/UnityEditor.QuickSearchModule:UnityEditor.Search:ASIAI0B' with importer (ScriptedImporter : UnityEditor.QuickSearchModule:UnityEditor.Search:ASIAI0B)
Imported 'GUID: 0ac2f78c10614679a284c28dd3a8d8e8' -> (Import Result ID: 'aa509637cf40aa07f1086b285e67d086') in 0.006 seconds [static and dynamic dependencies]. Details - ImportResultOutputID=94dbd6a1eab115fb3c575704e0e5484e DependenciesID=e9212a8b62c68b8ca1b75428d3de504d StaticDependenciesID=ab59510bf3bc48265b70d394ed2f9e62 
Number of updated asset objects reloaded before import = 0
Number of asset objects unloaded after import = 0
========================================================================
Received Import Request.
  Time of request: 2026-09-19T15:08:18.2788074Z
  Time since last request: 0.0000372 seconds.
  importAddress: GUID: d6db53f93de967c489902da57a7290a1 - Path: Packages/com.unity.collab-proxy/Editor/Views/Merge/Developer/IsResolved.cs - Importer: ScriptedImporter/UnityEditor.QuickSearchModule:UnityEditor.Search:ASIAI0B
Importing 'GUID: d6db53f93de967c489902da57a7290a1 - Path: Packages/com.unity.collab-proxy/Editor/Views/Merge/Developer/IsResolved.cs - Importer: ScriptedImporter/UnityEditor.QuickSearchModule:UnityEditor.Search:ASIAI0B' with importer (ScriptedImporter : UnityEditor.QuickSearchModule:UnityEditor.Search:ASIAI0B)
Imported 'GUID: d6db53f93de967c489902da57a7290a1' -> (Import Result ID: 'f25aa15754ae4dc4434b65185e4ba4c6') in 0.004 seconds [static and dynamic dependencies]. Details - ImportResultOutputID=eed4b0b28764872fcead7e088c4754d7 DependenciesID=302ea629b62c82061ba2b257eeac0bac StaticDependenciesID=124666fed845ae8247df202293f643e1 
Number of updated asset objects reloaded before import = 0
Number of asset objects unloaded after import = 0
========================================================================
Received Import Request.
  Time of request: 2026-09-19T15:08:18.3101743Z
  Time since last request: 0.001018 seconds.
  importAddress: GUID: 83882c7718d0fc34f8a05141328ceac1 - Path: Packages/com.unity.collab-proxy/Editor/Views/CreateWorkspace/Dialogs/RepositoryListViewItem.cs - Importer: ScriptedImporter/UnityEditor.QuickSearchModule:UnityEditor.Search:ASIAI0B
Importing 'GUID: 83882c7718d0fc34f8a05141328ceac1 - Path: Packages/com.unity.collab-proxy/Editor/Views/CreateWorkspace/Dialogs/RepositoryListViewItem.cs - Importer: ScriptedImporter/UnityEditor.QuickSearchModule:UnityEditor.Search:ASIAI0B' with importer (ScriptedImporter : UnityEditor.QuickSearchModule:UnityEditor.Search:ASIAI0B)
Imported 'GUID: 83882c7718d0fc34f8a05141328ceac1' -> (Import Result ID: 'ab10516effbaed7967b8c006d4ab72c6') in 0.003 seconds [static and dynamic dependencies]. Details - ImportResultOutputID=f1428b6885f86ef6dc620f3a3cdb1be9 DependenciesID=7dd0a5e11de21884fa36bf707b6048a0 StaticDependenciesID=af23530c043a3a845fb1a6b09e4c217e 
Number of updated asset objects reloaded before import = 0
Number of asset objects unloaded after import = 0
========================================================================
Received Import Request.
  Time of request: 2026-09-19T15:08:18.3350115Z
  Time since last request: 0.0001893 seconds.
  importAddress: GUID: 31fe6c8e7de5e554b8d261d6870cde2b - Path: Packages/com.unity.collab-proxy/Editor/Views/Labels/Dialogs/RenameLabelDialog.cs - Importer: ScriptedImporter/UnityEditor.QuickSearchModule:UnityEditor.Search:ASIAI0B
Importing 'GUID: 31fe6c8e7de5e554b8d261d6870cde2b - Path: Packages/com.unity.collab-proxy/Editor/Views/Labels/Dialogs/RenameLabelDialog.cs - Importer: ScriptedImporter/UnityEditor.QuickSearchModule:UnityEditor.Search:ASIAI0B' with importer (ScriptedImporter : UnityEditor.QuickSearchModule:UnityEditor.Search:ASIAI0B)
Imported 'GUID: 31fe6c8e7de5e554b8d261d6870cde2b' -> (Import Result ID: '14417db3d07b3e4bdef70816753b83ed') in 0.004 seconds [static and dynamic dependencies]. Details - ImportResultOutputID=dd78cabda9c9acdc5bf7c45be378d12d DependenciesID=85a1f7e344ef76e4a8b09335c80baff2 StaticDependenciesID=c4bcc8cce998c6f791d91f0985ef01b4 
Number of updated asset objects reloaded before import = 0
Number of asset objects unloaded after import = 0
========================================================================
Received Import Request.
  Time of request: 2026-09-19T15:08:18.3591047Z
  Time since last request: 0.0006226 seconds.
  importAddress: GUID: dc1bc6a318004247a55e4f3fbf74309a - Path: Packages/com.unity.collab-proxy/Editor/Views/BranchExplorer/Menu/BranchExplorerViewLinkMenuOperations.cs - Importer: ScriptedImporter/UnityEditor.QuickSearchModule:UnityEditor.Search:ASIAI0B
Importing 'GUID: dc1bc6a318004247a55e4f3fbf74309a - Path: Packages/com.unity.collab-proxy/Editor/Views/BranchExplorer/Menu/BranchExplorerViewLinkMenuOperations.cs - Importer: ScriptedImporter/UnityEditor.QuickSearchModule:UnityEditor.Search:ASIAI0B' with importer (ScriptedImporter : UnityEditor.QuickSearchModule:UnityEditor.Search:ASIAI0B)
Imported 'GUID: dc1bc6a318004247a55e4f3fbf74309a' -> (Import Result ID: '229bbd77921e285aae970576a99f2638') in 0.004 seconds [static and dynamic dependencies]. Details - ImportResultOutputID=3db4e4feb38249cb1e58be834766670f DependenciesID=1d9a1d0f5db8d0104667e3d01cc06d63 StaticDependenciesID=8a053b49660bd6f90397897444c312bc 
Number of updated asset objects reloaded before import = 0
Number of asset objects unloaded after import = 0
========================================================================
Received Import Request.
  Time of request: 2026-09-19T15:08:18.3800476Z
  Time since last request: 0.0006549 seconds.
  importAddress: GUID: 21e4725fe8214df78113a02c68fff633 - Path: Packages/com.unity.collab-proxy/Editor/Views/BranchExplorer/Virtualization/VirtualShape.cs - Importer: ScriptedImporter/UnityEditor.QuickSearchModule:UnityEditor.Search:ASIAI0B
Importing 'GUID: 21e4725fe8214df78113a02c68fff633 - Path: Packages/com.unity.collab-proxy/Editor/Views/BranchExplorer/Virtualization/VirtualShape.cs - Importer: ScriptedImporter/UnityEditor.QuickSearchModule:UnityEditor.Search:ASIAI0B' with importer (ScriptedImporter : UnityEditor.QuickSearchModule:UnityEditor.Search:ASIAI0B)
Imported 'GUID: 21e4725fe8214df78113a02c68fff633' -> (Import Result ID: 'fa3b5a0decf8b12720b5e9d449f94675') in 0.003 seconds [static and dynamic dependencies]. Details - ImportResultOutputID=de3020e095ccd5d3a132f5ccd98a6e8c DependenciesID=f6d78e664a4f6c1a13f49bc2a7965aa9 StaticDependenciesID=eb9a45ce553e4287eb7c0c125d99a93a 
Number of updated asset objects reloaded before import = 0
Number of asset objects unloaded after import = 0
========================================================================
Received Import Request.
  Time of request: 2026-09-19T15:08:18.4005788Z
  Time since last request: 0.0005465 seconds.
  importAddress: GUID: 0cb9ab9a238c443dacbb00b24cf7377a - Path: Packages/com.unity.collab-proxy/Editor/Views/BranchExplorer/Menu/LinkMenu.cs - Importer: ScriptedImporter/UnityEditor.QuickSearchModule:UnityEditor.Search:ASIAI0B
Importing 'GUID: 0cb9ab9a238c443dacbb00b24cf7377a - Path: Packages/com.unity.collab-proxy/Editor/Views/BranchExplorer/Menu/LinkMenu.cs - Importer: ScriptedImporter/UnityEditor.QuickSearchModule:UnityEditor.Search:ASIAI0B' with importer (ScriptedImporter : UnityEditor.QuickSearchModule:UnityEditor.Search:ASIAI0B)
Imported 'GUID: 0cb9ab9a238c443dacbb00b24cf7377a' -> (Import Result ID: '69441e2880495e52dc473f9df6663719') in 0.003 seconds [static and dynamic dependencies]. Details - ImportResultOutputID=dda970484a335ded27fa2568073f5a4f DependenciesID=0053a3d3db9ed45701ea78a3a4758963 StaticDependenciesID=47257b26e29b188a28b8f6d0f2555f49 
Number of updated asset objects reloaded before import = 0
Number of asset objects unloaded after import = 0
========================================================================
Received Import Request.
  Time of request: 2026-09-19T15:08:18.4173097Z
  Time since last request: 0.0005544 seconds.
  importAddress: GUID: 489341d280ec4f84966df11c8c6804d4 - Path: Packages/com.unity.collab-proxy/Editor/UI/UnityInternals/UnityEditor/SplitterState.cs - Importer: ScriptedImporter/UnityEditor.QuickSearchModule:UnityEditor.Search:ASIAI0B
Importing 'GUID: 489341d280ec4f84966df11c8c6804d4 - Path: Packages/com.unity.collab-proxy/Editor/UI/UnityInternals/UnityEditor/SplitterState.cs - Importer: ScriptedImporter/UnityEditor.QuickSearchModule:UnityEditor.Search:ASIAI0B' with importer (ScriptedImporter : UnityEditor.QuickSearchModule:UnityEditor.Search:ASIAI0B)
Imported 'GUID: 489341d280ec4f84966df11c8c6804d4' -> (Import Result ID: '28ae23e67d68a766794fa026fc507f72') in 0.003 seconds [static and dynamic dependencies]. Details - ImportResultOutputID=71aa098efbdc81cbfdffb7991ee42a02 DependenciesID=d3e34981d87985fa8bec9a35cb88163d StaticDependenciesID=d67d1ce63ebc94af31d6f70f8deb2a6f 
Number of updated asset objects reloaded before import = 0
Number of asset objects unloaded after import = 0
========================================================================
Received Import Request.
  Time of request: 2026-09-19T15:08:18.4342335Z
  Time since last request: 0.0006032 seconds.
  importAddress: GUID: cef1fd4b45bd4bbfabb7b27325107045 - Path: Packages/com.unity.collab-proxy/Editor/UVCSToolbar/PopupWindow/BranchesList/BranchesTreeView.cs - Importer: ScriptedImporter/UnityEditor.QuickSearchModule:UnityEditor.Search:ASIAI0B
Importing 'GUID: cef1fd4b45bd4bbfabb7b27325107045 - Path: Packages/com.unity.collab-proxy/Editor/UVCSToolbar/PopupWindow/BranchesList/BranchesTreeView.cs - Importer: ScriptedImporter/UnityEditor.QuickSearchModule:UnityEditor.Search:ASIAI0B' with importer (ScriptedImporter : UnityEditor.QuickSearchModule:UnityEditor.Search:ASIAI0B)
Imported 'GUID: cef1fd4b45bd4bbfabb7b27325107045' -> (Import Result ID: '04a056fef684080830ff56f7558df53a') in 0.003 seconds [static and dynamic dependencies]. Details - ImportResultOutputID=64446fbaf97ccb9e63548c93c25408f3 DependenciesID=c3bfa3e17639fbcfdd36faa39491ed53 StaticDependenciesID=c7498c882c1e5ae971dd57f87c84b61a 
Number of updated asset objects reloaded before import = 0
Number of asset objects unloaded after import = 0
========================================================================
Received Import Request.
  Time of request: 2026-09-19T15:08:18.4517915Z
  Time since last request: 0.0005453 seconds.
  importAddress: GUID: 25c3ae07f84c4ba3954e07becf193460 - Path: Packages/com.unity.collab-proxy/Editor/UI/UnityInternals/UnityEditor/Menu.cs - Importer: ScriptedImporter/UnityEditor.QuickSearchModule:UnityEditor.Search:ASIAI0B
Importing 'GUID: 25c3ae07f84c4ba3954e07becf193460 - Path: Packages/com.unity.collab-proxy/Editor/UI/UnityInternals/UnityEditor/Menu.cs - Importer: ScriptedImporter/UnityEditor.QuickSearchModule:UnityEditor.Search:ASIAI0B' with importer (ScriptedImporter : UnityEditor.QuickSearchModule:UnityEditor.Search:ASIAI0B)
Imported 'GUID: 25c3ae07f84c4ba3954e07becf193460' -> (Import Result ID: 'fa74cdaa56ab3d79832ec2fb5693d7b4') in 0.002 seconds [static and dynamic dependencies]. Details - ImportResultOutputID=71ab083913e29d7e482775f9aa22c941 DependenciesID=d078a4a735d2a346df2f2927ddf9917b StaticDependenciesID=744ffb092461947d5a77ccf45939e94f 
Number of updated asset objects reloaded before import = 0
Number of asset objects unloaded after import = 0
========================================================================
Received Import Request.
  Time of request: 2026-09-19T15:08:18.4683387Z
  Time since last request: 0.0006942 seconds.
  importAddress: GUID: 306e2c310ad3b7a4794346ffb0088c69 - Path: Packages/com.unity.collab-proxy/Editor/UVCSToolbar/PopupWindow/Operations/ToolbarOperationsShortcut.cs - Importer: ScriptedImporter/UnityEditor.QuickSearchModule:UnityEditor.Search:ASIAI0B
Importing 'GUID: 306e2c310ad3b7a4794346ffb0088c69 - Path: Packages/com.unity.collab-proxy/Editor/UVCSToolbar/PopupWindow/Operations/ToolbarOperationsShortcut.cs - Importer: ScriptedImporter/UnityEditor.QuickSearchModule:UnityEditor.Search:ASIAI0B' with importer (ScriptedImporter : UnityEditor.QuickSearchModule:UnityEditor.Search:ASIAI0B)
Imported 'GUID: 306e2c310ad3b7a4794346ffb0088c69' -> (Import Result ID: 'cace52b82aee675823703b74edca346e') in 0.005 seconds [static and dynamic dependencies]. Details - ImportResultOutputID=c10ccee88fd6b859752d7a42d2426fb6 DependenciesID=5f1a3747476a8c92794548958e7b05ee StaticDependenciesID=06d288dfc35e9365f36b27007d35a9d3 
Number of updated asset objects reloaded before import = 0
Number of asset objects unloaded after import = 0
========================================================================
Received Import Request.
  Time of request: 2026-09-19T15:08:18.4877094Z
  Time since last request: 0.0007296 seconds.
  importAddress: GUID: 4acd46006c88d7844ac06086ca0b1481 - Path: Packages/com.unity.collab-proxy/Editor/UVCSToolbar/PopupWindow/Operations/ControlledPopupOperations.cs - Importer: ScriptedImporter/UnityEditor.QuickSearchModule:UnityEditor.Search:ASIAI0B
Importing 'GUID: 4acd46006c88d7844ac06086ca0b1481 - Path: Packages/com.unity.collab-proxy/Editor/UVCSToolbar/PopupWindow/Operations/ControlledPopupOperations.cs - Importer: ScriptedImporter/UnityEditor.QuickSearchModule:UnityEditor.Search:ASIAI0B' with importer (ScriptedImporter : UnityEditor.QuickSearchModule:UnityEditor.Search:ASIAI0B)
Imported 'GUID: 4acd46006c88d7844ac06086ca0b1481' -> (Import Result ID: '18f13b964e971bd4bc6c51d9446430a2') in 0.003 seconds [static and dynamic dependencies]. Details - ImportResultOutputID=a2c7fefa27957ffd5d060a9b836316e1 DependenciesID=ba0e836c8c605b10d13a20fb31738f03 StaticDependenciesID=bf3362585f88517fa19bd1268cbeb759 
Number of updated asset objects reloaded before import = 0
Number of asset objects unloaded after import = 0
========================================================================
Received Import Request.
  Time of request: 2026-09-19T15:08:18.5052998Z
  Time since last request: 0.0006273 seconds.
  importAddress: GUID: c408e05e88bc93c458a3195b15e9d625 - Path: Packages/com.unity.collab-proxy/Editor/Views/Merge/Developer/ChangeCategoryTreeViewItem.cs - Importer: ScriptedImporter/UnityEditor.QuickSearchModule:UnityEditor.Search:ASIAI0B
Importing 'GUID: c408e05e88bc93c458a3195b15e9d625 - Path: Packages/com.unity.collab-proxy/Editor/Views/Merge/Developer/ChangeCategoryTreeViewItem.cs - Importer: ScriptedImporter/UnityEditor.QuickSearchModule:UnityEditor.Search:ASIAI0B' with importer (ScriptedImporter : UnityEditor.QuickSearchModule:UnityEditor.Search:ASIAI0B)
Imported 'GUID: c408e05e88bc93c458a3195b15e9d625' -> (Import Result ID: 'a72a6b9938dc0306b50e9cfcc03166d8') in 0.005 seconds [static and dynamic dependencies]. Details - ImportResultOutputID=21c54d9932dc459a647a57500818d211 DependenciesID=97e1f1ad35b334a8674b8b17513a01e9 StaticDependenciesID=88c0832ae869bc92af1a50ad6d594d57 
Number of updated asset objects reloaded before import = 0
Number of asset objects unloaded after import = 0
========================================================================
Received Import Request.
  Time of request: 2026-09-19T15:08:18.5286333Z
  Time since last request: 0.0007062 seconds.
  importAddress: GUID: 8e6494de947444dc9a132f39b8faa02c - Path: Packages/com.unity.collab-proxy/Editor/UVCSToolbar/PopupWindow/BranchesList/ErrorEmptyState.cs - Importer: ScriptedImporter/UnityEditor.QuickSearchModule:UnityEditor.Search:ASIAI0B
Importing 'GUID: 8e6494de947444dc9a132f39b8faa02c - Path: Packages/com.unity.collab-proxy/Editor/UVCSToolbar/PopupWindow/BranchesList/ErrorEmptyState.cs - Importer: ScriptedImporter/UnityEditor.QuickSearchModule:UnityEditor.Search:ASIAI0B' with importer (ScriptedImporter : UnityEditor.QuickSearchModule:UnityEditor.Search:ASIAI0B)
Imported 'GUID: 8e6494de947444dc9a132f39b8faa02c' -> (Import Result ID: '5eb09fe507fe31ba8993b4e8908baf79') in 0.003 seconds [static and dynamic dependencies]. Details - ImportResultOutputID=f8cd1b468600c04aef1e040b0f7ccd81 DependenciesID=8bcc10e5553435018218b741cd8d3b02 StaticDependenciesID=f28c6e86199283f784d0e127e54c922b 
Number of updated asset objects reloaded before import = 0
Number of asset objects unloaded after import = 0
========================================================================
Received Import Request.
  Time of request: 2026-09-19T15:08:18.5492912Z
  Time since last request: 0.0005413 seconds.
  importAddress: GUID: 5013a6f8fee1f2a49b06f75fc5a6ece4 - Path: Packages/com.unity.collab-proxy/Editor/Views/Merge/Developer/IsCurrent.cs - Importer: ScriptedImporter/UnityEditor.QuickSearchModule:UnityEditor.Search:ASIAI0B
Importing 'GUID: 5013a6f8fee1f2a49b06f75fc5a6ece4 - Path: Packages/com.unity.collab-proxy/Editor/Views/Merge/Developer/IsCurrent.cs - Importer: ScriptedImporter/UnityEditor.QuickSearchModule:UnityEditor.Search:ASIAI0B' with importer (ScriptedImporter : UnityEditor.QuickSearchModule:UnityEditor.Search:ASIAI0B)
Imported 'GUID: 5013a6f8fee1f2a49b06f75fc5a6ece4' -> (Import Result ID: 'b02f12e9327029a3b6f29b08733839a6') in 0.003 seconds [static and dynamic dependencies]. Details - ImportResultOutputID=e76363ed2dba914a1d5d5836063cca79 DependenciesID=c35ef11a3e0c1ec3122b5841ce8b4cb9 StaticDependenciesID=7073564de8bb7ddd417f16a6072d2934 
Number of updated asset objects reloaded before import = 0
Number of asset objects unloaded after import = 0
========================================================================
Received Import Request.
  Time of request: 2026-09-19T15:08:18.5664873Z
  Time since last request: 0.0006218 seconds.
  importAddress: GUID: c4f779ee37894d99adede8127ac9961d - Path: Packages/com.unity.collab-proxy/Editor/UI/UnityInternals/UnityEditor/SettingsWindow.cs - Importer: ScriptedImporter/UnityEditor.QuickSearchModule:UnityEditor.Search:ASIAI0B
Importing 'GUID: c4f779ee37894d99adede8127ac9961d - Path: Packages/com.unity.collab-proxy/Editor/UI/UnityInternals/UnityEditor/SettingsWindow.cs - Importer: ScriptedImporter/UnityEditor.QuickSearchModule:UnityEditor.Search:ASIAI0B' with importer (ScriptedImporter : UnityEditor.QuickSearchModule:UnityEditor.Search:ASIAI0B)
Imported 'GUID: c4f779ee37894d99adede8127ac9961d' -> (Import Result ID: 'ed06b7aa92e0e1265a5b7e01d86b139a') in 0.003 seconds [static and dynamic dependencies]. Details - ImportResultOutputID=f02b03662fe0605e9cafce4464c766e8 DependenciesID=13ad6933d3db0b131dac51f2fff50965 StaticDependenciesID=f4d69efe7bda3c00c038222c539b6aa4 
Number of updated asset objects reloaded before import = 0
Number of asset objects unloaded after import = 0
========================================================================
Received Import Request.
  Time of request: 2026-09-19T15:08:18.5840722Z
  Time since last request: 0.0005079 seconds.
  importAddress: GUID: c18598e9d808edb4583a6aa724ffc268 - Path: Packages/com.unity.collab-proxy/Editor/Views/CreateWorkspace/Dialogs/RepositoriesListView.cs - Importer: ScriptedImporter/UnityEditor.QuickSearchModule:UnityEditor.Search:ASIAI0B
Importing 'GUID: c18598e9d808edb4583a6aa724ffc268 - Path: Packages/com.unity.collab-proxy/Editor/Views/CreateWorkspace/Dialogs/RepositoriesListView.cs - Importer: ScriptedImporter/UnityEditor.QuickSearchModule:UnityEditor.Search:ASIAI0B' with importer (ScriptedImporter : UnityEditor.QuickSearchModule:UnityEditor.Search:ASIAI0B)
Imported 'GUID: c18598e9d808edb4583a6aa724ffc268' -> (Import Result ID: 'be8acb799e154a348fe81c812afca730') in 0.003 seconds [static and dynamic dependencies]. Details - ImportResultOutputID=f1010ee134fde7ff1f13f69ee0306b00 DependenciesID=b012fe068011639fac38fffea7993b4c StaticDependenciesID=1ec40b834a70e1a73b5233901d63a16e 
Number of updated asset objects reloaded before import = 0
Number of asset objects unloaded after import = 0
========================================================================
Received Import Request.
  Time of request: 2026-09-19T15:08:18.6009487Z
  Time since last request: 0.0005492 seconds.
  importAddress: GUID: a0fc5252a48d8b34f945b4ae3ad45030 - Path: Packages/com.unity.collab-proxy/Editor/Views/Branch/Dialogs/CreateBranchDialog.cs - Importer: ScriptedImporter/UnityEditor.QuickSearchModule:UnityEditor.Search:ASIAI0B
Importing 'GUID: a0fc5252a48d8b34f945b4ae3ad45030 - Path: Packages/com.unity.collab-proxy/Editor/Views/Branch/Dialogs/CreateBranchDialog.cs - Importer: ScriptedImporter/UnityEditor.QuickSearchModule:UnityEditor.Search:ASIAI0B' with importer (ScriptedImporter : UnityEditor.QuickSearchModule:UnityEditor.Search:ASIAI0B)
Imported 'GUID: a0fc5252a48d8b34f945b4ae3ad45030' -> (Import Result ID: '796a1574291fb53a83bb811fa680e737') in 0.003 seconds [static and dynamic dependencies]. Details - ImportResultOutputID=e134d4da7644cd241583fb0ba0e4ad03 DependenciesID=13d07a9c7c7c53c07dcde04ef01170a2 StaticDependenciesID=b93d8f69de39f11ccc9dcfdf47a83628 
Number of updated asset objects reloaded before import = 0
Number of asset objects unloaded after import = 0
========================================================================
Received Import Request.
  Time of request: 2026-09-19T15:08:18.6234437Z
  Time since last request: 0.0008529 seconds.
  importAddress: GUID: a0c766476de1f4df7b85aa44e065e0c0 - Path: Packages/com.unity.collab-proxy/Editor/UI/UnityInternals/UnityEditor/Unsupported.cs - Importer: ScriptedImporter/UnityEditor.QuickSearchModule:UnityEditor.Search:ASIAI0B
Importing 'GUID: a0c766476de1f4df7b85aa44e065e0c0 - Path: Packages/com.unity.collab-proxy/Editor/UI/UnityInternals/UnityEditor/Unsupported.cs - Importer: ScriptedImporter/UnityEditor.QuickSearchModule:UnityEditor.Search:ASIAI0B' with importer (ScriptedImporter : UnityEditor.QuickSearchModule:UnityEditor.Search:ASIAI0B)
Imported 'GUID: a0c766476de1f4df7b85aa44e065e0c0' -> (Import Result ID: 'c4fc2c73f2cf1c15535f6150df69219a') in 0.004 seconds [static and dynamic dependencies]. Details - ImportResultOutputID=b6ac30d40d0b05af9599489d63807f8f DependenciesID=b239d56c768a041dbf800c44025a396e StaticDependenciesID=f668d8e800e39a4f92f39f84d926cb76 
Number of updated asset objects reloaded before import = 0
Number of asset objects unloaded after import = 0
========================================================================
Received Import Request.
  Time of request: 2026-09-19T15:08:18.6507978Z
  Time since last request: 0.0013765 seconds.
  importAddress: GUID: f4e5325f424d436485dacca7a8d05f0c - Path: Packages/com.unity.collab-proxy/Editor/UVCSToolbar/PopupWindow/BranchesList/NoBranchesEmptyState.cs - Importer: ScriptedImporter/UnityEditor.QuickSearchModule:UnityEditor.Search:ASIAI0B
Importing 'GUID: f4e5325f424d436485dacca7a8d05f0c - Path: Packages/com.unity.collab-proxy/Editor/UVCSToolbar/PopupWindow/BranchesList/NoBranchesEmptyState.cs - Importer: ScriptedImporter/UnityEditor.QuickSearchModule:UnityEditor.Search:ASIAI0B' with importer (ScriptedImporter : UnityEditor.QuickSearchModule:UnityEditor.Search:ASIAI0B)
Imported 'GUID: f4e5325f424d436485dacca7a8d05f0c' -> (Import Result ID: '7bef9a20fcf04b50e85adaea010d5a48') in 0.004 seconds [static and dynamic dependencies]. Details - ImportResultOutputID=69968daca33a0e5b05875f4813fb4b95 DependenciesID=92d94b88e3c56f72222bddbc1ae3cc09 StaticDependenciesID=788cd97eb3c54d64a159c735215bb714 
Number of updated asset objects reloaded before import = 0
Number of asset objects unloaded after import = 0
========================================================================
Received Import Request.
  Time of request: 2026-09-19T15:08:18.6748321Z
  Time since last request: 0.0006421 seconds.
  importAddress: GUID: cb7cc48c799b4b86937fe77898c0c8c4 - Path: Packages/com.unity.collab-proxy/Editor/UI/UnityInternals/UnityEditor/SplitterGUILayout.cs - Importer: ScriptedImporter/UnityEditor.QuickSearchModule:UnityEditor.Search:ASIAI0B
Importing 'GUID: cb7cc48c799b4b86937fe77898c0c8c4 - Path: Packages/com.unity.collab-proxy/Editor/UI/UnityInternals/UnityEditor/SplitterGUILayout.cs - Importer: ScriptedImporter/UnityEditor.QuickSearchModule:UnityEditor.Search:ASIAI0B' with importer (ScriptedImporter : UnityEditor.QuickSearchModule:UnityEditor.Search:ASIAI0B)
Imported 'GUID: cb7cc48c799b4b86937fe77898c0c8c4' -> (Import Result ID: '9c69e3e9e27be07ad3ba290d776f0d08') in 0.005 seconds [static and dynamic dependencies]. Details - ImportResultOutputID=88593e2b82538d05414e77472062d9bd DependenciesID=f62f6efa70e80f9cef2b8d6bad43092d StaticDependenciesID=005996da9333faddd34927feb4a316bc 
Number of updated asset objects reloaded before import = 0
Number of asset objects unloaded after import = 0
========================================================================
Received Import Request.
  Time of request: 2026-09-19T15:08:18.6987682Z
  Time since last request: 0.000711 seconds.
  importAddress: GUID: 5ea6fbde01fc74fd9aef36edf64214a7 - Path: Packages/com.unity.collab-proxy/Editor/Views/BranchExplorer/Game/BranchRunnerGame.cs - Importer: ScriptedImporter/UnityEditor.QuickSearchModule:UnityEditor.Search:ASIAI0B
Importing 'GUID: 5ea6fbde01fc74fd9aef36edf64214a7 - Path: Packages/com.unity.collab-proxy/Editor/Views/BranchExplorer/Game/BranchRunnerGame.cs - Importer: ScriptedImporter/UnityEditor.QuickSearchModule:UnityEditor.Search:ASIAI0B' with importer (ScriptedImporter : UnityEditor.QuickSearchModule:UnityEditor.Search:ASIAI0B)
Imported 'GUID: 5ea6fbde01fc74fd9aef36edf64214a7' -> (Import Result ID: '249681ecbbc583bd976f26dd4a0fcd36') in 0.004 seconds [static and dynamic dependencies]. Details - ImportResultOutputID=0c06866872456d9ec11848ceadf1fb8a DependenciesID=b1f1ef48cdb951aa1807a53797b957ca StaticDependenciesID=ebe432a73ac8e819ab3a9d4ff315537a 
Number of updated asset objects reloaded before import = 0
Number of asset objects unloaded after import = 0
========================================================================
Received Import Request.
  Time of request: 2026-09-19T15:08:18.7339287Z
  Time since last request: 0.0007652 seconds.
  importAddress: GUID: 8cb6c3d9c38f4b67b0ae9dc6ebdfecff - Path: Packages/com.unity.collab-proxy/Editor/UI/UnityInternals/UnityEditor/EditorWindowExtensions.cs - Importer: ScriptedImporter/UnityEditor.QuickSearchModule:UnityEditor.Search:ASIAI0B
Importing 'GUID: 8cb6c3d9c38f4b67b0ae9dc6ebdfecff - Path: Packages/com.unity.collab-proxy/Editor/UI/UnityInternals/UnityEditor/EditorWindowExtensions.cs - Importer: ScriptedImporter/UnityEditor.QuickSearchModule:UnityEditor.Search:ASIAI0B' with importer (ScriptedImporter : UnityEditor.QuickSearchModule:UnityEditor.Search:ASIAI0B)
Imported 'GUID: 8cb6c3d9c38f4b67b0ae9dc6ebdfecff' -> (Import Result ID: 'ef439457409a4fe91ff3f056dda45678') in 0.004 seconds [static and dynamic dependencies]. Details - ImportResultOutputID=487253dff5aa40b9e52fd3b1c83346ba DependenciesID=9718372ec37a024da90e9e71ca134ac1 StaticDependenciesID=b37103b722c9cb74a19adc774ff7d3bd 
Number of updated asset objects reloaded before import = 0
Number of asset objects unloaded after import = 0
========================================================================
Received Import Request.
  Time of request: 2026-09-19T15:08:18.7601901Z
  Time since last request: 0.0006133 seconds.
  importAddress: GUID: 1181856e3fc64a12b4e5d404d501e989 - Path: Packages/com.unity.collab-proxy/Editor/UI/UnityInternals/UnityEditor/GenericMenuExtensions.cs - Importer: ScriptedImporter/UnityEditor.QuickSearchModule:UnityEditor.Search:ASIAI0B
Importing 'GUID: 1181856e3fc64a12b4e5d404d501e989 - Path: Packages/com.unity.collab-proxy/Editor/UI/UnityInternals/UnityEditor/GenericMenuExtensions.cs - Importer: ScriptedImporter/UnityEditor.QuickSearchModule:UnityEditor.Search:ASIAI0B' with importer (ScriptedImporter : UnityEditor.QuickSearchModule:UnityEditor.Search:ASIAI0B)
Imported 'GUID: 1181856e3fc64a12b4e5d404d501e989' -> (Import Result ID: '3b64baa0cf6d63f3e1895e5709301c9c') in 0.004 seconds [static and dynamic dependencies]. Details - ImportResultOutputID=765a10eed9d4dd5439202ed12233ac67 DependenciesID=0ae5a2cd423ef29b21566819e1b79205 StaticDependenciesID=7a4e796dbac4216f74aea3c76fd5fac7 
Number of updated asset objects reloaded before import = 0
Number of asset objects unloaded after import = 0
========================================================================
Received Import Request.
  Time of request: 2026-09-19T15:08:18.7830959Z
  Time since last request: 0.0008342 seconds.
  importAddress: GUID: 61f74d0a8a3f1f542b8afe99e65686df - Path: Packages/com.unity.collab-proxy/Editor/Views/CreateWorkspace/Dialogs/CreateRepositoryDialog.cs - Importer: ScriptedImporter/UnityEditor.QuickSearchModule:UnityEditor.Search:ASIAI0B
Importing 'GUID: 61f74d0a8a3f1f542b8afe99e65686df - Path: Packages/com.unity.collab-proxy/Editor/Views/CreateWorkspace/Dialogs/CreateRepositoryDialog.cs - Importer: ScriptedImporter/UnityEditor.QuickSearchModule:UnityEditor.Search:ASIAI0B' with importer (ScriptedImporter : UnityEditor.QuickSearchModule:UnityEditor.Search:ASIAI0B)
Imported 'GUID: 61f74d0a8a3f1f542b8afe99e65686df' -> (Import Result ID: 'b0d9d8f08e74762a454956dad11aebca') in 0.004 seconds [static and dynamic dependencies]. Details - ImportResultOutputID=403262bf11e5b94388f607f1341f2a22 DependenciesID=72b638bda89a4e00cf4058fde0421c8b StaticDependenciesID=bb441e5eeca917eff2d88ab2e6aa4d16 
Number of updated asset objects reloaded before import = 0
Number of asset objects unloaded after import = 0
========================================================================
Received Import Request.
  Time of request: 2026-09-19T15:08:18.8096572Z
  Time since last request: 0.0006319 seconds.
  importAddress: GUID: 5b7531dfaf9b4de9ab2be2bbad7f83ad - Path: Packages/com.unity.collab-proxy/Editor/Views/BranchExplorer/Virtualization/VirtualCanvasFiller.cs - Importer: ScriptedImporter/UnityEditor.QuickSearchModule:UnityEditor.Search:ASIAI0B
Importing 'GUID: 5b7531dfaf9b4de9ab2be2bbad7f83ad - Path: Packages/com.unity.collab-proxy/Editor/Views/BranchExplorer/Virtualization/VirtualCanvasFiller.cs - Importer: ScriptedImporter/UnityEditor.QuickSearchModule:UnityEditor.Search:ASIAI0B' with importer (ScriptedImporter : UnityEditor.QuickSearchModule:UnityEditor.Search:ASIAI0B)
Imported 'GUID: 5b7531dfaf9b4de9ab2be2bbad7f83ad' -> (Import Result ID: '9d7e00ac9adf62fa6c65a7a72826344b') in 0.004 seconds [static and dynamic dependencies]. Details - ImportResultOutputID=886627b0d0293df3479c80ff9d5fda77 DependenciesID=c8c0acd8e70349726a2f1e35375267ca StaticDependenciesID=6aa8d9e596c8c9d426152e5dfd159930 
Number of updated asset objects reloaded before import = 0
Number of asset objects unloaded after import = 0
========================================================================
Received Import Request.
  Time of request: 2026-09-19T15:08:18.8306476Z
  Time since last request: 0.0006567 seconds.
  importAddress: GUID: fcbf1383bda394948a6f807ea4bfa6ee - Path: Packages/com.unity.collab-proxy/Editor/Views/Filters/Date/DateFilterButtonPanel.cs - Importer: ScriptedImporter/UnityEditor.QuickSearchModule:UnityEditor.Search:ASIAI0B
Importing 'GUID: fcbf1383bda394948a6f807ea4bfa6ee - Path: Packages/com.unity.collab-proxy/Editor/Views/Filters/Date/DateFilterButtonPanel.cs - Importer: ScriptedImporter/UnityEditor.QuickSearchModule:UnityEditor.Search:ASIAI0B' with importer (ScriptedImporter : UnityEditor.QuickSearchModule:UnityEditor.Search:ASIAI0B)
Imported 'GUID: fcbf1383bda394948a6f807ea4bfa6ee' -> (Import Result ID: '95f29f028328b61b91afacffd8cbf386') in 0.004 seconds [static and dynamic dependencies]. Details - ImportResultOutputID=1d025933c8729e10227ac096537ff5b9 DependenciesID=e1a0d364684d10c0ef438863c6a1826a StaticDependenciesID=ceb301a6d3a0fe0825a0849c718f7d70 
Number of updated asset objects reloaded before import = 0
Number of asset objects unloaded after import = 0
========================================================================
Received Import Request.
  Time of request: 2026-09-19T15:08:18.8534192Z
  Time since last request: 0.0005157 seconds.
  importAddress: GUID: be0d618f3c51404cb94628b6b6cdc8d7 - Path: Packages/com.unity.collab-proxy/Editor/Views/BranchExplorer/Virtualization/VirtualShapeFactory.cs - Importer: ScriptedImporter/UnityEditor.QuickSearchModule:UnityEditor.Search:ASIAI0B
Importing 'GUID: be0d618f3c51404cb94628b6b6cdc8d7 - Path: Packages/com.unity.collab-proxy/Editor/Views/BranchExplorer/Virtualization/VirtualShapeFactory.cs - Importer: ScriptedImporter/UnityEditor.QuickSearchModule:UnityEditor.Search:ASIAI0B' with importer (ScriptedImporter : UnityEditor.QuickSearchModule:UnityEditor.Search:ASIAI0B)
Imported 'GUID: be0d618f3c51404cb94628b6b6cdc8d7' -> (Import Result ID: '34bc7b661db8e261e44738e8b39a1039') in 0.004 seconds [static and dynamic dependencies]. Details - ImportResultOutputID=ea29ff41282a81e5ae82e5fec93f3786 DependenciesID=2c409f37f83199a9d27dc5b69901bbe1 StaticDependenciesID=9c8f4b24f4fc58afabe428b1eaa87429 
Number of updated asset objects reloaded before import = 0
Number of asset objects unloaded after import = 0
========================================================================
Received Import Request.
  Time of request: 2026-09-19T15:08:18.8763272Z
  Time since last request: 0.0005423 seconds.
  importAddress: GUID: 1de62e30afcba544e8e8da4b93a4fa39 - Path: Packages/com.unity.collab-proxy/Editor/Views/Branch/Dialogs/RenameBranchDialog.cs - Importer: ScriptedImporter/UnityEditor.QuickSearchModule:UnityEditor.Search:ASIAI0B
Importing 'GUID: 1de62e30afcba544e8e8da4b93a4fa39 - Path: Packages/com.unity.collab-proxy/Editor/Views/Branch/Dialogs/RenameBranchDialog.cs - Importer: ScriptedImporter/UnityEditor.QuickSearchModule:UnityEditor.Search:ASIAI0B' with importer (ScriptedImporter : UnityEditor.QuickSearchModule:UnityEditor.Search:ASIAI0B)
Imported 'GUID: 1de62e30afcba544e8e8da4b93a4fa39' -> (Import Result ID: '478ebc45bb5eb4c1ca6f84af0e3fb44c') in 0.003 seconds [static and dynamic dependencies]. Details - ImportResultOutputID=79e17f67e38afe3c0d7f2ddfcf3e99af DependenciesID=73fecb502e8facddf26046eb5d1d8824 StaticDependenciesID=987a18c9381f6f6bfba83a3e1f32e659 
Number of updated asset objects reloaded before import = 0
Number of asset objects unloaded after import = 0
========================================================================
Received Import Request.
  Time of request: 2026-09-19T15:08:18.897504Z
  Time since last request: 0.0005664 seconds.
  importAddress: GUID: d6860a2b66cf4b143a06d0bc3b87c0df - Path: Packages/com.unity.collab-proxy/Editor/Views/Labels/Dialogs/CreateLabelViewUIToolkit.cs - Importer: ScriptedImporter/UnityEditor.QuickSearchModule:UnityEditor.Search:ASIAI0B
Importing 'GUID: d6860a2b66cf4b143a06d0bc3b87c0df - Path: Packages/com.unity.collab-proxy/Editor/Views/Labels/Dialogs/CreateLabelViewUIToolkit.cs - Importer: ScriptedImporter/UnityEditor.QuickSearchModule:UnityEditor.Search:ASIAI0B' with importer (ScriptedImporter : UnityEditor.QuickSearchModule:UnityEditor.Search:ASIAI0B)
Imported 'GUID: d6860a2b66cf4b143a06d0bc3b87c0df' -> (Import Result ID: '7f241e7b4b89190edf4d04286b74f26a') in 0.003 seconds [static and dynamic dependencies]. Details - ImportResultOutputID=6f83d0e38301b88b7d40e494ca2c6559 DependenciesID=aafaabf1017e6448b81911acac0619dc StaticDependenciesID=b125f0ab91379725f5624264ff5200b6 
Number of updated asset objects reloaded before import = 0
Number of asset objects unloaded after import = 0
========================================================================
Received Import Request.
  Time of request: 2026-09-19T15:08:18.9198545Z
  Time since last request: 0.0005987 seconds.
  importAddress: GUID: cc8c3a097e504aeabef3c8c2f7669916 - Path: Packages/com.unity.collab-proxy/Editor/Views/BranchExplorer/Virtualization/VirtualCanvas.cs - Importer: ScriptedImporter/UnityEditor.QuickSearchModule:UnityEditor.Search:ASIAI0B
Importing 'GUID: cc8c3a097e504aeabef3c8c2f7669916 - Path: Packages/com.unity.collab-proxy/Editor/Views/BranchExplorer/Virtualization/VirtualCanvas.cs - Importer: ScriptedImporter/UnityEditor.QuickSearchModule:UnityEditor.Search:ASIAI0B' with importer (ScriptedImporter : UnityEditor.QuickSearchModule:UnityEditor.Search:ASIAI0B)
Imported 'GUID: cc8c3a097e504aeabef3c8c2f7669916' -> (Import Result ID: '11d77bd97a3ad180fb383fc02fb4d017') in 0.003 seconds [static and dynamic dependencies]. Details - ImportResultOutputID=2cf2065be83be0c411b48b564f402e0e DependenciesID=46e9e080cdc2a7d650a6d796b5ab124c StaticDependenciesID=7cd20ddcec8d61b12cde29a7cdc3d788 
Number of updated asset objects reloaded before import = 0
Number of asset objects unloaded after import = 0
========================================================================
Received Import Request.
  Time of request: 2026-09-19T15:08:18.9422752Z
  Time since last request: 0.0005837 seconds.
  importAddress: GUID: 8aa737bc4a2343caa54fc09f658a62bb - Path: Packages/com.unity.collab-proxy/Editor/Views/BranchExplorer/Zoom/EdgePoint.cs - Importer: ScriptedImporter/UnityEditor.QuickSearchModule:UnityEditor.Search:ASIAI0B
Importing 'GUID: 8aa737bc4a2343caa54fc09f658a62bb - Path: Packages/com.unity.collab-proxy/Editor/Views/BranchExplorer/Zoom/EdgePoint.cs - Importer: ScriptedImporter/UnityEditor.QuickSearchModule:UnityEditor.Search:ASIAI0B' with importer (ScriptedImporter : UnityEditor.QuickSearchModule:UnityEditor.Search:ASIAI0B)
Imported 'GUID: 8aa737bc4a2343caa54fc09f658a62bb' -> (Import Result ID: '9de079269ba4382357f5bad4bcc579f6') in 0.004 seconds [static and dynamic dependencies]. Details - ImportResultOutputID=b702e34839adc43429a80d23c6d83ae7 DependenciesID=a5571ddc3117f490fcd0731268ac76af StaticDependenciesID=b748a6a7f1865038eddfc4f4a28cd9c7 
Number of updated asset objects reloaded before import = 0
Number of asset objects unloaded after import = 0
========================================================================
Received Import Request.
  Time of request: 2026-09-19T15:08:18.9634533Z
  Time since last request: 0.000625 seconds.
  importAddress: GUID: 8f5b967c51ec477bb1f1b6aad7b6839f - Path: Packages/com.unity.collab-proxy/Editor/Views/BranchExplorer/Menu/BranchExplorerViewMenu.cs - Importer: ScriptedImporter/UnityEditor.QuickSearchModule:UnityEditor.Search:ASIAI0B
Importing 'GUID: 8f5b967c51ec477bb1f1b6aad7b6839f - Path: Packages/com.unity.collab-proxy/Editor/Views/BranchExplorer/Menu/BranchExplorerViewMenu.cs - Importer: ScriptedImporter/UnityEditor.QuickSearchModule:UnityEditor.Search:ASIAI0B' with importer (ScriptedImporter : UnityEditor.QuickSearchModule:UnityEditor.Search:ASIAI0B)
Imported 'GUID: 8f5b967c51ec477bb1f1b6aad7b6839f' -> (Import Result ID: '832e2384f50b88d55d98ac6964ff5557') in 0.003 seconds [static and dynamic dependencies]. Details - ImportResultOutputID=fa250130f87056dd00b6d09f06d34ea2 DependenciesID=77ac2ff19740594f17ad788735dc0280 StaticDependenciesID=663e10fc109e5830720721026cd9b358 
Number of updated asset objects reloaded before import = 0
Number of asset objects unloaded after import = 0
========================================================================
Received Import Request.
  Time of request: 2026-09-19T15:08:18.9815339Z
  Time since last request: 0.0005993 seconds.
  importAddress: GUID: 91af864187ea4d65841241cea79c3f71 - Path: Packages/com.unity.collab-proxy/Editor/Views/BranchExplorer/Menu/BranchExplorerViewBranchMenuOperations.cs - Importer: ScriptedImporter/UnityEditor.QuickSearchModule:UnityEditor.Search:ASIAI0B
Importing 'GUID: 91af864187ea4d65841241cea79c3f71 - Path: Packages/com.unity.collab-proxy/Editor/Views/BranchExplorer/Menu/BranchExplorerViewBranchMenuOperations.cs - Importer: ScriptedImporter/UnityEditor.QuickSearchModule:UnityEditor.Search:ASIAI0B' with importer (ScriptedImporter : UnityEditor.QuickSearchModule:UnityEditor.Search:ASIAI0B)
Imported 'GUID: 91af864187ea4d65841241cea79c3f71' -> (Import Result ID: '1966209d275c8e723b32e33404daeeed') in 0.003 seconds [static and dynamic dependencies]. Details - ImportResultOutputID=9003a06116812cef412e51268e3d81d0 DependenciesID=f5724a3de70d0e8cebba3fa5ac71c28a StaticDependenciesID=50a07646b1310e98ff2dc014bd2055a4 
Number of updated asset objects reloaded before import = 0
Number of asset objects unloaded after import = 0
========================================================================
Received Import Request.
  Time of request: 2026-09-19T15:08:19.0013856Z
  Time since last request: 0.0005925 seconds.
  importAddress: GUID: 6e19ed08370c2e6419986e350c6d4c20 - Path: Packages/com.unity.collab-proxy/Editor/Views/Changesets/Dialogs/LabelChangesetDialog.cs - Importer: ScriptedImporter/UnityEditor.QuickSearchModule:UnityEditor.Search:ASIAI0B
Importing 'GUID: 6e19ed08370c2e6419986e350c6d4c20 - Path: Packages/com.unity.collab-proxy/Editor/Views/Changesets/Dialogs/LabelChangesetDialog.cs - Importer: ScriptedImporter/UnityEditor.QuickSearchModule:UnityEditor.Search:ASIAI0B' with importer (ScriptedImporter : UnityEditor.QuickSearchModule:UnityEditor.Search:ASIAI0B)
Imported 'GUID: 6e19ed08370c2e6419986e350c6d4c20' -> (Import Result ID: '4828e5f4dfeb7f603b95310cf120b57c') in 0.003 seconds [static and dynamic dependencies]. Details - ImportResultOutputID=7830dab6cf0507f2ed22074da63ae66f DependenciesID=a73d8b3f3790dc9a7ae01a63b2018b51 StaticDependenciesID=b9140809bd9ac77c3a91eb0aafb03f90 
Number of updated asset objects reloaded before import = 0
Number of asset objects unloaded after import = 0
========================================================================
Received Import Request.
  Time of request: 2026-09-19T15:08:19.021947Z
  Time since last request: 0.0005328 seconds.
  importAddress: GUID: 3891e5e2c64b4e9eb3a1da7549427fcf - Path: Packages/com.unity.collab-proxy/Editor/Views/BranchExplorer/Zoom/BrExPan.cs - Importer: ScriptedImporter/UnityEditor.QuickSearchModule:UnityEditor.Search:ASIAI0B
Importing 'GUID: 3891e5e2c64b4e9eb3a1da7549427fcf - Path: Packages/com.unity.collab-proxy/Editor/Views/BranchExplorer/Zoom/BrExPan.cs - Importer: ScriptedImporter/UnityEditor.QuickSearchModule:UnityEditor.Search:ASIAI0B' with importer (ScriptedImporter : UnityEditor.QuickSearchModule:UnityEditor.Search:ASIAI0B)
Imported 'GUID: 3891e5e2c64b4e9eb3a1da7549427fcf' -> (Import Result ID: 'd56b06d35ead0db0ac88129759cd8b1e') in 0.004 seconds [static and dynamic dependencies]. Details - ImportResultOutputID=17b4546b17b0418dbe85d0dc029b91ef DependenciesID=750273f4f02654985d64394ea7b041ee StaticDependenciesID=6e7ac5df695ffa12890d562b59fd1bce 
Number of updated asset objects reloaded before import = 0
Number of asset objects unloaded after import = 0
========================================================================
Received Import Request.
  Time of request: 2026-09-19T15:08:19.0446337Z
  Time since last request: 0.0006264 seconds.
  importAddress: GUID: c9b4bc0669b544cb9b754dc80d82e74c - Path: Packages/com.unity.collab-proxy/Editor/Views/BranchExplorer/Menu/BranchExplorerViewChangesetMenuOperations.cs - Importer: ScriptedImporter/UnityEditor.QuickSearchModule:UnityEditor.Search:ASIAI0B
Importing 'GUID: c9b4bc0669b544cb9b754dc80d82e74c - Path: Packages/com.unity.collab-proxy/Editor/Views/BranchExplorer/Menu/BranchExplorerViewChangesetMenuOperations.cs - Importer: ScriptedImporter/UnityEditor.QuickSearchModule:UnityEditor.Search:ASIAI0B' with importer (ScriptedImporter : UnityEditor.QuickSearchModule:UnityEditor.Search:ASIAI0B)
Imported 'GUID: c9b4bc0669b544cb9b754dc80d82e74c' -> (Import Result ID: 'f6138d758cbee628b991b4906d99a488') in 0.004 seconds [static and dynamic dependencies]. Details - ImportResultOutputID=24f8e51c2a09d4fc21846840d642f815 DependenciesID=7040e7233f284a8715fda07f0972eb63 StaticDependenciesID=21112d59284ece0fdf128ba3443cf729 
Number of updated asset objects reloaded before import = 0
Number of asset objects unloaded after import = 0
========================================================================
Received Import Request.
  Time of request: 2026-09-19T15:08:19.0664844Z
  Time since last request: 0.0006954 seconds.
  importAddress: GUID: d269c0e04a783b442bf23b3dc868a625 - Path: Packages/com.unity.collab-proxy/Editor/UI/UnityInternals/UnityEditor/TreeViewExtensions.cs - Importer: ScriptedImporter/UnityEditor.QuickSearchModule:UnityEditor.Search:ASIAI0B
Importing 'GUID: d269c0e04a783b442bf23b3dc868a625 - Path: Packages/com.unity.collab-proxy/Editor/UI/UnityInternals/UnityEditor/TreeViewExtensions.cs - Importer: ScriptedImporter/UnityEditor.QuickSearchModule:UnityEditor.Search:ASIAI0B' with importer (ScriptedImporter : UnityEditor.QuickSearchModule:UnityEditor.Search:ASIAI0B)
Imported 'GUID: d269c0e04a783b442bf23b3dc868a625' -> (Import Result ID: '27cb298015f01b83c95e1ca784b1def5') in 0.003 seconds [static and dynamic dependencies]. Details - ImportResultOutputID=f5403c3aa07612b3bdca05d0ec3b169d DependenciesID=2f4d9e329b1cb4bd95767a070c46fb3d StaticDependenciesID=7f7d7f98ad96a2f7b31fb3fa8c000d56 
Number of updated asset objects reloaded before import = 0
Number of asset objects unloaded after import = 0
========================================================================
Received Import Request.
  Time of request: 2026-09-19T15:08:19.0882579Z
  Time since last request: 0.0006155 seconds.
  importAddress: GUID: 821bfc9e29fe4f879430e080c75925f9 - Path: Packages/com.unity.collab-proxy/Editor/UI/UnityInternals/UnityEditor/GenericMenu.cs - Importer: ScriptedImporter/UnityEditor.QuickSearchModule:UnityEditor.Search:ASIAI0B
Importing 'GUID: 821bfc9e29fe4f879430e080c75925f9 - Path: Packages/com.unity.collab-proxy/Editor/UI/UnityInternals/UnityEditor/GenericMenu.cs - Importer: ScriptedImporter/UnityEditor.QuickSearchModule:UnityEditor.Search:ASIAI0B' with importer (ScriptedImporter : UnityEditor.QuickSearchModule:UnityEditor.Search:ASIAI0B)
Imported 'GUID: 821bfc9e29fe4f879430e080c75925f9' -> (Import Result ID: 'a606991a55786a53fc2c648a23c77b2d') in 0.004 seconds [static and dynamic dependencies]. Details - ImportResultOutputID=58bb4594f0145fb404ee2a75869d623a DependenciesID=930bf2071af2f47e58907f0c7643378b StaticDependenciesID=f4c24ebcafd048a3d12dd3af0198ebd6 
Number of updated asset objects reloaded before import = 0
Number of asset objects unloaded after import = 0
========================================================================
Received Import Request.
  Time of request: 2026-09-19T15:08:19.1106724Z
  Time since last request: 0.0007465 seconds.
  importAddress: GUID: e34d4d09700143d698cc4baf1facbf28 - Path: Packages/com.unity.collab-proxy/Editor/Views/BranchExplorer/Virtualization/ChangesetParentLinkVirtualShape.cs - Importer: ScriptedImporter/UnityEditor.QuickSearchModule:UnityEditor.Search:ASIAI0B
Importing 'GUID: e34d4d09700143d698cc4baf1facbf28 - Path: Packages/com.unity.collab-proxy/Editor/Views/BranchExplorer/Virtualization/ChangesetParentLinkVirtualShape.cs - Importer: ScriptedImporter/UnityEditor.QuickSearchModule:UnityEditor.Search:ASIAI0B' with importer (ScriptedImporter : UnityEditor.QuickSearchModule:UnityEditor.Search:ASIAI0B)
Imported 'GUID: e34d4d09700143d698cc4baf1facbf28' -> (Import Result ID: '48eed20b0414e711ae77768d653a8398') in 0.006 seconds [static and dynamic dependencies]. Details - ImportResultOutputID=bfbb0fc43d411936c731a45ee4fb23c6 DependenciesID=260fd740635c2c80b8602eb5a8ee2887 StaticDependenciesID=52a5054f059d7edc48aeae677e91b2c1 
Number of updated asset objects reloaded before import = 0
Number of asset objects unloaded after import = 0
========================================================================
Received Import Request.
  Time of request: 2026-09-19T15:08:19.1360806Z
  Time since last request: 0.0007788 seconds.
  importAddress: GUID: ae954cba0516d43c5b81c92cdb63d0c3 - Path: Packages/com.unity.collab-proxy/Editor/Views/BranchExplorer/Game/EasterEggDetector.cs - Importer: ScriptedImporter/UnityEditor.QuickSearchModule:UnityEditor.Search:ASIAI0B
Importing 'GUID: ae954cba0516d43c5b81c92cdb63d0c3 - Path: Packages/com.unity.collab-proxy/Editor/Views/BranchExplorer/Game/EasterEggDetector.cs - Importer: ScriptedImporter/UnityEditor.QuickSearchModule:UnityEditor.Search:ASIAI0B' with importer (ScriptedImporter : UnityEditor.QuickSearchModule:UnityEditor.Search:ASIAI0B)
Imported 'GUID: ae954cba0516d43c5b81c92cdb63d0c3' -> (Import Result ID: 'a939f8e1f28b89c010ed13b62cc2474d') in 0.003 seconds [static and dynamic dependencies]. Details - ImportResultOutputID=a402adae3c6f29e4ff664c95e5ceddc5 DependenciesID=327bac0f3ae9cb9e093ab54b0b3c2d2d StaticDependenciesID=ec6f3305feec642aa66c435d4cdb6de1 
Number of updated asset objects reloaded before import = 0
Number of asset objects unloaded after import = 0
========================================================================
Received Import Request.
  Time of request: 2026-09-19T15:08:23.9513553Z
  Time since last request: 4.7943518 seconds.
  importAddress: GUID: c7acea46926a4331a5b68771443e3ed0 - Path: Packages/com.unity.collab-proxy/Editor/Diff/Asset/Common/Meta/MetaTreeHelpers.cs - Importer: ScriptedImporter/UnityEditor.QuickSearchModule:UnityEditor.Search:ASIAI0B
Importing 'GUID: c7acea46926a4331a5b68771443e3ed0 - Path: Packages/com.unity.collab-proxy/Editor/Diff/Asset/Common/Meta/MetaTreeHelpers.cs - Importer: ScriptedImporter/UnityEditor.QuickSearchModule:UnityEditor.Search:ASIAI0B' with importer (ScriptedImporter : UnityEditor.QuickSearchModule:UnityEditor.Search:ASIAI0B)
Imported 'GUID: c7acea46926a4331a5b68771443e3ed0' -> (Import Result ID: 'c841e6cef5e1f34d3eee03b7e7126749') in 0.004 seconds [static and dynamic dependencies]. Details - ImportResultOutputID=79c48858cec4f3cfc60ed6b5f4220ccc DependenciesID=da36703f6c6323804553f8b69176f6d8 StaticDependenciesID=d7ba993cbd7bcc3d14c94603baeec18c 
Number of updated asset objects reloaded before import = 0
Number of asset objects unloaded after import = 0
========================================================================
Received Import Request.
  Time of request: 2026-09-19T15:08:23.9950221Z
  Time since last request: 0.0184529 seconds.
  importAddress: GUID: fb7decaf4f8be254dafddd860f82f560 - Path: Packages/com.unity.collab-proxy/Editor/Views/PendingChanges/PendingMergeLinks/MergeLinkListViewItem.cs - Importer: ScriptedImporter/UnityEditor.QuickSearchModule:UnityEditor.Search:ASIAI0B
Importing 'GUID: fb7decaf4f8be254dafddd860f82f560 - Path: Packages/com.unity.collab-proxy/Editor/Views/PendingChanges/PendingMergeLinks/MergeLinkListViewItem.cs - Importer: ScriptedImporter/UnityEditor.QuickSearchModule:UnityEditor.Search:ASIAI0B' with importer (ScriptedImporter : UnityEditor.QuickSearchModule:UnityEditor.Search:ASIAI0B)
Imported 'GUID: fb7decaf4f8be254dafddd860f82f560' -> (Import Result ID: 'a0e133dbc8606e3662bd82fec1140d3e') in 0.011 seconds [static and dynamic dependencies]. Details - ImportResultOutputID=449e5280531208443c1e9c0814a22b2d DependenciesID=75b2929542ce63a2c433dc2de9ea9093 StaticDependenciesID=5e65f79177de508cf1a0882b9b4c7610 
Number of updated asset objects reloaded before import = 0
Number of asset objects unloaded after import = 0
========================================================================
Received Import Request.
  Time of request: 2026-09-19T15:08:24.0377201Z
  Time since last request: 0.0006834 seconds.
  importAddress: GUID: 5efbadbb9912116bb00fdab47698bcf4 - Path: Packages/com.unity.collab-proxy/Editor/Diff/Asset/Common/Property/GroupHeaderLabels.cs - Importer: ScriptedImporter/UnityEditor.QuickSearchModule:UnityEditor.Search:ASIAI0B
Importing 'GUID: 5efbadbb9912116bb00fdab47698bcf4 - Path: Packages/com.unity.collab-proxy/Editor/Diff/Asset/Common/Property/GroupHeaderLabels.cs - Importer: ScriptedImporter/UnityEditor.QuickSearchModule:UnityEditor.Search:ASIAI0B' with importer (ScriptedImporter : UnityEditor.QuickSearchModule:UnityEditor.Search:ASIAI0B)
Imported 'GUID: 5efbadbb9912116bb00fdab47698bcf4' -> (Import Result ID: '9d0e9477853bdb2a830a8e4b031129df') in 0.003 seconds [static and dynamic dependencies]. Details - ImportResultOutputID=1c4ac98bfb16871dc1b5872ae82a04fe DependenciesID=4c8cb6e3584255e8f99f78be73464707 StaticDependenciesID=8f18f4be49e8a4eb23c299e9c767a12e 
Number of updated asset objects reloaded before import = 0
Number of asset objects unloaded after import = 0
========================================================================
Received Import Request.
  Time of request: 2026-09-19T15:08:24.062313Z
  Time since last request: 0.0007001 seconds.
  importAddress: GUID: da41f0c6c4104a20994b9c08feb4e13f - Path: Packages/com.unity.collab-proxy/Editor/Diff/Asset/Diff/UnityObject/ParentChangeDiffs.cs - Importer: ScriptedImporter/UnityEditor.QuickSearchModule:UnityEditor.Search:ASIAI0B
Importing 'GUID: da41f0c6c4104a20994b9c08feb4e13f - Path: Packages/com.unity.collab-proxy/Editor/Diff/Asset/Diff/UnityObject/ParentChangeDiffs.cs - Importer: ScriptedImporter/UnityEditor.QuickSearchModule:UnityEditor.Search:ASIAI0B' with importer (ScriptedImporter : UnityEditor.QuickSearchModule:UnityEditor.Search:ASIAI0B)
Imported 'GUID: da41f0c6c4104a20994b9c08feb4e13f' -> (Import Result ID: '6934b898c08d3c54c499760f04414bf7') in 0.004 seconds [static and dynamic dependencies]. Details - ImportResultOutputID=7f4e9bb68b521fdb34fc047a5fe86246 DependenciesID=4c6bc88b916d5f63d217e736d7202e2c StaticDependenciesID=ae1e0c22240ec0970354e317ad0bc0d5 
Number of updated asset objects reloaded before import = 0
Number of asset objects unloaded after import = 0
========================================================================
Received Import Request.
  Time of request: 2026-09-19T15:08:24.0882165Z
  Time since last request: 0.0007378 seconds.
  importAddress: GUID: 349d4bc84d3b4fa48a1970539c06144c - Path: Packages/com.unity.collab-proxy/Editor/Views/Merge/Gluon/IncomingChangesViewMenu.cs - Importer: ScriptedImporter/UnityEditor.QuickSearchModule:UnityEditor.Search:ASIAI0B
Importing 'GUID: 349d4bc84d3b4fa48a1970539c06144c - Path: Packages/com.unity.collab-proxy/Editor/Views/Merge/Gluon/IncomingChangesViewMenu.cs - Importer: ScriptedImporter/UnityEditor.QuickSearchModule:UnityEditor.Search:ASIAI0B' with importer (ScriptedImporter : UnityEditor.QuickSearchModule:UnityEditor.Search:ASIAI0B)
Imported 'GUID: 349d4bc84d3b4fa48a1970539c06144c' -> (Import Result ID: '09c97a9e716c173d5be5f731d09f7b78') in 0.004 seconds [static and dynamic dependencies]. Details - ImportResultOutputID=7dfcf9b2108b041c17b66ffeb59c6867 DependenciesID=ddb09744202802494cd90966da179010 StaticDependenciesID=65a898ab6bbf884e0e6f3c66ae75ed9e 
Number of updated asset objects reloaded before import = 0
Number of asset objects unloaded after import = 0
========================================================================
Received Import Request.
  Time of request: 2026-09-19T15:08:24.112025Z
  Time since last request: 0.0006603 seconds.
  importAddress: GUID: 323d43d865724e90a62ba88dfeacbef2 - Path: Packages/com.unity.collab-proxy/Editor/Views/Merge/Developer/SerializableMergeTabState.cs - Importer: ScriptedImporter/UnityEditor.QuickSearchModule:UnityEditor.Search:ASIAI0B
Importing 'GUID: 323d43d865724e90a62ba88dfeacbef2 - Path: Packages/com.unity.collab-proxy/Editor/Views/Merge/Developer/SerializableMergeTabState.cs - Importer: ScriptedImporter/UnityEditor.QuickSearchModule:UnityEditor.Search:ASIAI0B' with importer (ScriptedImporter : UnityEditor.QuickSearchModule:UnityEditor.Search:ASIAI0B)
Imported 'GUID: 323d43d865724e90a62ba88dfeacbef2' -> (Import Result ID: '7d94a81ed28a73d3991b3ab369cb026a') in 0.003 seconds [static and dynamic dependencies]. Details - ImportResultOutputID=a272389895bc2745641f178785fd8984 DependenciesID=45de418d4693bd708406fac8680e061d StaticDependenciesID=f090197eb0d15176c26504b9122ae009 
Number of updated asset objects reloaded before import = 0
Number of asset objects unloaded after import = 0
========================================================================
Received Import Request.
  Time of request: 2026-09-19T15:08:24.1340415Z
  Time since last request: 0.0017241 seconds.
  importAddress: GUID: 5ba5950af72324af4be4d53de594d2b9 - Path: Packages/com.unity.collab-proxy/Editor/Diff/Asset/Content/Filtering/ObjectContentFilters.cs - Importer: ScriptedImporter/UnityEditor.QuickSearchModule:UnityEditor.Search:ASIAI0B
Importing 'GUID: 5ba5950af72324af4be4d53de594d2b9 - Path: Packages/com.unity.collab-proxy/Editor/Diff/Asset/Content/Filtering/ObjectContentFilters.cs - Importer: ScriptedImporter/UnityEditor.QuickSearchModule:UnityEditor.Search:ASIAI0B' with importer (ScriptedImporter : UnityEditor.QuickSearchModule:UnityEditor.Search:ASIAI0B)
Imported 'GUID: 5ba5950af72324af4be4d53de594d2b9' -> (Import Result ID: 'adf6004a387650cb47f44aa14bd6a5f5') in 0.004 seconds [static and dynamic dependencies]. Details - ImportResultOutputID=dbf82ca20d009d2c0704ca87bbad4f6f DependenciesID=90cec0e94f13a9be3d769983e27dd520 StaticDependenciesID=f9217ffb7c7e8b94fb3237b2352e830d 
Number of updated asset objects reloaded before import = 0
Number of asset objects unloaded after import = 0
========================================================================
Received Import Request.
  Time of request: 2026-09-19T15:08:24.1720446Z
  Time since last request: 0.0006793 seconds.
  importAddress: GUID: b8354167bc3f4fe68167ff2823a4334e - Path: Packages/com.unity.collab-proxy/Editor/Diff/Asset/Common/Property/IntPropertyFormatters.cs - Importer: ScriptedImporter/UnityEditor.QuickSearchModule:UnityEditor.Search:ASIAI0B
Importing 'GUID: b8354167bc3f4fe68167ff2823a4334e - Path: Packages/com.unity.collab-proxy/Editor/Diff/Asset/Common/Property/IntPropertyFormatters.cs - Importer: ScriptedImporter/UnityEditor.QuickSearchModule:UnityEditor.Search:ASIAI0B' with importer (ScriptedImporter : UnityEditor.QuickSearchModule:UnityEditor.Search:ASIAI0B)
Imported 'GUID: b8354167bc3f4fe68167ff2823a4334e' -> (Import Result ID: '2ce6a0b3c81e08e0edc2b9b43933b7d0') in 0.005 seconds [static and dynamic dependencies]. Details - ImportResultOutputID=de048cdc840cac87ad7808ee853bbafd DependenciesID=1f442c51e6ad30c2b68cd8a98446de95 StaticDependenciesID=7194d7360488da7df7f785a199a56246 
Number of updated asset objects reloaded before import = 0
Number of asset objects unloaded after import = 0
========================================================================
Received Import Request.
  Time of request: 2026-09-19T15:08:24.2004757Z
  Time since last request: 0.0010565 seconds.
  importAddress: GUID: 6c8b04d6403125b4ca51861863f386ee - Path: Packages/com.unity.collab-proxy/Editor/Views/Merge/Developer/MergeTreeHeaderState.cs - Importer: ScriptedImporter/UnityEditor.QuickSearchModule:UnityEditor.Search:ASIAI0B
Importing 'GUID: 6c8b04d6403125b4ca51861863f386ee - Path: Packages/com.unity.collab-proxy/Editor/Views/Merge/Developer/MergeTreeHeaderState.cs - Importer: ScriptedImporter/UnityEditor.QuickSearchModule:UnityEditor.Search:ASIAI0B' with importer (ScriptedImporter : UnityEditor.QuickSearchModule:UnityEditor.Search:ASIAI0B)
Imported 'GUID: 6c8b04d6403125b4ca51861863f386ee' -> (Import Result ID: '06f171406d3e891743dacddcd176dc5f') in 0.006 seconds [static and dynamic dependencies]. Details - ImportResultOutputID=66a9372754587ed0d5f952b63ce069e3 DependenciesID=5608dcd03bb7009093d5fdbe21f4f24a StaticDependenciesID=2abeccdbe5a28af6e7bf9af110ea2a0f 
Number of updated asset objects reloaded before import = 0
Number of asset objects unloaded after import = 0
========================================================================
Received Import Request.
  Time of request: 2026-09-19T15:08:24.2447211Z
  Time since last request: 0.003426 seconds.
  importAddress: GUID: a5e4ef40233954c34904a5ab79ff8c9f - Path: Packages/com.unity.collab-proxy/Lib/Editor/TextMateSharp/Onigwrap/OnigwrapPlastic.dll - Importer: ScriptedImporter/UnityEditor.QuickSearchModule:UnityEditor.Search:ASIAI0B
Importing 'GUID: a5e4ef40233954c34904a5ab79ff8c9f - Path: Packages/com.unity.collab-proxy/Lib/Editor/TextMateSharp/Onigwrap/OnigwrapPlastic.dll - Importer: ScriptedImporter/UnityEditor.QuickSearchModule:UnityEditor.Search:ASIAI0B' with importer (ScriptedImporter : UnityEditor.QuickSearchModule:UnityEditor.Search:ASIAI0B)
Imported 'GUID: a5e4ef40233954c34904a5ab79ff8c9f' -> (Import Result ID: '8225846437dea3c84b1fb754df9ab3d0') in 0.007 seconds [static and dynamic dependencies]. Details - ImportResultOutputID=f218f1eef980409da7b56dd4fbe7c1b9 DependenciesID=038299324e8ccf491b93973820f65767 StaticDependenciesID=c711d8e2f50a8231a7a61293517b2a2d 
Number of updated asset objects reloaded before import = 0
Number of asset objects unloaded after import = 0
========================================================================
Received Import Request.
  Time of request: 2026-09-19T15:08:24.2740615Z
  Time since last request: 0.0006715 seconds.
  importAddress: GUID: 2c8fed4a76fae4229855015e0ab109b1 - Path: Packages/com.unity.collab-proxy/Editor/Diff/Asset/Diff/UnityObject/SiblingReorderDiffs.cs - Importer: ScriptedImporter/UnityEditor.QuickSearchModule:UnityEditor.Search:ASIAI0B
Importing 'GUID: 2c8fed4a76fae4229855015e0ab109b1 - Path: Packages/com.unity.collab-proxy/Editor/Diff/Asset/Diff/UnityObject/SiblingReorderDiffs.cs - Importer: ScriptedImporter/UnityEditor.QuickSearchModule:UnityEditor.Search:ASIAI0B' with importer (ScriptedImporter : UnityEditor.QuickSearchModule:UnityEditor.Search:ASIAI0B)
Imported 'GUID: 2c8fed4a76fae4229855015e0ab109b1' -> (Import Result ID: 'c890d094212470bb23032c10400d878b') in 0.005 seconds [static and dynamic dependencies]. Details - ImportResultOutputID=9baca4ee396acf82e6035364e550e0c4 DependenciesID=1f736cb7b9a643cf509f96bfaa4d0903 StaticDependenciesID=7b2900321d0ca62c40612ab29692a9e1 
Number of updated asset objects reloaded before import = 0
Number of asset objects unloaded after import = 0
========================================================================
Received Import Request.
  Time of request: 2026-09-19T15:08:24.3082535Z
  Time since last request: 0.0010721 seconds.
  importAddress: GUID: 1c717ffc06a346f49df5a2fe06338439 - Path: Packages/com.unity.collab-proxy/Editor/Diff/Asset/Common/Property/IgnoredProperties.cs - Importer: ScriptedImporter/UnityEditor.QuickSearchModule:UnityEditor.Search:ASIAI0B
Importing 'GUID: 1c717ffc06a346f49df5a2fe06338439 - Path: Packages/com.unity.collab-proxy/Editor/Diff/Asset/Common/Property/IgnoredProperties.cs - Importer: ScriptedImporter/UnityEditor.QuickSearchModule:UnityEditor.Search:ASIAI0B' with importer (ScriptedImporter : UnityEditor.QuickSearchModule:UnityEditor.Search:ASIAI0B)
Imported 'GUID: 1c717ffc06a346f49df5a2fe06338439' -> (Import Result ID: '52e374c4c82924933ca26dd695c142b7') in 0.004 seconds [static and dynamic dependencies]. Details - ImportResultOutputID=65dabd2fb71215c7ae90f76e911869d5 DependenciesID=de847509f758db769c652b59a455d643 StaticDependenciesID=48ad4cbbdad607e93b2d53f1c77b8b66 
Number of updated asset objects reloaded before import = 0
Number of asset objects unloaded after import = 0
========================================================================
Received Import Request.
  Time of request: 2026-09-19T15:08:24.3442157Z
  Time since last request: 0.0006189 seconds.
  importAddress: GUID: 5aee5a8d0d126ca48a331d298005381f - Path: Packages/com.unity.collab-proxy/Editor/Views/PendingChanges/Dialogs/CreateChangelistDialog.cs - Importer: ScriptedImporter/UnityEditor.QuickSearchModule:UnityEditor.Search:ASIAI0B
Importing 'GUID: 5aee5a8d0d126ca48a331d298005381f - Path: Packages/com.unity.collab-proxy/Editor/Views/PendingChanges/Dialogs/CreateChangelistDialog.cs - Importer: ScriptedImporter/UnityEditor.QuickSearchModule:UnityEditor.Search:ASIAI0B' with importer (ScriptedImporter : UnityEditor.QuickSearchModule:UnityEditor.Search:ASIAI0B)
Imported 'GUID: 5aee5a8d0d126ca48a331d298005381f' -> (Import Result ID: '38d2a99de8c3780fc94a0f108c7bd935') in 0.004 seconds [static and dynamic dependencies]. Details - ImportResultOutputID=62983434b6a32f46d8786bc1f0c38f68 DependenciesID=282d3d4dfee5629f4718bb15fdbb141f StaticDependenciesID=1b8978e4aad3d39a1c2cd560d4aa1991 
Number of updated asset objects reloaded before import = 0
Number of asset objects unloaded after import = 0
========================================================================
Received Import Request.
  Time of request: 2026-09-19T15:08:24.3643987Z
  Time since last request: 0.00076 seconds.
  importAddress: GUID: 7f0fe0843a02c4ed6a7606ee4d655343 - Path: Packages/com.unity.collab-proxy/Editor/Diff/Asset/Diff/Filtering/ObjectDiffOptions.cs - Importer: ScriptedImporter/UnityEditor.QuickSearchModule:UnityEditor.Search:ASIAI0B
Importing 'GUID: 7f0fe0843a02c4ed6a7606ee4d655343 - Path: Packages/com.unity.collab-proxy/Editor/Diff/Asset/Diff/Filtering/ObjectDiffOptions.cs - Importer: ScriptedImporter/UnityEditor.QuickSearchModule:UnityEditor.Search:ASIAI0B' with importer (ScriptedImporter : UnityEditor.QuickSearchModule:UnityEditor.Search:ASIAI0B)
Imported 'GUID: 7f0fe0843a02c4ed6a7606ee4d655343' -> (Import Result ID: '7ba9263168a464871d04a0d1f07eee69') in 0.003 seconds [static and dynamic dependencies]. Details - ImportResultOutputID=114d9efe3420b9f4cce96e2a6a69e412 DependenciesID=583a83193c8c056e6d3b991774848210 StaticDependenciesID=5cf318dd715abe2410d79ba8e16825cc 
Number of updated asset objects reloaded before import = 0
Number of asset objects unloaded after import = 0
========================================================================
Received Import Request.
  Time of request: 2026-09-19T15:08:24.3899855Z
  Time since last request: 0.0005947 seconds.
  importAddress: GUID: 1e0aed0a10caba04583f2474f8279b27 - Path: Packages/com.unity.collab-proxy/Editor/Views/Merge/Developer/MergeTreeView.cs - Importer: ScriptedImporter/UnityEditor.QuickSearchModule:UnityEditor.Search:ASIAI0B
Importing 'GUID: 1e0aed0a10caba04583f2474f8279b27 - Path: Packages/com.unity.collab-proxy/Editor/Views/Merge/Developer/MergeTreeView.cs - Importer: ScriptedImporter/UnityEditor.QuickSearchModule:UnityEditor.Search:ASIAI0B' with importer (ScriptedImporter : UnityEditor.QuickSearchModule:UnityEditor.Search:ASIAI0B)
Imported 'GUID: 1e0aed0a10caba04583f2474f8279b27' -> (Import Result ID: 'd3f4e10e163006bb792efd768ec6e654') in 0.004 seconds [static and dynamic dependencies]. Details - ImportResultOutputID=7f8dbc79a28dc2495f48473347f2821c DependenciesID=7d9029697a471c8e720821324881ae4a StaticDependenciesID=bd4ddd21e5ecd373ddb8d1b91aa0e19a 
Number of updated asset objects reloaded before import = 0
Number of asset objects unloaded after import = 0
========================================================================
Received Import Request.
  Time of request: 2026-09-19T15:08:24.4084547Z
  Time since last request: 0.0005933 seconds.
  importAddress: GUID: 6a9d8351b7dac6e4c8e7b27d5cbdd70c - Path: Packages/com.unity.collab-proxy/Editor/Views/PendingChanges/Dialogs/EmptyCommentDialog.cs - Importer: ScriptedImporter/UnityEditor.QuickSearchModule:UnityEditor.Search:ASIAI0B
Importing 'GUID: 6a9d8351b7dac6e4c8e7b27d5cbdd70c - Path: Packages/com.unity.collab-proxy/Editor/Views/PendingChanges/Dialogs/EmptyCommentDialog.cs - Importer: ScriptedImporter/UnityEditor.QuickSearchModule:UnityEditor.Search:ASIAI0B' with importer (ScriptedImporter : UnityEditor.QuickSearchModule:UnityEditor.Search:ASIAI0B)
Imported 'GUID: 6a9d8351b7dac6e4c8e7b27d5cbdd70c' -> (Import Result ID: '3ca72dc97fbc503f0117c1b391ccdcfd') in 0.003 seconds [static and dynamic dependencies]. Details - ImportResultOutputID=44106494fab52b8f22bbf6ee4bbf09da DependenciesID=499cec485517ba00f548060d8df5d729 StaticDependenciesID=8ae7fa8ee0e4640355dcdb70a5b6c8f7 
Number of updated asset objects reloaded before import = 0
Number of asset objects unloaded after import = 0
========================================================================
Received Import Request.
  Time of request: 2026-09-19T15:08:24.4300261Z
  Time since last request: 0.0008727 seconds.
  importAddress: GUID: 8bf6e2e635fb45979c87aac695ae7567 - Path: Packages/com.unity.collab-proxy/Editor/Diff/Asset/Common/Property/PropertyTreeBuilder.cs - Importer: ScriptedImporter/UnityEditor.QuickSearchModule:UnityEditor.Search:ASIAI0B
Importing 'GUID: 8bf6e2e635fb45979c87aac695ae7567 - Path: Packages/com.unity.collab-proxy/Editor/Diff/Asset/Common/Property/PropertyTreeBuilder.cs - Importer: ScriptedImporter/UnityEditor.QuickSearchModule:UnityEditor.Search:ASIAI0B' with importer (ScriptedImporter : UnityEditor.QuickSearchModule:UnityEditor.Search:ASIAI0B)
Imported 'GUID: 8bf6e2e635fb45979c87aac695ae7567' -> (Import Result ID: '8653e2c33847e9219226028dcd429082') in 0.003 seconds [static and dynamic dependencies]. Details - ImportResultOutputID=b20a58c190d44c81d1392f012ff6b93a DependenciesID=3e08aada58eaeb51ac053b2011f17065 StaticDependenciesID=5f0127be6265cb7c22e71441ede1d72a 
Number of updated asset objects reloaded before import = 0
Number of asset objects unloaded after import = 0
========================================================================
Received Import Request.
  Time of request: 2026-09-19T15:08:24.4506526Z
  Time since last request: 0.0005718 seconds.
  importAddress: GUID: 466ebd71b4a48b541be6d119d8140603 - Path: Packages/com.unity.collab-proxy/Editor/Views/PendingChanges/Changelists/MoveToChangelistMenuBuilder.cs - Importer: ScriptedImporter/UnityEditor.QuickSearchModule:UnityEditor.Search:ASIAI0B
Importing 'GUID: 466ebd71b4a48b541be6d119d8140603 - Path: Packages/com.unity.collab-proxy/Editor/Views/PendingChanges/Changelists/MoveToChangelistMenuBuilder.cs - Importer: ScriptedImporter/UnityEditor.QuickSearchModule:UnityEditor.Search:ASIAI0B' with importer (ScriptedImporter : UnityEditor.QuickSearchModule:UnityEditor.Search:ASIAI0B)
Imported 'GUID: 466ebd71b4a48b541be6d119d8140603' -> (Import Result ID: 'c69bf043b7071e45ab995844f8e8b0c9') in 0.004 seconds [static and dynamic dependencies]. Details - ImportResultOutputID=1d983507bd16816170923e2c16ce6b5f DependenciesID=fa9d089d4dcc5029a38642dda1ce0ce0 StaticDependenciesID=e2895b69fd90c8b986734dc1f8dd3275 
Number of updated asset objects reloaded before import = 0
Number of asset objects unloaded after import = 0
========================================================================
Received Import Request.
  Time of request: 2026-09-19T15:08:24.4749879Z
  Time since last request: 0.0010215 seconds.
  importAddress: GUID: 4482fa6271aa4d47a88eb0abab598eb2 - Path: Packages/com.unity.collab-proxy/Editor/Diff/Asset/Content/Property/PropertyContent.cs - Importer: ScriptedImporter/UnityEditor.QuickSearchModule:UnityEditor.Search:ASIAI0B
Importing 'GUID: 4482fa6271aa4d47a88eb0abab598eb2 - Path: Packages/com.unity.collab-proxy/Editor/Diff/Asset/Content/Property/PropertyContent.cs - Importer: ScriptedImporter/UnityEditor.QuickSearchModule:UnityEditor.Search:ASIAI0B' with importer (ScriptedImporter : UnityEditor.QuickSearchModule:UnityEditor.Search:ASIAI0B)
Imported 'GUID: 4482fa6271aa4d47a88eb0abab598eb2' -> (Import Result ID: '72eec02326ae9da1c7f4a61e243a4349') in 0.003 seconds [static and dynamic dependencies]. Details - ImportResultOutputID=7cfdfe3e2d571a9a2b6429b7ad0393b2 DependenciesID=7883f50e1fe801a61711460da951a5f0 StaticDependenciesID=d8867afa489112c1688660e5ceb905f6 
Number of updated asset objects reloaded before import = 0
Number of asset objects unloaded after import = 0
========================================================================
Received Import Request.
  Time of request: 2026-09-19T15:08:24.4979658Z
  Time since last request: 0.0005773 seconds.
  importAddress: GUID: 3ccc9b689652f0b40b53c731af81f034 - Path: Packages/com.unity.collab-proxy/Editor/Views/PendingChanges/Dialogs/LaunchDependenciesDialog.cs - Importer: ScriptedImporter/UnityEditor.QuickSearchModule:UnityEditor.Search:ASIAI0B
Importing 'GUID: 3ccc9b689652f0b40b53c731af81f034 - Path: Packages/com.unity.collab-proxy/Editor/Views/PendingChanges/Dialogs/LaunchDependenciesDialog.cs - Importer: ScriptedImporter/UnityEditor.QuickSearchModule:UnityEditor.Search:ASIAI0B' with importer (ScriptedImporter : UnityEditor.QuickSearchModule:UnityEditor.Search:ASIAI0B)
Imported 'GUID: 3ccc9b689652f0b40b53c731af81f034' -> (Import Result ID: '0ae345094966a4556fd51c98db0fc130') in 0.003 seconds [static and dynamic dependencies]. Details - ImportResultOutputID=cb76d5aa80035e49ca1bc9aeafeb74e8 DependenciesID=38e19f16f91acae9a77445f07aeb115f StaticDependenciesID=1761c8f13bf120a5c6ca778ecd7016dd 
Number of updated asset objects reloaded before import = 0
Number of asset objects unloaded after import = 0
========================================================================
Received Import Request.
  Time of request: 2026-09-19T15:08:24.5181548Z
  Time since last request: 0.0004861 seconds.
  importAddress: GUID: fc407072748964c61a00ee8d7e579db1 - Path: Packages/com.unity.collab-proxy/Editor/Diff/Asset/Content/Search/PropertyContentSearchIndex.cs - Importer: ScriptedImporter/UnityEditor.QuickSearchModule:UnityEditor.Search:ASIAI0B
Importing 'GUID: fc407072748964c61a00ee8d7e579db1 - Path: Packages/com.unity.collab-proxy/Editor/Diff/Asset/Content/Search/PropertyContentSearchIndex.cs - Importer: ScriptedImporter/UnityEditor.QuickSearchModule:UnityEditor.Search:ASIAI0B' with importer (ScriptedImporter : UnityEditor.QuickSearchModule:UnityEditor.Search:ASIAI0B)
Imported 'GUID: fc407072748964c61a00ee8d7e579db1' -> (Import Result ID: '33119d55c5ca553870f3200fca6f0f54') in 0.003 seconds [static and dynamic dependencies]. Details - ImportResultOutputID=2628ea1f7ba77d52f496b352f3f4f518 DependenciesID=d4bcfeb78d338239b86f457cea9b7243 StaticDependenciesID=905df4e4d078721ece56aa407e4ca7e2 
Number of updated asset objects reloaded before import = 0
Number of asset objects unloaded after import = 0
========================================================================
Received Import Request.
  Time of request: 2026-09-19T15:08:24.537997Z
  Time since last request: 0.0004217 seconds.
  importAddress: GUID: f3dabef31c2a490faec225c13c37076d - Path: Packages/com.unity.collab-proxy/Editor/Diff/Asset/Diff/UnityObject/ComponentReorderDiffs.cs - Importer: ScriptedImporter/UnityEditor.QuickSearchModule:UnityEditor.Search:ASIAI0B
Importing 'GUID: f3dabef31c2a490faec225c13c37076d - Path: Packages/com.unity.collab-proxy/Editor/Diff/Asset/Diff/UnityObject/ComponentReorderDiffs.cs - Importer: ScriptedImporter/UnityEditor.QuickSearchModule:UnityEditor.Search:ASIAI0B' with importer (ScriptedImporter : UnityEditor.QuickSearchModule:UnityEditor.Search:ASIAI0B)
Imported 'GUID: f3dabef31c2a490faec225c13c37076d' -> (Import Result ID: '5748c58ab81979257473df336117b624') in 0.003 seconds [static and dynamic dependencies]. Details - ImportResultOutputID=dd865ecc1196d41dcaa88d51169c87f1 DependenciesID=0f8785a6ba49473cc204bd25b71be2f7 StaticDependenciesID=9d87d0a8024262795e8e2bde2967df0d 
Number of updated asset objects reloaded before import = 0
Number of asset objects unloaded after import = 0
========================================================================
Received Import Request.
  Time of request: 2026-09-19T15:08:24.5561408Z
  Time since last request: 0.0006128 seconds.
  importAddress: GUID: b57672168ae882a4b8483a000638c433 - Path: Packages/com.unity.collab-proxy/Editor/Views/Merge/Developer/UnityMergeTree.cs - Importer: ScriptedImporter/UnityEditor.QuickSearchModule:UnityEditor.Search:ASIAI0B
Importing 'GUID: b57672168ae882a4b8483a000638c433 - Path: Packages/com.unity.collab-proxy/Editor/Views/Merge/Developer/UnityMergeTree.cs - Importer: ScriptedImporter/UnityEditor.QuickSearchModule:UnityEditor.Search:ASIAI0B' with importer (ScriptedImporter : UnityEditor.QuickSearchModule:UnityEditor.Search:ASIAI0B)
Imported 'GUID: b57672168ae882a4b8483a000638c433' -> (Import Result ID: '48feae2f756a08bd24e28d8f3345d9f5') in 0.005 seconds [static and dynamic dependencies]. Details - ImportResultOutputID=c2c25d572e26828b9b07d68cae29940a DependenciesID=8dcfc52f1de7188f94ab77ab10497f23 StaticDependenciesID=b11d20c79d50238258ae6cabdcb1f1eb 
Number of updated asset objects reloaded before import = 0
Number of asset objects unloaded after import = 0
========================================================================
Received Import Request.
  Time of request: 2026-09-19T15:08:24.5769627Z
  Time since last request: 0.0004801 seconds.
  importAddress: GUID: 0caf9dda3147e224daf41ba5bd5cfaf0 - Path: Packages/com.unity.collab-proxy/Editor/Views/PendingChanges/Dialogs/LaunchCheckinConflictsDialog.cs - Importer: ScriptedImporter/UnityEditor.QuickSearchModule:UnityEditor.Search:ASIAI0B
Importing 'GUID: 0caf9dda3147e224daf41ba5bd5cfaf0 - Path: Packages/com.unity.collab-proxy/Editor/Views/PendingChanges/Dialogs/LaunchCheckinConflictsDialog.cs - Importer: ScriptedImporter/UnityEditor.QuickSearchModule:UnityEditor.Search:ASIAI0B' with importer (ScriptedImporter : UnityEditor.QuickSearchModule:UnityEditor.Search:ASIAI0B)
Imported 'GUID: 0caf9dda3147e224daf41ba5bd5cfaf0' -> (Import Result ID: '4e4f379f81e8d8bb995a84d7c262f1b9') in 0.006 seconds [static and dynamic dependencies]. Details - ImportResultOutputID=95b8e00ea6e34c8e11a607b730850964 DependenciesID=e49c623325ff8e03729b4aeabecf551b StaticDependenciesID=564a0245c9401627b18a88d502eb4635 
Number of updated asset objects reloaded before import = 0
Number of asset objects unloaded after import = 0
========================================================================
Received Import Request.
  Time of request: 2026-09-19T15:08:24.6037353Z
  Time since last request: 0.0006543 seconds.
  importAddress: GUID: 9b917d42ad338ab4494088f574472998 - Path: Packages/com.unity.collab-proxy/Editor/Views/Merge/Gluon/IncomingChangesTab.cs - Importer: ScriptedImporter/UnityEditor.QuickSearchModule:UnityEditor.Search:ASIAI0B
Importing 'GUID: 9b917d42ad338ab4494088f574472998 - Path: Packages/com.unity.collab-proxy/Editor/Views/Merge/Gluon/IncomingChangesTab.cs - Importer: ScriptedImporter/UnityEditor.QuickSearchModule:UnityEditor.Search:ASIAI0B' with importer (ScriptedImporter : UnityEditor.QuickSearchModule:UnityEditor.Search:ASIAI0B)
Imported 'GUID: 9b917d42ad338ab4494088f574472998' -> (Import Result ID: '1ceba9095ae4e361a152541b9cc374f5') in 0.004 seconds [static and dynamic dependencies]. Details - ImportResultOutputID=df168fa29db01b2cd1ac31a61550a8c6 DependenciesID=9b0881ba08a3c0a60d9f49dbc0f85367 StaticDependenciesID=091876c518e34f9416856cde651b55fa 
Number of updated asset objects reloaded before import = 0
Number of asset objects unloaded after import = 0
========================================================================
Received Import Request.
  Time of request: 2026-09-19T15:08:24.6264929Z
  Time since last request: 0.0005819 seconds.
  importAddress: GUID: 4d3910fb8d3a4d2c9bd83623e82e0875 - Path: Packages/com.unity.collab-proxy/Editor/Diff/Asset/Diff/Property/PropertyDiff.cs - Importer: ScriptedImporter/UnityEditor.QuickSearchModule:UnityEditor.Search:ASIAI0B
Importing 'GUID: 4d3910fb8d3a4d2c9bd83623e82e0875 - Path: Packages/com.unity.collab-proxy/Editor/Diff/Asset/Diff/Property/PropertyDiff.cs - Importer: ScriptedImporter/UnityEditor.QuickSearchModule:UnityEditor.Search:ASIAI0B' with importer (ScriptedImporter : UnityEditor.QuickSearchModule:UnityEditor.Search:ASIAI0B)
Imported 'GUID: 4d3910fb8d3a4d2c9bd83623e82e0875' -> (Import Result ID: '8af5bcc098d0615271acecca3042024f') in 0.004 seconds [static and dynamic dependencies]. Details - ImportResultOutputID=b3a853af56e64a72dcb409838d8d1f48 DependenciesID=26ff14af2f457f501c315b927649450c StaticDependenciesID=5b869e36df70e107c2a2760d7271d756 
Number of updated asset objects reloaded before import = 0
Number of asset objects unloaded after import = 0
========================================================================
Received Import Request.
  Time of request: 2026-09-19T15:08:24.6705217Z
  Time since last request: 0.0243227 seconds.
  importAddress: GUID: 654349dfd493477d9aeb2dd5bd80b566 - Path: Packages/com.unity.collab-proxy/Editor/Views/BranchExplorer/Drawing/Shapes/HomeImageOverlay.cs - Importer: ScriptedImporter/UnityEditor.QuickSearchModule:UnityEditor.Search:ASIAI0B
Importing 'GUID: 654349dfd493477d9aeb2dd5bd80b566 - Path: Packages/com.unity.collab-proxy/Editor/Views/BranchExplorer/Drawing/Shapes/HomeImageOverlay.cs - Importer: ScriptedImporter/UnityEditor.QuickSearchModule:UnityEditor.Search:ASIAI0B' with importer (ScriptedImporter : UnityEditor.QuickSearchModule:UnityEditor.Search:ASIAI0B)
Imported 'GUID: 654349dfd493477d9aeb2dd5bd80b566' -> (Import Result ID: 'e5ab79c1d1584c0b1672798bf7c2026c') in 0.003 seconds [static and dynamic dependencies]. Details - ImportResultOutputID=c1cb82b1e17d75470b434b503f9c3fef DependenciesID=c511d98d1409e5fe6030b2e383295c6c StaticDependenciesID=1530091c92290e70270b6bca73c081ca 
Number of updated asset objects reloaded before import = 0
Number of asset objects unloaded after import = 0
========================================================================
Received Import Request.
  Time of request: 2026-09-19T15:08:24.6924802Z
  Time since last request: 0.0006898 seconds.
  importAddress: GUID: 97d25960402b4e1e98351c7168ef189f - Path: Packages/com.unity.collab-proxy/Editor/Views/BranchExplorer/Drawing/Shapes/EllipticalArc.cs - Importer: ScriptedImporter/UnityEditor.QuickSearchModule:UnityEditor.Search:ASIAI0B
Importing 'GUID: 97d25960402b4e1e98351c7168ef189f - Path: Packages/com.unity.collab-proxy/Editor/Views/BranchExplorer/Drawing/Shapes/EllipticalArc.cs - Importer: ScriptedImporter/UnityEditor.QuickSearchModule:UnityEditor.Search:ASIAI0B' with importer (ScriptedImporter : UnityEditor.QuickSearchModule:UnityEditor.Search:ASIAI0B)
Imported 'GUID: 97d25960402b4e1e98351c7168ef189f' -> (Import Result ID: '092e00ae3780f1d4904fd01662aaa993') in 0.003 seconds [static and dynamic dependencies]. Details - ImportResultOutputID=005280e923f200ead85863ced3c36214 DependenciesID=acbdc82a58b1e3296dcd19bd7f92e193 StaticDependenciesID=f40fb1cbf1fa44f387c685b0a3eac991 
Number of updated asset objects reloaded before import = 0
Number of asset objects unloaded after import = 0
========================================================================
Received Import Request.
  Time of request: 2026-09-19T15:08:24.7131473Z
  Time since last request: 0.0008739 seconds.
  importAddress: GUID: c7bdafe2d54d94655bb31e771614817c - Path: Packages/com.unity.collab-proxy/Editor/Diff/Image/Views/Swipe/SwipeImageView.cs - Importer: ScriptedImporter/UnityEditor.QuickSearchModule:UnityEditor.Search:ASIAI0B
Importing 'GUID: c7bdafe2d54d94655bb31e771614817c - Path: Packages/com.unity.collab-proxy/Editor/Diff/Image/Views/Swipe/SwipeImageView.cs - Importer: ScriptedImporter/UnityEditor.QuickSearchModule:UnityEditor.Search:ASIAI0B' with importer (ScriptedImporter : UnityEditor.QuickSearchModule:UnityEditor.Search:ASIAI0B)
Imported 'GUID: c7bdafe2d54d94655bb31e771614817c' -> (Import Result ID: '3a36942abc8e1ecbe3cc2fc00e976be1') in 0.004 seconds [static and dynamic dependencies]. Details - ImportResultOutputID=48ed1dce48a4382e4cd0cb6cc04dc4f5 DependenciesID=cc828bd345d395bab016578a45353596 StaticDependenciesID=f7244a1c52976eba36dbc44b67cfc973 
Number of updated asset objects reloaded before import = 0
Number of asset objects unloaded after import = 0
========================================================================
Received Import Request.
  Time of request: 2026-09-19T15:08:24.7347651Z
  Time since last request: 0.0007579 seconds.
  importAddress: GUID: a9881fce7e445b84bbbd53752db30fe9 - Path: Packages/com.unity.collab-proxy/Editor/Views/Merge/Developer/DirectoryConflicts/DrawDirectoryResolutionPanel.cs - Importer: ScriptedImporter/UnityEditor.QuickSearchModule:UnityEditor.Search:ASIAI0B
Importing 'GUID: a9881fce7e445b84bbbd53752db30fe9 - Path: Packages/com.unity.collab-proxy/Editor/Views/Merge/Developer/DirectoryConflicts/DrawDirectoryResolutionPanel.cs - Importer: ScriptedImporter/UnityEditor.QuickSearchModule:UnityEditor.Search:ASIAI0B' with importer (ScriptedImporter : UnityEditor.QuickSearchModule:UnityEditor.Search:ASIAI0B)
Imported 'GUID: a9881fce7e445b84bbbd53752db30fe9' -> (Import Result ID: '12158c7bc19f9db39993ac39df649c03') in 0.003 seconds [static and dynamic dependencies]. Details - ImportResultOutputID=fa0cb0382caaba377e724825513b373f DependenciesID=fb1f8920b0cec2e5d7d4915164a033df StaticDependenciesID=281d0ea69da27270fd4d6c1afe3ca2c7 
Number of updated asset objects reloaded before import = 0
Number of asset objects unloaded after import = 0
========================================================================
Received Import Request.
  Time of request: 2026-09-19T15:08:24.7558694Z
  Time since last request: 0.0007857 seconds.
  importAddress: GUID: 9bce97fab0964d528edee0fae8663c95 - Path: Packages/com.unity.collab-proxy/Editor/Views/BranchExplorer/Drawing/Shapes/Colors/BrExLineDashPatterns.cs - Importer: ScriptedImporter/UnityEditor.QuickSearchModule:UnityEditor.Search:ASIAI0B
Importing 'GUID: 9bce97fab0964d528edee0fae8663c95 - Path: Packages/com.unity.collab-proxy/Editor/Views/BranchExplorer/Drawing/Shapes/Colors/BrExLineDashPatterns.cs - Importer: ScriptedImporter/UnityEditor.QuickSearchModule:UnityEditor.Search:ASIAI0B' with importer (ScriptedImporter : UnityEditor.QuickSearchModule:UnityEditor.Search:ASIAI0B)
Imported 'GUID: 9bce97fab0964d528edee0fae8663c95' -> (Import Result ID: '13113754a6f29a6a37dd96b8c6808b03') in 0.004 seconds [static and dynamic dependencies]. Details - ImportResultOutputID=fbd1612ce978a21c270815141f4ca8b6 DependenciesID=a661ccb3fbf613f647d5534c4699c5e2 StaticDependenciesID=b77c76bc0c42bd18e7a1f38eadd9f661 
Number of updated asset objects reloaded before import = 0
Number of asset objects unloaded after import = 0
========================================================================
Received Import Request.
  Time of request: 2026-09-19T15:08:24.7776471Z
  Time since last request: 0.0007069 seconds.
  importAddress: GUID: 67042b0a735b4e9a9e1f047045048baa - Path: Packages/com.unity.collab-proxy/Editor/Views/BranchExplorer/Drawing/Shapes/ColumnShape.cs - Importer: ScriptedImporter/UnityEditor.QuickSearchModule:UnityEditor.Search:ASIAI0B
Importing 'GUID: 67042b0a735b4e9a9e1f047045048baa - Path: Packages/com.unity.collab-proxy/Editor/Views/BranchExplorer/Drawing/Shapes/ColumnShape.cs - Importer: ScriptedImporter/UnityEditor.QuickSearchModule:UnityEditor.Search:ASIAI0B' with importer (ScriptedImporter : UnityEditor.QuickSearchModule:UnityEditor.Search:ASIAI0B)
Imported 'GUID: 67042b0a735b4e9a9e1f047045048baa' -> (Import Result ID: '11120131cc092383614dfbcb2ad314d4') in 0.003 seconds [static and dynamic dependencies]. Details - ImportResultOutputID=836ab0c16741fb47f9ece76ecabc5796 DependenciesID=cb7a1094306a3fce1ed83619943bc3d9 StaticDependenciesID=586cc5a9c09e4f6d561222f32ca10d4f 
Number of updated asset objects reloaded before import = 0
Number of asset objects unloaded after import = 0
========================================================================
Received Import Request.
  Time of request: 2026-09-19T15:08:24.7980395Z
  Time since last request: 0.0007434 seconds.
  importAddress: GUID: 3deb46ccbc8389f4cb34c6d0032db5a1 - Path: Packages/com.unity.collab-proxy/Editor/Views/Merge/Developer/DirectoryConflicts/MoveAddMenu.cs - Importer: ScriptedImporter/UnityEditor.QuickSearchModule:UnityEditor.Search:ASIAI0B
Importing 'GUID: 3deb46ccbc8389f4cb34c6d0032db5a1 - Path: Packages/com.unity.collab-proxy/Editor/Views/Merge/Developer/DirectoryConflicts/MoveAddMenu.cs - Importer: ScriptedImporter/UnityEditor.QuickSearchModule:UnityEditor.Search:ASIAI0B' with importer (ScriptedImporter : UnityEditor.QuickSearchModule:UnityEditor.Search:ASIAI0B)
Imported 'GUID: 3deb46ccbc8389f4cb34c6d0032db5a1' -> (Import Result ID: '176f0c25704b725423d330ab7442785d') in 0.007 seconds [static and dynamic dependencies]. Details - ImportResultOutputID=ba17abc22dae9108256ee349c13cbcb1 DependenciesID=600116f9dc21f1bd865fa630c7d72dd0 StaticDependenciesID=0ce6df32422de736038ff575113075cd 
Number of updated asset objects reloaded before import = 0
Number of asset objects unloaded after import = 0
========================================================================
Received Import Request.
  Time of request: 2026-09-19T15:08:24.824001Z
  Time since last request: 0.0008082 seconds.
  importAddress: GUID: 24c9e4a077ecf4e209e757226ef87899 - Path: Packages/com.unity.collab-proxy/Editor/Diff/Image/Views/SideBySide/SideBySideView.cs - Importer: ScriptedImporter/UnityEditor.QuickSearchModule:UnityEditor.Search:ASIAI0B
Importing 'GUID: 24c9e4a077ecf4e209e757226ef87899 - Path: Packages/com.unity.collab-proxy/Editor/Diff/Image/Views/SideBySide/SideBySideView.cs - Importer: ScriptedImporter/UnityEditor.QuickSearchModule:UnityEditor.Search:ASIAI0B' with importer (ScriptedImporter : UnityEditor.QuickSearchModule:UnityEditor.Search:ASIAI0B)
Imported 'GUID: 24c9e4a077ecf4e209e757226ef87899' -> (Import Result ID: '88ca7d0cf6cde34811c7217992f78369') in 0.003 seconds [static and dynamic dependencies]. Details - ImportResultOutputID=9f22d7420b42fc4edfd0df2cc7bf270e DependenciesID=46a2c7a5426a35109a5b4fcedd557db2 StaticDependenciesID=bcf8302d7aaaa8ede89452b4101cfe26 
Number of updated asset objects reloaded before import = 0
Number of asset objects unloaded after import = 0
========================================================================
Received Import Request.
  Time of request: 2026-09-19T15:08:24.8469965Z
  Time since last request: 0.0005531 seconds.
  importAddress: GUID: 7213d3635e64d445ebff386b109900c0 - Path: Packages/com.unity.collab-proxy/Editor/Views/BranchExplorer/Options/ConditionalFormat/FormatRuleMenu.cs - Importer: ScriptedImporter/UnityEditor.QuickSearchModule:UnityEditor.Search:ASIAI0B
Importing 'GUID: 7213d3635e64d445ebff386b109900c0 - Path: Packages/com.unity.collab-proxy/Editor/Views/BranchExplorer/Options/ConditionalFormat/FormatRuleMenu.cs - Importer: ScriptedImporter/UnityEditor.QuickSearchModule:UnityEditor.Search:ASIAI0B' with importer (ScriptedImporter : UnityEditor.QuickSearchModule:UnityEditor.Search:ASIAI0B)
Imported 'GUID: 7213d3635e64d445ebff386b109900c0' -> (Import Result ID: 'c9d6f8413845c46a006dda2ef15a42df') in 0.004 seconds [static and dynamic dependencies]. Details - ImportResultOutputID=78aceb0b9b681fb5632ef6fec216055d DependenciesID=caeec79836cc42c9be0c793f6ff1df76 StaticDependenciesID=2566304b1d04c5adc2ffadef43000443 
Number of updated asset objects reloaded before import = 0
Number of asset objects unloaded after import = 0
========================================================================
Received Import Request.
  Time of request: 2026-09-19T15:08:24.8726233Z
  Time since last request: 0.0005232 seconds.
  importAddress: GUID: 845dfcf12f5e02b4ba5ecf690afdfee6 - Path: Packages/com.unity.collab-proxy/Editor/Views/Merge/Developer/DirectoryConflicts/LoadedTwiceMenu.cs - Importer: ScriptedImporter/UnityEditor.QuickSearchModule:UnityEditor.Search:ASIAI0B
Importing 'GUID: 845dfcf12f5e02b4ba5ecf690afdfee6 - Path: Packages/com.unity.collab-proxy/Editor/Views/Merge/Developer/DirectoryConflicts/LoadedTwiceMenu.cs - Importer: ScriptedImporter/UnityEditor.QuickSearchModule:UnityEditor.Search:ASIAI0B' with importer (ScriptedImporter : UnityEditor.QuickSearchModule:UnityEditor.Search:ASIAI0B)
Imported 'GUID: 845dfcf12f5e02b4ba5ecf690afdfee6' -> (Import Result ID: '8494ac0dbe681a80e3ba07f85fde68dc') in 0.004 seconds [static and dynamic dependencies]. Details - ImportResultOutputID=6845320fe48301ee9812853c9ee60d5b DependenciesID=9b4ce33ca42636ee9282fa5a712ef988 StaticDependenciesID=30d4a3800bcf8f7afb26b66353dd7c2e 
Number of updated asset objects reloaded before import = 0
Number of asset objects unloaded after import = 0
========================================================================
Received Import Request.
  Time of request: 2026-09-19T15:08:24.8934112Z
  Time since last request: 0.0006251 seconds.
  importAddress: GUID: d9fac566ed434c58b4d3293cc32b06f2 - Path: Packages/com.unity.collab-proxy/Editor/Diff/Image/Views/ImageViewer/ImageView.cs - Importer: ScriptedImporter/UnityEditor.QuickSearchModule:UnityEditor.Search:ASIAI0B
Importing 'GUID: d9fac566ed434c58b4d3293cc32b06f2 - Path: Packages/com.unity.collab-proxy/Editor/Diff/Image/Views/ImageViewer/ImageView.cs - Importer: ScriptedImporter/UnityEditor.QuickSearchModule:UnityEditor.Search:ASIAI0B' with importer (ScriptedImporter : UnityEditor.QuickSearchModule:UnityEditor.Search:ASIAI0B)
Imported 'GUID: d9fac566ed434c58b4d3293cc32b06f2' -> (Import Result ID: '0a746acd003b36f716394cbddd9da706') in 0.004 seconds [static and dynamic dependencies]. Details - ImportResultOutputID=8bb0fcf9f08aeb9a1d11aaae528db384 DependenciesID=403f3cb76b82e75310757cb6e2eaa109 StaticDependenciesID=c6a57b7fc0c188384231e2e8134eb0b8 
Number of updated asset objects reloaded before import = 0
Number of asset objects unloaded after import = 0
========================================================================
Received Import Request.
  Time of request: 2026-09-19T15:08:24.9215897Z
  Time since last request: 0.0005061 seconds.
  importAddress: GUID: 0da29ddb8a5144b1b4f1bd9922a3669a - Path: Packages/com.unity.collab-proxy/Editor/Views/BranchExplorer/Drawing/Shapes/Colors/ColorProvider.cs - Importer: ScriptedImporter/UnityEditor.QuickSearchModule:UnityEditor.Search:ASIAI0B
Importing 'GUID: 0da29ddb8a5144b1b4f1bd9922a3669a - Path: Packages/com.unity.collab-proxy/Editor/Views/BranchExplorer/Drawing/Shapes/Colors/ColorProvider.cs - Importer: ScriptedImporter/UnityEditor.QuickSearchModule:UnityEditor.Search:ASIAI0B' with importer (ScriptedImporter : UnityEditor.QuickSearchModule:UnityEditor.Search:ASIAI0B)
Imported 'GUID: 0da29ddb8a5144b1b4f1bd9922a3669a' -> (Import Result ID: '0e02c0703a50909f5d7f83053c692f3a') in 0.004 seconds [static and dynamic dependencies]. Details - ImportResultOutputID=b46a12949ffb533beec77394327de9c1 DependenciesID=83f8c7754f2411ac73c082e10e2d5c3f StaticDependenciesID=09ffd913476f4e8fbca11b78d549ca25 
Number of updated asset objects reloaded before import = 0
Number of asset objects unloaded after import = 0
========================================================================
Received Import Request.
  Time of request: 2026-09-19T15:08:24.9437337Z
  Time since last request: 0.0006906 seconds.
  importAddress: GUID: b66027c0b25336640a989133aa6ebdc9 - Path: Packages/com.unity.collab-proxy/Editor/Views/Merge/Developer/DirectoryConflicts/CycleMoveMenu.cs - Importer: ScriptedImporter/UnityEditor.QuickSearchModule:UnityEditor.Search:ASIAI0B
Importing 'GUID: b66027c0b25336640a989133aa6ebdc9 - Path: Packages/com.unity.collab-proxy/Editor/Views/Merge/Developer/DirectoryConflicts/CycleMoveMenu.cs - Importer: ScriptedImporter/UnityEditor.QuickSearchModule:UnityEditor.Search:ASIAI0B' with importer (ScriptedImporter : UnityEditor.QuickSearchModule:UnityEditor.Search:ASIAI0B)
Imported 'GUID: b66027c0b25336640a989133aa6ebdc9' -> (Import Result ID: 'aa49c82ef4f92eba99de4e91282f8077') in 0.005 seconds [static and dynamic dependencies]. Details - ImportResultOutputID=7d52adb1274497722a32c78b7b199e18 DependenciesID=36bc1fcc1ef16cf01fc0d48e9fe0d8e9 StaticDependenciesID=10f97120738d59f9d249807746f31800 
Number of updated asset objects reloaded before import = 0
Number of asset objects unloaded after import = 0
========================================================================
Received Import Request.
  Time of request: 2026-09-19T15:08:24.9681598Z
  Time since last request: 0.000743 seconds.
  importAddress: GUID: 553737203d61a8109f9544a97201e1aa - Path: Packages/com.unity.modules.unitywebrequestaudio/package.ModuleCompilationTrigger - Importer: ScriptedImporter/UnityEditor.QuickSearchModule:UnityEditor.Search:ASIAI0B
Importing 'GUID: 553737203d61a8109f9544a97201e1aa - Path: Packages/com.unity.modules.unitywebrequestaudio/package.ModuleCompilationTrigger - Importer: ScriptedImporter/UnityEditor.QuickSearchModule:UnityEditor.Search:ASIAI0B' with importer (ScriptedImporter : UnityEditor.QuickSearchModule:UnityEditor.Search:ASIAI0B)
Imported 'GUID: 553737203d61a8109f9544a97201e1aa' -> (Import Result ID: '33fcbdf4961755652ba8ec08dd082e19') in 0.004 seconds [static and dynamic dependencies]. Details - ImportResultOutputID=959aea70165d7d5a9282d04c4ca839e9 DependenciesID=8284508d807468f308be77df374d7f7d StaticDependenciesID=6fd915dcc1be570eee32e478c7b5fb0c 
Number of updated asset objects reloaded before import = 0
Number of asset objects unloaded after import = 1
========================================================================
Received Import Request.
  Time of request: 2026-09-19T15:08:24.992739Z
  Time since last request: 0.0005823 seconds.
  importAddress: GUID: d4d5b2255ed6f4900a3a67d870fc8f6f - Path: Packages/com.unity.collab-proxy/Editor/Views/BranchExplorer/Options/ConditionalFormat/RulePanel.cs - Importer: ScriptedImporter/UnityEditor.QuickSearchModule:UnityEditor.Search:ASIAI0B
Importing 'GUID: d4d5b2255ed6f4900a3a67d870fc8f6f - Path: Packages/com.unity.collab-proxy/Editor/Views/BranchExplorer/Options/ConditionalFormat/RulePanel.cs - Importer: ScriptedImporter/UnityEditor.QuickSearchModule:UnityEditor.Search:ASIAI0B' with importer (ScriptedImporter : UnityEditor.QuickSearchModule:UnityEditor.Search:ASIAI0B)
Imported 'GUID: d4d5b2255ed6f4900a3a67d870fc8f6f' -> (Import Result ID: '2a80a9ee5e72af2e46ae368e091ab559') in 0.004 seconds [static and dynamic dependencies]. Details - ImportResultOutputID=f07b7f1480d9764316d769330dc83df1 DependenciesID=5e4e0a4b39e2632c4315521c5044aa02 StaticDependenciesID=29240511df238791be3fcb676d91218a 
Number of updated asset objects reloaded before import = 0
Number of asset objects unloaded after import = 0
========================================================================
Received Import Request.
  Time of request: 2026-09-19T15:08:25.014167Z
  Time since last request: 0.0006548 seconds.
  importAddress: GUID: f88a4e9dbb5a07744954a86cbb61d54f - Path: Packages/com.unity.collab-proxy/Editor/Views/Merge/Developer/DirectoryConflicts/ConflictResolutionState.cs - Importer: ScriptedImporter/UnityEditor.QuickSearchModule:UnityEditor.Search:ASIAI0B
Importing 'GUID: f88a4e9dbb5a07744954a86cbb61d54f - Path: Packages/com.unity.collab-proxy/Editor/Views/Merge/Developer/DirectoryConflicts/ConflictResolutionState.cs - Importer: ScriptedImporter/UnityEditor.QuickSearchModule:UnityEditor.Search:ASIAI0B' with importer (ScriptedImporter : UnityEditor.QuickSearchModule:UnityEditor.Search:ASIAI0B)
Imported 'GUID: f88a4e9dbb5a07744954a86cbb61d54f' -> (Import Result ID: '5d8549232f76aa31d81b392c4abb5f9f') in 0.004 seconds [static and dynamic dependencies]. Details - ImportResultOutputID=a687a962d3d564728617e2273c824017 DependenciesID=51c1983384dea9e871a22f4af29aa7e1 StaticDependenciesID=5a6020480f67f5ee2aa1893f01d47ed9 
Number of updated asset objects reloaded before import = 0
Number of asset objects unloaded after import = 0
========================================================================
Received Import Request.
  Time of request: 2026-09-19T15:08:25.0371669Z
  Time since last request: 0.0005136 seconds.
  importAddress: GUID: da7fb61f9c56463093c257eaaabf46b5 - Path: Packages/com.unity.collab-proxy/Editor/Views/BranchExplorer/Drawing/Shapes/ColumnHeaderShape.cs - Importer: ScriptedImporter/UnityEditor.QuickSearchModule:UnityEditor.Search:ASIAI0B
Importing 'GUID: da7fb61f9c56463093c257eaaabf46b5 - Path: Packages/com.unity.collab-proxy/Editor/Views/BranchExplorer/Drawing/Shapes/ColumnHeaderShape.cs - Importer: ScriptedImporter/UnityEditor.QuickSearchModule:UnityEditor.Search:ASIAI0B' with importer (ScriptedImporter : UnityEditor.QuickSearchModule:UnityEditor.Search:ASIAI0B)
Imported 'GUID: da7fb61f9c56463093c257eaaabf46b5' -> (Import Result ID: '4bb9ce0da0866a2c96c0856474dd6767') in 0.004 seconds [static and dynamic dependencies]. Details - ImportResultOutputID=44d8c31dc5370d07b201d30a92e0d95a DependenciesID=481b8445e8b387d861baf577dbae70f2 StaticDependenciesID=d0b036c159b62fc1e0f24941d63859d1 
Number of updated asset objects reloaded before import = 0
Number of asset objects unloaded after import = 0
========================================================================
Received Import Request.
  Time of request: 2026-09-19T15:08:25.060204Z
  Time since last request: 0.0006521 seconds.
  importAddress: GUID: d29601c53f414c2090f0a65c04a0d011 - Path: Packages/com.unity.collab-proxy/Editor/Views/BranchExplorer/Drawing/Shapes/Connections/ParentLinkConnectionPoints.cs - Importer: ScriptedImporter/UnityEditor.QuickSearchModule:UnityEditor.Search:ASIAI0B
Importing 'GUID: d29601c53f414c2090f0a65c04a0d011 - Path: Packages/com.unity.collab-proxy/Editor/Views/BranchExplorer/Drawing/Shapes/Connections/ParentLinkConnectionPoints.cs - Importer: ScriptedImporter/UnityEditor.QuickSearchModule:UnityEditor.Search:ASIAI0B' with importer (ScriptedImporter : UnityEditor.QuickSearchModule:UnityEditor.Search:ASIAI0B)
Imported 'GUID: d29601c53f414c2090f0a65c04a0d011' -> (Import Result ID: 'd519466d8915d0283ee6c22aa2ed96fe') in 0.005 seconds [static and dynamic dependencies]. Details - ImportResultOutputID=2fbe5ac7025c4464df5173d63d6a2693 DependenciesID=a59a0fa097dba7768a369259e05755e3 StaticDependenciesID=3f253c81b7141964834923870898fbf8 
Number of updated asset objects reloaded before import = 0
Number of asset objects unloaded after import = 0
========================================================================
Received Import Request.
  Time of request: 2026-09-19T15:08:25.0882047Z
  Time since last request: 0.0009319 seconds.
  importAddress: GUID: 839307907e7a41f7af4d60bf8eef2218 - Path: Packages/com.unity.collab-proxy/Editor/Views/BranchExplorer/Drawing/Shapes/ChangesetShape.cs - Importer: ScriptedImporter/UnityEditor.QuickSearchModule:UnityEditor.Search:ASIAI0B
Importing 'GUID: 839307907e7a41f7af4d60bf8eef2218 - Path: Packages/com.unity.collab-proxy/Editor/Views/BranchExplorer/Drawing/Shapes/ChangesetShape.cs - Importer: ScriptedImporter/UnityEditor.QuickSearchModule:UnityEditor.Search:ASIAI0B' with importer (ScriptedImporter : UnityEditor.QuickSearchModule:UnityEditor.Search:ASIAI0B)
Imported 'GUID: 839307907e7a41f7af4d60bf8eef2218' -> (Import Result ID: 'ccb4ac47ac485e0ba19c66539b607eb2') in 0.005 seconds [static and dynamic dependencies]. Details - ImportResultOutputID=2458327f4c066d9f4fcea992276e41a5 DependenciesID=e0cd1d2a0adac22c6abd57a275b60098 StaticDependenciesID=8beec35c1e76d62f4690d857fae55ce0 
Number of updated asset objects reloaded before import = 0
Number of asset objects unloaded after import = 0
========================================================================
Received Import Request.
  Time of request: 2026-09-19T15:08:25.1150362Z
  Time since last request: 0.0018605 seconds.
  importAddress: GUID: a2fb15c9d02b72e4598e450dab5fcd12 - Path: Packages/com.unity.collab-proxy/Editor/Views/Merge/Developer/DirectoryConflicts/MoveDeleteMenu.cs - Importer: ScriptedImporter/UnityEditor.QuickSearchModule:UnityEditor.Search:ASIAI0B
Importing 'GUID: a2fb15c9d02b72e4598e450dab5fcd12 - Path: Packages/com.unity.collab-proxy/Editor/Views/Merge/Developer/DirectoryConflicts/MoveDeleteMenu.cs - Importer: ScriptedImporter/UnityEditor.QuickSearchModule:UnityEditor.Search:ASIAI0B' with importer (ScriptedImporter : UnityEditor.QuickSearchModule:UnityEditor.Search:ASIAI0B)
Imported 'GUID: a2fb15c9d02b72e4598e450dab5fcd12' -> (Import Result ID: 'ad0e96c3a53f62ef2351c6998186281a') in 0.003 seconds [static and dynamic dependencies]. Details - ImportResultOutputID=e715b6f3af1484f00043e74b3d5dbb6c DependenciesID=75ca58849d60f54c70076418fd028ba6 StaticDependenciesID=578f04dd4f8b6211f4a383ca91a95155 
Number of updated asset objects reloaded before import = 0
Number of asset objects unloaded after import = 0
========================================================================
Received Import Request.
  Time of request: 2026-09-19T15:08:25.1390493Z
  Time since last request: 0.000663 seconds.
  importAddress: GUID: bcc68739b260546ed9b16442df16c953 - Path: Packages/com.unity.collab-proxy/Lib/Editor/TextMateSharp/Onigwrap/libonigwrap/osx-x64/libonigwrap.dylib - Importer: ScriptedImporter/UnityEditor.QuickSearchModule:UnityEditor.Search:ASIAI0B
Importing 'GUID: bcc68739b260546ed9b16442df16c953 - Path: Packages/com.unity.collab-proxy/Lib/Editor/TextMateSharp/Onigwrap/libonigwrap/osx-x64/libonigwrap.dylib - Importer: ScriptedImporter/UnityEditor.QuickSearchModule:UnityEditor.Search:ASIAI0B' with importer (ScriptedImporter : UnityEditor.QuickSearchModule:UnityEditor.Search:ASIAI0B)
Imported 'GUID: bcc68739b260546ed9b16442df16c953' -> (Import Result ID: 'e42df174e53fefaa17850300115f82f4') in 0.014 seconds [static and dynamic dependencies]. Details - ImportResultOutputID=3271a5bfd82affcc786ac8f22df99381 DependenciesID=9c1ef34166e9854efb827a2498c7fbbb StaticDependenciesID=4dfe282c6153ae0892f86ade118e6d89 
Number of updated asset objects reloaded before import = 0
Number of asset objects unloaded after import = 0
========================================================================
Received Import Request.
  Time of request: 2026-09-19T15:08:25.1784912Z
  Time since last request: 0.0007339 seconds.
  importAddress: GUID: aba7053d59726d64b86f2c4f98dbb910 - Path: Packages/com.unity.collab-proxy/Editor/Views/Merge/Developer/DirectoryConflicts/ChangeDeleteMenu.cs - Importer: ScriptedImporter/UnityEditor.QuickSearchModule:UnityEditor.Search:ASIAI0B
Importing 'GUID: aba7053d59726d64b86f2c4f98dbb910 - Path: Packages/com.unity.collab-proxy/Editor/Views/Merge/Developer/DirectoryConflicts/ChangeDeleteMenu.cs - Importer: ScriptedImporter/UnityEditor.QuickSearchModule:UnityEditor.Search:ASIAI0B' with importer (ScriptedImporter : UnityEditor.QuickSearchModule:UnityEditor.Search:ASIAI0B)
Imported 'GUID: aba7053d59726d64b86f2c4f98dbb910' -> (Import Result ID: 'c07ff0f7ecf6ad0a0af0e18195ce23d6') in 0.003 seconds [static and dynamic dependencies]. Details - ImportResultOutputID=c2377ce222af12f1f35b8ac5245235f4 DependenciesID=04b8cba77079e86c59ac8021d30e29a9 StaticDependenciesID=bcf73ffb262792fd2ffe572b2050a2a5 
Number of updated asset objects reloaded before import = 0
Number of asset objects unloaded after import = 0
========================================================================
Received Import Request.
  Time of request: 2026-09-19T15:08:25.2142742Z
  Time since last request: 0.0143601 seconds.
  importAddress: GUID: 5c1b8a755d2c97640bbb207c43f4cf61 - Path: Packages/com.unity.ide.visualstudio/Editor/SolutionProjectEntry.cs - Importer: ScriptedImporter/UnityEditor.QuickSearchModule:UnityEditor.Search:ASIAI0B
Importing 'GUID: 5c1b8a755d2c97640bbb207c43f4cf61 - Path: Packages/com.unity.ide.visualstudio/Editor/SolutionProjectEntry.cs - Importer: ScriptedImporter/UnityEditor.QuickSearchModule:UnityEditor.Search:ASIAI0B' with importer (ScriptedImporter : UnityEditor.QuickSearchModule:UnityEditor.Search:ASIAI0B)
Imported 'GUID: 5c1b8a755d2c97640bbb207c43f4cf61' -> (Import Result ID: '65af33f57f642e3ba76f93b818557fba') in 0.003 seconds [static and dynamic dependencies]. Details - ImportResultOutputID=04f21454fad578e3acb008ebd50ac937 DependenciesID=ddefb04aaaea39c238cf49f92edc7850 StaticDependenciesID=6938db1261c82ba5f1ff5c5794f5192b 
Number of updated asset objects reloaded before import = 0
Number of asset objects unloaded after import = 0
========================================================================
Received Import Request.
  Time of request: 2026-09-19T15:08:25.2364348Z
  Time since last request: 0.0009413 seconds.
  importAddress: GUID: b9308b762484008498bb5cd1886aa491 - Path: Packages/com.unity.ide.visualstudio/Editor/Symbols.cs - Importer: ScriptedImporter/UnityEditor.QuickSearchModule:UnityEditor.Search:ASIAI0B
Importing 'GUID: b9308b762484008498bb5cd1886aa491 - Path: Packages/com.unity.ide.visualstudio/Editor/Symbols.cs - Importer: ScriptedImporter/UnityEditor.QuickSearchModule:UnityEditor.Search:ASIAI0B' with importer (ScriptedImporter : UnityEditor.QuickSearchModule:UnityEditor.Search:ASIAI0B)
Imported 'GUID: b9308b762484008498bb5cd1886aa491' -> (Import Result ID: '8176d1d6166e782d55592e78501cd9c9') in 0.005 seconds [static and dynamic dependencies]. Details - ImportResultOutputID=7c8638a4182c2f26ca50e3d5d242f3b8 DependenciesID=fdea53621602d0f24cbcf3ca77421401 StaticDependenciesID=0297133a19a11b201fad99b9704ff07f 
Number of updated asset objects reloaded before import = 0
Number of asset objects unloaded after import = 0
========================================================================
Received Import Request.
  Time of request: 2026-09-19T15:08:25.2668766Z
  Time since last request: 0.000541 seconds.
  importAddress: GUID: 369c09afe05d2c346af49faef943c773 - Path: Packages/com.unity.ide.visualstudio/Editor/Messaging/Serializer.cs - Importer: ScriptedImporter/UnityEditor.QuickSearchModule:UnityEditor.Search:ASIAI0B
Importing 'GUID: 369c09afe05d2c346af49faef943c773 - Path: Packages/com.unity.ide.visualstudio/Editor/Messaging/Serializer.cs - Importer: ScriptedImporter/UnityEditor.QuickSearchModule:UnityEditor.Search:ASIAI0B' with importer (ScriptedImporter : UnityEditor.QuickSearchModule:UnityEditor.Search:ASIAI0B)
Imported 'GUID: 369c09afe05d2c346af49faef943c773' -> (Import Result ID: '21a0d5800cb02a13d7e6e95053a0ba5a') in 0.017 seconds [static and dynamic dependencies]. Details - ImportResultOutputID=5dd8d2178ed01003e6ef8fed4223fcbb DependenciesID=274102ce5852bf8f05ce9cc06dc27d5d StaticDependenciesID=743835a87b6589ba4bbf5a51b8ca5e6c 
Number of updated asset objects reloaded before import = 0
Number of asset objects unloaded after import = 0
========================================================================
Received Import Request.
  Time of request: 2026-09-19T15:08:25.3050016Z
  Time since last request: 0.000488 seconds.
  importAddress: GUID: 1fe9e6e1ae93cf64bbdfbd29300752e1 - Path: Packages/com.unity.ide.visualstudio/LICENSE.md - Importer: ScriptedImporter/UnityEditor.QuickSearchModule:UnityEditor.Search:ASIAI0B
Importing 'GUID: 1fe9e6e1ae93cf64bbdfbd29300752e1 - Path: Packages/com.unity.ide.visualstudio/LICENSE.md - Importer: ScriptedImporter/UnityEditor.QuickSearchModule:UnityEditor.Search:ASIAI0B' with importer (ScriptedImporter : UnityEditor.QuickSearchModule:UnityEditor.Search:ASIAI0B)
Imported 'GUID: 1fe9e6e1ae93cf64bbdfbd29300752e1' -> (Import Result ID: '1010e70b0a6fd806aa0cddaba204cc60') in 0.009 seconds [static and dynamic dependencies]. Details - ImportResultOutputID=9bbba15eefb6e9a7486914d9f3b109df DependenciesID=44dab211e081790143a693133749c0d6 StaticDependenciesID=8e209c71433ebe5afc6b346afffea33f 
Number of updated asset objects reloaded before import = 0
Number of asset objects unloaded after import = 1
========================================================================
Received Import Request.
  Time of request: 2026-09-19T15:08:25.3320518Z
  Time since last request: 0.0004567 seconds.
  importAddress: GUID: a31a332ce3485f00f7df8d987302a29c - Path: Packages/com.unity.modules.unitywebrequesttexture/package.ModuleCompilationTrigger - Importer: ScriptedImporter/UnityEditor.QuickSearchModule:UnityEditor.Search:ASIAI0B
Importing 'GUID: a31a332ce3485f00f7df8d987302a29c - Path: Packages/com.unity.modules.unitywebrequesttexture/package.ModuleCompilationTrigger - Importer: ScriptedImporter/UnityEditor.QuickSearchModule:UnityEditor.Search:ASIAI0B' with importer (ScriptedImporter : UnityEditor.QuickSearchModule:UnityEditor.Search:ASIAI0B)
Imported 'GUID: a31a332ce3485f00f7df8d987302a29c' -> (Import Result ID: '2ef2862dc8f9955eb7096d0d07965825') in 0.004 seconds [static and dynamic dependencies]. Details - ImportResultOutputID=dec4ab9eebd1d1756b4ec20dc17406d5 DependenciesID=345da1021f26b59b32e581c0be3bd9c6 StaticDependenciesID=4583271c95369b5f2338f4a62f534d31 
Number of updated asset objects reloaded before import = 0
Number of asset objects unloaded after import = 1
========================================================================
Received Import Request.
  Time of request: 2026-09-19T15:08:25.3577091Z
  Time since last request: 0.000566 seconds.
  importAddress: GUID: 2665a8d13d1b3f18800f46e256720795 - Path: Packages/com.unity.burst/Runtime/Unity.Burst.asmdef - Importer: ScriptedImporter/UnityEditor.QuickSearchModule:UnityEditor.Search:ASIAI0B
Importing 'GUID: 2665a8d13d1b3f18800f46e256720795 - Path: Packages/com.unity.burst/Runtime/Unity.Burst.asmdef - Importer: ScriptedImporter/UnityEditor.QuickSearchModule:UnityEditor.Search:ASIAI0B' with importer (ScriptedImporter : UnityEditor.QuickSearchModule:UnityEditor.Search:ASIAI0B)
Imported 'GUID: 2665a8d13d1b3f18800f46e256720795' -> (Import Result ID: '0b00ad5853a9bc797f0c45ecc17c609f') in 0.007 seconds [static and dynamic dependencies]. Details - ImportResultOutputID=1b73c3eac3a85377cfb2d8ca1b5deece DependenciesID=a5db0f585a6fb8e967e6099019f87253 StaticDependenciesID=146e0512d2d04588451790085fd51e56 
Number of updated asset objects reloaded before import = 0
Number of asset objects unloaded after import = 1
========================================================================
Received Import Request.
  Time of request: 2026-09-19T15:08:25.3895218Z
  Time since last request: 0.0005409 seconds.
  importAddress: GUID: f3edbdc86577af648a23263aa75161e1 - Path: Packages/com.unity.ide.visualstudio/Editor/Messaging/MessageType.cs - Importer: ScriptedImporter/UnityEditor.QuickSearchModule:UnityEditor.Search:ASIAI0B
Importing 'GUID: f3edbdc86577af648a23263aa75161e1 - Path: Packages/com.unity.ide.visualstudio/Editor/Messaging/MessageType.cs - Importer: ScriptedImporter/UnityEditor.QuickSearchModule:UnityEditor.Search:ASIAI0B' with importer (ScriptedImporter : UnityEditor.QuickSearchModule:UnityEditor.Search:ASIAI0B)
Imported 'GUID: f3edbdc86577af648a23263aa75161e1' -> (Import Result ID: '169fcec8b6ac7ac4e5c63dc092bb6ab2') in 0.005 seconds [static and dynamic dependencies]. Details - ImportResultOutputID=991be06ee2327508e653321f76169878 DependenciesID=aca8cb55ac0ad2d2e2c97a1ca687bab0 StaticDependenciesID=cfd2486ea24ebd3956137988a01e2cfc 
Number of updated asset objects reloaded before import = 0
Number of asset objects unloaded after import = 0
========================================================================
Received Import Request.
  Time of request: 2026-09-19T15:08:25.4127496Z
  Time since last request: 0.0005339 seconds.
  importAddress: GUID: abe003ac6fee32e4892100a78f555011 - Path: Packages/com.unity.ide.visualstudio/Editor/Discovery.cs - Importer: ScriptedImporter/UnityEditor.QuickSearchModule:UnityEditor.Search:ASIAI0B
Importing 'GUID: abe003ac6fee32e4892100a78f555011 - Path: Packages/com.unity.ide.visualstudio/Editor/Discovery.cs - Importer: ScriptedImporter/UnityEditor.QuickSearchModule:UnityEditor.Search:ASIAI0B' with importer (ScriptedImporter : UnityEditor.QuickSearchModule:UnityEditor.Search:ASIAI0B)
Imported 'GUID: abe003ac6fee32e4892100a78f555011' -> (Import Result ID: 'd693c60d4485b3367aad323ad091d128') in 0.003 seconds [static and dynamic dependencies]. Details - ImportResultOutputID=9beee16bc3e22af283078cc837e20ece DependenciesID=a325abdf0da182f225210707b0055727 StaticDependenciesID=027fd7bb1fbb5bd36ed8b7ebec961dec 
Number of updated asset objects reloaded before import = 0
Number of asset objects unloaded after import = 0
========================================================================
Received Import Request.
  Time of request: 2026-09-19T15:08:25.4350364Z
  Time since last request: 0.0006004 seconds.
  importAddress: GUID: d0e3ad91972c66f5238f5b9b7d5ae58a - Path: Packages/com.unity.modules.unitywebrequesttexture/package.json - Importer: ScriptedImporter/UnityEditor.QuickSearchModule:UnityEditor.Search:ASIAI0B
Importing 'GUID: d0e3ad91972c66f5238f5b9b7d5ae58a - Path: Packages/com.unity.modules.unitywebrequesttexture/package.json - Importer: ScriptedImporter/UnityEditor.QuickSearchModule:UnityEditor.Search:ASIAI0B' with importer (ScriptedImporter : UnityEditor.QuickSearchModule:UnityEditor.Search:ASIAI0B)
Imported 'GUID: d0e3ad91972c66f5238f5b9b7d5ae58a' -> (Import Result ID: '87247d4381a67ab75de1feba427e37c4') in 0.003 seconds [static and dynamic dependencies]. Details - ImportResultOutputID=827e333811abe8305d60dce61ff0e214 DependenciesID=1568176d43d01c41812b9b66141106be StaticDependenciesID=cd7510f370561eaeba51a6169378c7d3 
Number of updated asset objects reloaded before import = 0
Number of asset objects unloaded after import = 1
========================================================================
Received Import Request.
  Time of request: 2026-09-19T15:08:25.4541142Z
  Time since last request: 0.0004994 seconds.
  importAddress: GUID: eeb21ffd7b0188542b348935f4b04fe8 - Path: Packages/com.unity.ide.visualstudio/Editor/ProjectGeneration/TypeCacheHelper.cs - Importer: ScriptedImporter/UnityEditor.QuickSearchModule:UnityEditor.Search:ASIAI0B
Importing 'GUID: eeb21ffd7b0188542b348935f4b04fe8 - Path: Packages/com.unity.ide.visualstudio/Editor/ProjectGeneration/TypeCacheHelper.cs - Importer: ScriptedImporter/UnityEditor.QuickSearchModule:UnityEditor.Search:ASIAI0B' with importer (ScriptedImporter : UnityEditor.QuickSearchModule:UnityEditor.Search:ASIAI0B)
Imported 'GUID: eeb21ffd7b0188542b348935f4b04fe8' -> (Import Result ID: '69310bb3770bbf6b6fe0c2274731a6d1') in 0.003 seconds [static and dynamic dependencies]. Details - ImportResultOutputID=e9bbea2f58c7b450744714416c9a175c DependenciesID=87f026a21829eafa935a3ce0423362fa StaticDependenciesID=c4f131be39acb359ff0a2f148e3f8bd1 
Number of updated asset objects reloaded before import = 0
Number of asset objects unloaded after import = 0
========================================================================
Received Import Request.
  Time of request: 2026-09-19T15:08:25.4756274Z
  Time since last request: 0.000466 seconds.
  importAddress: GUID: 38cb3a4a17d2cfd41926da95ce675934 - Path: Packages/com.unity.ide.visualstudio/Editor/Messaging/UdpSocket.cs - Importer: ScriptedImporter/UnityEditor.QuickSearchModule:UnityEditor.Search:ASIAI0B
Importing 'GUID: 38cb3a4a17d2cfd41926da95ce675934 - Path: Packages/com.unity.ide.visualstudio/Editor/Messaging/UdpSocket.cs - Importer: ScriptedImporter/UnityEditor.QuickSearchModule:UnityEditor.Search:ASIAI0B' with importer (ScriptedImporter : UnityEditor.QuickSearchModule:UnityEditor.Search:ASIAI0B)
Imported 'GUID: 38cb3a4a17d2cfd41926da95ce675934' -> (Import Result ID: '53ebef155545216257c042dc20f77776') in 0.003 seconds [static and dynamic dependencies]. Details - ImportResultOutputID=b80a4e9ae083a307e3a5bd06822131ad DependenciesID=525a397e87951adcd7de2ca7e3777dde StaticDependenciesID=98d13f0b800dae2669348249d6492a23 
Number of updated asset objects reloaded before import = 0
Number of asset objects unloaded after import = 0
========================================================================
Received Import Request.
  Time of request: 2026-09-19T15:08:25.4981279Z
  Time since last request: 0.0005686 seconds.
  importAddress: GUID: b73b3de0d473d4a1c887ab31f69b1a8d - Path: Packages/com.unity.ide.visualstudio/Editor/Testing/TestAdaptor.cs - Importer: ScriptedImporter/UnityEditor.QuickSearchModule:UnityEditor.Search:ASIAI0B
Importing 'GUID: b73b3de0d473d4a1c887ab31f69b1a8d - Path: Packages/com.unity.ide.visualstudio/Editor/Testing/TestAdaptor.cs - Importer: ScriptedImporter/UnityEditor.QuickSearchModule:UnityEditor.Search:ASIAI0B' with importer (ScriptedImporter : UnityEditor.QuickSearchModule:UnityEditor.Search:ASIAI0B)
Imported 'GUID: b73b3de0d473d4a1c887ab31f69b1a8d' -> (Import Result ID: 'fabed2b02e1df0706bf814c11c5b1a8d') in 0.004 seconds [static and dynamic dependencies]. Details - ImportResultOutputID=a430174a9420bdea68dda71cdf558a05 DependenciesID=aa8be53eab0fa9f378fae8f08962c967 StaticDependenciesID=07e99c7fa9d1a3d7f28e77fdf6b77ac9 
Number of updated asset objects reloaded before import = 0
Number of asset objects unloaded after import = 0
========================================================================
Received Import Request.
  Time of request: 2026-09-19T15:08:25.5226266Z
  Time since last request: 0.0018963 seconds.
  importAddress: GUID: a3f71b076c36a204a864f8c44142b3a9 - Path: Packages/com.unity.ide.visualstudio/ValidationConfig.json - Importer: ScriptedImporter/UnityEditor.QuickSearchModule:UnityEditor.Search:ASIAI0B
Importing 'GUID: a3f71b076c36a204a864f8c44142b3a9 - Path: Packages/com.unity.ide.visualstudio/ValidationConfig.json - Importer: ScriptedImporter/UnityEditor.QuickSearchModule:UnityEditor.Search:ASIAI0B' with importer (ScriptedImporter : UnityEditor.QuickSearchModule:UnityEditor.Search:ASIAI0B)
Imported 'GUID: a3f71b076c36a204a864f8c44142b3a9' -> (Import Result ID: '6dbb87f02b8706ee7d45d3df0ff0b8d0') in 0.003 seconds [static and dynamic dependencies]. Details - ImportResultOutputID=649c72a01ada66310630d25ca716c527 DependenciesID=0ef595dfb2fab0a8cb36de57dc640570 StaticDependenciesID=8e5826559af3bdf31948b3884c2c4b67 
Number of updated asset objects reloaded before import = 0
Number of asset objects unloaded after import = 1
========================================================================
Received Import Request.
  Time of request: 2026-09-19T15:08:25.5482749Z
  Time since last request: 0.0004502 seconds.
  importAddress: GUID: 48fcd6ebd5ce8fd4cbe931895233677d - Path: Packages/com.unity.ide.visualstudio/Editor/VisualStudioIntegration.cs - Importer: ScriptedImporter/UnityEditor.QuickSearchModule:UnityEditor.Search:ASIAI0B
Importing 'GUID: 48fcd6ebd5ce8fd4cbe931895233677d - Path: Packages/com.unity.ide.visualstudio/Editor/VisualStudioIntegration.cs - Importer: ScriptedImporter/UnityEditor.QuickSearchModule:UnityEditor.Search:ASIAI0B' with importer (ScriptedImporter : UnityEditor.QuickSearchModule:UnityEditor.Search:ASIAI0B)
Imported 'GUID: 48fcd6ebd5ce8fd4cbe931895233677d' -> (Import Result ID: 'a10ed370aae3385a94a4de58ac738352') in 0.006 seconds [static and dynamic dependencies]. Details - ImportResultOutputID=b5fe691285bf3f9cb2285b43ce898f3c DependenciesID=f5d4650e27e7a6f37b2c147ba48fe747 StaticDependenciesID=85b035757fb46d09f2e35bfa3a5211c8 
Number of updated asset objects reloaded before import = 0
Number of asset objects unloaded after import = 0
========================================================================
Received Import Request.
  Time of request: 2026-09-19T15:08:25.5723002Z
  Time since last request: 0.0006593 seconds.
  importAddress: GUID: 555fcccd6b79a864f83e7a319daa1c3e - Path: Packages/com.unity.ide.visualstudio/Editor/ProjectGeneration/ProjectGenerationFlag.cs - Importer: ScriptedImporter/UnityEditor.QuickSearchModule:UnityEditor.Search:ASIAI0B
Importing 'GUID: 555fcccd6b79a864f83e7a319daa1c3e - Path: Packages/com.unity.ide.visualstudio/Editor/ProjectGeneration/ProjectGenerationFlag.cs - Importer: ScriptedImporter/UnityEditor.QuickSearchModule:UnityEditor.Search:ASIAI0B' with importer (ScriptedImporter : UnityEditor.QuickSearchModule:UnityEditor.Search:ASIAI0B)
Imported 'GUID: 555fcccd6b79a864f83e7a319daa1c3e' -> (Import Result ID: 'a0827142986e7e1c1e5747599c4337ef') in 0.003 seconds [static and dynamic dependencies]. Details - ImportResultOutputID=4c17b6e782ad7e0057709356743df2e1 DependenciesID=bed9b8cf2be869d1fa91103140eb8b60 StaticDependenciesID=7ac854ffb6f601ec5a32a67f7f229848 
Number of updated asset objects reloaded before import = 0
Number of asset objects unloaded after import = 0
========================================================================
Received Import Request.
  Time of request: 2026-09-19T15:08:25.5938851Z
  Time since last request: 0.0008042 seconds.
  importAddress: GUID: 788fbcfc0abc6c54b9504cfee3176c22 - Path: Packages/com.unity.ide.visualstudio/ValidationExceptions.json - Importer: ScriptedImporter/UnityEditor.QuickSearchModule:UnityEditor.Search:ASIAI0B
Importing 'GUID: 788fbcfc0abc6c54b9504cfee3176c22 - Path: Packages/com.unity.ide.visualstudio/ValidationExceptions.json - Importer: ScriptedImporter/UnityEditor.QuickSearchModule:UnityEditor.Search:ASIAI0B' with importer (ScriptedImporter : UnityEditor.QuickSearchModule:UnityEditor.Search:ASIAI0B)
Imported 'GUID: 788fbcfc0abc6c54b9504cfee3176c22' -> (Import Result ID: 'f5b2ba913ee2d440ee72caeef8589921') in 0.004 seconds [static and dynamic dependencies]. Details - ImportResultOutputID=945ce0e3b70e2c4c98c533773aa5cc2e DependenciesID=25af84f5b363b305fb9c586d9f373cb8 StaticDependenciesID=3a6a8ce3f3ae21c944c705e0fa13c812 
Number of updated asset objects reloaded before import = 0
Number of asset objects unloaded after import = 1
========================================================================
Received Import Request.
  Time of request: 2026-09-19T15:08:25.6184052Z
  Time since last request: 0.0005702 seconds.
  importAddress: GUID: be7ef402265a7a549b2e43c11d1a22c5 - Path: Packages/com.unity.ide.visualstudio/Editor/VisualStudioForWindowsInstallation.cs - Importer: ScriptedImporter/UnityEditor.QuickSearchModule:UnityEditor.Search:ASIAI0B
Importing 'GUID: be7ef402265a7a549b2e43c11d1a22c5 - Path: Packages/com.unity.ide.visualstudio/Editor/VisualStudioForWindowsInstallation.cs - Importer: ScriptedImporter/UnityEditor.QuickSearchModule:UnityEditor.Search:ASIAI0B' with importer (ScriptedImporter : UnityEditor.QuickSearchModule:UnityEditor.Search:ASIAI0B)
Imported 'GUID: be7ef402265a7a549b2e43c11d1a22c5' -> (Import Result ID: 'e6c30080238591ab343dc815a4dd611c') in 0.004 seconds [static and dynamic dependencies]. Details - ImportResultOutputID=c374bc67d68a919b74c4530fe13fd19f DependenciesID=d1a264a794fa36c9e6eec96c123e76ed StaticDependenciesID=13401e167923370e8933c59df3e93402 
Number of updated asset objects reloaded before import = 0
Number of asset objects unloaded after import = 0
========================================================================
Received Import Request.
  Time of request: 2026-09-19T15:08:25.6485691Z
  Time since last request: 0.0010294 seconds.
  importAddress: GUID: a1c42005fe7c5d78585a77ce396a5eea - Path: Packages/com.unity.modules.tilemap/package.ModuleCompilationTrigger - Importer: ScriptedImporter/UnityEditor.QuickSearchModule:UnityEditor.Search:ASIAI0B
Importing 'GUID: a1c42005fe7c5d78585a77ce396a5eea - Path: Packages/com.unity.modules.tilemap/package.ModuleCompilationTrigger - Importer: ScriptedImporter/UnityEditor.QuickSearchModule:UnityEditor.Search:ASIAI0B' with importer (ScriptedImporter : UnityEditor.QuickSearchModule:UnityEditor.Search:ASIAI0B)
Imported 'GUID: a1c42005fe7c5d78585a77ce396a5eea' -> (Import Result ID: 'ab138e14531af52059ca4a56cfe9fcff') in 0.004 seconds [static and dynamic dependencies]. Details - ImportResultOutputID=a3a3631a759b1c43f09e8b4b003f9d29 DependenciesID=a722a438c3f24e7465f6314abed7d6c2 StaticDependenciesID=d3b8a6e1f852de8c9ffffb4313c858c2 
Number of updated asset objects reloaded before import = 0
Number of asset objects unloaded after import = 1
========================================================================
Received Import Request.
  Time of request: 2026-09-19T15:08:25.6743356Z
  Time since last request: 0.0007208 seconds.
  importAddress: GUID: 40bf3cec17fa0b49fe04443c8332d638 - Path: Packages/com.unity.modules.jsonserialize/package.json - Importer: ScriptedImporter/UnityEditor.QuickSearchModule:UnityEditor.Search:ASIAI0B
Importing 'GUID: 40bf3cec17fa0b49fe04443c8332d638 - Path: Packages/com.unity.modules.jsonserialize/package.json - Importer: ScriptedImporter/UnityEditor.QuickSearchModule:UnityEditor.Search:ASIAI0B' with importer (ScriptedImporter : UnityEditor.QuickSearchModule:UnityEditor.Search:ASIAI0B)
Imported 'GUID: 40bf3cec17fa0b49fe04443c8332d638' -> (Import Result ID: 'bc4ed82be96a70586ea7e4d6ff059ef6') in 0.004 seconds [static and dynamic dependencies]. Details - ImportResultOutputID=145960af1ca3b2b9b066d64991bb5743 DependenciesID=697a7f2043440e7afa20a2d099112193 StaticDependenciesID=425159741468d21d134d0cbbc1308907 
Number of updated asset objects reloaded before import = 0
Number of asset objects unloaded after import = 1
========================================================================
Received Import Request.
  Time of request: 2026-09-19T15:08:25.6986783Z
  Time since last request: 0.0005826 seconds.
  importAddress: GUID: 7809f42f64c877f4b90ac233e5ec2372 - Path: Packages/com.unity.ide.visualstudio/ThirdPartyNotices.md - Importer: ScriptedImporter/UnityEditor.QuickSearchModule:UnityEditor.Search:ASIAI0B
Importing 'GUID: 7809f42f64c877f4b90ac233e5ec2372 - Path: Packages/com.unity.ide.visualstudio/ThirdPartyNotices.md - Importer: ScriptedImporter/UnityEditor.QuickSearchModule:UnityEditor.Search:ASIAI0B' with importer (ScriptedImporter : UnityEditor.QuickSearchModule:UnityEditor.Search:ASIAI0B)
Imported 'GUID: 7809f42f64c877f4b90ac233e5ec2372' -> (Import Result ID: '69697556286b86fec82d7cf90d615539') in 0.004 seconds [static and dynamic dependencies]. Details - ImportResultOutputID=6ac6c8c0077db2c8fa2e236f922319c0 DependenciesID=b3f2f44e7f6e1a1ac1a5fb77a05dbe17 StaticDependenciesID=5727ad3f3d1e3b3f9debc1ed0faeaae6 
Number of updated asset objects reloaded before import = 0
Number of asset objects unloaded after import = 1
========================================================================
Received Import Request.
  Time of request: 2026-09-19T15:08:25.7213848Z
  Time since last request: 0.000575 seconds.
  importAddress: GUID: b93f844d45cfcc44fa2b0eed5c9ec6bb - Path: Packages/com.unity.ide.visualstudio/Editor/com.unity.ide.visualstudio.asmdef - Importer: ScriptedImporter/UnityEditor.QuickSearchModule:UnityEditor.Search:ASIAI0B
Importing 'GUID: b93f844d45cfcc44fa2b0eed5c9ec6bb - Path: Packages/com.unity.ide.visualstudio/Editor/com.unity.ide.visualstudio.asmdef - Importer: ScriptedImporter/UnityEditor.QuickSearchModule:UnityEditor.Search:ASIAI0B' with importer (ScriptedImporter : UnityEditor.QuickSearchModule:UnityEditor.Search:ASIAI0B)
Imported 'GUID: b93f844d45cfcc44fa2b0eed5c9ec6bb' -> (Import Result ID: '8bb4d1fcc009003dbddfd50f14ebdb80') in 0.004 seconds [static and dynamic dependencies]. Details - ImportResultOutputID=6efb20887b7b8176a1eec09f5eb28508 DependenciesID=2b5a3c4a3136151a69bd4628b0858649 StaticDependenciesID=0e73354e6306cf9e32275927a649535b 
Number of updated asset objects reloaded before import = 0
Number of asset objects unloaded after import = 1
========================================================================
Received Import Request.
  Time of request: 2026-09-19T15:08:25.7692962Z
  Time since last request: 0.0275679 seconds.
  importAddress: GUID: ff6d34f71e1a6af4290f9275ff94616c - Path: Packages/com.unity.ugui/Editor/Analytics/UGUIAnalytics.cs - Importer: ScriptedImporter/UnityEditor.QuickSearchModule:UnityEditor.Search:ASIAI0B
Importing 'GUID: ff6d34f71e1a6af4290f9275ff94616c - Path: Packages/com.unity.ugui/Editor/Analytics/UGUIAnalytics.cs - Importer: ScriptedImporter/UnityEditor.QuickSearchModule:UnityEditor.Search:ASIAI0B' with importer (ScriptedImporter : UnityEditor.QuickSearchModule:UnityEditor.Search:ASIAI0B)
Imported 'GUID: ff6d34f71e1a6af4290f9275ff94616c' -> (Import Result ID: '6cca370fb78d4922ef8ab19428b8fd53') in 0.004 seconds [static and dynamic dependencies]. Details - ImportResultOutputID=2d1df142c00f7d873a711768a6110b49 DependenciesID=fea292b1a1e9993d1ca93ad902eb8b6f StaticDependenciesID=44538997ce185b98e8ed599af3a36753 
Number of updated asset objects reloaded before import = 0
Number of asset objects unloaded after import = 0
========================================================================
Received Import Request.
  Time of request: 2026-09-19T15:08:25.7926861Z
  Time since last request: 0.0005809 seconds.
  importAddress: GUID: be13c398521e3c1ad21fb9da30ab2ab6 - Path: Packages/com.unity.modules.imgui/package.ModuleCompilationTrigger - Importer: ScriptedImporter/UnityEditor.QuickSearchModule:UnityEditor.Search:ASIAI0B
Importing 'GUID: be13c398521e3c1ad21fb9da30ab2ab6 - Path: Packages/com.unity.modules.imgui/package.ModuleCompilationTrigger - Importer: ScriptedImporter/UnityEditor.QuickSearchModule:UnityEditor.Search:ASIAI0B' with importer (ScriptedImporter : UnityEditor.QuickSearchModule:UnityEditor.Search:ASIAI0B)
Imported 'GUID: be13c398521e3c1ad21fb9da30ab2ab6' -> (Import Result ID: 'ba46e261d16b2e5e40669795b94b0eb6') in 0.004 seconds [static and dynamic dependencies]. Details - ImportResultOutputID=2a764e2616c62ca1e5621dede25db304 DependenciesID=58ff39a483e4462a441c1cf64c0a6562 StaticDependenciesID=0d3a12acdf94949a491ad45a8826d353 
Number of updated asset objects reloaded before import = 0
Number of asset objects unloaded after import = 1
========================================================================
Received Import Request.
  Time of request: 2026-09-19T15:08:25.8139599Z
  Time since last request: 0.0005136 seconds.
  importAddress: GUID: 3ee40aa79cd242a5b53b0b0ca4f13f0f - Path: Packages/com.unity.ugui/Editor Resources/Gizmos/TMP - Input Field Icon.psd - Importer: ScriptedImporter/UnityEditor.QuickSearchModule:UnityEditor.Search:ASIAI0B
Importing 'GUID: 3ee40aa79cd242a5b53b0b0ca4f13f0f - Path: Packages/com.unity.ugui/Editor Resources/Gizmos/TMP - Input Field Icon.psd - Importer: ScriptedImporter/UnityEditor.QuickSearchModule:UnityEditor.Search:ASIAI0B' with importer (ScriptedImporter : UnityEditor.QuickSearchModule:UnityEditor.Search:ASIAI0B)
Imported 'GUID: 3ee40aa79cd242a5b53b0b0ca4f13f0f' -> (Import Result ID: '34baa5f57ed4d68cb5af4c8e73080ec3') in 0.011 seconds [static and dynamic dependencies]. Details - ImportResultOutputID=0cefd093f877a64ccd6c674a09dca7cf DependenciesID=c16388f1a1897e4e1e3287fdf5246ebc StaticDependenciesID=f7ac9d1e66046da864008a1d6140d374 
Number of updated asset objects reloaded before import = 0
Number of asset objects unloaded after import = 1
========================================================================
Received Import Request.
  Time of request: 2026-09-19T15:08:25.8437357Z
  Time since last request: 0.0006122 seconds.
  importAddress: GUID: 23a562f2cac6401f9f91251c68a1a794 - Path: Packages/com.unity.ugui/Editor/TMP/TMP_StyleAssetMenu.cs - Importer: ScriptedImporter/UnityEditor.QuickSearchModule:UnityEditor.Search:ASIAI0B
Importing 'GUID: 23a562f2cac6401f9f91251c68a1a794 - Path: Packages/com.unity.ugui/Editor/TMP/TMP_StyleAssetMenu.cs - Importer: ScriptedImporter/UnityEditor.QuickSearchModule:UnityEditor.Search:ASIAI0B' with importer (ScriptedImporter : UnityEditor.QuickSearchModule:UnityEditor.Search:ASIAI0B)
Imported 'GUID: 23a562f2cac6401f9f91251c68a1a794' -> (Import Result ID: '98701635f49133ff675aaefa3c3e207a') in 0.003 seconds [static and dynamic dependencies]. Details - ImportResultOutputID=614357c55a914e0c4ec312e8e024a836 DependenciesID=d2ebc675957c2766b31e5be5d566c3f4 StaticDependenciesID=54a9e1006f8902d668e8d597f50828b2 
Number of updated asset objects reloaded before import = 0
Number of asset objects unloaded after import = 0
========================================================================
Received Import Request.
  Time of request: 2026-09-19T15:08:25.8625213Z
  Time since last request: 0.0007367 seconds.
  importAddress: GUID: 02893ffb522b490a9fa28eedd2584309 - Path: Packages/com.unity.ugui/Editor/TMP/TMPro_TextContainerEditor.cs - Importer: ScriptedImporter/UnityEditor.QuickSearchModule:UnityEditor.Search:ASIAI0B
Importing 'GUID: 02893ffb522b490a9fa28eedd2584309 - Path: Packages/com.unity.ugui/Editor/TMP/TMPro_TextContainerEditor.cs - Importer: ScriptedImporter/UnityEditor.QuickSearchModule:UnityEditor.Search:ASIAI0B' with importer (ScriptedImporter : UnityEditor.QuickSearchModule:UnityEditor.Search:ASIAI0B)
Imported 'GUID: 02893ffb522b490a9fa28eedd2584309' -> (Import Result ID: '9b360100c745983f867b423cb88d7747') in 0.003 seconds [static and dynamic dependencies]. Details - ImportResultOutputID=f02d6a23ff75be485cfb80c82966b3e5 DependenciesID=9f274813a2ec6aa85bb3ce4adc57b4ab StaticDependenciesID=be7d77405ab1cca2d95f0baa587867f3 
Number of updated asset objects reloaded before import = 0
Number of asset objects unloaded after import = 0
========================================================================
Received Import Request.
  Time of request: 2026-09-19T15:08:25.8854424Z
  Time since last request: 0.0005472 seconds.
  importAddress: GUID: 225b67dcce9247b4c806e435b34695d2 - Path: Packages/com.unity.ugui/Editor/TMP/TMP_MarkupTagUpdateUtility.cs - Importer: ScriptedImporter/UnityEditor.QuickSearchModule:UnityEditor.Search:ASIAI0B
Importing 'GUID: 225b67dcce9247b4c806e435b34695d2 - Path: Packages/com.unity.ugui/Editor/TMP/TMP_MarkupTagUpdateUtility.cs - Importer: ScriptedImporter/UnityEditor.QuickSearchModule:UnityEditor.Search:ASIAI0B' with importer (ScriptedImporter : UnityEditor.QuickSearchModule:UnityEditor.Search:ASIAI0B)
Imported 'GUID: 225b67dcce9247b4c806e435b34695d2' -> (Import Result ID: '1f6d213d0ca87827f96e01859aaeb973') in 0.004 seconds [static and dynamic dependencies]. Details - ImportResultOutputID=94af075458a8a57dab4d8332d2cc8971 DependenciesID=40d8473d9d91819b4f2b406cca3615b4 StaticDependenciesID=b3bd8d134b3215dd9316f546b5950159 
Number of updated asset objects reloaded before import = 0
Number of asset objects unloaded after import = 0
========================================================================
Received Import Request.
  Time of request: 2026-09-19T15:08:25.9123407Z
  Time since last request: 0.0006562 seconds.
  importAddress: GUID: bf8befe3c500aa84b9ce3860a226cf41 - Path: Packages/com.unity.ugui/Editor/TMP/TMP_PreBuildProcessor.cs - Importer: ScriptedImporter/UnityEditor.QuickSearchModule:UnityEditor.Search:ASIAI0B
Importing 'GUID: bf8befe3c500aa84b9ce3860a226cf41 - Path: Packages/com.unity.ugui/Editor/TMP/TMP_PreBuildProcessor.cs - Importer: ScriptedImporter/UnityEditor.QuickSearchModule:UnityEditor.Search:ASIAI0B' with importer (ScriptedImporter : UnityEditor.QuickSearchModule:UnityEditor.Search:ASIAI0B)
Imported 'GUID: bf8befe3c500aa84b9ce3860a226cf41' -> (Import Result ID: '1309b4d221b70ca39fe4bea4e9d8290c') in 0.004 seconds [static and dynamic dependencies]. Details - ImportResultOutputID=f3607b28a4c2a65bd382a9fce4c61d3f DependenciesID=9c9a0d02228aea50da2b191e8fb2339e StaticDependenciesID=7e6e4157ea7cf4d43d70ea5262a64290 
Number of updated asset objects reloaded before import = 0
Number of asset objects unloaded after import = 0
========================================================================
Received Import Request.
  Time of request: 2026-09-19T15:08:25.9413326Z
  Time since last request: 0.0005999 seconds.
  importAddress: GUID: a7ec9e7ad8b847b7ae4510af83c5d868 - Path: Packages/com.unity.ugui/Editor Resources/Gizmos/TMP - Dropdown Icon.psd - Importer: ScriptedImporter/UnityEditor.QuickSearchModule:UnityEditor.Search:ASIAI0B
Importing 'GUID: a7ec9e7ad8b847b7ae4510af83c5d868 - Path: Packages/com.unity.ugui/Editor Resources/Gizmos/TMP - Dropdown Icon.psd - Importer: ScriptedImporter/UnityEditor.QuickSearchModule:UnityEditor.Search:ASIAI0B' with importer (ScriptedImporter : UnityEditor.QuickSearchModule:UnityEditor.Search:ASIAI0B)
Imported 'GUID: a7ec9e7ad8b847b7ae4510af83c5d868' -> (Import Result ID: 'cdf09c60ed15b7dced6a4f093819cdf9') in 0.010 seconds [static and dynamic dependencies]. Details - ImportResultOutputID=192f6b512d031b2e8ca20e8514ddd56a DependenciesID=40fec02dac7f8feb8ef5b027c6a27aa5 StaticDependenciesID=d7e13e594f4672e2b7ff3cf9892b6d5d 
Number of updated asset objects reloaded before import = 0
Number of asset objects unloaded after import = 1
========================================================================
Received Import Request.
  Time of request: 2026-09-19T15:08:25.9735609Z
  Time since last request: 0.0006081 seconds.
  importAddress: GUID: 6fdea2af3daa40fe8f88e5e9cfc17abb - Path: Packages/com.unity.ugui/Editor/TMP/TMP_PostBuildProcessHandler.cs - Importer: ScriptedImporter/UnityEditor.QuickSearchModule:UnityEditor.Search:ASIAI0B
Importing 'GUID: 6fdea2af3daa40fe8f88e5e9cfc17abb - Path: Packages/com.unity.ugui/Editor/TMP/TMP_PostBuildProcessHandler.cs - Importer: ScriptedImporter/UnityEditor.QuickSearchModule:UnityEditor.Search:ASIAI0B' with importer (ScriptedImporter : UnityEditor.QuickSearchModule:UnityEditor.Search:ASIAI0B)
Imported 'GUID: 6fdea2af3daa40fe8f88e5e9cfc17abb' -> (Import Result ID: 'd271cece1a8b4d2625a529a56ea12620') in 0.004 seconds [static and dynamic dependencies]. Details - ImportResultOutputID=af73c2b37df837646d67b755c5618742 DependenciesID=d03afcd756b1ca01956f5fe9eea37422 StaticDependenciesID=21889da8e627a400c0c7ee0ecc2f3c0e 
Number of updated asset objects reloaded before import = 0
Number of asset objects unloaded after import = 0
========================================================================
Received Import Request.
  Time of request: 2026-09-19T15:08:25.999593Z
  Time since last request: 0.0006285 seconds.
  importAddress: GUID: 21c0044a7f964773be90d197a78e4703 - Path: Packages/com.unity.ugui/Editor/TMP/TMP_EditorPanelUI.cs - Importer: ScriptedImporter/UnityEditor.QuickSearchModule:UnityEditor.Search:ASIAI0B
Importing 'GUID: 21c0044a7f964773be90d197a78e4703 - Path: Packages/com.unity.ugui/Editor/TMP/TMP_EditorPanelUI.cs - Importer: ScriptedImporter/UnityEditor.QuickSearchModule:UnityEditor.Search:ASIAI0B' with importer (ScriptedImporter : UnityEditor.QuickSearchModule:UnityEditor.Search:ASIAI0B)
Imported 'GUID: 21c0044a7f964773be90d197a78e4703' -> (Import Result ID: 'a5b322333fc1a24f7ef792fe4ed7715c') in 0.004 seconds [static and dynamic dependencies]. Details - ImportResultOutputID=76cfbf6ec0f03695877cbad1c5585c03 DependenciesID=763e6861a9919876968d30ef208a001f StaticDependenciesID=ee970580a89fa7a3bb3e31f630325918 
Number of updated asset objects reloaded before import = 0
Number of asset objects unloaded after import = 0
========================================================================
Received Import Request.
  Time of request: 2026-09-19T15:08:26.0238275Z
  Time since last request: 0.0005364 seconds.
  importAddress: GUID: 9c4a050f089abb04ebd4125e419f4548 - Path: Packages/com.unity.ugui/Editor/TMP/TMP_SerializedPropertyHolder.cs - Importer: ScriptedImporter/UnityEditor.QuickSearchModule:UnityEditor.Search:ASIAI0B
Importing 'GUID: 9c4a050f089abb04ebd4125e419f4548 - Path: Packages/com.unity.ugui/Editor/TMP/TMP_SerializedPropertyHolder.cs - Importer: ScriptedImporter/UnityEditor.QuickSearchModule:UnityEditor.Search:ASIAI0B' with importer (ScriptedImporter : UnityEditor.QuickSearchModule:UnityEditor.Search:ASIAI0B)
Imported 'GUID: 9c4a050f089abb04ebd4125e419f4548' -> (Import Result ID: '85ff8826d7c8f5de0b78cfe8ff95a9ab') in 0.004 seconds [static and dynamic dependencies]. Details - ImportResultOutputID=ac041ba4cd84ca5a019b480f6f94f8e5 DependenciesID=f5fcd9204cf601cd3d6add2af3bbde1b StaticDependenciesID=0f9dc52f74fa8c2fb0b9327b59a35fb2 
Number of updated asset objects reloaded before import = 0
Number of asset objects unloaded after import = 0
========================================================================
Received Import Request.
  Time of request: 2026-09-19T15:08:26.0440845Z
  Time since last request: 0.0005607 seconds.
  importAddress: GUID: 319b8889f363f5947acf209c17a94149 - Path: Packages/com.unity.ugui/package.json - Importer: ScriptedImporter/UnityEditor.QuickSearchModule:UnityEditor.Search:ASIAI0B
Importing 'GUID: 319b8889f363f5947acf209c17a94149 - Path: Packages/com.unity.ugui/package.json - Importer: ScriptedImporter/UnityEditor.QuickSearchModule:UnityEditor.Search:ASIAI0B' with importer (ScriptedImporter : UnityEditor.QuickSearchModule:UnityEditor.Search:ASIAI0B)
Imported 'GUID: 319b8889f363f5947acf209c17a94149' -> (Import Result ID: 'cfee8bb19223baa0f323613aaa265b51') in 0.005 seconds [static and dynamic dependencies]. Details - ImportResultOutputID=4ce6b2ac0030ce6c71587f9a0f6192cf DependenciesID=ff0d25e11a370330f242418828721cc6 StaticDependenciesID=5808d46c8bbc9b56907aac27c0168cd9 
Number of updated asset objects reloaded before import = 0
Number of asset objects unloaded after import = 1
========================================================================
Received Import Request.
  Time of request: 2026-09-19T15:08:26.0661132Z
  Time since last request: 0.0006502 seconds.
  importAddress: GUID: 4d3d51749e989f747b2674e0b4d9b3d7 - Path: Packages/com.unity.ugui/LICENSE.md - Importer: ScriptedImporter/UnityEditor.QuickSearchModule:UnityEditor.Search:ASIAI0B
Importing 'GUID: 4d3d51749e989f747b2674e0b4d9b3d7 - Path: Packages/com.unity.ugui/LICENSE.md - Importer: ScriptedImporter/UnityEditor.QuickSearchModule:UnityEditor.Search:ASIAI0B' with importer (ScriptedImporter : UnityEditor.QuickSearchModule:UnityEditor.Search:ASIAI0B)
Imported 'GUID: 4d3d51749e989f747b2674e0b4d9b3d7' -> (Import Result ID: '8d3906c6fd661e6d213e20279d36fddc') in 0.005 seconds [static and dynamic dependencies]. Details - ImportResultOutputID=d141cc4ca66815161fb7bb5b749b0d23 DependenciesID=0a9042674a3687d7814eb4cf9b0016e3 StaticDependenciesID=fb0edb4e30a745b2311d3a49ddf25fec 
Number of updated asset objects reloaded before import = 0
Number of asset objects unloaded after import = 1
========================================================================
Received Import Request.
  Time of request: 2026-09-19T15:08:26.0892898Z
  Time since last request: 0.0008709 seconds.
  importAddress: GUID: 05f5bfd584002f948982a1498890f9a9 - Path: Packages/com.unity.ugui/PackageConversionData.json - Importer: ScriptedImporter/UnityEditor.QuickSearchModule:UnityEditor.Search:ASIAI0B
Importing 'GUID: 05f5bfd584002f948982a1498890f9a9 - Path: Packages/com.unity.ugui/PackageConversionData.json - Importer: ScriptedImporter/UnityEditor.QuickSearchModule:UnityEditor.Search:ASIAI0B' with importer (ScriptedImporter : UnityEditor.QuickSearchModule:UnityEditor.Search:ASIAI0B)
Imported 'GUID: 05f5bfd584002f948982a1498890f9a9' -> (Import Result ID: 'e6cce0e45b9cee2793fd582f1f6cbdfb') in 0.003 seconds [static and dynamic dependencies]. Details - ImportResultOutputID=5743956bece4c678243074bf7fd3288c DependenciesID=abdb58259dc20432564b375cbc92a1ba StaticDependenciesID=4d72f2616c50f2269750cc6ee2a6d0c7 
Number of updated asset objects reloaded before import = 0
Number of asset objects unloaded after import = 1
========================================================================
Received Import Request.
  Time of request: 2026-09-19T15:08:26.1112603Z
  Time since last request: 0.0005903 seconds.
  importAddress: GUID: 6dbcf248c987476181a37f01a1814975 - Path: Packages/com.unity.ugui/Editor/TMP/TMP_DropdownEditor.cs - Importer: ScriptedImporter/UnityEditor.QuickSearchModule:UnityEditor.Search:ASIAI0B
Importing 'GUID: 6dbcf248c987476181a37f01a1814975 - Path: Packages/com.unity.ugui/Editor/TMP/TMP_DropdownEditor.cs - Importer: ScriptedImporter/UnityEditor.QuickSearchModule:UnityEditor.Search:ASIAI0B' with importer (ScriptedImporter : UnityEditor.QuickSearchModule:UnityEditor.Search:ASIAI0B)
Imported 'GUID: 6dbcf248c987476181a37f01a1814975' -> (Import Result ID: '6d4e197d6b9c35af45f61fbc1a7ff7dc') in 0.003 seconds [static and dynamic dependencies]. Details - ImportResultOutputID=ecc4cbcadfa2bdb9cf1fadfb5fc687f7 DependenciesID=0678b6dd51fa1f1b874b3e3e5f37a794 StaticDependenciesID=f3589aac578e80f173a115633276e7c0 
Number of updated asset objects reloaded before import = 0
Number of asset objects unloaded after import = 0
========================================================================
Received Import Request.
  Time of request: 2026-09-19T15:08:26.1328739Z
  Time since last request: 0.0005 seconds.
  importAddress: GUID: 34f6695d37a94370a3697f6b068f5d5e - Path: Packages/com.unity.ugui/Editor/TMP/TMP_EditorPanel.cs - Importer: ScriptedImporter/UnityEditor.QuickSearchModule:UnityEditor.Search:ASIAI0B
Importing 'GUID: 34f6695d37a94370a3697f6b068f5d5e - Path: Packages/com.unity.ugui/Editor/TMP/TMP_EditorPanel.cs - Importer: ScriptedImporter/UnityEditor.QuickSearchModule:UnityEditor.Search:ASIAI0B' with importer (ScriptedImporter : UnityEditor.QuickSearchModule:UnityEditor.Search:ASIAI0B)
Imported 'GUID: 34f6695d37a94370a3697f6b068f5d5e' -> (Import Result ID: 'adb8c3756303080ab8646c4adbaa54a1') in 0.003 seconds [static and dynamic dependencies]. Details - ImportResultOutputID=1b462d4d2653983adbaa281315a68eb2 DependenciesID=8573f62e997736bc5dd782f1051d2cdc StaticDependenciesID=305509ac2e9b7d820afc1c1d2a30ab12 
Number of updated asset objects reloaded before import = 0
Number of asset objects unloaded after import = 0
========================================================================
Received Import Request.
  Time of request: 2026-09-19T15:08:26.1555855Z
  Time since last request: 0.000492 seconds.
  importAddress: GUID: 42fe78c8fe682715a2cb531422e6ccb3 - Path: Packages/com.unity.modules.imgui/package.json - Importer: ScriptedImporter/UnityEditor.QuickSearchModule:UnityEditor.Search:ASIAI0B
Importing 'GUID: 42fe78c8fe682715a2cb531422e6ccb3 - Path: Packages/com.unity.modules.imgui/package.json - Importer: ScriptedImporter/UnityEditor.QuickSearchModule:UnityEditor.Search:ASIAI0B' with importer (ScriptedImporter : UnityEditor.QuickSearchModule:UnityEditor.Search:ASIAI0B)
Imported 'GUID: 42fe78c8fe682715a2cb531422e6ccb3' -> (Import Result ID: '6664b9741d7196aa731a7cec392e237b') in 0.004 seconds [static and dynamic dependencies]. Details - ImportResultOutputID=4b385b8fdbc3bfa12edd2a1525f334a5 DependenciesID=8b42a439d6161b7065b2cfe8183e9831 StaticDependenciesID=8c21ccae83331d57204548441a0bf336 
Number of updated asset objects reloaded before import = 0
Number of asset objects unloaded after import = 1
========================================================================
Received Import Request.
  Time of request: 2026-09-19T15:08:26.179611Z
  Time since last request: 0.0007135 seconds.
  importAddress: GUID: e0ae6629cc70b514889df37fccb76832 - Path: Packages/com.unity.ugui/README.md - Importer: ScriptedImporter/UnityEditor.QuickSearchModule:UnityEditor.Search:ASIAI0B
Importing 'GUID: e0ae6629cc70b514889df37fccb76832 - Path: Packages/com.unity.ugui/README.md - Importer: ScriptedImporter/UnityEditor.QuickSearchModule:UnityEditor.Search:ASIAI0B' with importer (ScriptedImporter : UnityEditor.QuickSearchModule:UnityEditor.Search:ASIAI0B)
Imported 'GUID: e0ae6629cc70b514889df37fccb76832' -> (Import Result ID: '6fa5e4aff5eb5fe737f839b53b9613c3') in 0.003 seconds [static and dynamic dependencies]. Details - ImportResultOutputID=64dce0a3f7f2ee63262566de3b2f4669 DependenciesID=74df7b217eaad59ad20f0a7f459514d6 StaticDependenciesID=e4d36abdcdade4bf15d2fc762d3c407b 
Number of updated asset objects reloaded before import = 0
Number of asset objects unloaded after import = 1
========================================================================
Received Import Request.
  Time of request: 2026-09-19T15:08:26.2024299Z
  Time since last request: 0.0004967 seconds.
  importAddress: GUID: 44e1d646473a40178712cb2150f54cec - Path: Packages/com.unity.ugui/Editor/TMP/TMPro_ContextMenus.cs - Importer: ScriptedImporter/UnityEditor.QuickSearchModule:UnityEditor.Search:ASIAI0B
Importing 'GUID: 44e1d646473a40178712cb2150f54cec - Path: Packages/com.unity.ugui/Editor/TMP/TMPro_ContextMenus.cs - Importer: ScriptedImporter/UnityEditor.QuickSearchModule:UnityEditor.Search:ASIAI0B' with importer (ScriptedImporter : UnityEditor.QuickSearchModule:UnityEditor.Search:ASIAI0B)
Imported 'GUID: 44e1d646473a40178712cb2150f54cec' -> (Import Result ID: '788a51a4c3f875c1c43e1261c08de623') in 0.004 seconds [static and dynamic dependencies]. Details - ImportResultOutputID=efeb5eee7fa0ef3fa66f4208bc85ef23 DependenciesID=847b2cbb11fe3b5e064deff808de0753 StaticDependenciesID=154bdee69e9b4af6bbc171ff855b27e8 
Number of updated asset objects reloaded before import = 0
Number of asset objects unloaded after import = 0
========================================================================
Received Import Request.
  Time of request: 2026-09-19T15:08:26.2251294Z
  Time since last request: 0.0005349 seconds.
  importAddress: GUID: 8413ca0e506d42a1a4bd9769f204ad16 - Path: Packages/com.unity.ugui/Editor/TMP/TMP_SDFShaderGUI.cs - Importer: ScriptedImporter/UnityEditor.QuickSearchModule:UnityEditor.Search:ASIAI0B
Importing 'GUID: 8413ca0e506d42a1a4bd9769f204ad16 - Path: Packages/com.unity.ugui/Editor/TMP/TMP_SDFShaderGUI.cs - Importer: ScriptedImporter/UnityEditor.QuickSearchModule:UnityEditor.Search:ASIAI0B' with importer (ScriptedImporter : UnityEditor.QuickSearchModule:UnityEditor.Search:ASIAI0B)
Imported 'GUID: 8413ca0e506d42a1a4bd9769f204ad16' -> (Import Result ID: '8b273bddfb5f883dabe650c84353b4eb') in 0.004 seconds [static and dynamic dependencies]. Details - ImportResultOutputID=7a0b6eab54e7ecf93e259d90930cccf1 DependenciesID=b35e1f509caf4e28e27708e8c854cdb8 StaticDependenciesID=a3dad8328334f971ee16183d816243be 
Number of updated asset objects reloaded before import = 0
Number of asset objects unloaded after import = 0
========================================================================
Received Import Request.
  Time of request: 2026-09-19T15:08:26.2472613Z
  Time since last request: 0.000445 seconds.
  importAddress: GUID: 7496af95dfe67cf429ac65edaaf99106 - Path: Packages/com.unity.ugui/Editor/TMP/TMP_FontAsset_CreationMenu.cs - Importer: ScriptedImporter/UnityEditor.QuickSearchModule:UnityEditor.Search:ASIAI0B
Importing 'GUID: 7496af95dfe67cf429ac65edaaf99106 - Path: Packages/com.unity.ugui/Editor/TMP/TMP_FontAsset_CreationMenu.cs - Importer: ScriptedImporter/UnityEditor.QuickSearchModule:UnityEditor.Search:ASIAI0B' with importer (ScriptedImporter : UnityEditor.QuickSearchModule:UnityEditor.Search:ASIAI0B)
Imported 'GUID: 7496af95dfe67cf429ac65edaaf99106' -> (Import Result ID: '870d2e96250a784438cb164ed9bf999d') in 0.003 seconds [static and dynamic dependencies]. Details - ImportResultOutputID=24d62d814f4d9776175265db0873517d DependenciesID=fb0a67d4eb68beb8dc136b70e018dfa1 StaticDependenciesID=200a1a5c3c8067e46ea74da9cf62bd3a 
Number of updated asset objects reloaded before import = 0
Number of asset objects unloaded after import = 0
========================================================================
Received Import Request.
  Time of request: 2026-09-19T15:08:26.2702711Z
  Time since last request: 0.0048002 seconds.
  importAddress: GUID: 658c1fb149e7498aa072b0c0f3bf13f0 - Path: Packages/com.unity.ugui/Runtime/TMP/TMP_CoroutineTween.cs - Importer: ScriptedImporter/UnityEditor.QuickSearchModule:UnityEditor.Search:ASIAI0B
Importing 'GUID: 658c1fb149e7498aa072b0c0f3bf13f0 - Path: Packages/com.unity.ugui/Runtime/TMP/TMP_CoroutineTween.cs - Importer: ScriptedImporter/UnityEditor.QuickSearchModule:UnityEditor.Search:ASIAI0B' with importer (ScriptedImporter : UnityEditor.QuickSearchModule:UnityEditor.Search:ASIAI0B)
Imported 'GUID: 658c1fb149e7498aa072b0c0f3bf13f0' -> (Import Result ID: 'ae5bfd0af9dad330648dc8494e0f8a3e') in 0.003 seconds [static and dynamic dependencies]. Details - ImportResultOutputID=257e1cf5261a764ac556b7f25332e0d5 DependenciesID=800d31644730bf61924c7b185d10b91e StaticDependenciesID=d0a04a4feb43333493111af9e2279728 
Number of updated asset objects reloaded before import = 0
Number of asset objects unloaded after import = 0
========================================================================
Received Import Request.
  Time of request: 2026-09-19T15:08:26.2881055Z
  Time since last request: 0.0007434 seconds.
  importAddress: GUID: 35ff0937876540d3bd4b6a941df62a92 - Path: Packages/com.unity.ugui/Editor Resources/Textures/btn_AlignCenterGeo_Light.psd - Importer: ScriptedImporter/UnityEditor.QuickSearchModule:UnityEditor.Search:ASIAI0B
Importing 'GUID: 35ff0937876540d3bd4b6a941df62a92 - Path: Packages/com.unity.ugui/Editor Resources/Textures/btn_AlignCenterGeo_Light.psd - Importer: ScriptedImporter/UnityEditor.QuickSearchModule:UnityEditor.Search:ASIAI0B' with importer (ScriptedImporter : UnityEditor.QuickSearchModule:UnityEditor.Search:ASIAI0B)
Imported 'GUID: 35ff0937876540d3bd4b6a941df62a92' -> (Import Result ID: '05a383a7aff81cf9b910194a00af3ab1') in 0.006 seconds [static and dynamic dependencies]. Details - ImportResultOutputID=d5cea3e8b72895e34b3f45d0a5ad39a5 DependenciesID=702205b2c2b1a2cf28df8d20ecfc4b7b StaticDependenciesID=abfc91cbe93906958aceb4491566acda 
Number of updated asset objects reloaded before import = 0
Number of asset objects unloaded after import = 1
========================================================================
Received Import Request.
  Time of request: 2026-09-19T15:08:26.3076195Z
  Time since last request: 0.0004719 seconds.
  importAddress: GUID: 0ce5fe4db14be432cab1bc46704eef4c - Path: Packages/com.unity.ugui/Runtime/InternalBridge/ObjectUtilsBridge.cs - Importer: ScriptedImporter/UnityEditor.QuickSearchModule:UnityEditor.Search:ASIAI0B
Importing 'GUID: 0ce5fe4db14be432cab1bc46704eef4c - Path: Packages/com.unity.ugui/Runtime/InternalBridge/ObjectUtilsBridge.cs - Importer: ScriptedImporter/UnityEditor.QuickSearchModule:UnityEditor.Search:ASIAI0B' with importer (ScriptedImporter : UnityEditor.QuickSearchModule:UnityEditor.Search:ASIAI0B)
Imported 'GUID: 0ce5fe4db14be432cab1bc46704eef4c' -> (Import Result ID: 'd46ab3f12e0099a868118c34601d8a64') in 0.003 seconds [static and dynamic dependencies]. Details - ImportResultOutputID=ec39e42a7cd62e971aa8fe18eeb64193 DependenciesID=00eada43f7a5ace33f66e0805b06f2ef StaticDependenciesID=7450847922f8c31722108867d4429247 
Number of updated asset objects reloaded before import = 0
Number of asset objects unloaded after import = 0
========================================================================
Received Import Request.
  Time of request: 2026-09-19T15:08:26.3320755Z
  Time since last request: 0.0005556 seconds.
  importAddress: GUID: 585b70cb75dd43efbfead809c30a1731 - Path: Packages/com.unity.ugui/Editor Resources/Textures/btn_AlignBottom_Light.psd - Importer: ScriptedImporter/UnityEditor.QuickSearchModule:UnityEditor.Search:ASIAI0B
Importing 'GUID: 585b70cb75dd43efbfead809c30a1731 - Path: Packages/com.unity.ugui/Editor Resources/Textures/btn_AlignBottom_Light.psd - Importer: ScriptedImporter/UnityEditor.QuickSearchModule:UnityEditor.Search:ASIAI0B' with importer (ScriptedImporter : UnityEditor.QuickSearchModule:UnityEditor.Search:ASIAI0B)
Imported 'GUID: 585b70cb75dd43efbfead809c30a1731' -> (Import Result ID: '1afec51190d4846c90d6033aba041800') in 0.011 seconds [static and dynamic dependencies]. Details - ImportResultOutputID=0dc7774b9597203ee2a900030c6d6dfb DependenciesID=45d3ad4eb0f1a0ef7e901a5e68643f91 StaticDependenciesID=bf7820c030f54e69665f7f47ff9a9bbd 
Number of updated asset objects reloaded before import = 0
Number of asset objects unloaded after import = 1
========================================================================
Received Import Request.
  Time of request: 2026-09-19T15:08:26.3592064Z
  Time since last request: 0.0004601 seconds.
  importAddress: GUID: 5ea9f573d4b800a49b9d83a1f61c0a88 - Path: Packages/com.unity.ugui/Runtime/TMP/TMP_FontFeatureTable.cs - Importer: ScriptedImporter/UnityEditor.QuickSearchModule:UnityEditor.Search:ASIAI0B
Importing 'GUID: 5ea9f573d4b800a49b9d83a1f61c0a88 - Path: Packages/com.unity.ugui/Runtime/TMP/TMP_FontFeatureTable.cs - Importer: ScriptedImporter/UnityEditor.QuickSearchModule:UnityEditor.Search:ASIAI0B' with importer (ScriptedImporter : UnityEditor.QuickSearchModule:UnityEditor.Search:ASIAI0B)
Imported 'GUID: 5ea9f573d4b800a49b9d83a1f61c0a88' -> (Import Result ID: '5f01da847a1bca0ddc1a900045266f48') in 0.003 seconds [static and dynamic dependencies]. Details - ImportResultOutputID=b03d006945c5cccce7695504c8265644 DependenciesID=14d2c9dace4314c7271cfa36176a31f6 StaticDependenciesID=6a14600412e2a89a0520a43179b0dd12 
Number of updated asset objects reloaded before import = 0
Number of asset objects unloaded after import = 0
========================================================================
Received Import Request.
  Time of request: 2026-09-19T15:08:26.3807098Z
  Time since last request: 0.0006529 seconds.
  importAddress: GUID: 49679f302ac6408697f6b9314a38985c - Path: Packages/com.unity.ugui/Editor Resources/Textures/btn_AlignCapLine_Light.psd - Importer: ScriptedImporter/UnityEditor.QuickSearchModule:UnityEditor.Search:ASIAI0B
Importing 'GUID: 49679f302ac6408697f6b9314a38985c - Path: Packages/com.unity.ugui/Editor Resources/Textures/btn_AlignCapLine_Light.psd - Importer: ScriptedImporter/UnityEditor.QuickSearchModule:UnityEditor.Search:ASIAI0B' with importer (ScriptedImporter : UnityEditor.QuickSearchModule:UnityEditor.Search:ASIAI0B)
Imported 'GUID: 49679f302ac6408697f6b9314a38985c' -> (Import Result ID: '6c58519c4a6a2e6ddf6d88e1bd3447f1') in 0.008 seconds [static and dynamic dependencies]. Details - ImportResultOutputID=2a64853cedede9d2a080d054fb224ebc DependenciesID=2e3a0afae2bdc93cae1019000a651f9f StaticDependenciesID=fd9ea8cd1b6305bdf7d5217e6b4f0be1 
Number of updated asset objects reloaded before import = 0
Number of asset objects unloaded after import = 1
========================================================================
Received Import Request.
  Time of request: 2026-09-19T15:08:26.4061644Z
  Time since last request: 0.0007692 seconds.
  importAddress: GUID: 27df3b12f30d0b74a9b10a3968c402ff - Path: Packages/com.unity.ugui/Runtime/TMP/TMP_FontFeaturesCommon.cs - Importer: ScriptedImporter/UnityEditor.QuickSearchModule:UnityEditor.Search:ASIAI0B
Importing 'GUID: 27df3b12f30d0b74a9b10a3968c402ff - Path: Packages/com.unity.ugui/Runtime/TMP/TMP_FontFeaturesCommon.cs - Importer: ScriptedImporter/UnityEditor.QuickSearchModule:UnityEditor.Search:ASIAI0B' with importer (ScriptedImporter : UnityEditor.QuickSearchModule:UnityEditor.Search:ASIAI0B)
Imported 'GUID: 27df3b12f30d0b74a9b10a3968c402ff' -> (Import Result ID: 'fac0e44359b5ffd39a2cfbb264529156') in 0.003 seconds [static and dynamic dependencies]. Details - ImportResultOutputID=7bf97eef80dd0ce3cf76ab7ff768cc51 DependenciesID=7e738fbd33c49083d1b553893cca9954 StaticDependenciesID=16f355418df9ff60a030687c21dc5d48 
Number of updated asset objects reloaded before import = 0
Number of asset objects unloaded after import = 0
========================================================================
Received Import Request.
  Time of request: 2026-09-19T15:08:26.429223Z
  Time since last request: 0.0006869 seconds.
  importAddress: GUID: 9c442dc870b456e48b615cd8add0e9ef - Path: Packages/com.unity.ugui/Editor Resources/Shaders/TMP_SDF Internal Editor.shader - Importer: ScriptedImporter/UnityEditor.QuickSearchModule:UnityEditor.Search:ASIAI0B
Importing 'GUID: 9c442dc870b456e48b615cd8add0e9ef - Path: Packages/com.unity.ugui/Editor Resources/Shaders/TMP_SDF Internal Editor.shader - Importer: ScriptedImporter/UnityEditor.QuickSearchModule:UnityEditor.Search:ASIAI0B' with importer (ScriptedImporter : UnityEditor.QuickSearchModule:UnityEditor.Search:ASIAI0B)
Imported 'GUID: 9c442dc870b456e48b615cd8add0e9ef' -> (Import Result ID: 'a3f36f2e2b3b77be63664ffb8ff0828a') in 0.005 seconds [static and dynamic dependencies]. Details - ImportResultOutputID=2f25d1ec22fc1f9022971b9a3bc20789 DependenciesID=44095d97682e4a595eb359538fe92fb8 StaticDependenciesID=fcf3b60fdf529c3b9826e9f4cf6af169 
Number of updated asset objects reloaded before import = 0
Number of asset objects unloaded after import = 1
========================================================================
Received Import Request.
  Time of request: 2026-09-19T15:08:26.4536678Z
  Time since last request: 0.0004538 seconds.
  importAddress: GUID: 342a0f8aca7f4f0691338912faec0494 - Path: Packages/com.unity.ugui/Editor Resources/Textures/btn_AlignRight.psd - Importer: ScriptedImporter/UnityEditor.QuickSearchModule:UnityEditor.Search:ASIAI0B
Importing 'GUID: 342a0f8aca7f4f0691338912faec0494 - Path: Packages/com.unity.ugui/Editor Resources/Textures/btn_AlignRight.psd - Importer: ScriptedImporter/UnityEditor.QuickSearchModule:UnityEditor.Search:ASIAI0B' with importer (ScriptedImporter : UnityEditor.QuickSearchModule:UnityEditor.Search:ASIAI0B)
Imported 'GUID: 342a0f8aca7f4f0691338912faec0494' -> (Import Result ID: '45fc77c3efc8d229ea47a8261839283c') in 0.010 seconds [static and dynamic dependencies]. Details - ImportResultOutputID=58122aa5dff5472de5f6ec5b7fc274bc DependenciesID=b607adc0f586c8e2103f214287cd3603 StaticDependenciesID=b5648c316095cff47dcd5e6796a2d4cc 
Number of updated asset objects reloaded before import = 0
Number of asset objects unloaded after import = 1
========================================================================
Received Import Request.
  Time of request: 2026-09-19T15:08:26.4811491Z
  Time since last request: 0.0004401 seconds.
  importAddress: GUID: 0d9a36012a224080966c7b55896aa0f9 - Path: Packages/com.unity.ugui/Editor Resources/Textures/btn_AlignCapLine.psd - Importer: ScriptedImporter/UnityEditor.QuickSearchModule:UnityEditor.Search:ASIAI0B
Importing 'GUID: 0d9a36012a224080966c7b55896aa0f9 - Path: Packages/com.unity.ugui/Editor Resources/Textures/btn_AlignCapLine.psd - Importer: ScriptedImporter/UnityEditor.QuickSearchModule:UnityEditor.Search:ASIAI0B' with importer (ScriptedImporter : UnityEditor.QuickSearchModule:UnityEditor.Search:ASIAI0B)
Imported 'GUID: 0d9a36012a224080966c7b55896aa0f9' -> (Import Result ID: 'cdb36f88e4a7ca659cf33669172ce639') in 0.008 seconds [static and dynamic dependencies]. Details - ImportResultOutputID=07ca7e043ec8dc1c4e9a171f1c53c2c7 DependenciesID=37ac0e0e23f83c05ee0b90c2e66a3c02 StaticDependenciesID=07626d060d6332032ded2cb1d52e5e9f 
Number of updated asset objects reloaded before import = 0
Number of asset objects unloaded after import = 1
========================================================================
Received Import Request.
  Time of request: 2026-09-19T15:08:26.5064695Z
  Time since last request: 0.0005527 seconds.
  importAddress: GUID: 32d40088a6124c578ad6b428df586e2e - Path: Packages/com.unity.ugui/Runtime/TMP/TextContainer.cs - Importer: ScriptedImporter/UnityEditor.QuickSearchModule:UnityEditor.Search:ASIAI0B
Importing 'GUID: 32d40088a6124c578ad6b428df586e2e - Path: Packages/com.unity.ugui/Runtime/TMP/TextContainer.cs - Importer: ScriptedImporter/UnityEditor.QuickSearchModule:UnityEditor.Search:ASIAI0B' with importer (ScriptedImporter : UnityEditor.QuickSearchModule:UnityEditor.Search:ASIAI0B)
Imported 'GUID: 32d40088a6124c578ad6b428df586e2e' -> (Import Result ID: '86faa699b472b14cd0f6c79a3ab55dde') in 0.004 seconds [static and dynamic dependencies]. Details - ImportResultOutputID=779692786d23fcacad9c1b5fd36d1c26 DependenciesID=2b74278c93140a94d49108101eb7932b StaticDependenciesID=a80c6dd302b2ce48ad079a125c3ea936 
Number of updated asset objects reloaded before import = 0
Number of asset objects unloaded after import = 0
========================================================================
Received Import Request.
  Time of request: 2026-09-19T15:08:26.5275426Z
  Time since last request: 0.0007203 seconds.
  importAddress: GUID: ed041e68439749a69d0efa0e3d896c2e - Path: Packages/com.unity.ugui/Editor Resources/Textures/btn_AlignTop_Light.psd - Importer: ScriptedImporter/UnityEditor.QuickSearchModule:UnityEditor.Search:ASIAI0B
Importing 'GUID: ed041e68439749a69d0efa0e3d896c2e - Path: Packages/com.unity.ugui/Editor Resources/Textures/btn_AlignTop_Light.psd - Importer: ScriptedImporter/UnityEditor.QuickSearchModule:UnityEditor.Search:ASIAI0B' with importer (ScriptedImporter : UnityEditor.QuickSearchModule:UnityEditor.Search:ASIAI0B)
Imported 'GUID: ed041e68439749a69d0efa0e3d896c2e' -> (Import Result ID: '6190886e6611a1d78c17a79966caf0e3') in 0.009 seconds [static and dynamic dependencies]. Details - ImportResultOutputID=8eacabe0e2744cc5a9c8fab7c91fdc9b DependenciesID=bc314f5ca7fd7bdfa1c68dc3f6534767 StaticDependenciesID=ba4d054ae6e4d92ba20f281b01232340 
Number of updated asset objects reloaded before import = 0
Number of asset objects unloaded after import = 1
========================================================================
Received Import Request.
  Time of request: 2026-09-19T15:08:26.5546189Z
  Time since last request: 0.0006162 seconds.
  importAddress: GUID: 1c147d10db452eb4b854a35f84472017 - Path: Packages/com.unity.ugui/Runtime/TMP/AssemblyInfo.cs - Importer: ScriptedImporter/UnityEditor.QuickSearchModule:UnityEditor.Search:ASIAI0B
Importing 'GUID: 1c147d10db452eb4b854a35f84472017 - Path: Packages/com.unity.ugui/Runtime/TMP/AssemblyInfo.cs - Importer: ScriptedImporter/UnityEditor.QuickSearchModule:UnityEditor.Search:ASIAI0B' with importer (ScriptedImporter : UnityEditor.QuickSearchModule:UnityEditor.Search:ASIAI0B)
Imported 'GUID: 1c147d10db452eb4b854a35f84472017' -> (Import Result ID: 'cf8fe7deaff6b92cc0c0aeadc510a8a7') in 0.004 seconds [static and dynamic dependencies]. Details - ImportResultOutputID=0b681aa8b1ef4fd401d7f1dec9fbc609 DependenciesID=0b66e7f93a21da66b264e5cd5c9392df StaticDependenciesID=c12ca4b2a309162fe5187004b12afd6d 
Number of updated asset objects reloaded before import = 0
Number of asset objects unloaded after import = 0
========================================================================
Received Import Request.
  Time of request: 2026-09-19T15:08:26.5791848Z
  Time since last request: 0.0006747 seconds.
  importAddress: GUID: 11a6a034ab84493cbed6af5ae7aae78b - Path: Packages/com.unity.ugui/Runtime/TMP/MaterialReferenceManager.cs - Importer: ScriptedImporter/UnityEditor.QuickSearchModule:UnityEditor.Search:ASIAI0B
Importing 'GUID: 11a6a034ab84493cbed6af5ae7aae78b - Path: Packages/com.unity.ugui/Runtime/TMP/MaterialReferenceManager.cs - Importer: ScriptedImporter/UnityEditor.QuickSearchModule:UnityEditor.Search:ASIAI0B' with importer (ScriptedImporter : UnityEditor.QuickSearchModule:UnityEditor.Search:ASIAI0B)
Imported 'GUID: 11a6a034ab84493cbed6af5ae7aae78b' -> (Import Result ID: 'bc726c20abf2c9a7d430de77ffc478aa') in 0.003 seconds [static and dynamic dependencies]. Details - ImportResultOutputID=72ce4fb3b9aa124b7afb76eb231789e4 DependenciesID=e55ba0acd818213159366d3c79298080 StaticDependenciesID=b157984df27cbdadc3c7256b883c8a10 
Number of updated asset objects reloaded before import = 0
Number of asset objects unloaded after import = 0
========================================================================
Received Import Request.
  Time of request: 2026-09-19T15:08:26.6020656Z
  Time since last request: 0.0004321 seconds.
  importAddress: GUID: 0a017569bfe174e4890797b4d64cbabc - Path: Packages/com.unity.ugui/Runtime/TMP/TMP_FontAssetUtilities.cs - Importer: ScriptedImporter/UnityEditor.QuickSearchModule:UnityEditor.Search:ASIAI0B
Importing 'GUID: 0a017569bfe174e4890797b4d64cbabc - Path: Packages/com.unity.ugui/Runtime/TMP/TMP_FontAssetUtilities.cs - Importer: ScriptedImporter/UnityEditor.QuickSearchModule:UnityEditor.Search:ASIAI0B' with importer (ScriptedImporter : UnityEditor.QuickSearchModule:UnityEditor.Search:ASIAI0B)
Imported 'GUID: 0a017569bfe174e4890797b4d64cbabc' -> (Import Result ID: '34cf48cc3fe198e026ab9cb250380955') in 0.004 seconds [static and dynamic dependencies]. Details - ImportResultOutputID=6dba14dc65ada6e878a54b823fe0f9be DependenciesID=ec200886ee2f6e5ff55140fcff2c4b34 StaticDependenciesID=5886f7f4fd6e31664dea274a0f9fd316 
Number of updated asset objects reloaded before import = 0
Number of asset objects unloaded after import = 0
========================================================================
Received Import Request.
  Time of request: 2026-09-19T15:08:26.625643Z
  Time since last request: 0.000788 seconds.
  importAddress: GUID: e05ace3bd15740cda0bad60d89092a5b - Path: Packages/com.unity.ugui/Editor Resources/Textures/btn_AlignRight_Light.psd - Importer: ScriptedImporter/UnityEditor.QuickSearchModule:UnityEditor.Search:ASIAI0B
Importing 'GUID: e05ace3bd15740cda0bad60d89092a5b - Path: Packages/com.unity.ugui/Editor Resources/Textures/btn_AlignRight_Light.psd - Importer: ScriptedImporter/UnityEditor.QuickSearchModule:UnityEditor.Search:ASIAI0B' with importer (ScriptedImporter : UnityEditor.QuickSearchModule:UnityEditor.Search:ASIAI0B)
Imported 'GUID: e05ace3bd15740cda0bad60d89092a5b' -> (Import Result ID: '60f53c56e32cf8a3db6751afcc0c3731') in 0.008 seconds [static and dynamic dependencies]. Details - ImportResultOutputID=0609df1559550ca17260c5c25bf6ce1c DependenciesID=04cecd975722626afa063f70bc8fec89 StaticDependenciesID=2277cd251d23f0afd7445d327dc8a043 
Number of updated asset objects reloaded before import = 0
Number of asset objects unloaded after import = 1
========================================================================
Received Import Request.
  Time of request: 2026-09-19T15:08:26.6511908Z
  Time since last request: 0.0006649 seconds.
  importAddress: GUID: 48d034c499ee4697af9dd6e327110249 - Path: Packages/com.unity.ugui/Editor Resources/Textures/btn_AlignTop.psd - Importer: ScriptedImporter/UnityEditor.QuickSearchModule:UnityEditor.Search:ASIAI0B
Importing 'GUID: 48d034c499ee4697af9dd6e327110249 - Path: Packages/com.unity.ugui/Editor Resources/Textures/btn_AlignTop.psd - Importer: ScriptedImporter/UnityEditor.QuickSearchModule:UnityEditor.Search:ASIAI0B' with importer (ScriptedImporter : UnityEditor.QuickSearchModule:UnityEditor.Search:ASIAI0B)
Imported 'GUID: 48d034c499ee4697af9dd6e327110249' -> (Import Result ID: '7afc3ceff29ee15c739a002f0af28bac') in 0.012 seconds [static and dynamic dependencies]. Details - ImportResultOutputID=3d772c08eccc55130702686a32f6aa47 DependenciesID=68bc307ca032352e02c62fc33347d7bb StaticDependenciesID=9b23dc83e4842c4d6ec9d7c704dc8e2f 
Number of updated asset objects reloaded before import = 0
Number of asset objects unloaded after import = 1
========================================================================
Received Import Request.
  Time of request: 2026-09-19T15:08:26.6773092Z
  Time since last request: 0.000459 seconds.
  importAddress: GUID: 066619c9c9c84f89acb1b48c11a7efe2 - Path: Packages/com.unity.ugui/Editor Resources/Textures/btn_AlignMiddle_Light.psd - Importer: ScriptedImporter/UnityEditor.QuickSearchModule:UnityEditor.Search:ASIAI0B
Importing 'GUID: 066619c9c9c84f89acb1b48c11a7efe2 - Path: Packages/com.unity.ugui/Editor Resources/Textures/btn_AlignMiddle_Light.psd - Importer: ScriptedImporter/UnityEditor.QuickSearchModule:UnityEditor.Search:ASIAI0B' with importer (ScriptedImporter : UnityEditor.QuickSearchModule:UnityEditor.Search:ASIAI0B)
Imported 'GUID: 066619c9c9c84f89acb1b48c11a7efe2' -> (Import Result ID: 'be7c77dc1feca8bd00839fe7425f4be3') in 0.009 seconds [static and dynamic dependencies]. Details - ImportResultOutputID=3d60e0800c10b325ac833299025e75c0 DependenciesID=e6e89b0554fce9f5dcdb9f2a4b76ca9b StaticDependenciesID=93229c21329b23d4e1fa781124fda196 
Number of updated asset objects reloaded before import = 0
Number of asset objects unloaded after import = 1
========================================================================
Received Import Request.
  Time of request: 2026-09-19T15:08:26.7030904Z
  Time since last request: 0.0005788 seconds.
  importAddress: GUID: ec7c645d93308c04d8840982af12101e - Path: Packages/com.unity.ugui/Editor Resources/Gizmos/TMP - Sprite Asset Icon.psd - Importer: ScriptedImporter/UnityEditor.QuickSearchModule:UnityEditor.Search:ASIAI0B
Importing 'GUID: ec7c645d93308c04d8840982af12101e - Path: Packages/com.unity.ugui/Editor Resources/Gizmos/TMP - Sprite Asset Icon.psd - Importer: ScriptedImporter/UnityEditor.QuickSearchModule:UnityEditor.Search:ASIAI0B' with importer (ScriptedImporter : UnityEditor.QuickSearchModule:UnityEditor.Search:ASIAI0B)
Imported 'GUID: ec7c645d93308c04d8840982af12101e' -> (Import Result ID: '8e363f12f7b04f2cc0ee25d0d9e1b9ed') in 0.010 seconds [static and dynamic dependencies]. Details - ImportResultOutputID=cc0f1bf26a88efd8d7c3172772123801 DependenciesID=ef181a7591ff814127e65257836ac484 StaticDependenciesID=b10e4631101963d5682907950506c10b 
Number of updated asset objects reloaded before import = 0
Number of asset objects unloaded after import = 1
========================================================================
Received Import Request.
  Time of request: 2026-09-19T15:08:26.7292149Z
  Time since last request: 0.0005277 seconds.
  importAddress: GUID: c2f7f6a88b4c4f20a53deb72f3d9144c - Path: Packages/com.unity.ugui/Editor Resources/Textures/btn_AlignMidLine.psd - Importer: ScriptedImporter/UnityEditor.QuickSearchModule:UnityEditor.Search:ASIAI0B
Importing 'GUID: c2f7f6a88b4c4f20a53deb72f3d9144c - Path: Packages/com.unity.ugui/Editor Resources/Textures/btn_AlignMidLine.psd - Importer: ScriptedImporter/UnityEditor.QuickSearchModule:UnityEditor.Search:ASIAI0B' with importer (ScriptedImporter : UnityEditor.QuickSearchModule:UnityEditor.Search:ASIAI0B)
Imported 'GUID: c2f7f6a88b4c4f20a53deb72f3d9144c' -> (Import Result ID: '0941018886199ed79cf490f80ffdc630') in 0.010 seconds [static and dynamic dependencies]. Details - ImportResultOutputID=c16b9e0216b95d6955011d17e3dbc42b DependenciesID=1335ac19447cc6b384ebdfd62e3e9407 StaticDependenciesID=84383c16049d3ad1c9a00c91d84be1ca 
Number of updated asset objects reloaded before import = 0
Number of asset objects unloaded after import = 1
========================================================================
Received Import Request.
  Time of request: 2026-09-19T15:08:26.757051Z
  Time since last request: 0.0005683 seconds.
  importAddress: GUID: f5bdc05a613799d43845f94fb8735763 - Path: Packages/com.unity.ugui/Runtime/InternalBridge/AssemblyInfo.cs - Importer: ScriptedImporter/UnityEditor.QuickSearchModule:UnityEditor.Search:ASIAI0B
Importing 'GUID: f5bdc05a613799d43845f94fb8735763 - Path: Packages/com.unity.ugui/Runtime/InternalBridge/AssemblyInfo.cs - Importer: ScriptedImporter/UnityEditor.QuickSearchModule:UnityEditor.Search:ASIAI0B' with importer (ScriptedImporter : UnityEditor.QuickSearchModule:UnityEditor.Search:ASIAI0B)
Imported 'GUID: f5bdc05a613799d43845f94fb8735763' -> (Import Result ID: 'c27a10f4d213771e5c0d1f8c6efc6280') in 0.003 seconds [static and dynamic dependencies]. Details - ImportResultOutputID=bc073d7db06b131b8672a76e0ce3b39c DependenciesID=576b920e02e7899e219c549c0b05af44 StaticDependenciesID=e8dbdd87fa3129cf36a4b9db0d4f2a02 
Number of updated asset objects reloaded before import = 0
Number of asset objects unloaded after import = 0
========================================================================
Received Import Request.
  Time of request: 2026-09-19T15:08:26.7770602Z
  Time since last request: 0.0004809 seconds.
  importAddress: GUID: 21364f754cf9b9b47a60742332d4af56 - Path: Packages/com.unity.ugui/Runtime/TMP/TMP_Compatibility.cs - Importer: ScriptedImporter/UnityEditor.QuickSearchModule:UnityEditor.Search:ASIAI0B
Importing 'GUID: 21364f754cf9b9b47a60742332d4af56 - Path: Packages/com.unity.ugui/Runtime/TMP/TMP_Compatibility.cs - Importer: ScriptedImporter/UnityEditor.QuickSearchModule:UnityEditor.Search:ASIAI0B' with importer (ScriptedImporter : UnityEditor.QuickSearchModule:UnityEditor.Search:ASIAI0B)
Imported 'GUID: 21364f754cf9b9b47a60742332d4af56' -> (Import Result ID: '97e1456f3208605a7a12e8acb4bc4147') in 0.004 seconds [static and dynamic dependencies]. Details - ImportResultOutputID=9f8b4610a0c451e7718ff0e356135e52 DependenciesID=94869276ed964333733c80d9e5ae3820 StaticDependenciesID=df87376d37f3b8130684ce56b185fcce 
Number of updated asset objects reloaded before import = 0
Number of asset objects unloaded after import = 0
========================================================================
Received Import Request.
  Time of request: 2026-09-19T15:08:26.8247207Z
  Time since last request: 0.0254957 seconds.
  importAddress: GUID: 35d143b352678294ab0f5feb97b67f88 - Path: Packages/com.unity.ugui/Editor/UGUI/UI/ContentSizeFitterEditor.cs - Importer: ScriptedImporter/UnityEditor.QuickSearchModule:UnityEditor.Search:ASIAI0B
Importing 'GUID: 35d143b352678294ab0f5feb97b67f88 - Path: Packages/com.unity.ugui/Editor/UGUI/UI/ContentSizeFitterEditor.cs - Importer: ScriptedImporter/UnityEditor.QuickSearchModule:UnityEditor.Search:ASIAI0B' with importer (ScriptedImporter : UnityEditor.QuickSearchModule:UnityEditor.Search:ASIAI0B)
Imported 'GUID: 35d143b352678294ab0f5feb97b67f88' -> (Import Result ID: '0125430722766b8b818a3d0b71fe2f93') in 0.003 seconds [static and dynamic dependencies]. Details - ImportResultOutputID=1122441a230e4d1983aa036dbd1a9463 DependenciesID=d86c3e938a4bd3077098c3963a41bd26 StaticDependenciesID=485db4c36cb255e8771ef88b6d515423 
Number of updated asset objects reloaded before import = 0
Number of asset objects unloaded after import = 0
========================================================================
Received Import Request.
  Time of request: 2026-09-19T15:08:26.8457276Z
  Time since last request: 0.0004595 seconds.
  importAddress: GUID: d256fa541faf5d4409992c631adb98a1 - Path: Packages/com.unity.ugui/Editor/TMP/PropertyDrawers/GlyphPairAdjustmentRecordPropertyDrawer.cs - Importer: ScriptedImporter/UnityEditor.QuickSearchModule:UnityEditor.Search:ASIAI0B
Importing 'GUID: d256fa541faf5d4409992c631adb98a1 - Path: Packages/com.unity.ugui/Editor/TMP/PropertyDrawers/GlyphPairAdjustmentRecordPropertyDrawer.cs - Importer: ScriptedImporter/UnityEditor.QuickSearchModule:UnityEditor.Search:ASIAI0B' with importer (ScriptedImporter : UnityEditor.QuickSearchModule:UnityEditor.Search:ASIAI0B)
Imported 'GUID: d256fa541faf5d4409992c631adb98a1' -> (Import Result ID: 'c13f2b61b612b1795ee6fd130cb800d0') in 0.003 seconds [static and dynamic dependencies]. Details - ImportResultOutputID=70951aaecb7e52706b948a485274633a DependenciesID=fe6040dee31eac0e572b2bb43607e5da StaticDependenciesID=3daa5431ead9db06511c019a981472c9 
Number of updated asset objects reloaded before import = 0
Number of asset objects unloaded after import = 0
========================================================================
Received Import Request.
  Time of request: 2026-09-19T15:08:26.8672435Z
  Time since last request: 0.0005128 seconds.
  importAddress: GUID: e3795795b029fde4395e6953ce72b5a6 - Path: Packages/com.unity.ugui/Editor/TMP/HDRP/TMP_BaseHDRPLitShaderGUI.cs - Importer: ScriptedImporter/UnityEditor.QuickSearchModule:UnityEditor.Search:ASIAI0B
Importing 'GUID: e3795795b029fde4395e6953ce72b5a6 - Path: Packages/com.unity.ugui/Editor/TMP/HDRP/TMP_BaseHDRPLitShaderGUI.cs - Importer: ScriptedImporter/UnityEditor.QuickSearchModule:UnityEditor.Search:ASIAI0B' with importer (ScriptedImporter : UnityEditor.QuickSearchModule:UnityEditor.Search:ASIAI0B)
Imported 'GUID: e3795795b029fde4395e6953ce72b5a6' -> (Import Result ID: '9f8c3a7e587f9f13572030f117e8fece') in 0.002 seconds [static and dynamic dependencies]. Details - ImportResultOutputID=bdf280fd2468152b94eb5bcef4161629 DependenciesID=fdbad50c5baf679efad6187339f68b0d StaticDependenciesID=48e7308128d35f9bebb65691cfc977d0 
Number of updated asset objects reloaded before import = 0
Number of asset objects unloaded after import = 0
========================================================================
Received Import Request.
  Time of request: 2026-09-19T15:08:26.8854719Z
  Time since last request: 0.0004466 seconds.
  importAddress: GUID: ca819640f53b48919bf7774744f7f15e - Path: Packages/com.unity.ugui/Runtime/TMP/TMP_SelectionCaret.cs - Importer: ScriptedImporter/UnityEditor.QuickSearchModule:UnityEditor.Search:ASIAI0B
Importing 'GUID: ca819640f53b48919bf7774744f7f15e - Path: Packages/com.unity.ugui/Runtime/TMP/TMP_SelectionCaret.cs - Importer: ScriptedImporter/UnityEditor.QuickSearchModule:UnityEditor.Search:ASIAI0B' with importer (ScriptedImporter : UnityEditor.QuickSearchModule:UnityEditor.Search:ASIAI0B)
Imported 'GUID: ca819640f53b48919bf7774744f7f15e' -> (Import Result ID: 'e343d8247af703ace8e4af2854fae562') in 0.004 seconds [static and dynamic dependencies]. Details - ImportResultOutputID=bad98f45b22b0a83c129c019051af6a6 DependenciesID=9bae5e43653651ae8600d4558c4ae158 StaticDependenciesID=15741fafc57db1099133e0e000a79a3c 
Number of updated asset objects reloaded before import = 0
Number of asset objects unloaded after import = 0
========================================================================
Received Import Request.
  Time of request: 2026-09-19T15:08:26.9080073Z
  Time since last request: 0.0006734 seconds.
  importAddress: GUID: 6d9df2bc198c417db00037803568139c - Path: Packages/com.unity.ugui/Runtime/TMP/TMP_MaterialManager.cs - Importer: ScriptedImporter/UnityEditor.QuickSearchModule:UnityEditor.Search:ASIAI0B
Importing 'GUID: 6d9df2bc198c417db00037803568139c - Path: Packages/com.unity.ugui/Runtime/TMP/TMP_MaterialManager.cs - Importer: ScriptedImporter/UnityEditor.QuickSearchModule:UnityEditor.Search:ASIAI0B' with importer (ScriptedImporter : UnityEditor.QuickSearchModule:UnityEditor.Search:ASIAI0B)
Imported 'GUID: 6d9df2bc198c417db00037803568139c' -> (Import Result ID: '52adeba8f78fca3576de081482361e93') in 0.003 seconds [static and dynamic dependencies]. Details - ImportResultOutputID=db1f1105d4da3f84e8fd6a728ddf504c DependenciesID=23bd24e474e1e64f94681ff22e56a75f StaticDependenciesID=de068ab44aa01e187ed84677fdc39638 
Number of updated asset objects reloaded before import = 0
Number of asset objects unloaded after import = 0
========================================================================
Received Import Request.
  Time of request: 2026-09-19T15:08:26.9299673Z
  Time since last request: 0.0006583 seconds.
  importAddress: GUID: b6e75d7f429a4e7e9e1ffb4f85cff49f - Path: Packages/com.unity.ugui/Runtime/TMP/TMP_LineInfo.cs - Importer: ScriptedImporter/UnityEditor.QuickSearchModule:UnityEditor.Search:ASIAI0B
Importing 'GUID: b6e75d7f429a4e7e9e1ffb4f85cff49f - Path: Packages/com.unity.ugui/Runtime/TMP/TMP_LineInfo.cs - Importer: ScriptedImporter/UnityEditor.QuickSearchModule:UnityEditor.Search:ASIAI0B' with importer (ScriptedImporter : UnityEditor.QuickSearchModule:UnityEditor.Search:ASIAI0B)
Imported 'GUID: b6e75d7f429a4e7e9e1ffb4f85cff49f' -> (Import Result ID: '6b6e2588dbc50dec05e4922cddf09931') in 0.003 seconds [static and dynamic dependencies]. Details - ImportResultOutputID=8719141e47ac8d59cabc8e30549832d9 DependenciesID=f00114b2a1e698a47eae8801dbca4131 StaticDependenciesID=0173609b5f1ec8f35dcf8bf33e45ff11 
Number of updated asset objects reloaded before import = 0
Number of asset objects unloaded after import = 0
========================================================================
Received Import Request.
  Time of request: 2026-09-19T15:08:26.9500329Z
  Time since last request: 0.000742 seconds.
  importAddress: GUID: 968a09f153574430a6e15ae975145768 - Path: Packages/com.unity.ugui/Runtime/TMP/TMP_Sprite.cs - Importer: ScriptedImporter/UnityEditor.QuickSearchModule:UnityEditor.Search:ASIAI0B
Importing 'GUID: 968a09f153574430a6e15ae975145768 - Path: Packages/com.unity.ugui/Runtime/TMP/TMP_Sprite.cs - Importer: ScriptedImporter/UnityEditor.QuickSearchModule:UnityEditor.Search:ASIAI0B' with importer (ScriptedImporter : UnityEditor.QuickSearchModule:UnityEditor.Search:ASIAI0B)
Imported 'GUID: 968a09f153574430a6e15ae975145768' -> (Import Result ID: '60bb9444b1585552b32d387fd0076645') in 0.004 seconds [static and dynamic dependencies]. Details - ImportResultOutputID=96c1fbbaf20c5061dd835291b47ed184 DependenciesID=2d685fb5a18fb1912c11e6901a8b604a StaticDependenciesID=729735fe2a294d0d43a40f86f6c9ad73 
Number of updated asset objects reloaded before import = 0
Number of asset objects unloaded after import = 0
========================================================================
Received Import Request.
  Time of request: 2026-09-19T15:08:26.9696022Z
  Time since last request: 0.000576 seconds.
  importAddress: GUID: 645409e9544820042937871953f20509 - Path: Packages/com.unity.ugui/Editor/TMP/HDRP/TMP_BaseHDRPUnlitShaderGUI.cs - Importer: ScriptedImporter/UnityEditor.QuickSearchModule:UnityEditor.Search:ASIAI0B
Importing 'GUID: 645409e9544820042937871953f20509 - Path: Packages/com.unity.ugui/Editor/TMP/HDRP/TMP_BaseHDRPUnlitShaderGUI.cs - Importer: ScriptedImporter/UnityEditor.QuickSearchModule:UnityEditor.Search:ASIAI0B' with importer (ScriptedImporter : UnityEditor.QuickSearchModule:UnityEditor.Search:ASIAI0B)
Imported 'GUID: 645409e9544820042937871953f20509' -> (Import Result ID: '4497e7b194e2bdb5ded29363da7eb119') in 0.007 seconds [static and dynamic dependencies]. Details - ImportResultOutputID=fc70facac9d043625b7de59b7c78b08e DependenciesID=4455f8acc3da3c82d10f9032c705ecea StaticDependenciesID=a605b25c40c4780e0b1c292126e77044 
Number of updated asset objects reloaded before import = 0
Number of asset objects unloaded after import = 0
========================================================================
Received Import Request.
  Time of request: 2026-09-19T15:08:26.9968069Z
  Time since last request: 0.0006492 seconds.
  importAddress: GUID: 6055be8ebefd69e48b49212b09b47b2f - Path: Packages/com.unity.ugui/Runtime/TMP/Unity.TextMeshPro.asmdef - Importer: ScriptedImporter/UnityEditor.QuickSearchModule:UnityEditor.Search:ASIAI0B
Importing 'GUID: 6055be8ebefd69e48b49212b09b47b2f - Path: Packages/com.unity.ugui/Runtime/TMP/Unity.TextMeshPro.asmdef - Importer: ScriptedImporter/UnityEditor.QuickSearchModule:UnityEditor.Search:ASIAI0B' with importer (ScriptedImporter : UnityEditor.QuickSearchModule:UnityEditor.Search:ASIAI0B)
Imported 'GUID: 6055be8ebefd69e48b49212b09b47b2f' -> (Import Result ID: '5fdcbcf0cb3c5483404d277cd601c464') in 0.003 seconds [static and dynamic dependencies]. Details - ImportResultOutputID=66f0663bbf18633cabaacb6a557d8a08 DependenciesID=0a24b888d401fabd14877221cbb68bba StaticDependenciesID=6397b54bdc921e4656625e351ae7b851 
Number of updated asset objects reloaded before import = 0
Number of asset objects unloaded after import = 1
========================================================================
Received Import Request.
  Time of request: 2026-09-19T15:08:27.0183165Z
  Time since last request: 0.0006438 seconds.
  importAddress: GUID: b458b2c7f196bdc4581b2f9fd6a5d931 - Path: Packages/com.unity.ugui/Runtime/TMP/TMP_RichTextTagsCommon.cs - Importer: ScriptedImporter/UnityEditor.QuickSearchModule:UnityEditor.Search:ASIAI0B
Importing 'GUID: b458b2c7f196bdc4581b2f9fd6a5d931 - Path: Packages/com.unity.ugui/Runtime/TMP/TMP_RichTextTagsCommon.cs - Importer: ScriptedImporter/UnityEditor.QuickSearchModule:UnityEditor.Search:ASIAI0B' with importer (ScriptedImporter : UnityEditor.QuickSearchModule:UnityEditor.Search:ASIAI0B)
Imported 'GUID: b458b2c7f196bdc4581b2f9fd6a5d931' -> (Import Result ID: '841d996658d3cec4ade550debc5b2ff0') in 0.003 seconds [static and dynamic dependencies]. Details - ImportResultOutputID=b7d90b72891fcbc8fcf89424b807a48e DependenciesID=5633a6636433820434e5e104cf9ee906 StaticDependenciesID=51a1c8a37a12a785604f194c92490840 
Number of updated asset objects reloaded before import = 0
Number of asset objects unloaded after import = 0
========================================================================
Received Import Request.
  Time of request: 2026-09-19T15:08:27.0399271Z
  Time since last request: 0.0007994 seconds.
  importAddress: GUID: 4ae64f3f72004807a9f919f9c27af0db - Path: Packages/com.unity.ugui/Runtime/TMP/TMP_TextInfo.cs - Importer: ScriptedImporter/UnityEditor.QuickSearchModule:UnityEditor.Search:ASIAI0B
Importing 'GUID: 4ae64f3f72004807a9f919f9c27af0db - Path: Packages/com.unity.ugui/Runtime/TMP/TMP_TextInfo.cs - Importer: ScriptedImporter/UnityEditor.QuickSearchModule:UnityEditor.Search:ASIAI0B' with importer (ScriptedImporter : UnityEditor.QuickSearchModule:UnityEditor.Search:ASIAI0B)
Imported 'GUID: 4ae64f3f72004807a9f919f9c27af0db' -> (Import Result ID: '6221657508161d0439106330b2606ec9') in 0.003 seconds [static and dynamic dependencies]. Details - ImportResultOutputID=3470e5bfb896534a392ca9944b43af2c DependenciesID=f8056c6683d19875e3910bb683290ebe StaticDependenciesID=33e50a951b78ef48abf105724567f64a 
Number of updated asset objects reloaded before import = 0
Number of asset objects unloaded after import = 0
========================================================================
Received Import Request.
  Time of request: 2026-09-19T15:08:27.0609586Z
  Time since last request: 0.0006265 seconds.
  importAddress: GUID: 765f7aac6597fc444a90dac4294e929d - Path: Packages/com.unity.ugui/Editor/UGUI/EventSystem/InputModuleComponentFactory.cs - Importer: ScriptedImporter/UnityEditor.QuickSearchModule:UnityEditor.Search:ASIAI0B
Importing 'GUID: 765f7aac6597fc444a90dac4294e929d - Path: Packages/com.unity.ugui/Editor/UGUI/EventSystem/InputModuleComponentFactory.cs - Importer: ScriptedImporter/UnityEditor.QuickSearchModule:UnityEditor.Search:ASIAI0B' with importer (ScriptedImporter : UnityEditor.QuickSearchModule:UnityEditor.Search:ASIAI0B)
Imported 'GUID: 765f7aac6597fc444a90dac4294e929d' -> (Import Result ID: '3bf7ead2b2b66518e9cfd5f06e84b944') in 0.004 seconds [static and dynamic dependencies]. Details - ImportResultOutputID=65d01652c5b742d0ab71ac4e1cb55b07 DependenciesID=2d9e4b984b03bb1f6e76f15724978ce6 StaticDependenciesID=a651d961e18e263d2d06ca4f6c935a0b 
Number of updated asset objects reloaded before import = 0
Number of asset objects unloaded after import = 0
========================================================================
Received Import Request.
  Time of request: 2026-09-19T15:08:27.0818385Z
  Time since last request: 0.00043 seconds.
  importAddress: GUID: a55fb7b4961a425381d1282fc424f966 - Path: Packages/com.unity.ugui/Runtime/TMP/TMP_UpdateRegistery.cs - Importer: ScriptedImporter/UnityEditor.QuickSearchModule:UnityEditor.Search:ASIAI0B
Importing 'GUID: a55fb7b4961a425381d1282fc424f966 - Path: Packages/com.unity.ugui/Runtime/TMP/TMP_UpdateRegistery.cs - Importer: ScriptedImporter/UnityEditor.QuickSearchModule:UnityEditor.Search:ASIAI0B' with importer (ScriptedImporter : UnityEditor.QuickSearchModule:UnityEditor.Search:ASIAI0B)
Imported 'GUID: a55fb7b4961a425381d1282fc424f966' -> (Import Result ID: '3a16cf3e59cf6c8cd5a436d8cd9e8949') in 0.004 seconds [static and dynamic dependencies]. Details - ImportResultOutputID=d10b15730abcf18b471412d4b37f9cc4 DependenciesID=19e9184c8c06527feb08991958c9ab3f StaticDependenciesID=a213f58c062c29ec9fb9b3eb484057fc 
Number of updated asset objects reloaded before import = 0
Number of asset objects unloaded after import = 0
========================================================================
Received Import Request.
  Time of request: 2026-09-19T15:08:27.1050778Z
  Time since last request: 0.0013797 seconds.
  importAddress: GUID: 1143ae6bb91836f4a8f8ebfaabb9396d - Path: Packages/com.unity.ugui/Editor/UGUI/EventSystem/Physics2DRaycasterEditor.cs - Importer: ScriptedImporter/UnityEditor.QuickSearchModule:UnityEditor.Search:ASIAI0B
Importing 'GUID: 1143ae6bb91836f4a8f8ebfaabb9396d - Path: Packages/com.unity.ugui/Editor/UGUI/EventSystem/Physics2DRaycasterEditor.cs - Importer: ScriptedImporter/UnityEditor.QuickSearchModule:UnityEditor.Search:ASIAI0B' with importer (ScriptedImporter : UnityEditor.QuickSearchModule:UnityEditor.Search:ASIAI0B)
Imported 'GUID: 1143ae6bb91836f4a8f8ebfaabb9396d' -> (Import Result ID: 'babeb56e26cfc6edec7ff68999a16b52') in 0.004 seconds [static and dynamic dependencies]. Details - ImportResultOutputID=c2644b2e5d41ae0f27a1952e79fcf31a DependenciesID=83d9c35becd58103e152b53bc434db7d StaticDependenciesID=9534168e54b2a518e784a5a978fc43bd 
Number of updated asset objects reloaded before import = 0
Number of asset objects unloaded after import = 0
========================================================================
Received Import Request.
  Time of request: 2026-09-19T15:08:27.1291394Z
  Time since last request: 0.0005928 seconds.
  importAddress: GUID: c890977a36bfdc849872b9337ab89098 - Path: Packages/com.unity.ugui/Editor/UGUI/UI/GraphicEditor.cs - Importer: ScriptedImporter/UnityEditor.QuickSearchModule:UnityEditor.Search:ASIAI0B
Importing 'GUID: c890977a36bfdc849872b9337ab89098 - Path: Packages/com.unity.ugui/Editor/UGUI/UI/GraphicEditor.cs - Importer: ScriptedImporter/UnityEditor.QuickSearchModule:UnityEditor.Search:ASIAI0B' with importer (ScriptedImporter : UnityEditor.QuickSearchModule:UnityEditor.Search:ASIAI0B)
Imported 'GUID: c890977a36bfdc849872b9337ab89098' -> (Import Result ID: '5380b734766a0a83473b629cd39b7977') in 0.004 seconds [static and dynamic dependencies]. Details - ImportResultOutputID=8a940c4cafa1e38000a642d9d3870a5e DependenciesID=4617cbc21440850d1e976d51454e2b7f StaticDependenciesID=4d63aa6b7e25f22a585c2993e527138d 
Number of updated asset objects reloaded before import = 0
Number of asset objects unloaded after import = 0
========================================================================
Received Import Request.
  Time of request: 2026-09-19T15:08:27.151157Z
  Time since last request: 0.0009128 seconds.
  importAddress: GUID: b5f70efd2f7b286498ca6c00adbb4a13 - Path: Packages/com.unity.ugui/Editor/UGUI/UI/AspectRatioFitterEditor.cs - Importer: ScriptedImporter/UnityEditor.QuickSearchModule:UnityEditor.Search:ASIAI0B
Importing 'GUID: b5f70efd2f7b286498ca6c00adbb4a13 - Path: Packages/com.unity.ugui/Editor/UGUI/UI/AspectRatioFitterEditor.cs - Importer: ScriptedImporter/UnityEditor.QuickSearchModule:UnityEditor.Search:ASIAI0B' with importer (ScriptedImporter : UnityEditor.QuickSearchModule:UnityEditor.Search:ASIAI0B)
Imported 'GUID: b5f70efd2f7b286498ca6c00adbb4a13' -> (Import Result ID: 'd7d4338098092741828b6bfc62006da4') in 0.006 seconds [static and dynamic dependencies]. Details - ImportResultOutputID=e01c986f74bc9db812f3578652fc0121 DependenciesID=0758f7532189a9234b26f37e8c4fe2e5 StaticDependenciesID=fb9e8bfe127b567fd53ac3465bcf5003 
Number of updated asset objects reloaded before import = 0
Number of asset objects unloaded after import = 0
========================================================================
Received Import Request.
  Time of request: 2026-09-19T15:08:27.1750882Z
  Time since last request: 0.0007018 seconds.
  importAddress: GUID: 24cda912b57cf784d9eebefb7c59111c - Path: Packages/com.unity.ugui/Editor/Analytics/IAnalytic/UGUIBuildEvent.cs - Importer: ScriptedImporter/UnityEditor.QuickSearchModule:UnityEditor.Search:ASIAI0B
Importing 'GUID: 24cda912b57cf784d9eebefb7c59111c - Path: Packages/com.unity.ugui/Editor/Analytics/IAnalytic/UGUIBuildEvent.cs - Importer: ScriptedImporter/UnityEditor.QuickSearchModule:UnityEditor.Search:ASIAI0B' with importer (ScriptedImporter : UnityEditor.QuickSearchModule:UnityEditor.Search:ASIAI0B)
Imported 'GUID: 24cda912b57cf784d9eebefb7c59111c' -> (Import Result ID: '08a4849565fb8672411961356e775ca4') in 0.003 seconds [static and dynamic dependencies]. Details - ImportResultOutputID=45df102c58aab176bc91e47a584d0118 DependenciesID=471c89dabd0967b2995b8110c4089568 StaticDependenciesID=a6579298c3071c6831cea13375ec7b20 
Number of updated asset objects reloaded before import = 0
Number of asset objects unloaded after import = 0
========================================================================
Received Import Request.
  Time of request: 2026-09-19T15:08:27.1997899Z
  Time since last request: 0.0005181 seconds.
  importAddress: GUID: 4877f87131635e6408f8c44e5d86791e - Path: Packages/com.unity.ugui/Runtime/TMP/TMP_ResourcesManager.cs - Importer: ScriptedImporter/UnityEditor.QuickSearchModule:UnityEditor.Search:ASIAI0B
Importing 'GUID: 4877f87131635e6408f8c44e5d86791e - Path: Packages/com.unity.ugui/Runtime/TMP/TMP_ResourcesManager.cs - Importer: ScriptedImporter/UnityEditor.QuickSearchModule:UnityEditor.Search:ASIAI0B' with importer (ScriptedImporter : UnityEditor.QuickSearchModule:UnityEditor.Search:ASIAI0B)
Imported 'GUID: 4877f87131635e6408f8c44e5d86791e' -> (Import Result ID: '086ade6f1a76c9b314747427745781ed') in 0.004 seconds [static and dynamic dependencies]. Details - ImportResultOutputID=2da093cb88b28f7f9c5a9919e9d6c285 DependenciesID=a7f72abeeda0de410dbe01f8cfcb2bdd StaticDependenciesID=016dd05f7f988736bd3b806087a8d4d3 
Number of updated asset objects reloaded before import = 0
Number of asset objects unloaded after import = 0
========================================================================
Received Import Request.
  Time of request: 2026-09-19T15:08:27.2209765Z
  Time since last request: 0.0004399 seconds.
  importAddress: GUID: c8f647c4cc6a64e4ba36c171768ab9a7 - Path: Packages/com.unity.ugui/Runtime/TMP/TMP_TextProcessingCommon.cs - Importer: ScriptedImporter/UnityEditor.QuickSearchModule:UnityEditor.Search:ASIAI0B
Importing 'GUID: c8f647c4cc6a64e4ba36c171768ab9a7 - Path: Packages/com.unity.ugui/Runtime/TMP/TMP_TextProcessingCommon.cs - Importer: ScriptedImporter/UnityEditor.QuickSearchModule:UnityEditor.Search:ASIAI0B' with importer (ScriptedImporter : UnityEditor.QuickSearchModule:UnityEditor.Search:ASIAI0B)
Imported 'GUID: c8f647c4cc6a64e4ba36c171768ab9a7' -> (Import Result ID: '8c6867d44257544b7140dc82a6443cef') in 0.005 seconds [static and dynamic dependencies]. Details - ImportResultOutputID=816dff8b32be208becd21a1ea6e73869 DependenciesID=165b9c78f3de268f969d3341c26632ce StaticDependenciesID=d905259052b9325d7bfca105902c72f6 
Number of updated asset objects reloaded before import = 0
Number of asset objects unloaded after import = 0
========================================================================
Received Import Request.
  Time of request: 2026-09-19T15:08:27.2426598Z
  Time since last request: 0.0004782 seconds.
  importAddress: GUID: 472a6f18dd2f97c41af72271d22db869 - Path: Packages/com.unity.ugui/Editor/UGUI/UI/ButtonEditor.cs - Importer: ScriptedImporter/UnityEditor.QuickSearchModule:UnityEditor.Search:ASIAI0B
Importing 'GUID: 472a6f18dd2f97c41af72271d22db869 - Path: Packages/com.unity.ugui/Editor/UGUI/UI/ButtonEditor.cs - Importer: ScriptedImporter/UnityEditor.QuickSearchModule:UnityEditor.Search:ASIAI0B' with importer (ScriptedImporter : UnityEditor.QuickSearchModule:UnityEditor.Search:ASIAI0B)
Imported 'GUID: 472a6f18dd2f97c41af72271d22db869' -> (Import Result ID: '673636f5876d38f516dd7f93c1d6744a') in 0.003 seconds [static and dynamic dependencies]. Details - ImportResultOutputID=acf0f80a76bb19a8b6c408d2ca659c9a DependenciesID=8763354257632c4e70b0e607a8c58ca5 StaticDependenciesID=756f071a20568a6ac0338c339918c13b 
Number of updated asset objects reloaded before import = 0
Number of asset objects unloaded after import = 0
========================================================================
Received Import Request.
  Time of request: 2026-09-19T15:08:27.2642914Z
  Time since last request: 0.0004195 seconds.
  importAddress: GUID: 01ada73c4792aba4c937ff5d92cce866 - Path: Packages/com.unity.ugui/Editor/TMP/PropertyDrawers/TMP_CharacterPropertyDrawer.cs - Importer: ScriptedImporter/UnityEditor.QuickSearchModule:UnityEditor.Search:ASIAI0B
Importing 'GUID: 01ada73c4792aba4c937ff5d92cce866 - Path: Packages/com.unity.ugui/Editor/TMP/PropertyDrawers/TMP_CharacterPropertyDrawer.cs - Importer: ScriptedImporter/UnityEditor.QuickSearchModule:UnityEditor.Search:ASIAI0B' with importer (ScriptedImporter : UnityEditor.QuickSearchModule:UnityEditor.Search:ASIAI0B)
Imported 'GUID: 01ada73c4792aba4c937ff5d92cce866' -> (Import Result ID: '8da4b0583c4de9e3634467300e890658') in 0.003 seconds [static and dynamic dependencies]. Details - ImportResultOutputID=5331fa03c2a44a700e0548c6fd2d2c85 DependenciesID=b634223db9bbe010d07c44e225976aee StaticDependenciesID=6057f020acee51f1505e9e4f0838b1cf 
Number of updated asset objects reloaded before import = 0
Number of asset objects unloaded after import = 0
========================================================================
Received Import Request.
  Time of request: 2026-09-19T15:08:27.3076839Z
  Time since last request: 0.0239756 seconds.
  importAddress: GUID: 76c392e42b5098c458856cdf6ecaaaa1 - Path: Packages/com.unity.ugui/Runtime/UGUI/EventSystem/EventSystem.cs - Importer: ScriptedImporter/UnityEditor.QuickSearchModule:UnityEditor.Search:ASIAI0B
Importing 'GUID: 76c392e42b5098c458856cdf6ecaaaa1 - Path: Packages/com.unity.ugui/Runtime/UGUI/EventSystem/EventSystem.cs - Importer: ScriptedImporter/UnityEditor.QuickSearchModule:UnityEditor.Search:ASIAI0B' with importer (ScriptedImporter : UnityEditor.QuickSearchModule:UnityEditor.Search:ASIAI0B)
Imported 'GUID: 76c392e42b5098c458856cdf6ecaaaa1' -> (Import Result ID: '9e9b6aff0268833ec229bca7eb83686a') in 0.003 seconds [static and dynamic dependencies]. Details - ImportResultOutputID=f6f0058294ea51a671220e2a1e9aa9b6 DependenciesID=203755c1f5a50b86ca0514e4557bf1d6 StaticDependenciesID=7bd2d6db41636acf3af1ccc066f4c635 
Number of updated asset objects reloaded before import = 0
Number of asset objects unloaded after import = 0
========================================================================
Received Import Request.
  Time of request: 2026-09-19T15:08:27.3279172Z
  Time since last request: 0.0006077 seconds.
  importAddress: GUID: b825fd5f27403b84f97726dd9c5a5e6f - Path: Packages/com.unity.ugui/Editor/UGUI/UI/PropertyDrawers/ColorBlockDrawer.cs - Importer: ScriptedImporter/UnityEditor.QuickSearchModule:UnityEditor.Search:ASIAI0B
Importing 'GUID: b825fd5f27403b84f97726dd9c5a5e6f - Path: Packages/com.unity.ugui/Editor/UGUI/UI/PropertyDrawers/ColorBlockDrawer.cs - Importer: ScriptedImporter/UnityEditor.QuickSearchModule:UnityEditor.Search:ASIAI0B' with importer (ScriptedImporter : UnityEditor.QuickSearchModule:UnityEditor.Search:ASIAI0B)
Imported 'GUID: b825fd5f27403b84f97726dd9c5a5e6f' -> (Import Result ID: '3ea3b302f2180ba47729e8986030f7ef') in 0.004 seconds [static and dynamic dependencies]. Details - ImportResultOutputID=cd7fdc69acebe88adc9eb65ee524b18e DependenciesID=ae4e5daf7a72ea793be846dbfa630c03 StaticDependenciesID=0c04136d6fd94fbedd022ca49b53e119 
Number of updated asset objects reloaded before import = 0
Number of asset objects unloaded after import = 0
========================================================================
Received Import Request.
  Time of request: 2026-09-19T15:08:27.3489459Z
  Time since last request: 0.0004664 seconds.
  importAddress: GUID: 56ba6cb160ebfc042b48224bd1a35614 - Path: Packages/com.unity.ugui/Editor/UGUI/UI/ScrollRectEditor.cs - Importer: ScriptedImporter/UnityEditor.QuickSearchModule:UnityEditor.Search:ASIAI0B
Importing 'GUID: 56ba6cb160ebfc042b48224bd1a35614 - Path: Packages/com.unity.ugui/Editor/UGUI/UI/ScrollRectEditor.cs - Importer: ScriptedImporter/UnityEditor.QuickSearchModule:UnityEditor.Search:ASIAI0B' with importer (ScriptedImporter : UnityEditor.QuickSearchModule:UnityEditor.Search:ASIAI0B)
Imported 'GUID: 56ba6cb160ebfc042b48224bd1a35614' -> (Import Result ID: '40246a51853aec753e36e388964de4d6') in 0.003 seconds [static and dynamic dependencies]. Details - ImportResultOutputID=8cb77b8d85e776840f3b37e2b8e49c9b DependenciesID=75a6e0424127b2a9c09e928188932975 StaticDependenciesID=181b46b4a610347551ae3956aac94a5e 
Number of updated asset objects reloaded before import = 0
Number of asset objects unloaded after import = 0
========================================================================
Received Import Request.
  Time of request: 2026-09-19T15:08:27.3693519Z
  Time since last request: 0.0004888 seconds.
  importAddress: GUID: 6a981cd1456bec84b86e1c66773f57f5 - Path: Packages/com.unity.ugui/Editor/UGUI/UI/GridLayoutGroupEditor.cs - Importer: ScriptedImporter/UnityEditor.QuickSearchModule:UnityEditor.Search:ASIAI0B
Importing 'GUID: 6a981cd1456bec84b86e1c66773f57f5 - Path: Packages/com.unity.ugui/Editor/UGUI/UI/GridLayoutGroupEditor.cs - Importer: ScriptedImporter/UnityEditor.QuickSearchModule:UnityEditor.Search:ASIAI0B' with importer (ScriptedImporter : UnityEditor.QuickSearchModule:UnityEditor.Search:ASIAI0B)
Imported 'GUID: 6a981cd1456bec84b86e1c66773f57f5' -> (Import Result ID: 'a74abe82eadf33beb2d0584fe9d11ba5') in 0.003 seconds [static and dynamic dependencies]. Details - ImportResultOutputID=908021249f99a4535e8ef51190263616 DependenciesID=4f969e5cdef45bf53ec748f71be28475 StaticDependenciesID=f2231fb885bde50279e677cd199a7e6b 
Number of updated asset objects reloaded before import = 0
Number of asset objects unloaded after import = 0
========================================================================
Received Import Request.
  Time of request: 2026-09-19T15:08:27.3917396Z
  Time since last request: 0.0008235 seconds.
  importAddress: GUID: d36a7c7a1ed377c4b8008e53032d7dcf - Path: Packages/com.unity.ugui/Editor/UGUI/UI/ToggleEditor.cs - Importer: ScriptedImporter/UnityEditor.QuickSearchModule:UnityEditor.Search:ASIAI0B
Importing 'GUID: d36a7c7a1ed377c4b8008e53032d7dcf - Path: Packages/com.unity.ugui/Editor/UGUI/UI/ToggleEditor.cs - Importer: ScriptedImporter/UnityEditor.QuickSearchModule:UnityEditor.Search:ASIAI0B' with importer (ScriptedImporter : UnityEditor.QuickSearchModule:UnityEditor.Search:ASIAI0B)
Imported 'GUID: d36a7c7a1ed377c4b8008e53032d7dcf' -> (Import Result ID: '6ad95a49d185e962efb0c4ec328abc11') in 0.003 seconds [static and dynamic dependencies]. Details - ImportResultOutputID=f15643181beef8477f59e61f2afc0950 DependenciesID=768482ac072ee893d8d9da08aa6d7d74 StaticDependenciesID=450d0979930fe2b57977fdae5da1f226 
Number of updated asset objects reloaded before import = 0
Number of asset objects unloaded after import = 0
========================================================================
Received Import Request.
  Time of request: 2026-09-19T15:08:27.4113739Z
  Time since last request: 0.0009492 seconds.
  importAddress: GUID: 260b531edc40677429c0198d6961e448 - Path: Packages/com.unity.ugui/Editor/UGUI/UI/SpriteDrawUtility.cs - Importer: ScriptedImporter/UnityEditor.QuickSearchModule:UnityEditor.Search:ASIAI0B
Importing 'GUID: 260b531edc40677429c0198d6961e448 - Path: Packages/com.unity.ugui/Editor/UGUI/UI/SpriteDrawUtility.cs - Importer: ScriptedImporter/UnityEditor.QuickSearchModule:UnityEditor.Search:ASIAI0B' with importer (ScriptedImporter : UnityEditor.QuickSearchModule:UnityEditor.Search:ASIAI0B)
Imported 'GUID: 260b531edc40677429c0198d6961e448' -> (Import Result ID: 'c9815ad59797d44473d0b022b2ade8e3') in 0.003 seconds [static and dynamic dependencies]. Details - ImportResultOutputID=c473a7c85cd538884252baa35669a1cd DependenciesID=f285d85c1e5e98382e4330093916d6a2 StaticDependenciesID=2464c913ec1c004c8151f33755774002 
Number of updated asset objects reloaded before import = 0
Number of asset objects unloaded after import = 0
========================================================================
Received Import Request.
  Time of request: 2026-09-19T15:08:27.4309353Z
  Time since last request: 0.0006697 seconds.
  importAddress: GUID: 426106349a0ff964fa4e7178c1d3a4f5 - Path: Packages/com.unity.ugui/Runtime/UGUI/EventSystem/Raycasters/BaseRaycaster.cs - Importer: ScriptedImporter/UnityEditor.QuickSearchModule:UnityEditor.Search:ASIAI0B
Importing 'GUID: 426106349a0ff964fa4e7178c1d3a4f5 - Path: Packages/com.unity.ugui/Runtime/UGUI/EventSystem/Raycasters/BaseRaycaster.cs - Importer: ScriptedImporter/UnityEditor.QuickSearchModule:UnityEditor.Search:ASIAI0B' with importer (ScriptedImporter : UnityEditor.QuickSearchModule:UnityEditor.Search:ASIAI0B)
Imported 'GUID: 426106349a0ff964fa4e7178c1d3a4f5' -> (Import Result ID: 'c9c6a8b37de1a1fa806746c0bc74b8a8') in 0.004 seconds [static and dynamic dependencies]. Details - ImportResultOutputID=3586cff0cb678d45b03997477a8ab4b6 DependenciesID=fc1c91e44d6c1c790f0915557e174cfd StaticDependenciesID=2696b7fea1bcbfaad49c87c596d74a33 
Number of updated asset objects reloaded before import = 0
Number of asset objects unloaded after import = 0
========================================================================
Received Import Request.
  Time of request: 2026-09-19T15:08:27.4529709Z
  Time since last request: 0.0007797 seconds.
  importAddress: GUID: 794f3951c48395848920fdb593a2ae38 - Path: Packages/com.unity.ugui/Editor/UGUI/UI/LayoutPropertiesPreview.cs - Importer: ScriptedImporter/UnityEditor.QuickSearchModule:UnityEditor.Search:ASIAI0B
Importing 'GUID: 794f3951c48395848920fdb593a2ae38 - Path: Packages/com.unity.ugui/Editor/UGUI/UI/LayoutPropertiesPreview.cs - Importer: ScriptedImporter/UnityEditor.QuickSearchModule:UnityEditor.Search:ASIAI0B' with importer (ScriptedImporter : UnityEditor.QuickSearchModule:UnityEditor.Search:ASIAI0B)
Imported 'GUID: 794f3951c48395848920fdb593a2ae38' -> (Import Result ID: '87b2425ba7ba7e37da5b7c156e82a21c') in 0.004 seconds [static and dynamic dependencies]. Details - ImportResultOutputID=15403269cf838858cfd1814143bf5025 DependenciesID=e6274dacc5e7dce36da1f004565a2985 StaticDependenciesID=bab4fe6958cde38af4ac0e8d28f93303 
Number of updated asset objects reloaded before import = 0
Number of asset objects unloaded after import = 0
========================================================================
Received Import Request.
  Time of request: 2026-09-19T15:08:27.4750055Z
  Time since last request: 0.0007477 seconds.
  importAddress: GUID: 26570be2af04195458e6f1ac1f5c48e0 - Path: Packages/com.unity.ugui/Runtime/UGUI/EventSystem/RaycasterManager.cs - Importer: ScriptedImporter/UnityEditor.QuickSearchModule:UnityEditor.Search:ASIAI0B
Importing 'GUID: 26570be2af04195458e6f1ac1f5c48e0 - Path: Packages/com.unity.ugui/Runtime/UGUI/EventSystem/RaycasterManager.cs - Importer: ScriptedImporter/UnityEditor.QuickSearchModule:UnityEditor.Search:ASIAI0B' with importer (ScriptedImporter : UnityEditor.QuickSearchModule:UnityEditor.Search:ASIAI0B)
Imported 'GUID: 26570be2af04195458e6f1ac1f5c48e0' -> (Import Result ID: 'ffd87e62636a482b44c65348d44d927d') in 0.004 seconds [static and dynamic dependencies]. Details - ImportResultOutputID=364295e587a77c06346f26ca90002626 DependenciesID=446c92f877eb25820eb2a6db0e9a8882 StaticDependenciesID=a49fed794aeb1e03d162e7b1cad0e53b 
Number of updated asset objects reloaded before import = 0
Number of asset objects unloaded after import = 0
========================================================================
Received Import Request.
  Time of request: 2026-09-19T15:08:27.4996304Z
  Time since last request: 0.0006765 seconds.
  importAddress: GUID: 1511ccae7919cfc46b603b9b337fdc94 - Path: Packages/com.unity.ugui/Runtime/UGUI/EventSystem/InputModules/BaseInput.cs - Importer: ScriptedImporter/UnityEditor.QuickSearchModule:UnityEditor.Search:ASIAI0B
Importing 'GUID: 1511ccae7919cfc46b603b9b337fdc94 - Path: Packages/com.unity.ugui/Runtime/UGUI/EventSystem/InputModules/BaseInput.cs - Importer: ScriptedImporter/UnityEditor.QuickSearchModule:UnityEditor.Search:ASIAI0B' with importer (ScriptedImporter : UnityEditor.QuickSearchModule:UnityEditor.Search:ASIAI0B)
Imported 'GUID: 1511ccae7919cfc46b603b9b337fdc94' -> (Import Result ID: 'dba9df456f52bcd96336fc9241eac5d1') in 0.003 seconds [static and dynamic dependencies]. Details - ImportResultOutputID=3dec2d67b5bb4953fdc45ed68b84640d DependenciesID=41a9291a35405e1d1e01fabe37ab93cb StaticDependenciesID=dd1841d0f0f75781f7559092abad59f2 
Number of updated asset objects reloaded before import = 0
Number of asset objects unloaded after import = 0
========================================================================
Received Import Request.
  Time of request: 2026-09-19T15:08:27.5212053Z
  Time since last request: 0.0005202 seconds.
  importAddress: GUID: d082183c35deb87489e26f9c7ba8e41f - Path: Packages/com.unity.ugui/Tests/Editor/TMP/TMP_TextTests.cs - Importer: ScriptedImporter/UnityEditor.QuickSearchModule:UnityEditor.Search:ASIAI0B
Importing 'GUID: d082183c35deb87489e26f9c7ba8e41f - Path: Packages/com.unity.ugui/Tests/Editor/TMP/TMP_TextTests.cs - Importer: ScriptedImporter/UnityEditor.QuickSearchModule:UnityEditor.Search:ASIAI0B' with importer (ScriptedImporter : UnityEditor.QuickSearchModule:UnityEditor.Search:ASIAI0B)
Imported 'GUID: d082183c35deb87489e26f9c7ba8e41f' -> (Import Result ID: '0cfe401e785851726573d9573d6104d9') in 0.002 seconds [static and dynamic dependencies]. Details - ImportResultOutputID=9469558f3106800e26b8c7ade13db1a7 DependenciesID=358a57ee25543d95017699b1ad698cfa StaticDependenciesID=5f3e18cdbfe6e5d74ca0a25f1dc27cb0 
Number of updated asset objects reloaded before import = 0
Number of asset objects unloaded after import = 0
========================================================================
Received Import Request.
  Time of request: 2026-09-19T15:08:27.5415937Z
  Time since last request: 0.0008259 seconds.
  importAddress: GUID: d25515b7ecc4c4ad0ad42bb0a34b5bd5 - Path: Packages/com.unity.ugui/Editor/UGUI/UI/RaycastReceiverEditor.cs - Importer: ScriptedImporter/UnityEditor.QuickSearchModule:UnityEditor.Search:ASIAI0B
Importing 'GUID: d25515b7ecc4c4ad0ad42bb0a34b5bd5 - Path: Packages/com.unity.ugui/Editor/UGUI/UI/RaycastReceiverEditor.cs - Importer: ScriptedImporter/UnityEditor.QuickSearchModule:UnityEditor.Search:ASIAI0B' with importer (ScriptedImporter : UnityEditor.QuickSearchModule:UnityEditor.Search:ASIAI0B)
Imported 'GUID: d25515b7ecc4c4ad0ad42bb0a34b5bd5' -> (Import Result ID: 'a2f4c0e28552540619a0735748f914c7') in 0.004 seconds [static and dynamic dependencies]. Details - ImportResultOutputID=1a9c163a29b097b9e287c08a35ad0045 DependenciesID=39563937a8a86a4a6ecc30d36753aa4e StaticDependenciesID=85b0fd4888a53b72a9012dde86632559 
Number of updated asset objects reloaded before import = 0
Number of asset objects unloaded after import = 0
========================================================================
Received Import Request.
  Time of request: 2026-09-19T15:08:27.5642114Z
  Time since last request: 0.0009135 seconds.
  importAddress: GUID: fea12beeeb5a7a448b5e60f50e40975d - Path: Packages/com.unity.ugui/Editor/UGUI/UI/PropertyDrawers/FontDataDrawer.cs - Importer: ScriptedImporter/UnityEditor.QuickSearchModule:UnityEditor.Search:ASIAI0B
Importing 'GUID: fea12beeeb5a7a448b5e60f50e40975d - Path: Packages/com.unity.ugui/Editor/UGUI/UI/PropertyDrawers/FontDataDrawer.cs - Importer: ScriptedImporter/UnityEditor.QuickSearchModule:UnityEditor.Search:ASIAI0B' with importer (ScriptedImporter : UnityEditor.QuickSearchModule:UnityEditor.Search:ASIAI0B)
Imported 'GUID: fea12beeeb5a7a448b5e60f50e40975d' -> (Import Result ID: '3d76d59443839fda900dc4f7ffd4fcc9') in 0.003 seconds [static and dynamic dependencies]. Details - ImportResultOutputID=6549b8994f38b8f2fa5ab29dd7b2583f DependenciesID=5e1e5b37eabde9d61f5c056d601010e2 StaticDependenciesID=93d4e6b11d8a1d840600b34d4d1c594f 
Number of updated asset objects reloaded before import = 0
Number of asset objects unloaded after import = 0
========================================================================
Received Import Request.
  Time of request: 2026-09-19T15:08:27.5891907Z
  Time since last request: 0.0004851 seconds.
  importAddress: GUID: 2359c66dee10c454c97f6aea84e3fe22 - Path: Packages/com.unity.ugui/Runtime/UGUI/EventSystem/EventInterfaces.cs - Importer: ScriptedImporter/UnityEditor.QuickSearchModule:UnityEditor.Search:ASIAI0B
Importing 'GUID: 2359c66dee10c454c97f6aea84e3fe22 - Path: Packages/com.unity.ugui/Runtime/UGUI/EventSystem/EventInterfaces.cs - Importer: ScriptedImporter/UnityEditor.QuickSearchModule:UnityEditor.Search:ASIAI0B' with importer (ScriptedImporter : UnityEditor.QuickSearchModule:UnityEditor.Search:ASIAI0B)
Imported 'GUID: 2359c66dee10c454c97f6aea84e3fe22' -> (Import Result ID: '0562c10a8e8907deeb8b5640ca62c114') in 0.003 seconds [static and dynamic dependencies]. Details - ImportResultOutputID=7b0fbd41245ce8c6390c7e3ca9e46182 DependenciesID=ca0da2715cb46ee98788d493c8f85493 StaticDependenciesID=f889cb2dae6234ca546533708942b07b 
Number of updated asset objects reloaded before import = 0
Number of asset objects unloaded after import = 0
========================================================================
Received Import Request.
  Time of request: 2026-09-19T15:08:27.611887Z
  Time since last request: 0.0005893 seconds.
  importAddress: GUID: 91f495459b6e34f419ac123740d798b1 - Path: Packages/com.unity.ugui/Runtime/UGUI/EventSystem/EventData/BaseEventData.cs - Importer: ScriptedImporter/UnityEditor.QuickSearchModule:UnityEditor.Search:ASIAI0B
Importing 'GUID: 91f495459b6e34f419ac123740d798b1 - Path: Packages/com.unity.ugui/Runtime/UGUI/EventSystem/EventData/BaseEventData.cs - Importer: ScriptedImporter/UnityEditor.QuickSearchModule:UnityEditor.Search:ASIAI0B' with importer (ScriptedImporter : UnityEditor.QuickSearchModule:UnityEditor.Search:ASIAI0B)
Imported 'GUID: 91f495459b6e34f419ac123740d798b1' -> (Import Result ID: '1b95f6730351964c81988f92aae88bb2') in 0.004 seconds [static and dynamic dependencies]. Details - ImportResultOutputID=d3c6a9e23677a0693db6d875c22b42ee DependenciesID=ce4d78b0c5e4e8cde47803d03d3720f7 StaticDependenciesID=47ede24a193ac3d6f23a9b7f1c9e1e3e 
Number of updated asset objects reloaded before import = 0
Number of asset objects unloaded after import = 0
========================================================================
Received Import Request.
  Time of request: 2026-09-19T15:08:27.6312218Z
  Time since last request: 0.0004144 seconds.
  importAddress: GUID: 728d2c19676ea3743aaa087aa28c4a16 - Path: Packages/com.unity.ugui/Editor/UGUI/UI/PropertyDrawers/SpriteStateDrawer.cs - Importer: ScriptedImporter/UnityEditor.QuickSearchModule:UnityEditor.Search:ASIAI0B
Importing 'GUID: 728d2c19676ea3743aaa087aa28c4a16 - Path: Packages/com.unity.ugui/Editor/UGUI/UI/PropertyDrawers/SpriteStateDrawer.cs - Importer: ScriptedImporter/UnityEditor.QuickSearchModule:UnityEditor.Search:ASIAI0B' with importer (ScriptedImporter : UnityEditor.QuickSearchModule:UnityEditor.Search:ASIAI0B)
Imported 'GUID: 728d2c19676ea3743aaa087aa28c4a16' -> (Import Result ID: 'bf8c58a1dc699f1c92149eb4d23ff050') in 0.004 seconds [static and dynamic dependencies]. Details - ImportResultOutputID=8a37636950390c6983f8fa16c26e6202 DependenciesID=8002536821a289685eca480b7c1ea99f StaticDependenciesID=d4fbeec366263c236cd401fc2882a97d 
Number of updated asset objects reloaded before import = 0
Number of asset objects unloaded after import = 0
========================================================================
Received Import Request.
  Time of request: 2026-09-19T15:08:27.6515312Z
  Time since last request: 0.0004567 seconds.
  importAddress: GUID: 1ea10891dd782154ca0fb67bce9e6f72 - Path: Packages/com.unity.ugui/Runtime/UGUI/EventSystem/InputModules/BaseInputModule.cs - Importer: ScriptedImporter/UnityEditor.QuickSearchModule:UnityEditor.Search:ASIAI0B
Importing 'GUID: 1ea10891dd782154ca0fb67bce9e6f72 - Path: Packages/com.unity.ugui/Runtime/UGUI/EventSystem/InputModules/BaseInputModule.cs - Importer: ScriptedImporter/UnityEditor.QuickSearchModule:UnityEditor.Search:ASIAI0B' with importer (ScriptedImporter : UnityEditor.QuickSearchModule:UnityEditor.Search:ASIAI0B)
Imported 'GUID: 1ea10891dd782154ca0fb67bce9e6f72' -> (Import Result ID: 'f28d8a86b226119bb2575fd0133ed3f9') in 0.003 seconds [static and dynamic dependencies]. Details - ImportResultOutputID=3dc79f9d672bd0368ceccd7cbb91f5ce DependenciesID=2e815524f0e23e5b2f1da09e02bc08bc StaticDependenciesID=8e25402457e41b6fcf37f46912f6438a 
Number of updated asset objects reloaded before import = 0
Number of asset objects unloaded after import = 0
========================================================================
Received Import Request.
  Time of request: 2026-09-19T15:08:27.6719647Z
  Time since last request: 0.0006305 seconds.
  importAddress: GUID: 58e7d991249847640b1534192721c5ea - Path: Packages/com.unity.ugui/Editor/UGUI/UI/RectMask2DEditor.cs - Importer: ScriptedImporter/UnityEditor.QuickSearchModule:UnityEditor.Search:ASIAI0B
Importing 'GUID: 58e7d991249847640b1534192721c5ea - Path: Packages/com.unity.ugui/Editor/UGUI/UI/RectMask2DEditor.cs - Importer: ScriptedImporter/UnityEditor.QuickSearchModule:UnityEditor.Search:ASIAI0B' with importer (ScriptedImporter : UnityEditor.QuickSearchModule:UnityEditor.Search:ASIAI0B)
Imported 'GUID: 58e7d991249847640b1534192721c5ea' -> (Import Result ID: '65b81188937209d4a447cd3d4f97ebcc') in 0.002 seconds [static and dynamic dependencies]. Details - ImportResultOutputID=f9be344ee34f94a61c67bc73d5795610 DependenciesID=11b632f59b83a09de54c2670af41ee4a StaticDependenciesID=def4630309a2c0c47e076d0a19562e0f 
Number of updated asset objects reloaded before import = 0
Number of asset objects unloaded after import = 0
========================================================================
Received Import Request.
  Time of request: 2026-09-19T15:08:27.6913266Z
  Time since last request: 0.0004934 seconds.
  importAddress: GUID: 623c79a1e113b4941afdbfc88d19e8fd - Path: Packages/com.unity.ugui/Runtime/UGUI/EventSystem/ExecuteEvents.cs - Importer: ScriptedImporter/UnityEditor.QuickSearchModule:UnityEditor.Search:ASIAI0B
Importing 'GUID: 623c79a1e113b4941afdbfc88d19e8fd - Path: Packages/com.unity.ugui/Runtime/UGUI/EventSystem/ExecuteEvents.cs - Importer: ScriptedImporter/UnityEditor.QuickSearchModule:UnityEditor.Search:ASIAI0B' with importer (ScriptedImporter : UnityEditor.QuickSearchModule:UnityEditor.Search:ASIAI0B)
Imported 'GUID: 623c79a1e113b4941afdbfc88d19e8fd' -> (Import Result ID: '41161524c9b30db6dd72a54d3e6f7d79') in 0.004 seconds [static and dynamic dependencies]. Details - ImportResultOutputID=d68485b4270d8695129c8ba4b97ec28b DependenciesID=7c3e1f8a0e608c723285fc315af3ff3d StaticDependenciesID=24ae9cb9c6b4e511ca43b107d57f7a48 
Number of updated asset objects reloaded before import = 0
Number of asset objects unloaded after import = 0
========================================================================
Received Import Request.
  Time of request: 2026-09-19T15:08:27.7128551Z
  Time since last request: 0.000493 seconds.
  importAddress: GUID: f700f31b2e40d7f4bb69753fdbbbc2b5 - Path: Packages/com.unity.ugui/Editor/UGUI/UI/ScrollbarEditor.cs - Importer: ScriptedImporter/UnityEditor.QuickSearchModule:UnityEditor.Search:ASIAI0B
Importing 'GUID: f700f31b2e40d7f4bb69753fdbbbc2b5 - Path: Packages/com.unity.ugui/Editor/UGUI/UI/ScrollbarEditor.cs - Importer: ScriptedImporter/UnityEditor.QuickSearchModule:UnityEditor.Search:ASIAI0B' with importer (ScriptedImporter : UnityEditor.QuickSearchModule:UnityEditor.Search:ASIAI0B)
Imported 'GUID: f700f31b2e40d7f4bb69753fdbbbc2b5' -> (Import Result ID: 'a2bc514f77cd48b6e7a165a730c1f9ed') in 0.003 seconds [static and dynamic dependencies]. Details - ImportResultOutputID=84f5ccac3704e88845fd1fafdeba86f8 DependenciesID=12dba23b4fba0c5567f98bfff2a3c679 StaticDependenciesID=4591060a7d6180dcacd63441c39a1d44 
Number of updated asset objects reloaded before import = 0
Number of asset objects unloaded after import = 0
========================================================================
Received Import Request.
  Time of request: 2026-09-19T15:08:27.7299301Z
  Time since last request: 0.0006344 seconds.
  importAddress: GUID: dcf00682bef4d264d84a5c92c8f5a40f - Path: Packages/com.unity.ugui/Editor/UGUI/UI/SelfControllerEditor.cs - Importer: ScriptedImporter/UnityEditor.QuickSearchModule:UnityEditor.Search:ASIAI0B
Importing 'GUID: dcf00682bef4d264d84a5c92c8f5a40f - Path: Packages/com.unity.ugui/Editor/UGUI/UI/SelfControllerEditor.cs - Importer: ScriptedImporter/UnityEditor.QuickSearchModule:UnityEditor.Search:ASIAI0B' with importer (ScriptedImporter : UnityEditor.QuickSearchModule:UnityEditor.Search:ASIAI0B)
Imported 'GUID: dcf00682bef4d264d84a5c92c8f5a40f' -> (Import Result ID: 'cdd215c1258b34e323b0475a30c83572') in 0.003 seconds [static and dynamic dependencies]. Details - ImportResultOutputID=af0a25bbd285d5da65c813cc4ff88a82 DependenciesID=82eab41ad9c05d5347f879de760ae1e0 StaticDependenciesID=8caddac2cfd7206f4427f40f235f5cc1 
Number of updated asset objects reloaded before import = 0
Number of asset objects unloaded after import = 0
========================================================================
Received Import Request.
  Time of request: 2026-09-19T15:08:27.7494442Z
  Time since last request: 0.0004365 seconds.
  importAddress: GUID: 393b15da08c88194dbbcacd6ee15a89c - Path: Packages/com.unity.ugui/Tests/Editor/UGUI/TestBehaviourBase.cs - Importer: ScriptedImporter/UnityEditor.QuickSearchModule:UnityEditor.Search:ASIAI0B
Importing 'GUID: 393b15da08c88194dbbcacd6ee15a89c - Path: Packages/com.unity.ugui/Tests/Editor/UGUI/TestBehaviourBase.cs - Importer: ScriptedImporter/UnityEditor.QuickSearchModule:UnityEditor.Search:ASIAI0B' with importer (ScriptedImporter : UnityEditor.QuickSearchModule:UnityEditor.Search:ASIAI0B)
Imported 'GUID: 393b15da08c88194dbbcacd6ee15a89c' -> (Import Result ID: '1f7e9a95b37919c63275603bf7d0f399') in 0.003 seconds [static and dynamic dependencies]. Details - ImportResultOutputID=cf16eede95b17c62cb94edb98320087c DependenciesID=d4b68c69e3a37571a276636e63502388 StaticDependenciesID=00ef430f276cc97878796e520d0276ac 
Number of updated asset objects reloaded before import = 0
Number of asset objects unloaded after import = 0
========================================================================
Received Import Request.
  Time of request: 2026-09-19T15:08:27.7830573Z
  Time since last request: 0.0140044 seconds.
  importAddress: GUID: 4402dcee6e9969549bf5b33f11533208 - Path: Packages/com.unity.ugui/Tests/Editor/UGUI/RectMask2D/RectMask2DCulling.cs - Importer: ScriptedImporter/UnityEditor.QuickSearchModule:UnityEditor.Search:ASIAI0B
Importing 'GUID: 4402dcee6e9969549bf5b33f11533208 - Path: Packages/com.unity.ugui/Tests/Editor/UGUI/RectMask2D/RectMask2DCulling.cs - Importer: ScriptedImporter/UnityEditor.QuickSearchModule:UnityEditor.Search:ASIAI0B' with importer (ScriptedImporter : UnityEditor.QuickSearchModule:UnityEditor.Search:ASIAI0B)
Imported 'GUID: 4402dcee6e9969549bf5b33f11533208' -> (Import Result ID: '8957fe12238339f4533183714de50c0b') in 0.003 seconds [static and dynamic dependencies]. Details - ImportResultOutputID=e22c7052bd83c55dfe3cb6a363878499 DependenciesID=12a5b595f7b4954c4f62ca2031a3ba1b StaticDependenciesID=c37a7b8694d7003e08a3cf167e2203e0 
Number of updated asset objects reloaded before import = 0
Number of asset objects unloaded after import = 0
========================================================================
Received Import Request.
  Time of request: 2026-09-19T15:08:27.8030957Z
  Time since last request: 0.0007025 seconds.
  importAddress: GUID: 69ae55f76840b2849ba56cfb53a17df0 - Path: Packages/com.unity.ugui/Runtime/UGUI/UI/Core/StencilMaterial.cs - Importer: ScriptedImporter/UnityEditor.QuickSearchModule:UnityEditor.Search:ASIAI0B
Importing 'GUID: 69ae55f76840b2849ba56cfb53a17df0 - Path: Packages/com.unity.ugui/Runtime/UGUI/UI/Core/StencilMaterial.cs - Importer: ScriptedImporter/UnityEditor.QuickSearchModule:UnityEditor.Search:ASIAI0B' with importer (ScriptedImporter : UnityEditor.QuickSearchModule:UnityEditor.Search:ASIAI0B)
Imported 'GUID: 69ae55f76840b2849ba56cfb53a17df0' -> (Import Result ID: '0a96b93675e112913208b6d1ae18b02a') in 0.004 seconds [static and dynamic dependencies]. Details - ImportResultOutputID=52e07e1dbb2720dbe1284e1c9bbf7e5c DependenciesID=8e1d5bdd2af5901aa0802ecb0679100a StaticDependenciesID=4eaae09aba1f3eb93e924e03927ab93e 
Number of updated asset objects reloaded before import = 0
Number of asset objects unloaded after import = 0
========================================================================
Received Import Request.
  Time of request: 2026-09-19T15:08:27.8262663Z
  Time since last request: 0.0010515 seconds.
  importAddress: GUID: 1aa08ab6e0800fa44ae55d278d1423e3 - Path: Packages/com.unity.ugui/Runtime/UGUI/UI/Core/ScrollRect.cs - Importer: ScriptedImporter/UnityEditor.QuickSearchModule:UnityEditor.Search:ASIAI0B
Importing 'GUID: 1aa08ab6e0800fa44ae55d278d1423e3 - Path: Packages/com.unity.ugui/Runtime/UGUI/UI/Core/ScrollRect.cs - Importer: ScriptedImporter/UnityEditor.QuickSearchModule:UnityEditor.Search:ASIAI0B' with importer (ScriptedImporter : UnityEditor.QuickSearchModule:UnityEditor.Search:ASIAI0B)
Imported 'GUID: 1aa08ab6e0800fa44ae55d278d1423e3' -> (Import Result ID: '3b5ead9aad68768b0ae9c196105e73fb') in 0.004 seconds [static and dynamic dependencies]. Details - ImportResultOutputID=622d07db285e45666294afb25fe01cc1 DependenciesID=2083299bc21340f4ae4915130e7760fd StaticDependenciesID=43c8cd0a858bdc7dababf07d2d857009 
Number of updated asset objects reloaded before import = 0
Number of asset objects unloaded after import = 0
========================================================================
Received Import Request.
  Time of request: 2026-09-19T15:08:27.8511628Z
  Time since last request: 0.0007517 seconds.
  importAddress: GUID: 35a0d10199de49f4db0128003bfd3bda - Path: Packages/com.unity.ugui/Tests/Editor/UGUI/Canvas/CanvasElementsMaintainValidPositionsWhenCameraOrthoSizeIsZero.cs - Importer: ScriptedImporter/UnityEditor.QuickSearchModule:UnityEditor.Search:ASIAI0B
Importing 'GUID: 35a0d10199de49f4db0128003bfd3bda - Path: Packages/com.unity.ugui/Tests/Editor/UGUI/Canvas/CanvasElementsMaintainValidPositionsWhenCameraOrthoSizeIsZero.cs - Importer: ScriptedImporter/UnityEditor.QuickSearchModule:UnityEditor.Search:ASIAI0B' with importer (ScriptedImporter : UnityEditor.QuickSearchModule:UnityEditor.Search:ASIAI0B)
Imported 'GUID: 35a0d10199de49f4db0128003bfd3bda' -> (Import Result ID: '6bc842636e455606f356f0e221f709be') in 0.004 seconds [static and dynamic dependencies]. Details - ImportResultOutputID=2bf8d1f099e5b45185777b40f14958af DependenciesID=7a9d35028ad359d63b8b0b5a84001bca StaticDependenciesID=e0b50e165115aba5a3e30a986fbbc7f3 
Number of updated asset objects reloaded before import = 0
Number of asset objects unloaded after import = 0
========================================================================
Received Import Request.
  Time of request: 2026-09-19T15:08:27.8761176Z
  Time since last request: 0.0006728 seconds.
  importAddress: GUID: 69e3979b7029e8a4da2d96b714ba5c3a - Path: Packages/com.unity.ugui/Runtime/UGUI/UI/Core/GraphicRegistry.cs - Importer: ScriptedImporter/UnityEditor.QuickSearchModule:UnityEditor.Search:ASIAI0B
Importing 'GUID: 69e3979b7029e8a4da2d96b714ba5c3a - Path: Packages/com.unity.ugui/Runtime/UGUI/UI/Core/GraphicRegistry.cs - Importer: ScriptedImporter/UnityEditor.QuickSearchModule:UnityEditor.Search:ASIAI0B' with importer (ScriptedImporter : UnityEditor.QuickSearchModule:UnityEditor.Search:ASIAI0B)
Imported 'GUID: 69e3979b7029e8a4da2d96b714ba5c3a' -> (Import Result ID: 'd11a6eac73a7daaba53185a2c1cc281d') in 0.006 seconds [static and dynamic dependencies]. Details - ImportResultOutputID=4744fa53c9e999607edc64bd814993d6 DependenciesID=cfff27239dda73e6bec7e0f7f2d4cafc StaticDependenciesID=1b442cfcc11bb00b2d60c0cd7b93495a 
Number of updated asset objects reloaded before import = 0
Number of asset objects unloaded after import = 0
========================================================================
Received Import Request.
  Time of request: 2026-09-19T15:08:27.9038276Z
  Time since last request: 0.0005264 seconds.
  importAddress: GUID: 0d0b652f32a2cc243917e4028fa0f046 - Path: Packages/com.unity.ugui/Runtime/UGUI/UI/Core/Dropdown.cs - Importer: ScriptedImporter/UnityEditor.QuickSearchModule:UnityEditor.Search:ASIAI0B
Importing 'GUID: 0d0b652f32a2cc243917e4028fa0f046 - Path: Packages/com.unity.ugui/Runtime/UGUI/UI/Core/Dropdown.cs - Importer: ScriptedImporter/UnityEditor.QuickSearchModule:UnityEditor.Search:ASIAI0B' with importer (ScriptedImporter : UnityEditor.QuickSearchModule:UnityEditor.Search:ASIAI0B)
Imported 'GUID: 0d0b652f32a2cc243917e4028fa0f046' -> (Import Result ID: '1f5aa8ac4d05fd1301828e77ae711656') in 0.004 seconds [static and dynamic dependencies]. Details - ImportResultOutputID=1f16c4fc0abdcf0f7cf143d320ca3caa DependenciesID=be429532583c347595bf2726eb6ea564 StaticDependenciesID=041d4a6d11496e5f63bbb5efa8652a5e 
Number of updated asset objects reloaded before import = 0
Number of asset objects unloaded after import = 0
========================================================================
Received Import Request.
  Time of request: 2026-09-19T15:08:27.9243213Z
  Time since last request: 0.0006916 seconds.
  importAddress: GUID: 3d96cc7adb6c4531998652ab1f09a983 - Path: Packages/com.unity.ugui/Tests/Editor/UGUI/UI/LayoutGroupAddUndoTests.cs - Importer: ScriptedImporter/UnityEditor.QuickSearchModule:UnityEditor.Search:ASIAI0B
Importing 'GUID: 3d96cc7adb6c4531998652ab1f09a983 - Path: Packages/com.unity.ugui/Tests/Editor/UGUI/UI/LayoutGroupAddUndoTests.cs - Importer: ScriptedImporter/UnityEditor.QuickSearchModule:UnityEditor.Search:ASIAI0B' with importer (ScriptedImporter : UnityEditor.QuickSearchModule:UnityEditor.Search:ASIAI0B)
Imported 'GUID: 3d96cc7adb6c4531998652ab1f09a983' -> (Import Result ID: '04d473f90ab54321e73fccfbc6f3902e') in 0.003 seconds [static and dynamic dependencies]. Details - ImportResultOutputID=2d3815e1f600b994098980d756f9006e DependenciesID=fbcfb8737b0efe61a51c59745c905256 StaticDependenciesID=afb8d99f56190515fe156fed3f70239c 
Number of updated asset objects reloaded before import = 0
Number of asset objects unloaded after import = 0
========================================================================
Received Import Request.
  Time of request: 2026-09-19T15:08:27.9503258Z
  Time since last request: 0.0006542 seconds.
  importAddress: GUID: 8c25ee90b3284383bfbd87d30f331df5 - Path: Packages/com.unity.ugui/Tests/Editor/UGUI/UI/LayoutElementInspectorMixedValueTests.cs - Importer: ScriptedImporter/UnityEditor.QuickSearchModule:UnityEditor.Search:ASIAI0B
Importing 'GUID: 8c25ee90b3284383bfbd87d30f331df5 - Path: Packages/com.unity.ugui/Tests/Editor/UGUI/UI/LayoutElementInspectorMixedValueTests.cs - Importer: ScriptedImporter/UnityEditor.QuickSearchModule:UnityEditor.Search:ASIAI0B' with importer (ScriptedImporter : UnityEditor.QuickSearchModule:UnityEditor.Search:ASIAI0B)
Imported 'GUID: 8c25ee90b3284383bfbd87d30f331df5' -> (Import Result ID: 'd8e11aa8ca05d5a2cfa8ba6139ac394b') in 0.004 seconds [static and dynamic dependencies]. Details - ImportResultOutputID=5caccc946d739dcf90c4e276b1bf2991 DependenciesID=1d95f16b85d1491e05e543e5e97f3eaa StaticDependenciesID=0d70005bc08d96b2b92bb5bf9af13c59 
Number of updated asset objects reloaded before import = 0
Number of asset objects unloaded after import = 0
========================================================================
Received Import Request.
  Time of request: 2026-09-19T15:08:27.9765035Z
  Time since last request: 0.0007691 seconds.
  importAddress: GUID: 928dc55e2c8c3ee4dad33b6d561cb6ea - Path: Packages/com.unity.ugui/Runtime/UGUI/UI/Core/IGraphicEnabledDisabled.cs - Importer: ScriptedImporter/UnityEditor.QuickSearchModule:UnityEditor.Search:ASIAI0B
Importing 'GUID: 928dc55e2c8c3ee4dad33b6d561cb6ea - Path: Packages/com.unity.ugui/Runtime/UGUI/UI/Core/IGraphicEnabledDisabled.cs - Importer: ScriptedImporter/UnityEditor.QuickSearchModule:UnityEditor.Search:ASIAI0B' with importer (ScriptedImporter : UnityEditor.QuickSearchModule:UnityEditor.Search:ASIAI0B)
Imported 'GUID: 928dc55e2c8c3ee4dad33b6d561cb6ea' -> (Import Result ID: '30b8819bef5fd7009f0c2a4e12184e54') in 0.003 seconds [static and dynamic dependencies]. Details - ImportResultOutputID=08da41b9819e3ec34445b9565f6eba00 DependenciesID=028237cb04b9cde9e945c261f0ce01f3 StaticDependenciesID=30db25f5cacd850a3ea1331fd7249ba2 
Number of updated asset objects reloaded before import = 0
Number of asset objects unloaded after import = 0
========================================================================
Received Import Request.
  Time of request: 2026-09-19T15:08:28.0002124Z
  Time since last request: 0.0004653 seconds.
  importAddress: GUID: b9ba34e0b1884454fbc4257260e22b64 - Path: Packages/com.unity.ugui/Runtime/UGUI/UI/Core/SetPropertyUtility.cs - Importer: ScriptedImporter/UnityEditor.QuickSearchModule:UnityEditor.Search:ASIAI0B
Importing 'GUID: b9ba34e0b1884454fbc4257260e22b64 - Path: Packages/com.unity.ugui/Runtime/UGUI/UI/Core/SetPropertyUtility.cs - Importer: ScriptedImporter/UnityEditor.QuickSearchModule:UnityEditor.Search:ASIAI0B' with importer (ScriptedImporter : UnityEditor.QuickSearchModule:UnityEditor.Search:ASIAI0B)
Imported 'GUID: b9ba34e0b1884454fbc4257260e22b64' -> (Import Result ID: '3a493d594f448404b72feafdccdfe213') in 0.003 seconds [static and dynamic dependencies]. Details - ImportResultOutputID=9f3a522f7717681cfc3aca5ba3151cbb DependenciesID=7b3a41bf06d8d0dcf8c54793f57fb12f StaticDependenciesID=50dba0b06468b0cc31f9461f8be0bf58 
Number of updated asset objects reloaded before import = 0
Number of asset objects unloaded after import = 0
========================================================================
Received Import Request.
  Time of request: 2026-09-19T15:08:28.022916Z
  Time since last request: 0.0006728 seconds.
  importAddress: GUID: 67db9e8f0e2ae9c40bc1e2b64352a6b4 - Path: Packages/com.unity.ugui/Runtime/UGUI/UI/Core/Slider.cs - Importer: ScriptedImporter/UnityEditor.QuickSearchModule:UnityEditor.Search:ASIAI0B
Importing 'GUID: 67db9e8f0e2ae9c40bc1e2b64352a6b4 - Path: Packages/com.unity.ugui/Runtime/UGUI/UI/Core/Slider.cs - Importer: ScriptedImporter/UnityEditor.QuickSearchModule:UnityEditor.Search:ASIAI0B' with importer (ScriptedImporter : UnityEditor.QuickSearchModule:UnityEditor.Search:ASIAI0B)
Imported 'GUID: 67db9e8f0e2ae9c40bc1e2b64352a6b4' -> (Import Result ID: 'fd5867f16f4ec5e54c244173ed0a6908') in 0.003 seconds [static and dynamic dependencies]. Details - ImportResultOutputID=f330a5cbf900acf7d0e95581fa34ef8f DependenciesID=0375ed5246cd89466b1bce1b567c2f51 StaticDependenciesID=5882aec70f4570fbfaef2b3f73d71d8b 
Number of updated asset objects reloaded before import = 0
Number of asset objects unloaded after import = 0
========================================================================
Received Import Request.
  Time of request: 2026-09-19T15:08:28.0434765Z
  Time since last request: 0.0007006 seconds.
  importAddress: GUID: 5ebeb75bd91642048bb3f6c1939fde66 - Path: Packages/com.unity.ugui/Runtime/UGUI/UI/Core/MultipleDisplayUtilities.cs - Importer: ScriptedImporter/UnityEditor.QuickSearchModule:UnityEditor.Search:ASIAI0B
Importing 'GUID: 5ebeb75bd91642048bb3f6c1939fde66 - Path: Packages/com.unity.ugui/Runtime/UGUI/UI/Core/MultipleDisplayUtilities.cs - Importer: ScriptedImporter/UnityEditor.QuickSearchModule:UnityEditor.Search:ASIAI0B' with importer (ScriptedImporter : UnityEditor.QuickSearchModule:UnityEditor.Search:ASIAI0B)
Imported 'GUID: 5ebeb75bd91642048bb3f6c1939fde66' -> (Import Result ID: '027ff803ee697b38f7ed682afd62ea93') in 0.004 seconds [static and dynamic dependencies]. Details - ImportResultOutputID=0e3bcc90ff8b9376dc4f41bf525641a8 DependenciesID=c50bd69aaac896a73c910eab5a599977 StaticDependenciesID=206562a1e6cd6c4e35e2610b1e7fea69 
Number of updated asset objects reloaded before import = 0
Number of asset objects unloaded after import = 0
========================================================================
Received Import Request.
  Time of request: 2026-09-19T15:08:28.064958Z
  Time since last request: 0.0005418 seconds.
  importAddress: GUID: dc42784cf147c0c48a680349fa168899 - Path: Packages/com.unity.ugui/Runtime/UGUI/UI/Core/GraphicRaycaster.cs - Importer: ScriptedImporter/UnityEditor.QuickSearchModule:UnityEditor.Search:ASIAI0B
Importing 'GUID: dc42784cf147c0c48a680349fa168899 - Path: Packages/com.unity.ugui/Runtime/UGUI/UI/Core/GraphicRaycaster.cs - Importer: ScriptedImporter/UnityEditor.QuickSearchModule:UnityEditor.Search:ASIAI0B' with importer (ScriptedImporter : UnityEditor.QuickSearchModule:UnityEditor.Search:ASIAI0B)
Imported 'GUID: dc42784cf147c0c48a680349fa168899' -> (Import Result ID: 'e93c6025e333305180906299e8877be3') in 0.004 seconds [static and dynamic dependencies]. Details - ImportResultOutputID=494be6a275324bd906413a35a8efaf19 DependenciesID=66d74cb41463970f5e2cf9f1922b6d3b StaticDependenciesID=1bbcbfa0353baacba7577c06c5b94fd1 
Number of updated asset objects reloaded before import = 0
Number of asset objects unloaded after import = 0
========================================================================
Received Import Request.
  Time of request: 2026-09-19T15:08:28.0870252Z
  Time since last request: 0.0006571 seconds.
  importAddress: GUID: d199490a83bb2b844b9695cbf13b01ef - Path: Packages/com.unity.ugui/Runtime/UGUI/UI/Core/InputField.cs - Importer: ScriptedImporter/UnityEditor.QuickSearchModule:UnityEditor.Search:ASIAI0B
Importing 'GUID: d199490a83bb2b844b9695cbf13b01ef - Path: Packages/com.unity.ugui/Runtime/UGUI/UI/Core/InputField.cs - Importer: ScriptedImporter/UnityEditor.QuickSearchModule:UnityEditor.Search:ASIAI0B' with importer (ScriptedImporter : UnityEditor.QuickSearchModule:UnityEditor.Search:ASIAI0B)
Imported 'GUID: d199490a83bb2b844b9695cbf13b01ef' -> (Import Result ID: '6817d2bdf688738bc9a0cbe0ff6de29e') in 0.003 seconds [static and dynamic dependencies]. Details - ImportResultOutputID=435839449a6115e182443aaf0828b11f DependenciesID=d03601af8890c4c64e0056a1359188ac StaticDependenciesID=06c76d90eec232c96db305f172d3fd63 
Number of updated asset objects reloaded before import = 0
Number of asset objects unloaded after import = 0
========================================================================
Received Import Request.
  Time of request: 2026-09-19T15:08:28.1111098Z
  Time since last request: 0.0005877 seconds.
  importAddress: GUID: 5a2e98b03511c6f43bc645238cd40857 - Path: Packages/com.unity.ugui/Tests/Editor/UGUI/InputField/ContentValidation.cs - Importer: ScriptedImporter/UnityEditor.QuickSearchModule:UnityEditor.Search:ASIAI0B
Importing 'GUID: 5a2e98b03511c6f43bc645238cd40857 - Path: Packages/com.unity.ugui/Tests/Editor/UGUI/InputField/ContentValidation.cs - Importer: ScriptedImporter/UnityEditor.QuickSearchModule:UnityEditor.Search:ASIAI0B' with importer (ScriptedImporter : UnityEditor.QuickSearchModule:UnityEditor.Search:ASIAI0B)
Imported 'GUID: 5a2e98b03511c6f43bc645238cd40857' -> (Import Result ID: '673b149285e9d3d165368a181582f79c') in 0.002 seconds [static and dynamic dependencies]. Details - ImportResultOutputID=4cde83d2620f89bab0ad8e2c87f559dc DependenciesID=80bdc0caa8f55444c9fb6293bca8c25d StaticDependenciesID=1cb56556b614cd62d17548c5cd0144cd 
Number of updated asset objects reloaded before import = 0
Number of asset objects unloaded after import = 0
========================================================================
Received Import Request.
  Time of request: 2026-09-19T15:08:28.1308812Z
  Time since last request: 0.0006749 seconds.
  importAddress: GUID: 39ab466162988eb4f83443f911bbf5c8 - Path: Packages/com.unity.ugui/Runtime/UGUI/UI/Core/FontUpdateTracker.cs - Importer: ScriptedImporter/UnityEditor.QuickSearchModule:UnityEditor.Search:ASIAI0B
Importing 'GUID: 39ab466162988eb4f83443f911bbf5c8 - Path: Packages/com.unity.ugui/Runtime/UGUI/UI/Core/FontUpdateTracker.cs - Importer: ScriptedImporter/UnityEditor.QuickSearchModule:UnityEditor.Search:ASIAI0B' with importer (ScriptedImporter : UnityEditor.QuickSearchModule:UnityEditor.Search:ASIAI0B)
Imported 'GUID: 39ab466162988eb4f83443f911bbf5c8' -> (Import Result ID: '69cf5544cc055fafa249d121673755ce') in 0.003 seconds [static and dynamic dependencies]. Details - ImportResultOutputID=7969acaae8dae8d319fdefe279d13413 DependenciesID=165f6700d5a2d1f279257bf9d6f1f66a StaticDependenciesID=77b3ad68f24a617da551eacb81588c22 
Number of updated asset objects reloaded before import = 0
Number of asset objects unloaded after import = 0
========================================================================
Received Import Request.
  Time of request: 2026-09-19T15:08:28.1524974Z
  Time since last request: 0.0006377 seconds.
  importAddress: GUID: 976acc75bfafe594cb01142ba21947be - Path: Packages/com.unity.ugui/Runtime/UGUI/UI/Core/MaskableGraphic.cs - Importer: ScriptedImporter/UnityEditor.QuickSearchModule:UnityEditor.Search:ASIAI0B
Importing 'GUID: 976acc75bfafe594cb01142ba21947be - Path: Packages/com.unity.ugui/Runtime/UGUI/UI/Core/MaskableGraphic.cs - Importer: ScriptedImporter/UnityEditor.QuickSearchModule:UnityEditor.Search:ASIAI0B' with importer (ScriptedImporter : UnityEditor.QuickSearchModule:UnityEditor.Search:ASIAI0B)
Imported 'GUID: 976acc75bfafe594cb01142ba21947be' -> (Import Result ID: '929386fb87a5889ccca0d37d56094b01') in 0.004 seconds [static and dynamic dependencies]. Details - ImportResultOutputID=f05612c3bdbe1473ef734f73f4f13f41 DependenciesID=8cf46c8d6e0c85a2519ac3a44a915556 StaticDependenciesID=4aeb7a147c90e7e8083730a58843d5c1 
Number of updated asset objects reloaded before import = 0
Number of asset objects unloaded after import = 0
========================================================================
Received Import Request.
  Time of request: 2026-09-19T15:08:28.175403Z
  Time since last request: 0.0008811 seconds.
  importAddress: GUID: fb660d86885d89a499a31c6ab6f26269 - Path: Packages/com.unity.ugui/Tests/Editor/UGUI/RectMask2D/RectTransformPosition.cs - Importer: ScriptedImporter/UnityEditor.QuickSearchModule:UnityEditor.Search:ASIAI0B
Importing 'GUID: fb660d86885d89a499a31c6ab6f26269 - Path: Packages/com.unity.ugui/Tests/Editor/UGUI/RectMask2D/RectTransformPosition.cs - Importer: ScriptedImporter/UnityEditor.QuickSearchModule:UnityEditor.Search:ASIAI0B' with importer (ScriptedImporter : UnityEditor.QuickSearchModule:UnityEditor.Search:ASIAI0B)
Imported 'GUID: fb660d86885d89a499a31c6ab6f26269' -> (Import Result ID: 'cf07b0199c9e5f4511fe754aff476088') in 0.004 seconds [static and dynamic dependencies]. Details - ImportResultOutputID=eeca9c7bca6a8da0de8f3a2f219ecb15 DependenciesID=a8bc98660c864daed80f88c13bf6fc69 StaticDependenciesID=ebf264b7ac25becf51e08e1054c37475 
Number of updated asset objects reloaded before import = 0
Number of asset objects unloaded after import = 0
========================================================================
Received Import Request.
  Time of request: 2026-09-19T15:08:28.2002503Z
  Time since last request: 0.0006532 seconds.
  importAddress: GUID: 9353b7d498b954a06ae1228982925d0b - Path: Packages/com.unity.ugui/Runtime/UGUI/UI/Core/RaycastReceiver.cs - Importer: ScriptedImporter/UnityEditor.QuickSearchModule:UnityEditor.Search:ASIAI0B
Importing 'GUID: 9353b7d498b954a06ae1228982925d0b - Path: Packages/com.unity.ugui/Runtime/UGUI/UI/Core/RaycastReceiver.cs - Importer: ScriptedImporter/UnityEditor.QuickSearchModule:UnityEditor.Search:ASIAI0B' with importer (ScriptedImporter : UnityEditor.QuickSearchModule:UnityEditor.Search:ASIAI0B)
Imported 'GUID: 9353b7d498b954a06ae1228982925d0b' -> (Import Result ID: '1bda0454de7a35e12e15d3ab8ab236ea') in 0.006 seconds [static and dynamic dependencies]. Details - ImportResultOutputID=1baa1803270cee73acc342f53c1f252e DependenciesID=13494ccece6af16e3102aacb9e8d5848 StaticDependenciesID=c34ba89ea282e15921024bb33c6f8eba 
Number of updated asset objects reloaded before import = 0
Number of asset objects unloaded after import = 0
========================================================================
Received Import Request.
  Time of request: 2026-09-19T15:08:28.2323816Z
  Time since last request: 0.0008702 seconds.
  importAddress: GUID: 2a4db7a114972834c8e4117be1d82ba3 - Path: Packages/com.unity.ugui/Runtime/UGUI/UI/Core/Scrollbar.cs - Importer: ScriptedImporter/UnityEditor.QuickSearchModule:UnityEditor.Search:ASIAI0B
Importing 'GUID: 2a4db7a114972834c8e4117be1d82ba3 - Path: Packages/com.unity.ugui/Runtime/UGUI/UI/Core/Scrollbar.cs - Importer: ScriptedImporter/UnityEditor.QuickSearchModule:UnityEditor.Search:ASIAI0B' with importer (ScriptedImporter : UnityEditor.QuickSearchModule:UnityEditor.Search:ASIAI0B)
Imported 'GUID: 2a4db7a114972834c8e4117be1d82ba3' -> (Import Result ID: '7e158b75d089f93c0b4f7c37241008d9') in 0.005 seconds [static and dynamic dependencies]. Details - ImportResultOutputID=e68453d7d97f4ef722088fcbc4149fd6 DependenciesID=6cdfe607ae64cf0f35bb5400851e3846 StaticDependenciesID=4af01e592351ec84ea12db4e950e0da3 
Number of updated asset objects reloaded before import = 0
Number of asset objects unloaded after import = 0
========================================================================
Received Import Request.
  Time of request: 2026-09-19T15:08:28.2692085Z
  Time since last request: 0.0008341 seconds.
  importAddress: GUID: c67ac6e40bbb6fe47a095b949b609ce0 - Path: Packages/com.unity.ugui/Runtime/UGUI/UI/Core/AnimationTriggers.cs - Importer: ScriptedImporter/UnityEditor.QuickSearchModule:UnityEditor.Search:ASIAI0B
Importing 'GUID: c67ac6e40bbb6fe47a095b949b609ce0 - Path: Packages/com.unity.ugui/Runtime/UGUI/UI/Core/AnimationTriggers.cs - Importer: ScriptedImporter/UnityEditor.QuickSearchModule:UnityEditor.Search:ASIAI0B' with importer (ScriptedImporter : UnityEditor.QuickSearchModule:UnityEditor.Search:ASIAI0B)
Imported 'GUID: c67ac6e40bbb6fe47a095b949b609ce0' -> (Import Result ID: '2483158e481e15ff84ba5d65082fa51c') in 0.003 seconds [static and dynamic dependencies]. Details - ImportResultOutputID=8fcea1cd4d4be93503c0be43f4301764 DependenciesID=c94012943db16e027e95b724b7a096a0 StaticDependenciesID=08269b180a11408c537853e83a3bea27 
Number of updated asset objects reloaded before import = 0
Number of asset objects unloaded after import = 0
========================================================================
Received Import Request.
  Time of request: 2026-09-19T15:08:28.3346086Z
  Time since last request: 0.0425799 seconds.
  importAddress: GUID: 9c21cfda3336137438c3001d40564be0 - Path: Packages/com.unity.ugui/Tests/Runtime/UGUI/Canvas/NoActiveCameraInSceneDoesNotCrashEditor.cs - Importer: ScriptedImporter/UnityEditor.QuickSearchModule:UnityEditor.Search:ASIAI0B
Importing 'GUID: 9c21cfda3336137438c3001d40564be0 - Path: Packages/com.unity.ugui/Tests/Runtime/UGUI/Canvas/NoActiveCameraInSceneDoesNotCrashEditor.cs - Importer: ScriptedImporter/UnityEditor.QuickSearchModule:UnityEditor.Search:ASIAI0B' with importer (ScriptedImporter : UnityEditor.QuickSearchModule:UnityEditor.Search:ASIAI0B)
Imported 'GUID: 9c21cfda3336137438c3001d40564be0' -> (Import Result ID: 'd12e6ac489d8b56d9aa42a99beba55a8') in 0.003 seconds [static and dynamic dependencies]. Details - ImportResultOutputID=439a8c0d2016a8e0638ba8a11e115444 DependenciesID=5396384b7f5c17b34450694ce6e8ee4b StaticDependenciesID=7ee23e144f062d30d2a1996f2706dbe0 
Number of updated asset objects reloaded before import = 0
Number of asset objects unloaded after import = 0
========================================================================
Received Import Request.
  Time of request: 2026-09-19T15:08:28.37192Z
  Time since last request: 0.0121213 seconds.
  importAddress: GUID: d4dbe29df1b294c4f8f0a2fb529d19fd - Path: Packages/com.unity.ugui/Tests/Runtime/UGUI/Canvas/CanvasResizeCorrectlyForRenderTexture.cs - Importer: ScriptedImporter/UnityEditor.QuickSearchModule:UnityEditor.Search:ASIAI0B
Importing 'GUID: d4dbe29df1b294c4f8f0a2fb529d19fd - Path: Packages/com.unity.ugui/Tests/Runtime/UGUI/Canvas/CanvasResizeCorrectlyForRenderTexture.cs - Importer: ScriptedImporter/UnityEditor.QuickSearchModule:UnityEditor.Search:ASIAI0B' with importer (ScriptedImporter : UnityEditor.QuickSearchModule:UnityEditor.Search:ASIAI0B)
Imported 'GUID: d4dbe29df1b294c4f8f0a2fb529d19fd' -> (Import Result ID: '07a4ecda5795d55188ac1d55f6315759') in 0.004 seconds [static and dynamic dependencies]. Details - ImportResultOutputID=a47083d6f5f5219a352ae7af24ed3c3d DependenciesID=82667c9616b5f13f7c90fc85d7ea4d29 StaticDependenciesID=35f5320595cec96b2df7a2c3c4c0c39a 
Number of updated asset objects reloaded before import = 0
Number of asset objects unloaded after import = 0
========================================================================
Received Import Request.
  Time of request: 2026-09-19T15:08:28.4158177Z
  Time since last request: 0.0006468 seconds.
  importAddress: GUID: a0bae4ff8f5baf64aad3b92b8aea0603 - Path: Packages/com.unity.ugui/Tests/Runtime/UGUI/Graphic/ImageTests.cs - Importer: ScriptedImporter/UnityEditor.QuickSearchModule:UnityEditor.Search:ASIAI0B
Importing 'GUID: a0bae4ff8f5baf64aad3b92b8aea0603 - Path: Packages/com.unity.ugui/Tests/Runtime/UGUI/Graphic/ImageTests.cs - Importer: ScriptedImporter/UnityEditor.QuickSearchModule:UnityEditor.Search:ASIAI0B' with importer (ScriptedImporter : UnityEditor.QuickSearchModule:UnityEditor.Search:ASIAI0B)
Imported 'GUID: a0bae4ff8f5baf64aad3b92b8aea0603' -> (Import Result ID: 'af6d390e791189ed58bffd07bb4d6889') in 0.003 seconds [static and dynamic dependencies]. Details - ImportResultOutputID=e70504919a15ef78615243211e718523 DependenciesID=7759abc378c2bb7d3e756910e208e81f StaticDependenciesID=41edfa923de270bdc1893604bd568875 
Number of updated asset objects reloaded before import = 0
Number of asset objects unloaded after import = 0
========================================================================
Received Import Request.
  Time of request: 2026-09-19T15:08:28.4393984Z
  Time since last request: 0.0006907 seconds.
  importAddress: GUID: 39dcddcb5895328489c92214aa73e3bb - Path: Packages/com.unity.ugui/Tests/Runtime/UGUI/EventSystem/SelectableTests.cs - Importer: ScriptedImporter/UnityEditor.QuickSearchModule:UnityEditor.Search:ASIAI0B
Importing 'GUID: 39dcddcb5895328489c92214aa73e3bb - Path: Packages/com.unity.ugui/Tests/Runtime/UGUI/EventSystem/SelectableTests.cs - Importer: ScriptedImporter/UnityEditor.QuickSearchModule:UnityEditor.Search:ASIAI0B' with importer (ScriptedImporter : UnityEditor.QuickSearchModule:UnityEditor.Search:ASIAI0B)
Imported 'GUID: 39dcddcb5895328489c92214aa73e3bb' -> (Import Result ID: '5b360aeae9851532a94ed2c90226076b') in 0.004 seconds [static and dynamic dependencies]. Details - ImportResultOutputID=41d79d53578ab425ac7ded514f61ff1f DependenciesID=d6b8159ad5937619f43ffb32835852ef StaticDependenciesID=1a15cbfe6b6424edd5acb293e0466cfd 
Number of updated asset objects reloaded before import = 0
Number of asset objects unloaded after import = 0
========================================================================
Received Import Request.
  Time of request: 2026-09-19T15:08:28.4590664Z
  Time since last request: 0.0006573 seconds.
  importAddress: GUID: c32df609537c54c46adf92992a673693 - Path: Packages/com.unity.ugui/Tests/Runtime/UGUI/Canvas/SiblingOrderChangesLayout.cs - Importer: ScriptedImporter/UnityEditor.QuickSearchModule:UnityEditor.Search:ASIAI0B
Importing 'GUID: c32df609537c54c46adf92992a673693 - Path: Packages/com.unity.ugui/Tests/Runtime/UGUI/Canvas/SiblingOrderChangesLayout.cs - Importer: ScriptedImporter/UnityEditor.QuickSearchModule:UnityEditor.Search:ASIAI0B' with importer (ScriptedImporter : UnityEditor.QuickSearchModule:UnityEditor.Search:ASIAI0B)
Imported 'GUID: c32df609537c54c46adf92992a673693' -> (Import Result ID: '91ed8fa1cd49bc3b6a53afa78d107abc') in 0.003 seconds [static and dynamic dependencies]. Details - ImportResultOutputID=1a44180817618c19611fefce940d3161 DependenciesID=d101ddb6a6ec49be0f15880ae3984a69 StaticDependenciesID=3149bccb19b6f774304a540aef044dc8 
Number of updated asset objects reloaded before import = 0
Number of asset objects unloaded after import = 0
========================================================================
Received Import Request.
  Time of request: 2026-09-19T15:08:28.4801286Z
  Time since last request: 0.0007498 seconds.
  importAddress: GUID: 6fb761a492f57d84586a8264df7b3cc0 - Path: Packages/com.unity.ugui/Tests/Runtime/UGUI/EventSystem/Physics2DRaycasterTests.cs - Importer: ScriptedImporter/UnityEditor.QuickSearchModule:UnityEditor.Search:ASIAI0B
Importing 'GUID: 6fb761a492f57d84586a8264df7b3cc0 - Path: Packages/com.unity.ugui/Tests/Runtime/UGUI/EventSystem/Physics2DRaycasterTests.cs - Importer: ScriptedImporter/UnityEditor.QuickSearchModule:UnityEditor.Search:ASIAI0B' with importer (ScriptedImporter : UnityEditor.QuickSearchModule:UnityEditor.Search:ASIAI0B)
Imported 'GUID: 6fb761a492f57d84586a8264df7b3cc0' -> (Import Result ID: 'c9aec3d164e791dbca7e79d71f355868') in 0.004 seconds [static and dynamic dependencies]. Details - ImportResultOutputID=7966f86866e0068f5d79ca6e6e272ee2 DependenciesID=57f37474bb7dfd49a642c9dcc8e16f64 StaticDependenciesID=bb7e8e0287f07fec5bab118db423bf16 
Number of updated asset objects reloaded before import = 0
Number of asset objects unloaded after import = 0
========================================================================
Received Import Request.
  Time of request: 2026-09-19T15:08:28.5150315Z
  Time since last request: 0.0012512 seconds.
  importAddress: GUID: 8573c56c34e616248a3881b2c56280ef - Path: Packages/com.unity.ugui/Tests/Runtime/UGUI/Canvas/CoroutineWorksIfUIObjectIsAttached.cs - Importer: ScriptedImporter/UnityEditor.QuickSearchModule:UnityEditor.Search:ASIAI0B
Importing 'GUID: 8573c56c34e616248a3881b2c56280ef - Path: Packages/com.unity.ugui/Tests/Runtime/UGUI/Canvas/CoroutineWorksIfUIObjectIsAttached.cs - Importer: ScriptedImporter/UnityEditor.QuickSearchModule:UnityEditor.Search:ASIAI0B' with importer (ScriptedImporter : UnityEditor.QuickSearchModule:UnityEditor.Search:ASIAI0B)
Imported 'GUID: 8573c56c34e616248a3881b2c56280ef' -> (Import Result ID: '153c44bbf30a05d3a1e701d001926f57') in 0.003 seconds [static and dynamic dependencies]. Details - ImportResultOutputID=1e8a17384fc82a0814592a1d8764fd92 DependenciesID=145f273402a2ce730984e66b74348bda StaticDependenciesID=6969158901cfa68abef28cd7ef04e859 
Number of updated asset objects reloaded before import = 0
Number of asset objects unloaded after import = 0
========================================================================
Received Import Request.
  Time of request: 2026-09-19T15:08:28.5430843Z
  Time since last request: 0.0005417 seconds.
  importAddress: GUID: 5c004b1354944164fb076276c289afc1 - Path: Packages/com.unity.ugui/Tests/Runtime/UGUI/Graphic/ToggleTestImageHook.cs - Importer: ScriptedImporter/UnityEditor.QuickSearchModule:UnityEditor.Search:ASIAI0B
Importing 'GUID: 5c004b1354944164fb076276c289afc1 - Path: Packages/com.unity.ugui/Tests/Runtime/UGUI/Graphic/ToggleTestImageHook.cs - Importer: ScriptedImporter/UnityEditor.QuickSearchModule:UnityEditor.Search:ASIAI0B' with importer (ScriptedImporter : UnityEditor.QuickSearchModule:UnityEditor.Search:ASIAI0B)
Imported 'GUID: 5c004b1354944164fb076276c289afc1' -> (Import Result ID: 'b8efa2cb5e0a5be6413d7c5c5f974740') in 0.003 seconds [static and dynamic dependencies]. Details - ImportResultOutputID=2eb19a6223c2ce3caf41eea5435b20ef DependenciesID=797d3df4c3ebd8b2563176064e5a70b3 StaticDependenciesID=59efb2e8cdde5e31b79f0ff590549e52 
Number of updated asset objects reloaded before import = 0
Number of asset objects unloaded after import = 0
========================================================================
Received Import Request.
  Time of request: 2026-09-19T15:08:28.5615158Z
  Time since last request: 0.0005283 seconds.
  importAddress: GUID: 8e3e781d26ad4aeca78526b3464f26d7 - Path: Packages/com.unity.ugui/Tests/Runtime/UGUI/RawImage/RawImageTests.cs - Importer: ScriptedImporter/UnityEditor.QuickSearchModule:UnityEditor.Search:ASIAI0B
Importing 'GUID: 8e3e781d26ad4aeca78526b3464f26d7 - Path: Packages/com.unity.ugui/Tests/Runtime/UGUI/RawImage/RawImageTests.cs - Importer: ScriptedImporter/UnityEditor.QuickSearchModule:UnityEditor.Search:ASIAI0B' with importer (ScriptedImporter : UnityEditor.QuickSearchModule:UnityEditor.Search:ASIAI0B)
Imported 'GUID: 8e3e781d26ad4aeca78526b3464f26d7' -> (Import Result ID: 'cf396c3d3e36fea6394e43fdf8976099') in 0.004 seconds [static and dynamic dependencies]. Details - ImportResultOutputID=89e5577b96218350318a9235a044d335 DependenciesID=ac663a4c779c167657dd1b598bdd4914 StaticDependenciesID=07bab0ecfa3c15838389b83bae1ea94b 
Number of updated asset objects reloaded before import = 0
Number of asset objects unloaded after import = 0
========================================================================
Received Import Request.
  Time of request: 2026-09-19T15:08:28.5860704Z
  Time since last request: 0.000692 seconds.
  importAddress: GUID: 358a618bc6bd9354d81cc206fd2ed80e - Path: Packages/com.unity.ugui/Tests/Runtime/UGUI/Dropdown/DropdownTests.cs - Importer: ScriptedImporter/UnityEditor.QuickSearchModule:UnityEditor.Search:ASIAI0B
Importing 'GUID: 358a618bc6bd9354d81cc206fd2ed80e - Path: Packages/com.unity.ugui/Tests/Runtime/UGUI/Dropdown/DropdownTests.cs - Importer: ScriptedImporter/UnityEditor.QuickSearchModule:UnityEditor.Search:ASIAI0B' with importer (ScriptedImporter : UnityEditor.QuickSearchModule:UnityEditor.Search:ASIAI0B)
Imported 'GUID: 358a618bc6bd9354d81cc206fd2ed80e' -> (Import Result ID: '948f50d18cd670bc3bf8726f04a9ce08') in 0.003 seconds [static and dynamic dependencies]. Details - ImportResultOutputID=91b42f706a8fe5de749ba0f81c88a859 DependenciesID=d1ccc067857c4038c1a471fc4f3cd560 StaticDependenciesID=ee42a5e0d843e1053b51f5dcf7eeb88c 
Number of updated asset objects reloaded before import = 0
Number of asset objects unloaded after import = 0
========================================================================
Received Import Request.
  Time of request: 2026-09-19T15:08:28.6052832Z
  Time since last request: 0.0005066 seconds.
  importAddress: GUID: be1b04bc4d8a415469493848e6501020 - Path: Packages/com.unity.ugui/Tests/Runtime/UGUI/Layout/AspectRatioFitterTests.cs - Importer: ScriptedImporter/UnityEditor.QuickSearchModule:UnityEditor.Search:ASIAI0B
Importing 'GUID: be1b04bc4d8a415469493848e6501020 - Path: Packages/com.unity.ugui/Tests/Runtime/UGUI/Layout/AspectRatioFitterTests.cs - Importer: ScriptedImporter/UnityEditor.QuickSearchModule:UnityEditor.Search:ASIAI0B' with importer (ScriptedImporter : UnityEditor.QuickSearchModule:UnityEditor.Search:ASIAI0B)
Imported 'GUID: be1b04bc4d8a415469493848e6501020' -> (Import Result ID: '808a00eb39204350c17f234c0e293580') in 0.004 seconds [static and dynamic dependencies]. Details - ImportResultOutputID=503e5c702d19c7a394d8bd287b7fdd74 DependenciesID=fe8601e9470ca0d5217d82f0c2bcd05c StaticDependenciesID=c1e09c544df771ebba8dd0c7023fdd0f 
Number of updated asset objects reloaded before import = 0
Number of asset objects unloaded after import = 0
========================================================================
Received Import Request.
  Time of request: 2026-09-19T15:08:28.6277484Z
  Time since last request: 0.0005593 seconds.
  importAddress: GUID: db339ef553721e94999125c0b9f909dc - Path: Packages/com.unity.ugui/Tests/Runtime/UGUI/Canvas/CreateSceneUtility.cs - Importer: ScriptedImporter/UnityEditor.QuickSearchModule:UnityEditor.Search:ASIAI0B
Importing 'GUID: db339ef553721e94999125c0b9f909dc - Path: Packages/com.unity.ugui/Tests/Runtime/UGUI/Canvas/CreateSceneUtility.cs - Importer: ScriptedImporter/UnityEditor.QuickSearchModule:UnityEditor.Search:ASIAI0B' with importer (ScriptedImporter : UnityEditor.QuickSearchModule:UnityEditor.Search:ASIAI0B)
Imported 'GUID: db339ef553721e94999125c0b9f909dc' -> (Import Result ID: 'd5e877b9c57a4296e056a58b50973f64') in 0.003 seconds [static and dynamic dependencies]. Details - ImportResultOutputID=fd532e2e9941c9144a9ac3a6baf0cb37 DependenciesID=7f3e5aff9b3332f774b4c657df088577 StaticDependenciesID=e5243632b08e4caf176a344d54d1d35d 
Number of updated asset objects reloaded before import = 0
Number of asset objects unloaded after import = 0
========================================================================
Received Import Request.
  Time of request: 2026-09-19T15:08:28.6474993Z
  Time since last request: 0.0005254 seconds.
  importAddress: GUID: 8a4b6301a5afaec4cb87d21383ceb0b3 - Path: Packages/com.unity.ugui/Tests/Runtime/UGUI/Layout/VerticalLayoutGroupTests.cs - Importer: ScriptedImporter/UnityEditor.QuickSearchModule:UnityEditor.Search:ASIAI0B
Importing 'GUID: 8a4b6301a5afaec4cb87d21383ceb0b3 - Path: Packages/com.unity.ugui/Tests/Runtime/UGUI/Layout/VerticalLayoutGroupTests.cs - Importer: ScriptedImporter/UnityEditor.QuickSearchModule:UnityEditor.Search:ASIAI0B' with importer (ScriptedImporter : UnityEditor.QuickSearchModule:UnityEditor.Search:ASIAI0B)
Imported 'GUID: 8a4b6301a5afaec4cb87d21383ceb0b3' -> (Import Result ID: 'c5ed24e0590facde3158a8deef79003b') in 0.003 seconds [static and dynamic dependencies]. Details - ImportResultOutputID=43b155130853ae237e8084610dc9f792 DependenciesID=f093cc1d3d46e744116709b3efbefc8f StaticDependenciesID=28418dd4c8bd69489add8b413b899095 
Number of updated asset objects reloaded before import = 0
Number of asset objects unloaded after import = 0
========================================================================
Received Import Request.
  Time of request: 2026-09-19T15:08:28.6672517Z
  Time since last request: 0.0005452 seconds.
  importAddress: GUID: a021b6d2ca2e9404b8a4d94343ecd068 - Path: Packages/com.unity.ugui/Tests/Runtime/UGUI/NestedLayout/SceneWithNestedLayoutElementsLoadScript.cs - Importer: ScriptedImporter/UnityEditor.QuickSearchModule:UnityEditor.Search:ASIAI0B
Importing 'GUID: a021b6d2ca2e9404b8a4d94343ecd068 - Path: Packages/com.unity.ugui/Tests/Runtime/UGUI/NestedLayout/SceneWithNestedLayoutElementsLoadScript.cs - Importer: ScriptedImporter/UnityEditor.QuickSearchModule:UnityEditor.Search:ASIAI0B' with importer (ScriptedImporter : UnityEditor.QuickSearchModule:UnityEditor.Search:ASIAI0B)
Imported 'GUID: a021b6d2ca2e9404b8a4d94343ecd068' -> (Import Result ID: '60f4e02e6d44794c04c289f64dd6b40f') in 0.003 seconds [static and dynamic dependencies]. Details - ImportResultOutputID=eb24fb52f15de8938a5ee84af57e43fc DependenciesID=cf7977dfbcfc47cc252c4a1b4843af26 StaticDependenciesID=4a87f7e72c01b5f66e3c3478d376e7de 
Number of updated asset objects reloaded before import = 0
Number of asset objects unloaded after import = 0
========================================================================
Received Import Request.
  Time of request: 2026-09-19T15:08:28.6863843Z
  Time since last request: 0.0004887 seconds.
  importAddress: GUID: e4e290d31ab7fb54880746bb8f818e0d - Path: Packages/com.unity.ugui/Tests/Runtime/UGUI/EventSystem/InputModuleTests.cs - Importer: ScriptedImporter/UnityEditor.QuickSearchModule:UnityEditor.Search:ASIAI0B
Importing 'GUID: e4e290d31ab7fb54880746bb8f818e0d - Path: Packages/com.unity.ugui/Tests/Runtime/UGUI/EventSystem/InputModuleTests.cs - Importer: ScriptedImporter/UnityEditor.QuickSearchModule:UnityEditor.Search:ASIAI0B' with importer (ScriptedImporter : UnityEditor.QuickSearchModule:UnityEditor.Search:ASIAI0B)
Imported 'GUID: e4e290d31ab7fb54880746bb8f818e0d' -> (Import Result ID: '06891037f930e750bd5b7468b11c3512') in 0.006 seconds [static and dynamic dependencies]. Details - ImportResultOutputID=5b1c0b6a11f2f302ab80e0604a50a42d DependenciesID=7bbffab87fb3bfcd3878e55716f7e3a7 StaticDependenciesID=660ded394c78935bb8de9449be004a36 
Number of updated asset objects reloaded before import = 0
Number of asset objects unloaded after import = 0
========================================================================
Received Import Request.
  Time of request: 2026-09-19T15:08:28.7104729Z
  Time since last request: 0.0004728 seconds.
  importAddress: GUID: 529fde071171dfd4e99d45ca81a3ac7b - Path: Packages/com.unity.ugui/Tests/Runtime/UGUI/MaskClipping/RectMask2DClipping.cs - Importer: ScriptedImporter/UnityEditor.QuickSearchModule:UnityEditor.Search:ASIAI0B
Importing 'GUID: 529fde071171dfd4e99d45ca81a3ac7b - Path: Packages/com.unity.ugui/Tests/Runtime/UGUI/MaskClipping/RectMask2DClipping.cs - Importer: ScriptedImporter/UnityEditor.QuickSearchModule:UnityEditor.Search:ASIAI0B' with importer (ScriptedImporter : UnityEditor.QuickSearchModule:UnityEditor.Search:ASIAI0B)
Imported 'GUID: 529fde071171dfd4e99d45ca81a3ac7b' -> (Import Result ID: '0a99dfc8b2f3deb045ff6fcbb17d1a9b') in 0.003 seconds [static and dynamic dependencies]. Details - ImportResultOutputID=a1b12e0f8fb75da399e3f26984f5df1d DependenciesID=44ae6395817234109a735a94d98be081 StaticDependenciesID=3150af801ffa0851a52e173f481c5879 
Number of updated asset objects reloaded before import = 0
Number of asset objects unloaded after import = 0
========================================================================
Received Import Request.
  Time of request: 2026-09-19T15:08:28.7309039Z
  Time since last request: 0.0004426 seconds.
  importAddress: GUID: e9a32780b69dcdb438da3e3f43202f54 - Path: Packages/com.unity.ugui/Tests/Runtime/UGUI/LayoutGroup/LayoutGroupArrangement.cs - Importer: ScriptedImporter/UnityEditor.QuickSearchModule:UnityEditor.Search:ASIAI0B
Importing 'GUID: e9a32780b69dcdb438da3e3f43202f54 - Path: Packages/com.unity.ugui/Tests/Runtime/UGUI/LayoutGroup/LayoutGroupArrangement.cs - Importer: ScriptedImporter/UnityEditor.QuickSearchModule:UnityEditor.Search:ASIAI0B' with importer (ScriptedImporter : UnityEditor.QuickSearchModule:UnityEditor.Search:ASIAI0B)
Imported 'GUID: e9a32780b69dcdb438da3e3f43202f54' -> (Import Result ID: 'c903ef729b80a61cba3a20753bf69e8c') in 0.003 seconds [static and dynamic dependencies]. Details - ImportResultOutputID=cf99a8c6d633c90d0db53d57bcf8da07 DependenciesID=803c05f697d084628e2b3107c63c8184 StaticDependenciesID=7eff0421d22569d0f5f433e0eff70201 
Number of updated asset objects reloaded before import = 0
Number of asset objects unloaded after import = 0
========================================================================
Received Import Request.
  Time of request: 2026-09-19T15:08:28.7508063Z
  Time since last request: 0.0006251 seconds.
  importAddress: GUID: 977190a4db46de442aed27279d247df4 - Path: Packages/com.unity.ugui/Tests/Editor/UGUI/UnityEvent/UnityEventInvoke.cs - Importer: ScriptedImporter/UnityEditor.QuickSearchModule:UnityEditor.Search:ASIAI0B
Importing 'GUID: 977190a4db46de442aed27279d247df4 - Path: Packages/com.unity.ugui/Tests/Editor/UGUI/UnityEvent/UnityEventInvoke.cs - Importer: ScriptedImporter/UnityEditor.QuickSearchModule:UnityEditor.Search:ASIAI0B' with importer (ScriptedImporter : UnityEditor.QuickSearchModule:UnityEditor.Search:ASIAI0B)
Imported 'GUID: 977190a4db46de442aed27279d247df4' -> (Import Result ID: '229afeb6c28d42beb7091dedf87407ca') in 0.003 seconds [static and dynamic dependencies]. Details - ImportResultOutputID=f221fa0bd0495d7c3272a852c799b93f DependenciesID=3d7d339d8d6dd14ab7374fadac294f61 StaticDependenciesID=ead0d84c5d8044b9018f49d222382dd3 
Number of updated asset objects reloaded before import = 0
Number of asset objects unloaded after import = 0
========================================================================
Received Import Request.
  Time of request: 2026-09-19T15:08:28.7706857Z
  Time since last request: 0.0004554 seconds.
  importAddress: GUID: ec35c13a8280a8d4e817bc4afd8a95de - Path: Packages/com.unity.ugui/Tests/Runtime/UGUI/Canvas/CanvasSizeCorrectInAwakeAndStart.cs - Importer: ScriptedImporter/UnityEditor.QuickSearchModule:UnityEditor.Search:ASIAI0B
Importing 'GUID: ec35c13a8280a8d4e817bc4afd8a95de - Path: Packages/com.unity.ugui/Tests/Runtime/UGUI/Canvas/CanvasSizeCorrectInAwakeAndStart.cs - Importer: ScriptedImporter/UnityEditor.QuickSearchModule:UnityEditor.Search:ASIAI0B' with importer (ScriptedImporter : UnityEditor.QuickSearchModule:UnityEditor.Search:ASIAI0B)
Imported 'GUID: ec35c13a8280a8d4e817bc4afd8a95de' -> (Import Result ID: '230dc0b80c73176a033d4b0eba98ea61') in 0.003 seconds [static and dynamic dependencies]. Details - ImportResultOutputID=b0f63a09d89d3af0d2a02184d25b0c6e DependenciesID=f391b18f4a6c0c020c8803d0f67b1d97 StaticDependenciesID=e4f2b880c62cea3a055a9c80eea71024 
Number of updated asset objects reloaded before import = 0
Number of asset objects unloaded after import = 0
========================================================================
Received Import Request.
  Time of request: 2026-09-19T15:08:28.7882357Z
  Time since last request: 0.0005743 seconds.
  importAddress: GUID: 0ca2545d76d1fb34fa45a9f1e432d259 - Path: Packages/com.unity.ugui/Tests/Runtime/UGUI/EventSystem/RaycastSortingTests.cs - Importer: ScriptedImporter/UnityEditor.QuickSearchModule:UnityEditor.Search:ASIAI0B
Importing 'GUID: 0ca2545d76d1fb34fa45a9f1e432d259 - Path: Packages/com.unity.ugui/Tests/Runtime/UGUI/EventSystem/RaycastSortingTests.cs - Importer: ScriptedImporter/UnityEditor.QuickSearchModule:UnityEditor.Search:ASIAI0B' with importer (ScriptedImporter : UnityEditor.QuickSearchModule:UnityEditor.Search:ASIAI0B)
Imported 'GUID: 0ca2545d76d1fb34fa45a9f1e432d259' -> (Import Result ID: '01e590fe39ebca6a1a0ca461f06f5122') in 0.003 seconds [static and dynamic dependencies]. Details - ImportResultOutputID=e900b6f0b8b57d27caa65f9a4ab47e6d DependenciesID=13288632f22fb29ee06d7a034ee65fa9 StaticDependenciesID=8e8aa34a56a37bd941089d9c1f3e0c89 
Number of updated asset objects reloaded before import = 0
Number of asset objects unloaded after import = 0
========================================================================
Received Import Request.
  Time of request: 2026-09-19T15:08:28.8065289Z
  Time since last request: 0.0004181 seconds.
  importAddress: GUID: 32a4a0ea998dd6149937d2774781c436 - Path: Packages/com.unity.ugui/Tests/Runtime/UGUI/ScrollBar/ScrollBarClamp.cs - Importer: ScriptedImporter/UnityEditor.QuickSearchModule:UnityEditor.Search:ASIAI0B
Importing 'GUID: 32a4a0ea998dd6149937d2774781c436 - Path: Packages/com.unity.ugui/Tests/Runtime/UGUI/ScrollBar/ScrollBarClamp.cs - Importer: ScriptedImporter/UnityEditor.QuickSearchModule:UnityEditor.Search:ASIAI0B' with importer (ScriptedImporter : UnityEditor.QuickSearchModule:UnityEditor.Search:ASIAI0B)
Imported 'GUID: 32a4a0ea998dd6149937d2774781c436' -> (Import Result ID: '00c6eb65fab556966e6d961387311e3a') in 0.004 seconds [static and dynamic dependencies]. Details - ImportResultOutputID=184aadc31ed35511d490e2e17dc5e413 DependenciesID=3ed8d52cf7decbf07dad5026ffc61fe0 StaticDependenciesID=8a36080df37a5391c60bd975a0da6560 
Number of updated asset objects reloaded before import = 0
Number of asset objects unloaded after import = 0
========================================================================
Received Import Request.
  Time of request: 2026-09-19T15:08:28.8266785Z
  Time since last request: 0.0006486 seconds.
  importAddress: GUID: 01df650e1b86e9f4a8e2b5dc9782506f - Path: Packages/com.unity.ugui/Tests/Runtime/UGUI/NestedLayout/SceneWithNestedLayoutElementsLoads.cs - Importer: ScriptedImporter/UnityEditor.QuickSearchModule:UnityEditor.Search:ASIAI0B
Importing 'GUID: 01df650e1b86e9f4a8e2b5dc9782506f - Path: Packages/com.unity.ugui/Tests/Runtime/UGUI/NestedLayout/SceneWithNestedLayoutElementsLoads.cs - Importer: ScriptedImporter/UnityEditor.QuickSearchModule:UnityEditor.Search:ASIAI0B' with importer (ScriptedImporter : UnityEditor.QuickSearchModule:UnityEditor.Search:ASIAI0B)
Imported 'GUID: 01df650e1b86e9f4a8e2b5dc9782506f' -> (Import Result ID: 'c71ca055c97b895f15c9ff50121eb2f9') in 0.002 seconds [static and dynamic dependencies]. Details - ImportResultOutputID=d7bf456847cd7dc6071ecd21a19ec721 DependenciesID=8394f46d7ce9a0d3c0c740359f507307 StaticDependenciesID=c7354c99a9f148a2de118a38365df9bd 
Number of updated asset objects reloaded before import = 0
Number of asset objects unloaded after import = 0
========================================================================
Received Import Request.
  Time of request: 2026-09-19T15:08:28.8556598Z
  Time since last request: 0.0098838 seconds.
  importAddress: GUID: fee59c2b2318a7e4fa7a2c2af28d9553 - Path: Packages/com.unity.collections/pvpExceptions.json - Importer: ScriptedImporter/UnityEditor.QuickSearchModule:UnityEditor.Search:ASIAI0B
Importing 'GUID: fee59c2b2318a7e4fa7a2c2af28d9553 - Path: Packages/com.unity.collections/pvpExceptions.json - Importer: ScriptedImporter/UnityEditor.QuickSearchModule:UnityEditor.Search:ASIAI0B' with importer (ScriptedImporter : UnityEditor.QuickSearchModule:UnityEditor.Search:ASIAI0B)
Imported 'GUID: fee59c2b2318a7e4fa7a2c2af28d9553' -> (Import Result ID: 'ef7d1cc63926f48a92d2418aaf332aff') in 0.004 seconds [static and dynamic dependencies]. Details - ImportResultOutputID=098f7774a244814eb32cb183598152bd DependenciesID=9019f5eb81df48135cf14960c43a3d88 StaticDependenciesID=38f7f1b5d040efbfd6309b70db15a5a7 
Number of updated asset objects reloaded before import = 0
Number of asset objects unloaded after import = 1
========================================================================
Received Import Request.
  Time of request: 2026-09-19T15:08:28.8777826Z
  Time since last request: 0.0006261 seconds.
  importAddress: GUID: e19747de3f5aca642ab2be37e372fb86 - Path: Packages/com.unity.ugui/Runtime/UGUI/UI/Core/VertexModifiers/Outline.cs - Importer: ScriptedImporter/UnityEditor.QuickSearchModule:UnityEditor.Search:ASIAI0B
Importing 'GUID: e19747de3f5aca642ab2be37e372fb86 - Path: Packages/com.unity.ugui/Runtime/UGUI/UI/Core/VertexModifiers/Outline.cs - Importer: ScriptedImporter/UnityEditor.QuickSearchModule:UnityEditor.Search:ASIAI0B' with importer (ScriptedImporter : UnityEditor.QuickSearchModule:UnityEditor.Search:ASIAI0B)
Imported 'GUID: e19747de3f5aca642ab2be37e372fb86' -> (Import Result ID: '3b50feeb7cc2565d09d2fa5a50e214ee') in 0.004 seconds [static and dynamic dependencies]. Details - ImportResultOutputID=65c86aa8edcb8ad95876c2ab207c3022 DependenciesID=a9c1a38ceb4bedb6f2e9e1e631e30139 StaticDependenciesID=0be50bab1de7566ddfac762ee58db235 
Number of updated asset objects reloaded before import = 0
Number of asset objects unloaded after import = 0
========================================================================
Received Import Request.
  Time of request: 2026-09-19T15:08:28.8992565Z
  Time since last request: 0.0005695 seconds.
  importAddress: GUID: 59f8146938fff824cb5fd77236b75775 - Path: Packages/com.unity.ugui/Runtime/UGUI/UI/Core/Layout/VerticalLayoutGroup.cs - Importer: ScriptedImporter/UnityEditor.QuickSearchModule:UnityEditor.Search:ASIAI0B
Importing 'GUID: 59f8146938fff824cb5fd77236b75775 - Path: Packages/com.unity.ugui/Runtime/UGUI/UI/Core/Layout/VerticalLayoutGroup.cs - Importer: ScriptedImporter/UnityEditor.QuickSearchModule:UnityEditor.Search:ASIAI0B' with importer (ScriptedImporter : UnityEditor.QuickSearchModule:UnityEditor.Search:ASIAI0B)
Imported 'GUID: 59f8146938fff824cb5fd77236b75775' -> (Import Result ID: '73251bd73fff2e5d3f314ce03d3dd2b4') in 0.003 seconds [static and dynamic dependencies]. Details - ImportResultOutputID=c8087606811868815f70967b565c99aa DependenciesID=8e54af0637934070859d4003268a4401 StaticDependenciesID=ef27d337affb04e434a0b046d0771fe0 
Number of updated asset objects reloaded before import = 0
Number of asset objects unloaded after import = 0
========================================================================
Received Import Request.
  Time of request: 2026-09-19T15:08:28.9201064Z
  Time since last request: 0.0005635 seconds.
  importAddress: GUID: e0e4f43a3816add4c86c9671d7961f2f - Path: Packages/com.unity.ugui/Tests/Runtime/UGUI/Toggle/TestableToggleGroup.cs - Importer: ScriptedImporter/UnityEditor.QuickSearchModule:UnityEditor.Search:ASIAI0B
Importing 'GUID: e0e4f43a3816add4c86c9671d7961f2f - Path: Packages/com.unity.ugui/Tests/Runtime/UGUI/Toggle/TestableToggleGroup.cs - Importer: ScriptedImporter/UnityEditor.QuickSearchModule:UnityEditor.Search:ASIAI0B' with importer (ScriptedImporter : UnityEditor.QuickSearchModule:UnityEditor.Search:ASIAI0B)
Imported 'GUID: e0e4f43a3816add4c86c9671d7961f2f' -> (Import Result ID: '41b4c80f461de18272435d45425da55a') in 0.002 seconds [static and dynamic dependencies]. Details - ImportResultOutputID=d8e1326c2d74b8c8b79d511d9d3b2450 DependenciesID=18f5f255db19db4301ae0be4c6825b14 StaticDependenciesID=20a671d9f6aec9efae25ca974d8439a5 
Number of updated asset objects reloaded before import = 0
Number of asset objects unloaded after import = 0
========================================================================
Received Import Request.
  Time of request: 2026-09-19T15:08:28.939735Z
  Time since last request: 0.0010527 seconds.
  importAddress: GUID: d1fecb7e41996c7468b18df518b721d9 - Path: Packages/com.unity.collections/DocCodeSamples.Tests/DocCodeSamples.Tests.asmdef - Importer: ScriptedImporter/UnityEditor.QuickSearchModule:UnityEditor.Search:ASIAI0B
Importing 'GUID: d1fecb7e41996c7468b18df518b721d9 - Path: Packages/com.unity.collections/DocCodeSamples.Tests/DocCodeSamples.Tests.asmdef - Importer: ScriptedImporter/UnityEditor.QuickSearchModule:UnityEditor.Search:ASIAI0B' with importer (ScriptedImporter : UnityEditor.QuickSearchModule:UnityEditor.Search:ASIAI0B)
Imported 'GUID: d1fecb7e41996c7468b18df518b721d9' -> (Import Result ID: '10f43fecd9ea737169a0cccb337e8840') in 0.004 seconds [static and dynamic dependencies]. Details - ImportResultOutputID=68b8b295fb3bbb01706519de31a71788 DependenciesID=35d9cc1fdb47657398d72b9e1199ac5c StaticDependenciesID=12f1840bdc1065d642d42d94105cdf06 
Number of updated asset objects reloaded before import = 0
Number of asset objects unloaded after import = 1
========================================================================
Received Import Request.
  Time of request: 2026-09-19T15:08:28.9599618Z
  Time since last request: 0.0007729 seconds.
  importAddress: GUID: fcae021c30eccf74790a4e816ba97c19 - Path: Packages/com.unity.ugui/Runtime/UGUI/UI/Core/Utility/ReflectionMethodsCache.cs - Importer: ScriptedImporter/UnityEditor.QuickSearchModule:UnityEditor.Search:ASIAI0B
Importing 'GUID: fcae021c30eccf74790a4e816ba97c19 - Path: Packages/com.unity.ugui/Runtime/UGUI/UI/Core/Utility/ReflectionMethodsCache.cs - Importer: ScriptedImporter/UnityEditor.QuickSearchModule:UnityEditor.Search:ASIAI0B' with importer (ScriptedImporter : UnityEditor.QuickSearchModule:UnityEditor.Search:ASIAI0B)
Imported 'GUID: fcae021c30eccf74790a4e816ba97c19' -> (Import Result ID: '41e3672623dddfde70e3767cd540986a') in 0.004 seconds [static and dynamic dependencies]. Details - ImportResultOutputID=931aeeaee50c9cedbd0346eb82ae7053 DependenciesID=5ad1f6c264a11adde91fc4ba9582d69e StaticDependenciesID=53b7dd2113b78acc7b0e2f4e9fba44ae 
Number of updated asset objects reloaded before import = 0
Number of asset objects unloaded after import = 0
========================================================================
Received Import Request.
  Time of request: 2026-09-19T15:08:28.9777795Z
  Time since last request: 0.0005623 seconds.
  importAddress: GUID: 138dbec4f8742654fbceb0a19d68b9c5 - Path: Packages/com.unity.ugui/Tests/Runtime/UGUI/EventSystem/InputModuleTests/FakeBaseInput.cs - Importer: ScriptedImporter/UnityEditor.QuickSearchModule:UnityEditor.Search:ASIAI0B
Importing 'GUID: 138dbec4f8742654fbceb0a19d68b9c5 - Path: Packages/com.unity.ugui/Tests/Runtime/UGUI/EventSystem/InputModuleTests/FakeBaseInput.cs - Importer: ScriptedImporter/UnityEditor.QuickSearchModule:UnityEditor.Search:ASIAI0B' with importer (ScriptedImporter : UnityEditor.QuickSearchModule:UnityEditor.Search:ASIAI0B)
Imported 'GUID: 138dbec4f8742654fbceb0a19d68b9c5' -> (Import Result ID: '24194998bb0da15116237cd353081980') in 0.003 seconds [static and dynamic dependencies]. Details - ImportResultOutputID=3be7afe6ae438c391c1a2d604e9fcb49 DependenciesID=a5523e9badf7e0197c4a8edea205e8e6 StaticDependenciesID=32d3fdd79792f187ff7a9aab0b55036c 
Number of updated asset objects reloaded before import = 0
Number of asset objects unloaded after import = 0
========================================================================
Received Import Request.
  Time of request: 2026-09-19T15:08:28.9946517Z
  Time since last request: 0.0005771 seconds.
  importAddress: GUID: 30649d3a9faa99c48a7b1166b86bf2a0 - Path: Packages/com.unity.ugui/Runtime/UGUI/UI/Core/Layout/HorizontalLayoutGroup.cs - Importer: ScriptedImporter/UnityEditor.QuickSearchModule:UnityEditor.Search:ASIAI0B
Importing 'GUID: 30649d3a9faa99c48a7b1166b86bf2a0 - Path: Packages/com.unity.ugui/Runtime/UGUI/UI/Core/Layout/HorizontalLayoutGroup.cs - Importer: ScriptedImporter/UnityEditor.QuickSearchModule:UnityEditor.Search:ASIAI0B' with importer (ScriptedImporter : UnityEditor.QuickSearchModule:UnityEditor.Search:ASIAI0B)
Imported 'GUID: 30649d3a9faa99c48a7b1166b86bf2a0' -> (Import Result ID: 'bf5a9e17a03932012d8f4274c5e58bd6') in 0.003 seconds [static and dynamic dependencies]. Details - ImportResultOutputID=2157a6fb1d6fcddc1640ab9b359e29ef DependenciesID=115322285fa3bbc9b36e7b66e364e2ae StaticDependenciesID=8fa363bddf48321e7a62782214d1e645 
Number of updated asset objects reloaded before import = 0
Number of asset objects unloaded after import = 0
========================================================================
Received Import Request.
  Time of request: 2026-09-19T15:08:29.0159089Z
  Time since last request: 0.0005474 seconds.
  importAddress: GUID: d9848a39deeb4ff9aa9e4cec03215a4b - Path: Packages/com.unity.collections/DocCodeSamples.Tests/CollectionsExamples.cs - Importer: ScriptedImporter/UnityEditor.QuickSearchModule:UnityEditor.Search:ASIAI0B
Importing 'GUID: d9848a39deeb4ff9aa9e4cec03215a4b - Path: Packages/com.unity.collections/DocCodeSamples.Tests/CollectionsExamples.cs - Importer: ScriptedImporter/UnityEditor.QuickSearchModule:UnityEditor.Search:ASIAI0B' with importer (ScriptedImporter : UnityEditor.QuickSearchModule:UnityEditor.Search:ASIAI0B)
Imported 'GUID: d9848a39deeb4ff9aa9e4cec03215a4b' -> (Import Result ID: '924a00e8bb3869bf1d995069cdd45973') in 0.003 seconds [static and dynamic dependencies]. Details - ImportResultOutputID=b48fab12bb3cd16f73794af4d3e6b86a DependenciesID=b8257a3dae21bdaf75bf8937fae7ed6b StaticDependenciesID=21779963c6cdcb86470a1ab889994a52 
Number of updated asset objects reloaded before import = 0
Number of asset objects unloaded after import = 0
========================================================================
Received Import Request.
  Time of request: 2026-09-19T15:08:29.034803Z
  Time since last request: 0.0009506 seconds.
  importAddress: GUID: fc34cd6ea308f3940a729e1a44cd0e82 - Path: Packages/com.unity.ugui/Tests/Runtime/UGUI/Slider/SliderTests.cs - Importer: ScriptedImporter/UnityEditor.QuickSearchModule:UnityEditor.Search:ASIAI0B
Importing 'GUID: fc34cd6ea308f3940a729e1a44cd0e82 - Path: Packages/com.unity.ugui/Tests/Runtime/UGUI/Slider/SliderTests.cs - Importer: ScriptedImporter/UnityEditor.QuickSearchModule:UnityEditor.Search:ASIAI0B' with importer (ScriptedImporter : UnityEditor.QuickSearchModule:UnityEditor.Search:ASIAI0B)
Imported 'GUID: fc34cd6ea308f3940a729e1a44cd0e82' -> (Import Result ID: '6bc5c50135f42cf34f19f14a4b5f3255') in 0.004 seconds [static and dynamic dependencies]. Details - ImportResultOutputID=5ce6e9e2b5cf6b0ddd1bf39cc6a8e737 DependenciesID=8159140cf53308b1c06530263129b8a9 StaticDependenciesID=039c1906322566d6cdd435616cdf32a5 
Number of updated asset objects reloaded before import = 0
Number of asset objects unloaded after import = 0
========================================================================
Received Import Request.
  Time of request: 2026-09-19T15:08:29.0553387Z
  Time since last request: 0.0008929 seconds.
  importAddress: GUID: 568f02fe7676e4d659782d6038df91de - Path: Packages/com.unity.collections/LICENSE.md - Importer: ScriptedImporter/UnityEditor.QuickSearchModule:UnityEditor.Search:ASIAI0B
Importing 'GUID: 568f02fe7676e4d659782d6038df91de - Path: Packages/com.unity.collections/LICENSE.md - Importer: ScriptedImporter/UnityEditor.QuickSearchModule:UnityEditor.Search:ASIAI0B' with importer (ScriptedImporter : UnityEditor.QuickSearchModule:UnityEditor.Search:ASIAI0B)
Imported 'GUID: 568f02fe7676e4d659782d6038df91de' -> (Import Result ID: 'e76e66189daedbda88e52beef520376a') in 0.003 seconds [static and dynamic dependencies]. Details - ImportResultOutputID=722abd05e1ea71c66dfa1b7b12856d79 DependenciesID=4945024205ce4233160899b1f5f80a45 StaticDependenciesID=b3f2b0af16376ac14d88ea90e8b30d38 
Number of updated asset objects reloaded before import = 0
Number of asset objects unloaded after import = 1
========================================================================
Received Import Request.
  Time of request: 2026-09-19T15:08:29.0754644Z
  Time since last request: 0.0005872 seconds.
  importAddress: GUID: 5da88f348abcbd94585671a69c672781 - Path: Packages/com.unity.ugui/Tests/Runtime/UGUI/Util/ImageHook.cs - Importer: ScriptedImporter/UnityEditor.QuickSearchModule:UnityEditor.Search:ASIAI0B
Importing 'GUID: 5da88f348abcbd94585671a69c672781 - Path: Packages/com.unity.ugui/Tests/Runtime/UGUI/Util/ImageHook.cs - Importer: ScriptedImporter/UnityEditor.QuickSearchModule:UnityEditor.Search:ASIAI0B' with importer (ScriptedImporter : UnityEditor.QuickSearchModule:UnityEditor.Search:ASIAI0B)
Imported 'GUID: 5da88f348abcbd94585671a69c672781' -> (Import Result ID: '9993a0393d8edb1011ce7eee9b5a9b6c') in 0.004 seconds [static and dynamic dependencies]. Details - ImportResultOutputID=7765da6720c7f760371890fe15f1fbaf DependenciesID=1799c6e2c40d4d3e14463c9da3d2f45d StaticDependenciesID=aca7f15b7c58a285872f305730d73fdb 
Number of updated asset objects reloaded before import = 0
Number of asset objects unloaded after import = 0
========================================================================
Received Import Request.
  Time of request: 2026-09-19T15:08:29.1002882Z
  Time since last request: 0.0006651 seconds.
  importAddress: GUID: c606041f02fc7d542b1429806872292b - Path: Packages/com.unity.ugui/Runtime/UGUI/UI/Core/Culling/RectangularVertexClipper.cs - Importer: ScriptedImporter/UnityEditor.QuickSearchModule:UnityEditor.Search:ASIAI0B
Importing 'GUID: c606041f02fc7d542b1429806872292b - Path: Packages/com.unity.ugui/Runtime/UGUI/UI/Core/Culling/RectangularVertexClipper.cs - Importer: ScriptedImporter/UnityEditor.QuickSearchModule:UnityEditor.Search:ASIAI0B' with importer (ScriptedImporter : UnityEditor.QuickSearchModule:UnityEditor.Search:ASIAI0B)
Imported 'GUID: c606041f02fc7d542b1429806872292b' -> (Import Result ID: '17daa9ea2847c2fc3204cf2dd80dc6ea') in 0.003 seconds [static and dynamic dependencies]. Details - ImportResultOutputID=b97cd069c0297386719585d939272481 DependenciesID=834408dc9bb75afb229374bd03789518 StaticDependenciesID=0b0ec4cd06915e8d4d81552dea19e2f5 
Number of updated asset objects reloaded before import = 0
Number of asset objects unloaded after import = 0
========================================================================
Received Import Request.
  Time of request: 2026-09-19T15:08:29.1186465Z
  Time since last request: 0.0005249 seconds.
  importAddress: GUID: 80beef77cb19e713c7c2d481b65ed485 - Path: Packages/com.unity.modules.screencapture/package.json - Importer: ScriptedImporter/UnityEditor.QuickSearchModule:UnityEditor.Search:ASIAI0B
Importing 'GUID: 80beef77cb19e713c7c2d481b65ed485 - Path: Packages/com.unity.modules.screencapture/package.json - Importer: ScriptedImporter/UnityEditor.QuickSearchModule:UnityEditor.Search:ASIAI0B' with importer (ScriptedImporter : UnityEditor.QuickSearchModule:UnityEditor.Search:ASIAI0B)
Imported 'GUID: 80beef77cb19e713c7c2d481b65ed485' -> (Import Result ID: '551d02cab22b40881260b44aacac3e44') in 0.003 seconds [static and dynamic dependencies]. Details - ImportResultOutputID=b6ae3e12cd6c4b717801f5644a79cef7 DependenciesID=af0b645334d1fc28ca331e19b997845d StaticDependenciesID=5997b0d3f5aa263c545963f4cac57327 
Number of updated asset objects reloaded before import = 0
Number of asset objects unloaded after import = 1
========================================================================
Received Import Request.
  Time of request: 2026-09-19T15:08:29.1358859Z
  Time since last request: 0.0006341 seconds.
  importAddress: GUID: a8604e8f13b3be84b8bc0c1507d8f3f6 - Path: Packages/com.unity.ugui/Runtime/UGUI/UI/Core/SpecializedCollections/IndexedSet.cs - Importer: ScriptedImporter/UnityEditor.QuickSearchModule:UnityEditor.Search:ASIAI0B
Importing 'GUID: a8604e8f13b3be84b8bc0c1507d8f3f6 - Path: Packages/com.unity.ugui/Runtime/UGUI/UI/Core/SpecializedCollections/IndexedSet.cs - Importer: ScriptedImporter/UnityEditor.QuickSearchModule:UnityEditor.Search:ASIAI0B' with importer (ScriptedImporter : UnityEditor.QuickSearchModule:UnityEditor.Search:ASIAI0B)
Imported 'GUID: a8604e8f13b3be84b8bc0c1507d8f3f6' -> (Import Result ID: 'c50432b816218325f1be1e6746014d6a') in 0.003 seconds [static and dynamic dependencies]. Details - ImportResultOutputID=f9cadbf386e06aacac33064a9f247af8 DependenciesID=d36b496c3844990d2cb7a205fa4b398a StaticDependenciesID=806a581e77ae051c55afd71469bfa05b 
Number of updated asset objects reloaded before import = 0
Number of asset objects unloaded after import = 0
========================================================================
Received Import Request.
  Time of request: 2026-09-19T15:08:29.1547505Z
  Time since last request: 0.0005106 seconds.
  importAddress: GUID: 85f3c3a3c2623cd4da1661b0479e2ef2 - Path: Packages/com.unity.ugui/Runtime/UGUI/UI/Core/VertexModifiers/IMeshModifier.cs - Importer: ScriptedImporter/UnityEditor.QuickSearchModule:UnityEditor.Search:ASIAI0B
Importing 'GUID: 85f3c3a3c2623cd4da1661b0479e2ef2 - Path: Packages/com.unity.ugui/Runtime/UGUI/UI/Core/VertexModifiers/IMeshModifier.cs - Importer: ScriptedImporter/UnityEditor.QuickSearchModule:UnityEditor.Search:ASIAI0B' with importer (ScriptedImporter : UnityEditor.QuickSearchModule:UnityEditor.Search:ASIAI0B)
Imported 'GUID: 85f3c3a3c2623cd4da1661b0479e2ef2' -> (Import Result ID: '193c100b279241856589e83c70e368ef') in 0.003 seconds [static and dynamic dependencies]. Details - ImportResultOutputID=5ae67b5a71123c8fcb8ffc09a7593c4f DependenciesID=7a976b43870f466db910702c4e69608b StaticDependenciesID=ff9a2ecf5b0c27ed77b8ffc55232427d 
Number of updated asset objects reloaded before import = 0
Number of asset objects unloaded after import = 0
========================================================================
Received Import Request.
  Time of request: 2026-09-19T15:08:29.1737639Z
  Time since last request: 0.0005316 seconds.
  importAddress: GUID: ea944378afa086f438b3352ad7b0e835 - Path: Packages/com.unity.ugui/Tests/Runtime/UGUI/Util/PrivateFieldSetter.cs - Importer: ScriptedImporter/UnityEditor.QuickSearchModule:UnityEditor.Search:ASIAI0B
Importing 'GUID: ea944378afa086f438b3352ad7b0e835 - Path: Packages/com.unity.ugui/Tests/Runtime/UGUI/Util/PrivateFieldSetter.cs - Importer: ScriptedImporter/UnityEditor.QuickSearchModule:UnityEditor.Search:ASIAI0B' with importer (ScriptedImporter : UnityEditor.QuickSearchModule:UnityEditor.Search:ASIAI0B)
Imported 'GUID: ea944378afa086f438b3352ad7b0e835' -> (Import Result ID: '4589239309dad62164ac80d7e98929a5') in 0.003 seconds [static and dynamic dependencies]. Details - ImportResultOutputID=d0a600f9a44055258000fd2270dc1791 DependenciesID=551befc9b3ce362dfcd9421b03aecf94 StaticDependenciesID=4928397166d92fc91887970da64f29e2 
Number of updated asset objects reloaded before import = 0
Number of asset objects unloaded after import = 0
========================================================================
Received Import Request.
  Time of request: 2026-09-19T15:08:29.1931719Z
  Time since last request: 0.0005303 seconds.
  importAddress: GUID: 9f1026265f8e3d54fb6e9f082c43debf - Path: Packages/com.unity.ugui/Runtime/UGUI/UI/Core/Culling/ClipperRegistry.cs - Importer: ScriptedImporter/UnityEditor.QuickSearchModule:UnityEditor.Search:ASIAI0B
Importing 'GUID: 9f1026265f8e3d54fb6e9f082c43debf - Path: Packages/com.unity.ugui/Runtime/UGUI/UI/Core/Culling/ClipperRegistry.cs - Importer: ScriptedImporter/UnityEditor.QuickSearchModule:UnityEditor.Search:ASIAI0B' with importer (ScriptedImporter : UnityEditor.QuickSearchModule:UnityEditor.Search:ASIAI0B)
Imported 'GUID: 9f1026265f8e3d54fb6e9f082c43debf' -> (Import Result ID: 'dd84189e5c5baff8a383e7c7f66941f8') in 0.003 seconds [static and dynamic dependencies]. Details - ImportResultOutputID=df4b7351d97b83b30a4257778b3ab771 DependenciesID=1d12852143c60771a55cf7abc2285e5a StaticDependenciesID=c2d23ebadf6c26da619ec6e1253185ec 
Number of updated asset objects reloaded before import = 0
Number of asset objects unloaded after import = 0
========================================================================
Received Import Request.
  Time of request: 2026-09-19T15:08:29.2114049Z
  Time since last request: 0.0005147 seconds.
  importAddress: GUID: 6fe576033d6a2424c888d599967457a2 - Path: Packages/com.unity.collections/ValidationExceptions.json - Importer: ScriptedImporter/UnityEditor.QuickSearchModule:UnityEditor.Search:ASIAI0B
Importing 'GUID: 6fe576033d6a2424c888d599967457a2 - Path: Packages/com.unity.collections/ValidationExceptions.json - Importer: ScriptedImporter/UnityEditor.QuickSearchModule:UnityEditor.Search:ASIAI0B' with importer (ScriptedImporter : UnityEditor.QuickSearchModule:UnityEditor.Search:ASIAI0B)
Imported 'GUID: 6fe576033d6a2424c888d599967457a2' -> (Import Result ID: '949012a3e4ad1c0b39c019d739086874') in 0.003 seconds [static and dynamic dependencies]. Details - ImportResultOutputID=c1a2e164b5e90f414a753af22e866888 DependenciesID=a6f15dc00f7634e1672c45a66e105efd StaticDependenciesID=0d1d78c45a869c08591749a9ca07a653 
Number of updated asset objects reloaded before import = 0
Number of asset objects unloaded after import = 1
========================================================================
Received Import Request.
  Time of request: 2026-09-19T15:08:29.2269365Z
  Time since last request: 0.0004664 seconds.
  importAddress: GUID: 82bf3f737dec0be43a60891958a8da87 - Path: Packages/com.unity.ugui/Runtime/UGUI/UI/Core/Layout/LayoutUtility.cs - Importer: ScriptedImporter/UnityEditor.QuickSearchModule:UnityEditor.Search:ASIAI0B
Importing 'GUID: 82bf3f737dec0be43a60891958a8da87 - Path: Packages/com.unity.ugui/Runtime/UGUI/UI/Core/Layout/LayoutUtility.cs - Importer: ScriptedImporter/UnityEditor.QuickSearchModule:UnityEditor.Search:ASIAI0B' with importer (ScriptedImporter : UnityEditor.QuickSearchModule:UnityEditor.Search:ASIAI0B)
Imported 'GUID: 82bf3f737dec0be43a60891958a8da87' -> (Import Result ID: '299965416102fff335a5e7a311bbba2a') in 0.003 seconds [static and dynamic dependencies]. Details - ImportResultOutputID=b45b62ef3a912b1718d14032aa83d51e DependenciesID=db52bcc210ee4216af49f49a2483448d StaticDependenciesID=d64fb15d2ce61862df99ef35bd7bb450 
Number of updated asset objects reloaded before import = 0
Number of asset objects unloaded after import = 0
========================================================================
Received Import Request.
  Time of request: 2026-09-19T15:08:29.2488868Z
  Time since last request: 0.0006251 seconds.
  importAddress: GUID: 19c6f364c1e81cb4f829a057824639ad - Path: Packages/com.unity.ugui/Tests/Runtime/UGUI/EventSystem/InputModuleTests/MouseUpdate.cs - Importer: ScriptedImporter/UnityEditor.QuickSearchModule:UnityEditor.Search:ASIAI0B
Importing 'GUID: 19c6f364c1e81cb4f829a057824639ad - Path: Packages/com.unity.ugui/Tests/Runtime/UGUI/EventSystem/InputModuleTests/MouseUpdate.cs - Importer: ScriptedImporter/UnityEditor.QuickSearchModule:UnityEditor.Search:ASIAI0B' with importer (ScriptedImporter : UnityEditor.QuickSearchModule:UnityEditor.Search:ASIAI0B)
Imported 'GUID: 19c6f364c1e81cb4f829a057824639ad' -> (Import Result ID: '82a48ef13376ace5801cb74868df1ca8') in 0.004 seconds [static and dynamic dependencies]. Details - ImportResultOutputID=46834e0654c16685a1bf53239c3de65b DependenciesID=c705749f528e946b61b8e5c46b294863 StaticDependenciesID=de8321d6c42f19e04f6e52ec86c0db68 
Number of updated asset objects reloaded before import = 0
Number of asset objects unloaded after import = 0
========================================================================
Received Import Request.
  Time of request: 2026-09-19T15:08:29.2687012Z
  Time since last request: 0.0005127 seconds.
  importAddress: GUID: 0cd44c1031e13a943bb63640046fad76 - Path: Packages/com.unity.ugui/Runtime/UGUI/UI/Core/Layout/CanvasScaler.cs - Importer: ScriptedImporter/UnityEditor.QuickSearchModule:UnityEditor.Search:ASIAI0B
Importing 'GUID: 0cd44c1031e13a943bb63640046fad76 - Path: Packages/com.unity.ugui/Runtime/UGUI/UI/Core/Layout/CanvasScaler.cs - Importer: ScriptedImporter/UnityEditor.QuickSearchModule:UnityEditor.Search:ASIAI0B' with importer (ScriptedImporter : UnityEditor.QuickSearchModule:UnityEditor.Search:ASIAI0B)
Imported 'GUID: 0cd44c1031e13a943bb63640046fad76' -> (Import Result ID: 'c256f6f03f44b19b97ec3db4388c54f0') in 0.003 seconds [static and dynamic dependencies]. Details - ImportResultOutputID=2256e3583441f79b25c0013f55ac351d DependenciesID=48f284ff6c33cd0eb1a52abb4f24b64f StaticDependenciesID=fd5cf0cadba43a45b46683e7e13a353e 
Number of updated asset objects reloaded before import = 0
Number of asset objects unloaded after import = 0
========================================================================
Received Import Request.
  Time of request: 2026-09-19T15:08:29.2965427Z
  Time since last request: 0.0078146 seconds.
  importAddress: GUID: 277dac84baaf845b1952f2269f374912 - Path: Packages/com.unity.collections/Unity.Collections/UnsafeList.cs - Importer: ScriptedImporter/UnityEditor.QuickSearchModule:UnityEditor.Search:ASIAI0B
Importing 'GUID: 277dac84baaf845b1952f2269f374912 - Path: Packages/com.unity.collections/Unity.Collections/UnsafeList.cs - Importer: ScriptedImporter/UnityEditor.QuickSearchModule:UnityEditor.Search:ASIAI0B' with importer (ScriptedImporter : UnityEditor.QuickSearchModule:UnityEditor.Search:ASIAI0B)
Imported 'GUID: 277dac84baaf845b1952f2269f374912' -> (Import Result ID: '3ef64bfef7c7f215b89e9d59afa0d3fb') in 0.003 seconds [static and dynamic dependencies]. Details - ImportResultOutputID=5379f66caf7ed5f04b4838c67d446751 DependenciesID=187cc53fc250a7291ffb7fabb045e6b1 StaticDependenciesID=1df10894d1b356e0fbaaf7f5ef8c73db 
Number of updated asset objects reloaded before import = 0
Number of asset objects unloaded after import = 0
========================================================================
Received Import Request.
  Time of request: 2026-09-19T15:08:29.3145452Z
  Time since last request: 0.0006666 seconds.
  importAddress: GUID: 66302e43465db41bc9a7b142b2157ac6 - Path: Packages/com.unity.collections/Unity.Collections/DebugView.cs - Importer: ScriptedImporter/UnityEditor.QuickSearchModule:UnityEditor.Search:ASIAI0B
Importing 'GUID: 66302e43465db41bc9a7b142b2157ac6 - Path: Packages/com.unity.collections/Unity.Collections/DebugView.cs - Importer: ScriptedImporter/UnityEditor.QuickSearchModule:UnityEditor.Search:ASIAI0B' with importer (ScriptedImporter : UnityEditor.QuickSearchModule:UnityEditor.Search:ASIAI0B)
Imported 'GUID: 66302e43465db41bc9a7b142b2157ac6' -> (Import Result ID: 'e0a8977b92bb9c1335576e284439801d') in 0.002 seconds [static and dynamic dependencies]. Details - ImportResultOutputID=dedf3e63a28e7d00e678d10b33958d07 DependenciesID=e77a74e8b4fc29cd8b97f321010cbc2c StaticDependenciesID=2ef58fac6424ee2e6263bf47d31a8dbc 
Number of updated asset objects reloaded before import = 0
Number of asset objects unloaded after import = 0
========================================================================
Received Import Request.
  Time of request: 2026-09-19T15:08:29.3305222Z
  Time since last request: 0.0010535 seconds.
  importAddress: GUID: 7a3be0dd158385f4081ab23532efbc6c - Path: Packages/com.unity.collections/Unity.Collections/ListExtensions.cs - Importer: ScriptedImporter/UnityEditor.QuickSearchModule:UnityEditor.Search:ASIAI0B
Importing 'GUID: 7a3be0dd158385f4081ab23532efbc6c - Path: Packages/com.unity.collections/Unity.Collections/ListExtensions.cs - Importer: ScriptedImporter/UnityEditor.QuickSearchModule:UnityEditor.Search:ASIAI0B' with importer (ScriptedImporter : UnityEditor.QuickSearchModule:UnityEditor.Search:ASIAI0B)
Imported 'GUID: 7a3be0dd158385f4081ab23532efbc6c' -> (Import Result ID: '10301aa2d721c490056b201a94b5004e') in 0.004 seconds [static and dynamic dependencies]. Details - ImportResultOutputID=17df7a7da9801f18fbba731447b7b7e9 DependenciesID=6344f285d465804004db2bad1cae7d5b StaticDependenciesID=a4b48bcc5f7bc2c8c74726ec22ea6802 
Number of updated asset objects reloaded before import = 0
Number of asset objects unloaded after import = 0
========================================================================
Received Import Request.
  Time of request: 2026-09-19T15:08:29.3510152Z
  Time since last request: 0.0006027 seconds.
  importAddress: GUID: f16da17e34bf5f149a196c3f6b32e37f - Path: Packages/com.unity.collections/Unity.Collections/FixedList.tt - Importer: ScriptedImporter/UnityEditor.QuickSearchModule:UnityEditor.Search:ASIAI0B
Importing 'GUID: f16da17e34bf5f149a196c3f6b32e37f - Path: Packages/com.unity.collections/Unity.Collections/FixedList.tt - Importer: ScriptedImporter/UnityEditor.QuickSearchModule:UnityEditor.Search:ASIAI0B' with importer (ScriptedImporter : UnityEditor.QuickSearchModule:UnityEditor.Search:ASIAI0B)
Imported 'GUID: f16da17e34bf5f149a196c3f6b32e37f' -> (Import Result ID: '6f03d8475ae56c031a3ec4ae1b848945') in 0.006 seconds [static and dynamic dependencies]. Details - ImportResultOutputID=92f87870dca5c878f6549c72bd639cd6 DependenciesID=09c1c6cef91efd37c0d7d1cce891e6ee StaticDependenciesID=f928abe0ac5357d9ddbfca97d5d56dd7 
Number of updated asset objects reloaded before import = 0
Number of asset objects unloaded after import = 1
========================================================================
Received Import Request.
  Time of request: 2026-09-19T15:08:29.3743522Z
  Time since last request: 0.0007679 seconds.
  importAddress: GUID: 2d8c01f04a0874c9384ae360c07d0098 - Path: Packages/com.unity.collections/Unity.Collections/NativeQueue.cs - Importer: ScriptedImporter/UnityEditor.QuickSearchModule:UnityEditor.Search:ASIAI0B
Importing 'GUID: 2d8c01f04a0874c9384ae360c07d0098 - Path: Packages/com.unity.collections/Unity.Collections/NativeQueue.cs - Importer: ScriptedImporter/UnityEditor.QuickSearchModule:UnityEditor.Search:ASIAI0B' with importer (ScriptedImporter : UnityEditor.QuickSearchModule:UnityEditor.Search:ASIAI0B)
Imported 'GUID: 2d8c01f04a0874c9384ae360c07d0098' -> (Import Result ID: 'fe8e852c764d4ef28a864fcf2917f2a8') in 0.003 seconds [static and dynamic dependencies]. Details - ImportResultOutputID=1eaf5fc30492acd937379b2159dd3678 DependenciesID=498043fbbccd89a0a583cd2f861458ed StaticDependenciesID=04fa9c0dcdd22d9c625b16eb4c882df3 
Number of updated asset objects reloaded before import = 0
Number of asset objects unloaded after import = 0
========================================================================
Received Import Request.
  Time of request: 2026-09-19T15:08:29.3956234Z
  Time since last request: 0.000475 seconds.
  importAddress: GUID: ca5dd80efed23904a980e0f7fb23ed5d - Path: Packages/com.unity.collections/Unity.Collections/NativeReference.cs - Importer: ScriptedImporter/UnityEditor.QuickSearchModule:UnityEditor.Search:ASIAI0B
Importing 'GUID: ca5dd80efed23904a980e0f7fb23ed5d - Path: Packages/com.unity.collections/Unity.Collections/NativeReference.cs - Importer: ScriptedImporter/UnityEditor.QuickSearchModule:UnityEditor.Search:ASIAI0B' with importer (ScriptedImporter : UnityEditor.QuickSearchModule:UnityEditor.Search:ASIAI0B)
Imported 'GUID: ca5dd80efed23904a980e0f7fb23ed5d' -> (Import Result ID: 'a39033858729c95c81b708e811d8fb2b') in 0.003 seconds [static and dynamic dependencies]. Details - ImportResultOutputID=6671043f3c2f12db0ccda3d041e523b3 DependenciesID=bddc3f3d60d7942b746a50349227a4a0 StaticDependenciesID=25da7c95b2d015d298c3d07a06797c71 
Number of updated asset objects reloaded before import = 0
Number of asset objects unloaded after import = 0
========================================================================
Received Import Request.
  Time of request: 2026-09-19T15:08:29.4177062Z
  Time since last request: 0.0007495 seconds.
  importAddress: GUID: b89b706c47817bc418a5eef9afcb3219 - Path: Packages/com.unity.collections/Unity.Collections/UnsafeQueue.cs - Importer: ScriptedImporter/UnityEditor.QuickSearchModule:UnityEditor.Search:ASIAI0B
Importing 'GUID: b89b706c47817bc418a5eef9afcb3219 - Path: Packages/com.unity.collections/Unity.Collections/UnsafeQueue.cs - Importer: ScriptedImporter/UnityEditor.QuickSearchModule:UnityEditor.Search:ASIAI0B' with importer (ScriptedImporter : UnityEditor.QuickSearchModule:UnityEditor.Search:ASIAI0B)
Imported 'GUID: b89b706c47817bc418a5eef9afcb3219' -> (Import Result ID: '9af9bac3ae3b82a15bb3dcfabbe01a00') in 0.004 seconds [static and dynamic dependencies]. Details - ImportResultOutputID=571751233a502dbcdbf6090b6ddac671 DependenciesID=33d0d714c62e507c8065bbdd5f3a6868 StaticDependenciesID=03791fdb60dca2eb75f87d11896bcf29 
Number of updated asset objects reloaded before import = 0
Number of asset objects unloaded after import = 0
========================================================================
Received Import Request.
  Time of request: 2026-09-19T15:08:29.4396357Z
  Time since last request: 0.0004898 seconds.
  importAddress: GUID: b49443f1e93e4dec9a7a68741679aa52 - Path: Packages/com.unity.collections/Unity.Collections/AllocatorManager.cs - Importer: ScriptedImporter/UnityEditor.QuickSearchModule:UnityEditor.Search:ASIAI0B
Importing 'GUID: b49443f1e93e4dec9a7a68741679aa52 - Path: Packages/com.unity.collections/Unity.Collections/AllocatorManager.cs - Importer: ScriptedImporter/UnityEditor.QuickSearchModule:UnityEditor.Search:ASIAI0B' with importer (ScriptedImporter : UnityEditor.QuickSearchModule:UnityEditor.Search:ASIAI0B)
Imported 'GUID: b49443f1e93e4dec9a7a68741679aa52' -> (Import Result ID: '5a260d3d2f05720ada84af6df2ee818b') in 0.003 seconds [static and dynamic dependencies]. Details - ImportResultOutputID=3afc9336e330756d089e2b351795789e DependenciesID=95a4d0fe182b89668759b1b37162138d StaticDependenciesID=a02c6bdecd147276abfb7ae5569ee735 
Number of updated asset objects reloaded before import = 0
Number of asset objects unloaded after import = 0
========================================================================
Received Import Request.
  Time of request: 2026-09-19T15:08:29.4581982Z
  Time since last request: 0.0005279 seconds.
  importAddress: GUID: 50504580bca9eb0409fcceea1af68eb5 - Path: Packages/com.unity.collections/Unity.Collections/NativeText.tt - Importer: ScriptedImporter/UnityEditor.QuickSearchModule:UnityEditor.Search:ASIAI0B
Importing 'GUID: 50504580bca9eb0409fcceea1af68eb5 - Path: Packages/com.unity.collections/Unity.Collections/NativeText.tt - Importer: ScriptedImporter/UnityEditor.QuickSearchModule:UnityEditor.Search:ASIAI0B' with importer (ScriptedImporter : UnityEditor.QuickSearchModule:UnityEditor.Search:ASIAI0B)
Imported 'GUID: 50504580bca9eb0409fcceea1af68eb5' -> (Import Result ID: 'b3cf182e9a732ddfbbabca6823790921') in 0.004 seconds [static and dynamic dependencies]. Details - ImportResultOutputID=3e46f43c667817a0b7eeb698f3786b27 DependenciesID=53c7dd39704c62e09ce22dba8428dc9d StaticDependenciesID=092916a5667c611ea8ecd482a5195d53 
Number of updated asset objects reloaded before import = 0
Number of asset objects unloaded after import = 1
========================================================================
Received Import Request.
  Time of request: 2026-09-19T15:08:29.4798082Z
  Time since last request: 0.000821 seconds.
  importAddress: GUID: 29fc3021329289446ad4d2970b5dcbed - Path: Packages/com.unity.collections/Unity.Collections/UnsafeParallelMultiHashMap.cs - Importer: ScriptedImporter/UnityEditor.QuickSearchModule:UnityEditor.Search:ASIAI0B
Importing 'GUID: 29fc3021329289446ad4d2970b5dcbed - Path: Packages/com.unity.collections/Unity.Collections/UnsafeParallelMultiHashMap.cs - Importer: ScriptedImporter/UnityEditor.QuickSearchModule:UnityEditor.Search:ASIAI0B' with importer (ScriptedImporter : UnityEditor.QuickSearchModule:UnityEditor.Search:ASIAI0B)
Imported 'GUID: 29fc3021329289446ad4d2970b5dcbed' -> (Import Result ID: 'd87f209da393d8afe04cc398083d8954') in 0.003 seconds [static and dynamic dependencies]. Details - ImportResultOutputID=5415cf22808d95f0f034f3c077c2a1e1 DependenciesID=f6b7c67deed5751a2923d69fd0fc929f StaticDependenciesID=1bc96c1c99065ebbfb813a06ffdec33c 
Number of updated asset objects reloaded before import = 0
Number of asset objects unloaded after import = 0
========================================================================
Received Import Request.
  Time of request: 2026-09-19T15:08:29.5023618Z
  Time since last request: 0.0008543 seconds.
  importAddress: GUID: 6901d664ec07a214cab08cbd83ca8deb - Path: Packages/com.unity.collections/Unity.Collections/CollectionHelper.cs - Importer: ScriptedImporter/UnityEditor.QuickSearchModule:UnityEditor.Search:ASIAI0B
Importing 'GUID: 6901d664ec07a214cab08cbd83ca8deb - Path: Packages/com.unity.collections/Unity.Collections/CollectionHelper.cs - Importer: ScriptedImporter/UnityEditor.QuickSearchModule:UnityEditor.Search:ASIAI0B' with importer (ScriptedImporter : UnityEditor.QuickSearchModule:UnityEditor.Search:ASIAI0B)
Imported 'GUID: 6901d664ec07a214cab08cbd83ca8deb' -> (Import Result ID: '9ca9326028deeca349bcacac429f5961') in 0.003 seconds [static and dynamic dependencies]. Details - ImportResultOutputID=0be0183b000f923e12e266abb0565531 DependenciesID=ddca6d78123ca44380722e21750be458 StaticDependenciesID=ca954bfa1774d801b6856bf9ae14b92d 
Number of updated asset objects reloaded before import = 0
Number of asset objects unloaded after import = 0
========================================================================
Received Import Request.
  Time of request: 2026-09-19T15:08:29.5231965Z
  Time since last request: 0.0005352 seconds.
  importAddress: GUID: d1db1dc6fae245e9af37d2ab33aac17a - Path: Packages/com.unity.collections/Unity.Collections/FixedStringInternalMethods.cs - Importer: ScriptedImporter/UnityEditor.QuickSearchModule:UnityEditor.Search:ASIAI0B
Importing 'GUID: d1db1dc6fae245e9af37d2ab33aac17a - Path: Packages/com.unity.collections/Unity.Collections/FixedStringInternalMethods.cs - Importer: ScriptedImporter/UnityEditor.QuickSearchModule:UnityEditor.Search:ASIAI0B' with importer (ScriptedImporter : UnityEditor.QuickSearchModule:UnityEditor.Search:ASIAI0B)
Imported 'GUID: d1db1dc6fae245e9af37d2ab33aac17a' -> (Import Result ID: 'cfeaa510b854763f13a4bc1c0839e6e9') in 0.002 seconds [static and dynamic dependencies]. Details - ImportResultOutputID=5884f35bfeb6ed1c1396371ceed40e87 DependenciesID=2c596697fcaebb07fb967c959f2542dd StaticDependenciesID=e18fdb66f49ec05b0da5a61fd79aa194 
Number of updated asset objects reloaded before import = 0
Number of asset objects unloaded after import = 0
========================================================================
Received Import Request.
  Time of request: 2026-09-19T15:08:29.5410258Z
  Time since last request: 0.0005758 seconds.
  importAddress: GUID: b029fb97ffda0ec4aaa9d76de93a0608 - Path: Packages/com.unity.collections/Unity.Collections/NativeNotBurstCompatible.cs - Importer: ScriptedImporter/UnityEditor.QuickSearchModule:UnityEditor.Search:ASIAI0B
Importing 'GUID: b029fb97ffda0ec4aaa9d76de93a0608 - Path: Packages/com.unity.collections/Unity.Collections/NativeNotBurstCompatible.cs - Importer: ScriptedImporter/UnityEditor.QuickSearchModule:UnityEditor.Search:ASIAI0B' with importer (ScriptedImporter : UnityEditor.QuickSearchModule:UnityEditor.Search:ASIAI0B)
Imported 'GUID: b029fb97ffda0ec4aaa9d76de93a0608' -> (Import Result ID: '253966df09ead11d0ff2527e96b4a9aa') in 0.003 seconds [static and dynamic dependencies]. Details - ImportResultOutputID=b63261a2e41507091e0a95bb3ac4a168 DependenciesID=1d6300828099d760e65f121d5407551a StaticDependenciesID=16daf8687c0522aef3edd90493ffcad1 
Number of updated asset objects reloaded before import = 0
Number of asset objects unloaded after import = 0
========================================================================
Received Import Request.
  Time of request: 2026-09-19T15:08:29.5602192Z
  Time since last request: 0.0011547 seconds.
  importAddress: GUID: e4640e45632730349a32c5a1365847e6 - Path: Packages/com.unity.collections/Unity.Collections/NativeBitArray.cs - Importer: ScriptedImporter/UnityEditor.QuickSearchModule:UnityEditor.Search:ASIAI0B
Importing 'GUID: e4640e45632730349a32c5a1365847e6 - Path: Packages/com.unity.collections/Unity.Collections/NativeBitArray.cs - Importer: ScriptedImporter/UnityEditor.QuickSearchModule:UnityEditor.Search:ASIAI0B' with importer (ScriptedImporter : UnityEditor.QuickSearchModule:UnityEditor.Search:ASIAI0B)
Imported 'GUID: e4640e45632730349a32c5a1365847e6' -> (Import Result ID: '7f64e2af54ef1b3dbf841613a2e5009a') in 0.003 seconds [static and dynamic dependencies]. Details - ImportResultOutputID=6ff5b8907b710388ffcbdb50d1a9e609 DependenciesID=4f40eed7b1410c4a1ea011297e154e5c StaticDependenciesID=4e7ce1d1cb95c7fe6dd0b6db21aab46d 
Number of updated asset objects reloaded before import = 0
Number of asset objects unloaded after import = 0
========================================================================
Received Import Request.
  Time of request: 2026-09-19T15:08:29.5780605Z
  Time since last request: 0.0005362 seconds.
  importAddress: GUID: 6f9fa81af98728e4f8a0db3762124ff9 - Path: Packages/com.unity.collections/Unity.Collections/NativeParallelHashSetExtensions.tt - Importer: ScriptedImporter/UnityEditor.QuickSearchModule:UnityEditor.Search:ASIAI0B
Importing 'GUID: 6f9fa81af98728e4f8a0db3762124ff9 - Path: Packages/com.unity.collections/Unity.Collections/NativeParallelHashSetExtensions.tt - Importer: ScriptedImporter/UnityEditor.QuickSearchModule:UnityEditor.Search:ASIAI0B' with importer (ScriptedImporter : UnityEditor.QuickSearchModule:UnityEditor.Search:ASIAI0B)
Imported 'GUID: 6f9fa81af98728e4f8a0db3762124ff9' -> (Import Result ID: '9060212056b65b4e2593624252e0a355') in 0.003 seconds [static and dynamic dependencies]. Details - ImportResultOutputID=a01b764c49dea0112817ba67e4ab1b13 DependenciesID=91c8d063e65e58e48af10aa90dd127d8 StaticDependenciesID=9223f3018944b782bfe3a655236d7181 
Number of updated asset objects reloaded before import = 0
Number of asset objects unloaded after import = 1
========================================================================
Received Import Request.
  Time of request: 2026-09-19T15:08:29.5993695Z
  Time since last request: 0.0005342 seconds.
  importAddress: GUID: 92809129fe1cd814cb1c8239cdafb470 - Path: Packages/com.unity.collections/Unity.Collections/UnsafeHashSet.cs - Importer: ScriptedImporter/UnityEditor.QuickSearchModule:UnityEditor.Search:ASIAI0B
Importing 'GUID: 92809129fe1cd814cb1c8239cdafb470 - Path: Packages/com.unity.collections/Unity.Collections/UnsafeHashSet.cs - Importer: ScriptedImporter/UnityEditor.QuickSearchModule:UnityEditor.Search:ASIAI0B' with importer (ScriptedImporter : UnityEditor.QuickSearchModule:UnityEditor.Search:ASIAI0B)
Imported 'GUID: 92809129fe1cd814cb1c8239cdafb470' -> (Import Result ID: 'cea012dc7f42e4b74986cb2f0f7ef51e') in 0.003 seconds [static and dynamic dependencies]. Details - ImportResultOutputID=65b4a97b2158ded72809272d112b115e DependenciesID=cb3c92ba41196764283fd272eaa8ef96 StaticDependenciesID=549da523a039b835e8bc6999f7715992 
Number of updated asset objects reloaded before import = 0
Number of asset objects unloaded after import = 0
========================================================================
Received Import Request.
  Time of request: 2026-09-19T15:08:29.6212923Z
  Time since last request: 0.0007975 seconds.
  importAddress: GUID: 6b56ef4acca0448596282b536b461f22 - Path: Packages/com.unity.collections/Unity.Collections/UIntFloat.cs - Importer: ScriptedImporter/UnityEditor.QuickSearchModule:UnityEditor.Search:ASIAI0B
Importing 'GUID: 6b56ef4acca0448596282b536b461f22 - Path: Packages/com.unity.collections/Unity.Collections/UIntFloat.cs - Importer: ScriptedImporter/UnityEditor.QuickSearchModule:UnityEditor.Search:ASIAI0B' with importer (ScriptedImporter : UnityEditor.QuickSearchModule:UnityEditor.Search:ASIAI0B)
Imported 'GUID: 6b56ef4acca0448596282b536b461f22' -> (Import Result ID: 'afe17e6de15d75f51914eaee8d28a261') in 0.003 seconds [static and dynamic dependencies]. Details - ImportResultOutputID=3a17fe9a5f6f8fc8ff600042e9a683a0 DependenciesID=2d396c0a16c794d553962123d3b1cde8 StaticDependenciesID=9a5bab3311ea957ac69e3900c3682a97 
Number of updated asset objects reloaded before import = 0
Number of asset objects unloaded after import = 0
========================================================================
Received Import Request.
  Time of request: 2026-09-19T15:08:29.6410053Z
  Time since last request: 0.0004673 seconds.
  importAddress: GUID: ff34e3b577f44d67b146cc64b598b67d - Path: Packages/com.unity.collections/Unity.Collections/FixedStringMethods.cs - Importer: ScriptedImporter/UnityEditor.QuickSearchModule:UnityEditor.Search:ASIAI0B
Importing 'GUID: ff34e3b577f44d67b146cc64b598b67d - Path: Packages/com.unity.collections/Unity.Collections/FixedStringMethods.cs - Importer: ScriptedImporter/UnityEditor.QuickSearchModule:UnityEditor.Search:ASIAI0B' with importer (ScriptedImporter : UnityEditor.QuickSearchModule:UnityEditor.Search:ASIAI0B)
Imported 'GUID: ff34e3b577f44d67b146cc64b598b67d' -> (Import Result ID: '64ac6983af911194df80b5d3ee76a632') in 0.003 seconds [static and dynamic dependencies]. Details - ImportResultOutputID=cedc9137b15e9435a9d7433906e17024 DependenciesID=59bf30c294600a40ba94a691640fe22b StaticDependenciesID=383c1e50fc24c877079db77da080f69a 
Number of updated asset objects reloaded before import = 0
Number of asset objects unloaded after import = 0
========================================================================
Received Import Request.
  Time of request: 2026-09-19T15:08:29.6582044Z
  Time since last request: 0.0006479 seconds.
  importAddress: GUID: af16c54541e443e59c1fdf0919c1b9ea - Path: Packages/com.unity.collections/Unity.Collections/FixedStringParseMethods.cs - Importer: ScriptedImporter/UnityEditor.QuickSearchModule:UnityEditor.Search:ASIAI0B
Importing 'GUID: af16c54541e443e59c1fdf0919c1b9ea - Path: Packages/com.unity.collections/Unity.Collections/FixedStringParseMethods.cs - Importer: ScriptedImporter/UnityEditor.QuickSearchModule:UnityEditor.Search:ASIAI0B' with importer (ScriptedImporter : UnityEditor.QuickSearchModule:UnityEditor.Search:ASIAI0B)
Imported 'GUID: af16c54541e443e59c1fdf0919c1b9ea' -> (Import Result ID: 'dbb0a7abcaa50597301ecd605b0a957f') in 0.004 seconds [static and dynamic dependencies]. Details - ImportResultOutputID=7c5e56a46ee8f22274260f2b9fd851ab DependenciesID=aaf964a0d48eb6825a251ebcc867eeaa StaticDependenciesID=5e233388ab2006e3ee03d65679afaa6d 
Number of updated asset objects reloaded before import = 0
Number of asset objects unloaded after import = 0
========================================================================
Received Import Request.
  Time of request: 2026-09-19T15:08:29.6764914Z
  Time since last request: 0.0005823 seconds.
  importAddress: GUID: fb1479c160300a447b5b0ba91f47f230 - Path: Packages/com.unity.collections/Unity.Collections/RewindableAllocator.cs - Importer: ScriptedImporter/UnityEditor.QuickSearchModule:UnityEditor.Search:ASIAI0B
Importing 'GUID: fb1479c160300a447b5b0ba91f47f230 - Path: Packages/com.unity.collections/Unity.Collections/RewindableAllocator.cs - Importer: ScriptedImporter/UnityEditor.QuickSearchModule:UnityEditor.Search:ASIAI0B' with importer (ScriptedImporter : UnityEditor.QuickSearchModule:UnityEditor.Search:ASIAI0B)
Imported 'GUID: fb1479c160300a447b5b0ba91f47f230' -> (Import Result ID: '9f1896887e9353d904d726acab872ddb') in 0.003 seconds [static and dynamic dependencies]. Details - ImportResultOutputID=0d9505ac047b2bb3256fb299dfc72770 DependenciesID=51a178ce6a40cf26b5ca5d55172d54f2 StaticDependenciesID=eb955c4e6eba830872582625f834e072 
Number of updated asset objects reloaded before import = 0
Number of asset objects unloaded after import = 0
========================================================================
Received Import Request.
  Time of request: 2026-09-19T15:08:29.6982283Z
  Time since last request: 0.0005203 seconds.
  importAddress: GUID: 469c3f7cf80934f0fb79e0ab07665b81 - Path: Packages/com.unity.collections/Unity.Collections/UnsafeAppendBuffer.cs - Importer: ScriptedImporter/UnityEditor.QuickSearchModule:UnityEditor.Search:ASIAI0B
Importing 'GUID: 469c3f7cf80934f0fb79e0ab07665b81 - Path: Packages/com.unity.collections/Unity.Collections/UnsafeAppendBuffer.cs - Importer: ScriptedImporter/UnityEditor.QuickSearchModule:UnityEditor.Search:ASIAI0B' with importer (ScriptedImporter : UnityEditor.QuickSearchModule:UnityEditor.Search:ASIAI0B)
Imported 'GUID: 469c3f7cf80934f0fb79e0ab07665b81' -> (Import Result ID: '1a3afe189866bc1f71eaf08c5bf81194') in 0.003 seconds [static and dynamic dependencies]. Details - ImportResultOutputID=a9a6edff10fd4a3436fdebfd09d0a935 DependenciesID=c4e7495d5659fea9e992b97c54cde9e1 StaticDependenciesID=d9085d2d44cb69891e01f08345a28e12 
Number of updated asset objects reloaded before import = 0
Number of asset objects unloaded after import = 0
========================================================================
Received Import Request.
  Time of request: 2026-09-19T15:08:29.7221128Z
  Time since last request: 0.0006091 seconds.
  importAddress: GUID: 0a845769eb1dc4f459f64e5c840d07de - Path: Packages/com.unity.collections/Unity.Collections/FixedString.tt - Importer: ScriptedImporter/UnityEditor.QuickSearchModule:UnityEditor.Search:ASIAI0B
Importing 'GUID: 0a845769eb1dc4f459f64e5c840d07de - Path: Packages/com.unity.collections/Unity.Collections/FixedString.tt - Importer: ScriptedImporter/UnityEditor.QuickSearchModule:UnityEditor.Search:ASIAI0B' with importer (ScriptedImporter : UnityEditor.QuickSearchModule:UnityEditor.Search:ASIAI0B)
Imported 'GUID: 0a845769eb1dc4f459f64e5c840d07de' -> (Import Result ID: 'aca717d533fbab264f8a03442118bdc6') in 0.004 seconds [static and dynamic dependencies]. Details - ImportResultOutputID=1e2e60e55e637a3ae469791174f25742 DependenciesID=b13b773438158cced118a23b786f6e7c StaticDependenciesID=f972221eca218700199ee7b5c5d6b685 
Number of updated asset objects reloaded before import = 0
Number of asset objects unloaded after import = 1
========================================================================
Received Import Request.
  Time of request: 2026-09-19T15:08:29.7546257Z
  Time since last request: 0.0113149 seconds.
  importAddress: GUID: 9b544eddbc9bfd24fad9da6ddbe65962 - Path: Packages/com.unity.collections/Unity.Collections.CodeGen/JobsILPostProcessor.cs - Importer: ScriptedImporter/UnityEditor.QuickSearchModule:UnityEditor.Search:ASIAI0B
Importing 'GUID: 9b544eddbc9bfd24fad9da6ddbe65962 - Path: Packages/com.unity.collections/Unity.Collections.CodeGen/JobsILPostProcessor.cs - Importer: ScriptedImporter/UnityEditor.QuickSearchModule:UnityEditor.Search:ASIAI0B' with importer (ScriptedImporter : UnityEditor.QuickSearchModule:UnityEditor.Search:ASIAI0B)
Imported 'GUID: 9b544eddbc9bfd24fad9da6ddbe65962' -> (Import Result ID: '00de661dd51979c7b7b6e4e26b5ad823') in 0.003 seconds [static and dynamic dependencies]. Details - ImportResultOutputID=09c2578887b72b38f1de8713bcb31a17 DependenciesID=9c427c69c6036c30a307b6bacffde156 StaticDependenciesID=ba3df98cc4c057d8d8a0d9a5a8e4b31a 
Number of updated asset objects reloaded before import = 0
Number of asset objects unloaded after import = 0
========================================================================
Received Import Request.
  Time of request: 2026-09-19T15:08:29.7718116Z
  Time since last request: 0.0006828 seconds.
  importAddress: GUID: 646d50e1f45e86d4ea1fe9bfc488b347 - Path: Packages/com.unity.collections/Unity.Collections.PerformanceTests/ParallelHashMapPerformanceTests.cs - Importer: ScriptedImporter/UnityEditor.QuickSearchModule:UnityEditor.Search:ASIAI0B
Importing 'GUID: 646d50e1f45e86d4ea1fe9bfc488b347 - Path: Packages/com.unity.collections/Unity.Collections.PerformanceTests/ParallelHashMapPerformanceTests.cs - Importer: ScriptedImporter/UnityEditor.QuickSearchModule:UnityEditor.Search:ASIAI0B' with importer (ScriptedImporter : UnityEditor.QuickSearchModule:UnityEditor.Search:ASIAI0B)
Imported 'GUID: 646d50e1f45e86d4ea1fe9bfc488b347' -> (Import Result ID: '862dd7ab1668db3f2df46284518494af') in 0.004 seconds [static and dynamic dependencies]. Details - ImportResultOutputID=80e78cb2cad1427914207033b9dad68f DependenciesID=fe919381ae33f22c267e0ef75a41233a StaticDependenciesID=e5b4eb85dc885324926839f7e7ed4b5e 
Number of updated asset objects reloaded before import = 0
Number of asset objects unloaded after import = 0
========================================================================
Received Import Request.
  Time of request: 2026-09-19T15:08:29.7899994Z
  Time since last request: 0.0007587 seconds.
  importAddress: GUID: 658c5e8f30c4cbe4b88301ce6599a6fb - Path: Packages/com.unity.collections/Unity.Collections.PerformanceTests/ParallelHashSetPerformanceTests.cs - Importer: ScriptedImporter/UnityEditor.QuickSearchModule:UnityEditor.Search:ASIAI0B
Importing 'GUID: 658c5e8f30c4cbe4b88301ce6599a6fb - Path: Packages/com.unity.collections/Unity.Collections.PerformanceTests/ParallelHashSetPerformanceTests.cs - Importer: ScriptedImporter/UnityEditor.QuickSearchModule:UnityEditor.Search:ASIAI0B' with importer (ScriptedImporter : UnityEditor.QuickSearchModule:UnityEditor.Search:ASIAI0B)
Imported 'GUID: 658c5e8f30c4cbe4b88301ce6599a6fb' -> (Import Result ID: '39e59c9bd7721524dc92c1ba6c220f25') in 0.004 seconds [static and dynamic dependencies]. Details - ImportResultOutputID=d48405a94f079c31b2ab3d7f92bc8630 DependenciesID=8818c3818417f762e3f335c2c402f88c StaticDependenciesID=a03b00aff095d6b8a4e7fbdba3ece566 
Number of updated asset objects reloaded before import = 0
Number of asset objects unloaded after import = 0
========================================================================
Received Import Request.
  Time of request: 2026-09-19T15:08:29.8130544Z
  Time since last request: 0.0006038 seconds.
  importAddress: GUID: 89c74bfd36912244585acb77a1268da0 - Path: Packages/com.unity.collections/Unity.Collections.PerformanceTests/HashSetPerformanceTests.cs - Importer: ScriptedImporter/UnityEditor.QuickSearchModule:UnityEditor.Search:ASIAI0B
Importing 'GUID: 89c74bfd36912244585acb77a1268da0 - Path: Packages/com.unity.collections/Unity.Collections.PerformanceTests/HashSetPerformanceTests.cs - Importer: ScriptedImporter/UnityEditor.QuickSearchModule:UnityEditor.Search:ASIAI0B' with importer (ScriptedImporter : UnityEditor.QuickSearchModule:UnityEditor.Search:ASIAI0B)
Imported 'GUID: 89c74bfd36912244585acb77a1268da0' -> (Import Result ID: 'e7056b7ee9f36b82eb8e71ed977fd53d') in 0.003 seconds [static and dynamic dependencies]. Details - ImportResultOutputID=f62bca477271aaaaba57cbee4d49f56c DependenciesID=cfc6122f9ff532934a4bca8cd552bfeb StaticDependenciesID=787a47501f9087ddab23836c98c8476f 
Number of updated asset objects reloaded before import = 0
Number of asset objects unloaded after import = 0
========================================================================
Received Import Request.
  Time of request: 2026-09-19T15:08:29.8341204Z
  Time since last request: 0.0006465 seconds.
  importAddress: GUID: c9fa73c3f49c43bc8f21fedf53591b10 - Path: Packages/com.unity.collections/Unity.Collections.Tests/DataStreamTests.cs - Importer: ScriptedImporter/UnityEditor.QuickSearchModule:UnityEditor.Search:ASIAI0B
Importing 'GUID: c9fa73c3f49c43bc8f21fedf53591b10 - Path: Packages/com.unity.collections/Unity.Collections.Tests/DataStreamTests.cs - Importer: ScriptedImporter/UnityEditor.QuickSearchModule:UnityEditor.Search:ASIAI0B' with importer (ScriptedImporter : UnityEditor.QuickSearchModule:UnityEditor.Search:ASIAI0B)
Imported 'GUID: c9fa73c3f49c43bc8f21fedf53591b10' -> (Import Result ID: '8ede0972cbb45fdb7b421e2e62427b62') in 0.004 seconds [static and dynamic dependencies]. Details - ImportResultOutputID=478b28adcae5e9fe836229b857df2286 DependenciesID=74cd5d5cc9e45d816539855cc5bb24e3 StaticDependenciesID=d19e99ad50f0bb0eda5b8d6b1d77d6ca 
Number of updated asset objects reloaded before import = 0
Number of asset objects unloaded after import = 0
========================================================================
Received Import Request.
  Time of request: 2026-09-19T15:08:29.8565331Z
  Time since last request: 0.0007956 seconds.
  importAddress: GUID: c78535bf9ed19874e83db37c738974ad - Path: Packages/com.unity.collections/Unity.Collections.PerformanceTests/ArrayPerformanceTests.cs - Importer: ScriptedImporter/UnityEditor.QuickSearchModule:UnityEditor.Search:ASIAI0B
Importing 'GUID: c78535bf9ed19874e83db37c738974ad - Path: Packages/com.unity.collections/Unity.Collections.PerformanceTests/ArrayPerformanceTests.cs - Importer: ScriptedImporter/UnityEditor.QuickSearchModule:UnityEditor.Search:ASIAI0B' with importer (ScriptedImporter : UnityEditor.QuickSearchModule:UnityEditor.Search:ASIAI0B)
Imported 'GUID: c78535bf9ed19874e83db37c738974ad' -> (Import Result ID: '1e10a2a36b6c31fe13c40c59e02993e0') in 0.004 seconds [static and dynamic dependencies]. Details - ImportResultOutputID=3abe148f69a56e80a1dd24ab34768b82 DependenciesID=9791c77e6498ca6adaca9c3246427316 StaticDependenciesID=55477d310d9a94697f11d27a81a6a088 
Number of updated asset objects reloaded before import = 0
Number of asset objects unloaded after import = 0
========================================================================
Received Import Request.
  Time of request: 2026-09-19T15:08:29.8795984Z
  Time since last request: 0.0009055 seconds.
  importAddress: GUID: 0a06298414d1430487a2bc2bde42fba6 - Path: Packages/com.unity.collections/Unity.Collections.Tests/FixedStringSizedTests.gen.cs - Importer: ScriptedImporter/UnityEditor.QuickSearchModule:UnityEditor.Search:ASIAI0B
Importing 'GUID: 0a06298414d1430487a2bc2bde42fba6 - Path: Packages/com.unity.collections/Unity.Collections.Tests/FixedStringSizedTests.gen.cs - Importer: ScriptedImporter/UnityEditor.QuickSearchModule:UnityEditor.Search:ASIAI0B' with importer (ScriptedImporter : UnityEditor.QuickSearchModule:UnityEditor.Search:ASIAI0B)
Imported 'GUID: 0a06298414d1430487a2bc2bde42fba6' -> (Import Result ID: '475c98e50e7bd196cdd05e13ea7917b9') in 0.007 seconds [static and dynamic dependencies]. Details - ImportResultOutputID=438a62f1c4d89a0617de9b1c688cc778 DependenciesID=155c0f985dcb5d9b7ed5ad19e51244c3 StaticDependenciesID=f846cc9ee322fb5b74ab81ffb8b8d48d 
Number of updated asset objects reloaded before import = 0
Number of asset objects unloaded after import = 0
========================================================================
Received Import Request.
  Time of request: 2026-09-19T15:08:29.9141558Z
  Time since last request: 0.000896 seconds.
  importAddress: GUID: 1aaf054a8897c4b4684f81b97eab06ce - Path: Packages/com.unity.collections/Unity.Collections/UnsafeRingQueue.cs - Importer: ScriptedImporter/UnityEditor.QuickSearchModule:UnityEditor.Search:ASIAI0B
Importing 'GUID: 1aaf054a8897c4b4684f81b97eab06ce - Path: Packages/com.unity.collections/Unity.Collections/UnsafeRingQueue.cs - Importer: ScriptedImporter/UnityEditor.QuickSearchModule:UnityEditor.Search:ASIAI0B' with importer (ScriptedImporter : UnityEditor.QuickSearchModule:UnityEditor.Search:ASIAI0B)
Imported 'GUID: 1aaf054a8897c4b4684f81b97eab06ce' -> (Import Result ID: 'b799e50354d833eb7308f4da13f9ff74') in 0.004 seconds [static and dynamic dependencies]. Details - ImportResultOutputID=effc3b8d849bd9b319a6cf2c2f8641fb DependenciesID=7389668fdeacac2cc81dc34ae8d799c2 StaticDependenciesID=376114121615a9b57b2428838368efd8 
Number of updated asset objects reloaded before import = 0
Number of asset objects unloaded after import = 0
========================================================================
Received Import Request.
  Time of request: 2026-09-19T15:08:29.9408047Z
  Time since last request: 0.0010471 seconds.
  importAddress: GUID: 656438ffe79c94447bf483cf17d90bf6 - Path: Packages/com.unity.collections/Unity.Collections/UnsafeUtilityEx.cs - Importer: ScriptedImporter/UnityEditor.QuickSearchModule:UnityEditor.Search:ASIAI0B
Importing 'GUID: 656438ffe79c94447bf483cf17d90bf6 - Path: Packages/com.unity.collections/Unity.Collections/UnsafeUtilityEx.cs - Importer: ScriptedImporter/UnityEditor.QuickSearchModule:UnityEditor.Search:ASIAI0B' with importer (ScriptedImporter : UnityEditor.QuickSearchModule:UnityEditor.Search:ASIAI0B)
Imported 'GUID: 656438ffe79c94447bf483cf17d90bf6' -> (Import Result ID: '822f19ecf2e83fcae3d47c629a3c73c5') in 0.007 seconds [static and dynamic dependencies]. Details - ImportResultOutputID=518568330806873d876104410023ee4d DependenciesID=e617dec72cb2e0b311d1fec40827a81e StaticDependenciesID=ea3ff4eaa1cb2cf34f7194eaaa8e0068 
Number of updated asset objects reloaded before import = 0
Number of asset objects unloaded after import = 0
========================================================================
Received Import Request.
  Time of request: 2026-09-19T15:08:29.9677767Z
  Time since last request: 0.0005487 seconds.
  importAddress: GUID: e63bf9a80e1c4f6fa05404f9afe1bb32 - Path: Packages/com.unity.collections/Unity.Collections.Tests/FixedStringCultureTests.cs - Importer: ScriptedImporter/UnityEditor.QuickSearchModule:UnityEditor.Search:ASIAI0B
Importing 'GUID: e63bf9a80e1c4f6fa05404f9afe1bb32 - Path: Packages/com.unity.collections/Unity.Collections.Tests/FixedStringCultureTests.cs - Importer: ScriptedImporter/UnityEditor.QuickSearchModule:UnityEditor.Search:ASIAI0B' with importer (ScriptedImporter : UnityEditor.QuickSearchModule:UnityEditor.Search:ASIAI0B)
Imported 'GUID: e63bf9a80e1c4f6fa05404f9afe1bb32' -> (Import Result ID: '32e75fc45ff4f869ae3e3dcfa399b3c3') in 0.005 seconds [static and dynamic dependencies]. Details - ImportResultOutputID=135a9f7b6a82d940a501c0125d4fbd6f DependenciesID=f99be7ee1e35659f1c943e21b5d82abd StaticDependenciesID=315a34239d0bd12cb28053f433d64795 
Number of updated asset objects reloaded before import = 0
Number of asset objects unloaded after import = 0
========================================================================
Received Import Request.
  Time of request: 2026-09-19T15:08:29.9967817Z
  Time since last request: 0.0010677 seconds.
  importAddress: GUID: 38714c3d9f5dd4b4ba7fb2fd79dca07d - Path: Packages/com.unity.collections/Unity.Collections.PerformanceTests/ListPerformanceTests.cs - Importer: ScriptedImporter/UnityEditor.QuickSearchModule:UnityEditor.Search:ASIAI0B
Importing 'GUID: 38714c3d9f5dd4b4ba7fb2fd79dca07d - Path: Packages/com.unity.collections/Unity.Collections.PerformanceTests/ListPerformanceTests.cs - Importer: ScriptedImporter/UnityEditor.QuickSearchModule:UnityEditor.Search:ASIAI0B' with importer (ScriptedImporter : UnityEditor.QuickSearchModule:UnityEditor.Search:ASIAI0B)
Imported 'GUID: 38714c3d9f5dd4b4ba7fb2fd79dca07d' -> (Import Result ID: 'b5ef448cabe02048cb2fd8a13291b08e') in 0.004 seconds [static and dynamic dependencies]. Details - ImportResultOutputID=064dfb5407230846ba429898685ae861 DependenciesID=5b6c7cfa8e2931f0420d3d58b3754fc5 StaticDependenciesID=b6c2678f0ba588a7772e1bdc746dc193 
Number of updated asset objects reloaded before import = 0
Number of asset objects unloaded after import = 0
========================================================================
Received Import Request.
  Time of request: 2026-09-19T15:08:30.0237574Z
  Time since last request: 0.00065 seconds.
  importAddress: GUID: 775a8d1badc640e45a6030c3822a83d7 - Path: Packages/com.unity.collections/Unity.Collections.Tests/FixedListTests.tt - Importer: ScriptedImporter/UnityEditor.QuickSearchModule:UnityEditor.Search:ASIAI0B
Importing 'GUID: 775a8d1badc640e45a6030c3822a83d7 - Path: Packages/com.unity.collections/Unity.Collections.Tests/FixedListTests.tt - Importer: ScriptedImporter/UnityEditor.QuickSearchModule:UnityEditor.Search:ASIAI0B' with importer (ScriptedImporter : UnityEditor.QuickSearchModule:UnityEditor.Search:ASIAI0B)
Imported 'GUID: 775a8d1badc640e45a6030c3822a83d7' -> (Import Result ID: 'f434446a27affa183e053f89043e092d') in 0.004 seconds [static and dynamic dependencies]. Details - ImportResultOutputID=c4c4a22ef76d2ebf309968efde93d35e DependenciesID=4aeac0b6f01d23b29711292fa0217975 StaticDependenciesID=172424d66c0b9d39e41f6961f53c012b 
Number of updated asset objects reloaded before import = 0
Number of asset objects unloaded after import = 1
========================================================================
Received Import Request.
  Time of request: 2026-09-19T15:08:30.0462424Z
  Time since last request: 0.0011505 seconds.
  importAddress: GUID: 24459080b05524c1ab8f3f7ed129e765 - Path: Packages/com.unity.collections/Unity.Collections/UnsafeScratchAllocator.cs - Importer: ScriptedImporter/UnityEditor.QuickSearchModule:UnityEditor.Search:ASIAI0B
Importing 'GUID: 24459080b05524c1ab8f3f7ed129e765 - Path: Packages/com.unity.collections/Unity.Collections/UnsafeScratchAllocator.cs - Importer: ScriptedImporter/UnityEditor.QuickSearchModule:UnityEditor.Search:ASIAI0B' with importer (ScriptedImporter : UnityEditor.QuickSearchModule:UnityEditor.Search:ASIAI0B)
Imported 'GUID: 24459080b05524c1ab8f3f7ed129e765' -> (Import Result ID: '86fc7ebe8e957a71d3891b4d27190d6e') in 0.003 seconds [static and dynamic dependencies]. Details - ImportResultOutputID=f0939581582403a595a2bcffcaa6d85e DependenciesID=41be83a534bf01bdec2880efd2339f6e StaticDependenciesID=a914a7e3f79206828a083596bf26dce7 
Number of updated asset objects reloaded before import = 0
Number of asset objects unloaded after import = 0
========================================================================
Received Import Request.
  Time of request: 2026-09-19T15:08:30.06663Z
  Time since last request: 0.0004644 seconds.
  importAddress: GUID: 1d503f3e3b7fd2147a8ddc4135fcc0e3 - Path: Packages/com.unity.collections/Unity.Collections.BurstCompatibilityGen/BurstCompatibilityTests.cs - Importer: ScriptedImporter/UnityEditor.QuickSearchModule:UnityEditor.Search:ASIAI0B
Importing 'GUID: 1d503f3e3b7fd2147a8ddc4135fcc0e3 - Path: Packages/com.unity.collections/Unity.Collections.BurstCompatibilityGen/BurstCompatibilityTests.cs - Importer: ScriptedImporter/UnityEditor.QuickSearchModule:UnityEditor.Search:ASIAI0B' with importer (ScriptedImporter : UnityEditor.QuickSearchModule:UnityEditor.Search:ASIAI0B)
Imported 'GUID: 1d503f3e3b7fd2147a8ddc4135fcc0e3' -> (Import Result ID: '7a02998037d2d326c45431dac2b82b8d') in 0.003 seconds [static and dynamic dependencies]. Details - ImportResultOutputID=d6d9a928bed2e48ed71a10b5fc7af0e2 DependenciesID=c3dd4e5a160a74ca2e580cac853668e8 StaticDependenciesID=0e790910fed54f2de52feda99594bebe 
Number of updated asset objects reloaded before import = 0
Number of asset objects unloaded after import = 0
========================================================================
Received Import Request.
  Time of request: 2026-09-19T15:08:30.0878451Z
  Time since last request: 0.0006015 seconds.
  importAddress: GUID: 0be05385fc513c143a5b5249b7ad6211 - Path: Packages/com.unity.collections/Unity.Collections.Tests/FixedStringSizedTests.tt - Importer: ScriptedImporter/UnityEditor.QuickSearchModule:UnityEditor.Search:ASIAI0B
Importing 'GUID: 0be05385fc513c143a5b5249b7ad6211 - Path: Packages/com.unity.collections/Unity.Collections.Tests/FixedStringSizedTests.tt - Importer: ScriptedImporter/UnityEditor.QuickSearchModule:UnityEditor.Search:ASIAI0B' with importer (ScriptedImporter : UnityEditor.QuickSearchModule:UnityEditor.Search:ASIAI0B)
Imported 'GUID: 0be05385fc513c143a5b5249b7ad6211' -> (Import Result ID: '03648eddc20f7c7489aea1b82e787ccc') in 0.004 seconds [static and dynamic dependencies]. Details - ImportResultOutputID=8d4b89f7833dc74ee2b0306a1a25aa1e DependenciesID=40971f91dbf491307e51ef2d88bea197 StaticDependenciesID=266b76207f0dc7313181b89678b08b33 
Number of updated asset objects reloaded before import = 0
Number of asset objects unloaded after import = 1
========================================================================
Received Import Request.
  Time of request: 2026-09-19T15:08:30.1111278Z
  Time since last request: 0.0006052 seconds.
  importAddress: GUID: a3b018ffc4586a441a093c4d954a8cf1 - Path: Packages/com.unity.collections/Unity.Collections.Editor/CLILeakDetectionSwitcher.cs - Importer: ScriptedImporter/UnityEditor.QuickSearchModule:UnityEditor.Search:ASIAI0B
Importing 'GUID: a3b018ffc4586a441a093c4d954a8cf1 - Path: Packages/com.unity.collections/Unity.Collections.Editor/CLILeakDetectionSwitcher.cs - Importer: ScriptedImporter/UnityEditor.QuickSearchModule:UnityEditor.Search:ASIAI0B' with importer (ScriptedImporter : UnityEditor.QuickSearchModule:UnityEditor.Search:ASIAI0B)
Imported 'GUID: a3b018ffc4586a441a093c4d954a8cf1' -> (Import Result ID: 'bba6edc10389f49ee13d4207ee9bc999') in 0.003 seconds [static and dynamic dependencies]. Details - ImportResultOutputID=241952dfb9e0c8f866156e98ffa564ad DependenciesID=08d041e3cf81cc5c6670d7d160be2b6b StaticDependenciesID=74e285588d110544946366d5cc7ba2f2 
Number of updated asset objects reloaded before import = 0
Number of asset objects unloaded after import = 0
========================================================================
Received Import Request.
  Time of request: 2026-09-19T15:08:30.1344159Z
  Time since last request: 0.0005684 seconds.
  importAddress: GUID: d6cb74ab64d3d476393e420d9d74dec4 - Path: Packages/com.unity.collections/Unity.Collections.PerformanceTests/NativeArraySortPerformanceTests.cs - Importer: ScriptedImporter/UnityEditor.QuickSearchModule:UnityEditor.Search:ASIAI0B
Importing 'GUID: d6cb74ab64d3d476393e420d9d74dec4 - Path: Packages/com.unity.collections/Unity.Collections.PerformanceTests/NativeArraySortPerformanceTests.cs - Importer: ScriptedImporter/UnityEditor.QuickSearchModule:UnityEditor.Search:ASIAI0B' with importer (ScriptedImporter : UnityEditor.QuickSearchModule:UnityEditor.Search:ASIAI0B)
Imported 'GUID: d6cb74ab64d3d476393e420d9d74dec4' -> (Import Result ID: '7446891b1c3995c7e93371bae60f1525') in 0.003 seconds [static and dynamic dependencies]. Details - ImportResultOutputID=3b67a36aea48f392c5226646afa4a253 DependenciesID=0dc0637d9dc40e6d0af0b07b92e258fe StaticDependenciesID=8b5112e04a0cd49c022925ffe13bb8d6 
Number of updated asset objects reloaded before import = 0
Number of asset objects unloaded after import = 0
========================================================================
Received Import Request.
  Time of request: 2026-09-19T15:08:30.1552832Z
  Time since last request: 0.0006221 seconds.
  importAddress: GUID: d625a8f5b6435b040873e7fe625dbbf8 - Path: Packages/com.unity.collections/Unity.Collections.PerformanceTests/QueueParallelPerformanceTests.cs - Importer: ScriptedImporter/UnityEditor.QuickSearchModule:UnityEditor.Search:ASIAI0B
Importing 'GUID: d625a8f5b6435b040873e7fe625dbbf8 - Path: Packages/com.unity.collections/Unity.Collections.PerformanceTests/QueueParallelPerformanceTests.cs - Importer: ScriptedImporter/UnityEditor.QuickSearchModule:UnityEditor.Search:ASIAI0B' with importer (ScriptedImporter : UnityEditor.QuickSearchModule:UnityEditor.Search:ASIAI0B)
Imported 'GUID: d625a8f5b6435b040873e7fe625dbbf8' -> (Import Result ID: 'abbd4a2c88dde664a5c8d8c4257b0962') in 0.004 seconds [static and dynamic dependencies]. Details - ImportResultOutputID=bc9163ac169624b6f3876e61c91ef61a DependenciesID=abdf4d0b9bb34e6c513c579c3fbe14f4 StaticDependenciesID=4a60f31b7b89c2e3b2d6c6526fe02a92 
Number of updated asset objects reloaded before import = 0
Number of asset objects unloaded after import = 0
========================================================================
Received Import Request.
  Time of request: 2026-09-19T15:08:30.1780532Z
  Time since last request: 0.0004581 seconds.
  importAddress: GUID: 7956c264a4f322048ae516dae097b33a - Path: Packages/com.unity.collections/Unity.Collections.PerformanceTests/BenchmarkContainer.cs - Importer: ScriptedImporter/UnityEditor.QuickSearchModule:UnityEditor.Search:ASIAI0B
Importing 'GUID: 7956c264a4f322048ae516dae097b33a - Path: Packages/com.unity.collections/Unity.Collections.PerformanceTests/BenchmarkContainer.cs - Importer: ScriptedImporter/UnityEditor.QuickSearchModule:UnityEditor.Search:ASIAI0B' with importer (ScriptedImporter : UnityEditor.QuickSearchModule:UnityEditor.Search:ASIAI0B)
Imported 'GUID: 7956c264a4f322048ae516dae097b33a' -> (Import Result ID: 'ecfd61f22d0f42560c834c436f14ed65') in 0.006 seconds [static and dynamic dependencies]. Details - ImportResultOutputID=5dc9523ccad1f3bdc5a3fa97b6ae991d DependenciesID=4fce5f8488fc2ac695c33767fefb560a StaticDependenciesID=e5f97b365641c8036e482644d89646c7 
Number of updated asset objects reloaded before import = 0
Number of asset objects unloaded after import = 0
========================================================================
Received Import Request.
  Time of request: 2026-09-19T15:08:30.2017172Z
  Time since last request: 0.0006857 seconds.
  importAddress: GUID: bb7e2d0f4a7b4c32b50c2d10849628f2 - Path: Packages/com.unity.collections/Unity.Collections.Tests/FixedStringBurstTests.cs - Importer: ScriptedImporter/UnityEditor.QuickSearchModule:UnityEditor.Search:ASIAI0B
Importing 'GUID: bb7e2d0f4a7b4c32b50c2d10849628f2 - Path: Packages/com.unity.collections/Unity.Collections.Tests/FixedStringBurstTests.cs - Importer: ScriptedImporter/UnityEditor.QuickSearchModule:UnityEditor.Search:ASIAI0B' with importer (ScriptedImporter : UnityEditor.QuickSearchModule:UnityEditor.Search:ASIAI0B)
Imported 'GUID: bb7e2d0f4a7b4c32b50c2d10849628f2' -> (Import Result ID: '8b248b876fc52093fc9d70b75dbd001e') in 0.004 seconds [static and dynamic dependencies]. Details - ImportResultOutputID=7706ae18bcf486741b9893c967b3d3bb DependenciesID=c61aa9b3ef219c3e7aabe25fc655dd72 StaticDependenciesID=06300e9f2f1f7f3a413a4b3813012a28 
Number of updated asset objects reloaded before import = 0
Number of asset objects unloaded after import = 0
========================================================================
Received Import Request.
  Time of request: 2026-09-19T15:08:30.2266467Z
  Time since last request: 0.0005731 seconds.
  importAddress: GUID: c36ef913bacb15447a97002bb91c9870 - Path: Packages/com.unity.collections/Unity.Collections.PerformanceTests/UnsafeStreamPerformanceTests.cs - Importer: ScriptedImporter/UnityEditor.QuickSearchModule:UnityEditor.Search:ASIAI0B
Importing 'GUID: c36ef913bacb15447a97002bb91c9870 - Path: Packages/com.unity.collections/Unity.Collections.PerformanceTests/UnsafeStreamPerformanceTests.cs - Importer: ScriptedImporter/UnityEditor.QuickSearchModule:UnityEditor.Search:ASIAI0B' with importer (ScriptedImporter : UnityEditor.QuickSearchModule:UnityEditor.Search:ASIAI0B)
Imported 'GUID: c36ef913bacb15447a97002bb91c9870' -> (Import Result ID: 'e8b4c61af8b7517dd1577f795bbac499') in 0.004 seconds [static and dynamic dependencies]. Details - ImportResultOutputID=195a3d8c5526ef4e4c3eb4cd2e5ac2a3 DependenciesID=850b9be45d85db206bdf1f118e37402c StaticDependenciesID=2c81fe58aefe9092d52674b4d4fbf72b 
Number of updated asset objects reloaded before import = 0
Number of asset objects unloaded after import = 0
========================================================================
Received Import Request.
  Time of request: 2026-09-19T15:08:30.2476749Z
  Time since last request: 0.0005885 seconds.
  importAddress: GUID: c1cfdf44d5b6d1e9aa671a48032fee86 - Path: Packages/com.unity.collections/Unity.Collections.LowLevel.ILSupport/Unity.Collections.LowLevel.ILSupport.dll - Importer: ScriptedImporter/UnityEditor.QuickSearchModule:UnityEditor.Search:ASIAI0B
Importing 'GUID: c1cfdf44d5b6d1e9aa671a48032fee86 - Path: Packages/com.unity.collections/Unity.Collections.LowLevel.ILSupport/Unity.Collections.LowLevel.ILSupport.dll - Importer: ScriptedImporter/UnityEditor.QuickSearchModule:UnityEditor.Search:ASIAI0B' with importer (ScriptedImporter : UnityEditor.QuickSearchModule:UnityEditor.Search:ASIAI0B)
Imported 'GUID: c1cfdf44d5b6d1e9aa671a48032fee86' -> (Import Result ID: 'e02190797f988566d1baafec5f3280a4') in 0.004 seconds [static and dynamic dependencies]. Details - ImportResultOutputID=6cfa9942da05f2395e0edfc5b59eccc9 DependenciesID=562ffe264efb3ad7b8d1a50c29bf3358 StaticDependenciesID=b1809e24a0599b82983e7943e6b752c7 
Number of updated asset objects reloaded before import = 0
Number of asset objects unloaded after import = 0
========================================================================
Received Import Request.
  Time of request: 2026-09-19T15:08:30.2839636Z
  Time since last request: 0.0111118 seconds.
  importAddress: GUID: 78ef485c88176444bae5f0fce37b4e29 - Path: Packages/com.unity.collections/Unity.Collections.Tests/NativeParallelHashSetTests.cs - Importer: ScriptedImporter/UnityEditor.QuickSearchModule:UnityEditor.Search:ASIAI0B
Importing 'GUID: 78ef485c88176444bae5f0fce37b4e29 - Path: Packages/com.unity.collections/Unity.Collections.Tests/NativeParallelHashSetTests.cs - Importer: ScriptedImporter/UnityEditor.QuickSearchModule:UnityEditor.Search:ASIAI0B' with importer (ScriptedImporter : UnityEditor.QuickSearchModule:UnityEditor.Search:ASIAI0B)
Imported 'GUID: 78ef485c88176444bae5f0fce37b4e29' -> (Import Result ID: '4211757ad558bf645ee65f003dc8feba') in 0.003 seconds [static and dynamic dependencies]. Details - ImportResultOutputID=5aa4254b02bdbf6feb2435d714ecd3f7 DependenciesID=90a1908d2e1892aac6af3a6da4efca17 StaticDependenciesID=0021cddce24d9b9516e3e99072126abf 
Number of updated asset objects reloaded before import = 0
Number of asset objects unloaded after import = 0
========================================================================
Received Import Request.
  Time of request: 2026-09-19T15:08:30.3066386Z
  Time since last request: 0.000888 seconds.
  importAddress: GUID: 5156390dc6b2ab64a83222b2fe68cd0f - Path: Packages/com.unity.collections/Unity.Collections.Tests/SpookyHashTests.cs - Importer: ScriptedImporter/UnityEditor.QuickSearchModule:UnityEditor.Search:ASIAI0B
Importing 'GUID: 5156390dc6b2ab64a83222b2fe68cd0f - Path: Packages/com.unity.collections/Unity.Collections.Tests/SpookyHashTests.cs - Importer: ScriptedImporter/UnityEditor.QuickSearchModule:UnityEditor.Search:ASIAI0B' with importer (ScriptedImporter : UnityEditor.QuickSearchModule:UnityEditor.Search:ASIAI0B)
Imported 'GUID: 5156390dc6b2ab64a83222b2fe68cd0f' -> (Import Result ID: 'dc6ac86fa20322ceb28433580077a26d') in 0.003 seconds [static and dynamic dependencies]. Details - ImportResultOutputID=1591560e465802dd75736ad739ea9b6d DependenciesID=de4aba115e26e073de457a29da268088 StaticDependenciesID=4102889ed6540053792ef6d0b9d0aad7 
Number of updated asset objects reloaded before import = 0
Number of asset objects unloaded after import = 0
========================================================================
Received Import Request.
  Time of request: 2026-09-19T15:08:30.3261973Z
  Time since last request: 0.000905 seconds.
  importAddress: GUID: 2d33d4223be73b4448d51d31323799fd - Path: Packages/com.unity.collections/Unity.Collections.Tests/UnsafeParallelMultiHashMapTests.cs - Importer: ScriptedImporter/UnityEditor.QuickSearchModule:UnityEditor.Search:ASIAI0B
Importing 'GUID: 2d33d4223be73b4448d51d31323799fd - Path: Packages/com.unity.collections/Unity.Collections.Tests/UnsafeParallelMultiHashMapTests.cs - Importer: ScriptedImporter/UnityEditor.QuickSearchModule:UnityEditor.Search:ASIAI0B' with importer (ScriptedImporter : UnityEditor.QuickSearchModule:UnityEditor.Search:ASIAI0B)
Imported 'GUID: 2d33d4223be73b4448d51d31323799fd' -> (Import Result ID: 'b986871690487779f620e6d51fcc3fb1') in 0.003 seconds [static and dynamic dependencies]. Details - ImportResultOutputID=fcdf22c4dedb4d7eedc2ce01c2d96c82 DependenciesID=9486abceb10a53d8f32cc1aeecd0b98d StaticDependenciesID=a2e969b9f0b10b2194828dc36f1c4763 
Number of updated asset objects reloaded before import = 0
Number of asset objects unloaded after import = 0
========================================================================
Received Import Request.
  Time of request: 2026-09-19T15:08:30.3442099Z
  Time since last request: 0.000829 seconds.
  importAddress: GUID: f492edc6c73b74b7f994f4e948d53302 - Path: Packages/com.unity.collections/Unity.Collections.Tests/NativeListTests.cs - Importer: ScriptedImporter/UnityEditor.QuickSearchModule:UnityEditor.Search:ASIAI0B
Importing 'GUID: f492edc6c73b74b7f994f4e948d53302 - Path: Packages/com.unity.collections/Unity.Collections.Tests/NativeListTests.cs - Importer: ScriptedImporter/UnityEditor.QuickSearchModule:UnityEditor.Search:ASIAI0B' with importer (ScriptedImporter : UnityEditor.QuickSearchModule:UnityEditor.Search:ASIAI0B)
Imported 'GUID: f492edc6c73b74b7f994f4e948d53302' -> (Import Result ID: 'c8a4ad6200dc6f258b98b2b22791b537') in 0.004 seconds [static and dynamic dependencies]. Details - ImportResultOutputID=d6e5efd455a6a0be34b9f029bea47316 DependenciesID=22d0fd1084d8a21c67b303012ee33806 StaticDependenciesID=70624cadb2a6541517cfde746b5e5d73 
Number of updated asset objects reloaded before import = 0
Number of asset objects unloaded after import = 0
========================================================================
Received Import Request.
  Time of request: 2026-09-19T15:08:30.3631864Z
  Time since last request: 0.0007892 seconds.
  importAddress: GUID: 4af3af31f23c85b4287da4d2acf87301 - Path: Packages/com.unity.collections/Unity.Collections.Tests.Playmode/FixedListPlaymodeTests.gen.cs - Importer: ScriptedImporter/UnityEditor.QuickSearchModule:UnityEditor.Search:ASIAI0B
Importing 'GUID: 4af3af31f23c85b4287da4d2acf87301 - Path: Packages/com.unity.collections/Unity.Collections.Tests.Playmode/FixedListPlaymodeTests.gen.cs - Importer: ScriptedImporter/UnityEditor.QuickSearchModule:UnityEditor.Search:ASIAI0B' with importer (ScriptedImporter : UnityEditor.QuickSearchModule:UnityEditor.Search:ASIAI0B)
Imported 'GUID: 4af3af31f23c85b4287da4d2acf87301' -> (Import Result ID: '89b5ad9a99448beae6aab95aaa33fb97') in 0.003 seconds [static and dynamic dependencies]. Details - ImportResultOutputID=98a57f3acedaa380fae35c22d60b423d DependenciesID=73a3145b82c87401da932ceca2aa9749 StaticDependenciesID=a0cde84307aef5eeac58f4f22885852b 
Number of updated asset objects reloaded before import = 0
Number of asset objects unloaded after import = 0
========================================================================
Received Import Request.
  Time of request: 2026-09-19T15:08:30.3846457Z
  Time since last request: 0.0008272 seconds.
  importAddress: GUID: 05b24f32afe304172bde605516dda297 - Path: Packages/com.unity.collections/Unity.Collections.Tests/NativeParallelMultiHashMapTests_InJobs.cs - Importer: ScriptedImporter/UnityEditor.QuickSearchModule:UnityEditor.Search:ASIAI0B
Importing 'GUID: 05b24f32afe304172bde605516dda297 - Path: Packages/com.unity.collections/Unity.Collections.Tests/NativeParallelMultiHashMapTests_InJobs.cs - Importer: ScriptedImporter/UnityEditor.QuickSearchModule:UnityEditor.Search:ASIAI0B' with importer (ScriptedImporter : UnityEditor.QuickSearchModule:UnityEditor.Search:ASIAI0B)
Imported 'GUID: 05b24f32afe304172bde605516dda297' -> (Import Result ID: '3a749dbd24ea344db3e2eadf54b7c5e8') in 0.003 seconds [static and dynamic dependencies]. Details - ImportResultOutputID=2d5fafcac949e368831a1ffc6dcae4e0 DependenciesID=8ffbaa929ef8ee7676a3eacefdd096e3 StaticDependenciesID=7bc7bc77ce5b06c08d92a45e50ddab75 
Number of updated asset objects reloaded before import = 0
Number of asset objects unloaded after import = 0
========================================================================
Received Import Request.
  Time of request: 2026-09-19T15:08:30.4008267Z
  Time since last request: 0.0006312 seconds.
  importAddress: GUID: 7d0e2c4064f24e889a36d5635f4f857d - Path: Packages/com.unity.collections/Unity.Collections.Tests/xxHash3Tests.cs - Importer: ScriptedImporter/UnityEditor.QuickSearchModule:UnityEditor.Search:ASIAI0B
Importing 'GUID: 7d0e2c4064f24e889a36d5635f4f857d - Path: Packages/com.unity.collections/Unity.Collections.Tests/xxHash3Tests.cs - Importer: ScriptedImporter/UnityEditor.QuickSearchModule:UnityEditor.Search:ASIAI0B' with importer (ScriptedImporter : UnityEditor.QuickSearchModule:UnityEditor.Search:ASIAI0B)
Imported 'GUID: 7d0e2c4064f24e889a36d5635f4f857d' -> (Import Result ID: 'fc00b3cae8a9cd109296fb2ed35183cb') in 0.004 seconds [static and dynamic dependencies]. Details - ImportResultOutputID=3171523998a7c57b25f456d3d0d1615a DependenciesID=5e57838b75dfbbb5b341c231bc033392 StaticDependenciesID=1de764bdb09289ce9b95c2f652e1669a 
Number of updated asset objects reloaded before import = 0
Number of asset objects unloaded after import = 0
========================================================================
Received Import Request.
  Time of request: 2026-09-19T15:08:30.4216151Z
  Time since last request: 0.0005698 seconds.
  importAddress: GUID: d0fbdee3cefe411478fe3cd19d0b0edf - Path: Packages/com.unity.collections/Unity.Collections.PerformanceTests/Unity.PerformanceTesting.Benchmark/BenchmarkGenerator.cs - Importer: ScriptedImporter/UnityEditor.QuickSearchModule:UnityEditor.Search:ASIAI0B
Importing 'GUID: d0fbdee3cefe411478fe3cd19d0b0edf - Path: Packages/com.unity.collections/Unity.Collections.PerformanceTests/Unity.PerformanceTesting.Benchmark/BenchmarkGenerator.cs - Importer: ScriptedImporter/UnityEditor.QuickSearchModule:UnityEditor.Search:ASIAI0B' with importer (ScriptedImporter : UnityEditor.QuickSearchModule:UnityEditor.Search:ASIAI0B)
Imported 'GUID: d0fbdee3cefe411478fe3cd19d0b0edf' -> (Import Result ID: 'eaf295c9ba6ab5a0c3ef92a5cfd8f849') in 0.003 seconds [static and dynamic dependencies]. Details - ImportResultOutputID=1db90bba3cf11bb72ec0a0ca7dc768dc DependenciesID=84de88a2542bcebe1fc4eb43c746915e StaticDependenciesID=2d22cf61c8ca0c818d48de675515b466 
Number of updated asset objects reloaded before import = 0
Number of asset objects unloaded after import = 0
========================================================================
Received Import Request.
  Time of request: 2026-09-19T15:08:30.4425802Z
  Time since last request: 0.0008081 seconds.
  importAddress: GUID: eebf40a7db1244e6782a238f4c5d279b - Path: Packages/com.unity.collections/Unity.Collections.Tests/NativeListTests_JobDebugger.cs - Importer: ScriptedImporter/UnityEditor.QuickSearchModule:UnityEditor.Search:ASIAI0B
Importing 'GUID: eebf40a7db1244e6782a238f4c5d279b - Path: Packages/com.unity.collections/Unity.Collections.Tests/NativeListTests_JobDebugger.cs - Importer: ScriptedImporter/UnityEditor.QuickSearchModule:UnityEditor.Search:ASIAI0B' with importer (ScriptedImporter : UnityEditor.QuickSearchModule:UnityEditor.Search:ASIAI0B)
Imported 'GUID: eebf40a7db1244e6782a238f4c5d279b' -> (Import Result ID: 'dae275ba23ef7942fc4c6661fe385479') in 0.003 seconds [static and dynamic dependencies]. Details - ImportResultOutputID=018745676e716d00e5e54244066ff695 DependenciesID=8568f29cc6b57049b353ffdf7e49bd80 StaticDependenciesID=2eba439f9ac84c46fbe17672097c79ca 
Number of updated asset objects reloaded before import = 0
Number of asset objects unloaded after import = 0
========================================================================
Received Import Request.
  Time of request: 2026-09-19T15:08:30.4611341Z
  Time since last request: 0.0005642 seconds.
  importAddress: GUID: d35de0fc3fdf6cd4d8cc89e32adcfd92 - Path: Packages/com.unity.collections/Unity.Collections.Tests/UnsafeQueueTests_InJobs.cs - Importer: ScriptedImporter/UnityEditor.QuickSearchModule:UnityEditor.Search:ASIAI0B
Importing 'GUID: d35de0fc3fdf6cd4d8cc89e32adcfd92 - Path: Packages/com.unity.collections/Unity.Collections.Tests/UnsafeQueueTests_InJobs.cs - Importer: ScriptedImporter/UnityEditor.QuickSearchModule:UnityEditor.Search:ASIAI0B' with importer (ScriptedImporter : UnityEditor.QuickSearchModule:UnityEditor.Search:ASIAI0B)
Imported 'GUID: d35de0fc3fdf6cd4d8cc89e32adcfd92' -> (Import Result ID: '88c39be7aa00590a23754d9cde3aadf3') in 0.003 seconds [static and dynamic dependencies]. Details - ImportResultOutputID=ab5f2b3b7f4d81d7c47d510939935431 DependenciesID=608b01911069037b3d455ba9fdbef774 StaticDependenciesID=25bab0314c0c2b5fae1a45fd90a387ea 
Number of updated asset objects reloaded before import = 0
Number of asset objects unloaded after import = 0
========================================================================
Received Import Request.
  Time of request: 2026-09-19T15:08:30.4807274Z
  Time since last request: 0.0010278 seconds.
  importAddress: GUID: ce62bb2f0aba64563accb50660276cff - Path: Packages/com.unity.collections/Unity.Collections.Tests/NativeStreamTests.cs - Importer: ScriptedImporter/UnityEditor.QuickSearchModule:UnityEditor.Search:ASIAI0B
Importing 'GUID: ce62bb2f0aba64563accb50660276cff - Path: Packages/com.unity.collections/Unity.Collections.Tests/NativeStreamTests.cs - Importer: ScriptedImporter/UnityEditor.QuickSearchModule:UnityEditor.Search:ASIAI0B' with importer (ScriptedImporter : UnityEditor.QuickSearchModule:UnityEditor.Search:ASIAI0B)
Imported 'GUID: ce62bb2f0aba64563accb50660276cff' -> (Import Result ID: '3dc3f39270820e153346284ad945308f') in 0.003 seconds [static and dynamic dependencies]. Details - ImportResultOutputID=fb5689b6f858afe0e41f24873a7ecf6f DependenciesID=79c4672c6a9d4c1b01589e57fadfda8b StaticDependenciesID=e4fead3d2c31fdecca8c29bc72d7174f 
Number of updated asset objects reloaded before import = 0
Number of asset objects unloaded after import = 0
========================================================================
Received Import Request.
  Time of request: 2026-09-19T15:08:30.5028711Z
  Time since last request: 0.0005998 seconds.
  importAddress: GUID: c8a96cba3114f4a3e91b0546fdcd0397 - Path: Packages/com.unity.collections/Unity.Collections.Tests/NativeContainerTests_ValidateTypesFixture.cs - Importer: ScriptedImporter/UnityEditor.QuickSearchModule:UnityEditor.Search:ASIAI0B
Importing 'GUID: c8a96cba3114f4a3e91b0546fdcd0397 - Path: Packages/com.unity.collections/Unity.Collections.Tests/NativeContainerTests_ValidateTypesFixture.cs - Importer: ScriptedImporter/UnityEditor.QuickSearchModule:UnityEditor.Search:ASIAI0B' with importer (ScriptedImporter : UnityEditor.QuickSearchModule:UnityEditor.Search:ASIAI0B)
Imported 'GUID: c8a96cba3114f4a3e91b0546fdcd0397' -> (Import Result ID: '202dae1ea29fd763369bdc9308cd3cbe') in 0.005 seconds [static and dynamic dependencies]. Details - ImportResultOutputID=1cf3b38eb8ee0860c80a9aa86dfbc7e0 DependenciesID=9b7b05557caee5cda62530a8111c6488 StaticDependenciesID=a7f6a0e5953ae9fbf0c2f2aff1a0cd1c 
Number of updated asset objects reloaded before import = 0
Number of asset objects unloaded after import = 0
========================================================================
Received Import Request.
  Time of request: 2026-09-19T15:08:30.5276823Z
  Time since last request: 0.0008563 seconds.
  importAddress: GUID: 175a9e4a17bf01748b02c5c1c653d091 - Path: Packages/com.unity.collections/Unity.Collections.Tests/NativeSortTests.tt - Importer: ScriptedImporter/UnityEditor.QuickSearchModule:UnityEditor.Search:ASIAI0B
Importing 'GUID: 175a9e4a17bf01748b02c5c1c653d091 - Path: Packages/com.unity.collections/Unity.Collections.Tests/NativeSortTests.tt - Importer: ScriptedImporter/UnityEditor.QuickSearchModule:UnityEditor.Search:ASIAI0B' with importer (ScriptedImporter : UnityEditor.QuickSearchModule:UnityEditor.Search:ASIAI0B)
Imported 'GUID: 175a9e4a17bf01748b02c5c1c653d091' -> (Import Result ID: '28bba51eac733634e625b95e48fe3657') in 0.004 seconds [static and dynamic dependencies]. Details - ImportResultOutputID=adda2abccf8fc76ebee75689ef23fa69 DependenciesID=b24cdc0cbbb46be397483c09390a5f90 StaticDependenciesID=70d4dead6492ca1282b8627c12924f15 
Number of updated asset objects reloaded before import = 0
Number of asset objects unloaded after import = 1
========================================================================
Received Import Request.
  Time of request: 2026-09-19T15:08:30.5515279Z
  Time since last request: 0.0015032 seconds.
  importAddress: GUID: a915ab4289326f442bb155465a18b013 - Path: Packages/com.unity.collections/Unity.Collections.PerformanceTests/Unity.PerformanceTesting.Benchmark/MarkdownBuilder.cs - Importer: ScriptedImporter/UnityEditor.QuickSearchModule:UnityEditor.Search:ASIAI0B
Importing 'GUID: a915ab4289326f442bb155465a18b013 - Path: Packages/com.unity.collections/Unity.Collections.PerformanceTests/Unity.PerformanceTesting.Benchmark/MarkdownBuilder.cs - Importer: ScriptedImporter/UnityEditor.QuickSearchModule:UnityEditor.Search:ASIAI0B' with importer (ScriptedImporter : UnityEditor.QuickSearchModule:UnityEditor.Search:ASIAI0B)
Imported 'GUID: a915ab4289326f442bb155465a18b013' -> (Import Result ID: 'fdb924a28b1f7c41ecadae2e61e7837b') in 0.003 seconds [static and dynamic dependencies]. Details - ImportResultOutputID=b3a0485d329f3dd84fee97afc3b41a87 DependenciesID=01ce0c46bc599fe0f3c8d68d7dde8947 StaticDependenciesID=d3d4ccb9d943e5433d52d6f52b034f1b 
Number of updated asset objects reloaded before import = 0
Number of asset objects unloaded after import = 0
========================================================================
Received Import Request.
  Time of request: 2026-09-19T15:08:30.5749106Z
  Time since last request: 0.0004535 seconds.
  importAddress: GUID: edf89c00aa475ae48a7726b87fc0f00c - Path: Packages/com.unity.collections/Unity.Collections.Tests/NativeParallelHashSetTests.tt - Importer: ScriptedImporter/UnityEditor.QuickSearchModule:UnityEditor.Search:ASIAI0B
Importing 'GUID: edf89c00aa475ae48a7726b87fc0f00c - Path: Packages/com.unity.collections/Unity.Collections.Tests/NativeParallelHashSetTests.tt - Importer: ScriptedImporter/UnityEditor.QuickSearchModule:UnityEditor.Search:ASIAI0B' with importer (ScriptedImporter : UnityEditor.QuickSearchModule:UnityEditor.Search:ASIAI0B)
Imported 'GUID: edf89c00aa475ae48a7726b87fc0f00c' -> (Import Result ID: 'df2382df256dacc4bcde81dc7ccf9eb4') in 0.003 seconds [static and dynamic dependencies]. Details - ImportResultOutputID=e518e818b5f46f74daf3dbd199d951a9 DependenciesID=59eced3101cf1e99eef7b295f1c6ed48 StaticDependenciesID=d6875a419698a73e66009fa9d392cf76 
Number of updated asset objects reloaded before import = 0
Number of asset objects unloaded after import = 1
========================================================================
Received Import Request.
  Time of request: 2026-09-19T15:08:30.5911579Z
  Time since last request: 0.0006884 seconds.
  importAddress: GUID: 400ea57eaa639b547a8553b7678f167a - Path: Packages/com.unity.collections/Unity.Collections.Tests/NativeParallelHashSetTests.gen.cs - Importer: ScriptedImporter/UnityEditor.QuickSearchModule:UnityEditor.Search:ASIAI0B
Importing 'GUID: 400ea57eaa639b547a8553b7678f167a - Path: Packages/com.unity.collections/Unity.Collections.Tests/NativeParallelHashSetTests.gen.cs - Importer: ScriptedImporter/UnityEditor.QuickSearchModule:UnityEditor.Search:ASIAI0B' with importer (ScriptedImporter : UnityEditor.QuickSearchModule:UnityEditor.Search:ASIAI0B)
Imported 'GUID: 400ea57eaa639b547a8553b7678f167a' -> (Import Result ID: 'd361f5fb23c45c02c00c7bbef575b09c') in 0.003 seconds [static and dynamic dependencies]. Details - ImportResultOutputID=a7bc00166d9a8b136387734334919f65 DependenciesID=8abbfbb809291835e64dbc15a652e343 StaticDependenciesID=60dd32f36f0a1d390c3a8f2783c7cc07 
Number of updated asset objects reloaded before import = 0
Number of asset objects unloaded after import = 0
========================================================================
Received Import Request.
  Time of request: 2026-09-19T15:08:30.6144568Z
  Time since last request: 0.0006324 seconds.
  importAddress: GUID: fd28abb4e35d9472389061aeb5494474 - Path: Packages/com.unity.collections/Unity.Collections.Tests/UnsafeUtilityTests.cs - Importer: ScriptedImporter/UnityEditor.QuickSearchModule:UnityEditor.Search:ASIAI0B
Importing 'GUID: fd28abb4e35d9472389061aeb5494474 - Path: Packages/com.unity.collections/Unity.Collections.Tests/UnsafeUtilityTests.cs - Importer: ScriptedImporter/UnityEditor.QuickSearchModule:UnityEditor.Search:ASIAI0B' with importer (ScriptedImporter : UnityEditor.QuickSearchModule:UnityEditor.Search:ASIAI0B)
Imported 'GUID: fd28abb4e35d9472389061aeb5494474' -> (Import Result ID: '23945d820c242c50ec8498b2d74a0abc') in 0.003 seconds [static and dynamic dependencies]. Details - ImportResultOutputID=5fe460e0e7673703ca7ea3cb1b54d817 DependenciesID=83a309ae3c6a77796e02809695c45370 StaticDependenciesID=968d8971e38deef83b590abbc9bdb841 
Number of updated asset objects reloaded before import = 0
Number of asset objects unloaded after import = 0
========================================================================
Received Import Request.
  Time of request: 2026-09-19T15:08:30.637509Z
  Time since last request: 0.0007574 seconds.
  importAddress: GUID: ad8b28c0bd73eb94cbbaffc184e68af1 - Path: Packages/com.unity.collections/Unity.Collections/Jobs/IJobParallelForDefer.cs - Importer: ScriptedImporter/UnityEditor.QuickSearchModule:UnityEditor.Search:ASIAI0B
Importing 'GUID: ad8b28c0bd73eb94cbbaffc184e68af1 - Path: Packages/com.unity.collections/Unity.Collections/Jobs/IJobParallelForDefer.cs - Importer: ScriptedImporter/UnityEditor.QuickSearchModule:UnityEditor.Search:ASIAI0B' with importer (ScriptedImporter : UnityEditor.QuickSearchModule:UnityEditor.Search:ASIAI0B)
Imported 'GUID: ad8b28c0bd73eb94cbbaffc184e68af1' -> (Import Result ID: '3a0dc9751abf6bee9ca3b175ffc53b96') in 0.003 seconds [static and dynamic dependencies]. Details - ImportResultOutputID=422074329ef10a82c93bc47a80814fb3 DependenciesID=eace6b09a95fe137268b95c7744e776b StaticDependenciesID=dd0cfdb895b71943a5c1d3127818425b 
Number of updated asset objects reloaded before import = 0
Number of asset objects unloaded after import = 0
========================================================================
Received Import Request.
  Time of request: 2026-09-19T15:08:30.6557084Z
  Time since last request: 0.0007002 seconds.
  importAddress: GUID: f07b7acbd86c449cbe60089bd4f5a245 - Path: Packages/com.unity.collections/Unity.Collections.Tests/UnsafeStreamTests.cs - Importer: ScriptedImporter/UnityEditor.QuickSearchModule:UnityEditor.Search:ASIAI0B
Importing 'GUID: f07b7acbd86c449cbe60089bd4f5a245 - Path: Packages/com.unity.collections/Unity.Collections.Tests/UnsafeStreamTests.cs - Importer: ScriptedImporter/UnityEditor.QuickSearchModule:UnityEditor.Search:ASIAI0B' with importer (ScriptedImporter : UnityEditor.QuickSearchModule:UnityEditor.Search:ASIAI0B)
Imported 'GUID: f07b7acbd86c449cbe60089bd4f5a245' -> (Import Result ID: '8fbac18b7afc2943f92c7a561b06195c') in 0.004 seconds [static and dynamic dependencies]. Details - ImportResultOutputID=7927faf77954b32df34213a14f76e461 DependenciesID=4c6141e56131447e8259f61f5ae6a133 StaticDependenciesID=4e347f6e4b5b2ce82000b57de22624f6 
Number of updated asset objects reloaded before import = 0
Number of asset objects unloaded after import = 0
========================================================================
Received Import Request.
  Time of request: 2026-09-19T15:08:30.6764765Z
  Time since last request: 0.0005182 seconds.
  importAddress: GUID: 1c4f87267cc02d948a6a332c8768cd23 - Path: Packages/com.unity.collections/Unity.Collections.Tests/UnsafeListTests.cs - Importer: ScriptedImporter/UnityEditor.QuickSearchModule:UnityEditor.Search:ASIAI0B
Importing 'GUID: 1c4f87267cc02d948a6a332c8768cd23 - Path: Packages/com.unity.collections/Unity.Collections.Tests/UnsafeListTests.cs - Importer: ScriptedImporter/UnityEditor.QuickSearchModule:UnityEditor.Search:ASIAI0B' with importer (ScriptedImporter : UnityEditor.QuickSearchModule:UnityEditor.Search:ASIAI0B)
Imported 'GUID: 1c4f87267cc02d948a6a332c8768cd23' -> (Import Result ID: '14e27f06687a560c92133aa2987019b8') in 0.004 seconds [static and dynamic dependencies]. Details - ImportResultOutputID=4702fb56558828aa217730244abdc2bd DependenciesID=80a72fb0bbe3409c1164ae1551a6d3a6 StaticDependenciesID=f4e42fe89173f555792f72a62dba3104 
Number of updated asset objects reloaded before import = 0
Number of asset objects unloaded after import = 0
========================================================================
Received Import Request.
  Time of request: 2026-09-19T15:08:30.6954688Z
  Time since last request: 0.0005346 seconds.
  importAddress: GUID: f92c32975f7059949a65dedf00f850c5 - Path: Packages/com.unity.collections/Unity.Collections.Tests/NativeHashSetTests.cs - Importer: ScriptedImporter/UnityEditor.QuickSearchModule:UnityEditor.Search:ASIAI0B
Importing 'GUID: f92c32975f7059949a65dedf00f850c5 - Path: Packages/com.unity.collections/Unity.Collections.Tests/NativeHashSetTests.cs - Importer: ScriptedImporter/UnityEditor.QuickSearchModule:UnityEditor.Search:ASIAI0B' with importer (ScriptedImporter : UnityEditor.QuickSearchModule:UnityEditor.Search:ASIAI0B)
Imported 'GUID: f92c32975f7059949a65dedf00f850c5' -> (Import Result ID: '8b948e601a5fef511bbfe6557e89cd76') in 0.004 seconds [static and dynamic dependencies]. Details - ImportResultOutputID=c4e7d6c59cfb0cb4e7631d4d427285ad DependenciesID=1ebe12ff740b0d630fd1d78441c8dc17 StaticDependenciesID=21e0c06b79b4a4d78ab6e7f2209f948d 
Number of updated asset objects reloaded before import = 0
Number of asset objects unloaded after import = 0
========================================================================
Received Import Request.
  Time of request: 2026-09-19T15:08:30.7169452Z
  Time since last request: 0.0007325 seconds.
  importAddress: GUID: ad64d0820d4d7924d9ffb4f53ad1b75e - Path: Packages/com.unity.collections/Unity.Collections.Tests/UnsafeParallelHashMapTests.cs - Importer: ScriptedImporter/UnityEditor.QuickSearchModule:UnityEditor.Search:ASIAI0B
Importing 'GUID: ad64d0820d4d7924d9ffb4f53ad1b75e - Path: Packages/com.unity.collections/Unity.Collections.Tests/UnsafeParallelHashMapTests.cs - Importer: ScriptedImporter/UnityEditor.QuickSearchModule:UnityEditor.Search:ASIAI0B' with importer (ScriptedImporter : UnityEditor.QuickSearchModule:UnityEditor.Search:ASIAI0B)
Imported 'GUID: ad64d0820d4d7924d9ffb4f53ad1b75e' -> (Import Result ID: '8108765de848e93345adec49a9a1102c') in 0.003 seconds [static and dynamic dependencies]. Details - ImportResultOutputID=d9dc2f57cc1d39fab871c35ebcae9dad DependenciesID=35ed80335ecbcd6b9ec22ba3eade7d18 StaticDependenciesID=bac900e2425e4908385473241c7fbfc6 
Number of updated asset objects reloaded before import = 0
Number of asset objects unloaded after import = 0
========================================================================
Received Import Request.
  Time of request: 2026-09-19T15:08:30.7460009Z
  Time since last request: 0.0074765 seconds.
  importAddress: GUID: 3fe161b2564a4d318026d694ffdb0520 - Path: Packages/com.unity.searcher/Editor/Searcher/SearcherWindow.cs - Importer: ScriptedImporter/UnityEditor.QuickSearchModule:UnityEditor.Search:ASIAI0B
Importing 'GUID: 3fe161b2564a4d318026d694ffdb0520 - Path: Packages/com.unity.searcher/Editor/Searcher/SearcherWindow.cs - Importer: ScriptedImporter/UnityEditor.QuickSearchModule:UnityEditor.Search:ASIAI0B' with importer (ScriptedImporter : UnityEditor.QuickSearchModule:UnityEditor.Search:ASIAI0B)
Imported 'GUID: 3fe161b2564a4d318026d694ffdb0520' -> (Import Result ID: 'a697e782b57734f3e519657e5aff8f20') in 0.003 seconds [static and dynamic dependencies]. Details - ImportResultOutputID=783d2d68cdb649e64d04f2033d5635c3 DependenciesID=3baa211d75fa140f06609e176f5b19a0 StaticDependenciesID=d988b96b770481fe519d5c1f352f402b 
Number of updated asset objects reloaded before import = 0
Number of asset objects unloaded after import = 0
========================================================================
Received Import Request.
  Time of request: 2026-09-19T15:08:30.7661691Z
  Time since last request: 0.0006546 seconds.
  importAddress: GUID: bee4d1a67e1b73e4795e1f0929908600 - Path: Packages/com.unity.collections/Unity.Collections.Tests/Jobs/CoreCLRTestAssemblies/PublicJobPrivateGeneric/PublicJobPrivateGenericTestJob.cs - Importer: ScriptedImporter/UnityEditor.QuickSearchModule:UnityEditor.Search:ASIAI0B
Importing 'GUID: bee4d1a67e1b73e4795e1f0929908600 - Path: Packages/com.unity.collections/Unity.Collections.Tests/Jobs/CoreCLRTestAssemblies/PublicJobPrivateGeneric/PublicJobPrivateGenericTestJob.cs - Importer: ScriptedImporter/UnityEditor.QuickSearchModule:UnityEditor.Search:ASIAI0B' with importer (ScriptedImporter : UnityEditor.QuickSearchModule:UnityEditor.Search:ASIAI0B)
Imported 'GUID: bee4d1a67e1b73e4795e1f0929908600' -> (Import Result ID: '762102387e0441a3ed3362b9ae84583b') in 0.003 seconds [static and dynamic dependencies]. Details - ImportResultOutputID=9f7446e3589ea4bf904146c6bcad040c DependenciesID=d657ab70bb1e58034b4c472b35328aea StaticDependenciesID=78f2bde279a49e0c1e6c8ae7526be0e1 
Number of updated asset objects reloaded before import = 0
Number of asset objects unloaded after import = 0
========================================================================
Received Import Request.
  Time of request: 2026-09-19T15:08:30.7860762Z
  Time since last request: 0.0005484 seconds.
  importAddress: GUID: 9fc87c3ee46f3b34e97e18e4fcac8151 - Path: Packages/com.unity.nuget.mono-cecil/LICENSE.md - Importer: ScriptedImporter/UnityEditor.QuickSearchModule:UnityEditor.Search:ASIAI0B
Importing 'GUID: 9fc87c3ee46f3b34e97e18e4fcac8151 - Path: Packages/com.unity.nuget.mono-cecil/LICENSE.md - Importer: ScriptedImporter/UnityEditor.QuickSearchModule:UnityEditor.Search:ASIAI0B' with importer (ScriptedImporter : UnityEditor.QuickSearchModule:UnityEditor.Search:ASIAI0B)
Imported 'GUID: 9fc87c3ee46f3b34e97e18e4fcac8151' -> (Import Result ID: 'e4552ebaa839854703585b2c11884848') in 0.004 seconds [static and dynamic dependencies]. Details - ImportResultOutputID=8a0bb5c26580317b5879590f1ffd9d26 DependenciesID=742fa7b1be6fa65ba84108dabe834248 StaticDependenciesID=02cbfbb39c3e3daf2cb8a4b49d26911d 
Number of updated asset objects reloaded before import = 0
Number of asset objects unloaded after import = 1
========================================================================
Received Import Request.
  Time of request: 2026-09-19T15:08:30.8087581Z
  Time since last request: 0.0004693 seconds.
  importAddress: GUID: 36d0e1be06be93249a0ffa0c8356e69e - Path: Packages/com.unity.collections/Unity.Collections.Tests/Jobs/JobStressTests.cs - Importer: ScriptedImporter/UnityEditor.QuickSearchModule:UnityEditor.Search:ASIAI0B
Importing 'GUID: 36d0e1be06be93249a0ffa0c8356e69e - Path: Packages/com.unity.collections/Unity.Collections.Tests/Jobs/JobStressTests.cs - Importer: ScriptedImporter/UnityEditor.QuickSearchModule:UnityEditor.Search:ASIAI0B' with importer (ScriptedImporter : UnityEditor.QuickSearchModule:UnityEditor.Search:ASIAI0B)
Imported 'GUID: 36d0e1be06be93249a0ffa0c8356e69e' -> (Import Result ID: 'd14ca705fa1f263af3df407f871d3d3b') in 0.004 seconds [static and dynamic dependencies]. Details - ImportResultOutputID=bf37bce0c288e012451a8574cd0cd4e2 DependenciesID=755826f382a7a3155e80b1a7d87544fe StaticDependenciesID=8bf4b4eab72993f1c74064658b3a23ee 
Number of updated asset objects reloaded before import = 0
Number of asset objects unloaded after import = 0
========================================================================
Received Import Request.
  Time of request: 2026-09-19T15:08:30.8297011Z
  Time since last request: 0.0005121 seconds.
  importAddress: GUID: 1a4266815e998967becf686f9c71f0a6 - Path: Packages/com.unity.modules.physics/package.json - Importer: ScriptedImporter/UnityEditor.QuickSearchModule:UnityEditor.Search:ASIAI0B
Importing 'GUID: 1a4266815e998967becf686f9c71f0a6 - Path: Packages/com.unity.modules.physics/package.json - Importer: ScriptedImporter/UnityEditor.QuickSearchModule:UnityEditor.Search:ASIAI0B' with importer (ScriptedImporter : UnityEditor.QuickSearchModule:UnityEditor.Search:ASIAI0B)
Imported 'GUID: 1a4266815e998967becf686f9c71f0a6' -> (Import Result ID: '1b5504e8910b5706fc206d73aacbb249') in 0.003 seconds [static and dynamic dependencies]. Details - ImportResultOutputID=662d208a0445856dbc38df4dda7f3ae5 DependenciesID=f631b784c3b6183f3e7ad4c3b8f76360 StaticDependenciesID=d4376a5abac6d2aea7cbdb703c7de234 
Number of updated asset objects reloaded before import = 0
Number of asset objects unloaded after import = 1
========================================================================
Received Import Request.
  Time of request: 2026-09-19T15:08:30.8518413Z
  Time since last request: 0.0007452 seconds.
  importAddress: GUID: 298bc460cd9598745b3b942e70574db0 - Path: Packages/com.unity.collections/Unity.Collections.Tests/Jobs/CoreCLRTestAssemblies/InternalJobNestedPrivate/InternalJobNestedPrivate.asmdef - Importer: ScriptedImporter/UnityEditor.QuickSearchModule:UnityEditor.Search:ASIAI0B
Importing 'GUID: 298bc460cd9598745b3b942e70574db0 - Path: Packages/com.unity.collections/Unity.Collections.Tests/Jobs/CoreCLRTestAssemblies/InternalJobNestedPrivate/InternalJobNestedPrivate.asmdef - Importer: ScriptedImporter/UnityEditor.QuickSearchModule:UnityEditor.Search:ASIAI0B' with importer (ScriptedImporter : UnityEditor.QuickSearchModule:UnityEditor.Search:ASIAI0B)
Imported 'GUID: 298bc460cd9598745b3b942e70574db0' -> (Import Result ID: '63ae8a44304975ebf260e7f341a1e739') in 0.003 seconds [static and dynamic dependencies]. Details - ImportResultOutputID=94251d1071cb98b031de85ad3d3858fa DependenciesID=c5c0a867dd890cd894d35a27309b4388 StaticDependenciesID=494c204cec9180d23cd6217ce0cc6e0e 
Number of updated asset objects reloaded before import = 0
Number of asset objects unloaded after import = 1
========================================================================
Received Import Request.
  Time of request: 2026-09-19T15:08:30.8710026Z
  Time since last request: 0.0008144 seconds.
  importAddress: GUID: 20f869e4fe46bb44a8b56a58904e705c - Path: Packages/com.unity.searcher/Editor/Searcher/SearcherDatabaseBase.cs - Importer: ScriptedImporter/UnityEditor.QuickSearchModule:UnityEditor.Search:ASIAI0B
Importing 'GUID: 20f869e4fe46bb44a8b56a58904e705c - Path: Packages/com.unity.searcher/Editor/Searcher/SearcherDatabaseBase.cs - Importer: ScriptedImporter/UnityEditor.QuickSearchModule:UnityEditor.Search:ASIAI0B' with importer (ScriptedImporter : UnityEditor.QuickSearchModule:UnityEditor.Search:ASIAI0B)
Imported 'GUID: 20f869e4fe46bb44a8b56a58904e705c' -> (Import Result ID: '688f3374199707b0d95c884cd64c5537') in 0.004 seconds [static and dynamic dependencies]. Details - ImportResultOutputID=d730a540e37eba663a253a293f3b5d14 DependenciesID=9afe48db9fc2cccfc1baef946e305f7b StaticDependenciesID=207d5941956b1a3bfc63a1ef84cb4bd2 
Number of updated asset objects reloaded before import = 0
Number of asset objects unloaded after import = 0
========================================================================
Received Import Request.
  Time of request: 2026-09-19T15:08:30.8912148Z
  Time since last request: 0.0005431 seconds.
  importAddress: GUID: 2d0dcfb487a314b6e9f87af7a2280043 - Path: Packages/com.unity.nuget.mono-cecil/Tests/Editor/MonoCecilEditorTests.cs - Importer: ScriptedImporter/UnityEditor.QuickSearchModule:UnityEditor.Search:ASIAI0B
Importing 'GUID: 2d0dcfb487a314b6e9f87af7a2280043 - Path: Packages/com.unity.nuget.mono-cecil/Tests/Editor/MonoCecilEditorTests.cs - Importer: ScriptedImporter/UnityEditor.QuickSearchModule:UnityEditor.Search:ASIAI0B' with importer (ScriptedImporter : UnityEditor.QuickSearchModule:UnityEditor.Search:ASIAI0B)
Imported 'GUID: 2d0dcfb487a314b6e9f87af7a2280043' -> (Import Result ID: '25281efab6acd3694c3ac2e53db0a5d7') in 0.004 seconds [static and dynamic dependencies]. Details - ImportResultOutputID=19fc8bd566dd1571eb4946d919fc6c77 DependenciesID=90c568425d7be348d3a58c710327a3d6 StaticDependenciesID=9b61ee68570a359916a4318d43ce3265 
Number of updated asset objects reloaded before import = 0
Number of asset objects unloaded after import = 0
========================================================================
Received Import Request.
  Time of request: 2026-09-19T15:08:30.9103399Z
  Time since last request: 0.0006344 seconds.
  importAddress: GUID: e776b2ad22d88f241979d4073e91f61d - Path: Packages/com.unity.collections/Unity.Collections.Tests/Jobs/CoreCLRTestAssemblies/InternalJobNestedPrivate/InternalJobNestedPrivate.cs - Importer: ScriptedImporter/UnityEditor.QuickSearchModule:UnityEditor.Search:ASIAI0B
Importing 'GUID: e776b2ad22d88f241979d4073e91f61d - Path: Packages/com.unity.collections/Unity.Collections.Tests/Jobs/CoreCLRTestAssemblies/InternalJobNestedPrivate/InternalJobNestedPrivate.cs - Importer: ScriptedImporter/UnityEditor.QuickSearchModule:UnityEditor.Search:ASIAI0B' with importer (ScriptedImporter : UnityEditor.QuickSearchModule:UnityEditor.Search:ASIAI0B)
Imported 'GUID: e776b2ad22d88f241979d4073e91f61d' -> (Import Result ID: '5666c611ec8cc9d39767ad4e7a52a723') in 0.004 seconds [static and dynamic dependencies]. Details - ImportResultOutputID=2ef660ca82d3491e0ecee37f8eee4f6d DependenciesID=8446c1c9f28bf816df4a9c23419e3700 StaticDependenciesID=952d8e6d7d22e78b2b3740134074a07d 
Number of updated asset objects reloaded before import = 0
Number of asset objects unloaded after import = 0
========================================================================
Received Import Request.
  Time of request: 2026-09-19T15:08:30.9330931Z
  Time since last request: 0.0006561 seconds.
  importAddress: GUID: ab5bbe7300c57674db945e46e17a4630 - Path: Packages/com.unity.searcher/Editor/Searcher/SearcherTreeUtility.cs - Importer: ScriptedImporter/UnityEditor.QuickSearchModule:UnityEditor.Search:ASIAI0B
Importing 'GUID: ab5bbe7300c57674db945e46e17a4630 - Path: Packages/com.unity.searcher/Editor/Searcher/SearcherTreeUtility.cs - Importer: ScriptedImporter/UnityEditor.QuickSearchModule:UnityEditor.Search:ASIAI0B' with importer (ScriptedImporter : UnityEditor.QuickSearchModule:UnityEditor.Search:ASIAI0B)
Imported 'GUID: ab5bbe7300c57674db945e46e17a4630' -> (Import Result ID: 'aad758e6baf90316bf47cc9d31dfd4ea') in 0.006 seconds [static and dynamic dependencies]. Details - ImportResultOutputID=8b89f69d18af8c32dc8c9156a871c389 DependenciesID=04ce415282508cb4c305e61de4790d79 StaticDependenciesID=1609242e795ad58da20a8c0a507210a8 
Number of updated asset objects reloaded before import = 0
Number of asset objects unloaded after import = 0
========================================================================
Received Import Request.
  Time of request: 2026-09-19T15:08:30.9560996Z
  Time since last request: 0.0007525 seconds.
  importAddress: GUID: f93f25e0a74e18d4d850b4f26fb47d7d - Path: Packages/com.unity.collections/Unity.Collections.Tests/Jobs/BurstCompiledSchedulingTests.cs - Importer: ScriptedImporter/UnityEditor.QuickSearchModule:UnityEditor.Search:ASIAI0B
Importing 'GUID: f93f25e0a74e18d4d850b4f26fb47d7d - Path: Packages/com.unity.collections/Unity.Collections.Tests/Jobs/BurstCompiledSchedulingTests.cs - Importer: ScriptedImporter/UnityEditor.QuickSearchModule:UnityEditor.Search:ASIAI0B' with importer (ScriptedImporter : UnityEditor.QuickSearchModule:UnityEditor.Search:ASIAI0B)
Imported 'GUID: f93f25e0a74e18d4d850b4f26fb47d7d' -> (Import Result ID: 'f9a350eaf3b8dc022288ed514f2d1848') in 0.004 seconds [static and dynamic dependencies]. Details - ImportResultOutputID=0a1ddba878c5cff8d0d03c288e0e4651 DependenciesID=4e29bb6499538dba9701f8544bdc106d StaticDependenciesID=36b4cc33c2fb8fe61ad78b02713a34cb 
Number of updated asset objects reloaded before import = 0
Number of asset objects unloaded after import = 0
========================================================================
Received Import Request.
  Time of request: 2026-09-19T15:08:30.9795339Z
  Time since last request: 0.0006736 seconds.
  importAddress: GUID: a58b6fd31ddc7d8488bd40b29f1472c3 - Path: Packages/com.unity.nuget.mono-cecil/Mono.Cecil.Mdb.dll - Importer: ScriptedImporter/UnityEditor.QuickSearchModule:UnityEditor.Search:ASIAI0B
Importing 'GUID: a58b6fd31ddc7d8488bd40b29f1472c3 - Path: Packages/com.unity.nuget.mono-cecil/Mono.Cecil.Mdb.dll - Importer: ScriptedImporter/UnityEditor.QuickSearchModule:UnityEditor.Search:ASIAI0B' with importer (ScriptedImporter : UnityEditor.QuickSearchModule:UnityEditor.Search:ASIAI0B)
Imported 'GUID: a58b6fd31ddc7d8488bd40b29f1472c3' -> (Import Result ID: 'bc991a84fe091a8b0170f2f74ec2e46f') in 0.007 seconds [static and dynamic dependencies]. Details - ImportResultOutputID=372195f7678308a82af0a09edf373b3b DependenciesID=30fdd3b11fb050803ce4ac2898b269b3 StaticDependenciesID=05c516a09fa06d4516210343cdfee0b9 
Number of updated asset objects reloaded before import = 0
Number of asset objects unloaded after import = 0
========================================================================
Received Import Request.
  Time of request: 2026-09-19T15:08:31.0070891Z
  Time since last request: 0.0008116 seconds.
  importAddress: GUID: beaa90bac8bb70d439d582bca35465cb - Path: Packages/com.unity.nuget.mono-cecil/README.md - Importer: ScriptedImporter/UnityEditor.QuickSearchModule:UnityEditor.Search:ASIAI0B
Importing 'GUID: beaa90bac8bb70d439d582bca35465cb - Path: Packages/com.unity.nuget.mono-cecil/README.md - Importer: ScriptedImporter/UnityEditor.QuickSearchModule:UnityEditor.Search:ASIAI0B' with importer (ScriptedImporter : UnityEditor.QuickSearchModule:UnityEditor.Search:ASIAI0B)
Imported 'GUID: beaa90bac8bb70d439d582bca35465cb' -> (Import Result ID: '9e6cca2f2456d992e555b05f27432099') in 0.003 seconds [static and dynamic dependencies]. Details - ImportResultOutputID=6a67ab918ab4fb298e18acda2298b547 DependenciesID=7f0b5d4277559ac112377c1578b95aa1 StaticDependenciesID=776531a0039af5a3138d5c8536dff5a7 
Number of updated asset objects reloaded before import = 0
Number of asset objects unloaded after import = 1
========================================================================
Received Import Request.
  Time of request: 2026-09-19T15:08:31.0321772Z
  Time since last request: 0.0006591 seconds.
  importAddress: GUID: 69135939d4cd2cf4fbecfe92b80f882a - Path: Packages/com.unity.collections/Unity.Collections.Tests/Jobs/JobTestsFixture.cs - Importer: ScriptedImporter/UnityEditor.QuickSearchModule:UnityEditor.Search:ASIAI0B
Importing 'GUID: 69135939d4cd2cf4fbecfe92b80f882a - Path: Packages/com.unity.collections/Unity.Collections.Tests/Jobs/JobTestsFixture.cs - Importer: ScriptedImporter/UnityEditor.QuickSearchModule:UnityEditor.Search:ASIAI0B' with importer (ScriptedImporter : UnityEditor.QuickSearchModule:UnityEditor.Search:ASIAI0B)
Imported 'GUID: 69135939d4cd2cf4fbecfe92b80f882a' -> (Import Result ID: 'd86666285403969263bef8e586dc4c00') in 0.004 seconds [static and dynamic dependencies]. Details - ImportResultOutputID=33396a65955569981ec004976bba52d9 DependenciesID=7a7f753b53e7a062b20457d7b38a1a3c StaticDependenciesID=fc1b94d1cb284a115f12ba18cb14b5e0 
Number of updated asset objects reloaded before import = 0
Number of asset objects unloaded after import = 0
========================================================================
Received Import Request.
  Time of request: 2026-09-19T15:08:31.0538945Z
  Time since last request: 0.000635 seconds.
  importAddress: GUID: 8693443c8d9368d4b8b9f2beea09d699 - Path: Packages/com.unity.collections/Unity.Collections.Tests/Jobs/JobTests.cs - Importer: ScriptedImporter/UnityEditor.QuickSearchModule:UnityEditor.Search:ASIAI0B
Importing 'GUID: 8693443c8d9368d4b8b9f2beea09d699 - Path: Packages/com.unity.collections/Unity.Collections.Tests/Jobs/JobTests.cs - Importer: ScriptedImporter/UnityEditor.QuickSearchModule:UnityEditor.Search:ASIAI0B' with importer (ScriptedImporter : UnityEditor.QuickSearchModule:UnityEditor.Search:ASIAI0B)
Imported 'GUID: 8693443c8d9368d4b8b9f2beea09d699' -> (Import Result ID: 'b7c2d0f039393b1e90c4eeb2d99ff1e6') in 0.003 seconds [static and dynamic dependencies]. Details - ImportResultOutputID=b63a3d9af2e2e361e371f1560b753b85 DependenciesID=e79b2cb74546b86c2b939022243bd036 StaticDependenciesID=1a1e2ec4a4c5c151eb6febe36b65c31e 
Number of updated asset objects reloaded before import = 0
Number of asset objects unloaded after import = 0
========================================================================
Received Import Request.
  Time of request: 2026-09-19T15:08:31.076034Z
  Time since last request: 0.0005805 seconds.
  importAddress: GUID: 8a0fd4a8e3885488e9afc7e5e7ead9c6 - Path: Packages/com.unity.searcher/ValidationExceptions.json - Importer: ScriptedImporter/UnityEditor.QuickSearchModule:UnityEditor.Search:ASIAI0B
Importing 'GUID: 8a0fd4a8e3885488e9afc7e5e7ead9c6 - Path: Packages/com.unity.searcher/ValidationExceptions.json - Importer: ScriptedImporter/UnityEditor.QuickSearchModule:UnityEditor.Search:ASIAI0B' with importer (ScriptedImporter : UnityEditor.QuickSearchModule:UnityEditor.Search:ASIAI0B)
Imported 'GUID: 8a0fd4a8e3885488e9afc7e5e7ead9c6' -> (Import Result ID: '6aa838221dadf97655714208bf22e97f') in 0.004 seconds [static and dynamic dependencies]. Details - ImportResultOutputID=ae5daa5853f308f6ba3d44264d40fcee DependenciesID=c13baf6a0415f7f05374f93daffb0a84 StaticDependenciesID=2a5e1f599edf84fb8a4f38d1ae1bdc99 
Number of updated asset objects reloaded before import = 0
Number of asset objects unloaded after import = 1
========================================================================
Received Import Request.
  Time of request: 2026-09-19T15:08:31.1007334Z
  Time since last request: 0.0006538 seconds.
  importAddress: GUID: 551e05d9d28513c4fb893599f9237377 - Path: Packages/com.unity.collections/Unity.Collections.Tests/Jobs/FilterJobTests.cs - Importer: ScriptedImporter/UnityEditor.QuickSearchModule:UnityEditor.Search:ASIAI0B
Importing 'GUID: 551e05d9d28513c4fb893599f9237377 - Path: Packages/com.unity.collections/Unity.Collections.Tests/Jobs/FilterJobTests.cs - Importer: ScriptedImporter/UnityEditor.QuickSearchModule:UnityEditor.Search:ASIAI0B' with importer (ScriptedImporter : UnityEditor.QuickSearchModule:UnityEditor.Search:ASIAI0B)
Imported 'GUID: 551e05d9d28513c4fb893599f9237377' -> (Import Result ID: '7c064ca4c6d25437676d00c74aa5fcbf') in 0.003 seconds [static and dynamic dependencies]. Details - ImportResultOutputID=aa6fbc8e53a426bed201a8ab7ed88cf5 DependenciesID=4a1c5fd29e0d76b08741b710630db8c7 StaticDependenciesID=7958f6364acab9433c8c0939e6310865 
Number of updated asset objects reloaded before import = 0
Number of asset objects unloaded after import = 0
========================================================================
Received Import Request.
  Time of request: 2026-09-19T15:08:31.1231105Z
  Time since last request: 0.0006429 seconds.
  importAddress: GUID: 86b0e09d2fd75564f90fbc601e1eec6b - Path: Packages/com.unity.searcher/package.json - Importer: ScriptedImporter/UnityEditor.QuickSearchModule:UnityEditor.Search:ASIAI0B
Importing 'GUID: 86b0e09d2fd75564f90fbc601e1eec6b - Path: Packages/com.unity.searcher/package.json - Importer: ScriptedImporter/UnityEditor.QuickSearchModule:UnityEditor.Search:ASIAI0B' with importer (ScriptedImporter : UnityEditor.QuickSearchModule:UnityEditor.Search:ASIAI0B)
Imported 'GUID: 86b0e09d2fd75564f90fbc601e1eec6b' -> (Import Result ID: 'b969337e528e9c506bfea71fa06f4408') in 0.003 seconds [static and dynamic dependencies]. Details - ImportResultOutputID=2840f7fb2fbada5548472f4656158103 DependenciesID=47baef3c35eee5d49e56afcececc8316 StaticDependenciesID=731e49c66cb9ed9d9aa0ca938e8e9693 
Number of updated asset objects reloaded before import = 0
Number of asset objects unloaded after import = 1
========================================================================
Received Import Request.
  Time of request: 2026-09-19T15:08:31.1472251Z
  Time since last request: 0.0005366 seconds.
  importAddress: GUID: 0ce03cb7950ade54ab84650691ce7a38 - Path: Packages/com.unity.searcher/CHANGELOG.md - Importer: ScriptedImporter/UnityEditor.QuickSearchModule:UnityEditor.Search:ASIAI0B
Importing 'GUID: 0ce03cb7950ade54ab84650691ce7a38 - Path: Packages/com.unity.searcher/CHANGELOG.md - Importer: ScriptedImporter/UnityEditor.QuickSearchModule:UnityEditor.Search:ASIAI0B' with importer (ScriptedImporter : UnityEditor.QuickSearchModule:UnityEditor.Search:ASIAI0B)
Imported 'GUID: 0ce03cb7950ade54ab84650691ce7a38' -> (Import Result ID: 'b38f33fbcc03af5e195db559ea18a19a') in 0.003 seconds [static and dynamic dependencies]. Details - ImportResultOutputID=85ae06b470fa01896bec37f97b0cfc04 DependenciesID=b1a4ce58ae4ea4d848a668bcc4af52f7 StaticDependenciesID=2c41d7d7bb0ea89cb8b7e8dfa1612a98 
Number of updated asset objects reloaded before import = 0
Number of asset objects unloaded after import = 1
========================================================================
Received Import Request.
  Time of request: 2026-09-19T15:08:31.186965Z
  Time since last request: 0.0187347 seconds.
  importAddress: GUID: 5e63515167650a541b309ba3bfd4db3d - Path: Packages/com.unity.searcher/Editor/Resources/FlatSkin/Font/Roboto-LightItalic.ttf - Importer: ScriptedImporter/UnityEditor.QuickSearchModule:UnityEditor.Search:ASIAI0B
Importing 'GUID: 5e63515167650a541b309ba3bfd4db3d - Path: Packages/com.unity.searcher/Editor/Resources/FlatSkin/Font/Roboto-LightItalic.ttf - Importer: ScriptedImporter/UnityEditor.QuickSearchModule:UnityEditor.Search:ASIAI0B' with importer (ScriptedImporter : UnityEditor.QuickSearchModule:UnityEditor.Search:ASIAI0B)
Imported 'GUID: 5e63515167650a541b309ba3bfd4db3d' -> (Import Result ID: '58062fd985baa428e14b330241982710') in 0.012 seconds [static and dynamic dependencies]. Details - ImportResultOutputID=7b161492d1938c84225d160d134f7131 DependenciesID=ba1f691ee55fb46c68489e3e73028653 StaticDependenciesID=d982f079dd643c9e7a4257e3570e2064 
Number of updated asset objects reloaded before import = 0
Number of asset objects unloaded after import = 3
========================================================================
Received Import Request.
  Time of request: 2026-09-19T15:08:31.212337Z
  Time since last request: 0.0005233 seconds.
  importAddress: GUID: e0f8b9d001b669a43b3c9f7b90891d96 - Path: Packages/com.unity.searcher/Editor/Resources/FlatSkin/SearchSmallDownOff.png - Importer: ScriptedImporter/UnityEditor.QuickSearchModule:UnityEditor.Search:ASIAI0B
Importing 'GUID: e0f8b9d001b669a43b3c9f7b90891d96 - Path: Packages/com.unity.searcher/Editor/Resources/FlatSkin/SearchSmallDownOff.png - Importer: ScriptedImporter/UnityEditor.QuickSearchModule:UnityEditor.Search:ASIAI0B' with importer (ScriptedImporter : UnityEditor.QuickSearchModule:UnityEditor.Search:ASIAI0B)
Imported 'GUID: e0f8b9d001b669a43b3c9f7b90891d96' -> (Import Result ID: '791f72bb569721035ebd37259a493e7b') in 0.012 seconds [static and dynamic dependencies]. Details - ImportResultOutputID=16f98ea9813eb6ed51aad46dde7b0064 DependenciesID=6a31825cc824a61077cb65020e69f8a0 StaticDependenciesID=0f8ba044250dae1aaf3deff99d39ad10 
Number of updated asset objects reloaded before import = 0
Number of asset objects unloaded after import = 1
========================================================================
Received Import Request.
  Time of request: 2026-09-19T15:08:31.244053Z
  Time since last request: 0.0007945 seconds.
  importAddress: GUID: bfa722e189cafe743b7884ff1953f0b9 - Path: Packages/com.unity.render-pipelines.core/Editor/AssemblyInfo.cs - Importer: ScriptedImporter/UnityEditor.QuickSearchModule:UnityEditor.Search:ASIAI0B
Importing 'GUID: bfa722e189cafe743b7884ff1953f0b9 - Path: Packages/com.unity.render-pipelines.core/Editor/AssemblyInfo.cs - Importer: ScriptedImporter/UnityEditor.QuickSearchModule:UnityEditor.Search:ASIAI0B' with importer (ScriptedImporter : UnityEditor.QuickSearchModule:UnityEditor.Search:ASIAI0B)
Imported 'GUID: bfa722e189cafe743b7884ff1953f0b9' -> (Import Result ID: 'cbcf0ce72d1d71898e153a8214e07f47') in 0.004 seconds [static and dynamic dependencies]. Details - ImportResultOutputID=8b8314a6791f393ea1bf1698c4f15942 DependenciesID=8c010de4649711c5521294a26d1fb440 StaticDependenciesID=ca45c26dc6418a95a01eaad1438d0fdf 
Number of updated asset objects reloaded before import = 0
Number of asset objects unloaded after import = 0
========================================================================
Received Import Request.
  Time of request: 2026-09-19T15:08:31.2689182Z
  Time since last request: 0.0008341 seconds.
  importAddress: GUID: 4c413a81cadcce7038e446e56570117e - Path: Packages/com.unity.modules.adaptiveperformance/package.json - Importer: ScriptedImporter/UnityEditor.QuickSearchModule:UnityEditor.Search:ASIAI0B
Importing 'GUID: 4c413a81cadcce7038e446e56570117e - Path: Packages/com.unity.modules.adaptiveperformance/package.json - Importer: ScriptedImporter/UnityEditor.QuickSearchModule:UnityEditor.Search:ASIAI0B' with importer (ScriptedImporter : UnityEditor.QuickSearchModule:UnityEditor.Search:ASIAI0B)
Imported 'GUID: 4c413a81cadcce7038e446e56570117e' -> (Import Result ID: 'f5fa8a071843702d9f6dfd84506b7d03') in 0.003 seconds [static and dynamic dependencies]. Details - ImportResultOutputID=d960ce8ccebcb8295b4e552c53a07e2b DependenciesID=21caf413d9eb7614dbd69d4cce4e713a StaticDependenciesID=a18db55a1f83cdcf28c8c4212ce36c58 
Number of updated asset objects reloaded before import = 0
Number of asset objects unloaded after import = 1
========================================================================
Received Import Request.
  Time of request: 2026-09-19T15:08:31.2881307Z
  Time since last request: 0.0005473 seconds.
  importAddress: GUID: 44423c297b53ceb48b955e8f2335a449 - Path: Packages/com.unity.profiling.core/Runtime/ProfilerMarker2Params.cs - Importer: ScriptedImporter/UnityEditor.QuickSearchModule:UnityEditor.Search:ASIAI0B
Importing 'GUID: 44423c297b53ceb48b955e8f2335a449 - Path: Packages/com.unity.profiling.core/Runtime/ProfilerMarker2Params.cs - Importer: ScriptedImporter/UnityEditor.QuickSearchModule:UnityEditor.Search:ASIAI0B' with importer (ScriptedImporter : UnityEditor.QuickSearchModule:UnityEditor.Search:ASIAI0B)
Imported 'GUID: 44423c297b53ceb48b955e8f2335a449' -> (Import Result ID: 'bb984a46a7b2627c598a2d0a66b1996b') in 0.003 seconds [static and dynamic dependencies]. Details - ImportResultOutputID=f04df8c869dbbd630e67d4e1c3bfbcfb DependenciesID=039e119f3a60af3d837b5a49accec772 StaticDependenciesID=19c7c1a44729571dcd03b51da7ec506e 
Number of updated asset objects reloaded before import = 0
Number of asset objects unloaded after import = 0
========================================================================
Received Import Request.
  Time of request: 2026-09-19T15:08:31.3077118Z
  Time since last request: 0.0005535 seconds.
  importAddress: GUID: 082fbee38a82835433261a5e9c00e267 - Path: Packages/com.unity.modules.cloth/package.ModuleCompilationTrigger - Importer: ScriptedImporter/UnityEditor.QuickSearchModule:UnityEditor.Search:ASIAI0B
Importing 'GUID: 082fbee38a82835433261a5e9c00e267 - Path: Packages/com.unity.modules.cloth/package.ModuleCompilationTrigger - Importer: ScriptedImporter/UnityEditor.QuickSearchModule:UnityEditor.Search:ASIAI0B' with importer (ScriptedImporter : UnityEditor.QuickSearchModule:UnityEditor.Search:ASIAI0B)
Imported 'GUID: 082fbee38a82835433261a5e9c00e267' -> (Import Result ID: 'ae3c907199d65126b7763ded48a8acda') in 0.003 seconds [static and dynamic dependencies]. Details - ImportResultOutputID=017e87924f5bb6d2c3a7cdf462bfc375 DependenciesID=d71bf9a00b943e407ba8f3a78982d616 StaticDependenciesID=4c7d4c692496043406c9319c95135a54 
Number of updated asset objects reloaded before import = 0
Number of asset objects unloaded after import = 1
========================================================================
Received Import Request.
  Time of request: 2026-09-19T15:08:31.3307612Z
  Time since last request: 0.0007397 seconds.
  importAddress: GUID: ecc2633973414f6d8bbab97cf0c937b4 - Path: Packages/com.unity.render-pipelines.core/Editor/AssetDatabaseHelper.cs - Importer: ScriptedImporter/UnityEditor.QuickSearchModule:UnityEditor.Search:ASIAI0B
Importing 'GUID: ecc2633973414f6d8bbab97cf0c937b4 - Path: Packages/com.unity.render-pipelines.core/Editor/AssetDatabaseHelper.cs - Importer: ScriptedImporter/UnityEditor.QuickSearchModule:UnityEditor.Search:ASIAI0B' with importer (ScriptedImporter : UnityEditor.QuickSearchModule:UnityEditor.Search:ASIAI0B)
Imported 'GUID: ecc2633973414f6d8bbab97cf0c937b4' -> (Import Result ID: '175daa706685d0bd8ba5b77f4f355325') in 0.004 seconds [static and dynamic dependencies]. Details - ImportResultOutputID=333b2ba5109983e9348cb4eacddb199e DependenciesID=9d73507de90e890cade20185768d556e StaticDependenciesID=8d70e1bb3cbc0916c952911c1ea98f63 
Number of updated asset objects reloaded before import = 0
Number of asset objects unloaded after import = 0
========================================================================
Received Import Request.
  Time of request: 2026-09-19T15:08:31.3532994Z
  Time since last request: 0.000694 seconds.
  importAddress: GUID: c5b36095078d8694ba9e3ae3fd867b2e - Path: Packages/com.unity.searcher/Editor/Resources/FlatSkin/SearchSmallDownOn@2x.png - Importer: ScriptedImporter/UnityEditor.QuickSearchModule:UnityEditor.Search:ASIAI0B
Importing 'GUID: c5b36095078d8694ba9e3ae3fd867b2e - Path: Packages/com.unity.searcher/Editor/Resources/FlatSkin/SearchSmallDownOn@2x.png - Importer: ScriptedImporter/UnityEditor.QuickSearchModule:UnityEditor.Search:ASIAI0B' with importer (ScriptedImporter : UnityEditor.QuickSearchModule:UnityEditor.Search:ASIAI0B)
Imported 'GUID: c5b36095078d8694ba9e3ae3fd867b2e' -> (Import Result ID: '6a5870569b199d0c5e99533cf6a6f4ee') in 0.006 seconds [static and dynamic dependencies]. Details - ImportResultOutputID=8e9ea46d5b0199f754c3fc7699c0dd2e DependenciesID=6d2735e832baac66f107b80b3219d3b1 StaticDependenciesID=0536a9d2ccb528b57a79d5a206dd03e6 
Number of updated asset objects reloaded before import = 0
Number of asset objects unloaded after import = 1
========================================================================
Received Import Request.
  Time of request: 2026-09-19T15:08:31.3799465Z
  Time since last request: 0.0009603 seconds.
  importAddress: GUID: 75497c58fb28415a98098a98e7133272 - Path: Packages/com.unity.render-pipelines.core/ValidationConfig.json - Importer: ScriptedImporter/UnityEditor.QuickSearchModule:UnityEditor.Search:ASIAI0B
Importing 'GUID: 75497c58fb28415a98098a98e7133272 - Path: Packages/com.unity.render-pipelines.core/ValidationConfig.json - Importer: ScriptedImporter/UnityEditor.QuickSearchModule:UnityEditor.Search:ASIAI0B' with importer (ScriptedImporter : UnityEditor.QuickSearchModule:UnityEditor.Search:ASIAI0B)
Imported 'GUID: 75497c58fb28415a98098a98e7133272' -> (Import Result ID: '0f0977c32f067c9dccedb2cda2a825ca') in 0.005 seconds [static and dynamic dependencies]. Details - ImportResultOutputID=23098d34f0c2d330b91a25f342cb8b2d DependenciesID=2ee75c0ea663ea6c9fc40a7ba248fa20 StaticDependenciesID=e89e1fe0a1e74e8482e86c1184813ecc 
Number of updated asset objects reloaded before import = 0
Number of asset objects unloaded after import = 1
========================================================================
Received Import Request.
  Time of request: 2026-09-19T15:08:31.4265225Z
  Time since last request: 0.0007541 seconds.
  importAddress: GUID: 906c12bc9cd95d3963c6d58f62522c78 - Path: Packages/com.unity.modules.cloth/package.json - Importer: ScriptedImporter/UnityEditor.QuickSearchModule:UnityEditor.Search:ASIAI0B
Importing 'GUID: 906c12bc9cd95d3963c6d58f62522c78 - Path: Packages/com.unity.modules.cloth/package.json - Importer: ScriptedImporter/UnityEditor.QuickSearchModule:UnityEditor.Search:ASIAI0B' with importer (ScriptedImporter : UnityEditor.QuickSearchModule:UnityEditor.Search:ASIAI0B)
Imported 'GUID: 906c12bc9cd95d3963c6d58f62522c78' -> (Import Result ID: 'fca759c61c8cbc58d6e1611ff8dfedb7') in 0.003 seconds [static and dynamic dependencies]. Details - ImportResultOutputID=438c096a406eaec465ad758fdad6d270 DependenciesID=fd9a8be9f2cc18490d57b203f61faf58 StaticDependenciesID=e4f5d254dabbfcded0a5350fa40ba604 
Number of updated asset objects reloaded before import = 0
Number of asset objects unloaded after import = 1
========================================================================
Received Import Request.
  Time of request: 2026-09-19T15:08:31.4599895Z
  Time since last request: 0.0005945 seconds.
  importAddress: GUID: 1af35a910338381f753e8a985eb5daab - Path: Packages/com.unity.modules.adaptiveperformance/package.ModuleCompilationTrigger - Importer: ScriptedImporter/UnityEditor.QuickSearchModule:UnityEditor.Search:ASIAI0B
Importing 'GUID: 1af35a910338381f753e8a985eb5daab - Path: Packages/com.unity.modules.adaptiveperformance/package.ModuleCompilationTrigger - Importer: ScriptedImporter/UnityEditor.QuickSearchModule:UnityEditor.Search:ASIAI0B' with importer (ScriptedImporter : UnityEditor.QuickSearchModule:UnityEditor.Search:ASIAI0B)
Imported 'GUID: 1af35a910338381f753e8a985eb5daab' -> (Import Result ID: 'b26ac2a689553086f9847b86b3fc9b70') in 0.003 seconds [static and dynamic dependencies]. Details - ImportResultOutputID=406a14db714242a2e965a3742ae192fe DependenciesID=d86d0e23d92dba4881f2f3370a0731bc StaticDependenciesID=240968e60e77e5aecfdc998497fedb23 
Number of updated asset objects reloaded before import = 0
Number of asset objects unloaded after import = 1
========================================================================
Received Import Request.
  Time of request: 2026-09-19T15:08:31.4837597Z
  Time since last request: 0.000477 seconds.
  importAddress: GUID: bfd567a3d1631a761bca9e99fa53d86d - Path: Packages/com.unity.modules.ui/package.json - Importer: ScriptedImporter/UnityEditor.QuickSearchModule:UnityEditor.Search:ASIAI0B
Importing 'GUID: bfd567a3d1631a761bca9e99fa53d86d - Path: Packages/com.unity.modules.ui/package.json - Importer: ScriptedImporter/UnityEditor.QuickSearchModule:UnityEditor.Search:ASIAI0B' with importer (ScriptedImporter : UnityEditor.QuickSearchModule:UnityEditor.Search:ASIAI0B)
Imported 'GUID: bfd567a3d1631a761bca9e99fa53d86d' -> (Import Result ID: 'fe145fbc0d95d35ea7290421e0f643a6') in 0.003 seconds [static and dynamic dependencies]. Details - ImportResultOutputID=d323e4474578f2dafb1456de6bfc656f DependenciesID=e92abb26f743a214fe02299a8a403aa2 StaticDependenciesID=527c6c7bdd026b4fe5d73a6d3bd673b4 
Number of updated asset objects reloaded before import = 0
Number of asset objects unloaded after import = 1
========================================================================
Received Import Request.
  Time of request: 2026-09-19T15:08:31.5000437Z
  Time since last request: 0.0006978 seconds.
  importAddress: GUID: 753d1ac2429a21a44ac5f937cbbb409f - Path: Packages/com.unity.render-pipelines.core/package.json - Importer: ScriptedImporter/UnityEditor.QuickSearchModule:UnityEditor.Search:ASIAI0B
Importing 'GUID: 753d1ac2429a21a44ac5f937cbbb409f - Path: Packages/com.unity.render-pipelines.core/package.json - Importer: ScriptedImporter/UnityEditor.QuickSearchModule:UnityEditor.Search:ASIAI0B' with importer (ScriptedImporter : UnityEditor.QuickSearchModule:UnityEditor.Search:ASIAI0B)
Imported 'GUID: 753d1ac2429a21a44ac5f937cbbb409f' -> (Import Result ID: '724d9ac7ac10fcc2311169c6bd2bdab4') in 0.003 seconds [static and dynamic dependencies]. Details - ImportResultOutputID=44ca799fbb1ff84e374c07d1df29e346 DependenciesID=1042445cfe1c0347fd32b2cb5517562f StaticDependenciesID=39a86c4b1c8025341db84035b03dbd1b 
Number of updated asset objects reloaded before import = 0
Number of asset objects unloaded after import = 1
========================================================================
Received Import Request.
  Time of request: 2026-09-19T15:08:31.519425Z
  Time since last request: 0.0005192 seconds.
  importAddress: GUID: e4bb7558d4e98ad4c938246fe549cdb7 - Path: Packages/com.unity.profiling.core/Runtime/ProfilerMarker3Params.cs - Importer: ScriptedImporter/UnityEditor.QuickSearchModule:UnityEditor.Search:ASIAI0B
Importing 'GUID: e4bb7558d4e98ad4c938246fe549cdb7 - Path: Packages/com.unity.profiling.core/Runtime/ProfilerMarker3Params.cs - Importer: ScriptedImporter/UnityEditor.QuickSearchModule:UnityEditor.Search:ASIAI0B' with importer (ScriptedImporter : UnityEditor.QuickSearchModule:UnityEditor.Search:ASIAI0B)
Imported 'GUID: e4bb7558d4e98ad4c938246fe549cdb7' -> (Import Result ID: '355f7d501b04637b514fc25075a63ac9') in 0.005 seconds [static and dynamic dependencies]. Details - ImportResultOutputID=2894be574fa97f51b8563d1293ae38d8 DependenciesID=d9f431df04dd4227cbe52fa8a27f2c46 StaticDependenciesID=335c01801c6c7065e31f8ee30e1c04b3 
Number of updated asset objects reloaded before import = 0
Number of asset objects unloaded after import = 0
========================================================================
Received Import Request.
  Time of request: 2026-09-19T15:08:31.5428108Z
  Time since last request: 0.0005256 seconds.
  importAddress: GUID: 95c99c8ac2d65fa47bac0cb1ba756978 - Path: Packages/com.unity.searcher/Tests/Editor/SearcherTreeUtilityTests.cs - Importer: ScriptedImporter/UnityEditor.QuickSearchModule:UnityEditor.Search:ASIAI0B
Importing 'GUID: 95c99c8ac2d65fa47bac0cb1ba756978 - Path: Packages/com.unity.searcher/Tests/Editor/SearcherTreeUtilityTests.cs - Importer: ScriptedImporter/UnityEditor.QuickSearchModule:UnityEditor.Search:ASIAI0B' with importer (ScriptedImporter : UnityEditor.QuickSearchModule:UnityEditor.Search:ASIAI0B)
Imported 'GUID: 95c99c8ac2d65fa47bac0cb1ba756978' -> (Import Result ID: '1e4dd0821700b67dd4bce696d9c7f683') in 0.004 seconds [static and dynamic dependencies]. Details - ImportResultOutputID=81fdd7798def9f972195d07e7509b9b7 DependenciesID=216872f9d5436a30fa7120ba34fb028e StaticDependenciesID=8552feba5452b30fc788bad0a6d28a0d 
Number of updated asset objects reloaded before import = 0
Number of asset objects unloaded after import = 0
========================================================================
Received Import Request.
  Time of request: 2026-09-19T15:08:31.5635863Z
  Time since last request: 0.00046 seconds.
  importAddress: GUID: bd1af0a6633ee94ae21c7d1d702cdc12 - Path: Packages/com.unity.modules.androidjni/package.json - Importer: ScriptedImporter/UnityEditor.QuickSearchModule:UnityEditor.Search:ASIAI0B
Importing 'GUID: bd1af0a6633ee94ae21c7d1d702cdc12 - Path: Packages/com.unity.modules.androidjni/package.json - Importer: ScriptedImporter/UnityEditor.QuickSearchModule:UnityEditor.Search:ASIAI0B' with importer (ScriptedImporter : UnityEditor.QuickSearchModule:UnityEditor.Search:ASIAI0B)
Imported 'GUID: bd1af0a6633ee94ae21c7d1d702cdc12' -> (Import Result ID: 'ecf6cd44a7434cc10b844c989093a959') in 0.004 seconds [static and dynamic dependencies]. Details - ImportResultOutputID=fd7e9bbfb1c37b12c6a6d865d8df520b DependenciesID=02b82f8bf6d983798579f91e31d4d15b StaticDependenciesID=d5176ef797f4271a15cadb67e72d4d8b 
Number of updated asset objects reloaded before import = 0
Number of asset objects unloaded after import = 1
========================================================================
Received Import Request.
  Time of request: 2026-09-19T15:08:31.5867805Z
  Time since last request: 0.0006329 seconds.
  importAddress: GUID: f353e9d22eb9164499dd70cb41b00244 - Path: Packages/com.unity.searcher/Editor/Resources/FlatSkin/SearchSmallDownOn.png - Importer: ScriptedImporter/UnityEditor.QuickSearchModule:UnityEditor.Search:ASIAI0B
Importing 'GUID: f353e9d22eb9164499dd70cb41b00244 - Path: Packages/com.unity.searcher/Editor/Resources/FlatSkin/SearchSmallDownOn.png - Importer: ScriptedImporter/UnityEditor.QuickSearchModule:UnityEditor.Search:ASIAI0B' with importer (ScriptedImporter : UnityEditor.QuickSearchModule:UnityEditor.Search:ASIAI0B)
Imported 'GUID: f353e9d22eb9164499dd70cb41b00244' -> (Import Result ID: 'ee5631f62ad201df607ce7ff535098cf') in 0.010 seconds [static and dynamic dependencies]. Details - ImportResultOutputID=992e1809017727425c8e369ccddf77c1 DependenciesID=144ca43cbd3c709a5e88d3a49dac3416 StaticDependenciesID=d950abe07542442debe9a6fa332577da 
Number of updated asset objects reloaded before import = 0
Number of asset objects unloaded after import = 1
========================================================================
Received Import Request.
  Time of request: 2026-09-19T15:08:31.6150136Z
  Time since last request: 0.0006979 seconds.
  importAddress: GUID: b83f06ac0c0696e9563230865ca72b81 - Path: Packages/com.unity.modules.wind/package.json - Importer: ScriptedImporter/UnityEditor.QuickSearchModule:UnityEditor.Search:ASIAI0B
Importing 'GUID: b83f06ac0c0696e9563230865ca72b81 - Path: Packages/com.unity.modules.wind/package.json - Importer: ScriptedImporter/UnityEditor.QuickSearchModule:UnityEditor.Search:ASIAI0B' with importer (ScriptedImporter : UnityEditor.QuickSearchModule:UnityEditor.Search:ASIAI0B)
Imported 'GUID: b83f06ac0c0696e9563230865ca72b81' -> (Import Result ID: '620f00dfa3ea65f681b7633fac7656b9') in 0.004 seconds [static and dynamic dependencies]. Details - ImportResultOutputID=362ebd91ce4afccafc83ac5212156be9 DependenciesID=2e964f48805ffed0f5c26397825a7833 StaticDependenciesID=74c64a840e7b46c615e9a629dec1a759 
Number of updated asset objects reloaded before import = 0
Number of asset objects unloaded after import = 1
========================================================================
Received Import Request.
  Time of request: 2026-09-19T15:08:31.6388096Z
  Time since last request: 0.0005865 seconds.
  importAddress: GUID: 25e51d27b4c8c4a1c995c955405fbb3f - Path: Packages/com.unity.searcher/Tests/Editor/SearcherItemCollectionEquivalentConstraint.cs - Importer: ScriptedImporter/UnityEditor.QuickSearchModule:UnityEditor.Search:ASIAI0B
Importing 'GUID: 25e51d27b4c8c4a1c995c955405fbb3f - Path: Packages/com.unity.searcher/Tests/Editor/SearcherItemCollectionEquivalentConstraint.cs - Importer: ScriptedImporter/UnityEditor.QuickSearchModule:UnityEditor.Search:ASIAI0B' with importer (ScriptedImporter : UnityEditor.QuickSearchModule:UnityEditor.Search:ASIAI0B)
Imported 'GUID: 25e51d27b4c8c4a1c995c955405fbb3f' -> (Import Result ID: 'b2213937d4ac653b637a6636dc281f2c') in 0.003 seconds [static and dynamic dependencies]. Details - ImportResultOutputID=2ee167ace829c5d738e65715b98966a5 DependenciesID=bc4e4519f1f0ea259ac8b81cf939b031 StaticDependenciesID=7e4f5906c94d22a9f688bc38d90e4494 
Number of updated asset objects reloaded before import = 0
Number of asset objects unloaded after import = 0
========================================================================
Received Import Request.
  Time of request: 2026-09-19T15:08:31.6592936Z
  Time since last request: 0.0005458 seconds.
  importAddress: GUID: 20456a2cc8a214f9d9846725cff9fea4 - Path: Packages/com.unity.render-pipelines.core/CHANGELOG.md - Importer: ScriptedImporter/UnityEditor.QuickSearchModule:UnityEditor.Search:ASIAI0B
Importing 'GUID: 20456a2cc8a214f9d9846725cff9fea4 - Path: Packages/com.unity.render-pipelines.core/CHANGELOG.md - Importer: ScriptedImporter/UnityEditor.QuickSearchModule:UnityEditor.Search:ASIAI0B' with importer (ScriptedImporter : UnityEditor.QuickSearchModule:UnityEditor.Search:ASIAI0B)
Imported 'GUID: 20456a2cc8a214f9d9846725cff9fea4' -> (Import Result ID: 'be59708747fd3d1c6d8c00e053a3b332') in 0.009 seconds [static and dynamic dependencies]. Details - ImportResultOutputID=1393be7b886f779b215c1dcf8d7c6993 DependenciesID=b82d97a3453b4806128be5974dc86334 StaticDependenciesID=e1ec4f352d809ab4c4db71c3a0a3ee4d 
Number of updated asset objects reloaded before import = 0
Number of asset objects unloaded after import = 1
========================================================================
Received Import Request.
  Time of request: 2026-09-19T15:08:31.6854368Z
  Time since last request: 0.0006127 seconds.
  importAddress: GUID: f95147a9bab9fe649b8070170fa7ebd2 - Path: Packages/com.unity.searcher/Editor/Resources/FlatSkin/Font/Roboto-BlackItalic.ttf - Importer: ScriptedImporter/UnityEditor.QuickSearchModule:UnityEditor.Search:ASIAI0B
Importing 'GUID: f95147a9bab9fe649b8070170fa7ebd2 - Path: Packages/com.unity.searcher/Editor/Resources/FlatSkin/Font/Roboto-BlackItalic.ttf - Importer: ScriptedImporter/UnityEditor.QuickSearchModule:UnityEditor.Search:ASIAI0B' with importer (ScriptedImporter : UnityEditor.QuickSearchModule:UnityEditor.Search:ASIAI0B)
Imported 'GUID: f95147a9bab9fe649b8070170fa7ebd2' -> (Import Result ID: 'e4824a5ecae5554013cc97cd58302019') in 0.010 seconds [static and dynamic dependencies]. Details - ImportResultOutputID=be47e1b0168369dfa8e998c694e41cf7 DependenciesID=1bcf1d61f84a79bb8d655750de4fe253 StaticDependenciesID=c8a9d3ea395e24868560857c813e5eea 
Number of updated asset objects reloaded before import = 0
Number of asset objects unloaded after import = 3
========================================================================
Received Import Request.
  Time of request: 2026-09-19T15:08:31.7354718Z
  Time since last request: 0.0234057 seconds.
  importAddress: GUID: b06473c622f844540bd141fc0efae169 - Path: Packages/com.unity.render-pipelines.core/ShaderLibrary/HDROutput.hlsl - Importer: ScriptedImporter/UnityEditor.QuickSearchModule:UnityEditor.Search:ASIAI0B
Importing 'GUID: b06473c622f844540bd141fc0efae169 - Path: Packages/com.unity.render-pipelines.core/ShaderLibrary/HDROutput.hlsl - Importer: ScriptedImporter/UnityEditor.QuickSearchModule:UnityEditor.Search:ASIAI0B' with importer (ScriptedImporter : UnityEditor.QuickSearchModule:UnityEditor.Search:ASIAI0B)
Imported 'GUID: b06473c622f844540bd141fc0efae169' -> (Import Result ID: 'fdb2aa8458de1160479a2245974c29c8') in 0.015 seconds [static and dynamic dependencies]. Details - ImportResultOutputID=8ef2514281e72ba64b512517a1a9ee79 DependenciesID=1b7305313c92a909f6697025fcc093de StaticDependenciesID=d2edd0d2fee2d66db1a16eb067a437e8 
Number of updated asset objects reloaded before import = 0
Number of asset objects unloaded after import = 1
========================================================================
Received Import Request.
  Time of request: 2026-09-19T15:08:31.7955298Z
  Time since last request: 0.0277933 seconds.
  importAddress: GUID: 49883cc3d16fa0241a1c9114ce9a1f64 - Path: Packages/com.unity.render-pipelines.core/ShaderLibrary/DynamicScalingClamping.hlsl - Importer: ScriptedImporter/UnityEditor.QuickSearchModule:UnityEditor.Search:ASIAI0B
Importing 'GUID: 49883cc3d16fa0241a1c9114ce9a1f64 - Path: Packages/com.unity.render-pipelines.core/ShaderLibrary/DynamicScalingClamping.hlsl - Importer: ScriptedImporter/UnityEditor.QuickSearchModule:UnityEditor.Search:ASIAI0B' with importer (ScriptedImporter : UnityEditor.QuickSearchModule:UnityEditor.Search:ASIAI0B)
Imported 'GUID: 49883cc3d16fa0241a1c9114ce9a1f64' -> (Import Result ID: 'f684d4f5e1f4dff654a89be9be18f8f9') in 0.004 seconds [static and dynamic dependencies]. Details - ImportResultOutputID=64b5e994c3ae1fa52e2b1a18d609f601 DependenciesID=ade5e09296422087c16697f4662e1512 StaticDependenciesID=64a850834f3e705daf51ea863c3efbed 
Number of updated asset objects reloaded before import = 0
Number of asset objects unloaded after import = 1
========================================================================
Received Import Request.
  Time of request: 2026-09-19T15:08:31.8458898Z
  Time since last request: 0.0007662 seconds.
  importAddress: GUID: ff2f0d78f272b5c44b855dddaef79593 - Path: Packages/com.unity.render-pipelines.core/ShaderLibrary/Particles.hlsl - Importer: ScriptedImporter/UnityEditor.QuickSearchModule:UnityEditor.Search:ASIAI0B
Importing 'GUID: ff2f0d78f272b5c44b855dddaef79593 - Path: Packages/com.unity.render-pipelines.core/ShaderLibrary/Particles.hlsl - Importer: ScriptedImporter/UnityEditor.QuickSearchModule:UnityEditor.Search:ASIAI0B' with importer (ScriptedImporter : UnityEditor.QuickSearchModule:UnityEditor.Search:ASIAI0B)
Imported 'GUID: ff2f0d78f272b5c44b855dddaef79593' -> (Import Result ID: 'dc610657d009b62b6de2d5388eb09f87') in 0.010 seconds [static and dynamic dependencies]. Details - ImportResultOutputID=b32b58ae0feace889e20d1601eff73eb DependenciesID=27a61202fc9e33f065f80929cdfd2478 StaticDependenciesID=028f7663f24cf3bb5b5c21f167bb3f18 
Number of updated asset objects reloaded before import = 0
Number of asset objects unloaded after import = 1
========================================================================
Received Import Request.
  Time of request: 2026-09-19T15:08:31.8723539Z
  Time since last request: 0.0006828 seconds.
  importAddress: GUID: ae4dc0bfd9fc0b544a109513ba841d30 - Path: Packages/com.unity.render-pipelines.core/ShaderLibrary/ImageBasedLighting.hlsl - Importer: ScriptedImporter/UnityEditor.QuickSearchModule:UnityEditor.Search:ASIAI0B
Importing 'GUID: ae4dc0bfd9fc0b544a109513ba841d30 - Path: Packages/com.unity.render-pipelines.core/ShaderLibrary/ImageBasedLighting.hlsl - Importer: ScriptedImporter/UnityEditor.QuickSearchModule:UnityEditor.Search:ASIAI0B' with importer (ScriptedImporter : UnityEditor.QuickSearchModule:UnityEditor.Search:ASIAI0B)
Imported 'GUID: ae4dc0bfd9fc0b544a109513ba841d30' -> (Import Result ID: '6b076a463815162e1c253ae5c1098dc7') in 0.003 seconds [static and dynamic dependencies]. Details - ImportResultOutputID=be2289f407f3e42aee9ebfc9f978ad6f DependenciesID=4535025ed8c62d842fd4680a69691911 StaticDependenciesID=a83ec6e58c4de08d35b4bf44a627a68a 
Number of updated asset objects reloaded before import = 0
Number of asset objects unloaded after import = 1
========================================================================
Received Import Request.
  Time of request: 2026-09-19T15:08:31.8908488Z
  Time since last request: 0.0006977 seconds.
  importAddress: GUID: f36f5598be293c04db2a21f9e7463518 - Path: Packages/com.unity.render-pipelines.core/ShaderLibrary/FoveatedRendering.hlsl - Importer: ScriptedImporter/UnityEditor.QuickSearchModule:UnityEditor.Search:ASIAI0B
Importing 'GUID: f36f5598be293c04db2a21f9e7463518 - Path: Packages/com.unity.render-pipelines.core/ShaderLibrary/FoveatedRendering.hlsl - Importer: ScriptedImporter/UnityEditor.QuickSearchModule:UnityEditor.Search:ASIAI0B' with importer (ScriptedImporter : UnityEditor.QuickSearchModule:UnityEditor.Search:ASIAI0B)
Imported 'GUID: f36f5598be293c04db2a21f9e7463518' -> (Import Result ID: '71af36940c9b54e3cf88b4df60d5c23c') in 0.003 seconds [static and dynamic dependencies]. Details - ImportResultOutputID=743162e06890d5803bbb5285bc50aea4 DependenciesID=f8ba321d9723b86513b8bd849148f2c4 StaticDependenciesID=59e17005b1fa6ac5e62548eb197bf27a 
Number of updated asset objects reloaded before import = 0
Number of asset objects unloaded after import = 1
========================================================================
Received Import Request.
  Time of request: 2026-09-19T15:08:31.9086081Z
  Time since last request: 0.000564 seconds.
  importAddress: GUID: 2a69708d171a17043a9d0ad45f205cfe - Path: Packages/com.unity.render-pipelines.core/Editor-PrivateShared/Unity.RenderPipelines.Core.Editor.Shared.asmdef - Importer: ScriptedImporter/UnityEditor.QuickSearchModule:UnityEditor.Search:ASIAI0B
Importing 'GUID: 2a69708d171a17043a9d0ad45f205cfe - Path: Packages/com.unity.render-pipelines.core/Editor-PrivateShared/Unity.RenderPipelines.Core.Editor.Shared.asmdef - Importer: ScriptedImporter/UnityEditor.QuickSearchModule:UnityEditor.Search:ASIAI0B' with importer (ScriptedImporter : UnityEditor.QuickSearchModule:UnityEditor.Search:ASIAI0B)
Imported 'GUID: 2a69708d171a17043a9d0ad45f205cfe' -> (Import Result ID: 'ad1609f87848423408ecdacfcb96eeea') in 0.004 seconds [static and dynamic dependencies]. Details - ImportResultOutputID=e2c407d60fdda2d6eb43d578a9b38000 DependenciesID=8cf639fad2cc0d3ca7cc6307a7656dd8 StaticDependenciesID=a1a7e0d47e978350fb9e88ce636bdcdd 
Number of updated asset objects reloaded before import = 0
Number of asset objects unloaded after import = 1
========================================================================
Received Import Request.
  Time of request: 2026-09-19T15:08:31.9313689Z
  Time since last request: 0.0008424 seconds.
  importAddress: GUID: 0986d558af63ed0418f7eb24eeaa2308 - Path: Packages/com.unity.render-pipelines.core/ShaderLibrary/DebugMipmapStreamingMacros.hlsl - Importer: ScriptedImporter/UnityEditor.QuickSearchModule:UnityEditor.Search:ASIAI0B
Importing 'GUID: 0986d558af63ed0418f7eb24eeaa2308 - Path: Packages/com.unity.render-pipelines.core/ShaderLibrary/DebugMipmapStreamingMacros.hlsl - Importer: ScriptedImporter/UnityEditor.QuickSearchModule:UnityEditor.Search:ASIAI0B' with importer (ScriptedImporter : UnityEditor.QuickSearchModule:UnityEditor.Search:ASIAI0B)
Imported 'GUID: 0986d558af63ed0418f7eb24eeaa2308' -> (Import Result ID: '5599cc16185b5d4309247d059255271a') in 0.003 seconds [static and dynamic dependencies]. Details - ImportResultOutputID=b5fd28271bf3420c32e01b12d9ce1741 DependenciesID=399fc92633b48b407292bc79a0dc5ced StaticDependenciesID=75e6b9b37e4da0d4a730b6d0c97727de 
Number of updated asset objects reloaded before import = 0
Number of asset objects unloaded after import = 1
========================================================================
Received Import Request.
  Time of request: 2026-09-19T15:08:31.9536897Z
  Time since last request: 0.0006075 seconds.
  importAddress: GUID: 54ca0b3b7814f804aac1450b38477c74 - Path: Packages/com.unity.render-pipelines.core/ShaderLibrary/Filtering.hlsl - Importer: ScriptedImporter/UnityEditor.QuickSearchModule:UnityEditor.Search:ASIAI0B
Importing 'GUID: 54ca0b3b7814f804aac1450b38477c74 - Path: Packages/com.unity.render-pipelines.core/ShaderLibrary/Filtering.hlsl - Importer: ScriptedImporter/UnityEditor.QuickSearchModule:UnityEditor.Search:ASIAI0B' with importer (ScriptedImporter : UnityEditor.QuickSearchModule:UnityEditor.Search:ASIAI0B)
Imported 'GUID: 54ca0b3b7814f804aac1450b38477c74' -> (Import Result ID: 'b006ff2f59addb52f429a5e343534a97') in 0.003 seconds [static and dynamic dependencies]. Details - ImportResultOutputID=f682948e1e9616199012b069f3ecebf7 DependenciesID=af178bb225a41a7c094b87cde5004796 StaticDependenciesID=5fde48156bba57decbd07c00b45f6d33 
Number of updated asset objects reloaded before import = 0
Number of asset objects unloaded after import = 1
========================================================================
Received Import Request.
  Time of request: 2026-09-19T15:08:31.973532Z
  Time since last request: 0.0006398 seconds.
  importAddress: GUID: 540178d5ddc29e74da771e38536aee22 - Path: Packages/com.unity.render-pipelines.core/ShaderLibrary/CommonMaterial.hlsl - Importer: ScriptedImporter/UnityEditor.QuickSearchModule:UnityEditor.Search:ASIAI0B
Importing 'GUID: 540178d5ddc29e74da771e38536aee22 - Path: Packages/com.unity.render-pipelines.core/ShaderLibrary/CommonMaterial.hlsl - Importer: ScriptedImporter/UnityEditor.QuickSearchModule:UnityEditor.Search:ASIAI0B' with importer (ScriptedImporter : UnityEditor.QuickSearchModule:UnityEditor.Search:ASIAI0B)
Imported 'GUID: 540178d5ddc29e74da771e38536aee22' -> (Import Result ID: '36d18468caeddd63d03b08d46166a316') in 0.004 seconds [static and dynamic dependencies]. Details - ImportResultOutputID=e43ade17105993173669f41bf86ecbf4 DependenciesID=7ba76e216ab3bb1ecc0ec0c0e191b3b0 StaticDependenciesID=fc13472020082186246d6514ca28b44f 
Number of updated asset objects reloaded before import = 0
Number of asset objects unloaded after import = 1
========================================================================
Received Import Request.
  Time of request: 2026-09-19T15:08:31.9948718Z
  Time since last request: 0.000687 seconds.
  importAddress: GUID: b6ff088bebec9f941ae19a0086e4f097 - Path: Packages/com.unity.render-pipelines.core/ShaderLibrary/NormalSurfaceGradient.hlsl - Importer: ScriptedImporter/UnityEditor.QuickSearchModule:UnityEditor.Search:ASIAI0B
Importing 'GUID: b6ff088bebec9f941ae19a0086e4f097 - Path: Packages/com.unity.render-pipelines.core/ShaderLibrary/NormalSurfaceGradient.hlsl - Importer: ScriptedImporter/UnityEditor.QuickSearchModule:UnityEditor.Search:ASIAI0B' with importer (ScriptedImporter : UnityEditor.QuickSearchModule:UnityEditor.Search:ASIAI0B)
Imported 'GUID: b6ff088bebec9f941ae19a0086e4f097' -> (Import Result ID: '1ef1c0c447851b6f6613205a3891b0db') in 0.003 seconds [static and dynamic dependencies]. Details - ImportResultOutputID=3319a87d3a58aa3200626555ff56392c DependenciesID=9f9ff2b00c42bc393861143943595908 StaticDependenciesID=3231906fdcd38c9408663d43cdd8f751 
Number of updated asset objects reloaded before import = 0
Number of asset objects unloaded after import = 1
========================================================================
Received Import Request.
  Time of request: 2026-09-19T15:08:32.012668Z
  Time since last request: 0.0006594 seconds.
  importAddress: GUID: b52d68e305b98a94bac88855d8ea5936 - Path: Packages/com.unity.render-pipelines.core/ShaderLibrary/ACES.hlsl - Importer: ScriptedImporter/UnityEditor.QuickSearchModule:UnityEditor.Search:ASIAI0B
Importing 'GUID: b52d68e305b98a94bac88855d8ea5936 - Path: Packages/com.unity.render-pipelines.core/ShaderLibrary/ACES.hlsl - Importer: ScriptedImporter/UnityEditor.QuickSearchModule:UnityEditor.Search:ASIAI0B' with importer (ScriptedImporter : UnityEditor.QuickSearchModule:UnityEditor.Search:ASIAI0B)
Imported 'GUID: b52d68e305b98a94bac88855d8ea5936' -> (Import Result ID: '3886b735902a1e30961ac9cb0d478d93') in 0.005 seconds [static and dynamic dependencies]. Details - ImportResultOutputID=9eabf02bdc40d71680d3abba9942b5e3 DependenciesID=80f9462331a603a6654bde70ec8fd128 StaticDependenciesID=0df52af063fcd84b66e2cadc6135079a 
Number of updated asset objects reloaded before import = 0
Number of asset objects unloaded after import = 1
========================================================================
Received Import Request.
  Time of request: 2026-09-19T15:08:32.0368179Z
  Time since last request: 0.0006198 seconds.
  importAddress: GUID: 4313d5ae39aaa114ba2110046960b238 - Path: Packages/com.unity.render-pipelines.core/ShaderLibrary/ParticlesInstancing.hlsl - Importer: ScriptedImporter/UnityEditor.QuickSearchModule:UnityEditor.Search:ASIAI0B
Importing 'GUID: 4313d5ae39aaa114ba2110046960b238 - Path: Packages/com.unity.render-pipelines.core/ShaderLibrary/ParticlesInstancing.hlsl - Importer: ScriptedImporter/UnityEditor.QuickSearchModule:UnityEditor.Search:ASIAI0B' with importer (ScriptedImporter : UnityEditor.QuickSearchModule:UnityEditor.Search:ASIAI0B)
Imported 'GUID: 4313d5ae39aaa114ba2110046960b238' -> (Import Result ID: '1a2d995a06c0f5ccf23e0010b0166c00') in 0.009 seconds [static and dynamic dependencies]. Details - ImportResultOutputID=7d59829192607771ca5a563cc9b4cb87 DependenciesID=f5817d7121e426046fa1c23954d3e84b StaticDependenciesID=8d64d9133575d5f01583e95881d7f4bd 
Number of updated asset objects reloaded before import = 0
Number of asset objects unloaded after import = 1
========================================================================
Received Import Request.
  Time of request: 2026-09-19T15:08:32.0662905Z
  Time since last request: 0.0006871 seconds.
  importAddress: GUID: 513fb6069b4efa74ea0f21f894eed362 - Path: Packages/com.unity.render-pipelines.core/Editor/InspectorCurveEditor.cs - Importer: ScriptedImporter/UnityEditor.QuickSearchModule:UnityEditor.Search:ASIAI0B
Importing 'GUID: 513fb6069b4efa74ea0f21f894eed362 - Path: Packages/com.unity.render-pipelines.core/Editor/InspectorCurveEditor.cs - Importer: ScriptedImporter/UnityEditor.QuickSearchModule:UnityEditor.Search:ASIAI0B' with importer (ScriptedImporter : UnityEditor.QuickSearchModule:UnityEditor.Search:ASIAI0B)
Imported 'GUID: 513fb6069b4efa74ea0f21f894eed362' -> (Import Result ID: 'e2a0fbd4b33ce97a47df72ebc022cf2a') in 0.004 seconds [static and dynamic dependencies]. Details - ImportResultOutputID=e28be957f564f84f90b8189aa68ade78 DependenciesID=3db2a5b23d4fc99035b2db19c8abec75 StaticDependenciesID=b24117fb5f8fe442b24eadd218170dce 
Number of updated asset objects reloaded before import = 0
Number of asset objects unloaded after import = 0
========================================================================
Received Import Request.
  Time of request: 2026-09-19T15:08:32.0873966Z
  Time since last request: 0.0006625 seconds.
  importAddress: GUID: 6300b0e79f5d15e499b9d6b5d23ca01b - Path: Packages/com.unity.render-pipelines.core/ShaderLibrary/Macros.hlsl - Importer: ScriptedImporter/UnityEditor.QuickSearchModule:UnityEditor.Search:ASIAI0B
Importing 'GUID: 6300b0e79f5d15e499b9d6b5d23ca01b - Path: Packages/com.unity.render-pipelines.core/ShaderLibrary/Macros.hlsl - Importer: ScriptedImporter/UnityEditor.QuickSearchModule:UnityEditor.Search:ASIAI0B' with importer (ScriptedImporter : UnityEditor.QuickSearchModule:UnityEditor.Search:ASIAI0B)
Imported 'GUID: 6300b0e79f5d15e499b9d6b5d23ca01b' -> (Import Result ID: '8ed1580efb965df0d0438a2a66c1a837') in 0.003 seconds [static and dynamic dependencies]. Details - ImportResultOutputID=7c56198c49790bb5fe95bb827fe9c8c8 DependenciesID=ea775fffa5266526a54edd43c61278b2 StaticDependenciesID=bba036c1894abb493ea7ea983fefeeb3 
Number of updated asset objects reloaded before import = 0
Number of asset objects unloaded after import = 1
========================================================================
Received Import Request.
  Time of request: 2026-09-19T15:08:32.1092147Z
  Time since last request: 0.0005481 seconds.
  importAddress: GUID: 0e625d3de4b77c14b9a31bc7b56dfde7 - Path: Packages/com.unity.render-pipelines.core/ShaderLibrary/DummyShaderLibrary.cs - Importer: ScriptedImporter/UnityEditor.QuickSearchModule:UnityEditor.Search:ASIAI0B
Importing 'GUID: 0e625d3de4b77c14b9a31bc7b56dfde7 - Path: Packages/com.unity.render-pipelines.core/ShaderLibrary/DummyShaderLibrary.cs - Importer: ScriptedImporter/UnityEditor.QuickSearchModule:UnityEditor.Search:ASIAI0B' with importer (ScriptedImporter : UnityEditor.QuickSearchModule:UnityEditor.Search:ASIAI0B)
Imported 'GUID: 0e625d3de4b77c14b9a31bc7b56dfde7' -> (Import Result ID: '83fee5c8e27455a62b4005865b49cb81') in 0.003 seconds [static and dynamic dependencies]. Details - ImportResultOutputID=7b447403675f8841d6ebaebe7ef4f3e3 DependenciesID=ea26c5d5bc91f2c7c8a8c82270fec340 StaticDependenciesID=cb39b3308f64808cd98c2b83e891643d 
Number of updated asset objects reloaded before import = 0
Number of asset objects unloaded after import = 0
========================================================================
Received Import Request.
  Time of request: 2026-09-19T15:08:32.1251743Z
  Time since last request: 0.0006468 seconds.
  importAddress: GUID: 38b347b69c1c6df4eab3367bbdbc6ac0 - Path: Packages/com.unity.render-pipelines.core/Runtime/Documentation.cs - Importer: ScriptedImporter/UnityEditor.QuickSearchModule:UnityEditor.Search:ASIAI0B
Importing 'GUID: 38b347b69c1c6df4eab3367bbdbc6ac0 - Path: Packages/com.unity.render-pipelines.core/Runtime/Documentation.cs - Importer: ScriptedImporter/UnityEditor.QuickSearchModule:UnityEditor.Search:ASIAI0B' with importer (ScriptedImporter : UnityEditor.QuickSearchModule:UnityEditor.Search:ASIAI0B)
Imported 'GUID: 38b347b69c1c6df4eab3367bbdbc6ac0' -> (Import Result ID: '195e1dba3eb009126e4555056c3b3eb0') in 0.004 seconds [static and dynamic dependencies]. Details - ImportResultOutputID=da91260e379aa2863fbac0c96ead2a10 DependenciesID=879922ee456ba5fd28edc9f26748cbe2 StaticDependenciesID=82381af091547ac5e1b54520624f11ab 
Number of updated asset objects reloaded before import = 0
Number of asset objects unloaded after import = 0
========================================================================
Received Import Request.
  Time of request: 2026-09-19T15:08:32.1482997Z
  Time since last request: 0.0006708 seconds.
  importAddress: GUID: 69257879134bba646869b21467b3338d - Path: Packages/com.unity.render-pipelines.core/Runtime-PrivateShared/Unity.RenderPipelines.Core.Runtime.Shared.asmdef - Importer: ScriptedImporter/UnityEditor.QuickSearchModule:UnityEditor.Search:ASIAI0B
Importing 'GUID: 69257879134bba646869b21467b3338d - Path: Packages/com.unity.render-pipelines.core/Runtime-PrivateShared/Unity.RenderPipelines.Core.Runtime.Shared.asmdef - Importer: ScriptedImporter/UnityEditor.QuickSearchModule:UnityEditor.Search:ASIAI0B' with importer (ScriptedImporter : UnityEditor.QuickSearchModule:UnityEditor.Search:ASIAI0B)
Imported 'GUID: 69257879134bba646869b21467b3338d' -> (Import Result ID: 'cc343a0fccd7f524ac8fa1340d63cfbb') in 0.003 seconds [static and dynamic dependencies]. Details - ImportResultOutputID=fd187e0a6e217792d12516fadf3d70bf DependenciesID=45045f6774c23dd1cefdc16d3ed24441 StaticDependenciesID=c5a22b1cf6eb08d529b9930e3e56ecac 
Number of updated asset objects reloaded before import = 0
Number of asset objects unloaded after import = 1
========================================================================
Received Import Request.
  Time of request: 2026-09-19T15:08:32.1684176Z
  Time since last request: 0.0004866 seconds.
  importAddress: GUID: c6976b17260ed7d4ca3810ae8488f67f - Path: Packages/com.unity.render-pipelines.core/ShaderLibrary/ParallaxMapping.hlsl - Importer: ScriptedImporter/UnityEditor.QuickSearchModule:UnityEditor.Search:ASIAI0B
Importing 'GUID: c6976b17260ed7d4ca3810ae8488f67f - Path: Packages/com.unity.render-pipelines.core/ShaderLibrary/ParallaxMapping.hlsl - Importer: ScriptedImporter/UnityEditor.QuickSearchModule:UnityEditor.Search:ASIAI0B' with importer (ScriptedImporter : UnityEditor.QuickSearchModule:UnityEditor.Search:ASIAI0B)
Imported 'GUID: c6976b17260ed7d4ca3810ae8488f67f' -> (Import Result ID: '8935afd953c8aee804f391d0d3d6ced2') in 0.004 seconds [static and dynamic dependencies]. Details - ImportResultOutputID=02542e08bf074d010b04a1a0caabf1be DependenciesID=78044d8a317bf0a60afe8aa3f5342fda StaticDependenciesID=854ae87a4585ea093a24f01bded6cecd 
Number of updated asset objects reloaded before import = 0
Number of asset objects unloaded after import = 1
========================================================================
Received Import Request.
  Time of request: 2026-09-19T15:08:32.1910985Z
  Time since last request: 0.0005922 seconds.
  importAddress: GUID: 369a40fd4db19d048ad2cf161cc89fcd - Path: Packages/com.unity.render-pipelines.core/ShaderLibrary/DebugMipmapStreaming.hlsl - Importer: ScriptedImporter/UnityEditor.QuickSearchModule:UnityEditor.Search:ASIAI0B
Importing 'GUID: 369a40fd4db19d048ad2cf161cc89fcd - Path: Packages/com.unity.render-pipelines.core/ShaderLibrary/DebugMipmapStreaming.hlsl - Importer: ScriptedImporter/UnityEditor.QuickSearchModule:UnityEditor.Search:ASIAI0B' with importer (ScriptedImporter : UnityEditor.QuickSearchModule:UnityEditor.Search:ASIAI0B)
Imported 'GUID: 369a40fd4db19d048ad2cf161cc89fcd' -> (Import Result ID: 'fe6834519c663b2fcc52706ce2280a51') in 0.004 seconds [static and dynamic dependencies]. Details - ImportResultOutputID=655e6ce441e52c399ae039377c232c14 DependenciesID=f1fec4d1ac4f57a5f579b633098a3f19 StaticDependenciesID=e06fd22716f008cbbd5aed0be336ed1f 
Number of updated asset objects reloaded before import = 0
Number of asset objects unloaded after import = 1
========================================================================
Received Import Request.
  Time of request: 2026-09-19T15:08:32.2135787Z
  Time since last request: 0.0006088 seconds.
  importAddress: GUID: 23284bbc36146a94995a8a08e61f4e73 - Path: Packages/com.unity.render-pipelines.core/ShaderLibrary/Color.hlsl - Importer: ScriptedImporter/UnityEditor.QuickSearchModule:UnityEditor.Search:ASIAI0B
Importing 'GUID: 23284bbc36146a94995a8a08e61f4e73 - Path: Packages/com.unity.render-pipelines.core/ShaderLibrary/Color.hlsl - Importer: ScriptedImporter/UnityEditor.QuickSearchModule:UnityEditor.Search:ASIAI0B' with importer (ScriptedImporter : UnityEditor.QuickSearchModule:UnityEditor.Search:ASIAI0B)
Imported 'GUID: 23284bbc36146a94995a8a08e61f4e73' -> (Import Result ID: 'f4783ab2c68ffea4adc80abbd200079b') in 0.004 seconds [static and dynamic dependencies]. Details - ImportResultOutputID=564930b665f064954c486991491911fe DependenciesID=06a26b26381d72ad622b1b7ec4896b27 StaticDependenciesID=0a5679fadc2bfb03a9e33d819ec3e97a 
Number of updated asset objects reloaded before import = 0
Number of asset objects unloaded after import = 1
========================================================================
Received Import Request.
  Time of request: 2026-09-19T15:08:32.2364197Z
  Time since last request: 0.0005591 seconds.
  importAddress: GUID: ac00489121556c741bc0e67dfb460a8e - Path: Packages/com.unity.render-pipelines.core/Editor/PropertyFetcher.cs - Importer: ScriptedImporter/UnityEditor.QuickSearchModule:UnityEditor.Search:ASIAI0B
Importing 'GUID: ac00489121556c741bc0e67dfb460a8e - Path: Packages/com.unity.render-pipelines.core/Editor/PropertyFetcher.cs - Importer: ScriptedImporter/UnityEditor.QuickSearchModule:UnityEditor.Search:ASIAI0B' with importer (ScriptedImporter : UnityEditor.QuickSearchModule:UnityEditor.Search:ASIAI0B)
Imported 'GUID: ac00489121556c741bc0e67dfb460a8e' -> (Import Result ID: '267216957388795ee87286c39d223f50') in 0.004 seconds [static and dynamic dependencies]. Details - ImportResultOutputID=a00b63cfc3184a57cb7bf3c616550256 DependenciesID=a7c04f64efcaa5d9ca098d202c0f60de StaticDependenciesID=187c2f32fefd235cc43867da4f924b8f 
Number of updated asset objects reloaded before import = 0
Number of asset objects unloaded after import = 0
========================================================================
Received Import Request.
  Time of request: 2026-09-19T15:08:32.2579455Z
  Time since last request: 0.0005279 seconds.
  importAddress: GUID: 72fc1f568d054a98b8831b44d24b09cc - Path: Packages/com.unity.render-pipelines.core/Runtime-PrivateShared/DebugUIUtilities.cs - Importer: ScriptedImporter/UnityEditor.QuickSearchModule:UnityEditor.Search:ASIAI0B
Importing 'GUID: 72fc1f568d054a98b8831b44d24b09cc - Path: Packages/com.unity.render-pipelines.core/Runtime-PrivateShared/DebugUIUtilities.cs - Importer: ScriptedImporter/UnityEditor.QuickSearchModule:UnityEditor.Search:ASIAI0B' with importer (ScriptedImporter : UnityEditor.QuickSearchModule:UnityEditor.Search:ASIAI0B)
Imported 'GUID: 72fc1f568d054a98b8831b44d24b09cc' -> (Import Result ID: '64b5ee85c61be9f802fcd069f10da9e4') in 0.004 seconds [static and dynamic dependencies]. Details - ImportResultOutputID=434db2dcc947b40233f36427189fbe7b DependenciesID=ec34de03929e51608150540c24e65709 StaticDependenciesID=83b2243ed17523e7a1144e8362b6af76 
Number of updated asset objects reloaded before import = 0
Number of asset objects unloaded after import = 0
========================================================================
Received Import Request.
  Time of request: 2026-09-19T15:08:32.2991088Z
  Time since last request: 0.0194293 seconds.
  importAddress: GUID: 41147144ff556e246b736135eb26f185 - Path: Packages/com.unity.render-pipelines.core/Editor/Debugging/DebugWindow.cs - Importer: ScriptedImporter/UnityEditor.QuickSearchModule:UnityEditor.Search:ASIAI0B
Importing 'GUID: 41147144ff556e246b736135eb26f185 - Path: Packages/com.unity.render-pipelines.core/Editor/Debugging/DebugWindow.cs - Importer: ScriptedImporter/UnityEditor.QuickSearchModule:UnityEditor.Search:ASIAI0B' with importer (ScriptedImporter : UnityEditor.QuickSearchModule:UnityEditor.Search:ASIAI0B)
Imported 'GUID: 41147144ff556e246b736135eb26f185' -> (Import Result ID: '23ed3a3a9c235e576a27f34f5bd46e67') in 0.003 seconds [static and dynamic dependencies]. Details - ImportResultOutputID=a938d49eac9fc7b694eb577cd8aebcd0 DependenciesID=09eb679ec09f9983bc0944ec386fdd68 StaticDependenciesID=38049696bff2b2a1e8f73e5de62cb6ef 
Number of updated asset objects reloaded before import = 0
Number of asset objects unloaded after import = 0
========================================================================
Received Import Request.
  Time of request: 2026-09-19T15:08:32.3203839Z
  Time since last request: 0.0004525 seconds.
  importAddress: GUID: 7e978521b37d51146b2cc9750ebfa16c - Path: Packages/com.unity.render-pipelines.core/Editor/Camera/CameraUI.PhysicalCamera.Skin.cs - Importer: ScriptedImporter/UnityEditor.QuickSearchModule:UnityEditor.Search:ASIAI0B
Importing 'GUID: 7e978521b37d51146b2cc9750ebfa16c - Path: Packages/com.unity.render-pipelines.core/Editor/Camera/CameraUI.PhysicalCamera.Skin.cs - Importer: ScriptedImporter/UnityEditor.QuickSearchModule:UnityEditor.Search:ASIAI0B' with importer (ScriptedImporter : UnityEditor.QuickSearchModule:UnityEditor.Search:ASIAI0B)
Imported 'GUID: 7e978521b37d51146b2cc9750ebfa16c' -> (Import Result ID: '9175fbc80169f6bb067b61d0f54a6696') in 0.004 seconds [static and dynamic dependencies]. Details - ImportResultOutputID=f1d91d8f29199dfb1e39a0c9516ecdd8 DependenciesID=e2882c727709ebff2fc51f1ecfbf617d StaticDependenciesID=68130ea3df1ec6f2c8b93296176f7cd9 
Number of updated asset objects reloaded before import = 0
Number of asset objects unloaded after import = 0
========================================================================
Received Import Request.
  Time of request: 2026-09-19T15:08:32.3460325Z
  Time since last request: 0.0005995 seconds.
  importAddress: GUID: 37f63294a089b441eb9b5a8b6dea5114 - Path: Packages/com.unity.render-pipelines.core/Editor/Controls/ToggleDropdown.cs - Importer: ScriptedImporter/UnityEditor.QuickSearchModule:UnityEditor.Search:ASIAI0B
Importing 'GUID: 37f63294a089b441eb9b5a8b6dea5114 - Path: Packages/com.unity.render-pipelines.core/Editor/Controls/ToggleDropdown.cs - Importer: ScriptedImporter/UnityEditor.QuickSearchModule:UnityEditor.Search:ASIAI0B' with importer (ScriptedImporter : UnityEditor.QuickSearchModule:UnityEditor.Search:ASIAI0B)
Imported 'GUID: 37f63294a089b441eb9b5a8b6dea5114' -> (Import Result ID: 'edf744007c72faca54976bf176f11f1d') in 0.005 seconds [static and dynamic dependencies]. Details - ImportResultOutputID=219d0e654b223568dc0c6117459d43ce DependenciesID=9915b2601238bfb887858c90946d708c StaticDependenciesID=402f95e0fdaf1c7d2a282d943aebb9e6 
Number of updated asset objects reloaded before import = 0
Number of asset objects unloaded after import = 0
========================================================================
Received Import Request.
  Time of request: 2026-09-19T15:08:32.3684498Z
  Time since last request: 0.0005109 seconds.
  importAddress: GUID: b7fbad490dc4ecc46b2936be42e9c71f - Path: Packages/com.unity.render-pipelines.core/Editor/Camera/CameraUI.PhysicalCamera.Drawers.cs - Importer: ScriptedImporter/UnityEditor.QuickSearchModule:UnityEditor.Search:ASIAI0B
Importing 'GUID: b7fbad490dc4ecc46b2936be42e9c71f - Path: Packages/com.unity.render-pipelines.core/Editor/Camera/CameraUI.PhysicalCamera.Drawers.cs - Importer: ScriptedImporter/UnityEditor.QuickSearchModule:UnityEditor.Search:ASIAI0B' with importer (ScriptedImporter : UnityEditor.QuickSearchModule:UnityEditor.Search:ASIAI0B)
Imported 'GUID: b7fbad490dc4ecc46b2936be42e9c71f' -> (Import Result ID: '89491dd672c079ebfa2950f083338037') in 0.003 seconds [static and dynamic dependencies]. Details - ImportResultOutputID=fccdcbd98d9bc08f7444bf56420be266 DependenciesID=73314e7d6fb38003ca349b6a71cec2af StaticDependenciesID=abc622ec2a2a067d1ca3d1ec4dce07a9 
Number of updated asset objects reloaded before import = 0
Number of asset objects unloaded after import = 0
========================================================================
Received Import Request.
  Time of request: 2026-09-19T15:08:32.3894147Z
  Time since last request: 0.0004995 seconds.
  importAddress: GUID: 79062f3c36657da4e9a366000411cf78 - Path: Packages/com.unity.render-pipelines.core/ShaderLibrary/Texture.hlsl - Importer: ScriptedImporter/UnityEditor.QuickSearchModule:UnityEditor.Search:ASIAI0B
Importing 'GUID: 79062f3c36657da4e9a366000411cf78 - Path: Packages/com.unity.render-pipelines.core/ShaderLibrary/Texture.hlsl - Importer: ScriptedImporter/UnityEditor.QuickSearchModule:UnityEditor.Search:ASIAI0B' with importer (ScriptedImporter : UnityEditor.QuickSearchModule:UnityEditor.Search:ASIAI0B)
Imported 'GUID: 79062f3c36657da4e9a366000411cf78' -> (Import Result ID: '300c23a2015546c8160846b72c637073') in 0.004 seconds [static and dynamic dependencies]. Details - ImportResultOutputID=a3d84e6bccf8dd5f07c5d9d322c43400 DependenciesID=51cc02477f3416762c857d054fc4ecc7 StaticDependenciesID=7bf6edab27bdae42dce084f253eb03ee 
Number of updated asset objects reloaded before import = 0
Number of asset objects unloaded after import = 1
========================================================================
Received Import Request.
  Time of request: 2026-09-19T15:08:32.4114449Z
  Time since last request: 0.0005781 seconds.
  importAddress: GUID: c94bc25276e67ea429b40e3228a39b05 - Path: Packages/com.unity.render-pipelines.core/Editor/Camera/CameraUI.Environment.Skin.cs - Importer: ScriptedImporter/UnityEditor.QuickSearchModule:UnityEditor.Search:ASIAI0B
Importing 'GUID: c94bc25276e67ea429b40e3228a39b05 - Path: Packages/com.unity.render-pipelines.core/Editor/Camera/CameraUI.Environment.Skin.cs - Importer: ScriptedImporter/UnityEditor.QuickSearchModule:UnityEditor.Search:ASIAI0B' with importer (ScriptedImporter : UnityEditor.QuickSearchModule:UnityEditor.Search:ASIAI0B)
Imported 'GUID: c94bc25276e67ea429b40e3228a39b05' -> (Import Result ID: '47db636bc15897fb20c8a4bb860fb0fa') in 0.003 seconds [static and dynamic dependencies]. Details - ImportResultOutputID=65fe2ca89dd0fd79ae95a5e730139a1f DependenciesID=505c0f327611d44b7b75b818e302ca97 StaticDependenciesID=291b41008037aa057205aa5edeb04cd2 
Number of updated asset objects reloaded before import = 0
Number of asset objects unloaded after import = 0
========================================================================
Received Import Request.
  Time of request: 2026-09-19T15:08:32.4330246Z
  Time since last request: 0.0005887 seconds.
  importAddress: GUID: 79641ba14fe04324b8905bafbf3e82ed - Path: Packages/com.unity.render-pipelines.core/ShaderLibrary/TextureStack.hlsl - Importer: ScriptedImporter/UnityEditor.QuickSearchModule:UnityEditor.Search:ASIAI0B
Importing 'GUID: 79641ba14fe04324b8905bafbf3e82ed - Path: Packages/com.unity.render-pipelines.core/ShaderLibrary/TextureStack.hlsl - Importer: ScriptedImporter/UnityEditor.QuickSearchModule:UnityEditor.Search:ASIAI0B' with importer (ScriptedImporter : UnityEditor.QuickSearchModule:UnityEditor.Search:ASIAI0B)
Imported 'GUID: 79641ba14fe04324b8905bafbf3e82ed' -> (Import Result ID: '4df1a35576309823fd9838745bfe24a9') in 0.003 seconds [static and dynamic dependencies]. Details - ImportResultOutputID=6656b1487e375f8889c6ba9ab6d6f5dd DependenciesID=de645bef4e933927204a06f90893cd69 StaticDependenciesID=9147162cc195e29b86e50092f68b1d7a 
Number of updated asset objects reloaded before import = 0
Number of asset objects unloaded after import = 1
========================================================================
Received Import Request.
  Time of request: 2026-09-19T15:08:32.4495745Z
  Time since last request: 0.0008745 seconds.
  importAddress: GUID: 259e4e1d42f9302459819d218966a11c - Path: Packages/com.unity.render-pipelines.core/ShaderLibrary/PhysicalCamera.hlsl - Importer: ScriptedImporter/UnityEditor.QuickSearchModule:UnityEditor.Search:ASIAI0B
Importing 'GUID: 259e4e1d42f9302459819d218966a11c - Path: Packages/com.unity.render-pipelines.core/ShaderLibrary/PhysicalCamera.hlsl - Importer: ScriptedImporter/UnityEditor.QuickSearchModule:UnityEditor.Search:ASIAI0B' with importer (ScriptedImporter : UnityEditor.QuickSearchModule:UnityEditor.Search:ASIAI0B)
Imported 'GUID: 259e4e1d42f9302459819d218966a11c' -> (Import Result ID: '9f7a5f60a29ef685b6b5dfbfb5c7199e') in 0.003 seconds [static and dynamic dependencies]. Details - ImportResultOutputID=d95aed82ba72e4c212e70cb432f88399 DependenciesID=9b8a5be7582a7b6adac647989cc6e9e0 StaticDependenciesID=9d1a1fd0658b4b1048d22c81c89da7ed 
Number of updated asset objects reloaded before import = 0
Number of asset objects unloaded after import = 1
========================================================================
Received Import Request.
  Time of request: 2026-09-19T15:08:32.4698943Z
  Time since last request: 0.0005729 seconds.
  importAddress: GUID: 325b1a823e35d84478e89669f808ecb9 - Path: Packages/com.unity.render-pipelines.core/ShaderLibrary/SDF2D.hlsl - Importer: ScriptedImporter/UnityEditor.QuickSearchModule:UnityEditor.Search:ASIAI0B
Importing 'GUID: 325b1a823e35d84478e89669f808ecb9 - Path: Packages/com.unity.render-pipelines.core/ShaderLibrary/SDF2D.hlsl - Importer: ScriptedImporter/UnityEditor.QuickSearchModule:UnityEditor.Search:ASIAI0B' with importer (ScriptedImporter : UnityEditor.QuickSearchModule:UnityEditor.Search:ASIAI0B)
Imported 'GUID: 325b1a823e35d84478e89669f808ecb9' -> (Import Result ID: '7a1892414774d7c82cf80be9b040eefd') in 0.005 seconds [static and dynamic dependencies]. Details - ImportResultOutputID=2116c5f42b81f88af4321cb9a206832d DependenciesID=6023585056c8e028a3411838285c9619 StaticDependenciesID=d6a60b68e7e8b000acbe7e7166c423f6 
Number of updated asset objects reloaded before import = 0
Number of asset objects unloaded after import = 1
========================================================================
Received Import Request.
  Time of request: 2026-09-19T15:08:32.4906109Z
  Time since last request: 0.0008359 seconds.
  importAddress: GUID: cc0d8451b1d348689c76bbac2a797aaa - Path: Packages/com.unity.render-pipelines.core/ShaderLibrary/Threading.hlsl - Importer: ScriptedImporter/UnityEditor.QuickSearchModule:UnityEditor.Search:ASIAI0B
Importing 'GUID: cc0d8451b1d348689c76bbac2a797aaa - Path: Packages/com.unity.render-pipelines.core/ShaderLibrary/Threading.hlsl - Importer: ScriptedImporter/UnityEditor.QuickSearchModule:UnityEditor.Search:ASIAI0B' with importer (ScriptedImporter : UnityEditor.QuickSearchModule:UnityEditor.Search:ASIAI0B)
Imported 'GUID: cc0d8451b1d348689c76bbac2a797aaa' -> (Import Result ID: 'b3544460b06fa7017d858b8a0041e511') in 0.003 seconds [static and dynamic dependencies]. Details - ImportResultOutputID=364df3c52dc902bd24c4e58eeb657055 DependenciesID=ba564ea5e5f5d0032f303c2c2c711c7b StaticDependenciesID=af00e5d8e75e9a9c67e7232bcf0f345b 
Number of updated asset objects reloaded before import = 0
Number of asset objects unloaded after import = 1
========================================================================
Received Import Request.
  Time of request: 2026-09-19T15:08:32.509064Z
  Time since last request: 0.0005453 seconds.
  importAddress: GUID: 12dc59547ea167a4ab435097dd0f9add - Path: Packages/com.unity.render-pipelines.core/Shaders/CoreCopy.shader - Importer: ScriptedImporter/UnityEditor.QuickSearchModule:UnityEditor.Search:ASIAI0B
Importing 'GUID: 12dc59547ea167a4ab435097dd0f9add - Path: Packages/com.unity.render-pipelines.core/Shaders/CoreCopy.shader - Importer: ScriptedImporter/UnityEditor.QuickSearchModule:UnityEditor.Search:ASIAI0B' with importer (ScriptedImporter : UnityEditor.QuickSearchModule:UnityEditor.Search:ASIAI0B)
Imported 'GUID: 12dc59547ea167a4ab435097dd0f9add' -> (Import Result ID: '115f9311768af2283ba66232b3a4b63b') in 0.004 seconds [static and dynamic dependencies]. Details - ImportResultOutputID=61df259a7088158bf18300060de6da01 DependenciesID=21d416ac80c1c7e430feaf38bf54cbe2 StaticDependenciesID=a2bc37570adf522343b030d423aabddf 
Number of updated asset objects reloaded before import = 0
Number of asset objects unloaded after import = 1
========================================================================
Received Import Request.
  Time of request: 2026-09-19T15:08:32.5325493Z
  Time since last request: 0.0005605 seconds.
  importAddress: GUID: 0a40799d368cbbd4982d2f423cdd8595 - Path: Packages/com.unity.render-pipelines.core/ShaderLibrary/PerPixelDisplacement.hlsl - Importer: ScriptedImporter/UnityEditor.QuickSearchModule:UnityEditor.Search:ASIAI0B
Importing 'GUID: 0a40799d368cbbd4982d2f423cdd8595 - Path: Packages/com.unity.render-pipelines.core/ShaderLibrary/PerPixelDisplacement.hlsl - Importer: ScriptedImporter/UnityEditor.QuickSearchModule:UnityEditor.Search:ASIAI0B' with importer (ScriptedImporter : UnityEditor.QuickSearchModule:UnityEditor.Search:ASIAI0B)
Imported 'GUID: 0a40799d368cbbd4982d2f423cdd8595' -> (Import Result ID: '11d2155dc3cfd29396143b4865a5cd70') in 0.003 seconds [static and dynamic dependencies]. Details - ImportResultOutputID=bad0994c40a00dfcbd2219714e6169ce DependenciesID=e42b26d296706024bca2f21b907047ad StaticDependenciesID=fbfc34e1720751786dc7a7bf7946e858 
Number of updated asset objects reloaded before import = 0
Number of asset objects unloaded after import = 1
========================================================================
Received Import Request.
  Time of request: 2026-09-19T15:08:32.5543624Z
  Time since last request: 0.0008675 seconds.
  importAddress: GUID: 7ecd4b4b0c2b54742baf8d885609f3b9 - Path: Packages/com.unity.render-pipelines.core/Editor/Gizmo/HierarchicalSphere.cs - Importer: ScriptedImporter/UnityEditor.QuickSearchModule:UnityEditor.Search:ASIAI0B
Importing 'GUID: 7ecd4b4b0c2b54742baf8d885609f3b9 - Path: Packages/com.unity.render-pipelines.core/Editor/Gizmo/HierarchicalSphere.cs - Importer: ScriptedImporter/UnityEditor.QuickSearchModule:UnityEditor.Search:ASIAI0B' with importer (ScriptedImporter : UnityEditor.QuickSearchModule:UnityEditor.Search:ASIAI0B)
Imported 'GUID: 7ecd4b4b0c2b54742baf8d885609f3b9' -> (Import Result ID: 'e4f17b1dd6dc468c4aef0f84ba903257') in 0.003 seconds [static and dynamic dependencies]. Details - ImportResultOutputID=c2074be455b53fff6796342fb1a25e99 DependenciesID=b48dbd0d8bde1d6e7c4966ff50711991 StaticDependenciesID=1f8e8cacfd06e3f40482539949240ac3 
Number of updated asset objects reloaded before import = 0
Number of asset objects unloaded after import = 0
========================================================================
Received Import Request.
  Time of request: 2026-09-19T15:08:32.5743195Z
  Time since last request: 0.0007487 seconds.
  importAddress: GUID: cc3e1b4fa05dd864a960b9708102285b - Path: Packages/com.unity.render-pipelines.core/Editor/InternalBridge/ObjectSelector.cs - Importer: ScriptedImporter/UnityEditor.QuickSearchModule:UnityEditor.Search:ASIAI0B
Importing 'GUID: cc3e1b4fa05dd864a960b9708102285b - Path: Packages/com.unity.render-pipelines.core/Editor/InternalBridge/ObjectSelector.cs - Importer: ScriptedImporter/UnityEditor.QuickSearchModule:UnityEditor.Search:ASIAI0B' with importer (ScriptedImporter : UnityEditor.QuickSearchModule:UnityEditor.Search:ASIAI0B)
Imported 'GUID: cc3e1b4fa05dd864a960b9708102285b' -> (Import Result ID: '09260ed3aa101ff90fb059623cff8c33') in 0.003 seconds [static and dynamic dependencies]. Details - ImportResultOutputID=6ef3fbc410ebfc40d26ff317f69c041e DependenciesID=7ada24007a610732e7582ac665a43e21 StaticDependenciesID=0d16d7cfd4ceddd418db56fdd00f6e42 
Number of updated asset objects reloaded before import = 0
Number of asset objects unloaded after import = 0
========================================================================
Received Import Request.
  Time of request: 2026-09-19T15:08:32.5919761Z
  Time since last request: 0.0005196 seconds.
  importAddress: GUID: 093f86242d8d4e64187076599c7f708e - Path: Packages/com.unity.render-pipelines.core/ShaderLibrary/ThreadingEmuImpl.hlsl - Importer: ScriptedImporter/UnityEditor.QuickSearchModule:UnityEditor.Search:ASIAI0B
Importing 'GUID: 093f86242d8d4e64187076599c7f708e - Path: Packages/com.unity.render-pipelines.core/ShaderLibrary/ThreadingEmuImpl.hlsl - Importer: ScriptedImporter/UnityEditor.QuickSearchModule:UnityEditor.Search:ASIAI0B' with importer (ScriptedImporter : UnityEditor.QuickSearchModule:UnityEditor.Search:ASIAI0B)
Imported 'GUID: 093f86242d8d4e64187076599c7f708e' -> (Import Result ID: '01aa1652f94417a2cc345dc2cf3bdc60') in 0.004 seconds [static and dynamic dependencies]. Details - ImportResultOutputID=cbd08da31bfde47a73f3013cdb4df231 DependenciesID=2758d8a2b00bf82f8f9e658d99d37ffa StaticDependenciesID=868c80c004a37a80488a6861dc885e8d 
Number of updated asset objects reloaded before import = 0
Number of asset objects unloaded after import = 1
========================================================================
Received Import Request.
  Time of request: 2026-09-19T15:08:32.6106731Z
  Time since last request: 0.0005197 seconds.
  importAddress: GUID: 9f249a7110f8dd14ca061023fb8aa6e5 - Path: Packages/com.unity.render-pipelines.core/Editor/Analytics/BuildTargetAnalytic.cs - Importer: ScriptedImporter/UnityEditor.QuickSearchModule:UnityEditor.Search:ASIAI0B
Importing 'GUID: 9f249a7110f8dd14ca061023fb8aa6e5 - Path: Packages/com.unity.render-pipelines.core/Editor/Analytics/BuildTargetAnalytic.cs - Importer: ScriptedImporter/UnityEditor.QuickSearchModule:UnityEditor.Search:ASIAI0B' with importer (ScriptedImporter : UnityEditor.QuickSearchModule:UnityEditor.Search:ASIAI0B)
Imported 'GUID: 9f249a7110f8dd14ca061023fb8aa6e5' -> (Import Result ID: 'fc9db79934b35f0d446d9f85e0a97a69') in 0.003 seconds [static and dynamic dependencies]. Details - ImportResultOutputID=fdea5dc173f9ffac5ee0dd86f16b318f DependenciesID=deb8e879076b3a769e0dac20693a00e4 StaticDependenciesID=10fa61070f276109ac77f2a653d0bf18 
Number of updated asset objects reloaded before import = 0
Number of asset objects unloaded after import = 0
========================================================================
Received Import Request.
  Time of request: 2026-09-19T15:08:32.6304374Z
  Time since last request: 0.0005055 seconds.
  importAddress: GUID: 89aebf2868d41e34abc02aae1d41b4cd - Path: Packages/com.unity.render-pipelines.core/ShaderLibrary/UnityDOTSInstancing.hlsl - Importer: ScriptedImporter/UnityEditor.QuickSearchModule:UnityEditor.Search:ASIAI0B
Importing 'GUID: 89aebf2868d41e34abc02aae1d41b4cd - Path: Packages/com.unity.render-pipelines.core/ShaderLibrary/UnityDOTSInstancing.hlsl - Importer: ScriptedImporter/UnityEditor.QuickSearchModule:UnityEditor.Search:ASIAI0B' with importer (ScriptedImporter : UnityEditor.QuickSearchModule:UnityEditor.Search:ASIAI0B)
Imported 'GUID: 89aebf2868d41e34abc02aae1d41b4cd' -> (Import Result ID: '6fe684b30a137d38fcfaa546de5e9115') in 0.003 seconds [static and dynamic dependencies]. Details - ImportResultOutputID=bb0b985c1e7cee58f38bcb3ce264293a DependenciesID=da45fdd624654e31f468778453b3d351 StaticDependenciesID=ae1702cbad06a818437616eb8e7ffcb7 
Number of updated asset objects reloaded before import = 0
Number of asset objects unloaded after import = 1
========================================================================
Received Import Request.
  Time of request: 2026-09-19T15:08:32.6513917Z
  Time since last request: 0.0007778 seconds.
  importAddress: GUID: 33098eef498723540b0b7705cf69a338 - Path: Packages/com.unity.render-pipelines.core/ShaderLibrary/TextureXR.hlsl - Importer: ScriptedImporter/UnityEditor.QuickSearchModule:UnityEditor.Search:ASIAI0B
Importing 'GUID: 33098eef498723540b0b7705cf69a338 - Path: Packages/com.unity.render-pipelines.core/ShaderLibrary/TextureXR.hlsl - Importer: ScriptedImporter/UnityEditor.QuickSearchModule:UnityEditor.Search:ASIAI0B' with importer (ScriptedImporter : UnityEditor.QuickSearchModule:UnityEditor.Search:ASIAI0B)
Imported 'GUID: 33098eef498723540b0b7705cf69a338' -> (Import Result ID: '43bc76c39ac91d00904790592e919d4c') in 0.004 seconds [static and dynamic dependencies]. Details - ImportResultOutputID=4d17939f24c79cd65c82a7c2cba3ce0a DependenciesID=222e8e40792ce29198432ba768b84f6f StaticDependenciesID=8831c6e2a4d46e65585613f3483e1a30 
Number of updated asset objects reloaded before import = 0
Number of asset objects unloaded after import = 1
========================================================================
Received Import Request.
  Time of request: 2026-09-19T15:08:32.6747857Z
  Time since last request: 0.0005778 seconds.
  importAddress: GUID: 430e769b36b6f62439bef2eb5c3eaf79 - Path: Packages/com.unity.render-pipelines.core/Editor/Lighting/CoreLightEditorUtilities.cs - Importer: ScriptedImporter/UnityEditor.QuickSearchModule:UnityEditor.Search:ASIAI0B
Importing 'GUID: 430e769b36b6f62439bef2eb5c3eaf79 - Path: Packages/com.unity.render-pipelines.core/Editor/Lighting/CoreLightEditorUtilities.cs - Importer: ScriptedImporter/UnityEditor.QuickSearchModule:UnityEditor.Search:ASIAI0B' with importer (ScriptedImporter : UnityEditor.QuickSearchModule:UnityEditor.Search:ASIAI0B)
Imported 'GUID: 430e769b36b6f62439bef2eb5c3eaf79' -> (Import Result ID: '65ae783aabe219112828c2cafddded6d') in 0.003 seconds [static and dynamic dependencies]. Details - ImportResultOutputID=51973c9378222ae8bf30b4f90ddc72dd DependenciesID=6986faa2a3f0d0d5bbbac01cbf1a0b53 StaticDependenciesID=473854b4e18a9c754f306104b2a98bf3 
Number of updated asset objects reloaded before import = 0
Number of asset objects unloaded after import = 0
========================================================================
Received Import Request.
  Time of request: 2026-09-19T15:08:32.6942985Z
  Time since last request: 0.0006028 seconds.
  importAddress: GUID: 61125f624d229884d8cff04fc0fceab7 - Path: Packages/com.unity.render-pipelines.core/ShaderLibrary/Refraction.hlsl - Importer: ScriptedImporter/UnityEditor.QuickSearchModule:UnityEditor.Search:ASIAI0B
Importing 'GUID: 61125f624d229884d8cff04fc0fceab7 - Path: Packages/com.unity.render-pipelines.core/ShaderLibrary/Refraction.hlsl - Importer: ScriptedImporter/UnityEditor.QuickSearchModule:UnityEditor.Search:ASIAI0B' with importer (ScriptedImporter : UnityEditor.QuickSearchModule:UnityEditor.Search:ASIAI0B)
Imported 'GUID: 61125f624d229884d8cff04fc0fceab7' -> (Import Result ID: 'd93a3fcf34801c0a741da0efca118754') in 0.003 seconds [static and dynamic dependencies]. Details - ImportResultOutputID=b9cedc14336184d49ee8ff8c85ee7bab DependenciesID=402d92f06ba70a932d2023be2f869349 StaticDependenciesID=05ae10afebc80715aa0c178a388c53e8 
Number of updated asset objects reloaded before import = 0
Number of asset objects unloaded after import = 1
========================================================================
Received Import Request.
  Time of request: 2026-09-19T15:08:32.713066Z
  Time since last request: 0.0004616 seconds.
  importAddress: GUID: 0a22b1f2645743e0b78bd9fd651a38c8 - Path: Packages/com.unity.render-pipelines.core/Editor/Analytics/RenderGraphViewerSessionAnalytic.cs - Importer: ScriptedImporter/UnityEditor.QuickSearchModule:UnityEditor.Search:ASIAI0B
Importing 'GUID: 0a22b1f2645743e0b78bd9fd651a38c8 - Path: Packages/com.unity.render-pipelines.core/Editor/Analytics/RenderGraphViewerSessionAnalytic.cs - Importer: ScriptedImporter/UnityEditor.QuickSearchModule:UnityEditor.Search:ASIAI0B' with importer (ScriptedImporter : UnityEditor.QuickSearchModule:UnityEditor.Search:ASIAI0B)
Imported 'GUID: 0a22b1f2645743e0b78bd9fd651a38c8' -> (Import Result ID: '5a609fa2c6f3cbb3a42db7fe3c519a58') in 0.004 seconds [static and dynamic dependencies]. Details - ImportResultOutputID=cae3b20c3d50c6dff9f94be902de2055 DependenciesID=d0fd4860fa82e5101956e14b9c799158 StaticDependenciesID=4a83efb452d49fd968cbe44d3fb05f0e 
Number of updated asset objects reloaded before import = 0
Number of asset objects unloaded after import = 0
========================================================================
Received Import Request.
  Time of request: 2026-09-19T15:08:32.7339263Z
  Time since last request: 0.0005651 seconds.
  importAddress: GUID: 11914c30949383848ab39385375eff34 - Path: Packages/com.unity.render-pipelines.core/ShaderLibrary/Random.hlsl - Importer: ScriptedImporter/UnityEditor.QuickSearchModule:UnityEditor.Search:ASIAI0B
Importing 'GUID: 11914c30949383848ab39385375eff34 - Path: Packages/com.unity.render-pipelines.core/ShaderLibrary/Random.hlsl - Importer: ScriptedImporter/UnityEditor.QuickSearchModule:UnityEditor.Search:ASIAI0B' with importer (ScriptedImporter : UnityEditor.QuickSearchModule:UnityEditor.Search:ASIAI0B)
Imported 'GUID: 11914c30949383848ab39385375eff34' -> (Import Result ID: '61907cfb701fb4e2f790d0b6ed6bf739') in 0.003 seconds [static and dynamic dependencies]. Details - ImportResultOutputID=efc4ef393e441d25187ce975a93dc097 DependenciesID=86286c4d09574af8117776a2872a967a StaticDependenciesID=ba991e0f0d21bfdb47e8721ebd2713fc 
Number of updated asset objects reloaded before import = 0
Number of asset objects unloaded after import = 1
========================================================================
Received Import Request.
  Time of request: 2026-09-19T15:08:32.7510348Z
  Time since last request: 0.0005161 seconds.
  importAddress: GUID: 6e1b69fb677bd95439f31bff8ca1c431 - Path: Packages/com.unity.render-pipelines.core/Editor/CustomRenderTexture/CustomRenderTextureShader.template - Importer: ScriptedImporter/UnityEditor.QuickSearchModule:UnityEditor.Search:ASIAI0B
Importing 'GUID: 6e1b69fb677bd95439f31bff8ca1c431 - Path: Packages/com.unity.render-pipelines.core/Editor/CustomRenderTexture/CustomRenderTextureShader.template - Importer: ScriptedImporter/UnityEditor.QuickSearchModule:UnityEditor.Search:ASIAI0B' with importer (ScriptedImporter : UnityEditor.QuickSearchModule:UnityEditor.Search:ASIAI0B)
Imported 'GUID: 6e1b69fb677bd95439f31bff8ca1c431' -> (Import Result ID: '017424e081d94ddc3f5cabda117587c5') in 0.003 seconds [static and dynamic dependencies]. Details - ImportResultOutputID=45ad2cd64a108de59bffd2a5f46c7c05 DependenciesID=f72d207c976b20aa062022107a762250 StaticDependenciesID=a1212dc230a6378c6ea29b10e9c0af72 
Number of updated asset objects reloaded before import = 0
Number of asset objects unloaded after import = 1
========================================================================
Received Import Request.
  Time of request: 2026-09-19T15:08:32.7705545Z
  Time since last request: 0.0004758 seconds.
  importAddress: GUID: e60528a842c858f469435e8e9683025a - Path: Packages/com.unity.render-pipelines.core/Editor/Debugging/DebugWindow.SearchFilter.cs - Importer: ScriptedImporter/UnityEditor.QuickSearchModule:UnityEditor.Search:ASIAI0B
Importing 'GUID: e60528a842c858f469435e8e9683025a - Path: Packages/com.unity.render-pipelines.core/Editor/Debugging/DebugWindow.SearchFilter.cs - Importer: ScriptedImporter/UnityEditor.QuickSearchModule:UnityEditor.Search:ASIAI0B' with importer (ScriptedImporter : UnityEditor.QuickSearchModule:UnityEditor.Search:ASIAI0B)
Imported 'GUID: e60528a842c858f469435e8e9683025a' -> (Import Result ID: '55981ab13e91db8f81ec7740ddc067f3') in 0.003 seconds [static and dynamic dependencies]. Details - ImportResultOutputID=e00b6c272db1bcc2521819532b9dc063 DependenciesID=2a0f6267f570340d4ac31846cecc4d22 StaticDependenciesID=176a9b3837197fcf2239389c77e8155c 
Number of updated asset objects reloaded before import = 0
Number of asset objects unloaded after import = 0
========================================================================
Received Import Request.
  Time of request: 2026-09-19T15:08:32.8160201Z
  Time since last request: 0.0297422 seconds.
  importAddress: GUID: b8598e63777340dbad41548aeabf81da - Path: Packages/com.unity.render-pipelines.core/Editor/RenderGraph/RenderGraphViewer.SidePanel.cs - Importer: ScriptedImporter/UnityEditor.QuickSearchModule:UnityEditor.Search:ASIAI0B
Importing 'GUID: b8598e63777340dbad41548aeabf81da - Path: Packages/com.unity.render-pipelines.core/Editor/RenderGraph/RenderGraphViewer.SidePanel.cs - Importer: ScriptedImporter/UnityEditor.QuickSearchModule:UnityEditor.Search:ASIAI0B' with importer (ScriptedImporter : UnityEditor.QuickSearchModule:UnityEditor.Search:ASIAI0B)
Imported 'GUID: b8598e63777340dbad41548aeabf81da' -> (Import Result ID: '3650f37d717f58890eb43eac78c5078f') in 0.003 seconds [static and dynamic dependencies]. Details - ImportResultOutputID=e7f790ca02ff761f4865b190e6878f80 DependenciesID=9c632cb045e561613cbebde7ef6df7a1 StaticDependenciesID=1bb55a0f8552320833d2975208a47228 
Number of updated asset objects reloaded before import = 0
Number of asset objects unloaded after import = 0
========================================================================
Received Import Request.
  Time of request: 2026-09-19T15:08:32.8360878Z
  Time since last request: 0.0006698 seconds.
  importAddress: GUID: 901e3026412fba146ab1b63bfc229b78 - Path: Packages/com.unity.render-pipelines.core/Editor/Lighting/IESObject.cs - Importer: ScriptedImporter/UnityEditor.QuickSearchModule:UnityEditor.Search:ASIAI0B
Importing 'GUID: 901e3026412fba146ab1b63bfc229b78 - Path: Packages/com.unity.render-pipelines.core/Editor/Lighting/IESObject.cs - Importer: ScriptedImporter/UnityEditor.QuickSearchModule:UnityEditor.Search:ASIAI0B' with importer (ScriptedImporter : UnityEditor.QuickSearchModule:UnityEditor.Search:ASIAI0B)
Imported 'GUID: 901e3026412fba146ab1b63bfc229b78' -> (Import Result ID: '52b48db95aa21a7688a1a9108376532d') in 0.004 seconds [static and dynamic dependencies]. Details - ImportResultOutputID=3903e67243d4cd575146a09a861f796b DependenciesID=5788ccc61a32ab7fa536dc113620cc07 StaticDependenciesID=7acae6d2b1af1c44ac774fc7f707bf69 
Number of updated asset objects reloaded before import = 0
Number of asset objects unloaded after import = 1
========================================================================
Received Import Request.
  Time of request: 2026-09-19T15:08:32.8603974Z
  Time since last request: 0.0006127 seconds.
  importAddress: GUID: 1b13ded1884be704b9f0610c73659f1e - Path: Packages/com.unity.render-pipelines.core/Editor/Lighting/LightAnchorEditor.cs - Importer: ScriptedImporter/UnityEditor.QuickSearchModule:UnityEditor.Search:ASIAI0B
Importing 'GUID: 1b13ded1884be704b9f0610c73659f1e - Path: Packages/com.unity.render-pipelines.core/Editor/Lighting/LightAnchorEditor.cs - Importer: ScriptedImporter/UnityEditor.QuickSearchModule:UnityEditor.Search:ASIAI0B' with importer (ScriptedImporter : UnityEditor.QuickSearchModule:UnityEditor.Search:ASIAI0B)
Imported 'GUID: 1b13ded1884be704b9f0610c73659f1e' -> (Import Result ID: '35b9d3e5df0b915471cb4c39447ec7a9') in 0.003 seconds [static and dynamic dependencies]. Details - ImportResultOutputID=212ed9e088350092a201e275f3a9a50f DependenciesID=b3749e27af34ae5254306071a473fdde StaticDependenciesID=01a32b6ce2236d7eaeb0f718f403176c 
Number of updated asset objects reloaded before import = 0
Number of asset objects unloaded after import = 0
========================================================================
Received Import Request.
  Time of request: 2026-09-19T15:08:32.8850381Z
  Time since last request: 0.0005392 seconds.
  importAddress: GUID: 7cb91275e17b45ab83910c63bb9a3a99 - Path: Packages/com.unity.render-pipelines.core/Editor/Properties/AdvancedProperties.cs - Importer: ScriptedImporter/UnityEditor.QuickSearchModule:UnityEditor.Search:ASIAI0B
Importing 'GUID: 7cb91275e17b45ab83910c63bb9a3a99 - Path: Packages/com.unity.render-pipelines.core/Editor/Properties/AdvancedProperties.cs - Importer: ScriptedImporter/UnityEditor.QuickSearchModule:UnityEditor.Search:ASIAI0B' with importer (ScriptedImporter : UnityEditor.QuickSearchModule:UnityEditor.Search:ASIAI0B)
Imported 'GUID: 7cb91275e17b45ab83910c63bb9a3a99' -> (Import Result ID: '30d3dc3954d9a65e3fb1c03bfb6caad3') in 0.007 seconds [static and dynamic dependencies]. Details - ImportResultOutputID=cacfde89fb28b78c4c342a8c4a7be05b DependenciesID=716d1e830f124efb7c56ba48116b5ca8 StaticDependenciesID=275ed52f7e2682754061d9e0bf773fc2 
Number of updated asset objects reloaded before import = 0
Number of asset objects unloaded after import = 0
========================================================================
Received Import Request.
  Time of request: 2026-09-19T15:08:32.9096098Z
  Time since last request: 0.0003148 seconds.
  importAddress: GUID: 9149a3cbb036049f68e4e5b6388b9c85 - Path: Packages/com.unity.render-pipelines.core/Editor/PathTracing/Unity.PathTracing.Editor.asmdef - Importer: ScriptedImporter/UnityEditor.QuickSearchModule:UnityEditor.Search:ASIAI0B
Importing 'GUID: 9149a3cbb036049f68e4e5b6388b9c85 - Path: Packages/com.unity.render-pipelines.core/Editor/PathTracing/Unity.PathTracing.Editor.asmdef - Importer: ScriptedImporter/UnityEditor.QuickSearchModule:UnityEditor.Search:ASIAI0B' with importer (ScriptedImporter : UnityEditor.QuickSearchModule:UnityEditor.Search:ASIAI0B)
Imported 'GUID: 9149a3cbb036049f68e4e5b6388b9c85' -> (Import Result ID: 'f224d75ec83accd1be8420f8276fe28a') in 0.004 seconds [static and dynamic dependencies]. Details - ImportResultOutputID=b84a1b0dda6eb918045b893c522b8517 DependenciesID=4ed67712319fef0d2272e4ee221ea928 StaticDependenciesID=6ae0c8b31b5d22460ee8c1b21c1ca4de 
Number of updated asset objects reloaded before import = 0
Number of asset objects unloaded after import = 1
========================================================================
Received Import Request.
  Time of request: 2026-09-19T15:08:32.9326475Z
  Time since last request: 0.0006216 seconds.
  importAddress: GUID: 601dae3a21ff49bab849c25eb27709e1 - Path: Packages/com.unity.render-pipelines.core/Editor/Material/AssetReimportUtils.cs - Importer: ScriptedImporter/UnityEditor.QuickSearchModule:UnityEditor.Search:ASIAI0B
Importing 'GUID: 601dae3a21ff49bab849c25eb27709e1 - Path: Packages/com.unity.render-pipelines.core/Editor/Material/AssetReimportUtils.cs - Importer: ScriptedImporter/UnityEditor.QuickSearchModule:UnityEditor.Search:ASIAI0B' with importer (ScriptedImporter : UnityEditor.QuickSearchModule:UnityEditor.Search:ASIAI0B)
Imported 'GUID: 601dae3a21ff49bab849c25eb27709e1' -> (Import Result ID: 'cdfb97aba7686e8b0ec7b49b607b3d01') in 0.004 seconds [static and dynamic dependencies]. Details - ImportResultOutputID=3cf23ad316efff33287929e6777223d9 DependenciesID=3c4dbdef7533d1e4897bb4741af6b54d StaticDependenciesID=5a5750621a3db2b62df3113b6e3f2879 
Number of updated asset objects reloaded before import = 0
Number of asset objects unloaded after import = 0
========================================================================
Received Import Request.
  Time of request: 2026-09-19T15:08:32.960499Z
  Time since last request: 0.0005824 seconds.
  importAddress: GUID: 46612d3829964e2eb39c08b5c1a816e1 - Path: Packages/com.unity.render-pipelines.core/Editor/RenderGraph/RenderGraphViewer.PanManipulator.cs - Importer: ScriptedImporter/UnityEditor.QuickSearchModule:UnityEditor.Search:ASIAI0B
Importing 'GUID: 46612d3829964e2eb39c08b5c1a816e1 - Path: Packages/com.unity.render-pipelines.core/Editor/RenderGraph/RenderGraphViewer.PanManipulator.cs - Importer: ScriptedImporter/UnityEditor.QuickSearchModule:UnityEditor.Search:ASIAI0B' with importer (ScriptedImporter : UnityEditor.QuickSearchModule:UnityEditor.Search:ASIAI0B)
Imported 'GUID: 46612d3829964e2eb39c08b5c1a816e1' -> (Import Result ID: '5ddcb1236f0e1e4ad7d0448447d10e26') in 0.003 seconds [static and dynamic dependencies]. Details - ImportResultOutputID=a7daec93beddc259b7c0391a9cf1f905 DependenciesID=562f8431f61fdf116bc450b230ae7ce4 StaticDependenciesID=21a856d2c3b52e0ead52672a286d8f2c 
Number of updated asset objects reloaded before import = 0
Number of asset objects unloaded after import = 0
========================================================================
Received Import Request.
  Time of request: 2026-09-19T15:08:32.9811068Z
  Time since last request: 0.0004316 seconds.
  importAddress: GUID: 4d8223d7da5fa45419aef4292e4fc672 - Path: Packages/com.unity.render-pipelines.core/Editor/PathTracing/LightBakerStrangler.cs - Importer: ScriptedImporter/UnityEditor.QuickSearchModule:UnityEditor.Search:ASIAI0B
Importing 'GUID: 4d8223d7da5fa45419aef4292e4fc672 - Path: Packages/com.unity.render-pipelines.core/Editor/PathTracing/LightBakerStrangler.cs - Importer: ScriptedImporter/UnityEditor.QuickSearchModule:UnityEditor.Search:ASIAI0B' with importer (ScriptedImporter : UnityEditor.QuickSearchModule:UnityEditor.Search:ASIAI0B)
Imported 'GUID: 4d8223d7da5fa45419aef4292e4fc672' -> (Import Result ID: '425c82cc2f3925681c2bbd5619d8b351') in 0.003 seconds [static and dynamic dependencies]. Details - ImportResultOutputID=17361617675b94b7444e8e51c92cc35a DependenciesID=9936bb81ab23dfcc9a872c31eb46b3a9 StaticDependenciesID=502a8c5e1a3f2994db85de510ad2dd44 
Number of updated asset objects reloaded before import = 0
Number of asset objects unloaded after import = 0
========================================================================
Received Import Request.
  Time of request: 2026-09-19T15:08:33.0039125Z
  Time since last request: 0.0005755 seconds.
  importAddress: GUID: 59cb2244d87edf44a8800d2a01fc1dfd - Path: Packages/com.unity.render-pipelines.core/Editor/PathTracing/LightBakerWorkerProcessImporter.cs - Importer: ScriptedImporter/UnityEditor.QuickSearchModule:UnityEditor.Search:ASIAI0B
Importing 'GUID: 59cb2244d87edf44a8800d2a01fc1dfd - Path: Packages/com.unity.render-pipelines.core/Editor/PathTracing/LightBakerWorkerProcessImporter.cs - Importer: ScriptedImporter/UnityEditor.QuickSearchModule:UnityEditor.Search:ASIAI0B' with importer (ScriptedImporter : UnityEditor.QuickSearchModule:UnityEditor.Search:ASIAI0B)
Imported 'GUID: 59cb2244d87edf44a8800d2a01fc1dfd' -> (Import Result ID: '6a1336ded3f32710d93033779332a8bc') in 0.003 seconds [static and dynamic dependencies]. Details - ImportResultOutputID=1b40e88198f43efe0cd5f29fc55a313f DependenciesID=3d7c501c71eb66e9a93032e6f244abfa StaticDependenciesID=5eeb677b1f2bd34e7cb87b518ed16a26 
Number of updated asset objects reloaded before import = 0
Number of asset objects unloaded after import = 0
========================================================================
Received Import Request.
  Time of request: 2026-09-19T15:08:33.0213404Z
  Time since last request: 0.0006187 seconds.
  importAddress: GUID: 01a25e37e39f89141a341cacf285acc4 - Path: Packages/com.unity.render-pipelines.core/Editor/PathTracing/BakeImport.cs - Importer: ScriptedImporter/UnityEditor.QuickSearchModule:UnityEditor.Search:ASIAI0B
Importing 'GUID: 01a25e37e39f89141a341cacf285acc4 - Path: Packages/com.unity.render-pipelines.core/Editor/PathTracing/BakeImport.cs - Importer: ScriptedImporter/UnityEditor.QuickSearchModule:UnityEditor.Search:ASIAI0B' with importer (ScriptedImporter : UnityEditor.QuickSearchModule:UnityEditor.Search:ASIAI0B)
Imported 'GUID: 01a25e37e39f89141a341cacf285acc4' -> (Import Result ID: '280ad331c7a1ad66ff6ee7bd48dc6ae7') in 0.004 seconds [static and dynamic dependencies]. Details - ImportResultOutputID=ce577cb3883662edf022c1d46e9075d0 DependenciesID=651d24108526eccb2ca3f682df81ef9c StaticDependenciesID=fae3af5185d227d35d1a44fc026b85a1 
Number of updated asset objects reloaded before import = 0
Number of asset objects unloaded after import = 0
========================================================================
Received Import Request.
  Time of request: 2026-09-19T15:08:33.0433938Z
  Time since last request: 0.0006818 seconds.
  importAddress: GUID: ee336999a409439e86492ecebf683718 - Path: Packages/com.unity.render-pipelines.core/Editor/Properties/AdvancedPropertiesObserver.cs - Importer: ScriptedImporter/UnityEditor.QuickSearchModule:UnityEditor.Search:ASIAI0B
Importing 'GUID: ee336999a409439e86492ecebf683718 - Path: Packages/com.unity.render-pipelines.core/Editor/Properties/AdvancedPropertiesObserver.cs - Importer: ScriptedImporter/UnityEditor.QuickSearchModule:UnityEditor.Search:ASIAI0B' with importer (ScriptedImporter : UnityEditor.QuickSearchModule:UnityEditor.Search:ASIAI0B)
Imported 'GUID: ee336999a409439e86492ecebf683718' -> (Import Result ID: '1bf4181ff15119a7f3587a86a3bad801') in 0.004 seconds [static and dynamic dependencies]. Details - ImportResultOutputID=17a18f276402a9378a8f5e6937fcd309 DependenciesID=3e181e6713125b62cde82556408e4604 StaticDependenciesID=047c814d86d069c9500ea68c6826d082 
Number of updated asset objects reloaded before import = 0
Number of asset objects unloaded after import = 0
========================================================================
Received Import Request.
  Time of request: 2026-09-19T15:08:33.0673034Z
  Time since last request: 0.0018815 seconds.
  importAddress: GUID: cb279d035a8fb402a96ef7d3596f54c8 - Path: Packages/com.unity.render-pipelines.core/Editor/PathTracing/BakeInputSerialization.cs - Importer: ScriptedImporter/UnityEditor.QuickSearchModule:UnityEditor.Search:ASIAI0B
Importing 'GUID: cb279d035a8fb402a96ef7d3596f54c8 - Path: Packages/com.unity.render-pipelines.core/Editor/PathTracing/BakeInputSerialization.cs - Importer: ScriptedImporter/UnityEditor.QuickSearchModule:UnityEditor.Search:ASIAI0B' with importer (ScriptedImporter : UnityEditor.QuickSearchModule:UnityEditor.Search:ASIAI0B)
Imported 'GUID: cb279d035a8fb402a96ef7d3596f54c8' -> (Import Result ID: '0c4fe29bdbc63964bc6d24045656419d') in 0.003 seconds [static and dynamic dependencies]. Details - ImportResultOutputID=be6907e01c411bbda2e28864a5204946 DependenciesID=a8747b3fd23b92f5d5949b64e4b78729 StaticDependenciesID=d4069ecde2c711b314abaa5ab3a0a815 
Number of updated asset objects reloaded before import = 0
Number of asset objects unloaded after import = 0
========================================================================
Received Import Request.
  Time of request: 2026-09-19T15:08:33.0918441Z
  Time since last request: 0.000605 seconds.
  importAddress: GUID: 6445a8672591a4647839c57df79b857b - Path: Packages/com.unity.render-pipelines.core/Editor/ShaderGenerator/ShaderGeneratorMenu.cs - Importer: ScriptedImporter/UnityEditor.QuickSearchModule:UnityEditor.Search:ASIAI0B
Importing 'GUID: 6445a8672591a4647839c57df79b857b - Path: Packages/com.unity.render-pipelines.core/Editor/ShaderGenerator/ShaderGeneratorMenu.cs - Importer: ScriptedImporter/UnityEditor.QuickSearchModule:UnityEditor.Search:ASIAI0B' with importer (ScriptedImporter : UnityEditor.QuickSearchModule:UnityEditor.Search:ASIAI0B)
Imported 'GUID: 6445a8672591a4647839c57df79b857b' -> (Import Result ID: '04c03e7f57ffd7171d2cd9dfb6bc75d1') in 0.003 seconds [static and dynamic dependencies]. Details - ImportResultOutputID=3792c49e8ed8896ab85907edebe9da03 DependenciesID=f73ff5a7a5e634808e67f711c5bb4d41 StaticDependenciesID=360e871cf444b146a414e9f9ccf38a2e 
Number of updated asset objects reloaded before import = 0
Number of asset objects unloaded after import = 0
========================================================================
Received Import Request.
  Time of request: 2026-09-19T15:08:33.1127363Z
  Time since last request: 0.0005886 seconds.
  importAddress: GUID: 9801397f829a1ed42984340315cbf362 - Path: Packages/com.unity.render-pipelines.core/Editor/Lighting/IESImporter.cs - Importer: ScriptedImporter/UnityEditor.QuickSearchModule:UnityEditor.Search:ASIAI0B
Importing 'GUID: 9801397f829a1ed42984340315cbf362 - Path: Packages/com.unity.render-pipelines.core/Editor/Lighting/IESImporter.cs - Importer: ScriptedImporter/UnityEditor.QuickSearchModule:UnityEditor.Search:ASIAI0B' with importer (ScriptedImporter : UnityEditor.QuickSearchModule:UnityEditor.Search:ASIAI0B)
Imported 'GUID: 9801397f829a1ed42984340315cbf362' -> (Import Result ID: '956a7f194ee62b0b65380d6965dd114f') in 0.003 seconds [static and dynamic dependencies]. Details - ImportResultOutputID=6b213f8d31b035448c634a998f456cee DependenciesID=13a83b2a9ecb3e9360c8586bff6c78e4 StaticDependenciesID=b431fe836118a7f920288a6679024056 
Number of updated asset objects reloaded before import = 0
Number of asset objects unloaded after import = 0
========================================================================
Received Import Request.
  Time of request: 2026-09-19T15:08:33.1316935Z
  Time since last request: 0.0006398 seconds.
  importAddress: GUID: f6b878d2c4b3d974db270bab74cd8f18 - Path: Packages/com.unity.render-pipelines.core/Editor/Material/DecalPreferences.cs - Importer: ScriptedImporter/UnityEditor.QuickSearchModule:UnityEditor.Search:ASIAI0B
Importing 'GUID: f6b878d2c4b3d974db270bab74cd8f18 - Path: Packages/com.unity.render-pipelines.core/Editor/Material/DecalPreferences.cs - Importer: ScriptedImporter/UnityEditor.QuickSearchModule:UnityEditor.Search:ASIAI0B' with importer (ScriptedImporter : UnityEditor.QuickSearchModule:UnityEditor.Search:ASIAI0B)
Imported 'GUID: f6b878d2c4b3d974db270bab74cd8f18' -> (Import Result ID: 'ccb01adf08ae5c30feb499baa4a9314f') in 0.003 seconds [static and dynamic dependencies]. Details - ImportResultOutputID=1d158f600bddaeee9f6d76c7673eff17 DependenciesID=b070e0a7b16b32bab30145122b68333d StaticDependenciesID=1377e18407ca5832bd3f696345a19462 
Number of updated asset objects reloaded before import = 0
Number of asset objects unloaded after import = 0
========================================================================
Received Import Request.
  Time of request: 2026-09-19T15:08:33.1545003Z
  Time since last request: 0.0005117 seconds.
  importAddress: GUID: 9aeb57b98b09130459825e3f12b3441f - Path: Packages/com.unity.render-pipelines.core/Editor/Lighting/ProbeVolumeMenuItems.cs - Importer: ScriptedImporter/UnityEditor.QuickSearchModule:UnityEditor.Search:ASIAI0B
Importing 'GUID: 9aeb57b98b09130459825e3f12b3441f - Path: Packages/com.unity.render-pipelines.core/Editor/Lighting/ProbeVolumeMenuItems.cs - Importer: ScriptedImporter/UnityEditor.QuickSearchModule:UnityEditor.Search:ASIAI0B' with importer (ScriptedImporter : UnityEditor.QuickSearchModule:UnityEditor.Search:ASIAI0B)
Imported 'GUID: 9aeb57b98b09130459825e3f12b3441f' -> (Import Result ID: '00df31ced21b3e04551bfe721d588da0') in 0.003 seconds [static and dynamic dependencies]. Details - ImportResultOutputID=d095d0ce748dadd0bc1b43da7b7083c4 DependenciesID=95a73a2d4d2279868a7f18983111483c StaticDependenciesID=bbd8ca024165a50e76cd03923f8a2f00 
Number of updated asset objects reloaded before import = 0
Number of asset objects unloaded after import = 0
========================================================================
Received Import Request.
  Time of request: 2026-09-19T15:08:33.1736252Z
  Time since last request: 0.0007264 seconds.
  importAddress: GUID: b8701f1243e63c04b82c52dbd9fa1e9b - Path: Packages/com.unity.render-pipelines.core/Editor/Material/MaterialHeaderScopeList.cs - Importer: ScriptedImporter/UnityEditor.QuickSearchModule:UnityEditor.Search:ASIAI0B
Importing 'GUID: b8701f1243e63c04b82c52dbd9fa1e9b - Path: Packages/com.unity.render-pipelines.core/Editor/Material/MaterialHeaderScopeList.cs - Importer: ScriptedImporter/UnityEditor.QuickSearchModule:UnityEditor.Search:ASIAI0B' with importer (ScriptedImporter : UnityEditor.QuickSearchModule:UnityEditor.Search:ASIAI0B)
Imported 'GUID: b8701f1243e63c04b82c52dbd9fa1e9b' -> (Import Result ID: '8f1d8dc059656232df946317a2eaf402') in 0.006 seconds [static and dynamic dependencies]. Details - ImportResultOutputID=1a2fbef47d6f642f2d898a37c93a5efd DependenciesID=335434b0b2521e4e3353cfff6ad2fb2a StaticDependenciesID=cfcd06412998f42a18dfab7b7cccc8c1 
Number of updated asset objects reloaded before import = 0
Number of asset objects unloaded after import = 0
========================================================================
Received Import Request.
  Time of request: 2026-09-19T15:08:33.1970152Z
  Time since last request: 0.0005334 seconds.
  importAddress: GUID: f5ff1027825046c46884c3ad73d26610 - Path: Packages/com.unity.render-pipelines.core/Editor/Settings/RenderPipelineResourcesEditor.cs - Importer: ScriptedImporter/UnityEditor.QuickSearchModule:UnityEditor.Search:ASIAI0B
Importing 'GUID: f5ff1027825046c46884c3ad73d26610 - Path: Packages/com.unity.render-pipelines.core/Editor/Settings/RenderPipelineResourcesEditor.cs - Importer: ScriptedImporter/UnityEditor.QuickSearchModule:UnityEditor.Search:ASIAI0B' with importer (ScriptedImporter : UnityEditor.QuickSearchModule:UnityEditor.Search:ASIAI0B)
Imported 'GUID: f5ff1027825046c46884c3ad73d26610' -> (Import Result ID: '3bb591bc888968bf78be09da93aea3ff') in 0.003 seconds [static and dynamic dependencies]. Details - ImportResultOutputID=ce773876f76915f4d17bccad7bdb28c8 DependenciesID=20416e0d0a5502d272a5d3d23e12b400 StaticDependenciesID=36969779e559725adb00dd630021919f 
Number of updated asset objects reloaded before import = 0
Number of asset objects unloaded after import = 0
========================================================================
Received Import Request.
  Time of request: 2026-09-19T15:08:33.2191925Z
  Time since last request: 0.0005063 seconds.
  importAddress: GUID: b913694f5cbdba14f8d9ba1e8c028276 - Path: Packages/com.unity.render-pipelines.core/Editor/Lighting/IESImporterEditor.cs - Importer: ScriptedImporter/UnityEditor.QuickSearchModule:UnityEditor.Search:ASIAI0B
Importing 'GUID: b913694f5cbdba14f8d9ba1e8c028276 - Path: Packages/com.unity.render-pipelines.core/Editor/Lighting/IESImporterEditor.cs - Importer: ScriptedImporter/UnityEditor.QuickSearchModule:UnityEditor.Search:ASIAI0B' with importer (ScriptedImporter : UnityEditor.QuickSearchModule:UnityEditor.Search:ASIAI0B)
Imported 'GUID: b913694f5cbdba14f8d9ba1e8c028276' -> (Import Result ID: '937b000d8ac8db3ac561214224722b57') in 0.003 seconds [static and dynamic dependencies]. Details - ImportResultOutputID=ff92fd6ec3f3cc25373463a3878aaa6e DependenciesID=dcb050d6c47fc4f6b8a8b06f63c3656d StaticDependenciesID=803383c17b10c5ca6b5f21a2b3242d09 
Number of updated asset objects reloaded before import = 0
Number of asset objects unloaded after import = 0
========================================================================
Received Import Request.
  Time of request: 2026-09-19T15:08:33.238233Z
  Time since last request: 0.0005142 seconds.
  importAddress: GUID: 33ed5304014ba4c0c9d86740f0d8ab49 - Path: Packages/com.unity.render-pipelines.core/Editor/PathTracing/UnityComputeProbePostProcessor.cs - Importer: ScriptedImporter/UnityEditor.QuickSearchModule:UnityEditor.Search:ASIAI0B
Importing 'GUID: 33ed5304014ba4c0c9d86740f0d8ab49 - Path: Packages/com.unity.render-pipelines.core/Editor/PathTracing/UnityComputeProbePostProcessor.cs - Importer: ScriptedImporter/UnityEditor.QuickSearchModule:UnityEditor.Search:ASIAI0B' with importer (ScriptedImporter : UnityEditor.QuickSearchModule:UnityEditor.Search:ASIAI0B)
Imported 'GUID: 33ed5304014ba4c0c9d86740f0d8ab49' -> (Import Result ID: '7ea32bd27c8d7a4d28e2f6f40189cd7f') in 0.003 seconds [static and dynamic dependencies]. Details - ImportResultOutputID=e21d1d78098e8a3b448af049c5af9d33 DependenciesID=b491c0d2a6feeaa3835bb130f9499b21 StaticDependenciesID=fc1cac126905031c65cab4463e2e74c3 
Number of updated asset objects reloaded before import = 0
Number of asset objects unloaded after import = 0
========================================================================
Received Import Request.
  Time of request: 2026-09-19T15:08:33.2562816Z
  Time since last request: 0.0007503 seconds.
  importAddress: GUID: 63524ac66f4f7c044bc3dc991c570e89 - Path: Packages/com.unity.render-pipelines.core/Editor/Lighting/LightUI.Drawers.cs - Importer: ScriptedImporter/UnityEditor.QuickSearchModule:UnityEditor.Search:ASIAI0B
Importing 'GUID: 63524ac66f4f7c044bc3dc991c570e89 - Path: Packages/com.unity.render-pipelines.core/Editor/Lighting/LightUI.Drawers.cs - Importer: ScriptedImporter/UnityEditor.QuickSearchModule:UnityEditor.Search:ASIAI0B' with importer (ScriptedImporter : UnityEditor.QuickSearchModule:UnityEditor.Search:ASIAI0B)
Imported 'GUID: 63524ac66f4f7c044bc3dc991c570e89' -> (Import Result ID: 'f1847450d6e5a91f972da6a0dbcea4b4') in 0.003 seconds [static and dynamic dependencies]. Details - ImportResultOutputID=4f2090e642b415f61ba9ec2083b2ea3c DependenciesID=d185388fd0218b7d18f7bf9787a0aad7 StaticDependenciesID=a3422f68261164512494f70fca9db556 
Number of updated asset objects reloaded before import = 0
Number of asset objects unloaded after import = 0
========================================================================
Received Import Request.
  Time of request: 2026-09-19T15:08:33.2731821Z
  Time since last request: 0.0005483 seconds.
  importAddress: GUID: f569b8bbdde27914494b9a7e653c37e2 - Path: Packages/com.unity.render-pipelines.core/Editor/Properties/PropertiesPreferencesProvider.cs - Importer: ScriptedImporter/UnityEditor.QuickSearchModule:UnityEditor.Search:ASIAI0B
Importing 'GUID: f569b8bbdde27914494b9a7e653c37e2 - Path: Packages/com.unity.render-pipelines.core/Editor/Properties/PropertiesPreferencesProvider.cs - Importer: ScriptedImporter/UnityEditor.QuickSearchModule:UnityEditor.Search:ASIAI0B' with importer (ScriptedImporter : UnityEditor.QuickSearchModule:UnityEditor.Search:ASIAI0B)
Imported 'GUID: f569b8bbdde27914494b9a7e653c37e2' -> (Import Result ID: '1b258274f91683e7079f53b33904864f') in 0.003 seconds [static and dynamic dependencies]. Details - ImportResultOutputID=39a57f39403b560ee496e3b58bcad5c9 DependenciesID=ffc12968f5b5591bd845e3555c0852d3 StaticDependenciesID=85c59301b0fe49ac169052467816c3ea 
Number of updated asset objects reloaded before import = 0
Number of asset objects unloaded after import = 0
========================================================================
Received Import Request.
  Time of request: 2026-09-19T15:08:33.3019709Z
  Time since last request: 0.000577 seconds.
  importAddress: GUID: a0e0a1f472e9c504caa327718186ded8 - Path: Packages/com.unity.render-pipelines.core/Editor/Lighting/LightPlacementTool.cs - Importer: ScriptedImporter/UnityEditor.QuickSearchModule:UnityEditor.Search:ASIAI0B
Importing 'GUID: a0e0a1f472e9c504caa327718186ded8 - Path: Packages/com.unity.render-pipelines.core/Editor/Lighting/LightPlacementTool.cs - Importer: ScriptedImporter/UnityEditor.QuickSearchModule:UnityEditor.Search:ASIAI0B' with importer (ScriptedImporter : UnityEditor.QuickSearchModule:UnityEditor.Search:ASIAI0B)
Imported 'GUID: a0e0a1f472e9c504caa327718186ded8' -> (Import Result ID: '650c5b038b86a484d0fbb6de26b69d3a') in 0.003 seconds [static and dynamic dependencies]. Details - ImportResultOutputID=58a13d75fa3c32f17a2a128b2a23d0e8 DependenciesID=d668fa372bff5ab770d6f306b3f43fce StaticDependenciesID=7bd909d9250106bfdcb1c415180d3eb0 
Number of updated asset objects reloaded before import = 0
Number of asset objects unloaded after import = 0
========================================================================
Received Import Request.
  Time of request: 2026-09-19T15:08:34.6854761Z
  Time since last request: 1.3616235 seconds.
  importAddress: GUID: 20e417e1ec9645d44ad61671212c15f7 - Path: Packages/com.unity.render-pipelines.core/Editor/StyleSheets/HeaderFoldout.uss - Importer: ScriptedImporter/UnityEditor.QuickSearchModule:UnityEditor.Search:ASIAI0B
Importing 'GUID: 20e417e1ec9645d44ad61671212c15f7 - Path: Packages/com.unity.render-pipelines.core/Editor/StyleSheets/HeaderFoldout.uss - Importer: ScriptedImporter/UnityEditor.QuickSearchModule:UnityEditor.Search:ASIAI0B' with importer (ScriptedImporter : UnityEditor.QuickSearchModule:UnityEditor.Search:ASIAI0B)
Imported 'GUID: 20e417e1ec9645d44ad61671212c15f7' -> (Import Result ID: '4de8e9152a3c32f7da99f983d81e71af') in 0.023 seconds [static and dynamic dependencies]. Details - ImportResultOutputID=19c7ba9a8871a838da864193deba0563 DependenciesID=01d3f7863dbe9da7902eeee8cff3fa5a StaticDependenciesID=6d10d6707fecc1870e342c4b2f2f7fbe 
Number of updated asset objects reloaded before import = 0
Number of asset objects unloaded after import = 1
========================================================================
Received Import Request.
  Time of request: 2026-09-19T15:08:34.7314604Z
  Time since last request: 0.0007638 seconds.
  importAddress: GUID: 7d7e09e271ad3fd4c9ceb1873a5fb59e - Path: Packages/com.unity.render-pipelines.core/Editor/Volume/VolumeComponentProvider.cs - Importer: ScriptedImporter/UnityEditor.QuickSearchModule:UnityEditor.Search:ASIAI0B
Importing 'GUID: 7d7e09e271ad3fd4c9ceb1873a5fb59e - Path: Packages/com.unity.render-pipelines.core/Editor/Volume/VolumeComponentProvider.cs - Importer: ScriptedImporter/UnityEditor.QuickSearchModule:UnityEditor.Search:ASIAI0B' with importer (ScriptedImporter : UnityEditor.QuickSearchModule:UnityEditor.Search:ASIAI0B)
Imported 'GUID: 7d7e09e271ad3fd4c9ceb1873a5fb59e' -> (Import Result ID: '8d2d00ddda2913e927f53d0c0d24f559') in 0.003 seconds [static and dynamic dependencies]. Details - ImportResultOutputID=6397d8d66b7614ab44846a18e6d1f47e DependenciesID=1e91afbdcc79ccab2d8e57b82d89cbff StaticDependenciesID=8e15c3de7291cd52b5880b595d3f3ea1 
Number of updated asset objects reloaded before import = 0
Number of asset objects unloaded after import = 0
========================================================================
Received Import Request.
  Time of request: 2026-09-19T15:08:34.7536615Z
  Time since last request: 0.000637 seconds.
  importAddress: GUID: 27f2759742fe50d4fa55a384fd18e06b - Path: Packages/com.unity.render-pipelines.core/Editor/Volume/VolumesPreferences.cs - Importer: ScriptedImporter/UnityEditor.QuickSearchModule:UnityEditor.Search:ASIAI0B
Importing 'GUID: 27f2759742fe50d4fa55a384fd18e06b - Path: Packages/com.unity.render-pipelines.core/Editor/Volume/VolumesPreferences.cs - Importer: ScriptedImporter/UnityEditor.QuickSearchModule:UnityEditor.Search:ASIAI0B' with importer (ScriptedImporter : UnityEditor.QuickSearchModule:UnityEditor.Search:ASIAI0B)
Imported 'GUID: 27f2759742fe50d4fa55a384fd18e06b' -> (Import Result ID: '59c4de87f7a38be255099445edab63be') in 0.004 seconds [static and dynamic dependencies]. Details - ImportResultOutputID=951ec7bb0ba9176d0d2e1b05dda4f11e DependenciesID=5a27eb74b23acdaa9eaee8a9418117a1 StaticDependenciesID=b08119253daa02839a41b19afc06c0b3 
Number of updated asset objects reloaded before import = 0
Number of asset objects unloaded after import = 0
========================================================================
Received Import Request.
  Time of request: 2026-09-19T15:08:34.7786509Z
  Time since last request: 0.0005933 seconds.
  importAddress: GUID: f78c611171f4b4946b5cf8394378931f - Path: Packages/com.unity.render-pipelines.core/Runtime/Common/ComponentSingleton.cs - Importer: ScriptedImporter/UnityEditor.QuickSearchModule:UnityEditor.Search:ASIAI0B
Importing 'GUID: f78c611171f4b4946b5cf8394378931f - Path: Packages/com.unity.render-pipelines.core/Runtime/Common/ComponentSingleton.cs - Importer: ScriptedImporter/UnityEditor.QuickSearchModule:UnityEditor.Search:ASIAI0B' with importer (ScriptedImporter : UnityEditor.QuickSearchModule:UnityEditor.Search:ASIAI0B)
Imported 'GUID: f78c611171f4b4946b5cf8394378931f' -> (Import Result ID: 'e5326c1878da8de398f711a60bae529a') in 0.004 seconds [static and dynamic dependencies]. Details - ImportResultOutputID=9dec7cacda4e42ee8c3667c6a6688f9c DependenciesID=4a12f3fd701d2b924eccad0074b92111 StaticDependenciesID=e12522e20716319b1770becd12252b1f 
Number of updated asset objects reloaded before import = 0
Number of asset objects unloaded after import = 0
========================================================================
Received Import Request.
  Time of request: 2026-09-19T15:08:34.8050584Z
  Time since last request: 0.0005278 seconds.
  importAddress: GUID: d0b4821bb729cd24fbbe0af5feaa73ab - Path: Packages/com.unity.render-pipelines.core/Editor/UXML/DefaultVolumeProfileEditor.uxml - Importer: ScriptedImporter/UnityEditor.QuickSearchModule:UnityEditor.Search:ASIAI0B
Importing 'GUID: d0b4821bb729cd24fbbe0af5feaa73ab - Path: Packages/com.unity.render-pipelines.core/Editor/UXML/DefaultVolumeProfileEditor.uxml - Importer: ScriptedImporter/UnityEditor.QuickSearchModule:UnityEditor.Search:ASIAI0B' with importer (ScriptedImporter : UnityEditor.QuickSearchModule:UnityEditor.Search:ASIAI0B)
Imported 'GUID: d0b4821bb729cd24fbbe0af5feaa73ab' -> (Import Result ID: '3718435e91451cdb4ee6f42aa64f4258') in 0.110 seconds [static and dynamic dependencies]. Details - ImportResultOutputID=8802de3da5fca99b94db5faa5af33fc7 DependenciesID=678a3f3809504a57353d83c6cf029914 StaticDependenciesID=cb325502af3dc2a2d0bcb4fa8a32a4ef 
Number of updated asset objects reloaded before import = 0
Number of asset objects unloaded after import = 3
========================================================================
Received Import Request.
  Time of request: 2026-09-19T15:08:34.9349083Z
  Time since last request: 0.0004918 seconds.
  importAddress: GUID: dc364c42ee0194a4cace7e9e86e0b9dc - Path: Packages/com.unity.render-pipelines.core/Editor/StyleSheets/HeaderFoldoutLight.uss - Importer: ScriptedImporter/UnityEditor.QuickSearchModule:UnityEditor.Search:ASIAI0B
Importing 'GUID: dc364c42ee0194a4cace7e9e86e0b9dc - Path: Packages/com.unity.render-pipelines.core/Editor/StyleSheets/HeaderFoldoutLight.uss - Importer: ScriptedImporter/UnityEditor.QuickSearchModule:UnityEditor.Search:ASIAI0B' with importer (ScriptedImporter : UnityEditor.QuickSearchModule:UnityEditor.Search:ASIAI0B)
Imported 'GUID: dc364c42ee0194a4cace7e9e86e0b9dc' -> (Import Result ID: '5f9df00b52a9547c3cba2c4b81c2486a') in 0.009 seconds [static and dynamic dependencies]. Details - ImportResultOutputID=009a9c364451a1e5ad2c976c0fc9b90d DependenciesID=730e00daa65708317cf83c7572e5492d StaticDependenciesID=dd8b5db5744c8e445be8fddc17bd6743 
Number of updated asset objects reloaded before import = 0
Number of asset objects unloaded after import = 1
========================================================================
Received Import Request.
  Time of request: 2026-09-19T15:08:34.9620353Z
  Time since last request: 0.0005829 seconds.
  importAddress: GUID: c0fcf015f898cd845a455f44ee9b00bb - Path: Packages/com.unity.render-pipelines.core/Editor/Utilities/SceneRenderPipelineEditor.cs - Importer: ScriptedImporter/UnityEditor.QuickSearchModule:UnityEditor.Search:ASIAI0B
Importing 'GUID: c0fcf015f898cd845a455f44ee9b00bb - Path: Packages/com.unity.render-pipelines.core/Editor/Utilities/SceneRenderPipelineEditor.cs - Importer: ScriptedImporter/UnityEditor.QuickSearchModule:UnityEditor.Search:ASIAI0B' with importer (ScriptedImporter : UnityEditor.QuickSearchModule:UnityEditor.Search:ASIAI0B)
Imported 'GUID: c0fcf015f898cd845a455f44ee9b00bb' -> (Import Result ID: 'c1f9653f032a4cd7198f6ef2af0a0aa2') in 0.003 seconds [static and dynamic dependencies]. Details - ImportResultOutputID=e803680a1dd9bbf043003a87664812f7 DependenciesID=7b59b62bd285f4f2b858e5a8be306f87 StaticDependenciesID=f0c491369c3bb8602003c9039273a20e 
Number of updated asset objects reloaded before import = 0
Number of asset objects unloaded after import = 0
========================================================================
Received Import Request.
  Time of request: 2026-09-19T15:08:34.9823592Z
  Time since last request: 0.0009546 seconds.
  importAddress: GUID: 77e4433a29bc5b547a429fcd8552c691 - Path: Packages/com.unity.render-pipelines.core/Editor/Volume/VolumeProfileEditor.cs - Importer: ScriptedImporter/UnityEditor.QuickSearchModule:UnityEditor.Search:ASIAI0B
Importing 'GUID: 77e4433a29bc5b547a429fcd8552c691 - Path: Packages/com.unity.render-pipelines.core/Editor/Volume/VolumeProfileEditor.cs - Importer: ScriptedImporter/UnityEditor.QuickSearchModule:UnityEditor.Search:ASIAI0B' with importer (ScriptedImporter : UnityEditor.QuickSearchModule:UnityEditor.Search:ASIAI0B)
Imported 'GUID: 77e4433a29bc5b547a429fcd8552c691' -> (Import Result ID: 'e95d25db3639a80c5867fabf97ac5d66') in 0.002 seconds [static and dynamic dependencies]. Details - ImportResultOutputID=7e3f92fe97e872cd45d9f9834bf74d6b DependenciesID=55cf9b8def1148f9420e558c195b694a StaticDependenciesID=a5dfd0ab9ba3d792efa11cdf12ea8f68 
Number of updated asset objects reloaded before import = 0
Number of asset objects unloaded after import = 0
========================================================================
Received Import Request.
  Time of request: 2026-09-19T15:08:34.9981245Z
  Time since last request: 0.0007635 seconds.
  importAddress: GUID: b918e8093989b024da657e6db0a9c378 - Path: Packages/com.unity.render-pipelines.core/Runtime/CommandBuffers/CommandBufferHelpers.cs - Importer: ScriptedImporter/UnityEditor.QuickSearchModule:UnityEditor.Search:ASIAI0B
Importing 'GUID: b918e8093989b024da657e6db0a9c378 - Path: Packages/com.unity.render-pipelines.core/Runtime/CommandBuffers/CommandBufferHelpers.cs - Importer: ScriptedImporter/UnityEditor.QuickSearchModule:UnityEditor.Search:ASIAI0B' with importer (ScriptedImporter : UnityEditor.QuickSearchModule:UnityEditor.Search:ASIAI0B)
Imported 'GUID: b918e8093989b024da657e6db0a9c378' -> (Import Result ID: 'c881e5233dea68225bf3fa3e514d1054') in 0.004 seconds [static and dynamic dependencies]. Details - ImportResultOutputID=847e9e2c2a63c8a9540ceec5ea65f5b2 DependenciesID=2759a838cc91b79e360970161d4af9bd StaticDependenciesID=4d37885e4832fee4b38ec3ca57728c46 
Number of updated asset objects reloaded before import = 0
Number of asset objects unloaded after import = 0
========================================================================
Received Import Request.
  Time of request: 2026-09-19T15:08:35.0164332Z
  Time since last request: 0.0008556 seconds.
  importAddress: GUID: bfeff5aa9f408a948abd4150880fc5eb - Path: Packages/com.unity.render-pipelines.core/Editor/STP/STPResourceStripper.cs - Importer: ScriptedImporter/UnityEditor.QuickSearchModule:UnityEditor.Search:ASIAI0B
Importing 'GUID: bfeff5aa9f408a948abd4150880fc5eb - Path: Packages/com.unity.render-pipelines.core/Editor/STP/STPResourceStripper.cs - Importer: ScriptedImporter/UnityEditor.QuickSearchModule:UnityEditor.Search:ASIAI0B' with importer (ScriptedImporter : UnityEditor.QuickSearchModule:UnityEditor.Search:ASIAI0B)
Imported 'GUID: bfeff5aa9f408a948abd4150880fc5eb' -> (Import Result ID: '8cb83f222512fa24818ac1b727b026ab') in 0.003 seconds [static and dynamic dependencies]. Details - ImportResultOutputID=1985f22eb5adccc058859e22fa9ec1ec DependenciesID=9d069e70f6ee8cd05c49e71d5c7ead7e StaticDependenciesID=a9996fcd759b75202c098996eb3e0a02 
Number of updated asset objects reloaded before import = 0
Number of asset objects unloaded after import = 0
========================================================================
Received Import Request.
  Time of request: 2026-09-19T15:08:35.0375262Z
  Time since last request: 0.0005265 seconds.
  importAddress: GUID: 2e54b39aedaf3ae4a866b97489135739 - Path: Packages/com.unity.render-pipelines.core/Editor/StyleSheets/HeaderFoldoutDark.uss - Importer: ScriptedImporter/UnityEditor.QuickSearchModule:UnityEditor.Search:ASIAI0B
Importing 'GUID: 2e54b39aedaf3ae4a866b97489135739 - Path: Packages/com.unity.render-pipelines.core/Editor/StyleSheets/HeaderFoldoutDark.uss - Importer: ScriptedImporter/UnityEditor.QuickSearchModule:UnityEditor.Search:ASIAI0B' with importer (ScriptedImporter : UnityEditor.QuickSearchModule:UnityEditor.Search:ASIAI0B)
Imported 'GUID: 2e54b39aedaf3ae4a866b97489135739' -> (Import Result ID: '2a93ea989b6e5f4b5125c6425282cdb4') in 0.007 seconds [static and dynamic dependencies]. Details - ImportResultOutputID=d4105b0a759a359e930f243a89911fcb DependenciesID=41c75af342745c69a5ae111dc773a6a7 StaticDependenciesID=b7e6ca020fe45fdf36ef097351d05003 
Number of updated asset objects reloaded before import = 0
Number of asset objects unloaded after import = 1
========================================================================
Received Import Request.
  Time of request: 2026-09-19T15:08:35.0599802Z
  Time since last request: 0.0005865 seconds.
  importAddress: GUID: 618b0e3f6c65dd247a4a016150006c57 - Path: Packages/com.unity.render-pipelines.core/Runtime/Camera/FreeCamera.cs - Importer: ScriptedImporter/UnityEditor.QuickSearchModule:UnityEditor.Search:ASIAI0B
Importing 'GUID: 618b0e3f6c65dd247a4a016150006c57 - Path: Packages/com.unity.render-pipelines.core/Runtime/Camera/FreeCamera.cs - Importer: ScriptedImporter/UnityEditor.QuickSearchModule:UnityEditor.Search:ASIAI0B' with importer (ScriptedImporter : UnityEditor.QuickSearchModule:UnityEditor.Search:ASIAI0B)
Imported 'GUID: 618b0e3f6c65dd247a4a016150006c57' -> (Import Result ID: 'eca5dfd7117b3dda39be503672bf00ce') in 0.003 seconds [static and dynamic dependencies]. Details - ImportResultOutputID=825e6e96e9b4ec2a45ac26be1087a0f3 DependenciesID=1184ac2fa5a832f96f728251a42f662a StaticDependenciesID=b158a3cd2af54fbe7275c262ea8bf526 
Number of updated asset objects reloaded before import = 0
Number of asset objects unloaded after import = 0
========================================================================
Received Import Request.
  Time of request: 2026-09-19T15:08:35.0842642Z
  Time since last request: 0.0004481 seconds.
  importAddress: GUID: 5b5f2f0a59748ee45bd932de0ff19731 - Path: Packages/com.unity.render-pipelines.core/Editor/Utilities/UIElementSearchFilter.cs - Importer: ScriptedImporter/UnityEditor.QuickSearchModule:UnityEditor.Search:ASIAI0B
Importing 'GUID: 5b5f2f0a59748ee45bd932de0ff19731 - Path: Packages/com.unity.render-pipelines.core/Editor/Utilities/UIElementSearchFilter.cs - Importer: ScriptedImporter/UnityEditor.QuickSearchModule:UnityEditor.Search:ASIAI0B' with importer (ScriptedImporter : UnityEditor.QuickSearchModule:UnityEditor.Search:ASIAI0B)
Imported 'GUID: 5b5f2f0a59748ee45bd932de0ff19731' -> (Import Result ID: '60471158eb962e7c0e5945e5d8dffb0a') in 0.004 seconds [static and dynamic dependencies]. Details - ImportResultOutputID=e77aaeeb434098da84210b198a852944 DependenciesID=00dd2806e28dcba85d6ef288e9d2f997 StaticDependenciesID=bf18e45c08085364495129a5cfcc4077 
Number of updated asset objects reloaded before import = 0
Number of asset objects unloaded after import = 0
========================================================================
Received Prepare
AcceleratorClientConnectionCallback - disconnected - :0
Refreshing native plugins compatible for Editor in 6.60 ms, found 4 plugins.
Unloading 62 Unused Serialized files (Serialized files now loaded: 0)
Unloading 487 unused Assets / (6.2 MB). Loaded Objects now: 7469.
Memory consumption went from 338.2 MB to 332.0 MB.
Total: 85.442600 ms (FindLiveObjects: 2.751800 ms CreateObjectMapping: 45.927000 ms MarkObjects: 31.746900 ms  DeleteObjects: 4.217200 ms)

Prepare: number of updated asset objects reloaded= 0
Editor requested this worker to shutdown with reason: Editor is closing down
AcceleratorClientConnectionCallback - disconnected - :0
AssetImportWorker is now disconnected from the server
Process exiting
[ExitDontLaunchBugReporter] Exiting without the bug reporter. Application will exit with return code 0
