[Licensing::Module] Trying to connect to existing licensing client channel...
Built from '6000.6/respin/6000.6.0f1-fa21a270ab12' branch; Version is '6000.6.0f1 (f7f8ed4d1e24) revision 16251117'; Using compiler version '194234433'; Build Type 'Release'
[Licensing::IpcConnector] Successfully connected to: "LicenseClient-laiet" at "2026-09-19T15:00:28.8167267Z"
OS: 'Windows 11  (10.0.26200) Core' Language: 'en' Physical Memory: 32389 MB
BatchMode: 1, IsHumanControllingUs: 0, StartBugReporterOnCrash: 0, Is64bit: 1
System  architecture: x64
Process architecture: x64
Date: 2026-09-19T15:00:28Z
[Licensing::Client] Code 10 while verifying Licensing Client signature (process Id: 21856, path: "C:/Program Files/Unity Hub/UnityLicensingClient_V1/Unity.Licensing.Client.exe")
[Licensing::Module] LicensingClient has failed validation; ignoring
[Licensing::Client] Error: HandshakeResponse reported an error:
	ResponseCode: 505
	ResponseStatus: Unsupported protocol version '1.18.3'.
[Licensing::Module] Error: Failed to handshake to channel: "LicenseClient-laiet"
[Licensing::IpcConnector] LicenseClient-laiet channel disconnected successfully.
[Licensing::IpcConnector] Successfully connected to: "LicenseClient-laiet-6000.6.0" at "2026-09-19T15:00:28.8899339Z"
[Licensing::Client] Code 10 while verifying Licensing Client signature (process Id: 5420, path: "C:/Program Files/Unity/Hub/Editor/6000.6.0f1/Editor/Data/Resources/Licensing/Client/Unity.Licensing.Client.exe")
[Licensing::Module] LicensingClient has failed validation; ignoring
[Licensing::Client] Handshaking with LicensingClient:
  Version:                 1.18.3+d7ffd15
  Session Id:              f857b59f4b6c41e39a81cec66db7c389
  Correlation Id:          ab694d64c5537f87c0b7b88d6244bfd5
  External correlation Id: 5373149262088833897
  Machine Id:              HCb8288S53yk6J8ODf7DAeTIerY=
[Licensing::Module] Successfully connected to LicensingClient on channel: "LicenseClient-laiet-6000.6.0" (connect: 0.00s, validation: 0.00s, handshake: 0.02s)
[Licensing::IpcConnector] Successfully connected to: "LicenseClient-laiet-6000.6.0-notifications" at "2026-09-19T15:00:28.9080273Z"
[Licensing::Module] Licensing Background thread has ended after 0.09s

COMMAND LINE ARGUMENTS:
C:\Program Files\Unity\Hub\Editor\6000.6.0f1\Editor\Unity.exe
-adb2
-batchMode
-noUpm
-name
AssetImportWorkerHW3
-projectPath
C:/Users/laiet/Desktop/Projects/bus-driver/BusDriver
-logFile
Logs/AssetImportWorkerHW3.log
-srvPort
58257
-parentPid
34340
-analyticsCloudUserId
3573732810916
-analyticsLocalProjectId
9bb8911c4fbd0cd49aed397f86ff2d8a
-editorAnalyticsEnabled
1
-cbmEditorLicense
cee8404d656a25eda48dfaf9880f2cb50a205b1c
-cbmMachineId
HCb8288S53yk6J8ODf7DAeTIerY=
-noDiagnosticSwitchPersistentStore
-job-worker-count
9
-background-job-worker-count
8
-asset-garbage-collectors
1
-force-d3d12
-name
AssetImport
Successfully changed project path to: C:/Users/laiet/Desktop/Projects/bus-driver/BusDriver
C:/Users/laiet/Desktop/Projects/bus-driver/BusDriver
[UnityMemory] Configuration Parameters - Can be set up in boot.config
    "memorysetup-temp-allocator-size-gi-baking-worker=262144"
    "memorysetup-temp-allocator-size-gi-baking-worker=262144"
    "memorysetup-temp-allocator-size-gi-baking-worker=262144"
    "memorysetup-temp-allocator-size-gi-baking-worker=262144"
    "memorysetup-temp-allocator-size-gi-baking-worker=262144"
    "memorysetup-temp-allocator-size-nav-mesh-worker=65536"
    "memorysetup-temp-allocator-size-audio-worker=65536"
    "memorysetup-temp-allocator-size-cloud-worker=32768"
    "memorysetup-temp-allocator-size-gfx=262144"
    "memorysetup-remapper-allocator-initial-capacity=32768"
    "memorysetup-temp-allocator-size-preload-manager=33554432"
    "memorysetup-allocator-temp-initial-block-size-main=262144"
    "memorysetup-allocator-temp-initial-block-size-worker=262144"
    "memorysetup-temp-allocator-size-job-worker=262144"
    "memorysetup-temp-allocator-size-background-worker=32768"
    "memorysetup-bucket-allocator-granularity=16"
    "memorysetup-bucket-allocator-bucket-count=8"
    "memorysetup-bucket-allocator-block-size=33554432"
    "memorysetup-bucket-allocator-block-count=8"
    "memorysetup-main-allocator-block-size=16777216"
    "memorysetup-thread-allocator-block-size=16777216"
    "memorysetup-main-allocator-mimalloc-enabled=1"
    "memorysetup-gfx-main-allocator-block-size=16777216"
    "memorysetup-gfx-thread-allocator-block-size=16777216"
    "memorysetup-cache-allocator-block-size=4194304"
    "memorysetup-typetree-allocator-block-size=2097152"
    "memorysetup-profiler-bucket-allocator-granularity=16"
    "memorysetup-profiler-bucket-allocator-bucket-count=8"
    "memorysetup-profiler-bucket-allocator-block-size=33554432"
    "memorysetup-profiler-bucket-allocator-block-count=8"
    "memorysetup-profiler-allocator-block-size=16777216"
    "memorysetup-profiler-editor-allocator-block-size=1048576"
    "memorysetup-temp-allocator-size-main=16777216"
    "memorysetup-job-temp-allocator-block-size=2097152"
    "memorysetup-job-temp-allocator-block-size-background=1048576"
    "memorysetup-job-temp-allocator-reduction-small-platforms=262144"
Player connection [9092]  Target information:

Player connection [9092]  * "[IP] 10.24.32.72 [Port] 0 [Flags] 2 [Guid] 117397189 [EditorId] 117397189 [Version] 1048832 [Id] WindowsEditor(7,EthanLai_Laptop) [Debug] 1 [PackageName] WindowsEditor [ProjectName] Editor" 

Player connection [9092] Host joined multi-casting on [225.0.0.222:54997]...
Player connection [9092] Host joined alternative multi-casting on [225.0.0.222:34997]...
JobSystem: Creating JobQueue using job-worker-count value 9
Input System module state changed to: Initialized.
[Physics::Module] Initialized fallback backend.
[Physics::Module] Id: 0xdecafbad
Library Redirect Path: Library/
Initialising UDS system complete:
  - System type: Client
  - Resource namespace: b24de9cb9d8b4ae3cafebcc8690133fb
  - Shared memory size: 1073741824
  - Command buffer id: 1052576
  - Command buffer size: 8192
  - Hashmap size: 4194304
  - Service connected: true
  - Service working directory: Library/DataStore/
[Physics::Module] Selected backend.
[Physics::Module] Name: PhysX
[Physics::Module] Id: 0xf2b8ea05
[Physics::Module] SDK Version: 4.1.2
[Physics::Module] Integration Version: 1.0.0
[Physics::Module] Threading Mode: Multi-Threaded
Refreshing native plugins compatible for Editor in 6.59 ms, found 4 plugins.
Initialize engine version: 6000.6.0f1 (f7f8ed4d1e24)
[EntityIdStore] init: VM path (explicit commit), pageSize=4096, blockCount=1048576, entitiesPerBlock=256, slots reserved=4294967296 bytes
[Subsystems] Discovering subsystems at path C:/Program Files/Unity/Hub/Editor/6000.6.0f1/Editor/Data/Resources/UnitySubsystems
[Subsystems] Discovering subsystems at path C:/Users/laiet/Desktop/Projects/bus-driver/BusDriver/Assets
Forcing GfxDevice: Direct3D 12
GfxDevice: creating device client; kGfxThreadingModeNonThreaded
d3d12: failed to query info queue interface (0x80004002).
Direct3D:
    Version:         Direct3D 12 [level 12.2]
    Renderer:        NVIDIA GeForce RTX 4070 Laptop GPU (ID=0x2820)
    Vendor:          NVIDIA
    VRAM:            7948 MB
    App VRAM Budget: 7180 MB
    Driver:          32.0.15.6607
Initialize mono
Mono path[0] = 'C:/Program Files/Unity/Hub/Editor/6000.6.0f1/Editor/Data/Managed'
Mono path[1] = 'C:/Program Files/Unity/Hub/Editor/6000.6.0f1/Editor/Data/BCLExtensions/runtime/netstandard2.1'
Mono path[2] = 'C:/Program Files/Unity/Hub/Editor/6000.6.0f1/Editor/Data/MonoBleedingEdge/lib/mono/unityjit-win32'
Mono config path = 'C:/Program Files/Unity/Hub/Editor/6000.6.0f1/Editor/Data/MonoBleedingEdge/etc'
Using monoOptions --debugger-agent=transport=dt_socket,embedding=1,server=y,suspend=n,address=127.0.0.1:56692
CodeReloadManager initialized
Begin MonoManager ReloadAssembly
Registering precompiled unity dll's ...
Register platform support module: C:/Program Files/Unity/Hub/Editor/6000.6.0f1/Editor/Data/PlaybackEngines/WindowsStandaloneSupport/UnityEditor.WindowsStandalone.Extensions.dll
Registered in 0.003735 seconds.
Native extension for WindowsStandalone target not found
Package Manager log level set to [2]
[Package Manager] Failed to launch server process. Reason: Unity was launched with the -noUpm command-line argument
[Package Manager] Unable to send message (not connected to server process).
[Package Manager] Cannot connect to Unity Package Manager local server
ScheduleIndexationOnStartup MainProcess:False IndexOnStartup:True
Scripting: successfully reloaded assembly
- Finished resetting the current domain, in  1.015 seconds
Domain Reload Profiling: 2212ms
	BeginReloadAssembly (284ms)
	RebuildCommonClasses (10ms)
	RebuildNativeTypeToScriptingClass (35ms)
	initialDomainReloadingComplete (136ms)
	LoadAllAssembliesAndSetupDomain (731ms)
		LoadAssemblies (278ms)
		TypeCache.Refresh (506ms)
			TypeCache.ScanAssembly (480ms)
		AnalyzeDomain (1ms)
	FinalizeReload (1016ms)
		SetupLoadedEditorAssemblies (0ms)
			LogAssemblyErrors (3ms)
			InitializePlatformSupportModulesInManaged (4ms)
			BeforeProcessingInitializeOnLoad (198ms)
			ProcessInitializeOnLoadAttributes (204ms)
			ProcessInitializeOnLoadMethodAttributes (425ms)
Initializing Unity extensions:
[Licensing::Client] Successfully resolved entitlement details
[Licensing::Module] License group:
  Id: F4-3WKU-2EDZ-P6WP-CPPR-XXXX
  Product: Unity Personal
  Type: ULF
  Expiration: Unlimited
========================================================================
Worker process is ready to serve import requests
Import Worker Mode flag is 0x00
Begin MonoManager ReloadAssembly
'Packages/com.unity.render-pipelines.core/Editor/Deprecated.cs' contains partial class of Unity.Object, exactly 1 of the partial classes needs to be in a file with the same filename. This is to know the one that can be referenced from ie. GameObjects
'Packages/com.unity.render-pipelines.core/Editor/Deprecated.cs' contains partial class of Unity.Object, exactly 1 of the partial classes needs to be in a file with the same filename. This is to know the one that can be referenced from ie. GameObjects
Refreshing native plugins compatible for Editor in 6.36 ms, found 4 plugins.
Native extension for WindowsStandalone target not found
[Package Manager] Failed to launch server process. Reason: Unity was launched with the -noUpm command-line argument
[Package Manager] Unable to send message (not connected to server process).
[Package Manager] Cannot connect to Unity Package Manager local server
[Package Manager] Failed to launch server process. Reason: Unity was launched with the -noUpm command-line argument
[Package Manager] Unable to send message (not connected to server process).
[Package Manager] Cannot connect to Unity Package Manager local server
ScheduleIndexationOnStartup MainProcess:False IndexOnStartup:True
Scripting: successfully reloaded assembly
- Finished resetting the current domain, in  1.357 seconds
Domain Reload Profiling: 3291ms
	BeginReloadAssembly (444ms)
		DisableScriptedObjects (21ms)
		CreateAndSetChildDomain (51ms)
	RebuildCommonClasses (15ms)
	RebuildNativeTypeToScriptingClass (33ms)
	initialDomainReloadingComplete (116ms)
	LoadAllAssembliesAndSetupDomain (1325ms)
		LoadAssemblies (670ms)
		TypeCache.Refresh (468ms)
			TypeCache.ScanAssembly (442ms)
		AnalyzeDomain (131ms)
			BuildScriptInfoCaches (120ms)
			ResolveRequiredComponents (9ms)
	FinalizeReload (1358ms)
		SetupLoadedEditorAssemblies (0ms)
			LogAssemblyErrors (5ms)
			BeforeProcessingInitializeOnLoad (179ms)
			ProcessInitializeOnLoadAttributes (509ms)
			ProcessInitializeOnLoadMethodAttributes (154ms)
			AfterProcessingInitializeOnLoad (10ms)
		AwakeInstancesAfterBackupRestoration (12ms)
AcceleratorClientConnectionCallback - disconnected - :0
Launched and connected shader compiler UnityShaderCompiler.exe after 0.03 seconds
Refreshing native plugins compatible for Editor in 3.04 ms, found 4 plugins.
Unloading 63 Unused Serialized files (Serialized files now loaded: 0)
Unloading 6611 unused Assets / (9.3 MB). Loaded Objects now: 7450.
Memory consumption went from 335.2 MB to 325.9 MB.
Total: 13.674400 ms (FindLiveObjects: 1.016900 ms CreateObjectMapping: 0.476200 ms MarkObjects: 8.131800 ms  DeleteObjects: 3.615900 ms)

========================================================================
Received Import Request.
  Time of request: 2026-09-19T15:00:37.8979161Z
  Time since last request: 365297.68367320002289 seconds.
  importAddress: GUID: ab97695f01bc84c4b93e8440531417e7 - Path: Packages/com.unity.collab-proxy/Editor/Assets/Images/iconbrex@2x.png - Importer: ScriptedImporter/UnityEditor.QuickSearchModule:UnityEditor.Search:ASIAI0B
Importing 'GUID: ab97695f01bc84c4b93e8440531417e7 - Path: Packages/com.unity.collab-proxy/Editor/Assets/Images/iconbrex@2x.png - Importer: ScriptedImporter/UnityEditor.QuickSearchModule:UnityEditor.Search:ASIAI0B' with importer (ScriptedImporter : UnityEditor.QuickSearchModule:UnityEditor.Search:ASIAI0B)
Imported 'GUID: ab97695f01bc84c4b93e8440531417e7' -> (Import Result ID: '0421a80d72bdc9f8afdc5ea0b548fcdd') in 0.341 seconds [static and dynamic dependencies]. Details - ImportResultOutputID=94a4339e9902fcce1ec81ac626797a43 DependenciesID=a03c169bcc2f380d7b26465722ab750b StaticDependenciesID=fc44f99afc4aa96987152773ea2ae345 
Number of updated asset objects reloaded before import = 0
Number of asset objects unloaded after import = 3
========================================================================
Received Import Request.
  Time of request: 2026-09-19T15:00:38.2850054Z
  Time since last request: 0.0001705 seconds.
  importAddress: GUID: d1c88f142eee55b4eb2b2cfd7b3624ce - Path: Packages/com.unity.collab-proxy/Editor/Assets/Images/iconconflicted.png - Importer: ScriptedImporter/UnityEditor.QuickSearchModule:UnityEditor.Search:ASIAI0B
Importing 'GUID: d1c88f142eee55b4eb2b2cfd7b3624ce - Path: Packages/com.unity.collab-proxy/Editor/Assets/Images/iconconflicted.png - Importer: ScriptedImporter/UnityEditor.QuickSearchModule:UnityEditor.Search:ASIAI0B' with importer (ScriptedImporter : UnityEditor.QuickSearchModule:UnityEditor.Search:ASIAI0B)
Imported 'GUID: d1c88f142eee55b4eb2b2cfd7b3624ce' -> (Import Result ID: 'b0fbd299ccb2e41fc26ef477f4fb6c14') in 0.019 seconds [static and dynamic dependencies]. Details - ImportResultOutputID=4c75f2297a4cbb61fbdfe91ee91e83cb DependenciesID=37ab2b4ff78463756f08a2de51c9058b StaticDependenciesID=e2f99a222df8b489ba9cd8ae30ab22b7 
Number of updated asset objects reloaded before import = 0
Number of asset objects unloaded after import = 1
========================================================================
Received Import Request.
  Time of request: 2026-09-19T15:00:38.3256324Z
  Time since last request: 0.0006459 seconds.
  importAddress: GUID: 3cbf8d5b4d364724baa11fed1344d029 - Path: Packages/com.unity.collab-proxy/Editor/Assets/Images/iconedit.png - Importer: ScriptedImporter/UnityEditor.QuickSearchModule:UnityEditor.Search:ASIAI0B
Importing 'GUID: 3cbf8d5b4d364724baa11fed1344d029 - Path: Packages/com.unity.collab-proxy/Editor/Assets/Images/iconedit.png - Importer: ScriptedImporter/UnityEditor.QuickSearchModule:UnityEditor.Search:ASIAI0B' with importer (ScriptedImporter : UnityEditor.QuickSearchModule:UnityEditor.Search:ASIAI0B)
Imported 'GUID: 3cbf8d5b4d364724baa11fed1344d029' -> (Import Result ID: '374725545b77bd5e1a15605e3f45e5f3') in 0.014 seconds [static and dynamic dependencies]. Details - ImportResultOutputID=9fb310fcc380e793f0dc833ba7059f82 DependenciesID=b2416006adab7eade3f8d66e7490905a StaticDependenciesID=91a5f2b0c9405b7ece93c5b6275197fc 
Number of updated asset objects reloaded before import = 0
Number of asset objects unloaded after import = 3
========================================================================
Received Import Request.
  Time of request: 2026-09-19T15:00:38.3667531Z
  Time since last request: 0.0009464 seconds.
  importAddress: GUID: 99d1cf315f771ae48ab6f41c99a8d7cb - Path: Packages/com.unity.collab-proxy/Editor/Assets/Images/iconadd.png - Importer: ScriptedImporter/UnityEditor.QuickSearchModule:UnityEditor.Search:ASIAI0B
Importing 'GUID: 99d1cf315f771ae48ab6f41c99a8d7cb - Path: Packages/com.unity.collab-proxy/Editor/Assets/Images/iconadd.png - Importer: ScriptedImporter/UnityEditor.QuickSearchModule:UnityEditor.Search:ASIAI0B' with importer (ScriptedImporter : UnityEditor.QuickSearchModule:UnityEditor.Search:ASIAI0B)
Imported 'GUID: 99d1cf315f771ae48ab6f41c99a8d7cb' -> (Import Result ID: '33b913ea82dfa5f63b60e20be58a8045') in 0.013 seconds [static and dynamic dependencies]. Details - ImportResultOutputID=fab064abacc9f45df51eb1b4b406bba9 DependenciesID=34c944caf0733fa76ef0566e7668c102 StaticDependenciesID=9fd5ed5ba7a5cda01a1fabe2ded4c2ab 
Number of updated asset objects reloaded before import = 0
Number of asset objects unloaded after import = 3
========================================================================
Received Import Request.
  Time of request: 2026-09-19T15:00:38.403512Z
  Time since last request: 0.0006421 seconds.
  importAddress: GUID: 46930b20180b59e46b73494adf53abbb - Path: Packages/com.unity.collab-proxy/Editor/Assets/Images/d_step3.png - Importer: ScriptedImporter/UnityEditor.QuickSearchModule:UnityEditor.Search:ASIAI0B
Importing 'GUID: 46930b20180b59e46b73494adf53abbb - Path: Packages/com.unity.collab-proxy/Editor/Assets/Images/d_step3.png - Importer: ScriptedImporter/UnityEditor.QuickSearchModule:UnityEditor.Search:ASIAI0B' with importer (ScriptedImporter : UnityEditor.QuickSearchModule:UnityEditor.Search:ASIAI0B)
Imported 'GUID: 46930b20180b59e46b73494adf53abbb' -> (Import Result ID: '8ffeebe5415eb9d2ac4a592607168f30') in 0.009 seconds [static and dynamic dependencies]. Details - ImportResultOutputID=79aa963ba8d818431ccae6a362ed1f19 DependenciesID=5124b8c2968318c59947071d57ec85a8 StaticDependenciesID=f638ea6c944d0eb41ba3205b424a9981 
Number of updated asset objects reloaded before import = 0
Number of asset objects unloaded after import = 1
========================================================================
Received Import Request.
  Time of request: 2026-09-19T15:00:38.4319603Z
  Time since last request: 0.0006358 seconds.
  importAddress: GUID: 092347b12f348a6439e85218cd291ea2 - Path: Packages/com.unity.collab-proxy/Editor/Assets/Images/icondeletedremoteoverlay.png - Importer: ScriptedImporter/UnityEditor.QuickSearchModule:UnityEditor.Search:ASIAI0B
Importing 'GUID: 092347b12f348a6439e85218cd291ea2 - Path: Packages/com.unity.collab-proxy/Editor/Assets/Images/icondeletedremoteoverlay.png - Importer: ScriptedImporter/UnityEditor.QuickSearchModule:UnityEditor.Search:ASIAI0B' with importer (ScriptedImporter : UnityEditor.QuickSearchModule:UnityEditor.Search:ASIAI0B)
Imported 'GUID: 092347b12f348a6439e85218cd291ea2' -> (Import Result ID: '3b69f7d962d03f6501c6482c8a6fdeed') in 0.009 seconds [static and dynamic dependencies]. Details - ImportResultOutputID=3df36fb347d189490cac1677bbaba988 DependenciesID=22023e184bf6e469531dfdc37db4cac4 StaticDependenciesID=48347a2b0d15686cb02be4dcd6c305af 
Number of updated asset objects reloaded before import = 0
Number of asset objects unloaded after import = 3
========================================================================
Received Import Request.
  Time of request: 2026-09-19T15:00:38.4611827Z
  Time since last request: 0.0005891 seconds.
  importAddress: GUID: 229870d327005574fb840c2dd8050ec6 - Path: Packages/com.unity.collab-proxy/Editor/Assets/Images/iconclouddriveview.png - Importer: ScriptedImporter/UnityEditor.QuickSearchModule:UnityEditor.Search:ASIAI0B
Importing 'GUID: 229870d327005574fb840c2dd8050ec6 - Path: Packages/com.unity.collab-proxy/Editor/Assets/Images/iconclouddriveview.png - Importer: ScriptedImporter/UnityEditor.QuickSearchModule:UnityEditor.Search:ASIAI0B' with importer (ScriptedImporter : UnityEditor.QuickSearchModule:UnityEditor.Search:ASIAI0B)
Imported 'GUID: 229870d327005574fb840c2dd8050ec6' -> (Import Result ID: '977f1dc095101093394c2677e6ad4c08') in 0.007 seconds [static and dynamic dependencies]. Details - ImportResultOutputID=f81dc0ed93c3246d1b0bc85eb6bb475c DependenciesID=1579a32de139c3edaf11abcb20a1d5f1 StaticDependenciesID=a47778dace7ad77ae18de9bef0027f8d 
Number of updated asset objects reloaded before import = 0
Number of asset objects unloaded after import = 3
========================================================================
Received Import Request.
  Time of request: 2026-09-19T15:00:38.4845799Z
  Time since last request: 0.0004324 seconds.
  importAddress: GUID: 1318ab8bf649dcf43b922511fa5e155b - Path: Packages/com.unity.collab-proxy/Editor/Assets/Images/iconconflictresolvedoverlay.png - Importer: ScriptedImporter/UnityEditor.QuickSearchModule:UnityEditor.Search:ASIAI0B
Importing 'GUID: 1318ab8bf649dcf43b922511fa5e155b - Path: Packages/com.unity.collab-proxy/Editor/Assets/Images/iconconflictresolvedoverlay.png - Importer: ScriptedImporter/UnityEditor.QuickSearchModule:UnityEditor.Search:ASIAI0B' with importer (ScriptedImporter : UnityEditor.QuickSearchModule:UnityEditor.Search:ASIAI0B)
Imported 'GUID: 1318ab8bf649dcf43b922511fa5e155b' -> (Import Result ID: '8c3de8110f12bb4d08bc9eed619178eb') in 0.010 seconds [static and dynamic dependencies]. Details - ImportResultOutputID=9e4553abe51e481d49601697f2c659d6 DependenciesID=c1deb0581e225ba52eecd7176b44702b StaticDependenciesID=06807ee4249943f49e3da67ea8f07218 
Number of updated asset objects reloaded before import = 0
Number of asset objects unloaded after import = 3
========================================================================
Received Import Request.
  Time of request: 2026-09-19T15:00:38.5127972Z
  Time since last request: 0.0003473 seconds.
  importAddress: GUID: d30af1e364af1fc48be2ff2dcb0d4724 - Path: Packages/com.unity.collab-proxy/Editor/Assets/Images/iconcurrentbranch.png - Importer: ScriptedImporter/UnityEditor.QuickSearchModule:UnityEditor.Search:ASIAI0B
Importing 'GUID: d30af1e364af1fc48be2ff2dcb0d4724 - Path: Packages/com.unity.collab-proxy/Editor/Assets/Images/iconcurrentbranch.png - Importer: ScriptedImporter/UnityEditor.QuickSearchModule:UnityEditor.Search:ASIAI0B' with importer (ScriptedImporter : UnityEditor.QuickSearchModule:UnityEditor.Search:ASIAI0B)
Imported 'GUID: d30af1e364af1fc48be2ff2dcb0d4724' -> (Import Result ID: '55df33d46fdbd13c310b3657a324f22b') in 0.009 seconds [static and dynamic dependencies]. Details - ImportResultOutputID=b2c2c2638c85bb6498367cd9bd0717ad DependenciesID=80d37d53b99a35ef46e63aa2d32cd021 StaticDependenciesID=4411a96d7362e316c93d04700c44e904 
Number of updated asset objects reloaded before import = 0
Number of asset objects unloaded after import = 3
========================================================================
Received Import Request.
  Time of request: 2026-09-19T15:00:38.5399869Z
  Time since last request: 0.0004076 seconds.
  importAddress: GUID: 8d91317e8f7610f41a30fcb9c0d99196 - Path: Packages/com.unity.collab-proxy/Editor/Assets/Images/iconclipboard.png - Importer: ScriptedImporter/UnityEditor.QuickSearchModule:UnityEditor.Search:ASIAI0B
Importing 'GUID: 8d91317e8f7610f41a30fcb9c0d99196 - Path: Packages/com.unity.collab-proxy/Editor/Assets/Images/iconclipboard.png - Importer: ScriptedImporter/UnityEditor.QuickSearchModule:UnityEditor.Search:ASIAI0B' with importer (ScriptedImporter : UnityEditor.QuickSearchModule:UnityEditor.Search:ASIAI0B)
Imported 'GUID: 8d91317e8f7610f41a30fcb9c0d99196' -> (Import Result ID: '216d201094227bf950aaee8948e2901b') in 0.007 seconds [static and dynamic dependencies]. Details - ImportResultOutputID=b1287927a8b7c907cf2bbdae83cc3ee5 DependenciesID=57ad03a207f85c9aaf00bcca45eb4312 StaticDependenciesID=ebbb18b4da2a6eedd091220b9ba30cb8 
Number of updated asset objects reloaded before import = 0
Number of asset objects unloaded after import = 3
========================================================================
Received Import Request.
  Time of request: 2026-09-19T15:00:38.5650244Z
  Time since last request: 0.0006059 seconds.
  importAddress: GUID: 4c635bf514a064e8d9688218d937fe77 - Path: Packages/com.unity.collab-proxy/Editor/Assets/Images/exclusionrule@2x.png - Importer: ScriptedImporter/UnityEditor.QuickSearchModule:UnityEditor.Search:ASIAI0B
Importing 'GUID: 4c635bf514a064e8d9688218d937fe77 - Path: Packages/com.unity.collab-proxy/Editor/Assets/Images/exclusionrule@2x.png - Importer: ScriptedImporter/UnityEditor.QuickSearchModule:UnityEditor.Search:ASIAI0B' with importer (ScriptedImporter : UnityEditor.QuickSearchModule:UnityEditor.Search:ASIAI0B)
Imported 'GUID: 4c635bf514a064e8d9688218d937fe77' -> (Import Result ID: 'ef84f8281a4c39108e351189cfac828d') in 0.010 seconds [static and dynamic dependencies]. Details - ImportResultOutputID=ad920c89ddf291c3c922348470f9aeb8 DependenciesID=8ff62df1c112099fe0ecedf934422561 StaticDependenciesID=7d470f46b2431298223d0e9b881863a5 
Number of updated asset objects reloaded before import = 0
Number of asset objects unloaded after import = 3
========================================================================
Received Import Request.
  Time of request: 2026-09-19T15:00:38.6199629Z
  Time since last request: 0.0290937 seconds.
  importAddress: GUID: 010782d013661414a9aa675a9fbcceab - Path: Packages/com.unity.collab-proxy/Editor/Assets/Images/iconnext.png - Importer: ScriptedImporter/UnityEditor.QuickSearchModule:UnityEditor.Search:ASIAI0B
Importing 'GUID: 010782d013661414a9aa675a9fbcceab - Path: Packages/com.unity.collab-proxy/Editor/Assets/Images/iconnext.png - Importer: ScriptedImporter/UnityEditor.QuickSearchModule:UnityEditor.Search:ASIAI0B' with importer (ScriptedImporter : UnityEditor.QuickSearchModule:UnityEditor.Search:ASIAI0B)
Imported 'GUID: 010782d013661414a9aa675a9fbcceab' -> (Import Result ID: 'c4366973fe8f569389ca4dfa8129505e') in 0.010 seconds [static and dynamic dependencies]. Details - ImportResultOutputID=9630bedaa0eec2ef1b88ef0815abf050 DependenciesID=799d1f426985ee585222ad1268cb02af StaticDependenciesID=022cf6d2967c01d373afbae5495d24c9 
Number of updated asset objects reloaded before import = 0
Number of asset objects unloaded after import = 3
========================================================================
Received Import Request.
  Time of request: 2026-09-19T15:00:38.6451924Z
  Time since last request: 0.0005594 seconds.
  importAddress: GUID: 232fe04bebe5e904bb0568e685bd32a6 - Path: Packages/com.unity.collab-proxy/Editor/Assets/Images/iconpendingchanges@2x.png - Importer: ScriptedImporter/UnityEditor.QuickSearchModule:UnityEditor.Search:ASIAI0B
Importing 'GUID: 232fe04bebe5e904bb0568e685bd32a6 - Path: Packages/com.unity.collab-proxy/Editor/Assets/Images/iconpendingchanges@2x.png - Importer: ScriptedImporter/UnityEditor.QuickSearchModule:UnityEditor.Search:ASIAI0B' with importer (ScriptedImporter : UnityEditor.QuickSearchModule:UnityEditor.Search:ASIAI0B)
Imported 'GUID: 232fe04bebe5e904bb0568e685bd32a6' -> (Import Result ID: '97c7bacd4158883902b0c4664e131fd2') in 0.011 seconds [static and dynamic dependencies]. Details - ImportResultOutputID=18800e82bb978e418fc51e8cdf3496c3 DependenciesID=4602eed22eae8ec27ddc0271d89fda74 StaticDependenciesID=48fee1fdfa709f117d4a0d09fa52d4dc 
Number of updated asset objects reloaded before import = 0
Number of asset objects unloaded after import = 3
========================================================================
Received Import Request.
  Time of request: 2026-09-19T15:00:38.674982Z
  Time since last request: 0.000681 seconds.
  importAddress: GUID: 636d03a8834e3ed4cac3a1cb4b82deaf - Path: Packages/com.unity.collab-proxy/Editor/Assets/Images/iconoutofsync.png - Importer: ScriptedImporter/UnityEditor.QuickSearchModule:UnityEditor.Search:ASIAI0B
Importing 'GUID: 636d03a8834e3ed4cac3a1cb4b82deaf - Path: Packages/com.unity.collab-proxy/Editor/Assets/Images/iconoutofsync.png - Importer: ScriptedImporter/UnityEditor.QuickSearchModule:UnityEditor.Search:ASIAI0B' with importer (ScriptedImporter : UnityEditor.QuickSearchModule:UnityEditor.Search:ASIAI0B)
Imported 'GUID: 636d03a8834e3ed4cac3a1cb4b82deaf' -> (Import Result ID: '9aa92517e180858a15e1188edb3ff5c6') in 0.009 seconds [static and dynamic dependencies]. Details - ImportResultOutputID=e7286dacd4ad429a34329b1db762b133 DependenciesID=0f3c09b2e4b1c6f48a3546e722ece342 StaticDependenciesID=d06c9a9c1e2064508ed2287dc85a8174 
Number of updated asset objects reloaded before import = 0
Number of asset objects unloaded after import = 1
========================================================================
Received Import Request.
  Time of request: 2026-09-19T15:00:38.7091059Z
  Time since last request: 0.000571 seconds.
  importAddress: GUID: b1b37c2733b68854ba004ff712ef849f - Path: Packages/com.unity.collab-proxy/Editor/Assets/Images/iconshelve.png - Importer: ScriptedImporter/UnityEditor.QuickSearchModule:UnityEditor.Search:ASIAI0B
Importing 'GUID: b1b37c2733b68854ba004ff712ef849f - Path: Packages/com.unity.collab-proxy/Editor/Assets/Images/iconshelve.png - Importer: ScriptedImporter/UnityEditor.QuickSearchModule:UnityEditor.Search:ASIAI0B' with importer (ScriptedImporter : UnityEditor.QuickSearchModule:UnityEditor.Search:ASIAI0B)
Imported 'GUID: b1b37c2733b68854ba004ff712ef849f' -> (Import Result ID: '684ba1ec2d791744134a5c85673dd3c4') in 0.010 seconds [static and dynamic dependencies]. Details - ImportResultOutputID=7c9667b42a283600f5abc9850ffff517 DependenciesID=4bb762bd554dd91765f42c1d1a4729d5 StaticDependenciesID=22cccd72b97431fe72006d1fb305886a 
Number of updated asset objects reloaded before import = 0
Number of asset objects unloaded after import = 3
========================================================================
Received Import Request.
  Time of request: 2026-09-19T15:00:38.7385162Z
  Time since last request: 0.000519 seconds.
  importAddress: GUID: 940b9d1a2dc73495da39c6d329f2b3a0 - Path: Packages/com.unity.collab-proxy/Editor/Assets/Images/iconnext@2x.png - Importer: ScriptedImporter/UnityEditor.QuickSearchModule:UnityEditor.Search:ASIAI0B
Importing 'GUID: 940b9d1a2dc73495da39c6d329f2b3a0 - Path: Packages/com.unity.collab-proxy/Editor/Assets/Images/iconnext@2x.png - Importer: ScriptedImporter/UnityEditor.QuickSearchModule:UnityEditor.Search:ASIAI0B' with importer (ScriptedImporter : UnityEditor.QuickSearchModule:UnityEditor.Search:ASIAI0B)
Imported 'GUID: 940b9d1a2dc73495da39c6d329f2b3a0' -> (Import Result ID: '9e4b7f241d6673cb8c1e95eaccc67d8c') in 0.013 seconds [static and dynamic dependencies]. Details - ImportResultOutputID=03b7f737ed97c3acfc219597c0ff39a5 DependenciesID=d9069324d80933c0ff2fef73b7e4e9a2 StaticDependenciesID=352465368e7212a58265352af1a10b1c 
Number of updated asset objects reloaded before import = 0
Number of asset objects unloaded after import = 3
========================================================================
Received Import Request.
  Time of request: 2026-09-19T15:00:38.7702496Z
  Time since last request: 0.0007227 seconds.
  importAddress: GUID: eb1c900f0d4a3ee42a9a49630bf88a12 - Path: Packages/com.unity.collab-proxy/Editor/Assets/Images/iconplasticnotifypendingchanges@2x.png - Importer: ScriptedImporter/UnityEditor.QuickSearchModule:UnityEditor.Search:ASIAI0B
Importing 'GUID: eb1c900f0d4a3ee42a9a49630bf88a12 - Path: Packages/com.unity.collab-proxy/Editor/Assets/Images/iconplasticnotifypendingchanges@2x.png - Importer: ScriptedImporter/UnityEditor.QuickSearchModule:UnityEditor.Search:ASIAI0B' with importer (ScriptedImporter : UnityEditor.QuickSearchModule:UnityEditor.Search:ASIAI0B)
Imported 'GUID: eb1c900f0d4a3ee42a9a49630bf88a12' -> (Import Result ID: '4a348494c5a1a3ad08cfdd97f2cb42b8') in 0.009 seconds [static and dynamic dependencies]. Details - ImportResultOutputID=95ebdf96654efa9218b457d911f95310 DependenciesID=b47f138cde4cfca3380570078d3a528c StaticDependenciesID=bf997f838feaa859babc64ccd6de26f0 
Number of updated asset objects reloaded before import = 0
Number of asset objects unloaded after import = 3
========================================================================
Received Import Request.
  Time of request: 2026-09-19T15:00:38.7969589Z
  Time since last request: 0.000972 seconds.
  importAddress: GUID: c8396bd7e257d6b4b8d1d72fdb7a2684 - Path: Packages/com.unity.collab-proxy/Editor/Assets/Images/iconlabel@2x.png - Importer: ScriptedImporter/UnityEditor.QuickSearchModule:UnityEditor.Search:ASIAI0B
Importing 'GUID: c8396bd7e257d6b4b8d1d72fdb7a2684 - Path: Packages/com.unity.collab-proxy/Editor/Assets/Images/iconlabel@2x.png - Importer: ScriptedImporter/UnityEditor.QuickSearchModule:UnityEditor.Search:ASIAI0B' with importer (ScriptedImporter : UnityEditor.QuickSearchModule:UnityEditor.Search:ASIAI0B)
Imported 'GUID: c8396bd7e257d6b4b8d1d72fdb7a2684' -> (Import Result ID: '74909fa1a7e8d824840365344b7078fa') in 0.010 seconds [static and dynamic dependencies]. Details - ImportResultOutputID=6b358510f6ea6f93fe967ea47f4fab49 DependenciesID=93a3b93851c9e04fbb36eddd92cf03c3 StaticDependenciesID=c14597d408cd656f75b3058ad32f6436 
Number of updated asset objects reloaded before import = 0
Number of asset objects unloaded after import = 3
========================================================================
Received Import Request.
  Time of request: 2026-09-19T15:00:38.8254355Z
  Time since last request: 0.0013859 seconds.
  importAddress: GUID: fcbeb36f6ab89fb498ccbbc3bc2ef51c - Path: Packages/com.unity.collab-proxy/Editor/Assets/Images/iconignoredoverlay@2x.png - Importer: ScriptedImporter/UnityEditor.QuickSearchModule:UnityEditor.Search:ASIAI0B
Importing 'GUID: fcbeb36f6ab89fb498ccbbc3bc2ef51c - Path: Packages/com.unity.collab-proxy/Editor/Assets/Images/iconignoredoverlay@2x.png - Importer: ScriptedImporter/UnityEditor.QuickSearchModule:UnityEditor.Search:ASIAI0B' with importer (ScriptedImporter : UnityEditor.QuickSearchModule:UnityEditor.Search:ASIAI0B)
Imported 'GUID: fcbeb36f6ab89fb498ccbbc3bc2ef51c' -> (Import Result ID: 'd9231c6886e9c5cdf3f2e423ebe8ee73') in 0.010 seconds [static and dynamic dependencies]. Details - ImportResultOutputID=7f5921ad93dcd8cb10679ec9a8cdd94f DependenciesID=ed491dc198fd96ba1d589d670383e3ae StaticDependenciesID=a4b24602bd7c5e7ec0206cac5d2eceab 
Number of updated asset objects reloaded before import = 0
Number of asset objects unloaded after import = 3
========================================================================
Received Import Request.
  Time of request: 2026-09-19T15:00:38.8541968Z
  Time since last request: 0.0003409 seconds.
  importAddress: GUID: d7094718bdac022428dd29244922d06b - Path: Packages/com.unity.collab-proxy/Editor/Assets/Images/iconoutofsync@2x.png - Importer: ScriptedImporter/UnityEditor.QuickSearchModule:UnityEditor.Search:ASIAI0B
Importing 'GUID: d7094718bdac022428dd29244922d06b - Path: Packages/com.unity.collab-proxy/Editor/Assets/Images/iconoutofsync@2x.png - Importer: ScriptedImporter/UnityEditor.QuickSearchModule:UnityEditor.Search:ASIAI0B' with importer (ScriptedImporter : UnityEditor.QuickSearchModule:UnityEditor.Search:ASIAI0B)
Imported 'GUID: d7094718bdac022428dd29244922d06b' -> (Import Result ID: '5a6e566eb00b758631d8c3e4fb3076e6') in 0.008 seconds [static and dynamic dependencies]. Details - ImportResultOutputID=8bdcfff968beb34e2d7c0e3422104e05 DependenciesID=ffe7b1c5bc667de7127591e7d11f5050 StaticDependenciesID=ec05b3c805f302eee76590945f81c98c 
Number of updated asset objects reloaded before import = 0
Number of asset objects unloaded after import = 1
========================================================================
Received Import Request.
  Time of request: 2026-09-19T15:00:38.8784009Z
  Time since last request: 0.0004226 seconds.
  importAddress: GUID: 1e6c9635b80f973488d8335a081c905f - Path: Packages/com.unity.collab-proxy/Editor/Assets/Images/iconplasticnotifyincoming.png - Importer: ScriptedImporter/UnityEditor.QuickSearchModule:UnityEditor.Search:ASIAI0B
Importing 'GUID: 1e6c9635b80f973488d8335a081c905f - Path: Packages/com.unity.collab-proxy/Editor/Assets/Images/iconplasticnotifyincoming.png - Importer: ScriptedImporter/UnityEditor.QuickSearchModule:UnityEditor.Search:ASIAI0B' with importer (ScriptedImporter : UnityEditor.QuickSearchModule:UnityEditor.Search:ASIAI0B)
Imported 'GUID: 1e6c9635b80f973488d8335a081c905f' -> (Import Result ID: '92c54362ab31d73014ee941da3225c9f') in 0.012 seconds [static and dynamic dependencies]. Details - ImportResultOutputID=8866b35ae1420a78c1fe79fe85a0b013 DependenciesID=66b095e35c57ec15bd2573653bb15cb2 StaticDependenciesID=d5b943f90704a631bd52b8882119abc9 
Number of updated asset objects reloaded before import = 0
Number of asset objects unloaded after import = 1
========================================================================
Received Import Request.
  Time of request: 2026-09-19T15:00:38.9090171Z
  Time since last request: 0.0006799 seconds.
  importAddress: GUID: 42540fa3b3cef1340bebdf077d0e2030 - Path: Packages/com.unity.collab-proxy/Editor/Assets/Images/iconlabel.png - Importer: ScriptedImporter/UnityEditor.QuickSearchModule:UnityEditor.Search:ASIAI0B
Importing 'GUID: 42540fa3b3cef1340bebdf077d0e2030 - Path: Packages/com.unity.collab-proxy/Editor/Assets/Images/iconlabel.png - Importer: ScriptedImporter/UnityEditor.QuickSearchModule:UnityEditor.Search:ASIAI0B' with importer (ScriptedImporter : UnityEditor.QuickSearchModule:UnityEditor.Search:ASIAI0B)
Imported 'GUID: 42540fa3b3cef1340bebdf077d0e2030' -> (Import Result ID: '072f02bcbff5995090e96894b87e361f') in 0.010 seconds [static and dynamic dependencies]. Details - ImportResultOutputID=df2873b196b1f650c84cef268011d328 DependenciesID=6bee4ba349124db4f35855aeb995c759 StaticDependenciesID=47b2ad5a8aa957cc7068ad05617f1c4d 
Number of updated asset objects reloaded before import = 0
Number of asset objects unloaded after import = 3
========================================================================
Received Import Request.
  Time of request: 2026-09-19T15:00:38.9348042Z
  Time since last request: 0.0004775 seconds.
  importAddress: GUID: ca92e845b7b4b41da8e081ca8c0ed3b8 - Path: Packages/com.unity.collab-proxy/Editor/Assets/Images/iconmergeview@2x.png - Importer: ScriptedImporter/UnityEditor.QuickSearchModule:UnityEditor.Search:ASIAI0B
Importing 'GUID: ca92e845b7b4b41da8e081ca8c0ed3b8 - Path: Packages/com.unity.collab-proxy/Editor/Assets/Images/iconmergeview@2x.png - Importer: ScriptedImporter/UnityEditor.QuickSearchModule:UnityEditor.Search:ASIAI0B' with importer (ScriptedImporter : UnityEditor.QuickSearchModule:UnityEditor.Search:ASIAI0B)
Imported 'GUID: ca92e845b7b4b41da8e081ca8c0ed3b8' -> (Import Result ID: '3a12a4d9da3f2bbc804c5905fefeb1c6') in 0.011 seconds [static and dynamic dependencies]. Details - ImportResultOutputID=9a36e7e52677a74b6944fef288e6b4a4 DependenciesID=27b479d5b8cc1ca7658fce601bb40608 StaticDependenciesID=e114d2761be40006fec1cad673f73046 
Number of updated asset objects reloaded before import = 0
Number of asset objects unloaded after import = 3
========================================================================
Received Import Request.
  Time of request: 2026-09-19T15:00:38.966465Z
  Time since last request: 0.0013906 seconds.
  importAddress: GUID: ba96945b6a1b743579931a87e98041fe - Path: Packages/com.unity.collab-proxy/Editor/Assets/Images/iconlock@2x.png - Importer: ScriptedImporter/UnityEditor.QuickSearchModule:UnityEditor.Search:ASIAI0B
Importing 'GUID: ba96945b6a1b743579931a87e98041fe - Path: Packages/com.unity.collab-proxy/Editor/Assets/Images/iconlock@2x.png - Importer: ScriptedImporter/UnityEditor.QuickSearchModule:UnityEditor.Search:ASIAI0B' with importer (ScriptedImporter : UnityEditor.QuickSearchModule:UnityEditor.Search:ASIAI0B)
Imported 'GUID: ba96945b6a1b743579931a87e98041fe' -> (Import Result ID: '9f94e8cb6f1e61182b098b9f7ec850cb') in 0.011 seconds [static and dynamic dependencies]. Details - ImportResultOutputID=c1ecc5b8f2b8b9a5811733718d2ffb9d DependenciesID=7040505e2305c7a298fd706226aa7c4b StaticDependenciesID=f8ab3bd4a6206ef08ef446f376d8ab47 
Number of updated asset objects reloaded before import = 0
Number of asset objects unloaded after import = 3
========================================================================
Received Import Request.
  Time of request: 2026-09-19T15:00:38.9946314Z
  Time since last request: 0.0005618 seconds.
  importAddress: GUID: c677bcd9111fb4514aa1a56844e9006f - Path: Packages/com.unity.collab-proxy/Editor/Assets/Images/iconincomingchangesview.png - Importer: ScriptedImporter/UnityEditor.QuickSearchModule:UnityEditor.Search:ASIAI0B
Importing 'GUID: c677bcd9111fb4514aa1a56844e9006f - Path: Packages/com.unity.collab-proxy/Editor/Assets/Images/iconincomingchangesview.png - Importer: ScriptedImporter/UnityEditor.QuickSearchModule:UnityEditor.Search:ASIAI0B' with importer (ScriptedImporter : UnityEditor.QuickSearchModule:UnityEditor.Search:ASIAI0B)
Imported 'GUID: c677bcd9111fb4514aa1a56844e9006f' -> (Import Result ID: '38737de5b813238a14631e8c5e5346f4') in 0.013 seconds [static and dynamic dependencies]. Details - ImportResultOutputID=e4e5465a4d2cf598ee26f0485088c0fd DependenciesID=3a4b0866892b5e790dbbeb072fa25c0c StaticDependenciesID=6da2d871d52b5d512557209c888536a6 
Number of updated asset objects reloaded before import = 0
Number of asset objects unloaded after import = 3
========================================================================
Received Import Request.
  Time of request: 2026-09-19T15:00:39.0246152Z
  Time since last request: 0.0005381 seconds.
  importAddress: GUID: bf9a3e542f66af64a80a6631aa93e516 - Path: Packages/com.unity.collab-proxy/Editor/Assets/Images/iconzoomin.png - Importer: ScriptedImporter/UnityEditor.QuickSearchModule:UnityEditor.Search:ASIAI0B
Importing 'GUID: bf9a3e542f66af64a80a6631aa93e516 - Path: Packages/com.unity.collab-proxy/Editor/Assets/Images/iconzoomin.png - Importer: ScriptedImporter/UnityEditor.QuickSearchModule:UnityEditor.Search:ASIAI0B' with importer (ScriptedImporter : UnityEditor.QuickSearchModule:UnityEditor.Search:ASIAI0B)
Imported 'GUID: bf9a3e542f66af64a80a6631aa93e516' -> (Import Result ID: 'ee6b2f7258f04966009808f74eb61c14') in 0.010 seconds [static and dynamic dependencies]. Details - ImportResultOutputID=3eab66837c9e78bd84c36ace36d92dc8 DependenciesID=0bee78c1d2cccc4a95e7cd764d6d3130 StaticDependenciesID=22156f663c7a72e1c570facb4bb7972e 
Number of updated asset objects reloaded before import = 0
Number of asset objects unloaded after import = 3
========================================================================
Received Import Request.
  Time of request: 2026-09-19T15:00:39.0509156Z
  Time since last request: 0.0006073 seconds.
  importAddress: GUID: b8263c2f8ead9485180cfeaa9bde0999 - Path: Packages/com.unity.collab-proxy/Editor/Assets/Images/iconincomingchangesview@2x.png - Importer: ScriptedImporter/UnityEditor.QuickSearchModule:UnityEditor.Search:ASIAI0B
Importing 'GUID: b8263c2f8ead9485180cfeaa9bde0999 - Path: Packages/com.unity.collab-proxy/Editor/Assets/Images/iconincomingchangesview@2x.png - Importer: ScriptedImporter/UnityEditor.QuickSearchModule:UnityEditor.Search:ASIAI0B' with importer (ScriptedImporter : UnityEditor.QuickSearchModule:UnityEditor.Search:ASIAI0B)
Imported 'GUID: b8263c2f8ead9485180cfeaa9bde0999' -> (Import Result ID: 'a3dd7956cea298d0e26e7fa26931d3df') in 0.012 seconds [static and dynamic dependencies]. Details - ImportResultOutputID=126a89476a82ebc3ea9aa03c4e425bf8 DependenciesID=52899f6291fdb376b14707fea9ba0a3a StaticDependenciesID=9fe1887f7385eeb1cdac9c65039fb4eb 
Number of updated asset objects reloaded before import = 0
Number of asset objects unloaded after import = 3
========================================================================
Received Import Request.
  Time of request: 2026-09-19T15:00:39.0987667Z
  Time since last request: 0.0189928 seconds.
  importAddress: GUID: ea3ade5b156544d20ac650e8bc9d2fdc - Path: Packages/com.unity.collab-proxy/Editor/Assets/Images/RGBABlue@2x.png - Importer: ScriptedImporter/UnityEditor.QuickSearchModule:UnityEditor.Search:ASIAI0B
Importing 'GUID: ea3ade5b156544d20ac650e8bc9d2fdc - Path: Packages/com.unity.collab-proxy/Editor/Assets/Images/RGBABlue@2x.png - Importer: ScriptedImporter/UnityEditor.QuickSearchModule:UnityEditor.Search:ASIAI0B' with importer (ScriptedImporter : UnityEditor.QuickSearchModule:UnityEditor.Search:ASIAI0B)
Imported 'GUID: ea3ade5b156544d20ac650e8bc9d2fdc' -> (Import Result ID: '9d6d213983aa38cc47fb910125dc73f8') in 0.013 seconds [static and dynamic dependencies]. Details - ImportResultOutputID=59df9840b9d3dd323ddc54d0e3d03b97 DependenciesID=3fde953969b3535dff7e429c5960cb17 StaticDependenciesID=25f7603262198fb0f1fe3954a2796244 
Number of updated asset objects reloaded before import = 0
Number of asset objects unloaded after import = 3
========================================================================
Received Import Request.
  Time of request: 2026-09-19T15:00:39.1362536Z
  Time since last request: 0.0005263 seconds.
  importAddress: GUID: 0229db2477529f049aa3683cfba9d23b - Path: Packages/com.unity.collab-proxy/Editor/Assets/Layouts/SignInWithEmailPanel.uxml - Importer: ScriptedImporter/UnityEditor.QuickSearchModule:UnityEditor.Search:ASIAI0B
Importing 'GUID: 0229db2477529f049aa3683cfba9d23b - Path: Packages/com.unity.collab-proxy/Editor/Assets/Layouts/SignInWithEmailPanel.uxml - Importer: ScriptedImporter/UnityEditor.QuickSearchModule:UnityEditor.Search:ASIAI0B' with importer (ScriptedImporter : UnityEditor.QuickSearchModule:UnityEditor.Search:ASIAI0B)
Imported 'GUID: 0229db2477529f049aa3683cfba9d23b' -> (Import Result ID: 'a39036bd825f9493887afee1ec495795') in 0.232 seconds [static and dynamic dependencies]. Details - ImportResultOutputID=713ce754e8ef992379160ac67f4b096f DependenciesID=33fb63c97b6a5090d4de23ba9b96928f StaticDependenciesID=9986157f2ca9357d1ee6bae1c36e7302 
Number of updated asset objects reloaded before import = 0
Number of asset objects unloaded after import = 2
========================================================================
Received Import Request.
  Time of request: 2026-09-19T15:00:39.3889229Z
  Time since last request: 0.000668 seconds.
  importAddress: GUID: cd0b17b71a5c498428ee91dee8a78a88 - Path: Packages/com.unity.collab-proxy/Editor/Assets/Images/step2.png - Importer: ScriptedImporter/UnityEditor.QuickSearchModule:UnityEditor.Search:ASIAI0B
Importing 'GUID: cd0b17b71a5c498428ee91dee8a78a88 - Path: Packages/com.unity.collab-proxy/Editor/Assets/Images/step2.png - Importer: ScriptedImporter/UnityEditor.QuickSearchModule:UnityEditor.Search:ASIAI0B' with importer (ScriptedImporter : UnityEditor.QuickSearchModule:UnityEditor.Search:ASIAI0B)
Imported 'GUID: cd0b17b71a5c498428ee91dee8a78a88' -> (Import Result ID: 'bc587f6d2dc026e1352520f6ca7528c8') in 0.017 seconds [static and dynamic dependencies]. Details - ImportResultOutputID=c2d222f3ebaec41a80bb1420077c4e01 DependenciesID=7a510ef79bf8a66d2ed8bad35c419963 StaticDependenciesID=0cecfa0dc7d32ed2e9dcf3438c921ba3 
Number of updated asset objects reloaded before import = 0
Number of asset objects unloaded after import = 1
========================================================================
Received Import Request.
  Time of request: 2026-09-19T15:00:39.4277356Z
  Time since last request: 0.0004383 seconds.
  importAddress: GUID: feccc3dff22272744a267246ae760a73 - Path: Packages/com.unity.collab-proxy/Editor/Assets/Layouts/ProgressControlsForDialogs.uxml - Importer: ScriptedImporter/UnityEditor.QuickSearchModule:UnityEditor.Search:ASIAI0B
Importing 'GUID: feccc3dff22272744a267246ae760a73 - Path: Packages/com.unity.collab-proxy/Editor/Assets/Layouts/ProgressControlsForDialogs.uxml - Importer: ScriptedImporter/UnityEditor.QuickSearchModule:UnityEditor.Search:ASIAI0B' with importer (ScriptedImporter : UnityEditor.QuickSearchModule:UnityEditor.Search:ASIAI0B)
Imported 'GUID: feccc3dff22272744a267246ae760a73' -> (Import Result ID: 'c3f1bd4060d923ecaf86c66882bcc881') in 0.012 seconds [static and dynamic dependencies]. Details - ImportResultOutputID=b2f11f0df12715ddcefab9d3ffac628d DependenciesID=83e428b4eb82fc64b9633e10e6e1b90f StaticDependenciesID=9475949536507885a5266834fb4802e2 
Number of updated asset objects reloaded before import = 0
Number of asset objects unloaded after import = 2
========================================================================
Received Import Request.
  Time of request: 2026-09-19T15:00:39.4626142Z
  Time since last request: 0.0009728 seconds.
  importAddress: GUID: 4ade4c197fc154817b0958bbe4e5dbcc - Path: Packages/com.unity.collab-proxy/Editor/Assets/Images/iconzoomtofit@2x.png - Importer: ScriptedImporter/UnityEditor.QuickSearchModule:UnityEditor.Search:ASIAI0B
Importing 'GUID: 4ade4c197fc154817b0958bbe4e5dbcc - Path: Packages/com.unity.collab-proxy/Editor/Assets/Images/iconzoomtofit@2x.png - Importer: ScriptedImporter/UnityEditor.QuickSearchModule:UnityEditor.Search:ASIAI0B' with importer (ScriptedImporter : UnityEditor.QuickSearchModule:UnityEditor.Search:ASIAI0B)
Imported 'GUID: 4ade4c197fc154817b0958bbe4e5dbcc' -> (Import Result ID: '1142a11af85c91aa49de619b06da1b93') in 0.010 seconds [static and dynamic dependencies]. Details - ImportResultOutputID=e03a9b320e677e5585c971b1a7b4767c DependenciesID=580b33b694d51d223aae5aca65ca8846 StaticDependenciesID=176d450dbf490baa2e80b627af60136c 
Number of updated asset objects reloaded before import = 0
Number of asset objects unloaded after import = 3
========================================================================
Received Import Request.
  Time of request: 2026-09-19T15:00:39.4926892Z
  Time since last request: 0.0006557 seconds.
  importAddress: GUID: 1cd69f37df825af4385cd9efe745fc30 - Path: Packages/com.unity.collab-proxy/Editor/Assets/Styles/TeamEditionConfigurationWindow.uss - Importer: ScriptedImporter/UnityEditor.QuickSearchModule:UnityEditor.Search:ASIAI0B
Importing 'GUID: 1cd69f37df825af4385cd9efe745fc30 - Path: Packages/com.unity.collab-proxy/Editor/Assets/Styles/TeamEditionConfigurationWindow.uss - Importer: ScriptedImporter/UnityEditor.QuickSearchModule:UnityEditor.Search:ASIAI0B' with importer (ScriptedImporter : UnityEditor.QuickSearchModule:UnityEditor.Search:ASIAI0B)
Imported 'GUID: 1cd69f37df825af4385cd9efe745fc30' -> (Import Result ID: 'b6077a827e4bd849fca9a912b0ed1711') in 0.024 seconds [static and dynamic dependencies]. Details - ImportResultOutputID=79740e0addf49995768b508f603e483e DependenciesID=0c2682dd58ed97552f36965612e8afc9 StaticDependenciesID=d41eaf08848efb9ced797930c5c2b325 
Number of updated asset objects reloaded before import = 0
Number of asset objects unloaded after import = 2
========================================================================
Received Import Request.
  Time of request: 2026-09-19T15:00:39.5349567Z
  Time since last request: 0.0006049 seconds.
  importAddress: GUID: 642639f75f2dfbd4ab01e6708b58f304 - Path: Packages/com.unity.collab-proxy/Editor/Assets/Styles/OrganizationPanel.uss - Importer: ScriptedImporter/UnityEditor.QuickSearchModule:UnityEditor.Search:ASIAI0B
Importing 'GUID: 642639f75f2dfbd4ab01e6708b58f304 - Path: Packages/com.unity.collab-proxy/Editor/Assets/Styles/OrganizationPanel.uss - Importer: ScriptedImporter/UnityEditor.QuickSearchModule:UnityEditor.Search:ASIAI0B' with importer (ScriptedImporter : UnityEditor.QuickSearchModule:UnityEditor.Search:ASIAI0B)
Imported 'GUID: 642639f75f2dfbd4ab01e6708b58f304' -> (Import Result ID: '75c9eef3fd86418bbe7001adc2f359ca') in 0.005 seconds [static and dynamic dependencies]. Details - ImportResultOutputID=747feffb3bcc746b284db566d1c95427 DependenciesID=15b94e2ad829bdf4cbebaa707ef3e39f StaticDependenciesID=dce0abfb1cf25089f860d7a62b8ab94b 
Number of updated asset objects reloaded before import = 0
Number of asset objects unloaded after import = 2
========================================================================
Received Import Request.
  Time of request: 2026-09-19T15:00:39.5567407Z
  Time since last request: 0.0005116 seconds.
  importAddress: GUID: f625c371407cd41789c91b6fedaae9e1 - Path: Packages/com.unity.collab-proxy/Editor/Assets/Images/RGBARed.png - Importer: ScriptedImporter/UnityEditor.QuickSearchModule:UnityEditor.Search:ASIAI0B
Importing 'GUID: f625c371407cd41789c91b6fedaae9e1 - Path: Packages/com.unity.collab-proxy/Editor/Assets/Images/RGBARed.png - Importer: ScriptedImporter/UnityEditor.QuickSearchModule:UnityEditor.Search:ASIAI0B' with importer (ScriptedImporter : UnityEditor.QuickSearchModule:UnityEditor.Search:ASIAI0B)
Imported 'GUID: f625c371407cd41789c91b6fedaae9e1' -> (Import Result ID: '4a2efa187612d7933cc216cb00c234c0') in 0.010 seconds [static and dynamic dependencies]. Details - ImportResultOutputID=bf16511fdd8a038a9aab9cf35a2d0339 DependenciesID=8e71012259c63cb689501812c7c22b37 StaticDependenciesID=e636187967ef178532bd92cc788b8efe 
Number of updated asset objects reloaded before import = 0
Number of asset objects unloaded after import = 3
========================================================================
Received Import Request.
  Time of request: 2026-09-19T15:00:39.5819756Z
  Time since last request: 0.0004569 seconds.
  importAddress: GUID: b6420407edc75d04f89d57eb2fcc314b - Path: Packages/com.unity.collab-proxy/Editor/Assets/Layouts/OrganizationPanel.uxml - Importer: ScriptedImporter/UnityEditor.QuickSearchModule:UnityEditor.Search:ASIAI0B
Importing 'GUID: b6420407edc75d04f89d57eb2fcc314b - Path: Packages/com.unity.collab-proxy/Editor/Assets/Layouts/OrganizationPanel.uxml - Importer: ScriptedImporter/UnityEditor.QuickSearchModule:UnityEditor.Search:ASIAI0B' with importer (ScriptedImporter : UnityEditor.QuickSearchModule:UnityEditor.Search:ASIAI0B)
Imported 'GUID: b6420407edc75d04f89d57eb2fcc314b' -> (Import Result ID: '442e2e49b915f878fa1adff5c264797c') in 0.010 seconds [static and dynamic dependencies]. Details - ImportResultOutputID=eac8044f58af421df4d51fe92f119cce DependenciesID=46da8a0611e055763488677cb3fa0c6b StaticDependenciesID=515fd86505835d72da15b378adac915d 
Number of updated asset objects reloaded before import = 0
Number of asset objects unloaded after import = 2
========================================================================
Received Import Request.
  Time of request: 2026-09-19T15:00:39.6046472Z
  Time since last request: 0.0004258 seconds.
  importAddress: GUID: 69899ed144c8eea4baea48b858b37746 - Path: Packages/com.unity.collab-proxy/Editor/Assets/Images/step3.png - Importer: ScriptedImporter/UnityEditor.QuickSearchModule:UnityEditor.Search:ASIAI0B
Importing 'GUID: 69899ed144c8eea4baea48b858b37746 - Path: Packages/com.unity.collab-proxy/Editor/Assets/Images/step3.png - Importer: ScriptedImporter/UnityEditor.QuickSearchModule:UnityEditor.Search:ASIAI0B' with importer (ScriptedImporter : UnityEditor.QuickSearchModule:UnityEditor.Search:ASIAI0B)
Imported 'GUID: 69899ed144c8eea4baea48b858b37746' -> (Import Result ID: '8b95652b1175173d328e3e1af22ff4ff') in 0.010 seconds [static and dynamic dependencies]. Details - ImportResultOutputID=362a5547a28cd0de9a2ab5c1d28af5c6 DependenciesID=e4c6d3bd8573de0bc6240b84a582f8ac StaticDependenciesID=2fe11b611ee1895fb242cbb7691d6426 
Number of updated asset objects reloaded before import = 0
Number of asset objects unloaded after import = 1
========================================================================
Received Import Request.
  Time of request: 2026-09-19T15:00:39.6327038Z
  Time since last request: 0.0008265 seconds.
  importAddress: GUID: 59571f82a0dc1a14da606dc0df6f8ea7 - Path: Packages/com.unity.collab-proxy/Editor/Assets/Images/refresh@2x.png - Importer: ScriptedImporter/UnityEditor.QuickSearchModule:UnityEditor.Search:ASIAI0B
Importing 'GUID: 59571f82a0dc1a14da606dc0df6f8ea7 - Path: Packages/com.unity.collab-proxy/Editor/Assets/Images/refresh@2x.png - Importer: ScriptedImporter/UnityEditor.QuickSearchModule:UnityEditor.Search:ASIAI0B' with importer (ScriptedImporter : UnityEditor.QuickSearchModule:UnityEditor.Search:ASIAI0B)
Imported 'GUID: 59571f82a0dc1a14da606dc0df6f8ea7' -> (Import Result ID: 'cf5670834edf54ddb67240802285e7c8') in 0.007 seconds [static and dynamic dependencies]. Details - ImportResultOutputID=c5d2b63c847e4a9d016877fca7b471c9 DependenciesID=6d0fdf69880c4f3a3106121b403bdbf7 StaticDependenciesID=cee7dd0ea169bd16db484a1e552d3fa5 
Number of updated asset objects reloaded before import = 0
Number of asset objects unloaded after import = 1
========================================================================
Received Import Request.
  Time of request: 2026-09-19T15:00:39.6604465Z
  Time since last request: 0.0006305 seconds.
  importAddress: GUID: 556a2f3b046024d4c9621c1b4be5f0c1 - Path: Packages/com.unity.collab-proxy/Editor/Assets/Images/xlink.png - Importer: ScriptedImporter/UnityEditor.QuickSearchModule:UnityEditor.Search:ASIAI0B
Importing 'GUID: 556a2f3b046024d4c9621c1b4be5f0c1 - Path: Packages/com.unity.collab-proxy/Editor/Assets/Images/xlink.png - Importer: ScriptedImporter/UnityEditor.QuickSearchModule:UnityEditor.Search:ASIAI0B' with importer (ScriptedImporter : UnityEditor.QuickSearchModule:UnityEditor.Search:ASIAI0B)
Imported 'GUID: 556a2f3b046024d4c9621c1b4be5f0c1' -> (Import Result ID: 'adfd68636cdee3c69857d9e7b78de704') in 0.007 seconds [static and dynamic dependencies]. Details - ImportResultOutputID=37e5bb8beeba8e1585a2006aadeb7d4f DependenciesID=0f57556d248ee7c4c00eb9bcb9367899 StaticDependenciesID=17f474f992ddf5864ab988872489f617 
Number of updated asset objects reloaded before import = 0
Number of asset objects unloaded after import = 1
========================================================================
Received Import Request.
  Time of request: 2026-09-19T15:00:39.8388462Z
  Time since last request: 0.1559494 seconds.
  importAddress: GUID: e000057c8aef84d6d81a07b18c13db7e - Path: Packages/com.unity.collab-proxy/Editor/CodeEditor/Document/NewLineFinder.cs - Importer: ScriptedImporter/UnityEditor.QuickSearchModule:UnityEditor.Search:ASIAI0B
Importing 'GUID: e000057c8aef84d6d81a07b18c13db7e - Path: Packages/com.unity.collab-proxy/Editor/CodeEditor/Document/NewLineFinder.cs - Importer: ScriptedImporter/UnityEditor.QuickSearchModule:UnityEditor.Search:ASIAI0B' with importer (ScriptedImporter : UnityEditor.QuickSearchModule:UnityEditor.Search:ASIAI0B)
Imported 'GUID: e000057c8aef84d6d81a07b18c13db7e' -> (Import Result ID: '6fd4cf60c73295dc3cd084681d5b3465') in 0.004 seconds [static and dynamic dependencies]. Details - ImportResultOutputID=815e59976e7d8d67bb85baeb6065aa58 DependenciesID=a709dea6233b7b7ccf05dd2288c0c874 StaticDependenciesID=20bbd8b676b8654b996fd5c44282344c 
Number of updated asset objects reloaded before import = 0
Number of asset objects unloaded after import = 0
========================================================================
Received Import Request.
  Time of request: 2026-09-19T15:00:39.8625819Z
  Time since last request: 0.000537 seconds.
  importAddress: GUID: 85086b32b8552416fbdc73ec5d384b63 - Path: Packages/com.unity.collab-proxy/Editor/CodeEditor/Document/IUndoableOperation.cs - Importer: ScriptedImporter/UnityEditor.QuickSearchModule:UnityEditor.Search:ASIAI0B
Importing 'GUID: 85086b32b8552416fbdc73ec5d384b63 - Path: Packages/com.unity.collab-proxy/Editor/CodeEditor/Document/IUndoableOperation.cs - Importer: ScriptedImporter/UnityEditor.QuickSearchModule:UnityEditor.Search:ASIAI0B' with importer (ScriptedImporter : UnityEditor.QuickSearchModule:UnityEditor.Search:ASIAI0B)
Imported 'GUID: 85086b32b8552416fbdc73ec5d384b63' -> (Import Result ID: '4fffa326bbec006796cced4875490ee0') in 0.006 seconds [static and dynamic dependencies]. Details - ImportResultOutputID=a6d8adc03d4698eb72ad780d3ccf1fb5 DependenciesID=565bfb891be4fbf5277018becfc62113 StaticDependenciesID=27b2d7a94a071d28a10e6ac46c9d8c82 
Number of updated asset objects reloaded before import = 0
Number of asset objects unloaded after import = 0
========================================================================
Received Import Request.
  Time of request: 2026-09-19T15:00:39.8868177Z
  Time since last request: 0.0005601 seconds.
  importAddress: GUID: dc2789440232fe940b427760def51c66 - Path: Packages/com.unity.collab-proxy/Editor/CloudDrive/ShareWorkspace/ShareWorkspaceDialog.cs - Importer: ScriptedImporter/UnityEditor.QuickSearchModule:UnityEditor.Search:ASIAI0B
Importing 'GUID: dc2789440232fe940b427760def51c66 - Path: Packages/com.unity.collab-proxy/Editor/CloudDrive/ShareWorkspace/ShareWorkspaceDialog.cs - Importer: ScriptedImporter/UnityEditor.QuickSearchModule:UnityEditor.Search:ASIAI0B' with importer (ScriptedImporter : UnityEditor.QuickSearchModule:UnityEditor.Search:ASIAI0B)
Imported 'GUID: dc2789440232fe940b427760def51c66' -> (Import Result ID: '354585e6ef16370f5daf585178d775dc') in 0.004 seconds [static and dynamic dependencies]. Details - ImportResultOutputID=82f1ebb6877a18bc56aa64eece9de975 DependenciesID=ecab6c81235839de6432174570c0f4ce StaticDependenciesID=2c5cb11356b1a14f0fec34f802bacf65 
Number of updated asset objects reloaded before import = 0
Number of asset objects unloaded after import = 0
========================================================================
Received Import Request.
  Time of request: 2026-09-19T15:00:39.9099719Z
  Time since last request: 0.0005583 seconds.
  importAddress: GUID: 719f01626c14c440c852febfcc5ecf9d - Path: Packages/com.unity.collab-proxy/Editor/CodeEditor/Document/DocumentChangedEventArgs.cs - Importer: ScriptedImporter/UnityEditor.QuickSearchModule:UnityEditor.Search:ASIAI0B
Importing 'GUID: 719f01626c14c440c852febfcc5ecf9d - Path: Packages/com.unity.collab-proxy/Editor/CodeEditor/Document/DocumentChangedEventArgs.cs - Importer: ScriptedImporter/UnityEditor.QuickSearchModule:UnityEditor.Search:ASIAI0B' with importer (ScriptedImporter : UnityEditor.QuickSearchModule:UnityEditor.Search:ASIAI0B)
Imported 'GUID: 719f01626c14c440c852febfcc5ecf9d' -> (Import Result ID: '014860761550a3e6438e513f5ebb7fd7') in 0.003 seconds [static and dynamic dependencies]. Details - ImportResultOutputID=8c8d271e8264992c9fb173e84573fe26 DependenciesID=370595f1601862cad58ba2e384b152d7 StaticDependenciesID=d81200efe7be0e26d1e3cc9f18158924 
Number of updated asset objects reloaded before import = 0
Number of asset objects unloaded after import = 0
========================================================================
Received Import Request.
  Time of request: 2026-09-19T15:00:39.932083Z
  Time since last request: 0.0005598 seconds.
  importAddress: GUID: a8c19b64eb4ef43a2bdea621c5acaf14 - Path: Packages/com.unity.collab-proxy/Editor/CodeEditor/Document/LineManager.cs - Importer: ScriptedImporter/UnityEditor.QuickSearchModule:UnityEditor.Search:ASIAI0B
Importing 'GUID: a8c19b64eb4ef43a2bdea621c5acaf14 - Path: Packages/com.unity.collab-proxy/Editor/CodeEditor/Document/LineManager.cs - Importer: ScriptedImporter/UnityEditor.QuickSearchModule:UnityEditor.Search:ASIAI0B' with importer (ScriptedImporter : UnityEditor.QuickSearchModule:UnityEditor.Search:ASIAI0B)
Imported 'GUID: a8c19b64eb4ef43a2bdea621c5acaf14' -> (Import Result ID: '76e7ae40bad4f09a873190903c9ff571') in 0.003 seconds [static and dynamic dependencies]. Details - ImportResultOutputID=b5928a8a62ae66eec17bc0254620408e DependenciesID=f97898e2968143a0c41936f978ec6f1d StaticDependenciesID=31a997db87916c07f977139c23b0e8c5 
Number of updated asset objects reloaded before import = 0
Number of asset objects unloaded after import = 0
========================================================================
Received Import Request.
  Time of request: 2026-09-19T15:00:39.9545036Z
  Time since last request: 0.0005301 seconds.
  importAddress: GUID: 690c38bf24d7648d381bc95a526c5f29 - Path: Packages/com.unity.collab-proxy/Editor/CodeEditor/Document/TextLocation.cs - Importer: ScriptedImporter/UnityEditor.QuickSearchModule:UnityEditor.Search:ASIAI0B
Importing 'GUID: 690c38bf24d7648d381bc95a526c5f29 - Path: Packages/com.unity.collab-proxy/Editor/CodeEditor/Document/TextLocation.cs - Importer: ScriptedImporter/UnityEditor.QuickSearchModule:UnityEditor.Search:ASIAI0B' with importer (ScriptedImporter : UnityEditor.QuickSearchModule:UnityEditor.Search:ASIAI0B)
Imported 'GUID: 690c38bf24d7648d381bc95a526c5f29' -> (Import Result ID: 'ddc9fde682b3e29b25f87851af016fdb') in 0.003 seconds [static and dynamic dependencies]. Details - ImportResultOutputID=2b64c722322b9f497a0ff811816a4302 DependenciesID=1e5085f563c54c041ad76191e51b8bbe StaticDependenciesID=47c4f5d801806c5edb69728763cc7b4b 
Number of updated asset objects reloaded before import = 0
Number of asset objects unloaded after import = 0
========================================================================
Received Import Request.
  Time of request: 2026-09-19T15:00:39.973269Z
  Time since last request: 0.0008132 seconds.
  importAddress: GUID: c368b48e7c623484ba454c98a9734955 - Path: Packages/com.unity.collab-proxy/Editor/CloudDrive/ShareWorkspace/ShareWorkspacePanel.cs - Importer: ScriptedImporter/UnityEditor.QuickSearchModule:UnityEditor.Search:ASIAI0B
Importing 'GUID: c368b48e7c623484ba454c98a9734955 - Path: Packages/com.unity.collab-proxy/Editor/CloudDrive/ShareWorkspace/ShareWorkspacePanel.cs - Importer: ScriptedImporter/UnityEditor.QuickSearchModule:UnityEditor.Search:ASIAI0B' with importer (ScriptedImporter : UnityEditor.QuickSearchModule:UnityEditor.Search:ASIAI0B)
Imported 'GUID: c368b48e7c623484ba454c98a9734955' -> (Import Result ID: '00b1bf73f6c62e10b21b31e9e4692cc5') in 0.003 seconds [static and dynamic dependencies]. Details - ImportResultOutputID=48e485e12bc9bfd44b4283b36c7f9e3f DependenciesID=17f5589aaf6300fa367e5be76f40bdea StaticDependenciesID=3e9261e272a6013bcc274ad9b3f4e74f 
Number of updated asset objects reloaded before import = 0
Number of asset objects unloaded after import = 0
========================================================================
Received Import Request.
  Time of request: 2026-09-19T15:00:39.9943415Z
  Time since last request: 0.0007668 seconds.
  importAddress: GUID: 0e803e84de9d4aa4a2ba0fcf7577ab6b - Path: Packages/com.unity.collab-proxy/Editor/Assistant/Tools/UVCSLinkHandler.cs - Importer: ScriptedImporter/UnityEditor.QuickSearchModule:UnityEditor.Search:ASIAI0B
Importing 'GUID: 0e803e84de9d4aa4a2ba0fcf7577ab6b - Path: Packages/com.unity.collab-proxy/Editor/Assistant/Tools/UVCSLinkHandler.cs - Importer: ScriptedImporter/UnityEditor.QuickSearchModule:UnityEditor.Search:ASIAI0B' with importer (ScriptedImporter : UnityEditor.QuickSearchModule:UnityEditor.Search:ASIAI0B)
Imported 'GUID: 0e803e84de9d4aa4a2ba0fcf7577ab6b' -> (Import Result ID: 'f00a9d68525e13205f57efe103f0b3ce') in 0.003 seconds [static and dynamic dependencies]. Details - ImportResultOutputID=ce09280648c61a9f056e576a9b90c348 DependenciesID=a64d6a7990288520446d34ff65cce23f StaticDependenciesID=ce7e56eaf2cf5d582530b43f156ca35c 
Number of updated asset objects reloaded before import = 0
Number of asset objects unloaded after import = 0
========================================================================
Received Import Request.
  Time of request: 2026-09-19T15:00:40.013604Z
  Time since last request: 0.0006516 seconds.
  importAddress: GUID: 179af60903151564bb6b3157bce93991 - Path: Packages/com.unity.collab-proxy/Editor/CloudDrive/CreateWorkspace/CreateWorkspaceDialog.cs - Importer: ScriptedImporter/UnityEditor.QuickSearchModule:UnityEditor.Search:ASIAI0B
Importing 'GUID: 179af60903151564bb6b3157bce93991 - Path: Packages/com.unity.collab-proxy/Editor/CloudDrive/CreateWorkspace/CreateWorkspaceDialog.cs - Importer: ScriptedImporter/UnityEditor.QuickSearchModule:UnityEditor.Search:ASIAI0B' with importer (ScriptedImporter : UnityEditor.QuickSearchModule:UnityEditor.Search:ASIAI0B)
Imported 'GUID: 179af60903151564bb6b3157bce93991' -> (Import Result ID: '474f08eb06e8d5af73914efb48633978') in 0.003 seconds [static and dynamic dependencies]. Details - ImportResultOutputID=51c55be3aa78d3257249fe1a27cb12b1 DependenciesID=9c20e5d443be1ab6ccb909331889d2ee StaticDependenciesID=1e66cb6b61c0e54cc67d6af226f7dfbe 
Number of updated asset objects reloaded before import = 0
Number of asset objects unloaded after import = 0
========================================================================
Received Import Request.
  Time of request: 2026-09-19T15:00:40.040954Z
  Time since last request: 0.0004535 seconds.
  importAddress: GUID: f3989142b33d44a0ca19788765ba05cc - Path: Packages/com.unity.collab-proxy/Editor/CodeEditor/Document/SimpleSegment.cs - Importer: ScriptedImporter/UnityEditor.QuickSearchModule:UnityEditor.Search:ASIAI0B
Importing 'GUID: f3989142b33d44a0ca19788765ba05cc - Path: Packages/com.unity.collab-proxy/Editor/CodeEditor/Document/SimpleSegment.cs - Importer: ScriptedImporter/UnityEditor.QuickSearchModule:UnityEditor.Search:ASIAI0B' with importer (ScriptedImporter : UnityEditor.QuickSearchModule:UnityEditor.Search:ASIAI0B)
Imported 'GUID: f3989142b33d44a0ca19788765ba05cc' -> (Import Result ID: '946ef508eea30c282ddac193a7fc5ab0') in 0.002 seconds [static and dynamic dependencies]. Details - ImportResultOutputID=1a956849402539fc93de1f880ddaa421 DependenciesID=77e854098e20405473dbf9c261f93ae3 StaticDependenciesID=d4cd22939bbab636f626eb38d3aa5597 
Number of updated asset objects reloaded before import = 0
Number of asset objects unloaded after import = 0
========================================================================
Received Import Request.
  Time of request: 2026-09-19T15:00:40.0607724Z
  Time since last request: 0.0005287 seconds.
  importAddress: GUID: 36d9d402826ee48d8816a061c1aba22e - Path: Packages/com.unity.collab-proxy/Editor/CodeEditor/Document/DocumentTextWriter.cs - Importer: ScriptedImporter/UnityEditor.QuickSearchModule:UnityEditor.Search:ASIAI0B
Importing 'GUID: 36d9d402826ee48d8816a061c1aba22e - Path: Packages/com.unity.collab-proxy/Editor/CodeEditor/Document/DocumentTextWriter.cs - Importer: ScriptedImporter/UnityEditor.QuickSearchModule:UnityEditor.Search:ASIAI0B' with importer (ScriptedImporter : UnityEditor.QuickSearchModule:UnityEditor.Search:ASIAI0B)
Imported 'GUID: 36d9d402826ee48d8816a061c1aba22e' -> (Import Result ID: '3fa11022933a1c0c670d3d0150a9d75d') in 0.003 seconds [static and dynamic dependencies]. Details - ImportResultOutputID=dbb53d76d0fc698130c842cd9bafc6d1 DependenciesID=70fd425e8fd3bc128ed9b5f11868aa27 StaticDependenciesID=559370334b2d2fcd75cd751199c62638 
Number of updated asset objects reloaded before import = 0
Number of asset objects unloaded after import = 0
========================================================================
Received Import Request.
  Time of request: 2026-09-19T15:00:40.0808344Z
  Time since last request: 0.0003484 seconds.
  importAddress: GUID: 5a50ae8041732462c981b5464a2c568c - Path: Packages/com.unity.collab-proxy/Editor/CodeEditor/Document/TextAnchorTree.cs - Importer: ScriptedImporter/UnityEditor.QuickSearchModule:UnityEditor.Search:ASIAI0B
Importing 'GUID: 5a50ae8041732462c981b5464a2c568c - Path: Packages/com.unity.collab-proxy/Editor/CodeEditor/Document/TextAnchorTree.cs - Importer: ScriptedImporter/UnityEditor.QuickSearchModule:UnityEditor.Search:ASIAI0B' with importer (ScriptedImporter : UnityEditor.QuickSearchModule:UnityEditor.Search:ASIAI0B)
Imported 'GUID: 5a50ae8041732462c981b5464a2c568c' -> (Import Result ID: '336acc34848a10a53db15697ca378346') in 0.003 seconds [static and dynamic dependencies]. Details - ImportResultOutputID=9a09219d0b760eb18fd4864c79faef92 DependenciesID=b620818c40d1a95d05cbc8940fdc9af5 StaticDependenciesID=cb9e93aaf2d7df781dbda5e8d18890e2 
Number of updated asset objects reloaded before import = 0
Number of asset objects unloaded after import = 0
========================================================================
Received Import Request.
  Time of request: 2026-09-19T15:00:40.101298Z
  Time since last request: 0.0004748 seconds.
  importAddress: GUID: 11f102ea76a834282a8a533f1a797d3e - Path: Packages/com.unity.collab-proxy/Editor/CodeEditor/Document/ITextSource.cs - Importer: ScriptedImporter/UnityEditor.QuickSearchModule:UnityEditor.Search:ASIAI0B
Importing 'GUID: 11f102ea76a834282a8a533f1a797d3e - Path: Packages/com.unity.collab-proxy/Editor/CodeEditor/Document/ITextSource.cs - Importer: ScriptedImporter/UnityEditor.QuickSearchModule:UnityEditor.Search:ASIAI0B' with importer (ScriptedImporter : UnityEditor.QuickSearchModule:UnityEditor.Search:ASIAI0B)
Imported 'GUID: 11f102ea76a834282a8a533f1a797d3e' -> (Import Result ID: '6a38af7fa057d969f995fc4bb64c65db') in 0.003 seconds [static and dynamic dependencies]. Details - ImportResultOutputID=b919e6a37c8c3244091a9fb14f24d4a2 DependenciesID=5b867d13bcf0dc451058602bfb134fe7 StaticDependenciesID=51e8804f55e8daa55a2edd2abdd3a744 
Number of updated asset objects reloaded before import = 0
Number of asset objects unloaded after import = 0
========================================================================
Received Import Request.
  Time of request: 2026-09-19T15:00:40.123595Z
  Time since last request: 0.0005534 seconds.
  importAddress: GUID: bf56682e6df72134b81925661287a663 - Path: Packages/com.unity.collab-proxy/Editor/CodeEditor/Editing/IReadOnlySectionProvider.cs - Importer: ScriptedImporter/UnityEditor.QuickSearchModule:UnityEditor.Search:ASIAI0B
Importing 'GUID: bf56682e6df72134b81925661287a663 - Path: Packages/com.unity.collab-proxy/Editor/CodeEditor/Editing/IReadOnlySectionProvider.cs - Importer: ScriptedImporter/UnityEditor.QuickSearchModule:UnityEditor.Search:ASIAI0B' with importer (ScriptedImporter : UnityEditor.QuickSearchModule:UnityEditor.Search:ASIAI0B)
Imported 'GUID: bf56682e6df72134b81925661287a663' -> (Import Result ID: '51b143a11dc4f7d329b2099e828fca6a') in 0.003 seconds [static and dynamic dependencies]. Details - ImportResultOutputID=39ff0472747a8d162ebb23b6a967d828 DependenciesID=171e49f2f1f5a1f2fe4bf8047fd4d51c StaticDependenciesID=d0a6926c4c848a38e7192c0ede4d748c 
Number of updated asset objects reloaded before import = 0
Number of asset objects unloaded after import = 0
========================================================================
Received Import Request.
  Time of request: 2026-09-19T15:00:40.1428566Z
  Time since last request: 0.0004668 seconds.
  importAddress: GUID: 86d3b998a081a44079e6548f6d3cf446 - Path: Packages/com.unity.collab-proxy/Editor/Assistant/Tools/UVCSOperation.cs - Importer: ScriptedImporter/UnityEditor.QuickSearchModule:UnityEditor.Search:ASIAI0B
Importing 'GUID: 86d3b998a081a44079e6548f6d3cf446 - Path: Packages/com.unity.collab-proxy/Editor/Assistant/Tools/UVCSOperation.cs - Importer: ScriptedImporter/UnityEditor.QuickSearchModule:UnityEditor.Search:ASIAI0B' with importer (ScriptedImporter : UnityEditor.QuickSearchModule:UnityEditor.Search:ASIAI0B)
Imported 'GUID: 86d3b998a081a44079e6548f6d3cf446' -> (Import Result ID: '4839c381827a965041282e2f3b24b7c4') in 0.003 seconds [static and dynamic dependencies]. Details - ImportResultOutputID=d48e743eb42f5035536c8502e70a855d DependenciesID=ce64f5c529f178c5ba044d8c576d2af5 StaticDependenciesID=f41e72d1bdfac8a622710818d8da413a 
Number of updated asset objects reloaded before import = 0
Number of asset objects unloaded after import = 0
========================================================================
Received Import Request.
  Time of request: 2026-09-19T15:00:40.1619106Z
  Time since last request: 0.0004834 seconds.
  importAddress: GUID: c35635b884e9b433d9ff4a91be986974 - Path: Packages/com.unity.collab-proxy/Editor/Assistant/Tools/UVCSToolContext.cs - Importer: ScriptedImporter/UnityEditor.QuickSearchModule:UnityEditor.Search:ASIAI0B
Importing 'GUID: c35635b884e9b433d9ff4a91be986974 - Path: Packages/com.unity.collab-proxy/Editor/Assistant/Tools/UVCSToolContext.cs - Importer: ScriptedImporter/UnityEditor.QuickSearchModule:UnityEditor.Search:ASIAI0B' with importer (ScriptedImporter : UnityEditor.QuickSearchModule:UnityEditor.Search:ASIAI0B)
Imported 'GUID: c35635b884e9b433d9ff4a91be986974' -> (Import Result ID: 'a698294fbe701d9ff80ae528c4ac66fe') in 0.003 seconds [static and dynamic dependencies]. Details - ImportResultOutputID=193a3329cc45c038b1ba08f1fcad46d9 DependenciesID=5745f92e2467aa5a3b163619b79bddf4 StaticDependenciesID=2195f730513f99941eba2a2a7eff6ef2 
Number of updated asset objects reloaded before import = 0
Number of asset objects unloaded after import = 0
========================================================================
Received Import Request.
  Time of request: 2026-09-19T15:00:40.1965094Z
  Time since last request: 0.0150109 seconds.
  importAddress: GUID: 757ba4d39d48487da6bb88c8f846b385 - Path: Packages/com.unity.collab-proxy/Editor/CodeEditor/Platform/KeyModifiers.cs - Importer: ScriptedImporter/UnityEditor.QuickSearchModule:UnityEditor.Search:ASIAI0B
Importing 'GUID: 757ba4d39d48487da6bb88c8f846b385 - Path: Packages/com.unity.collab-proxy/Editor/CodeEditor/Platform/KeyModifiers.cs - Importer: ScriptedImporter/UnityEditor.QuickSearchModule:UnityEditor.Search:ASIAI0B' with importer (ScriptedImporter : UnityEditor.QuickSearchModule:UnityEditor.Search:ASIAI0B)
Imported 'GUID: 757ba4d39d48487da6bb88c8f846b385' -> (Import Result ID: '0bfd1b6ac0f000924de13023b5e8e36d') in 0.003 seconds [static and dynamic dependencies]. Details - ImportResultOutputID=c861ebe1adea5e7d975a0dc342ae9c2d DependenciesID=d7c0c8f23fc3a46bddf1fac4eddb1895 StaticDependenciesID=85d1fc4bb1697e0698af7fc1ef4fdfd8 
Number of updated asset objects reloaded before import = 0
Number of asset objects unloaded after import = 0
========================================================================
Received Import Request.
  Time of request: 2026-09-19T15:00:40.2178662Z
  Time since last request: 0.0005985 seconds.
  importAddress: GUID: a647d70b6a9d43e78f885cb45b2263b0 - Path: Packages/com.unity.collab-proxy/Editor/CodeEditor/Rendering/CurrentLineHightlightRenderer.cs - Importer: ScriptedImporter/UnityEditor.QuickSearchModule:UnityEditor.Search:ASIAI0B
Importing 'GUID: a647d70b6a9d43e78f885cb45b2263b0 - Path: Packages/com.unity.collab-proxy/Editor/CodeEditor/Rendering/CurrentLineHightlightRenderer.cs - Importer: ScriptedImporter/UnityEditor.QuickSearchModule:UnityEditor.Search:ASIAI0B' with importer (ScriptedImporter : UnityEditor.QuickSearchModule:UnityEditor.Search:ASIAI0B)
Imported 'GUID: a647d70b6a9d43e78f885cb45b2263b0' -> (Import Result ID: '20b7b7e2c8e5a753b1f57878e6631371') in 0.003 seconds [static and dynamic dependencies]. Details - ImportResultOutputID=636080f2a3fd3a356ec2584581fada62 DependenciesID=6b5c03af2b693219c9634949c18c16d3 StaticDependenciesID=c698594eeca4b01cc12b7e5fa1598704 
Number of updated asset objects reloaded before import = 0
Number of asset objects unloaded after import = 0
========================================================================
Received Import Request.
  Time of request: 2026-09-19T15:00:40.2385829Z
  Time since last request: 0.0009205 seconds.
  importAddress: GUID: 417a7fb7b11644dcb5e6cba5fa86afd9 - Path: Packages/com.unity.collab-proxy/Editor/CodeEditor/Rendering/HeightTreeLineNode.cs - Importer: ScriptedImporter/UnityEditor.QuickSearchModule:UnityEditor.Search:ASIAI0B
Importing 'GUID: 417a7fb7b11644dcb5e6cba5fa86afd9 - Path: Packages/com.unity.collab-proxy/Editor/CodeEditor/Rendering/HeightTreeLineNode.cs - Importer: ScriptedImporter/UnityEditor.QuickSearchModule:UnityEditor.Search:ASIAI0B' with importer (ScriptedImporter : UnityEditor.QuickSearchModule:UnityEditor.Search:ASIAI0B)
Imported 'GUID: 417a7fb7b11644dcb5e6cba5fa86afd9' -> (Import Result ID: '5cf916d388bd72e8b6e4a7e64e890014') in 0.003 seconds [static and dynamic dependencies]. Details - ImportResultOutputID=bc9d007574c00670b4fbf4e8ef562cb6 DependenciesID=7de8ed5eba394c55f27062df4e84672c StaticDependenciesID=b1ae5b66c276c0f2c6075028042ccb3d 
Number of updated asset objects reloaded before import = 0
Number of asset objects unloaded after import = 0
========================================================================
Received Import Request.
  Time of request: 2026-09-19T15:00:40.2582526Z
  Time since last request: 0.0004794 seconds.
  importAddress: GUID: 6ff43a353ef749139882e055ebd32a3d - Path: Packages/com.unity.collab-proxy/Editor/CodeEditor/Text/TextFormatter.cs - Importer: ScriptedImporter/UnityEditor.QuickSearchModule:UnityEditor.Search:ASIAI0B
Importing 'GUID: 6ff43a353ef749139882e055ebd32a3d - Path: Packages/com.unity.collab-proxy/Editor/CodeEditor/Text/TextFormatter.cs - Importer: ScriptedImporter/UnityEditor.QuickSearchModule:UnityEditor.Search:ASIAI0B' with importer (ScriptedImporter : UnityEditor.QuickSearchModule:UnityEditor.Search:ASIAI0B)
Imported 'GUID: 6ff43a353ef749139882e055ebd32a3d' -> (Import Result ID: '487e8e735c4bd7ad43b9fc5907c8c643') in 0.002 seconds [static and dynamic dependencies]. Details - ImportResultOutputID=48ba413def11f6bba9c0ebe34121346f DependenciesID=d4d6b2e41a49883e78a13bb8991e506d StaticDependenciesID=42cdb083725271399a759742c8b2d92c 
Number of updated asset objects reloaded before import = 0
Number of asset objects unloaded after import = 0
========================================================================
Received Import Request.
  Time of request: 2026-09-19T15:00:40.2775323Z
  Time since last request: 0.0007097 seconds.
  importAddress: GUID: e9659e74fbe8f46bdaded071ce191504 - Path: Packages/com.unity.collab-proxy/Editor/CodeEditor/Editing/SimpleSelection.cs - Importer: ScriptedImporter/UnityEditor.QuickSearchModule:UnityEditor.Search:ASIAI0B
Importing 'GUID: e9659e74fbe8f46bdaded071ce191504 - Path: Packages/com.unity.collab-proxy/Editor/CodeEditor/Editing/SimpleSelection.cs - Importer: ScriptedImporter/UnityEditor.QuickSearchModule:UnityEditor.Search:ASIAI0B' with importer (ScriptedImporter : UnityEditor.QuickSearchModule:UnityEditor.Search:ASIAI0B)
Imported 'GUID: e9659e74fbe8f46bdaded071ce191504' -> (Import Result ID: 'f498c2b3321c634640da601ade8cdc89') in 0.002 seconds [static and dynamic dependencies]. Details - ImportResultOutputID=18b47ad9f95ada6e3f898e0be63640ff DependenciesID=fab6537d77a9fc6926172bd989401c2d StaticDependenciesID=ef63191d3d00d330d8ad64cd2671dee9 
Number of updated asset objects reloaded before import = 0
Number of asset objects unloaded after import = 0
========================================================================
Received Import Request.
  Time of request: 2026-09-19T15:00:40.2974002Z
  Time since last request: 0.0007773 seconds.
  importAddress: GUID: c70164c20e48fc7478fd88c1613ac05a - Path: Packages/com.unity.collab-proxy/Editor/CodeEditor/Editing/TextSegmentReadOnlySectionProvider.cs - Importer: ScriptedImporter/UnityEditor.QuickSearchModule:UnityEditor.Search:ASIAI0B
Importing 'GUID: c70164c20e48fc7478fd88c1613ac05a - Path: Packages/com.unity.collab-proxy/Editor/CodeEditor/Editing/TextSegmentReadOnlySectionProvider.cs - Importer: ScriptedImporter/UnityEditor.QuickSearchModule:UnityEditor.Search:ASIAI0B' with importer (ScriptedImporter : UnityEditor.QuickSearchModule:UnityEditor.Search:ASIAI0B)
Imported 'GUID: c70164c20e48fc7478fd88c1613ac05a' -> (Import Result ID: '8cd18425d12851aa56ddcfca00cad25f') in 0.003 seconds [static and dynamic dependencies]. Details - ImportResultOutputID=e60d17661824d75e2d95cf9389b76a1b DependenciesID=89d6f96d5bf5d13b4bf07fddfc642b00 StaticDependenciesID=984b50604331533d41d9cd3b5b2e5b4c 
Number of updated asset objects reloaded before import = 0
Number of asset objects unloaded after import = 0
========================================================================
Received Import Request.
  Time of request: 2026-09-19T15:00:40.3173802Z
  Time since last request: 0.0005819 seconds.
  importAddress: GUID: 4c0af467cff74af5b25255706dd5dc26 - Path: Packages/com.unity.collab-proxy/Editor/CodeEditor/Rendering/DocumentColorizingTransformer.cs - Importer: ScriptedImporter/UnityEditor.QuickSearchModule:UnityEditor.Search:ASIAI0B
Importing 'GUID: 4c0af467cff74af5b25255706dd5dc26 - Path: Packages/com.unity.collab-proxy/Editor/CodeEditor/Rendering/DocumentColorizingTransformer.cs - Importer: ScriptedImporter/UnityEditor.QuickSearchModule:UnityEditor.Search:ASIAI0B' with importer (ScriptedImporter : UnityEditor.QuickSearchModule:UnityEditor.Search:ASIAI0B)
Imported 'GUID: 4c0af467cff74af5b25255706dd5dc26' -> (Import Result ID: 'c8709e4fce59a464ab8db8b658a3dda1') in 0.004 seconds [static and dynamic dependencies]. Details - ImportResultOutputID=c4756651f17b1c17a3537f012046cd34 DependenciesID=4392536c3480b9e027228fa40ed5cbb2 StaticDependenciesID=85f967e7dd930dceebc183608cb79b9b 
Number of updated asset objects reloaded before import = 0
Number of asset objects unloaded after import = 0
========================================================================
Received Import Request.
  Time of request: 2026-09-19T15:00:40.3385917Z
  Time since last request: 0.0008152 seconds.
  importAddress: GUID: ab79da1819734438b1c811b17845aae6 - Path: Packages/com.unity.collab-proxy/Editor/CodeEditor/Rendering/TextLayer.cs - Importer: ScriptedImporter/UnityEditor.QuickSearchModule:UnityEditor.Search:ASIAI0B
Importing 'GUID: ab79da1819734438b1c811b17845aae6 - Path: Packages/com.unity.collab-proxy/Editor/CodeEditor/Rendering/TextLayer.cs - Importer: ScriptedImporter/UnityEditor.QuickSearchModule:UnityEditor.Search:ASIAI0B' with importer (ScriptedImporter : UnityEditor.QuickSearchModule:UnityEditor.Search:ASIAI0B)
Imported 'GUID: ab79da1819734438b1c811b17845aae6' -> (Import Result ID: '1f8077133179d08040825654e46ea0fe') in 0.003 seconds [static and dynamic dependencies]. Details - ImportResultOutputID=41176487158603e782fd2823cb42f0a9 DependenciesID=059da1bb4eb0ce237402d4b7bf3c7b3e StaticDependenciesID=eea7ba65d6a0a936e30bd0987b054365 
Number of updated asset objects reloaded before import = 0
Number of asset objects unloaded after import = 0
========================================================================
Received Import Request.
  Time of request: 2026-09-19T15:00:40.3579474Z
  Time since last request: 0.0006824 seconds.
  importAddress: GUID: a89fad8b7780442baad70e115cc848a1 - Path: Packages/com.unity.collab-proxy/Editor/CodeEditor/Rendering/ITextViewConnect.cs - Importer: ScriptedImporter/UnityEditor.QuickSearchModule:UnityEditor.Search:ASIAI0B
Importing 'GUID: a89fad8b7780442baad70e115cc848a1 - Path: Packages/com.unity.collab-proxy/Editor/CodeEditor/Rendering/ITextViewConnect.cs - Importer: ScriptedImporter/UnityEditor.QuickSearchModule:UnityEditor.Search:ASIAI0B' with importer (ScriptedImporter : UnityEditor.QuickSearchModule:UnityEditor.Search:ASIAI0B)
Imported 'GUID: a89fad8b7780442baad70e115cc848a1' -> (Import Result ID: 'e3809022a640b8487e5eea04788d5c04') in 0.004 seconds [static and dynamic dependencies]. Details - ImportResultOutputID=5c99c2d04f00a83cd832c43372248b79 DependenciesID=347fd68741fcbae836515959b7d3a6e3 StaticDependenciesID=ef952c3521060397f93113955b3c4d84 
Number of updated asset objects reloaded before import = 0
Number of asset objects unloaded after import = 0
========================================================================
Received Import Request.
  Time of request: 2026-09-19T15:00:40.3801091Z
  Time since last request: 0.0006367 seconds.
  importAddress: GUID: 51def9dc85f6426281d8d68f63b72425 - Path: Packages/com.unity.collab-proxy/Editor/CodeEditor/Rendering/ITextRunConstructionContext.cs - Importer: ScriptedImporter/UnityEditor.QuickSearchModule:UnityEditor.Search:ASIAI0B
Importing 'GUID: 51def9dc85f6426281d8d68f63b72425 - Path: Packages/com.unity.collab-proxy/Editor/CodeEditor/Rendering/ITextRunConstructionContext.cs - Importer: ScriptedImporter/UnityEditor.QuickSearchModule:UnityEditor.Search:ASIAI0B' with importer (ScriptedImporter : UnityEditor.QuickSearchModule:UnityEditor.Search:ASIAI0B)
Imported 'GUID: 51def9dc85f6426281d8d68f63b72425' -> (Import Result ID: '9da2462784195180cc15762ee2ec34a4') in 0.003 seconds [static and dynamic dependencies]. Details - ImportResultOutputID=4651018bb7b798da6c28419da3710872 DependenciesID=ef25a0114bac9c7ec1de074d4551b002 StaticDependenciesID=3617bcf73fea70062b4b7143cdfd2b43 
Number of updated asset objects reloaded before import = 0
Number of asset objects unloaded after import = 0
========================================================================
Received Import Request.
  Time of request: 2026-09-19T15:00:40.397171Z
  Time since last request: 0.0006396 seconds.
  importAddress: GUID: cb2fb351949604785bb11ffdb44f18b7 - Path: Packages/com.unity.collab-proxy/Editor/CodeEditor/Utils/CallbackOnDispose.cs - Importer: ScriptedImporter/UnityEditor.QuickSearchModule:UnityEditor.Search:ASIAI0B
Importing 'GUID: cb2fb351949604785bb11ffdb44f18b7 - Path: Packages/com.unity.collab-proxy/Editor/CodeEditor/Utils/CallbackOnDispose.cs - Importer: ScriptedImporter/UnityEditor.QuickSearchModule:UnityEditor.Search:ASIAI0B' with importer (ScriptedImporter : UnityEditor.QuickSearchModule:UnityEditor.Search:ASIAI0B)
Imported 'GUID: cb2fb351949604785bb11ffdb44f18b7' -> (Import Result ID: '7e978bd685944f7c5775fc27ca75d6c0') in 0.003 seconds [static and dynamic dependencies]. Details - ImportResultOutputID=862f3d768283e3baefe12da4c5d48dc1 DependenciesID=158a164ad127748bbb79dba3b1f3994a StaticDependenciesID=81cb0c3261685c77b0d47645f9e40a33 
Number of updated asset objects reloaded before import = 0
Number of asset objects unloaded after import = 0
========================================================================
Received Import Request.
  Time of request: 2026-09-19T15:00:40.4183342Z
  Time since last request: 0.0005442 seconds.
  importAddress: GUID: 8859344300b1c42c1a8d35405d42912a - Path: Packages/com.unity.collab-proxy/Editor/CodeEditor/Indentation/IIndentationStrategy.cs - Importer: ScriptedImporter/UnityEditor.QuickSearchModule:UnityEditor.Search:ASIAI0B
Importing 'GUID: 8859344300b1c42c1a8d35405d42912a - Path: Packages/com.unity.collab-proxy/Editor/CodeEditor/Indentation/IIndentationStrategy.cs - Importer: ScriptedImporter/UnityEditor.QuickSearchModule:UnityEditor.Search:ASIAI0B' with importer (ScriptedImporter : UnityEditor.QuickSearchModule:UnityEditor.Search:ASIAI0B)
Imported 'GUID: 8859344300b1c42c1a8d35405d42912a' -> (Import Result ID: '35775c6b0b90d8794a04cdb62230838f') in 0.003 seconds [static and dynamic dependencies]. Details - ImportResultOutputID=490eea24b3ae8b88d27449c06150518e DependenciesID=31f772ae2644931a584f074c7d2e6dcf StaticDependenciesID=628e210c1fead5b6406812e261faf4d9 
Number of updated asset objects reloaded before import = 0
Number of asset objects unloaded after import = 0
========================================================================
Received Import Request.
  Time of request: 2026-09-19T15:00:40.4386705Z
  Time since last request: 0.0005176 seconds.
  importAddress: GUID: 0038f75bdeed4f27a4ff0d1a241932b6 - Path: Packages/com.unity.collab-proxy/Editor/CodeEditor/Platform/PlatformHotkeyConfiguration.cs - Importer: ScriptedImporter/UnityEditor.QuickSearchModule:UnityEditor.Search:ASIAI0B
Importing 'GUID: 0038f75bdeed4f27a4ff0d1a241932b6 - Path: Packages/com.unity.collab-proxy/Editor/CodeEditor/Platform/PlatformHotkeyConfiguration.cs - Importer: ScriptedImporter/UnityEditor.QuickSearchModule:UnityEditor.Search:ASIAI0B' with importer (ScriptedImporter : UnityEditor.QuickSearchModule:UnityEditor.Search:ASIAI0B)
Imported 'GUID: 0038f75bdeed4f27a4ff0d1a241932b6' -> (Import Result ID: 'ff4e2c973bcdbec590cccad024a2f790') in 0.003 seconds [static and dynamic dependencies]. Details - ImportResultOutputID=29ef1155607e7eaaeaeb8e8364cd5c20 DependenciesID=1947df7c502b6ea9e6a3e15ecd6af392 StaticDependenciesID=96fab6ee031ad988d122daae4cfcebf2 
Number of updated asset objects reloaded before import = 0
Number of asset objects unloaded after import = 0
========================================================================
Received Import Request.
  Time of request: 2026-09-19T15:00:40.4576036Z
  Time since last request: 0.0004665 seconds.
  importAddress: GUID: fa79c7e1470e47549b088019b6adeb6b - Path: Packages/com.unity.collab-proxy/Editor/CodeEditor/Rendering/BackgroundGeometryBuilder.cs - Importer: ScriptedImporter/UnityEditor.QuickSearchModule:UnityEditor.Search:ASIAI0B
Importing 'GUID: fa79c7e1470e47549b088019b6adeb6b - Path: Packages/com.unity.collab-proxy/Editor/CodeEditor/Rendering/BackgroundGeometryBuilder.cs - Importer: ScriptedImporter/UnityEditor.QuickSearchModule:UnityEditor.Search:ASIAI0B' with importer (ScriptedImporter : UnityEditor.QuickSearchModule:UnityEditor.Search:ASIAI0B)
Imported 'GUID: fa79c7e1470e47549b088019b6adeb6b' -> (Import Result ID: '5930d5288830440c0d2699108937d93e') in 0.003 seconds [static and dynamic dependencies]. Details - ImportResultOutputID=992404bbd643f7fe939ed6584fbe0c6e DependenciesID=5f39fbad4a6d81ae257b78d2f44f8eb2 StaticDependenciesID=8fde3e1cd3177026e65294f44b058dfe 
Number of updated asset objects reloaded before import = 0
Number of asset objects unloaded after import = 0
========================================================================
Received Import Request.
  Time of request: 2026-09-19T15:00:40.4784391Z
  Time since last request: 0.0005021 seconds.
  importAddress: GUID: 19c0616fcade47d78aaa68d248a445e3 - Path: Packages/com.unity.collab-proxy/Editor/CodeEditor/Rendering/LinkElementGenerator.cs - Importer: ScriptedImporter/UnityEditor.QuickSearchModule:UnityEditor.Search:ASIAI0B
Importing 'GUID: 19c0616fcade47d78aaa68d248a445e3 - Path: Packages/com.unity.collab-proxy/Editor/CodeEditor/Rendering/LinkElementGenerator.cs - Importer: ScriptedImporter/UnityEditor.QuickSearchModule:UnityEditor.Search:ASIAI0B' with importer (ScriptedImporter : UnityEditor.QuickSearchModule:UnityEditor.Search:ASIAI0B)
Imported 'GUID: 19c0616fcade47d78aaa68d248a445e3' -> (Import Result ID: '3a95cf633ac889fde24b1141c37361ae') in 0.003 seconds [static and dynamic dependencies]. Details - ImportResultOutputID=39c80b683c208b2b6e42010fd96bbe37 DependenciesID=5e9ac0587a006d033a51710281d9b5ca StaticDependenciesID=48ce31c60ea8ee31cded516de587d7cf 
Number of updated asset objects reloaded before import = 0
Number of asset objects unloaded after import = 0
========================================================================
Received Import Request.
  Time of request: 2026-09-19T15:00:40.4981481Z
  Time since last request: 0.0005532 seconds.
  importAddress: GUID: 7fad7a28c6ed44abad1ce715e7c502bf - Path: Packages/com.unity.collab-proxy/Editor/CodeEditor/Platform/TextInputEventArgs.cs - Importer: ScriptedImporter/UnityEditor.QuickSearchModule:UnityEditor.Search:ASIAI0B
Importing 'GUID: 7fad7a28c6ed44abad1ce715e7c502bf - Path: Packages/com.unity.collab-proxy/Editor/CodeEditor/Platform/TextInputEventArgs.cs - Importer: ScriptedImporter/UnityEditor.QuickSearchModule:UnityEditor.Search:ASIAI0B' with importer (ScriptedImporter : UnityEditor.QuickSearchModule:UnityEditor.Search:ASIAI0B)
Imported 'GUID: 7fad7a28c6ed44abad1ce715e7c502bf' -> (Import Result ID: '23b3124cf283aae6ed9639db116c0c60') in 0.003 seconds [static and dynamic dependencies]. Details - ImportResultOutputID=109c9d49c0b55d7292616b248ab318f6 DependenciesID=56d19e5b0ddccb9a5452681bd49e1fbd StaticDependenciesID=c06c8242c5faf0a806b4dce6134cd10c 
Number of updated asset objects reloaded before import = 0
Number of asset objects unloaded after import = 0
========================================================================
Received Import Request.
  Time of request: 2026-09-19T15:00:40.5280778Z
  Time since last request: 0.0092021 seconds.
  importAddress: GUID: 1209501f8958c4fc8b7926e54a40fa89 - Path: Packages/com.unity.collab-proxy/Editor/Diff/Text/MessagePanel.cs - Importer: ScriptedImporter/UnityEditor.QuickSearchModule:UnityEditor.Search:ASIAI0B
Importing 'GUID: 1209501f8958c4fc8b7926e54a40fa89 - Path: Packages/com.unity.collab-proxy/Editor/Diff/Text/MessagePanel.cs - Importer: ScriptedImporter/UnityEditor.QuickSearchModule:UnityEditor.Search:ASIAI0B' with importer (ScriptedImporter : UnityEditor.QuickSearchModule:UnityEditor.Search:ASIAI0B)
Imported 'GUID: 1209501f8958c4fc8b7926e54a40fa89' -> (Import Result ID: '9619640e7a154995c9da2e24e6b2b107') in 0.003 seconds [static and dynamic dependencies]. Details - ImportResultOutputID=a70cafb63913bcbe34629cd016817a0c DependenciesID=9cf69cf7a32ba6f07615153a0166884d StaticDependenciesID=af3d3f292d9f170dc7ae4968c6809be7 
Number of updated asset objects reloaded before import = 0
Number of asset objects unloaded after import = 0
========================================================================
Received Import Request.
  Time of request: 2026-09-19T15:00:40.5497639Z
  Time since last request: 0.0006436 seconds.
  importAddress: GUID: d9adb3193c53f469395c117d58322986 - Path: Packages/com.unity.collab-proxy/Editor/Diff/Image/ImageDiffViewer.cs - Importer: ScriptedImporter/UnityEditor.QuickSearchModule:UnityEditor.Search:ASIAI0B
Importing 'GUID: d9adb3193c53f469395c117d58322986 - Path: Packages/com.unity.collab-proxy/Editor/Diff/Image/ImageDiffViewer.cs - Importer: ScriptedImporter/UnityEditor.QuickSearchModule:UnityEditor.Search:ASIAI0B' with importer (ScriptedImporter : UnityEditor.QuickSearchModule:UnityEditor.Search:ASIAI0B)
Imported 'GUID: d9adb3193c53f469395c117d58322986' -> (Import Result ID: 'd2391112d896f315b1af2943e676a942') in 0.003 seconds [static and dynamic dependencies]. Details - ImportResultOutputID=2a2e425819d04a6ab8f0cda65581632b DependenciesID=9065e94ee98056d333b2f9aae8c2c17e StaticDependenciesID=cd985adfa7358fe5b2a3942b67ae45b9 
Number of updated asset objects reloaded before import = 0
Number of asset objects unloaded after import = 0
========================================================================
Received Import Request.
  Time of request: 2026-09-19T15:00:40.5687573Z
  Time since last request: 0.0007998 seconds.
  importAddress: GUID: 2c80adc488044eddbad72e2e92f8bba2 - Path: Packages/com.unity.collab-proxy/Editor/Diff/Text/ContentControl.cs - Importer: ScriptedImporter/UnityEditor.QuickSearchModule:UnityEditor.Search:ASIAI0B
Importing 'GUID: 2c80adc488044eddbad72e2e92f8bba2 - Path: Packages/com.unity.collab-proxy/Editor/Diff/Text/ContentControl.cs - Importer: ScriptedImporter/UnityEditor.QuickSearchModule:UnityEditor.Search:ASIAI0B' with importer (ScriptedImporter : UnityEditor.QuickSearchModule:UnityEditor.Search:ASIAI0B)
Imported 'GUID: 2c80adc488044eddbad72e2e92f8bba2' -> (Import Result ID: 'c4efe98cee68ea3630470d7b582dd765') in 0.003 seconds [static and dynamic dependencies]. Details - ImportResultOutputID=30f8f5bf15d1faed6e1104c21d9076af DependenciesID=fdc7ec27f1a78561767729664665214d StaticDependenciesID=649c0145d73e0f5cfa89c6cdffd241e5 
Number of updated asset objects reloaded before import = 0
Number of asset objects unloaded after import = 0
========================================================================
Received Import Request.
  Time of request: 2026-09-19T15:00:40.5896631Z
  Time since last request: 0.0004494 seconds.
  importAddress: GUID: ff7e226153604720b3e883e52ec9a606 - Path: Packages/com.unity.collab-proxy/Editor/CodeEditor/Utils/ThrowUtils.cs - Importer: ScriptedImporter/UnityEditor.QuickSearchModule:UnityEditor.Search:ASIAI0B
Importing 'GUID: ff7e226153604720b3e883e52ec9a606 - Path: Packages/com.unity.collab-proxy/Editor/CodeEditor/Utils/ThrowUtils.cs - Importer: ScriptedImporter/UnityEditor.QuickSearchModule:UnityEditor.Search:ASIAI0B' with importer (ScriptedImporter : UnityEditor.QuickSearchModule:UnityEditor.Search:ASIAI0B)
Imported 'GUID: ff7e226153604720b3e883e52ec9a606' -> (Import Result ID: '5343b2cdc8274752ae91963113edb3be') in 0.003 seconds [static and dynamic dependencies]. Details - ImportResultOutputID=7577a114dbf203201aab9739e25b36af DependenciesID=7fde2f2b22cc9d8c0542017cfc03c123 StaticDependenciesID=7ba4bb0db772c7fc1e30a30221775b70 
Number of updated asset objects reloaded before import = 0
Number of asset objects unloaded after import = 0
========================================================================
Received Import Request.
  Time of request: 2026-09-19T15:00:40.6110217Z
  Time since last request: 0.0006511 seconds.
  importAddress: GUID: 3e6a332b6d9424412a0562bbf15ab9b3 - Path: Packages/com.unity.collab-proxy/Editor/Diff/SyntaxHighlight/UnitySyntaxLanguages.cs - Importer: ScriptedImporter/UnityEditor.QuickSearchModule:UnityEditor.Search:ASIAI0B
Importing 'GUID: 3e6a332b6d9424412a0562bbf15ab9b3 - Path: Packages/com.unity.collab-proxy/Editor/Diff/SyntaxHighlight/UnitySyntaxLanguages.cs - Importer: ScriptedImporter/UnityEditor.QuickSearchModule:UnityEditor.Search:ASIAI0B' with importer (ScriptedImporter : UnityEditor.QuickSearchModule:UnityEditor.Search:ASIAI0B)
Imported 'GUID: 3e6a332b6d9424412a0562bbf15ab9b3' -> (Import Result ID: '66dcc51d67575b898c040e0fbd407274') in 0.007 seconds [static and dynamic dependencies]. Details - ImportResultOutputID=6de42db505b24f84a0df4ffefc025529 DependenciesID=2cd32fae0e45d4d365e227c429cb3c90 StaticDependenciesID=b971423022819861f1cd9a932692e391 
Number of updated asset objects reloaded before import = 0
Number of asset objects unloaded after import = 0
========================================================================
Received Import Request.
  Time of request: 2026-09-19T15:00:40.6360939Z
  Time since last request: 0.0005338 seconds.
  importAddress: GUID: 02d69df45bb94c3c8a653cabb22c064b - Path: Packages/com.unity.collab-proxy/Editor/Diff/SyntaxHighlight/TextMateExtensions.cs - Importer: ScriptedImporter/UnityEditor.QuickSearchModule:UnityEditor.Search:ASIAI0B
Importing 'GUID: 02d69df45bb94c3c8a653cabb22c064b - Path: Packages/com.unity.collab-proxy/Editor/Diff/SyntaxHighlight/TextMateExtensions.cs - Importer: ScriptedImporter/UnityEditor.QuickSearchModule:UnityEditor.Search:ASIAI0B' with importer (ScriptedImporter : UnityEditor.QuickSearchModule:UnityEditor.Search:ASIAI0B)
Imported 'GUID: 02d69df45bb94c3c8a653cabb22c064b' -> (Import Result ID: 'f16b7ce04447f6963efc591da34e9b35') in 0.003 seconds [static and dynamic dependencies]. Details - ImportResultOutputID=c93f329369b2b7b4f5fb33f58eed8edc DependenciesID=ef339c642d0a0dca51fd5d64e3e27c10 StaticDependenciesID=dd2f616402c7bfdab8c752a48fc2bb9f 
Number of updated asset objects reloaded before import = 0
Number of asset objects unloaded after import = 0
========================================================================
Received Import Request.
  Time of request: 2026-09-19T15:00:40.6555389Z
  Time since last request: 0.0006082 seconds.
  importAddress: GUID: 961f5ec4f809445559864bb3ef81773c - Path: Packages/com.unity.collab-proxy/Editor/Diff/Text/EncodingDialog.cs - Importer: ScriptedImporter/UnityEditor.QuickSearchModule:UnityEditor.Search:ASIAI0B
Importing 'GUID: 961f5ec4f809445559864bb3ef81773c - Path: Packages/com.unity.collab-proxy/Editor/Diff/Text/EncodingDialog.cs - Importer: ScriptedImporter/UnityEditor.QuickSearchModule:UnityEditor.Search:ASIAI0B' with importer (ScriptedImporter : UnityEditor.QuickSearchModule:UnityEditor.Search:ASIAI0B)
Imported 'GUID: 961f5ec4f809445559864bb3ef81773c' -> (Import Result ID: '40f2a3d7fca0b9404777760aa153f689') in 0.003 seconds [static and dynamic dependencies]. Details - ImportResultOutputID=272d60c65757f1674f618de1699fc1d9 DependenciesID=d4deaaa4aca7e0538bef004ba1a1d493 StaticDependenciesID=87d27406b01067d2136a19c25b37b935 
Number of updated asset objects reloaded before import = 0
Number of asset objects unloaded after import = 0
========================================================================
Received Import Request.
  Time of request: 2026-09-19T15:00:40.6777016Z
  Time since last request: 0.0006637 seconds.
  importAddress: GUID: a52c35f662f24edfa2eb9af08478b6d6 - Path: Packages/com.unity.collab-proxy/Editor/CodeEditor/Utils/StringSegment.cs - Importer: ScriptedImporter/UnityEditor.QuickSearchModule:UnityEditor.Search:ASIAI0B
Importing 'GUID: a52c35f662f24edfa2eb9af08478b6d6 - Path: Packages/com.unity.collab-proxy/Editor/CodeEditor/Utils/StringSegment.cs - Importer: ScriptedImporter/UnityEditor.QuickSearchModule:UnityEditor.Search:ASIAI0B' with importer (ScriptedImporter : UnityEditor.QuickSearchModule:UnityEditor.Search:ASIAI0B)
Imported 'GUID: a52c35f662f24edfa2eb9af08478b6d6' -> (Import Result ID: '158e94997cd3c36c2c14c1bc55efdbc4') in 0.003 seconds [static and dynamic dependencies]. Details - ImportResultOutputID=2aba364542aa73c55ec2319561bc628f DependenciesID=7d971c7b3f6e535470cce1447149d429 StaticDependenciesID=9a73babc5a124b551bb620f317965b1c 
Number of updated asset objects reloaded before import = 0
Number of asset objects unloaded after import = 0
========================================================================
Received Import Request.
  Time of request: 2026-09-19T15:00:40.6961821Z
  Time since last request: 0.0005321 seconds.
  importAddress: GUID: 9f34ddd268be4f129abea2667eff4185 - Path: Packages/com.unity.collab-proxy/Editor/CodeEditor/Utils/ImmutableStack.cs - Importer: ScriptedImporter/UnityEditor.QuickSearchModule:UnityEditor.Search:ASIAI0B
Importing 'GUID: 9f34ddd268be4f129abea2667eff4185 - Path: Packages/com.unity.collab-proxy/Editor/CodeEditor/Utils/ImmutableStack.cs - Importer: ScriptedImporter/UnityEditor.QuickSearchModule:UnityEditor.Search:ASIAI0B' with importer (ScriptedImporter : UnityEditor.QuickSearchModule:UnityEditor.Search:ASIAI0B)
Imported 'GUID: 9f34ddd268be4f129abea2667eff4185' -> (Import Result ID: '0b417a3548fe275ef31f015495ef4dda') in 0.004 seconds [static and dynamic dependencies]. Details - ImportResultOutputID=efd8fe492848920f399e4ce25973ac41 DependenciesID=2c0a9bedc676187a84571788bfccd2b8 StaticDependenciesID=129e8c36ead8f3e81d5e7356b6adcf7d 
Number of updated asset objects reloaded before import = 0
Number of asset objects unloaded after import = 0
========================================================================
Received Import Request.
  Time of request: 2026-09-19T15:00:40.7171793Z
  Time since last request: 0.0005199 seconds.
  importAddress: GUID: d404d462a8e74ea1a55c9f4af8b1f625 - Path: Packages/com.unity.collab-proxy/Editor/Diff/Image/DrawTexture.cs - Importer: ScriptedImporter/UnityEditor.QuickSearchModule:UnityEditor.Search:ASIAI0B
Importing 'GUID: d404d462a8e74ea1a55c9f4af8b1f625 - Path: Packages/com.unity.collab-proxy/Editor/Diff/Image/DrawTexture.cs - Importer: ScriptedImporter/UnityEditor.QuickSearchModule:UnityEditor.Search:ASIAI0B' with importer (ScriptedImporter : UnityEditor.QuickSearchModule:UnityEditor.Search:ASIAI0B)
Imported 'GUID: d404d462a8e74ea1a55c9f4af8b1f625' -> (Import Result ID: 'b56e56dc706d6bac19a4c0b412587ba5') in 0.004 seconds [static and dynamic dependencies]. Details - ImportResultOutputID=275b265092b60da646a5693e8af8e817 DependenciesID=8a6cd086c337f619af7af56863772688 StaticDependenciesID=02b95cc5db3ca7c77542df80982d0a3d 
Number of updated asset objects reloaded before import = 0
Number of asset objects unloaded after import = 0
========================================================================
Received Import Request.
  Time of request: 2026-09-19T15:00:40.7359569Z
  Time since last request: 0.0006424 seconds.
  importAddress: GUID: 5e6dfa2ab096140bbbafe35a1c3ac799 - Path: Packages/com.unity.collab-proxy/Editor/Diff/Text/LeftActionBar.cs - Importer: ScriptedImporter/UnityEditor.QuickSearchModule:UnityEditor.Search:ASIAI0B
Importing 'GUID: 5e6dfa2ab096140bbbafe35a1c3ac799 - Path: Packages/com.unity.collab-proxy/Editor/Diff/Text/LeftActionBar.cs - Importer: ScriptedImporter/UnityEditor.QuickSearchModule:UnityEditor.Search:ASIAI0B' with importer (ScriptedImporter : UnityEditor.QuickSearchModule:UnityEditor.Search:ASIAI0B)
Imported 'GUID: 5e6dfa2ab096140bbbafe35a1c3ac799' -> (Import Result ID: 'adccdc853d7a55fc0e7e6e9a5c3b6d72') in 0.004 seconds [static and dynamic dependencies]. Details - ImportResultOutputID=905af3e752fa0c6d9aa89b10e42a935c DependenciesID=b9a382400ee79771e97d2e7db362154b StaticDependenciesID=3c47d1469dcbb8c3723cf20924590f7c 
Number of updated asset objects reloaded before import = 0
Number of asset objects unloaded after import = 0
========================================================================
Received Import Request.
  Time of request: 2026-09-19T15:00:40.7563908Z
  Time since last request: 0.000507 seconds.
  importAddress: GUID: 8e419520e9d6e49c8bae5052896fe460 - Path: Packages/com.unity.collab-proxy/Editor/CodeEditor/Utils/PropertyChangedWeakEventManager.cs - Importer: ScriptedImporter/UnityEditor.QuickSearchModule:UnityEditor.Search:ASIAI0B
Importing 'GUID: 8e419520e9d6e49c8bae5052896fe460 - Path: Packages/com.unity.collab-proxy/Editor/CodeEditor/Utils/PropertyChangedWeakEventManager.cs - Importer: ScriptedImporter/UnityEditor.QuickSearchModule:UnityEditor.Search:ASIAI0B' with importer (ScriptedImporter : UnityEditor.QuickSearchModule:UnityEditor.Search:ASIAI0B)
Imported 'GUID: 8e419520e9d6e49c8bae5052896fe460' -> (Import Result ID: 'efa44b2e077db7fdd910b70734557091') in 0.005 seconds [static and dynamic dependencies]. Details - ImportResultOutputID=cf7bd8565ba8aa08756c571184faefc8 DependenciesID=7c024bbb22394cefb6d2c1fd12931c65 StaticDependenciesID=26cf9b9c68eeacef48a3fe6946f9ca64 
Number of updated asset objects reloaded before import = 0
Number of asset objects unloaded after import = 0
========================================================================
Received Import Request.
  Time of request: 2026-09-19T15:00:40.7776457Z
  Time since last request: 0.0004607 seconds.
  importAddress: GUID: 5d04019d947ff4be294c29c0faebb79f - Path: Packages/com.unity.collab-proxy/Editor/CodeEditor/Utils/IServiceContainer.cs - Importer: ScriptedImporter/UnityEditor.QuickSearchModule:UnityEditor.Search:ASIAI0B
Importing 'GUID: 5d04019d947ff4be294c29c0faebb79f - Path: Packages/com.unity.collab-proxy/Editor/CodeEditor/Utils/IServiceContainer.cs - Importer: ScriptedImporter/UnityEditor.QuickSearchModule:UnityEditor.Search:ASIAI0B' with importer (ScriptedImporter : UnityEditor.QuickSearchModule:UnityEditor.Search:ASIAI0B)
Imported 'GUID: 5d04019d947ff4be294c29c0faebb79f' -> (Import Result ID: 'dd070641c296b6ee383dfc13bbfb579d') in 0.003 seconds [static and dynamic dependencies]. Details - ImportResultOutputID=5bf9c917c9f42393f4f74a534d4eac55 DependenciesID=3685c84d29100938cbc7dd38fc2775ea StaticDependenciesID=2002b00257b961cc754c3ee3bf7a2c3e 
Number of updated asset objects reloaded before import = 0
Number of asset objects unloaded after import = 0
========================================================================
Received Import Request.
  Time of request: 2026-09-19T15:00:40.7984699Z
  Time since last request: 0.000555 seconds.
  importAddress: GUID: 5657a4950f10e4c4ebafc41e8539ef61 - Path: Packages/com.unity.collab-proxy/Editor/CodeEditor/Utils/RopeTextReader.cs - Importer: ScriptedImporter/UnityEditor.QuickSearchModule:UnityEditor.Search:ASIAI0B
Importing 'GUID: 5657a4950f10e4c4ebafc41e8539ef61 - Path: Packages/com.unity.collab-proxy/Editor/CodeEditor/Utils/RopeTextReader.cs - Importer: ScriptedImporter/UnityEditor.QuickSearchModule:UnityEditor.Search:ASIAI0B' with importer (ScriptedImporter : UnityEditor.QuickSearchModule:UnityEditor.Search:ASIAI0B)
Imported 'GUID: 5657a4950f10e4c4ebafc41e8539ef61' -> (Import Result ID: 'a364327fe503c88808e600aeb7dd4b3a') in 0.003 seconds [static and dynamic dependencies]. Details - ImportResultOutputID=218f0273856039d96f18fbab1709f103 DependenciesID=d6768d893d4443d2bf44bf7c05ed9889 StaticDependenciesID=21bd00ff5a6ebe3b0a86e7a0dcef23f8 
Number of updated asset objects reloaded before import = 0
Number of asset objects unloaded after import = 0
========================================================================
Received Import Request.
  Time of request: 2026-09-19T15:00:40.8200891Z
  Time since last request: 0.0006064 seconds.
  importAddress: GUID: 261856ba11c4e42ca8dd5e49021d4bf8 - Path: Packages/com.unity.collab-proxy/Editor/Diff/Text/DiffBarActions.cs - Importer: ScriptedImporter/UnityEditor.QuickSearchModule:UnityEditor.Search:ASIAI0B
Importing 'GUID: 261856ba11c4e42ca8dd5e49021d4bf8 - Path: Packages/com.unity.collab-proxy/Editor/Diff/Text/DiffBarActions.cs - Importer: ScriptedImporter/UnityEditor.QuickSearchModule:UnityEditor.Search:ASIAI0B' with importer (ScriptedImporter : UnityEditor.QuickSearchModule:UnityEditor.Search:ASIAI0B)
Imported 'GUID: 261856ba11c4e42ca8dd5e49021d4bf8' -> (Import Result ID: 'c09ea73b72126e566fec27e6d092fc95') in 0.003 seconds [static and dynamic dependencies]. Details - ImportResultOutputID=3a885c21b5470449e7f534014847771d DependenciesID=198927079720cccbc0511a6cfc86d71e StaticDependenciesID=773d0e01b1d9f5e5faef8380bcada2ad 
Number of updated asset objects reloaded before import = 0
Number of asset objects unloaded after import = 0
========================================================================
Received Import Request.
  Time of request: 2026-09-19T15:00:40.8421162Z
  Time since last request: 0.0005038 seconds.
  importAddress: GUID: fdf371b229de34c7a8f364e3cb759548 - Path: Packages/com.unity.collab-proxy/Editor/CodeEditor/Utils/Deque.cs - Importer: ScriptedImporter/UnityEditor.QuickSearchModule:UnityEditor.Search:ASIAI0B
Importing 'GUID: fdf371b229de34c7a8f364e3cb759548 - Path: Packages/com.unity.collab-proxy/Editor/CodeEditor/Utils/Deque.cs - Importer: ScriptedImporter/UnityEditor.QuickSearchModule:UnityEditor.Search:ASIAI0B' with importer (ScriptedImporter : UnityEditor.QuickSearchModule:UnityEditor.Search:ASIAI0B)
Imported 'GUID: fdf371b229de34c7a8f364e3cb759548' -> (Import Result ID: '562474f11801f831d93035b533c3cf05') in 0.003 seconds [static and dynamic dependencies]. Details - ImportResultOutputID=9f1ea0b168fdb3297bd4bc0df29afc9a DependenciesID=d33a119f0ab43e686fb892ec173122dd StaticDependenciesID=1b1aa42ae314919c5ba6753c3b9e7d08 
Number of updated asset objects reloaded before import = 0
Number of asset objects unloaded after import = 0
========================================================================
Received Import Request.
  Time of request: 2026-09-19T15:00:40.8849443Z
  Time since last request: 0.0230219 seconds.
  importAddress: GUID: 317c87f583644be895fb6679dd000910 - Path: Packages/com.unity.collab-proxy/Editor/UI/UIElements/MouseEvents.cs - Importer: ScriptedImporter/UnityEditor.QuickSearchModule:UnityEditor.Search:ASIAI0B
Importing 'GUID: 317c87f583644be895fb6679dd000910 - Path: Packages/com.unity.collab-proxy/Editor/UI/UIElements/MouseEvents.cs - Importer: ScriptedImporter/UnityEditor.QuickSearchModule:UnityEditor.Search:ASIAI0B' with importer (ScriptedImporter : UnityEditor.QuickSearchModule:UnityEditor.Search:ASIAI0B)
Imported 'GUID: 317c87f583644be895fb6679dd000910' -> (Import Result ID: 'd81208a0b40756d113e2cb461817c84d') in 0.003 seconds [static and dynamic dependencies]. Details - ImportResultOutputID=f4f83b3ae7a629c46971e78af180675a DependenciesID=df0a7e23e80174cf516a5b264d78c571 StaticDependenciesID=5067ae4495dc82cfd5288cf787afe737 
Number of updated asset objects reloaded before import = 0
Number of asset objects unloaded after import = 0
========================================================================
Received Import Request.
  Time of request: 2026-09-19T15:00:40.903617Z
  Time since last request: 0.0007514 seconds.
  importAddress: GUID: 38b05cc5af29cf844a31910eb512e92f - Path: Packages/com.unity.collab-proxy/Editor/UI/Tree/TreeHeaderSettings.cs - Importer: ScriptedImporter/UnityEditor.QuickSearchModule:UnityEditor.Search:ASIAI0B
Importing 'GUID: 38b05cc5af29cf844a31910eb512e92f - Path: Packages/com.unity.collab-proxy/Editor/UI/Tree/TreeHeaderSettings.cs - Importer: ScriptedImporter/UnityEditor.QuickSearchModule:UnityEditor.Search:ASIAI0B' with importer (ScriptedImporter : UnityEditor.QuickSearchModule:UnityEditor.Search:ASIAI0B)
Imported 'GUID: 38b05cc5af29cf844a31910eb512e92f' -> (Import Result ID: '582a0ec21d0d1c67bb23d20acd0af229') in 0.003 seconds [static and dynamic dependencies]. Details - ImportResultOutputID=f953f5e8c0f8da16dd34208d6cbb4a7a DependenciesID=b2046984e8f3f0c187bfcb23efa90e37 StaticDependenciesID=04506ea0166229f6250ba63e72943890 
Number of updated asset objects reloaded before import = 0
Number of asset objects unloaded after import = 0
========================================================================
Received Import Request.
  Time of request: 2026-09-19T15:00:40.9245243Z
  Time since last request: 0.0006513 seconds.
  importAddress: GUID: bb55fd5649fba44a284dbf27fa9b9c35 - Path: Packages/com.unity.collab-proxy/Editor/Diff/Text/OptionsContextMenuButton.cs - Importer: ScriptedImporter/UnityEditor.QuickSearchModule:UnityEditor.Search:ASIAI0B
Importing 'GUID: bb55fd5649fba44a284dbf27fa9b9c35 - Path: Packages/com.unity.collab-proxy/Editor/Diff/Text/OptionsContextMenuButton.cs - Importer: ScriptedImporter/UnityEditor.QuickSearchModule:UnityEditor.Search:ASIAI0B' with importer (ScriptedImporter : UnityEditor.QuickSearchModule:UnityEditor.Search:ASIAI0B)
Imported 'GUID: bb55fd5649fba44a284dbf27fa9b9c35' -> (Import Result ID: 'efdfe5bb67c66c5a5f00f0ad29116577') in 0.003 seconds [static and dynamic dependencies]. Details - ImportResultOutputID=b2c52adfb5434291e61a2eb6a74c7dbe DependenciesID=15df9be1c141c83b1ff125fbc4a68f1d StaticDependenciesID=ce0adfe7bda1fc080ae3fe09d97c2ae3 
Number of updated asset objects reloaded before import = 0
Number of asset objects unloaded after import = 0
========================================================================
Received Import Request.
  Time of request: 2026-09-19T15:00:40.9450579Z
  Time since last request: 0.0004798 seconds.
  importAddress: GUID: aa1cd36edf652db46b5fa11c2ed355b9 - Path: Packages/com.unity.collab-proxy/Editor/UI/Progress/DrawProgressForOperations.cs - Importer: ScriptedImporter/UnityEditor.QuickSearchModule:UnityEditor.Search:ASIAI0B
Importing 'GUID: aa1cd36edf652db46b5fa11c2ed355b9 - Path: Packages/com.unity.collab-proxy/Editor/UI/Progress/DrawProgressForOperations.cs - Importer: ScriptedImporter/UnityEditor.QuickSearchModule:UnityEditor.Search:ASIAI0B' with importer (ScriptedImporter : UnityEditor.QuickSearchModule:UnityEditor.Search:ASIAI0B)
Imported 'GUID: aa1cd36edf652db46b5fa11c2ed355b9' -> (Import Result ID: 'b1db119cf6bdbc675b9d6898e69a0481') in 0.003 seconds [static and dynamic dependencies]. Details - ImportResultOutputID=fd267e9767cbe37e2a9158a59577a27a DependenciesID=923456b40017e8e3c7cf152694675197 StaticDependenciesID=fd15e49f9c1fae7f7ac2efd9bbbfb1c5 
Number of updated asset objects reloaded before import = 0
Number of asset objects unloaded after import = 0
========================================================================
Received Import Request.
  Time of request: 2026-09-19T15:00:40.9640791Z
  Time since last request: 0.0004837 seconds.
  importAddress: GUID: 2d525c6ef37834b1983617208d2b60ae - Path: Packages/com.unity.collab-proxy/Editor/UI/UIElements/MultiSelectDropdown.cs - Importer: ScriptedImporter/UnityEditor.QuickSearchModule:UnityEditor.Search:ASIAI0B
Importing 'GUID: 2d525c6ef37834b1983617208d2b60ae - Path: Packages/com.unity.collab-proxy/Editor/UI/UIElements/MultiSelectDropdown.cs - Importer: ScriptedImporter/UnityEditor.QuickSearchModule:UnityEditor.Search:ASIAI0B' with importer (ScriptedImporter : UnityEditor.QuickSearchModule:UnityEditor.Search:ASIAI0B)
Imported 'GUID: 2d525c6ef37834b1983617208d2b60ae' -> (Import Result ID: '782af9fd1bbff18714ee699d815f98b4') in 0.003 seconds [static and dynamic dependencies]. Details - ImportResultOutputID=1038a6e1fbb797608966732059aabb68 DependenciesID=66a879186dee074d06fcf272f6a3f4e0 StaticDependenciesID=4fc14d36ff5ea05693d6b17c66302d68 
Number of updated asset objects reloaded before import = 0
Number of asset objects unloaded after import = 0
========================================================================
Received Import Request.
  Time of request: 2026-09-19T15:00:40.9843988Z
  Time since last request: 0.0008618 seconds.
  importAddress: GUID: 5c32dc56ff6d08947a329b5c4789c728 - Path: Packages/com.unity.collab-proxy/Editor/UI/Progress/DrawProgressForDialogs.cs - Importer: ScriptedImporter/UnityEditor.QuickSearchModule:UnityEditor.Search:ASIAI0B
Importing 'GUID: 5c32dc56ff6d08947a329b5c4789c728 - Path: Packages/com.unity.collab-proxy/Editor/UI/Progress/DrawProgressForDialogs.cs - Importer: ScriptedImporter/UnityEditor.QuickSearchModule:UnityEditor.Search:ASIAI0B' with importer (ScriptedImporter : UnityEditor.QuickSearchModule:UnityEditor.Search:ASIAI0B)
Imported 'GUID: 5c32dc56ff6d08947a329b5c4789c728' -> (Import Result ID: '5eaa4673940cac6be0c5c4b6510818ff') in 0.002 seconds [static and dynamic dependencies]. Details - ImportResultOutputID=0e44556df6752ebe712fbda9e9a835b9 DependenciesID=6ebb1d9dc0b8c5f4a8153d07ff97a74d StaticDependenciesID=df5dec7f19e7f515471a512e5f733b45 
Number of updated asset objects reloaded before import = 0
Number of asset objects unloaded after import = 0
========================================================================
Received Import Request.
  Time of request: 2026-09-19T15:00:41.0040775Z
  Time since last request: 0.0006563 seconds.
  importAddress: GUID: 8497dad3a6163fe40a30ca297edd7b2d - Path: Packages/com.unity.collab-proxy/Editor/UI/Tree/ListViewItemIds.cs - Importer: ScriptedImporter/UnityEditor.QuickSearchModule:UnityEditor.Search:ASIAI0B
Importing 'GUID: 8497dad3a6163fe40a30ca297edd7b2d - Path: Packages/com.unity.collab-proxy/Editor/UI/Tree/ListViewItemIds.cs - Importer: ScriptedImporter/UnityEditor.QuickSearchModule:UnityEditor.Search:ASIAI0B' with importer (ScriptedImporter : UnityEditor.QuickSearchModule:UnityEditor.Search:ASIAI0B)
Imported 'GUID: 8497dad3a6163fe40a30ca297edd7b2d' -> (Import Result ID: '2e94030f5920285e8e9cd6fdd75ecf5a') in 0.003 seconds [static and dynamic dependencies]. Details - ImportResultOutputID=ff69a05556be7c4867558127f1d390b9 DependenciesID=efee1ed9ddbaeecafcf0508f7e1ea20d StaticDependenciesID=09bdadee1cc14edaba985999cb31bb18 
Number of updated asset objects reloaded before import = 0
Number of asset objects unloaded after import = 0
========================================================================
Received Import Request.
  Time of request: 2026-09-19T15:00:41.0240341Z
  Time since last request: 0.0010463 seconds.
  importAddress: GUID: f213e847b2dfa264ea3243bef42fbef0 - Path: Packages/com.unity.collab-proxy/Editor/UI/UIElements/ProgressControlsForDialogs.cs - Importer: ScriptedImporter/UnityEditor.QuickSearchModule:UnityEditor.Search:ASIAI0B
Importing 'GUID: f213e847b2dfa264ea3243bef42fbef0 - Path: Packages/com.unity.collab-proxy/Editor/UI/UIElements/ProgressControlsForDialogs.cs - Importer: ScriptedImporter/UnityEditor.QuickSearchModule:UnityEditor.Search:ASIAI0B' with importer (ScriptedImporter : UnityEditor.QuickSearchModule:UnityEditor.Search:ASIAI0B)
Imported 'GUID: f213e847b2dfa264ea3243bef42fbef0' -> (Import Result ID: '17e080648002bb3856765a7d8bbe3f0d') in 0.003 seconds [static and dynamic dependencies]. Details - ImportResultOutputID=6f206fac6db1e6a5bdf9bf76f63f204a DependenciesID=741ef6caa5ad2cb957182245ba38c16d StaticDependenciesID=fa1d02414d530ddb9013c90b742bfe86 
Number of updated asset objects reloaded before import = 0
Number of asset objects unloaded after import = 0
========================================================================
Received Import Request.
  Time of request: 2026-09-19T15:00:41.0447466Z
  Time since last request: 0.0007636 seconds.
  importAddress: GUID: 0188683ab76112f4897348feb19a3b77 - Path: Packages/com.unity.collab-proxy/Editor/Gluon/UpdateReport/ErrorListViewItem.cs - Importer: ScriptedImporter/UnityEditor.QuickSearchModule:UnityEditor.Search:ASIAI0B
Importing 'GUID: 0188683ab76112f4897348feb19a3b77 - Path: Packages/com.unity.collab-proxy/Editor/Gluon/UpdateReport/ErrorListViewItem.cs - Importer: ScriptedImporter/UnityEditor.QuickSearchModule:UnityEditor.Search:ASIAI0B' with importer (ScriptedImporter : UnityEditor.QuickSearchModule:UnityEditor.Search:ASIAI0B)
Imported 'GUID: 0188683ab76112f4897348feb19a3b77' -> (Import Result ID: '40dad19dfcc9ef85c606d384ff268be9') in 0.003 seconds [static and dynamic dependencies]. Details - ImportResultOutputID=0a3ada92504665ca4cb0d723a36d74b1 DependenciesID=b60f324d39ca5df2277327ce0adea15e StaticDependenciesID=4bb2b6e2ed138bcdc98a5e2b05af3ce1 
Number of updated asset objects reloaded before import = 0
Number of asset objects unloaded after import = 0
========================================================================
Received Import Request.
  Time of request: 2026-09-19T15:00:41.0655412Z
  Time since last request: 0.0004985 seconds.
  importAddress: GUID: de7c5b4b6cb58e546b24137064ac9025 - Path: Packages/com.unity.collab-proxy/Editor/Hub/Operations/CreateWorkspace.cs - Importer: ScriptedImporter/UnityEditor.QuickSearchModule:UnityEditor.Search:ASIAI0B
Importing 'GUID: de7c5b4b6cb58e546b24137064ac9025 - Path: Packages/com.unity.collab-proxy/Editor/Hub/Operations/CreateWorkspace.cs - Importer: ScriptedImporter/UnityEditor.QuickSearchModule:UnityEditor.Search:ASIAI0B' with importer (ScriptedImporter : UnityEditor.QuickSearchModule:UnityEditor.Search:ASIAI0B)
Imported 'GUID: de7c5b4b6cb58e546b24137064ac9025' -> (Import Result ID: 'e24649a1d97297f91eabdc98c5c6e4c5') in 0.003 seconds [static and dynamic dependencies]. Details - ImportResultOutputID=d31095085f1609595d3c3a8e86bc29f8 DependenciesID=60562866d9dab6f5fbe88e2d6976416e StaticDependenciesID=38b6297d90587ca2b4696a002f9850e2 
Number of updated asset objects reloaded before import = 0
Number of asset objects unloaded after import = 0
========================================================================
Received Import Request.
  Time of request: 2026-09-19T15:00:41.0869193Z
  Time since last request: 0.0003724 seconds.
  importAddress: GUID: 0e750291f98133747b5ebea5ce056f81 - Path: Packages/com.unity.collab-proxy/Editor/UI/UndoRedo/UndoRedoState.cs - Importer: ScriptedImporter/UnityEditor.QuickSearchModule:UnityEditor.Search:ASIAI0B
Importing 'GUID: 0e750291f98133747b5ebea5ce056f81 - Path: Packages/com.unity.collab-proxy/Editor/UI/UndoRedo/UndoRedoState.cs - Importer: ScriptedImporter/UnityEditor.QuickSearchModule:UnityEditor.Search:ASIAI0B' with importer (ScriptedImporter : UnityEditor.QuickSearchModule:UnityEditor.Search:ASIAI0B)
Imported 'GUID: 0e750291f98133747b5ebea5ce056f81' -> (Import Result ID: 'f73f592075e2e725b8f456251b046079') in 0.003 seconds [static and dynamic dependencies]. Details - ImportResultOutputID=c1c52026d7e06802dd62cb3ec6df2041 DependenciesID=48b9d2b3cff90a19ed973c76d8e5940e StaticDependenciesID=129be8c20bc36cec16bc4111164af42c 
Number of updated asset objects reloaded before import = 0
Number of asset objects unloaded after import = 0
========================================================================
Received Import Request.
  Time of request: 2026-09-19T15:00:41.10404Z
  Time since last request: 0.0004961 seconds.
  importAddress: GUID: 1234b834dc1882e4d8e25b2f6cd9d6d6 - Path: Packages/com.unity.collab-proxy/Editor/UI/Tree/TreeViewSessionState.cs - Importer: ScriptedImporter/UnityEditor.QuickSearchModule:UnityEditor.Search:ASIAI0B
Importing 'GUID: 1234b834dc1882e4d8e25b2f6cd9d6d6 - Path: Packages/com.unity.collab-proxy/Editor/UI/Tree/TreeViewSessionState.cs - Importer: ScriptedImporter/UnityEditor.QuickSearchModule:UnityEditor.Search:ASIAI0B' with importer (ScriptedImporter : UnityEditor.QuickSearchModule:UnityEditor.Search:ASIAI0B)
Imported 'GUID: 1234b834dc1882e4d8e25b2f6cd9d6d6' -> (Import Result ID: 'b3119cf4b77617bfb288754bbe5a1467') in 0.002 seconds [static and dynamic dependencies]. Details - ImportResultOutputID=1b1322b5dd00d7731794c7ed477067ce DependenciesID=322449f31b19c6d3ecf0cc843f194649 StaticDependenciesID=eaf0854d896842ac8887cf6d7b0a828a 
Number of updated asset objects reloaded before import = 0
Number of asset objects unloaded after import = 0
========================================================================
Received Import Request.
  Time of request: 2026-09-19T15:00:41.1244554Z
  Time since last request: 0.0005284 seconds.
  importAddress: GUID: 014287a1a6b67dd4e867168699dfdc2a - Path: Packages/com.unity.collab-proxy/Editor/UI/Tree/TableViewOperations.cs - Importer: ScriptedImporter/UnityEditor.QuickSearchModule:UnityEditor.Search:ASIAI0B
Importing 'GUID: 014287a1a6b67dd4e867168699dfdc2a - Path: Packages/com.unity.collab-proxy/Editor/UI/Tree/TableViewOperations.cs - Importer: ScriptedImporter/UnityEditor.QuickSearchModule:UnityEditor.Search:ASIAI0B' with importer (ScriptedImporter : UnityEditor.QuickSearchModule:UnityEditor.Search:ASIAI0B)
Imported 'GUID: 014287a1a6b67dd4e867168699dfdc2a' -> (Import Result ID: '87c4ec996880615c92897692aedbd0f8') in 0.004 seconds [static and dynamic dependencies]. Details - ImportResultOutputID=3b692821dfd9d72fcc03cda6b6bfe157 DependenciesID=b03d914013197bd3ae930e380c0e8f1a StaticDependenciesID=7ec55598b26a01dc94be857c15025b43 
Number of updated asset objects reloaded before import = 0
Number of asset objects unloaded after import = 0
========================================================================
Received Import Request.
  Time of request: 2026-09-19T15:00:41.1464992Z
  Time since last request: 0.0009361 seconds.
  importAddress: GUID: 9b579e5ed78cb4f14822dee617e41b77 - Path: Packages/com.unity.collab-proxy/Editor/Diff/Text/NavigationPanel.cs - Importer: ScriptedImporter/UnityEditor.QuickSearchModule:UnityEditor.Search:ASIAI0B
Importing 'GUID: 9b579e5ed78cb4f14822dee617e41b77 - Path: Packages/com.unity.collab-proxy/Editor/Diff/Text/NavigationPanel.cs - Importer: ScriptedImporter/UnityEditor.QuickSearchModule:UnityEditor.Search:ASIAI0B' with importer (ScriptedImporter : UnityEditor.QuickSearchModule:UnityEditor.Search:ASIAI0B)
Imported 'GUID: 9b579e5ed78cb4f14822dee617e41b77' -> (Import Result ID: '3095fe699d51b9ad38b729915e0437a7') in 0.003 seconds [static and dynamic dependencies]. Details - ImportResultOutputID=54ba252517341d9ddb5ac11bd7f9b11b DependenciesID=153f2b8cb757ce7e3391178e7649855c StaticDependenciesID=c9cc8468b19751a2a4b854307a1bc7e1 
Number of updated asset objects reloaded before import = 0
Number of asset objects unloaded after import = 0
========================================================================
Received Import Request.
  Time of request: 2026-09-19T15:00:41.1671347Z
  Time since last request: 0.0015283 seconds.
  importAddress: GUID: 962c713f307637f459a3eb76c8aba5f0 - Path: Packages/com.unity.collab-proxy/Editor/UI/UndoRedo/UndoRedoHelper.cs - Importer: ScriptedImporter/UnityEditor.QuickSearchModule:UnityEditor.Search:ASIAI0B
Importing 'GUID: 962c713f307637f459a3eb76c8aba5f0 - Path: Packages/com.unity.collab-proxy/Editor/UI/UndoRedo/UndoRedoHelper.cs - Importer: ScriptedImporter/UnityEditor.QuickSearchModule:UnityEditor.Search:ASIAI0B' with importer (ScriptedImporter : UnityEditor.QuickSearchModule:UnityEditor.Search:ASIAI0B)
Imported 'GUID: 962c713f307637f459a3eb76c8aba5f0' -> (Import Result ID: 'd8a60a85a435cac8e281f89af912181b') in 0.004 seconds [static and dynamic dependencies]. Details - ImportResultOutputID=64aa4f2982d156495efb1ca7c15d8bb5 DependenciesID=9077da10502f56e3d798ea689371f495 StaticDependenciesID=ee3e8692001607869fd89d3580c999f1 
Number of updated asset objects reloaded before import = 0
Number of asset objects unloaded after import = 0
========================================================================
Received Import Request.
  Time of request: 2026-09-19T15:00:41.1883033Z
  Time since last request: 0.0005948 seconds.
  importAddress: GUID: 221936683b9aa4e2bae0eaaf866ee7f4 - Path: Packages/com.unity.collab-proxy/Editor/Diff/Text/SaveChangesPanel.cs - Importer: ScriptedImporter/UnityEditor.QuickSearchModule:UnityEditor.Search:ASIAI0B
Importing 'GUID: 221936683b9aa4e2bae0eaaf866ee7f4 - Path: Packages/com.unity.collab-proxy/Editor/Diff/Text/SaveChangesPanel.cs - Importer: ScriptedImporter/UnityEditor.QuickSearchModule:UnityEditor.Search:ASIAI0B' with importer (ScriptedImporter : UnityEditor.QuickSearchModule:UnityEditor.Search:ASIAI0B)
Imported 'GUID: 221936683b9aa4e2bae0eaaf866ee7f4' -> (Import Result ID: '4a9e84a7d4e78f8d6775588832b03e4d') in 0.003 seconds [static and dynamic dependencies]. Details - ImportResultOutputID=9f62995488ad881f5727b8b53bdbb87e DependenciesID=9fba7df7e339fa7a07980df3e05ed022 StaticDependenciesID=d6c4866e8bc7fd93dc9b2f197d6808fe 
Number of updated asset objects reloaded before import = 0
Number of asset objects unloaded after import = 0
========================================================================
Received Import Request.
  Time of request: 2026-09-19T15:00:41.2266233Z
  Time since last request: 0.0197617 seconds.
  importAddress: GUID: 9e592d81aca24e489c0bac69b894dd31 - Path: Packages/com.unity.collab-proxy/Editor/Views/Branch/SerializableBranchesTabState.cs - Importer: ScriptedImporter/UnityEditor.QuickSearchModule:UnityEditor.Search:ASIAI0B
Importing 'GUID: 9e592d81aca24e489c0bac69b894dd31 - Path: Packages/com.unity.collab-proxy/Editor/Views/Branch/SerializableBranchesTabState.cs - Importer: ScriptedImporter/UnityEditor.QuickSearchModule:UnityEditor.Search:ASIAI0B' with importer (ScriptedImporter : UnityEditor.QuickSearchModule:UnityEditor.Search:ASIAI0B)
Imported 'GUID: 9e592d81aca24e489c0bac69b894dd31' -> (Import Result ID: '32dd4c9941e27e2aef14adfdf6351e63') in 0.003 seconds [static and dynamic dependencies]. Details - ImportResultOutputID=5c3e830334558a8314f1f9fc3230dc1e DependenciesID=c8dc17a753411750e8eea81e8360e63c StaticDependenciesID=d014dc6201b2e430fbe77b04828d7de5 
Number of updated asset objects reloaded before import = 0
Number of asset objects unloaded after import = 0
========================================================================
Received Import Request.
  Time of request: 2026-09-19T15:00:41.246664Z
  Time since last request: 0.0006846 seconds.
  importAddress: GUID: e42e390569d09c044ab8d2b69d4215ad - Path: Packages/com.unity.collab-proxy/Editor/Views/Changesets/SerializableChangesetsTabState.cs - Importer: ScriptedImporter/UnityEditor.QuickSearchModule:UnityEditor.Search:ASIAI0B
Importing 'GUID: e42e390569d09c044ab8d2b69d4215ad - Path: Packages/com.unity.collab-proxy/Editor/Views/Changesets/SerializableChangesetsTabState.cs - Importer: ScriptedImporter/UnityEditor.QuickSearchModule:UnityEditor.Search:ASIAI0B' with importer (ScriptedImporter : UnityEditor.QuickSearchModule:UnityEditor.Search:ASIAI0B)
Imported 'GUID: e42e390569d09c044ab8d2b69d4215ad' -> (Import Result ID: '7eea3eca9cec94622abb2e411e268eee') in 0.002 seconds [static and dynamic dependencies]. Details - ImportResultOutputID=cd1db58d15fa9ca8a8b441340e17e5c8 DependenciesID=72ad916c9f9bdc828ce1a079423eef4b StaticDependenciesID=7cffc98d872e21c1f8dfd90bcd4a00ba 
Number of updated asset objects reloaded before import = 0
Number of asset objects unloaded after import = 0
========================================================================
Received Import Request.
  Time of request: 2026-09-19T15:00:41.2844759Z
  Time since last request: 0.0082303 seconds.
  importAddress: GUID: 1b909cb14b9a08c45b5d03f0b61feecb - Path: Packages/com.unity.collab-proxy/Editor/Views/Branch/BranchesListView.cs - Importer: ScriptedImporter/UnityEditor.QuickSearchModule:UnityEditor.Search:ASIAI0B
Importing 'GUID: 1b909cb14b9a08c45b5d03f0b61feecb - Path: Packages/com.unity.collab-proxy/Editor/Views/Branch/BranchesListView.cs - Importer: ScriptedImporter/UnityEditor.QuickSearchModule:UnityEditor.Search:ASIAI0B' with importer (ScriptedImporter : UnityEditor.QuickSearchModule:UnityEditor.Search:ASIAI0B)
Imported 'GUID: 1b909cb14b9a08c45b5d03f0b61feecb' -> (Import Result ID: '3f77c9a28055ce34b4afa2d44c748a8b') in 0.003 seconds [static and dynamic dependencies]. Details - ImportResultOutputID=6e1cbe5da19ee3df2694c23b70f3fa6b DependenciesID=9ca4c1c77576879f6258ff9bc2c3a0bd StaticDependenciesID=21e8c54778d6b79d6d173a918f9ea112 
Number of updated asset objects reloaded before import = 0
Number of asset objects unloaded after import = 0
========================================================================
Received Import Request.
  Time of request: 2026-09-19T15:00:41.3249356Z
  Time since last request: 0.0005671 seconds.
  importAddress: GUID: 6000865ce7fbfc643abdd3d085b4422e - Path: Packages/com.unity.collab-proxy/Editor/Views/Changesets/ChangesetListViewItem.cs - Importer: ScriptedImporter/UnityEditor.QuickSearchModule:UnityEditor.Search:ASIAI0B
Importing 'GUID: 6000865ce7fbfc643abdd3d085b4422e - Path: Packages/com.unity.collab-proxy/Editor/Views/Changesets/ChangesetListViewItem.cs - Importer: ScriptedImporter/UnityEditor.QuickSearchModule:UnityEditor.Search:ASIAI0B' with importer (ScriptedImporter : UnityEditor.QuickSearchModule:UnityEditor.Search:ASIAI0B)
Imported 'GUID: 6000865ce7fbfc643abdd3d085b4422e' -> (Import Result ID: 'db410b21bae81361580684e4d4999a07') in 0.003 seconds [static and dynamic dependencies]. Details - ImportResultOutputID=9aca2db543ecce4edeb342bfb22a6261 DependenciesID=d2d28134c36019cc4fb365ae4b4b6aa3 StaticDependenciesID=2bc9b75f6afb5c164355685e7267344b 
Number of updated asset objects reloaded before import = 0
Number of asset objects unloaded after import = 0
========================================================================
Received Import Request.
  Time of request: 2026-09-19T15:00:41.3468105Z
  Time since last request: 0.0008334 seconds.
  importAddress: GUID: c3cec769cd6ff2849aa09c811b62e611 - Path: Packages/com.unity.collab-proxy/Editor/Views/History/HistoryListViewMenu.cs - Importer: ScriptedImporter/UnityEditor.QuickSearchModule:UnityEditor.Search:ASIAI0B
Importing 'GUID: c3cec769cd6ff2849aa09c811b62e611 - Path: Packages/com.unity.collab-proxy/Editor/Views/History/HistoryListViewMenu.cs - Importer: ScriptedImporter/UnityEditor.QuickSearchModule:UnityEditor.Search:ASIAI0B' with importer (ScriptedImporter : UnityEditor.QuickSearchModule:UnityEditor.Search:ASIAI0B)
Imported 'GUID: c3cec769cd6ff2849aa09c811b62e611' -> (Import Result ID: 'adf88e695ee9db4ed5141f64666c8924') in 0.003 seconds [static and dynamic dependencies]. Details - ImportResultOutputID=561ea5b7017bf73087207759822009af DependenciesID=48c4496999252aa6ea3d1f804f405e92 StaticDependenciesID=4f3bd8b928a439ac51e006278248a791 
Number of updated asset objects reloaded before import = 0
Number of asset objects unloaded after import = 0
========================================================================
Received Import Request.
  Time of request: 2026-09-19T15:00:41.3707314Z
  Time since last request: 0.0005228 seconds.
  importAddress: GUID: 732707d2b1ec963458b4ab9ffe539cbe - Path: Packages/com.unity.collab-proxy/Editor/Views/Branch/BranchesTab_Operations.cs - Importer: ScriptedImporter/UnityEditor.QuickSearchModule:UnityEditor.Search:ASIAI0B
Importing 'GUID: 732707d2b1ec963458b4ab9ffe539cbe - Path: Packages/com.unity.collab-proxy/Editor/Views/Branch/BranchesTab_Operations.cs - Importer: ScriptedImporter/UnityEditor.QuickSearchModule:UnityEditor.Search:ASIAI0B' with importer (ScriptedImporter : UnityEditor.QuickSearchModule:UnityEditor.Search:ASIAI0B)
Imported 'GUID: 732707d2b1ec963458b4ab9ffe539cbe' -> (Import Result ID: '63e045ddcd8bccfc5c3c51ff35032138') in 0.003 seconds [static and dynamic dependencies]. Details - ImportResultOutputID=e77b4cc90fad18af86d39d2090aa8b2b DependenciesID=bf6eaedba5e956e1a50245e3bc687345 StaticDependenciesID=dad707ba0be5ca0b1f9e9e7506032e5b 
Number of updated asset objects reloaded before import = 0
Number of asset objects unloaded after import = 0
========================================================================
Received Import Request.
  Time of request: 2026-09-19T15:00:41.3911814Z
  Time since last request: 0.0004466 seconds.
  importAddress: GUID: 42dc3be94f914d4c886ba488248b16b2 - Path: Packages/com.unity.collab-proxy/Editor/Views/BranchExplorer/EmptyStateView.cs - Importer: ScriptedImporter/UnityEditor.QuickSearchModule:UnityEditor.Search:ASIAI0B
Importing 'GUID: 42dc3be94f914d4c886ba488248b16b2 - Path: Packages/com.unity.collab-proxy/Editor/Views/BranchExplorer/EmptyStateView.cs - Importer: ScriptedImporter/UnityEditor.QuickSearchModule:UnityEditor.Search:ASIAI0B' with importer (ScriptedImporter : UnityEditor.QuickSearchModule:UnityEditor.Search:ASIAI0B)
Imported 'GUID: 42dc3be94f914d4c886ba488248b16b2' -> (Import Result ID: '933d1c51e36e09f3b539c058523317a5') in 0.003 seconds [static and dynamic dependencies]. Details - ImportResultOutputID=3ffda044747c9b8cc389d9cebf9ebd6a DependenciesID=2ea031b4c701af8edce11a286c5c2999 StaticDependenciesID=8b1703b393fb01338600be575d117d0d 
Number of updated asset objects reloaded before import = 0
Number of asset objects unloaded after import = 0
========================================================================
Received Import Request.
  Time of request: 2026-09-19T15:00:41.4131571Z
  Time since last request: 0.0007028 seconds.
  importAddress: GUID: 9448d1113e54b49bca25d38a852635b2 - Path: Packages/com.unity.collab-proxy/Editor/Views/BranchExplorer/BranchExplorerEmptyStatePanel.cs - Importer: ScriptedImporter/UnityEditor.QuickSearchModule:UnityEditor.Search:ASIAI0B
Importing 'GUID: 9448d1113e54b49bca25d38a852635b2 - Path: Packages/com.unity.collab-proxy/Editor/Views/BranchExplorer/BranchExplorerEmptyStatePanel.cs - Importer: ScriptedImporter/UnityEditor.QuickSearchModule:UnityEditor.Search:ASIAI0B' with importer (ScriptedImporter : UnityEditor.QuickSearchModule:UnityEditor.Search:ASIAI0B)
Imported 'GUID: 9448d1113e54b49bca25d38a852635b2' -> (Import Result ID: 'afcc42c516df70a909b773ceda41dd66') in 0.004 seconds [static and dynamic dependencies]. Details - ImportResultOutputID=f732e5cf31ea7675507ada879c5103b0 DependenciesID=3e3e731da7243a41299002504ea67ea0 StaticDependenciesID=43ba5af8b212872bfcd13c33e88d67fb 
Number of updated asset objects reloaded before import = 0
Number of asset objects unloaded after import = 0
========================================================================
Received Import Request.
  Time of request: 2026-09-19T15:00:41.4340691Z
  Time since last request: 0.0006059 seconds.
  importAddress: GUID: 471badd5c87fb154885f11cdf1b49a00 - Path: Packages/com.unity.collab-proxy/Editor/Views/Changesets/ChangesetsTab.cs - Importer: ScriptedImporter/UnityEditor.QuickSearchModule:UnityEditor.Search:ASIAI0B
Importing 'GUID: 471badd5c87fb154885f11cdf1b49a00 - Path: Packages/com.unity.collab-proxy/Editor/Views/Changesets/ChangesetsTab.cs - Importer: ScriptedImporter/UnityEditor.QuickSearchModule:UnityEditor.Search:ASIAI0B' with importer (ScriptedImporter : UnityEditor.QuickSearchModule:UnityEditor.Search:ASIAI0B)
Imported 'GUID: 471badd5c87fb154885f11cdf1b49a00' -> (Import Result ID: 'e7eccfdfb1e879d57704c37311192a72') in 0.004 seconds [static and dynamic dependencies]. Details - ImportResultOutputID=c92ca7161b68ae5424afe541db60c2dc DependenciesID=676511d599ccd165af21650fd5c14d4e StaticDependenciesID=c4f58dd785e638f7e46388ca07b465f1 
Number of updated asset objects reloaded before import = 0
Number of asset objects unloaded after import = 0
========================================================================
Received Import Request.
  Time of request: 2026-09-19T15:00:41.4544357Z
  Time since last request: 0.0008313 seconds.
  importAddress: GUID: cdf0cc5418c9fc44eade3d7480d7429e - Path: Packages/com.unity.collab-proxy/Editor/Views/Changesets/GetChangesetsQuery.cs - Importer: ScriptedImporter/UnityEditor.QuickSearchModule:UnityEditor.Search:ASIAI0B
Importing 'GUID: cdf0cc5418c9fc44eade3d7480d7429e - Path: Packages/com.unity.collab-proxy/Editor/Views/Changesets/GetChangesetsQuery.cs - Importer: ScriptedImporter/UnityEditor.QuickSearchModule:UnityEditor.Search:ASIAI0B' with importer (ScriptedImporter : UnityEditor.QuickSearchModule:UnityEditor.Search:ASIAI0B)
Imported 'GUID: cdf0cc5418c9fc44eade3d7480d7429e' -> (Import Result ID: '3ba0dff7e5eee5ba29081b5669c6a060') in 0.003 seconds [static and dynamic dependencies]. Details - ImportResultOutputID=0da85331c956f8712880da0d16dbf855 DependenciesID=f208b7360f10001bcd25edab2b00947e StaticDependenciesID=aedd2065c320e024b76ff9058360372e 
Number of updated asset objects reloaded before import = 0
Number of asset objects unloaded after import = 0
========================================================================
Received Import Request.
  Time of request: 2026-09-19T15:00:41.4712704Z
  Time since last request: 0.0006613 seconds.
  importAddress: GUID: 0ee2845d0d4db9a4a9e8f4f6d0fa4e5e - Path: Packages/com.unity.collab-proxy/Editor/Views/History/HistoryListView.cs - Importer: ScriptedImporter/UnityEditor.QuickSearchModule:UnityEditor.Search:ASIAI0B
Importing 'GUID: 0ee2845d0d4db9a4a9e8f4f6d0fa4e5e - Path: Packages/com.unity.collab-proxy/Editor/Views/History/HistoryListView.cs - Importer: ScriptedImporter/UnityEditor.QuickSearchModule:UnityEditor.Search:ASIAI0B' with importer (ScriptedImporter : UnityEditor.QuickSearchModule:UnityEditor.Search:ASIAI0B)
Imported 'GUID: 0ee2845d0d4db9a4a9e8f4f6d0fa4e5e' -> (Import Result ID: 'a2f8a2a07be74dd007e6fc0ec74c77f2') in 0.003 seconds [static and dynamic dependencies]. Details - ImportResultOutputID=cc9b331e1153dfd67cfb4b4eed318538 DependenciesID=85d86a7b53e035ac5bcd210cf0b54b32 StaticDependenciesID=df3886d3d30885c7f0f9141e63a75a5e 
Number of updated asset objects reloaded before import = 0
Number of asset objects unloaded after import = 0
========================================================================
Received Import Request.
  Time of request: 2026-09-19T15:00:41.4915981Z
  Time since last request: 0.0006032 seconds.
  importAddress: GUID: f3bae7db75ee4b749b96add6a75de44d - Path: Packages/com.unity.collab-proxy/Editor/Views/BrowseRepository/BrowseRepositoryHeaderState.cs - Importer: ScriptedImporter/UnityEditor.QuickSearchModule:UnityEditor.Search:ASIAI0B
Importing 'GUID: f3bae7db75ee4b749b96add6a75de44d - Path: Packages/com.unity.collab-proxy/Editor/Views/BrowseRepository/BrowseRepositoryHeaderState.cs - Importer: ScriptedImporter/UnityEditor.QuickSearchModule:UnityEditor.Search:ASIAI0B' with importer (ScriptedImporter : UnityEditor.QuickSearchModule:UnityEditor.Search:ASIAI0B)
Imported 'GUID: f3bae7db75ee4b749b96add6a75de44d' -> (Import Result ID: 'cf7b46c1b454d2caab45583c836fabbb') in 0.005 seconds [static and dynamic dependencies]. Details - ImportResultOutputID=4ccb68729dedae8604da311958cb9524 DependenciesID=b8b78a105a190f07ee40596bb65d6138 StaticDependenciesID=7de7e44d073405d4a99c01a7346bf1f0 
Number of updated asset objects reloaded before import = 0
Number of asset objects unloaded after import = 0
========================================================================
Received Import Request.
  Time of request: 2026-09-19T15:00:41.5154057Z
  Time since last request: 0.0007714 seconds.
  importAddress: GUID: 95c33d7b5f64474d9f2c07832c033127 - Path: Packages/com.unity.collab-proxy/Editor/Views/BranchExplorer/BranchExplorerWindow.cs - Importer: ScriptedImporter/UnityEditor.QuickSearchModule:UnityEditor.Search:ASIAI0B
Importing 'GUID: 95c33d7b5f64474d9f2c07832c033127 - Path: Packages/com.unity.collab-proxy/Editor/Views/BranchExplorer/BranchExplorerWindow.cs - Importer: ScriptedImporter/UnityEditor.QuickSearchModule:UnityEditor.Search:ASIAI0B' with importer (ScriptedImporter : UnityEditor.QuickSearchModule:UnityEditor.Search:ASIAI0B)
Imported 'GUID: 95c33d7b5f64474d9f2c07832c033127' -> (Import Result ID: '726cbb78bedb21ea78dd5a27a8f820a1') in 0.003 seconds [static and dynamic dependencies]. Details - ImportResultOutputID=071312f7e46c1d518b2e7595fb17267d DependenciesID=a78d145c3c13178b9ed957485fd38512 StaticDependenciesID=01b03b846eca1f4cf245f176ee7d35e7 
Number of updated asset objects reloaded before import = 0
Number of asset objects unloaded after import = 0
========================================================================
Received Import Request.
  Time of request: 2026-09-19T15:00:41.5345684Z
  Time since last request: 0.0005774 seconds.
  importAddress: GUID: 788db2c7ca3c2804d912f447ffc19856 - Path: Packages/com.unity.collab-proxy/Editor/Views/CreateWorkspace/DrawCreateWorkspaceView.cs - Importer: ScriptedImporter/UnityEditor.QuickSearchModule:UnityEditor.Search:ASIAI0B
Importing 'GUID: 788db2c7ca3c2804d912f447ffc19856 - Path: Packages/com.unity.collab-proxy/Editor/Views/CreateWorkspace/DrawCreateWorkspaceView.cs - Importer: ScriptedImporter/UnityEditor.QuickSearchModule:UnityEditor.Search:ASIAI0B' with importer (ScriptedImporter : UnityEditor.QuickSearchModule:UnityEditor.Search:ASIAI0B)
Imported 'GUID: 788db2c7ca3c2804d912f447ffc19856' -> (Import Result ID: 'a2e1fa6a33bb6f42e41e6da6d3a5dc94') in 0.004 seconds [static and dynamic dependencies]. Details - ImportResultOutputID=b6b8e7399f99a9e7ac991ed89d85db32 DependenciesID=e085e3a7f179cec04ea12eeed8e4782f StaticDependenciesID=cbff238e9f5f51d77a7dec1b132efdb2 
Number of updated asset objects reloaded before import = 0
Number of asset objects unloaded after import = 0
========================================================================
Received Import Request.
  Time of request: 2026-09-19T15:00:41.5561536Z
  Time since last request: 0.0004982 seconds.
  importAddress: GUID: 1ee8c894c1a3e644fb379a46b41222d7 - Path: Packages/com.unity.collab-proxy/Editor/Views/Filters/FiltersPanel.cs - Importer: ScriptedImporter/UnityEditor.QuickSearchModule:UnityEditor.Search:ASIAI0B
Importing 'GUID: 1ee8c894c1a3e644fb379a46b41222d7 - Path: Packages/com.unity.collab-proxy/Editor/Views/Filters/FiltersPanel.cs - Importer: ScriptedImporter/UnityEditor.QuickSearchModule:UnityEditor.Search:ASIAI0B' with importer (ScriptedImporter : UnityEditor.QuickSearchModule:UnityEditor.Search:ASIAI0B)
Imported 'GUID: 1ee8c894c1a3e644fb379a46b41222d7' -> (Import Result ID: '8ebfc3974aff51e2f71418d6ef288a2d') in 0.003 seconds [static and dynamic dependencies]. Details - ImportResultOutputID=cdf8d64b18d8ea8f0bf3827316f75656 DependenciesID=3b2ef7e68784d356ad53e420fdf3a666 StaticDependenciesID=acbb58e7f13fa3a24d40afecd5764728 
Number of updated asset objects reloaded before import = 0
Number of asset objects unloaded after import = 0
========================================================================
Received Import Request.
  Time of request: 2026-09-19T15:00:41.6111221Z
  Time since last request: 0.0329489 seconds.
  importAddress: GUID: ade7225274b3d4c32a9eb7e64f83c5a1 - Path: Packages/com.unity.collab-proxy/Editor/Views/PendingChanges/ChangeCategoryTreeViewItem.cs - Importer: ScriptedImporter/UnityEditor.QuickSearchModule:UnityEditor.Search:ASIAI0B
Importing 'GUID: ade7225274b3d4c32a9eb7e64f83c5a1 - Path: Packages/com.unity.collab-proxy/Editor/Views/PendingChanges/ChangeCategoryTreeViewItem.cs - Importer: ScriptedImporter/UnityEditor.QuickSearchModule:UnityEditor.Search:ASIAI0B' with importer (ScriptedImporter : UnityEditor.QuickSearchModule:UnityEditor.Search:ASIAI0B)
Imported 'GUID: ade7225274b3d4c32a9eb7e64f83c5a1' -> (Import Result ID: '08dc3b8d3193eb175a57d99d211c4070') in 0.005 seconds [static and dynamic dependencies]. Details - ImportResultOutputID=7b5a8ba13abc694491ce6a2924282c0e DependenciesID=ca8cdc3e9915c23e8ffaee2426d505cd StaticDependenciesID=e6058e60a287a098e1dcb43cdb296bdf 
Number of updated asset objects reloaded before import = 0
Number of asset objects unloaded after import = 0
========================================================================
Received Import Request.
  Time of request: 2026-09-19T15:00:41.6349749Z
  Time since last request: 0.0006352 seconds.
  importAddress: GUID: ce1788184c108ec4d8cbad6b14c4dae6 - Path: Packages/com.unity.collab-proxy/Editor/Views/PendingChanges/CreatedChangesetEmptyStatePanel.cs - Importer: ScriptedImporter/UnityEditor.QuickSearchModule:UnityEditor.Search:ASIAI0B
Importing 'GUID: ce1788184c108ec4d8cbad6b14c4dae6 - Path: Packages/com.unity.collab-proxy/Editor/Views/PendingChanges/CreatedChangesetEmptyStatePanel.cs - Importer: ScriptedImporter/UnityEditor.QuickSearchModule:UnityEditor.Search:ASIAI0B' with importer (ScriptedImporter : UnityEditor.QuickSearchModule:UnityEditor.Search:ASIAI0B)
Imported 'GUID: ce1788184c108ec4d8cbad6b14c4dae6' -> (Import Result ID: '2ac893101f95840437b0136593956753') in 0.003 seconds [static and dynamic dependencies]. Details - ImportResultOutputID=49881ae942a10194caff2a3ca3211175 DependenciesID=774b18f8225080d14134b9e76536dd46 StaticDependenciesID=cf5606234e5056738bdf33c8a3bbf3de 
Number of updated asset objects reloaded before import = 0
Number of asset objects unloaded after import = 0
========================================================================
Received Import Request.
  Time of request: 2026-09-19T15:00:41.6532411Z
  Time since last request: 0.0007115 seconds.
  importAddress: GUID: 04d1d03a8de3f47ea9ef95eaeff48ab0 - Path: Packages/com.unity.collab-proxy/Lib/Editor/Localization/basecommands.ja.txt - Importer: ScriptedImporter/UnityEditor.QuickSearchModule:UnityEditor.Search:ASIAI0B
Importing 'GUID: 04d1d03a8de3f47ea9ef95eaeff48ab0 - Path: Packages/com.unity.collab-proxy/Lib/Editor/Localization/basecommands.ja.txt - Importer: ScriptedImporter/UnityEditor.QuickSearchModule:UnityEditor.Search:ASIAI0B' with importer (ScriptedImporter : UnityEditor.QuickSearchModule:UnityEditor.Search:ASIAI0B)
Imported 'GUID: 04d1d03a8de3f47ea9ef95eaeff48ab0' -> (Import Result ID: 'e0ff8d4d5dcaa1b9a30141ad848f2307') in 0.011 seconds [static and dynamic dependencies]. Details - ImportResultOutputID=b6a08fe0fc0b4984ee6e6dd6d1432550 DependenciesID=61e868d862653fee66c0844ea1a7fa5f StaticDependenciesID=5b6125e0381753527f736e2dcef41232 
Number of updated asset objects reloaded before import = 0
Number of asset objects unloaded after import = 1
========================================================================
Received Import Request.
  Time of request: 2026-09-19T15:00:41.6830422Z
  Time since last request: 0.0007793 seconds.
  importAddress: GUID: c8e89e66728f4cf4b2835b9e6c0a1690 - Path: Packages/com.unity.collab-proxy/Editor/Views/Shelves/ShelvesViewMenu.cs - Importer: ScriptedImporter/UnityEditor.QuickSearchModule:UnityEditor.Search:ASIAI0B
Importing 'GUID: c8e89e66728f4cf4b2835b9e6c0a1690 - Path: Packages/com.unity.collab-proxy/Editor/Views/Shelves/ShelvesViewMenu.cs - Importer: ScriptedImporter/UnityEditor.QuickSearchModule:UnityEditor.Search:ASIAI0B' with importer (ScriptedImporter : UnityEditor.QuickSearchModule:UnityEditor.Search:ASIAI0B)
Imported 'GUID: c8e89e66728f4cf4b2835b9e6c0a1690' -> (Import Result ID: '263280a79d6288f7b6e8b5dc7774f885') in 0.003 seconds [static and dynamic dependencies]. Details - ImportResultOutputID=0a128a96cb4070b9b20c2b74ad3e8490 DependenciesID=b98904dc9cf2790e92535f5309ca4f84 StaticDependenciesID=ce2a7be2a7f04a8f12ff9d9b1201c235 
Number of updated asset objects reloaded before import = 0
Number of asset objects unloaded after import = 0
========================================================================
Received Import Request.
  Time of request: 2026-09-19T15:00:41.7076981Z
  Time since last request: 0.0006604 seconds.
  importAddress: GUID: e57affb3c41ab402e86f99747be972a2 - Path: Packages/com.unity.collab-proxy/Editor/Views/PendingChanges/PendingChangesTreeHeaderState.cs - Importer: ScriptedImporter/UnityEditor.QuickSearchModule:UnityEditor.Search:ASIAI0B
Importing 'GUID: e57affb3c41ab402e86f99747be972a2 - Path: Packages/com.unity.collab-proxy/Editor/Views/PendingChanges/PendingChangesTreeHeaderState.cs - Importer: ScriptedImporter/UnityEditor.QuickSearchModule:UnityEditor.Search:ASIAI0B' with importer (ScriptedImporter : UnityEditor.QuickSearchModule:UnityEditor.Search:ASIAI0B)
Imported 'GUID: e57affb3c41ab402e86f99747be972a2' -> (Import Result ID: '725f20f130cfb753ab7941cd704951d3') in 0.003 seconds [static and dynamic dependencies]. Details - ImportResultOutputID=a1ae1ce941f191be7024e3e8a562e09c DependenciesID=97537cced34d4f3902d5d47e9bf57d93 StaticDependenciesID=5dbe8ae046ce35b49e3969a68a9a51cc 
Number of updated asset objects reloaded before import = 0
Number of asset objects unloaded after import = 0
========================================================================
Received Import Request.
  Time of request: 2026-09-19T15:00:41.7283691Z
  Time since last request: 0.0008069 seconds.
  importAddress: GUID: b6aa72bc8240f514988bcccf4cf3cef5 - Path: Packages/com.unity.collab-proxy/Editor/_Deprecated/WebApi/IsCollabProjectMigratedResponse.cs - Importer: ScriptedImporter/UnityEditor.QuickSearchModule:UnityEditor.Search:ASIAI0B
Importing 'GUID: b6aa72bc8240f514988bcccf4cf3cef5 - Path: Packages/com.unity.collab-proxy/Editor/_Deprecated/WebApi/IsCollabProjectMigratedResponse.cs - Importer: ScriptedImporter/UnityEditor.QuickSearchModule:UnityEditor.Search:ASIAI0B' with importer (ScriptedImporter : UnityEditor.QuickSearchModule:UnityEditor.Search:ASIAI0B)
Imported 'GUID: b6aa72bc8240f514988bcccf4cf3cef5' -> (Import Result ID: '0f2780647c477a159b69ffb5db41c3af') in 0.004 seconds [static and dynamic dependencies]. Details - ImportResultOutputID=56b3af9bdcaf0f3adfffaccd3111e9cf DependenciesID=3a1883048df891598393a66ba884516a StaticDependenciesID=a634c25bfba699468aefe88c317f9866 
Number of updated asset objects reloaded before import = 0
Number of asset objects unloaded after import = 0
========================================================================
Received Import Request.
  Time of request: 2026-09-19T15:00:41.7499739Z
  Time since last request: 0.0005982 seconds.
  importAddress: GUID: 13f8d9266e8b7224abeb0a7af444fd13 - Path: Packages/com.unity.collab-proxy/Editor/Views/Labels/LabelsSelection.cs - Importer: ScriptedImporter/UnityEditor.QuickSearchModule:UnityEditor.Search:ASIAI0B
Importing 'GUID: 13f8d9266e8b7224abeb0a7af444fd13 - Path: Packages/com.unity.collab-proxy/Editor/Views/Labels/LabelsSelection.cs - Importer: ScriptedImporter/UnityEditor.QuickSearchModule:UnityEditor.Search:ASIAI0B' with importer (ScriptedImporter : UnityEditor.QuickSearchModule:UnityEditor.Search:ASIAI0B)
Imported 'GUID: 13f8d9266e8b7224abeb0a7af444fd13' -> (Import Result ID: '92ff058a7651f44357b4d944d2f2d9df') in 0.002 seconds [static and dynamic dependencies]. Details - ImportResultOutputID=c16cc5d72ccd9125860ba3d64f9fe800 DependenciesID=2e49ce7ec276383adeee11d93a2297b8 StaticDependenciesID=1162d7558d3255d36f2da5de4a3e2189 
Number of updated asset objects reloaded before import = 0
Number of asset objects unloaded after import = 0
========================================================================
Received Import Request.
  Time of request: 2026-09-19T15:00:41.7710531Z
  Time since last request: 0.0004239 seconds.
  importAddress: GUID: 5ae4d88034c6d7b42a84b0a53bb700d4 - Path: Packages/com.unity.collab-proxy/Editor/Views/PendingChanges/PendingChangesViewMenu.cs - Importer: ScriptedImporter/UnityEditor.QuickSearchModule:UnityEditor.Search:ASIAI0B
Importing 'GUID: 5ae4d88034c6d7b42a84b0a53bb700d4 - Path: Packages/com.unity.collab-proxy/Editor/Views/PendingChanges/PendingChangesViewMenu.cs - Importer: ScriptedImporter/UnityEditor.QuickSearchModule:UnityEditor.Search:ASIAI0B' with importer (ScriptedImporter : UnityEditor.QuickSearchModule:UnityEditor.Search:ASIAI0B)
Imported 'GUID: 5ae4d88034c6d7b42a84b0a53bb700d4' -> (Import Result ID: '7f1d61833c9ef49c5ec6c0f23c3b9368') in 0.004 seconds [static and dynamic dependencies]. Details - ImportResultOutputID=e84e2c430ee921162a85fe828a879fd3 DependenciesID=fc2fcb8d6b077af61e606be3bcc8fccc StaticDependenciesID=58edd73cd5064e02a6abecc722df7e50 
Number of updated asset objects reloaded before import = 0
Number of asset objects unloaded after import = 0
========================================================================
Received Import Request.
  Time of request: 2026-09-19T15:00:41.7934027Z
  Time since last request: 0.0007244 seconds.
  importAddress: GUID: 1a7e0200b2cf489bbe62e1410a7ed2e4 - Path: Packages/com.unity.collab-proxy/Editor/Views/Locks/DrawLocksListViewItem.cs - Importer: ScriptedImporter/UnityEditor.QuickSearchModule:UnityEditor.Search:ASIAI0B
Importing 'GUID: 1a7e0200b2cf489bbe62e1410a7ed2e4 - Path: Packages/com.unity.collab-proxy/Editor/Views/Locks/DrawLocksListViewItem.cs - Importer: ScriptedImporter/UnityEditor.QuickSearchModule:UnityEditor.Search:ASIAI0B' with importer (ScriptedImporter : UnityEditor.QuickSearchModule:UnityEditor.Search:ASIAI0B)
Imported 'GUID: 1a7e0200b2cf489bbe62e1410a7ed2e4' -> (Import Result ID: '7f6034b9528f9fdbca969a366fcae317') in 0.003 seconds [static and dynamic dependencies]. Details - ImportResultOutputID=8978a344c1dacd129758cab7fc213fcb DependenciesID=b73b7dada1494d86b9bf98efe59e7ff9 StaticDependenciesID=7775d9ab3ea91d5b82170f75fb207ff9 
Number of updated asset objects reloaded before import = 0
Number of asset objects unloaded after import = 0
========================================================================
Received Import Request.
  Time of request: 2026-09-19T15:00:41.8134293Z
  Time since last request: 0.0009131 seconds.
  importAddress: GUID: fdcb46ea2f08d4174aae9f266754080b - Path: Packages/com.unity.collab-proxy/Lib/Editor/Localization/basecommands.en.txt - Importer: ScriptedImporter/UnityEditor.QuickSearchModule:UnityEditor.Search:ASIAI0B
Importing 'GUID: fdcb46ea2f08d4174aae9f266754080b - Path: Packages/com.unity.collab-proxy/Lib/Editor/Localization/basecommands.en.txt - Importer: ScriptedImporter/UnityEditor.QuickSearchModule:UnityEditor.Search:ASIAI0B' with importer (ScriptedImporter : UnityEditor.QuickSearchModule:UnityEditor.Search:ASIAI0B)
Imported 'GUID: fdcb46ea2f08d4174aae9f266754080b' -> (Import Result ID: 'b9045850c842f9c938285b416e66a861') in 0.004 seconds [static and dynamic dependencies]. Details - ImportResultOutputID=cab294df5c5bdee1aee704b26f730285 DependenciesID=2b6f651710fcc1049d18617199ce844a StaticDependenciesID=dbef5134ca976130cf69f070bd9160db 
Number of updated asset objects reloaded before import = 0
Number of asset objects unloaded after import = 1
========================================================================
Received Import Request.
  Time of request: 2026-09-19T15:00:41.8364423Z
  Time since last request: 0.0005602 seconds.
  importAddress: GUID: 9440337dae7b4ecebafa6249b257c940 - Path: Packages/com.unity.collab-proxy/Editor/Views/PendingChanges/CommentTextArea.cs - Importer: ScriptedImporter/UnityEditor.QuickSearchModule:UnityEditor.Search:ASIAI0B
Importing 'GUID: 9440337dae7b4ecebafa6249b257c940 - Path: Packages/com.unity.collab-proxy/Editor/Views/PendingChanges/CommentTextArea.cs - Importer: ScriptedImporter/UnityEditor.QuickSearchModule:UnityEditor.Search:ASIAI0B' with importer (ScriptedImporter : UnityEditor.QuickSearchModule:UnityEditor.Search:ASIAI0B)
Imported 'GUID: 9440337dae7b4ecebafa6249b257c940' -> (Import Result ID: 'df73cd0545bc408bcb0f45638c3c30d9') in 0.003 seconds [static and dynamic dependencies]. Details - ImportResultOutputID=9c0c1f4b2ffd5caf882cd6eb0498d50a DependenciesID=1dbb7a136a99036c8ef16c00fa3d7169 StaticDependenciesID=417f050ab354f9829062c4a0212a4a9e 
Number of updated asset objects reloaded before import = 0
Number of asset objects unloaded after import = 0
========================================================================
Received Import Request.
  Time of request: 2026-09-19T15:00:41.8570741Z
  Time since last request: 0.0004576 seconds.
  importAddress: GUID: 4acf41ca020194d509c7c940c75913b0 - Path: Packages/com.unity.collab-proxy/Editor/Views/Properties/PropertiesRefreshNotifier.cs - Importer: ScriptedImporter/UnityEditor.QuickSearchModule:UnityEditor.Search:ASIAI0B
Importing 'GUID: 4acf41ca020194d509c7c940c75913b0 - Path: Packages/com.unity.collab-proxy/Editor/Views/Properties/PropertiesRefreshNotifier.cs - Importer: ScriptedImporter/UnityEditor.QuickSearchModule:UnityEditor.Search:ASIAI0B' with importer (ScriptedImporter : UnityEditor.QuickSearchModule:UnityEditor.Search:ASIAI0B)
Imported 'GUID: 4acf41ca020194d509c7c940c75913b0' -> (Import Result ID: '9b002df4b7aa4b2089725d6f2c1596b6') in 0.002 seconds [static and dynamic dependencies]. Details - ImportResultOutputID=c92348a1a688f7a1f453a1ecb93c1f61 DependenciesID=c148cf04b2c6292f5330c937279d4be0 StaticDependenciesID=f4b6947765453334e42e478dc9597a1f 
Number of updated asset objects reloaded before import = 0
Number of asset objects unloaded after import = 0
========================================================================
Received Import Request.
  Time of request: 2026-09-19T15:00:41.8747741Z
  Time since last request: 0.0005534 seconds.
  importAddress: GUID: f97de48c25074cb98c450adbdebf0dbb - Path: Packages/com.unity.collab-proxy/Editor/_Deprecated/UI/CooldownWindowDelayer.cs - Importer: ScriptedImporter/UnityEditor.QuickSearchModule:UnityEditor.Search:ASIAI0B
Importing 'GUID: f97de48c25074cb98c450adbdebf0dbb - Path: Packages/com.unity.collab-proxy/Editor/_Deprecated/UI/CooldownWindowDelayer.cs - Importer: ScriptedImporter/UnityEditor.QuickSearchModule:UnityEditor.Search:ASIAI0B' with importer (ScriptedImporter : UnityEditor.QuickSearchModule:UnityEditor.Search:ASIAI0B)
Imported 'GUID: f97de48c25074cb98c450adbdebf0dbb' -> (Import Result ID: '7a4f6ae0624785fad7613d1e49676712') in 0.003 seconds [static and dynamic dependencies]. Details - ImportResultOutputID=7c3e42b831bbfd4336cc66a8a883fcad DependenciesID=5aeb82ecf2c510ef353e49d24f31aa09 StaticDependenciesID=ec830262d43584efbdaa0cc04ad04f31 
Number of updated asset objects reloaded before import = 0
Number of asset objects unloaded after import = 0
========================================================================
Received Import Request.
  Time of request: 2026-09-19T15:00:41.8959766Z
  Time since last request: 0.0005281 seconds.
  importAddress: GUID: bec9a691c125414fb6dc237fe5dbdfaa - Path: Packages/com.unity.collab-proxy/Editor/Views/PendingChanges/CreatedChangesetData.cs - Importer: ScriptedImporter/UnityEditor.QuickSearchModule:UnityEditor.Search:ASIAI0B
Importing 'GUID: bec9a691c125414fb6dc237fe5dbdfaa - Path: Packages/com.unity.collab-proxy/Editor/Views/PendingChanges/CreatedChangesetData.cs - Importer: ScriptedImporter/UnityEditor.QuickSearchModule:UnityEditor.Search:ASIAI0B' with importer (ScriptedImporter : UnityEditor.QuickSearchModule:UnityEditor.Search:ASIAI0B)
Imported 'GUID: bec9a691c125414fb6dc237fe5dbdfaa' -> (Import Result ID: '7c58e40eb9f51348ee35c70461448a8a') in 0.003 seconds [static and dynamic dependencies]. Details - ImportResultOutputID=b8be4a3379ade9d41e279b2c2c8bef6d DependenciesID=ad1f70661c0c0dcd7b14e66f3d9dee33 StaticDependenciesID=92aeb6345b608824de03f297fab4a08e 
Number of updated asset objects reloaded before import = 0
Number of asset objects unloaded after import = 0
========================================================================
Received Import Request.
  Time of request: 2026-09-19T15:00:41.9168863Z
  Time since last request: 0.0003447 seconds.
  importAddress: GUID: 355a2e6bfc40433bbe273ecf2ed08570 - Path: Packages/com.unity.collab-proxy/Editor/Views/PendingChanges/DrawOperationSuccess.cs - Importer: ScriptedImporter/UnityEditor.QuickSearchModule:UnityEditor.Search:ASIAI0B
Importing 'GUID: 355a2e6bfc40433bbe273ecf2ed08570 - Path: Packages/com.unity.collab-proxy/Editor/Views/PendingChanges/DrawOperationSuccess.cs - Importer: ScriptedImporter/UnityEditor.QuickSearchModule:UnityEditor.Search:ASIAI0B' with importer (ScriptedImporter : UnityEditor.QuickSearchModule:UnityEditor.Search:ASIAI0B)
Imported 'GUID: 355a2e6bfc40433bbe273ecf2ed08570' -> (Import Result ID: '1c9f79fa7054ec3a4353a8d3cace332a') in 0.003 seconds [static and dynamic dependencies]. Details - ImportResultOutputID=2d16e112e8ffa9d70115bb8f5c22a39f DependenciesID=9ef24ccd639ccf8352d243adc0748edf StaticDependenciesID=d6441689cdcd8459c22713f9c2fe2421 
Number of updated asset objects reloaded before import = 0
Number of asset objects unloaded after import = 0
========================================================================
Received Import Request.
  Time of request: 2026-09-19T15:00:41.9346463Z
  Time since last request: 0.0005643 seconds.
  importAddress: GUID: 594dcd9e9e4804aa281a66d024d30752 - Path: Packages/com.unity.collab-proxy/Editor/Views/PendingChanges/PendingChangesTreeView.cs - Importer: ScriptedImporter/UnityEditor.QuickSearchModule:UnityEditor.Search:ASIAI0B
Importing 'GUID: 594dcd9e9e4804aa281a66d024d30752 - Path: Packages/com.unity.collab-proxy/Editor/Views/PendingChanges/PendingChangesTreeView.cs - Importer: ScriptedImporter/UnityEditor.QuickSearchModule:UnityEditor.Search:ASIAI0B' with importer (ScriptedImporter : UnityEditor.QuickSearchModule:UnityEditor.Search:ASIAI0B)
Imported 'GUID: 594dcd9e9e4804aa281a66d024d30752' -> (Import Result ID: '4da5d6536b7287bc5d424f23c2d6bfc0') in 0.002 seconds [static and dynamic dependencies]. Details - ImportResultOutputID=f8068cb28c991deca9dde25fb57ede1b DependenciesID=af6a86eafb6ad0526a11b039630da1eb StaticDependenciesID=732f69003c95202e280906aed9dd19e9 
Number of updated asset objects reloaded before import = 0
Number of asset objects unloaded after import = 0
========================================================================
Received Import Request.
  Time of request: 2026-09-19T15:00:41.9834384Z
  Time since last request: 0.0290565 seconds.
  importAddress: GUID: e2f3f1dcf8d9b45dbaa98b0878dce447 - Path: Packages/com.unity.collab-proxy/Lib/Editor/Localization/configurehelper.ko.txt - Importer: ScriptedImporter/UnityEditor.QuickSearchModule:UnityEditor.Search:ASIAI0B
Importing 'GUID: e2f3f1dcf8d9b45dbaa98b0878dce447 - Path: Packages/com.unity.collab-proxy/Lib/Editor/Localization/configurehelper.ko.txt - Importer: ScriptedImporter/UnityEditor.QuickSearchModule:UnityEditor.Search:ASIAI0B' with importer (ScriptedImporter : UnityEditor.QuickSearchModule:UnityEditor.Search:ASIAI0B)
Imported 'GUID: e2f3f1dcf8d9b45dbaa98b0878dce447' -> (Import Result ID: '61d256d5abb560afc57146e8dfed2962') in 0.003 seconds [static and dynamic dependencies]. Details - ImportResultOutputID=f151647ffa4b9181136086f09826deeb DependenciesID=a80df30f8f8a4ea7a38d098ea77576b1 StaticDependenciesID=5156ac2d6c9f5a237c907c74eec2324e 
Number of updated asset objects reloaded before import = 0
Number of asset objects unloaded after import = 1
========================================================================
Received Import Request.
  Time of request: 2026-09-19T15:00:41.9999234Z
  Time since last request: 0.0006481 seconds.
  importAddress: GUID: 59cbf3334d6d341e7aa10e40a866ec08 - Path: Packages/com.unity.collab-proxy/Lib/Editor/Localization/clientcommon.ja.txt - Importer: ScriptedImporter/UnityEditor.QuickSearchModule:UnityEditor.Search:ASIAI0B
Importing 'GUID: 59cbf3334d6d341e7aa10e40a866ec08 - Path: Packages/com.unity.collab-proxy/Lib/Editor/Localization/clientcommon.ja.txt - Importer: ScriptedImporter/UnityEditor.QuickSearchModule:UnityEditor.Search:ASIAI0B' with importer (ScriptedImporter : UnityEditor.QuickSearchModule:UnityEditor.Search:ASIAI0B)
Imported 'GUID: 59cbf3334d6d341e7aa10e40a866ec08' -> (Import Result ID: 'e53e9b327088d29bd4619893445b5698') in 0.003 seconds [static and dynamic dependencies]. Details - ImportResultOutputID=d86a96eb1720c60174ec298a4b59c1e8 DependenciesID=2606227a2a1cf3567b4cd114d6a4108c StaticDependenciesID=654e470c0de298c3e446a47ca58b0568 
Number of updated asset objects reloaded before import = 0
Number of asset objects unloaded after import = 1
========================================================================
Received Import Request.
  Time of request: 2026-09-19T15:00:42.0174638Z
  Time since last request: 0.0004711 seconds.
  importAddress: GUID: 744fc2e853cbb46b1a5de3a22529af56 - Path: Packages/com.unity.collab-proxy/Lib/Editor/Localization/guihelp.es.txt - Importer: ScriptedImporter/UnityEditor.QuickSearchModule:UnityEditor.Search:ASIAI0B
Importing 'GUID: 744fc2e853cbb46b1a5de3a22529af56 - Path: Packages/com.unity.collab-proxy/Lib/Editor/Localization/guihelp.es.txt - Importer: ScriptedImporter/UnityEditor.QuickSearchModule:UnityEditor.Search:ASIAI0B' with importer (ScriptedImporter : UnityEditor.QuickSearchModule:UnityEditor.Search:ASIAI0B)
Imported 'GUID: 744fc2e853cbb46b1a5de3a22529af56' -> (Import Result ID: '1c5bcf5ac1b0ef3ef43a78a51843ecc8') in 0.004 seconds [static and dynamic dependencies]. Details - ImportResultOutputID=c681ee78db2ba940eca05e2474d7a8c3 DependenciesID=48d1504f1315f39cde115098e2ad8df6 StaticDependenciesID=6ab233939e5800ffb70996e3e970a2da 
Number of updated asset objects reloaded before import = 0
Number of asset objects unloaded after import = 1
========================================================================
Received Import Request.
  Time of request: 2026-09-19T15:00:42.0428355Z
  Time since last request: 0.0006834 seconds.
  importAddress: GUID: 4c08e6a0780d643598da0bb992e42b8b - Path: Packages/com.unity.collab-proxy/Lib/Editor/Localization/cm-help.ja.txt - Importer: ScriptedImporter/UnityEditor.QuickSearchModule:UnityEditor.Search:ASIAI0B
Importing 'GUID: 4c08e6a0780d643598da0bb992e42b8b - Path: Packages/com.unity.collab-proxy/Lib/Editor/Localization/cm-help.ja.txt - Importer: ScriptedImporter/UnityEditor.QuickSearchModule:UnityEditor.Search:ASIAI0B' with importer (ScriptedImporter : UnityEditor.QuickSearchModule:UnityEditor.Search:ASIAI0B)
Imported 'GUID: 4c08e6a0780d643598da0bb992e42b8b' -> (Import Result ID: 'e58c66f7ec40bbcb043395b8ed357907') in 0.005 seconds [static and dynamic dependencies]. Details - ImportResultOutputID=734c99cdd0f2e89dc249cec119960dc3 DependenciesID=4d3b6eb09de53c4ae7f9c929cc9d5561 StaticDependenciesID=f37129ba45066395d99d85ea8d59c2ca 
Number of updated asset objects reloaded before import = 0
Number of asset objects unloaded after import = 1
========================================================================
Received Import Request.
  Time of request: 2026-09-19T15:00:42.066397Z
  Time since last request: 0.0009827 seconds.
  importAddress: GUID: 1cc86432c1db1455eb241690e538fe3b - Path: Packages/com.unity.collab-proxy/Lib/Editor/Localization/images.en.txt - Importer: ScriptedImporter/UnityEditor.QuickSearchModule:UnityEditor.Search:ASIAI0B
Importing 'GUID: 1cc86432c1db1455eb241690e538fe3b - Path: Packages/com.unity.collab-proxy/Lib/Editor/Localization/images.en.txt - Importer: ScriptedImporter/UnityEditor.QuickSearchModule:UnityEditor.Search:ASIAI0B' with importer (ScriptedImporter : UnityEditor.QuickSearchModule:UnityEditor.Search:ASIAI0B)
Imported 'GUID: 1cc86432c1db1455eb241690e538fe3b' -> (Import Result ID: 'b87f2b1d30458f9ad3cebfae92200c04') in 0.004 seconds [static and dynamic dependencies]. Details - ImportResultOutputID=33828a57a4e9159180dce8e5d4fa1676 DependenciesID=d6ff934fbd85f60b8808104243039eec StaticDependenciesID=d951ee72061d04594a6c6c4dabccfea1 
Number of updated asset objects reloaded before import = 0
Number of asset objects unloaded after import = 1
========================================================================
Received Import Request.
  Time of request: 2026-09-19T15:00:42.0852577Z
  Time since last request: 0.0007459 seconds.
  importAddress: GUID: 118fcf393362e4677a4b0fd04265f121 - Path: Packages/com.unity.collab-proxy/Lib/Editor/Localization/guihelp.zh-Hant.txt - Importer: ScriptedImporter/UnityEditor.QuickSearchModule:UnityEditor.Search:ASIAI0B
Importing 'GUID: 118fcf393362e4677a4b0fd04265f121 - Path: Packages/com.unity.collab-proxy/Lib/Editor/Localization/guihelp.zh-Hant.txt - Importer: ScriptedImporter/UnityEditor.QuickSearchModule:UnityEditor.Search:ASIAI0B' with importer (ScriptedImporter : UnityEditor.QuickSearchModule:UnityEditor.Search:ASIAI0B)
Imported 'GUID: 118fcf393362e4677a4b0fd04265f121' -> (Import Result ID: '6c639073b21b65f96cdc5b24eaf6e4a0') in 0.004 seconds [static and dynamic dependencies]. Details - ImportResultOutputID=5cf9a767aebf074490457e65f0b01d84 DependenciesID=08213c6248f1f3e7b58c11c58202e89a StaticDependenciesID=4637e0a6b94930eb533c0c8cad047d63 
Number of updated asset objects reloaded before import = 0
Number of asset objects unloaded after import = 1
========================================================================
Received Import Request.
  Time of request: 2026-09-19T15:00:42.1033671Z
  Time since last request: 0.000697 seconds.
  importAddress: GUID: e1619c982c09c43beb4a3a70abf3bf9a - Path: Packages/com.unity.collab-proxy/Lib/Editor/Localization/guihelp.ja.txt - Importer: ScriptedImporter/UnityEditor.QuickSearchModule:UnityEditor.Search:ASIAI0B
Importing 'GUID: e1619c982c09c43beb4a3a70abf3bf9a - Path: Packages/com.unity.collab-proxy/Lib/Editor/Localization/guihelp.ja.txt - Importer: ScriptedImporter/UnityEditor.QuickSearchModule:UnityEditor.Search:ASIAI0B' with importer (ScriptedImporter : UnityEditor.QuickSearchModule:UnityEditor.Search:ASIAI0B)
Imported 'GUID: e1619c982c09c43beb4a3a70abf3bf9a' -> (Import Result ID: 'f397e1b03d77732b9f43d97c556d7310') in 0.004 seconds [static and dynamic dependencies]. Details - ImportResultOutputID=35b3c58c11cbe3a3bdcccd8865906e4a DependenciesID=e3d3df39779d9d7755504e87f3b7f98b StaticDependenciesID=2808dba36441333cbd60e0c9844f14ea 
Number of updated asset objects reloaded before import = 0
Number of asset objects unloaded after import = 1
========================================================================
Received Import Request.
  Time of request: 2026-09-19T15:00:42.1262263Z
  Time since last request: 0.0006776 seconds.
  importAddress: GUID: adcfd2a628cf24bc69a32a06e1e6d609 - Path: Packages/com.unity.collab-proxy/Lib/Editor/Localization/i3.ko.txt - Importer: ScriptedImporter/UnityEditor.QuickSearchModule:UnityEditor.Search:ASIAI0B
Importing 'GUID: adcfd2a628cf24bc69a32a06e1e6d609 - Path: Packages/com.unity.collab-proxy/Lib/Editor/Localization/i3.ko.txt - Importer: ScriptedImporter/UnityEditor.QuickSearchModule:UnityEditor.Search:ASIAI0B' with importer (ScriptedImporter : UnityEditor.QuickSearchModule:UnityEditor.Search:ASIAI0B)
Imported 'GUID: adcfd2a628cf24bc69a32a06e1e6d609' -> (Import Result ID: '71e6d623feb7141eb6f7d9f4eb4d59ef') in 0.004 seconds [static and dynamic dependencies]. Details - ImportResultOutputID=be1c6ec188a6947188e8688f0822b9b9 DependenciesID=ae46e2a197f2b3b5bc6a9f565911710d StaticDependenciesID=41347301d44bafb0448b70e33f43115a 
Number of updated asset objects reloaded before import = 0
Number of asset objects unloaded after import = 1
========================================================================
Received Import Request.
  Time of request: 2026-09-19T15:00:42.1491662Z
  Time since last request: 0.0007261 seconds.
  importAddress: GUID: 69ead5bd7679848fc9a97fa8b4195b87 - Path: Packages/com.unity.collab-proxy/Lib/Editor/Localization/cm.en.txt - Importer: ScriptedImporter/UnityEditor.QuickSearchModule:UnityEditor.Search:ASIAI0B
Importing 'GUID: 69ead5bd7679848fc9a97fa8b4195b87 - Path: Packages/com.unity.collab-proxy/Lib/Editor/Localization/cm.en.txt - Importer: ScriptedImporter/UnityEditor.QuickSearchModule:UnityEditor.Search:ASIAI0B' with importer (ScriptedImporter : UnityEditor.QuickSearchModule:UnityEditor.Search:ASIAI0B)
Imported 'GUID: 69ead5bd7679848fc9a97fa8b4195b87' -> (Import Result ID: '599fb50d4079ac24ce43be237c02f0ce') in 0.004 seconds [static and dynamic dependencies]. Details - ImportResultOutputID=190c6a53eda935d2ed230cb7a3975977 DependenciesID=a337fba0cebe91927d5ddb934acf6e8f StaticDependenciesID=5147e6815197004c77ed9c3c9b035973 
Number of updated asset objects reloaded before import = 0
Number of asset objects unloaded after import = 1
========================================================================
Received Import Request.
  Time of request: 2026-09-19T15:00:42.169991Z
  Time since last request: 0.0005725 seconds.
  importAddress: GUID: 9504038b26e9241129fb5162ff8877f6 - Path: Packages/com.unity.collab-proxy/Lib/Editor/Localization/images.ja.txt - Importer: ScriptedImporter/UnityEditor.QuickSearchModule:UnityEditor.Search:ASIAI0B
Importing 'GUID: 9504038b26e9241129fb5162ff8877f6 - Path: Packages/com.unity.collab-proxy/Lib/Editor/Localization/images.ja.txt - Importer: ScriptedImporter/UnityEditor.QuickSearchModule:UnityEditor.Search:ASIAI0B' with importer (ScriptedImporter : UnityEditor.QuickSearchModule:UnityEditor.Search:ASIAI0B)
Imported 'GUID: 9504038b26e9241129fb5162ff8877f6' -> (Import Result ID: 'ebd00cefb3353de6cb8f663c82be0d43') in 0.005 seconds [static and dynamic dependencies]. Details - ImportResultOutputID=8af90f19d4240bf3462782797439b783 DependenciesID=8359814231d7510dc48bf4ac20b64f2c StaticDependenciesID=0f6e9f6d4418686817699d51a722e270 
Number of updated asset objects reloaded before import = 0
Number of asset objects unloaded after import = 1
========================================================================
Received Import Request.
  Time of request: 2026-09-19T15:00:42.1928391Z
  Time since last request: 0.0006233 seconds.
  importAddress: GUID: 877a99378004f41f2b5a80b2c6541f82 - Path: Packages/com.unity.collab-proxy/Lib/Editor/Localization/differences.zh-Hans.txt - Importer: ScriptedImporter/UnityEditor.QuickSearchModule:UnityEditor.Search:ASIAI0B
Importing 'GUID: 877a99378004f41f2b5a80b2c6541f82 - Path: Packages/com.unity.collab-proxy/Lib/Editor/Localization/differences.zh-Hans.txt - Importer: ScriptedImporter/UnityEditor.QuickSearchModule:UnityEditor.Search:ASIAI0B' with importer (ScriptedImporter : UnityEditor.QuickSearchModule:UnityEditor.Search:ASIAI0B)
Imported 'GUID: 877a99378004f41f2b5a80b2c6541f82' -> (Import Result ID: 'ed189f0e21100076abc8551fb354770e') in 0.003 seconds [static and dynamic dependencies]. Details - ImportResultOutputID=273d3892a27ea0efd9fc3e02c375188f DependenciesID=42ad433a9c23ec5d199782850ef8e0d8 StaticDependenciesID=72d219e0c84b557ad1b930e70b17a93f 
Number of updated asset objects reloaded before import = 0
Number of asset objects unloaded after import = 1
========================================================================
Received Import Request.
  Time of request: 2026-09-19T15:00:42.2159455Z
  Time since last request: 0.0005321 seconds.
  importAddress: GUID: 0d3f1486893d2444299cec6fac63fdbe - Path: Packages/com.unity.collab-proxy/Lib/Editor/Localization/configurehelper.zh-Hant.txt - Importer: ScriptedImporter/UnityEditor.QuickSearchModule:UnityEditor.Search:ASIAI0B
Importing 'GUID: 0d3f1486893d2444299cec6fac63fdbe - Path: Packages/com.unity.collab-proxy/Lib/Editor/Localization/configurehelper.zh-Hant.txt - Importer: ScriptedImporter/UnityEditor.QuickSearchModule:UnityEditor.Search:ASIAI0B' with importer (ScriptedImporter : UnityEditor.QuickSearchModule:UnityEditor.Search:ASIAI0B)
Imported 'GUID: 0d3f1486893d2444299cec6fac63fdbe' -> (Import Result ID: '61c49f5e5f171a8828dfbda8f28a8fec') in 0.003 seconds [static and dynamic dependencies]. Details - ImportResultOutputID=ff41465ebc50b6443fafa9965271bb9b DependenciesID=f813382e80b29ea1e0a3db4b5f904446 StaticDependenciesID=1e33a7fefd70e309ec4fe02408bc6b87 
Number of updated asset objects reloaded before import = 0
Number of asset objects unloaded after import = 1
========================================================================
Received Import Request.
  Time of request: 2026-09-19T15:00:42.2345532Z
  Time since last request: 0.0005438 seconds.
  importAddress: GUID: 282cf81f2a10042db8ff91019ddedbcb - Path: Packages/com.unity.collab-proxy/Lib/Editor/Localization/commontypes.ja.txt - Importer: ScriptedImporter/UnityEditor.QuickSearchModule:UnityEditor.Search:ASIAI0B
Importing 'GUID: 282cf81f2a10042db8ff91019ddedbcb - Path: Packages/com.unity.collab-proxy/Lib/Editor/Localization/commontypes.ja.txt - Importer: ScriptedImporter/UnityEditor.QuickSearchModule:UnityEditor.Search:ASIAI0B' with importer (ScriptedImporter : UnityEditor.QuickSearchModule:UnityEditor.Search:ASIAI0B)
Imported 'GUID: 282cf81f2a10042db8ff91019ddedbcb' -> (Import Result ID: 'd72d995079395667104f4904bbeae8d9') in 0.004 seconds [static and dynamic dependencies]. Details - ImportResultOutputID=7152f57f8aa306a0bee13438eae2a4d0 DependenciesID=df2bded4a8eaf0203d689e02652c5486 StaticDependenciesID=316d1f880bad817e2f0f91abaae72de1 
Number of updated asset objects reloaded before import = 0
Number of asset objects unloaded after import = 1
========================================================================
Received Import Request.
  Time of request: 2026-09-19T15:00:42.2564278Z
  Time since last request: 0.0004482 seconds.
  importAddress: GUID: 29b1e9ffb25b74031b50a8221de97f8d - Path: Packages/com.unity.collab-proxy/Lib/Editor/Localization/cm-help.zh-Hant.txt - Importer: ScriptedImporter/UnityEditor.QuickSearchModule:UnityEditor.Search:ASIAI0B
Importing 'GUID: 29b1e9ffb25b74031b50a8221de97f8d - Path: Packages/com.unity.collab-proxy/Lib/Editor/Localization/cm-help.zh-Hant.txt - Importer: ScriptedImporter/UnityEditor.QuickSearchModule:UnityEditor.Search:ASIAI0B' with importer (ScriptedImporter : UnityEditor.QuickSearchModule:UnityEditor.Search:ASIAI0B)
Imported 'GUID: 29b1e9ffb25b74031b50a8221de97f8d' -> (Import Result ID: 'cb2b8b0d847bf9711776a7f5db82fc76') in 0.004 seconds [static and dynamic dependencies]. Details - ImportResultOutputID=9c8e1bbeae61dea3ffef54c5e9df65a3 DependenciesID=5afe3e1ba7bb67fa66b1881ce15c43d3 StaticDependenciesID=53cc51d1d4d4c3c3d7bc6059b59fcd81 
Number of updated asset objects reloaded before import = 0
Number of asset objects unloaded after import = 1
========================================================================
Received Import Request.
  Time of request: 2026-09-19T15:00:42.2751005Z
  Time since last request: 0.0005819 seconds.
  importAddress: GUID: c459bcd1659474966b59ac3f4adb1461 - Path: Packages/com.unity.collab-proxy/Lib/Editor/Localization/configurehelper.zh-Hans.txt - Importer: ScriptedImporter/UnityEditor.QuickSearchModule:UnityEditor.Search:ASIAI0B
Importing 'GUID: c459bcd1659474966b59ac3f4adb1461 - Path: Packages/com.unity.collab-proxy/Lib/Editor/Localization/configurehelper.zh-Hans.txt - Importer: ScriptedImporter/UnityEditor.QuickSearchModule:UnityEditor.Search:ASIAI0B' with importer (ScriptedImporter : UnityEditor.QuickSearchModule:UnityEditor.Search:ASIAI0B)
Imported 'GUID: c459bcd1659474966b59ac3f4adb1461' -> (Import Result ID: '97130620437459e109811073ecd00c50') in 0.003 seconds [static and dynamic dependencies]. Details - ImportResultOutputID=713c117e5ee25284d43fe8af3cd75c83 DependenciesID=786361724e74c7808560a4bc1727863f StaticDependenciesID=e5c7270b5c19f729cfbb86871eb8c131 
Number of updated asset objects reloaded before import = 0
Number of asset objects unloaded after import = 1
========================================================================
Received Import Request.
  Time of request: 2026-09-19T15:00:42.2951178Z
  Time since last request: 0.0004504 seconds.
  importAddress: GUID: 1a0694d6bd88642c9b2adc7ef6b59518 - Path: Packages/com.unity.collab-proxy/Lib/Editor/Localization/configurehelper.ja.txt - Importer: ScriptedImporter/UnityEditor.QuickSearchModule:UnityEditor.Search:ASIAI0B
Importing 'GUID: 1a0694d6bd88642c9b2adc7ef6b59518 - Path: Packages/com.unity.collab-proxy/Lib/Editor/Localization/configurehelper.ja.txt - Importer: ScriptedImporter/UnityEditor.QuickSearchModule:UnityEditor.Search:ASIAI0B' with importer (ScriptedImporter : UnityEditor.QuickSearchModule:UnityEditor.Search:ASIAI0B)
Imported 'GUID: 1a0694d6bd88642c9b2adc7ef6b59518' -> (Import Result ID: '2ec5d897a728509296a143d3ab2b1449') in 0.004 seconds [static and dynamic dependencies]. Details - ImportResultOutputID=25d7c154a22fdab303f9248d49018779 DependenciesID=2850beefcf5a1c8d54627e349b05a5ac StaticDependenciesID=85f8f37c0eb84dd1b00df24de1fa169b 
Number of updated asset objects reloaded before import = 0
Number of asset objects unloaded after import = 1
========================================================================
Received Import Request.
  Time of request: 2026-09-19T15:00:42.330554Z
  Time since last request: 0.0133354 seconds.
  importAddress: GUID: 8b8de605417c342e597b910cbf5db226 - Path: Packages/com.unity.collab-proxy/Lib/Editor/Localization/semantic.zh-Hant.txt - Importer: ScriptedImporter/UnityEditor.QuickSearchModule:UnityEditor.Search:ASIAI0B
Importing 'GUID: 8b8de605417c342e597b910cbf5db226 - Path: Packages/com.unity.collab-proxy/Lib/Editor/Localization/semantic.zh-Hant.txt - Importer: ScriptedImporter/UnityEditor.QuickSearchModule:UnityEditor.Search:ASIAI0B' with importer (ScriptedImporter : UnityEditor.QuickSearchModule:UnityEditor.Search:ASIAI0B)
Imported 'GUID: 8b8de605417c342e597b910cbf5db226' -> (Import Result ID: '40d1604362d81f8ccdbed33e7c818053') in 0.003 seconds [static and dynamic dependencies]. Details - ImportResultOutputID=1d61caa9ddd6d0ad7a8e04d747af5f6a DependenciesID=c157088a181b7da2b2d395295469a686 StaticDependenciesID=bde2e3509f206a7da493378008b1a451 
Number of updated asset objects reloaded before import = 0
Number of asset objects unloaded after import = 1
========================================================================
Received Import Request.
  Time of request: 2026-09-19T15:00:42.3501588Z
  Time since last request: 0.0006967 seconds.
  importAddress: GUID: edc2dbba232594aabbbad8bb87466a80 - Path: Packages/com.unity.collab-proxy/Editor/Diff/Asset/Common/HeaderRow.cs - Importer: ScriptedImporter/UnityEditor.QuickSearchModule:UnityEditor.Search:ASIAI0B
Importing 'GUID: edc2dbba232594aabbbad8bb87466a80 - Path: Packages/com.unity.collab-proxy/Editor/Diff/Asset/Common/HeaderRow.cs - Importer: ScriptedImporter/UnityEditor.QuickSearchModule:UnityEditor.Search:ASIAI0B' with importer (ScriptedImporter : UnityEditor.QuickSearchModule:UnityEditor.Search:ASIAI0B)
Imported 'GUID: edc2dbba232594aabbbad8bb87466a80' -> (Import Result ID: 'be125ddd6e22db8716b260968a2b454c') in 0.004 seconds [static and dynamic dependencies]. Details - ImportResultOutputID=47b60159e85f0a8af95dd10262cee375 DependenciesID=baed52c5ed61b21358df66e829c4b182 StaticDependenciesID=1dc4e392cf9d9d8bca9d1c365354691b 
Number of updated asset objects reloaded before import = 0
Number of asset objects unloaded after import = 0
========================================================================
Received Import Request.
  Time of request: 2026-09-19T15:00:42.3714246Z
  Time since last request: 0.0005356 seconds.
  importAddress: GUID: 0141873b98c3d4889a41b404077edb94 - Path: Packages/com.unity.collab-proxy/Lib/Editor/Localization/workspaceserver.es.txt - Importer: ScriptedImporter/UnityEditor.QuickSearchModule:UnityEditor.Search:ASIAI0B
Importing 'GUID: 0141873b98c3d4889a41b404077edb94 - Path: Packages/com.unity.collab-proxy/Lib/Editor/Localization/workspaceserver.es.txt - Importer: ScriptedImporter/UnityEditor.QuickSearchModule:UnityEditor.Search:ASIAI0B' with importer (ScriptedImporter : UnityEditor.QuickSearchModule:UnityEditor.Search:ASIAI0B)
Imported 'GUID: 0141873b98c3d4889a41b404077edb94' -> (Import Result ID: 'e44518b3dff192705d6c39c9e46c8a52') in 0.005 seconds [static and dynamic dependencies]. Details - ImportResultOutputID=52c6a7eefa568c45007ef9553d12e3f5 DependenciesID=63f2e2af5b9707ae184bea38687f603a StaticDependenciesID=b5dcbbb328e1ec951e25985220dfedd8 
Number of updated asset objects reloaded before import = 0
Number of asset objects unloaded after import = 1
========================================================================
Received Import Request.
  Time of request: 2026-09-19T15:00:42.3973099Z
  Time since last request: 0.0005122 seconds.
  importAddress: GUID: 5802aa7500f454c90b4d8ff48d6d5f0a - Path: Packages/com.unity.collab-proxy/Lib/Editor/Localization/semantic.ko.txt - Importer: ScriptedImporter/UnityEditor.QuickSearchModule:UnityEditor.Search:ASIAI0B
Importing 'GUID: 5802aa7500f454c90b4d8ff48d6d5f0a - Path: Packages/com.unity.collab-proxy/Lib/Editor/Localization/semantic.ko.txt - Importer: ScriptedImporter/UnityEditor.QuickSearchModule:UnityEditor.Search:ASIAI0B' with importer (ScriptedImporter : UnityEditor.QuickSearchModule:UnityEditor.Search:ASIAI0B)
Imported 'GUID: 5802aa7500f454c90b4d8ff48d6d5f0a' -> (Import Result ID: '973e9b936394ab55dc63397271a6df1c') in 0.004 seconds [static and dynamic dependencies]. Details - ImportResultOutputID=ea0969bc2916dae34e1d306b078c4606 DependenciesID=b6e00c0fa3fa78446f356bfe4947a3f4 StaticDependenciesID=d0c92092e72ae2c71949ac3ef91d9f8a 
Number of updated asset objects reloaded before import = 0
Number of asset objects unloaded after import = 1
========================================================================
Received Import Request.
  Time of request: 2026-09-19T15:00:42.4204467Z
  Time since last request: 0.0006894 seconds.
  importAddress: GUID: b233593fc686844cba46ccf1c5f750f6 - Path: Packages/com.unity.collab-proxy/Lib/Editor/Localization/workspaceserver.ko.txt - Importer: ScriptedImporter/UnityEditor.QuickSearchModule:UnityEditor.Search:ASIAI0B
Importing 'GUID: b233593fc686844cba46ccf1c5f750f6 - Path: Packages/com.unity.collab-proxy/Lib/Editor/Localization/workspaceserver.ko.txt - Importer: ScriptedImporter/UnityEditor.QuickSearchModule:UnityEditor.Search:ASIAI0B' with importer (ScriptedImporter : UnityEditor.QuickSearchModule:UnityEditor.Search:ASIAI0B)
Imported 'GUID: b233593fc686844cba46ccf1c5f750f6' -> (Import Result ID: '812c531b7574d3eb895db0d7d9c67694') in 0.002 seconds [static and dynamic dependencies]. Details - ImportResultOutputID=5e5f5f2978c1b6726bc24d054153e903 DependenciesID=40652830a6134f6edacaceec89a2a4fa StaticDependenciesID=9aada5b0a7d08273574ec42b0a8ee036 
Number of updated asset objects reloaded before import = 0
Number of asset objects unloaded after import = 1
========================================================================
Received Import Request.
  Time of request: 2026-09-19T15:00:42.4421758Z
  Time since last request: 0.0030402 seconds.
  importAddress: GUID: c1920ac5329fb48e680e865d9a8567f8 - Path: Packages/com.unity.collab-proxy/Editor/Diff/Asset/Common/AssetReloadNotifier.cs - Importer: ScriptedImporter/UnityEditor.QuickSearchModule:UnityEditor.Search:ASIAI0B
Importing 'GUID: c1920ac5329fb48e680e865d9a8567f8 - Path: Packages/com.unity.collab-proxy/Editor/Diff/Asset/Common/AssetReloadNotifier.cs - Importer: ScriptedImporter/UnityEditor.QuickSearchModule:UnityEditor.Search:ASIAI0B' with importer (ScriptedImporter : UnityEditor.QuickSearchModule:UnityEditor.Search:ASIAI0B)
Imported 'GUID: c1920ac5329fb48e680e865d9a8567f8' -> (Import Result ID: '4c0c5a8d9274485e67afe4b1954085f9') in 0.002 seconds [static and dynamic dependencies]. Details - ImportResultOutputID=7fbdb64db33d43a416b1b893aee58dca DependenciesID=0cd3b43a55c6fc5994119400fb677936 StaticDependenciesID=cc2745ddb4a8b88131f12432b1b09135 
Number of updated asset objects reloaded before import = 0
Number of asset objects unloaded after import = 0
========================================================================
Received Import Request.
  Time of request: 2026-09-19T15:00:42.4677309Z
  Time since last request: 0.0035266 seconds.
  importAddress: GUID: 3d160931f5a1d463cacc8e46051bac91 - Path: Packages/com.unity.collab-proxy/Lib/Editor/Localization/workspaceserver.en.txt - Importer: ScriptedImporter/UnityEditor.QuickSearchModule:UnityEditor.Search:ASIAI0B
Importing 'GUID: 3d160931f5a1d463cacc8e46051bac91 - Path: Packages/com.unity.collab-proxy/Lib/Editor/Localization/workspaceserver.en.txt - Importer: ScriptedImporter/UnityEditor.QuickSearchModule:UnityEditor.Search:ASIAI0B' with importer (ScriptedImporter : UnityEditor.QuickSearchModule:UnityEditor.Search:ASIAI0B)
Imported 'GUID: 3d160931f5a1d463cacc8e46051bac91' -> (Import Result ID: '505383239a0f035531f6a2a4511fe066') in 0.004 seconds [static and dynamic dependencies]. Details - ImportResultOutputID=2f3297e1426541c746503556d5ad47ae DependenciesID=be8b1298c774694ba1f4ff2005745685 StaticDependenciesID=dfd8526e359f62f799c50891e067bd58 
Number of updated asset objects reloaded before import = 0
Number of asset objects unloaded after import = 1
========================================================================
Received Import Request.
  Time of request: 2026-09-19T15:00:42.500133Z
  Time since last request: 0.0160061 seconds.
  importAddress: GUID: e44ad81467ad247c587c5847830740b0 - Path: Packages/com.unity.collab-proxy/Lib/Editor/Localization/xdiff.es.txt - Importer: ScriptedImporter/UnityEditor.QuickSearchModule:UnityEditor.Search:ASIAI0B
Importing 'GUID: e44ad81467ad247c587c5847830740b0 - Path: Packages/com.unity.collab-proxy/Lib/Editor/Localization/xdiff.es.txt - Importer: ScriptedImporter/UnityEditor.QuickSearchModule:UnityEditor.Search:ASIAI0B' with importer (ScriptedImporter : UnityEditor.QuickSearchModule:UnityEditor.Search:ASIAI0B)
Imported 'GUID: e44ad81467ad247c587c5847830740b0' -> (Import Result ID: '27a0d1042b97646fe7c99f5fa47afbf0') in 0.003 seconds [static and dynamic dependencies]. Details - ImportResultOutputID=7e27f4cdda08b9d15dd96649b8942e70 DependenciesID=5e9c9089d28790a636388b2527769fd2 StaticDependenciesID=94f5da070e2445315e206d17253960fd 
Number of updated asset objects reloaded before import = 0
Number of asset objects unloaded after import = 1
========================================================================
Received Import Request.
  Time of request: 2026-09-19T15:00:42.5228178Z
  Time since last request: 0.0007681 seconds.
  importAddress: GUID: 1510662542b194ca0854fd173c356289 - Path: Packages/com.unity.collab-proxy/Editor/Assistant/UI/Interactions/ConfirmationInteraction.cs - Importer: ScriptedImporter/UnityEditor.QuickSearchModule:UnityEditor.Search:ASIAI0B
Importing 'GUID: 1510662542b194ca0854fd173c356289 - Path: Packages/com.unity.collab-proxy/Editor/Assistant/UI/Interactions/ConfirmationInteraction.cs - Importer: ScriptedImporter/UnityEditor.QuickSearchModule:UnityEditor.Search:ASIAI0B' with importer (ScriptedImporter : UnityEditor.QuickSearchModule:UnityEditor.Search:ASIAI0B)
Imported 'GUID: 1510662542b194ca0854fd173c356289' -> (Import Result ID: '9894f6d04fc118a464d56e04988e62f0') in 0.003 seconds [static and dynamic dependencies]. Details - ImportResultOutputID=d5f46d274a4349557430cc68e160f2de DependenciesID=582dcb61c8f542f1905b5bcbbdd888af StaticDependenciesID=d0ff1473f2e58f84726765a9b2437095 
Number of updated asset objects reloaded before import = 0
Number of asset objects unloaded after import = 0
========================================================================
Received Import Request.
  Time of request: 2026-09-19T15:00:42.5425386Z
  Time since last request: 0.000562 seconds.
  importAddress: GUID: 509ecc6807ba438a92fbda6424603ecb - Path: Packages/com.unity.collab-proxy/Editor/CloudDrive/Workspaces/DragAndDrop/AskUserForExistingFile.cs - Importer: ScriptedImporter/UnityEditor.QuickSearchModule:UnityEditor.Search:ASIAI0B
Importing 'GUID: 509ecc6807ba438a92fbda6424603ecb - Path: Packages/com.unity.collab-proxy/Editor/CloudDrive/Workspaces/DragAndDrop/AskUserForExistingFile.cs - Importer: ScriptedImporter/UnityEditor.QuickSearchModule:UnityEditor.Search:ASIAI0B' with importer (ScriptedImporter : UnityEditor.QuickSearchModule:UnityEditor.Search:ASIAI0B)
Imported 'GUID: 509ecc6807ba438a92fbda6424603ecb' -> (Import Result ID: 'bfcf2e484a46888d597697014b759bdf') in 0.003 seconds [static and dynamic dependencies]. Details - ImportResultOutputID=7f4c52763707a5a00a1594477e8cc8b8 DependenciesID=f2dcfde771fba9384eb84931ac4886a4 StaticDependenciesID=801bb9586ebbf053441659bbf332cde4 
Number of updated asset objects reloaded before import = 0
Number of asset objects unloaded after import = 0
========================================================================
Received Import Request.
  Time of request: 2026-09-19T15:00:42.5616855Z
  Time since last request: 0.0007185 seconds.
  importAddress: GUID: 077387e98bf29fb4a97bccfb592cfaf7 - Path: Packages/com.unity.collab-proxy/Editor/Configuration/CloudEdition/Welcome/WaitingSignInPanel.cs - Importer: ScriptedImporter/UnityEditor.QuickSearchModule:UnityEditor.Search:ASIAI0B
Importing 'GUID: 077387e98bf29fb4a97bccfb592cfaf7 - Path: Packages/com.unity.collab-proxy/Editor/Configuration/CloudEdition/Welcome/WaitingSignInPanel.cs - Importer: ScriptedImporter/UnityEditor.QuickSearchModule:UnityEditor.Search:ASIAI0B' with importer (ScriptedImporter : UnityEditor.QuickSearchModule:UnityEditor.Search:ASIAI0B)
Imported 'GUID: 077387e98bf29fb4a97bccfb592cfaf7' -> (Import Result ID: '6bde2ff8696d60fabf452c127a585438') in 0.003 seconds [static and dynamic dependencies]. Details - ImportResultOutputID=0acdc9568759ab96c7cc5e51d37f16ab DependenciesID=061050afbfbaea30d79dfeb76db4f163 StaticDependenciesID=3f20d75fcc341b69c9026c8e3d8f8595 
Number of updated asset objects reloaded before import = 0
Number of asset objects unloaded after import = 0
========================================================================
Received Import Request.
  Time of request: 2026-09-19T15:00:42.5836008Z
  Time since last request: 0.0006195 seconds.
  importAddress: GUID: 28b848f7720bc45fb8f8f4e51bddcfd5 - Path: Packages/com.unity.collab-proxy/Editor/CodeEditor/Indentation/CSharp/IndentationReformatter.cs - Importer: ScriptedImporter/UnityEditor.QuickSearchModule:UnityEditor.Search:ASIAI0B
Importing 'GUID: 28b848f7720bc45fb8f8f4e51bddcfd5 - Path: Packages/com.unity.collab-proxy/Editor/CodeEditor/Indentation/CSharp/IndentationReformatter.cs - Importer: ScriptedImporter/UnityEditor.QuickSearchModule:UnityEditor.Search:ASIAI0B' with importer (ScriptedImporter : UnityEditor.QuickSearchModule:UnityEditor.Search:ASIAI0B)
Imported 'GUID: 28b848f7720bc45fb8f8f4e51bddcfd5' -> (Import Result ID: '8ac4b2b1c00b78cb5c09e9dd2853bf4d') in 0.003 seconds [static and dynamic dependencies]. Details - ImportResultOutputID=5053859248707fa997964030160e0103 DependenciesID=56f0e17d1e7d84769d0b6a3d9c4a7c54 StaticDependenciesID=000263542d539940570d551156596c1e 
Number of updated asset objects reloaded before import = 0
Number of asset objects unloaded after import = 0
========================================================================
Received Import Request.
  Time of request: 2026-09-19T15:00:42.603435Z
  Time since last request: 0.0005655 seconds.
  importAddress: GUID: a83407279afb941b881a311361179ac0 - Path: Packages/com.unity.collab-proxy/Lib/Editor/Localization/mergetool.zh-Hant.txt - Importer: ScriptedImporter/UnityEditor.QuickSearchModule:UnityEditor.Search:ASIAI0B
Importing 'GUID: a83407279afb941b881a311361179ac0 - Path: Packages/com.unity.collab-proxy/Lib/Editor/Localization/mergetool.zh-Hant.txt - Importer: ScriptedImporter/UnityEditor.QuickSearchModule:UnityEditor.Search:ASIAI0B' with importer (ScriptedImporter : UnityEditor.QuickSearchModule:UnityEditor.Search:ASIAI0B)
Imported 'GUID: a83407279afb941b881a311361179ac0' -> (Import Result ID: 'aafc869287f80810ada9d6fd95c6fa6b') in 0.004 seconds [static and dynamic dependencies]. Details - ImportResultOutputID=48708b7d85491884d6f63810ef672a1e DependenciesID=c131309cc9c91e75381eb0ec599e6e95 StaticDependenciesID=fe3d2a68ca88c2a5356f68791801d664 
Number of updated asset objects reloaded before import = 0
Number of asset objects unloaded after import = 1
========================================================================
Received Import Request.
  Time of request: 2026-09-19T15:00:42.6239662Z
  Time since last request: 0.0005132 seconds.
  importAddress: GUID: 14b3605f9aeca40c1b4f815f4fb0229f - Path: Packages/com.unity.collab-proxy/Editor/CodeEditor/Indentation/CSharp/CSharpIndentationStrategy.cs - Importer: ScriptedImporter/UnityEditor.QuickSearchModule:UnityEditor.Search:ASIAI0B
Importing 'GUID: 14b3605f9aeca40c1b4f815f4fb0229f - Path: Packages/com.unity.collab-proxy/Editor/CodeEditor/Indentation/CSharp/CSharpIndentationStrategy.cs - Importer: ScriptedImporter/UnityEditor.QuickSearchModule:UnityEditor.Search:ASIAI0B' with importer (ScriptedImporter : UnityEditor.QuickSearchModule:UnityEditor.Search:ASIAI0B)
Imported 'GUID: 14b3605f9aeca40c1b4f815f4fb0229f' -> (Import Result ID: '8aada6fdb98396d8e5a748c40831d605') in 0.003 seconds [static and dynamic dependencies]. Details - ImportResultOutputID=dc0bafeafc3f5885e061fd96e3b60e81 DependenciesID=8ff2bda1bff03e568fae65e55c3d2ff8 StaticDependenciesID=297f020423bc518fa88e0c4f0e32e983 
Number of updated asset objects reloaded before import = 0
Number of asset objects unloaded after import = 0
========================================================================
Received Import Request.
  Time of request: 2026-09-19T15:00:42.6446582Z
  Time since last request: 0.0005874 seconds.
  importAddress: GUID: b4c28e55281f4ec5bc041b8f52b7d891 - Path: Packages/com.unity.collab-proxy/Editor/CloudDrive/Workspaces/DirectoryContent/DrawExpandedTreeNode.cs - Importer: ScriptedImporter/UnityEditor.QuickSearchModule:UnityEditor.Search:ASIAI0B
Importing 'GUID: b4c28e55281f4ec5bc041b8f52b7d891 - Path: Packages/com.unity.collab-proxy/Editor/CloudDrive/Workspaces/DirectoryContent/DrawExpandedTreeNode.cs - Importer: ScriptedImporter/UnityEditor.QuickSearchModule:UnityEditor.Search:ASIAI0B' with importer (ScriptedImporter : UnityEditor.QuickSearchModule:UnityEditor.Search:ASIAI0B)
Imported 'GUID: b4c28e55281f4ec5bc041b8f52b7d891' -> (Import Result ID: 'd656c4a9da64c45f583247405f9ac391') in 0.003 seconds [static and dynamic dependencies]. Details - ImportResultOutputID=96426b52cc2efefd6b023da2f648760e DependenciesID=051c315b785d97d8c3f42d16eaebee97 StaticDependenciesID=d77d853da959b6d540eb2d9c3196959e 
Number of updated asset objects reloaded before import = 0
Number of asset objects unloaded after import = 0
========================================================================
Received Import Request.
  Time of request: 2026-09-19T15:00:42.665537Z
  Time since last request: 0.000945 seconds.
  importAddress: GUID: ba3bd539c0d56488dbde76ca701d1771 - Path: Packages/com.unity.collab-proxy/Lib/Editor/Localization/workspaceserver.ja.txt - Importer: ScriptedImporter/UnityEditor.QuickSearchModule:UnityEditor.Search:ASIAI0B
Importing 'GUID: ba3bd539c0d56488dbde76ca701d1771 - Path: Packages/com.unity.collab-proxy/Lib/Editor/Localization/workspaceserver.ja.txt - Importer: ScriptedImporter/UnityEditor.QuickSearchModule:UnityEditor.Search:ASIAI0B' with importer (ScriptedImporter : UnityEditor.QuickSearchModule:UnityEditor.Search:ASIAI0B)
Imported 'GUID: ba3bd539c0d56488dbde76ca701d1771' -> (Import Result ID: 'fa513e9b471e3c456265c51526730f88') in 0.028 seconds [static and dynamic dependencies]. Details - ImportResultOutputID=cbdfd59449c5865af0b215d98aba216a DependenciesID=bcb64ad278c79a2b8ccfce4d48d8992a StaticDependenciesID=36187495121830423328a19fe535ac9b 
Number of updated asset objects reloaded before import = 0
Number of asset objects unloaded after import = 1
========================================================================
Received Prepare
AcceleratorClientConnectionCallback - disconnected - :0
Begin MonoManager ReloadAssembly
'Packages/com.unity.render-pipelines.core/Editor/Deprecated.cs' contains partial class of Unity.Object, exactly 1 of the partial classes needs to be in a file with the same filename. This is to know the one that can be referenced from ie. GameObjects
'Packages/com.unity.render-pipelines.core/Editor/Deprecated.cs' contains partial class of Unity.Object, exactly 1 of the partial classes needs to be in a file with the same filename. This is to know the one that can be referenced from ie. GameObjects
Refreshing native plugins compatible for Editor in 3.77 ms, found 4 plugins.
Native extension for WindowsStandalone target not found
[Package Manager] Failed to launch server process. Reason: Unity was launched with the -noUpm command-line argument
[Package Manager] Unable to send message (not connected to server process).
[Package Manager] Cannot connect to Unity Package Manager local server
[Package Manager] Failed to launch server process. Reason: Unity was launched with the -noUpm command-line argument
[Package Manager] Unable to send message (not connected to server process).
[Package Manager] Cannot connect to Unity Package Manager local server
ScheduleIndexationOnStartup MainProcess:False IndexOnStartup:True
Scripting: successfully reloaded assembly
- Finished resetting the current domain, in  1.708 seconds
Domain Reload Profiling: 3752ms
	BeginReloadAssembly (508ms)
		DisableScriptedObjects (25ms)
		CreateAndSetChildDomain (109ms)
	RebuildCommonClasses (22ms)
	RebuildNativeTypeToScriptingClass (40ms)
	initialDomainReloadingComplete (127ms)
	LoadAllAssembliesAndSetupDomain (1346ms)
		LoadAssemblies (773ms)
		TypeCache.Refresh (22ms)
			TypeCache.ScanAssembly (3ms)
		AnalyzeDomain (386ms)
			BuildScriptInfoCaches (376ms)
			ResolveRequiredComponents (8ms)
	FinalizeReload (1709ms)
		SetupLoadedEditorAssemblies (0ms)
			LogAssemblyErrors (3ms)
			InitializePlatformSupportModulesInManaged (3ms)
			BeforeProcessingInitializeOnLoad (237ms)
			ProcessInitializeOnLoadAttributes (500ms)
			ProcessInitializeOnLoadMethodAttributes (221ms)
			AfterProcessingInitializeOnLoad (12ms)
		AwakeInstancesAfterBackupRestoration (44ms)
Refreshing native plugins compatible for Editor in 5.26 ms, found 4 plugins.
Unloading 62 Unused Serialized files (Serialized files now loaded: 0)
Unloading 6623 unused Assets / (9.0 MB). Loaded Objects now: 7517.
Memory consumption went from 349.2 MB to 340.2 MB.
Total: 16.081400 ms (FindLiveObjects: 0.998100 ms CreateObjectMapping: 0.627800 ms MarkObjects: 10.025400 ms  DeleteObjects: 3.980100 ms)

Prepare: number of updated asset objects reloaded= 0
Editor requested this worker to shutdown with reason: Scaling down because of idle timeout
AcceleratorClientConnectionCallback - disconnected - :0
AssetImportWorker is now disconnected from the server
Process exiting
[ExitDontLaunchBugReporter] Exiting without the bug reporter. Application will exit with return code 0
