[Licensing::Module] Trying to connect to existing licensing client channel...
[Licensing::IpcConnector] Successfully connected to: "LicenseClient-laiet" at "2026-09-19T15:08:14.7101411Z"
Built from '6000.6/respin/6000.6.0f1-fa21a270ab12' branch; Version is '6000.6.0f1 (f7f8ed4d1e24) revision 16251117'; Using compiler version '194234433'; Build Type 'Release'
OS: 'Windows 11  (10.0.26200) Core' Language: 'en' Physical Memory: 32389 MB
BatchMode: 1, IsHumanControllingUs: 0, StartBugReporterOnCrash: 0, Is64bit: 1
System  architecture: x64
Process architecture: x64
Date: 2026-09-19T15:08:14Z
[Licensing::Client] Code 10 while verifying Licensing Client signature (process Id: 21856, path: "C:/Program Files/Unity Hub/UnityLicensingClient_V1/Unity.Licensing.Client.exe")
[Licensing::Module] LicensingClient has failed validation; ignoring
[Licensing::Client] Error: HandshakeResponse reported an error:
	ResponseCode: 505
	ResponseStatus: Unsupported protocol version '1.18.3'.
[Licensing::Module] Error: Failed to handshake to channel: "LicenseClient-laiet"
[Licensing::IpcConnector] LicenseClient-laiet channel disconnected successfully.
[Licensing::IpcConnector] Successfully connected to: "LicenseClient-laiet-6000.6.0" at "2026-09-19T15:08:14.7991396Z"
[Licensing::Client] Code 10 while verifying Licensing Client signature (process Id: 33912, path: "C:/Program Files/Unity/Hub/Editor/6000.6.0f1/Editor/Data/Resources/Licensing/Client/Unity.Licensing.Client.exe")
[Licensing::Module] LicensingClient has failed validation; ignoring
[Licensing::Client] Handshaking with LicensingClient:
  Version:                 1.18.3+d7ffd15
  Session Id:              208b0219472242f7bae9668167119cd9
  Correlation Id:          fb2ee6f14907a2b5c5f65a6a70918669
  External correlation Id: 8451909995699321072
  Machine Id:              HCb8288S53yk6J8ODf7DAeTIerY=
[Licensing::Module] Successfully connected to LicensingClient on channel: "LicenseClient-laiet-6000.6.0" (connect: 0.00s, validation: 0.00s, handshake: 0.01s)
[Licensing::IpcConnector] Successfully connected to: "LicenseClient-laiet-6000.6.0-notifications" at "2026-09-19T15:08:14.8175608Z"
[Licensing::Module] Licensing Background thread has ended after 0.11s

COMMAND LINE ARGUMENTS:
C:\Program Files\Unity\Hub\Editor\6000.6.0f1\Editor\Unity.exe
-adb2
-batchMode
-noUpm
-name
AssetImportWorkerHW2
-projectPath
C:/Users/laiet/Desktop/Projects/bus-driver/BusDriver
-logFile
Logs/AssetImportWorkerHW2.log
-srvPort
64994
-parentPid
13432
-analyticsCloudUserId
3573732810916
-analyticsLocalProjectId
9bb8911c4fbd0cd49aed397f86ff2d8a
-editorAnalyticsEnabled
1
-cbmEditorLicense
cee8404d656a25eda48dfaf9880f2cb50a205b1c
-cbmMachineId
HCb8288S53yk6J8ODf7DAeTIerY=
-noDiagnosticSwitchPersistentStore
-job-worker-count
9
-background-job-worker-count
8
-asset-garbage-collectors
1
-force-d3d12
-name
AssetImport
Successfully changed project path to: C:/Users/laiet/Desktop/Projects/bus-driver/BusDriver
C:/Users/laiet/Desktop/Projects/bus-driver/BusDriver
[UnityMemory] Configuration Parameters - Can be set up in boot.config
    "memorysetup-temp-allocator-size-gi-baking-worker=262144"
    "memorysetup-temp-allocator-size-gi-baking-worker=262144"
    "memorysetup-temp-allocator-size-gi-baking-worker=262144"
    "memorysetup-temp-allocator-size-gi-baking-worker=262144"
    "memorysetup-temp-allocator-size-gi-baking-worker=262144"
    "memorysetup-temp-allocator-size-nav-mesh-worker=65536"
    "memorysetup-temp-allocator-size-audio-worker=65536"
    "memorysetup-temp-allocator-size-cloud-worker=32768"
    "memorysetup-temp-allocator-size-gfx=262144"
    "memorysetup-remapper-allocator-initial-capacity=32768"
    "memorysetup-temp-allocator-size-preload-manager=33554432"
    "memorysetup-allocator-temp-initial-block-size-main=262144"
    "memorysetup-allocator-temp-initial-block-size-worker=262144"
    "memorysetup-temp-allocator-size-job-worker=262144"
    "memorysetup-temp-allocator-size-background-worker=32768"
    "memorysetup-bucket-allocator-granularity=16"
    "memorysetup-bucket-allocator-bucket-count=8"
    "memorysetup-bucket-allocator-block-size=33554432"
    "memorysetup-bucket-allocator-block-count=8"
    "memorysetup-main-allocator-block-size=16777216"
    "memorysetup-thread-allocator-block-size=16777216"
    "memorysetup-main-allocator-mimalloc-enabled=1"
    "memorysetup-gfx-main-allocator-block-size=16777216"
    "memorysetup-gfx-thread-allocator-block-size=16777216"
    "memorysetup-cache-allocator-block-size=4194304"
    "memorysetup-typetree-allocator-block-size=2097152"
    "memorysetup-profiler-bucket-allocator-granularity=16"
    "memorysetup-profiler-bucket-allocator-bucket-count=8"
    "memorysetup-profiler-bucket-allocator-block-size=33554432"
    "memorysetup-profiler-bucket-allocator-block-count=8"
    "memorysetup-profiler-allocator-block-size=16777216"
    "memorysetup-profiler-editor-allocator-block-size=1048576"
    "memorysetup-temp-allocator-size-main=16777216"
    "memorysetup-job-temp-allocator-block-size=2097152"
    "memorysetup-job-temp-allocator-block-size-background=1048576"
    "memorysetup-job-temp-allocator-reduction-small-platforms=262144"
Player connection [11084]  Target information:

Player connection [11084]  * "[IP] 10.24.32.72 [Port] 0 [Flags] 2 [Guid] 2426594811 [EditorId] 2426594811 [Version] 1048832 [Id] WindowsEditor(7,EthanLai_Laptop) [Debug] 1 [PackageName] WindowsEditor [ProjectName] Editor" 

Player connection [11084] Host joined multi-casting on [225.0.0.222:54997]...
Player connection [11084] Host joined alternative multi-casting on [225.0.0.222:34997]...
JobSystem: Creating JobQueue using job-worker-count value 9
Input System module state changed to: Initialized.
[Physics::Module] Initialized fallback backend.
[Physics::Module] Id: 0xdecafbad
Library Redirect Path: Library/
[Physics::Module] Selected backend.
[Physics::Module] Name: PhysX
[Physics::Module] Id: 0xf2b8ea05
[Physics::Module] SDK Version: 4.1.2
[Physics::Module] Integration Version: 1.0.0
[Physics::Module] Threading Mode: Multi-Threaded
Refreshing native plugins compatible for Editor in 7.31 ms, found 4 plugins.
Initialize engine version: 6000.6.0f1 (f7f8ed4d1e24)
[EntityIdStore] init: VM path (explicit commit), pageSize=4096, blockCount=1048576, entitiesPerBlock=256, slots reserved=4294967296 bytes
[Subsystems] Discovering subsystems at path C:/Program Files/Unity/Hub/Editor/6000.6.0f1/Editor/Data/Resources/UnitySubsystems
[Subsystems] Discovering subsystems at path C:/Users/laiet/Desktop/Projects/bus-driver/BusDriver/Assets
Forcing GfxDevice: Direct3D 12
GfxDevice: creating device client; kGfxThreadingModeNonThreaded
d3d12: failed to query info queue interface (0x80004002).
Direct3D:
    Version:         Direct3D 12 [level 12.2]
    Renderer:        NVIDIA GeForce RTX 4070 Laptop GPU (ID=0x2820)
    Vendor:          NVIDIA
    VRAM:            7948 MB
    App VRAM Budget: 7180 MB
    Driver:          32.0.15.6607
Initialize mono
Mono path[0] = 'C:/Program Files/Unity/Hub/Editor/6000.6.0f1/Editor/Data/Managed'
Mono path[1] = 'C:/Program Files/Unity/Hub/Editor/6000.6.0f1/Editor/Data/BCLExtensions/runtime/netstandard2.1'
Mono path[2] = 'C:/Program Files/Unity/Hub/Editor/6000.6.0f1/Editor/Data/MonoBleedingEdge/lib/mono/unityjit-win32'
Mono config path = 'C:/Program Files/Unity/Hub/Editor/6000.6.0f1/Editor/Data/MonoBleedingEdge/etc'
Using monoOptions --debugger-agent=transport=dt_socket,embedding=1,server=y,suspend=n,address=127.0.0.1:56952
CodeReloadManager initialized
Begin MonoManager ReloadAssembly
Registering precompiled unity dll's ...
Register platform support module: C:/Program Files/Unity/Hub/Editor/6000.6.0f1/Editor/Data/PlaybackEngines/WindowsStandaloneSupport/UnityEditor.WindowsStandalone.Extensions.dll
Registered in 0.003210 seconds.
Native extension for WindowsStandalone target not found
Package Manager log level set to [2]
[Package Manager] Failed to launch server process. Reason: Unity was launched with the -noUpm command-line argument
[Package Manager] Unable to send message (not connected to server process).
[Package Manager] Cannot connect to Unity Package Manager local server
ScheduleIndexationOnStartup MainProcess:False IndexOnStartup:True
Scripting: successfully reloaded assembly
- Finished resetting the current domain, in  1.217 seconds
Domain Reload Profiling: 2654ms
	BeginReloadAssembly (341ms)
	RebuildCommonClasses (13ms)
	RebuildNativeTypeToScriptingClass (36ms)
	initialDomainReloadingComplete (183ms)
	LoadAllAssembliesAndSetupDomain (861ms)
		LoadAssemblies (333ms)
		TypeCache.Refresh (598ms)
			TypeCache.ScanAssembly (571ms)
		AnalyzeDomain (1ms)
	FinalizeReload (1220ms)
		SetupLoadedEditorAssemblies (0ms)
			LogAssemblyErrors (4ms)
			InitializePlatformSupportModulesInManaged (5ms)
			BeforeProcessingInitializeOnLoad (290ms)
			ProcessInitializeOnLoadAttributes (272ms)
			ProcessInitializeOnLoadMethodAttributes (393ms)
Initializing Unity extensions:
[Licensing::Client] Successfully resolved entitlement details
[Licensing::Module] License group:
  Id: F4-3WKU-2EDZ-P6WP-CPPR-XXXX
  Product: Unity Personal
  Type: ULF
  Expiration: Unlimited
========================================================================
Worker process is ready to serve import requests
Import Worker Mode flag is 0x00
Begin MonoManager ReloadAssembly
'Packages/com.unity.render-pipelines.core/Editor/Deprecated.cs' contains partial class of Unity.Object, exactly 1 of the partial classes needs to be in a file with the same filename. This is to know the one that can be referenced from ie. GameObjects
'Packages/com.unity.render-pipelines.core/Editor/Deprecated.cs' contains partial class of Unity.Object, exactly 1 of the partial classes needs to be in a file with the same filename. This is to know the one that can be referenced from ie. GameObjects
Refreshing native plugins compatible for Editor in 3.61 ms, found 4 plugins.
Native extension for WindowsStandalone target not found
[Package Manager] Failed to launch server process. Reason: Unity was launched with the -noUpm command-line argument
[Package Manager] Unable to send message (not connected to server process).
[Package Manager] Cannot connect to Unity Package Manager local server
[Package Manager] Failed to launch server process. Reason: Unity was launched with the -noUpm command-line argument
[Package Manager] Unable to send message (not connected to server process).
[Package Manager] Cannot connect to Unity Package Manager local server
ScheduleIndexationOnStartup MainProcess:False IndexOnStartup:True
Scripting: successfully reloaded assembly
- Finished resetting the current domain, in  1.503 seconds
Domain Reload Profiling: 3450ms
	BeginReloadAssembly (494ms)
		DisableScriptedObjects (20ms)
		CreateAndSetChildDomain (56ms)
	RebuildCommonClasses (18ms)
	RebuildNativeTypeToScriptingClass (45ms)
	initialDomainReloadingComplete (113ms)
	LoadAllAssembliesAndSetupDomain (1275ms)
		LoadAssemblies (699ms)
		TypeCache.Refresh (340ms)
			TypeCache.ScanAssembly (319ms)
		AnalyzeDomain (204ms)
			BuildScriptInfoCaches (195ms)
			ResolveRequiredComponents (7ms)
	FinalizeReload (1505ms)
		SetupLoadedEditorAssemblies (0ms)
			LogAssemblyErrors (10ms)
			InitializePlatformSupportModulesInManaged (3ms)
			BeforeProcessingInitializeOnLoad (366ms)
			ProcessInitializeOnLoadAttributes (522ms)
			ProcessInitializeOnLoadMethodAttributes (134ms)
			AfterProcessingInitializeOnLoad (10ms)
		AwakeInstancesAfterBackupRestoration (12ms)
AcceleratorClientConnectionCallback - disconnected - :0
Launched and connected shader compiler UnityShaderCompiler.exe after 0.02 seconds
Refreshing native plugins compatible for Editor in 4.80 ms, found 4 plugins.
Unloading 63 Unused Serialized files (Serialized files now loaded: 0)
Unloading 6625 unused Assets / (10.1 MB). Loaded Objects now: 7466.
Memory consumption went from 331.5 MB to 321.4 MB.
Total: 15.761900 ms (FindLiveObjects: 0.966000 ms CreateObjectMapping: 1.304900 ms MarkObjects: 8.958100 ms  DeleteObjects: 4.104500 ms)

========================================================================
Received Import Request.
  Time of request: 2026-09-19T15:08:23.9512771Z
  Time since last request: 365763.73703429999296 seconds.
  importAddress: GUID: d491adc3134c2ac4d9e3c61ed42a7ccd - Path: Packages/com.unity.collab-proxy/Editor/Views/Merge/Gluon/ChangeTreeViewItem.cs - Importer: ScriptedImporter/UnityEditor.QuickSearchModule:UnityEditor.Search:ASIAI0B
Importing 'GUID: d491adc3134c2ac4d9e3c61ed42a7ccd - Path: Packages/com.unity.collab-proxy/Editor/Views/Merge/Gluon/ChangeTreeViewItem.cs - Importer: ScriptedImporter/UnityEditor.QuickSearchModule:UnityEditor.Search:ASIAI0B' with importer (ScriptedImporter : UnityEditor.QuickSearchModule:UnityEditor.Search:ASIAI0B)
Imported 'GUID: d491adc3134c2ac4d9e3c61ed42a7ccd' -> (Import Result ID: '97b5922edcff615363352794ab1aed75') in 0.234 seconds [static and dynamic dependencies]. Details - ImportResultOutputID=fe0100d87124d295580ab2cdc6d308e4 DependenciesID=7547b394e3e8c3c59bb6c7197141415a StaticDependenciesID=22ffa182360028362c452b515836cb08 
Number of updated asset objects reloaded before import = 0
Number of asset objects unloaded after import = 0
========================================================================
Received Import Request.
  Time of request: 2026-09-19T15:08:24.2121915Z
  Time since last request: 0.0000973 seconds.
  importAddress: GUID: d287890d8b11cb7498506935c825b43d - Path: Packages/com.unity.collab-proxy/Editor/Views/Merge/Gluon/IncomingChangesSelection.cs - Importer: ScriptedImporter/UnityEditor.QuickSearchModule:UnityEditor.Search:ASIAI0B
Importing 'GUID: d287890d8b11cb7498506935c825b43d - Path: Packages/com.unity.collab-proxy/Editor/Views/Merge/Gluon/IncomingChangesSelection.cs - Importer: ScriptedImporter/UnityEditor.QuickSearchModule:UnityEditor.Search:ASIAI0B' with importer (ScriptedImporter : UnityEditor.QuickSearchModule:UnityEditor.Search:ASIAI0B)
Imported 'GUID: d287890d8b11cb7498506935c825b43d' -> (Import Result ID: '01ae7cd6bf553a1002655df70edc3399') in 0.006 seconds [static and dynamic dependencies]. Details - ImportResultOutputID=7e8f52b738e2d2df4bfa263cf4d3de9a DependenciesID=924c8ac0f978c07c15be3e8fb67f7d1c StaticDependenciesID=04e4c716a4a6f226daaf391e394552c8 
Number of updated asset objects reloaded before import = 0
Number of asset objects unloaded after import = 0
========================================================================
Received Import Request.
  Time of request: 2026-09-19T15:08:24.2544568Z
  Time since last request: 0.0007197 seconds.
  importAddress: GUID: 918b82076ea84e349af17dcbf45fa884 - Path: Packages/com.unity.collab-proxy/Editor/Diff/Asset/Diff/UnityObject/IdentityPairedDiffs.cs - Importer: ScriptedImporter/UnityEditor.QuickSearchModule:UnityEditor.Search:ASIAI0B
Importing 'GUID: 918b82076ea84e349af17dcbf45fa884 - Path: Packages/com.unity.collab-proxy/Editor/Diff/Asset/Diff/UnityObject/IdentityPairedDiffs.cs - Importer: ScriptedImporter/UnityEditor.QuickSearchModule:UnityEditor.Search:ASIAI0B' with importer (ScriptedImporter : UnityEditor.QuickSearchModule:UnityEditor.Search:ASIAI0B)
Imported 'GUID: 918b82076ea84e349af17dcbf45fa884' -> (Import Result ID: '804a92b4000a224a06130203fd4c704b') in 0.004 seconds [static and dynamic dependencies]. Details - ImportResultOutputID=d2263dd4389958ceef0ea6b6630c9e78 DependenciesID=7f81b1bb6bde5b6db0b29018307de4d8 StaticDependenciesID=b03909b08cd27c233e858682b3c50813 
Number of updated asset objects reloaded before import = 0
Number of asset objects unloaded after import = 0
========================================================================
Received Import Request.
  Time of request: 2026-09-19T15:08:24.2776242Z
  Time since last request: 0.0006544 seconds.
  importAddress: GUID: 5bd2166cb8eff417d8c9b840aeaa5709 - Path: Packages/com.unity.collab-proxy/Editor/Diff/Asset/Common/Meta/MetaPropertyTreeBuilder.cs - Importer: ScriptedImporter/UnityEditor.QuickSearchModule:UnityEditor.Search:ASIAI0B
Importing 'GUID: 5bd2166cb8eff417d8c9b840aeaa5709 - Path: Packages/com.unity.collab-proxy/Editor/Diff/Asset/Common/Meta/MetaPropertyTreeBuilder.cs - Importer: ScriptedImporter/UnityEditor.QuickSearchModule:UnityEditor.Search:ASIAI0B' with importer (ScriptedImporter : UnityEditor.QuickSearchModule:UnityEditor.Search:ASIAI0B)
Imported 'GUID: 5bd2166cb8eff417d8c9b840aeaa5709' -> (Import Result ID: '18189a360976d4bc1e3b861c83fbcd97') in 0.006 seconds [static and dynamic dependencies]. Details - ImportResultOutputID=8e0fbeee51b0e17a4f6efed2a07d2aa8 DependenciesID=fef910b17596336fdcc3bdf36c1369b7 StaticDependenciesID=e13bc239249c77598eac1c9ea79d2afe 
Number of updated asset objects reloaded before import = 0
Number of asset objects unloaded after import = 0
========================================================================
Received Import Request.
  Time of request: 2026-09-19T15:08:24.3127685Z
  Time since last request: 0.0008226 seconds.
  importAddress: GUID: 4371d9087059f4476a33331774fdb3b8 - Path: Packages/com.unity.collab-proxy/Editor/Diff/Asset/Diff/Filtering/ObjectDiffFilters.cs - Importer: ScriptedImporter/UnityEditor.QuickSearchModule:UnityEditor.Search:ASIAI0B
Importing 'GUID: 4371d9087059f4476a33331774fdb3b8 - Path: Packages/com.unity.collab-proxy/Editor/Diff/Asset/Diff/Filtering/ObjectDiffFilters.cs - Importer: ScriptedImporter/UnityEditor.QuickSearchModule:UnityEditor.Search:ASIAI0B' with importer (ScriptedImporter : UnityEditor.QuickSearchModule:UnityEditor.Search:ASIAI0B)
Imported 'GUID: 4371d9087059f4476a33331774fdb3b8' -> (Import Result ID: '5504a87b54e06ff31764224bf33fc1ac') in 0.003 seconds [static and dynamic dependencies]. Details - ImportResultOutputID=e49fabd4411d3bc30f44b84a2d6a66df DependenciesID=4ce7af54638a160d5829894818464d6e StaticDependenciesID=53adc52ae7b2878dc84037e763c92b1f 
Number of updated asset objects reloaded before import = 0
Number of asset objects unloaded after import = 0
========================================================================
Received Import Request.
  Time of request: 2026-09-19T15:08:24.3416624Z
  Time since last request: 0.0006906 seconds.
  importAddress: GUID: c584c584ba20f4daea226141b9e55bd0 - Path: Packages/com.unity.collab-proxy/Editor/Views/PendingChanges/Dialogs/DependenciesDialog.cs - Importer: ScriptedImporter/UnityEditor.QuickSearchModule:UnityEditor.Search:ASIAI0B
Importing 'GUID: c584c584ba20f4daea226141b9e55bd0 - Path: Packages/com.unity.collab-proxy/Editor/Views/PendingChanges/Dialogs/DependenciesDialog.cs - Importer: ScriptedImporter/UnityEditor.QuickSearchModule:UnityEditor.Search:ASIAI0B' with importer (ScriptedImporter : UnityEditor.QuickSearchModule:UnityEditor.Search:ASIAI0B)
Imported 'GUID: c584c584ba20f4daea226141b9e55bd0' -> (Import Result ID: '8d256bff7b1858ff99fe450529cad477') in 0.003 seconds [static and dynamic dependencies]. Details - ImportResultOutputID=43e303260990fbbb2a8996ae15109c38 DependenciesID=837650744f87e1446dae663b880bc194 StaticDependenciesID=8c13bb5ddbc1048d15c8f809aff1bd0e 
Number of updated asset objects reloaded before import = 0
Number of asset objects unloaded after import = 0
========================================================================
Received Import Request.
  Time of request: 2026-09-19T15:08:24.361676Z
  Time since last request: 0.0006141 seconds.
  importAddress: GUID: b10c9294742ed4040ad32d0b73b16c75 - Path: Packages/com.unity.collab-proxy/Editor/Views/Merge/Developer/MergeSelection.cs - Importer: ScriptedImporter/UnityEditor.QuickSearchModule:UnityEditor.Search:ASIAI0B
Importing 'GUID: b10c9294742ed4040ad32d0b73b16c75 - Path: Packages/com.unity.collab-proxy/Editor/Views/Merge/Developer/MergeSelection.cs - Importer: ScriptedImporter/UnityEditor.QuickSearchModule:UnityEditor.Search:ASIAI0B' with importer (ScriptedImporter : UnityEditor.QuickSearchModule:UnityEditor.Search:ASIAI0B)
Imported 'GUID: b10c9294742ed4040ad32d0b73b16c75' -> (Import Result ID: '72401b22eddd96ebe340c7a12330a2c6') in 0.003 seconds [static and dynamic dependencies]. Details - ImportResultOutputID=e815ed89ae9c88547efbda7a557921a4 DependenciesID=5c01fe881133b0634bdad70ffb92e8f0 StaticDependenciesID=aeadb39e655dc7c4216524cdac170828 
Number of updated asset objects reloaded before import = 0
Number of asset objects unloaded after import = 0
========================================================================
Received Import Request.
  Time of request: 2026-09-19T15:08:24.3887538Z
  Time since last request: 0.0006875 seconds.
  importAddress: GUID: 182343c61d477e2449cfbc9cb20dfb35 - Path: Packages/com.unity.collab-proxy/Editor/Views/Merge/Developer/MergeViewMenu.cs - Importer: ScriptedImporter/UnityEditor.QuickSearchModule:UnityEditor.Search:ASIAI0B
Importing 'GUID: 182343c61d477e2449cfbc9cb20dfb35 - Path: Packages/com.unity.collab-proxy/Editor/Views/Merge/Developer/MergeViewMenu.cs - Importer: ScriptedImporter/UnityEditor.QuickSearchModule:UnityEditor.Search:ASIAI0B' with importer (ScriptedImporter : UnityEditor.QuickSearchModule:UnityEditor.Search:ASIAI0B)
Imported 'GUID: 182343c61d477e2449cfbc9cb20dfb35' -> (Import Result ID: '7349298cd398804efae3ec69aebe1d67') in 0.003 seconds [static and dynamic dependencies]. Details - ImportResultOutputID=a9f4cf9fcf3eb1d6b19cf1585e76b6d1 DependenciesID=c96e7f4a1090aaeba7f10643a4c018bf StaticDependenciesID=13fc59f19b1a660df04d039e64dc45e8 
Number of updated asset objects reloaded before import = 0
Number of asset objects unloaded after import = 0
========================================================================
Received Import Request.
  Time of request: 2026-09-19T15:08:24.409074Z
  Time since last request: 0.000563 seconds.
  importAddress: GUID: 615fa68a626934ca28141174234fee26 - Path: Packages/com.unity.collab-proxy/Editor/Views/PendingChanges/Dialogs/CheckinConflictsDialog.cs - Importer: ScriptedImporter/UnityEditor.QuickSearchModule:UnityEditor.Search:ASIAI0B
Importing 'GUID: 615fa68a626934ca28141174234fee26 - Path: Packages/com.unity.collab-proxy/Editor/Views/PendingChanges/Dialogs/CheckinConflictsDialog.cs - Importer: ScriptedImporter/UnityEditor.QuickSearchModule:UnityEditor.Search:ASIAI0B' with importer (ScriptedImporter : UnityEditor.QuickSearchModule:UnityEditor.Search:ASIAI0B)
Imported 'GUID: 615fa68a626934ca28141174234fee26' -> (Import Result ID: '5ee38634c412160119a2c96d89081722') in 0.004 seconds [static and dynamic dependencies]. Details - ImportResultOutputID=bd5187ae1b9095168d15e310bfaacd13 DependenciesID=e1a36a2e5620fa446379ac2d14b0da17 StaticDependenciesID=0f5cee0e7416a6bc86d5cb1523b3a97a 
Number of updated asset objects reloaded before import = 0
Number of asset objects unloaded after import = 0
========================================================================
Received Import Request.
  Time of request: 2026-09-19T15:08:24.429643Z
  Time since last request: 0.000561 seconds.
  importAddress: GUID: 3ee6978573f6f410a9b799889ea0ad13 - Path: Packages/com.unity.collab-proxy/Editor/Views/PendingChanges/PendingMergeLinks/MergeLinksListView.cs - Importer: ScriptedImporter/UnityEditor.QuickSearchModule:UnityEditor.Search:ASIAI0B
Importing 'GUID: 3ee6978573f6f410a9b799889ea0ad13 - Path: Packages/com.unity.collab-proxy/Editor/Views/PendingChanges/PendingMergeLinks/MergeLinksListView.cs - Importer: ScriptedImporter/UnityEditor.QuickSearchModule:UnityEditor.Search:ASIAI0B' with importer (ScriptedImporter : UnityEditor.QuickSearchModule:UnityEditor.Search:ASIAI0B)
Imported 'GUID: 3ee6978573f6f410a9b799889ea0ad13' -> (Import Result ID: '876b08ed026ad71fa05ea48783c5338a') in 0.003 seconds [static and dynamic dependencies]. Details - ImportResultOutputID=2a9f20b8f332e7edad4796b8e41ea764 DependenciesID=d3bae4f55bd7f2cf66d037e6c310eba9 StaticDependenciesID=1dd17cfc3d7a693b7e4a5de7aff04b84 
Number of updated asset objects reloaded before import = 0
Number of asset objects unloaded after import = 0
========================================================================
Received Import Request.
  Time of request: 2026-09-19T15:08:24.4512991Z
  Time since last request: 0.0004305 seconds.
  importAddress: GUID: 45d03e5c984da3448b417289e95e4291 - Path: Packages/com.unity.collab-proxy/Editor/Views/PendingChanges/Dialogs/FilterRulesConfirmationDialog.cs - Importer: ScriptedImporter/UnityEditor.QuickSearchModule:UnityEditor.Search:ASIAI0B
Importing 'GUID: 45d03e5c984da3448b417289e95e4291 - Path: Packages/com.unity.collab-proxy/Editor/Views/PendingChanges/Dialogs/FilterRulesConfirmationDialog.cs - Importer: ScriptedImporter/UnityEditor.QuickSearchModule:UnityEditor.Search:ASIAI0B' with importer (ScriptedImporter : UnityEditor.QuickSearchModule:UnityEditor.Search:ASIAI0B)
Imported 'GUID: 45d03e5c984da3448b417289e95e4291' -> (Import Result ID: '0ddec86b35d269be9df4368e9e2421f8') in 0.004 seconds [static and dynamic dependencies]. Details - ImportResultOutputID=3fa571abe3c37476e63b9eed6672239f DependenciesID=454f1b900350ffa8cbd1a6ac9399a93e StaticDependenciesID=df0b6f0da0e9f3050b8740fdd246851a 
Number of updated asset objects reloaded before import = 0
Number of asset objects unloaded after import = 0
========================================================================
Received Import Request.
  Time of request: 2026-09-19T15:08:24.4748254Z
  Time since last request: 0.001037 seconds.
  importAddress: GUID: 42bc4cfe52d940d0b8b6f005cf6b0b12 - Path: Packages/com.unity.collab-proxy/Editor/Diff/Asset/Diff/UnityObject/ObjectDiffGrouping.cs - Importer: ScriptedImporter/UnityEditor.QuickSearchModule:UnityEditor.Search:ASIAI0B
Importing 'GUID: 42bc4cfe52d940d0b8b6f005cf6b0b12 - Path: Packages/com.unity.collab-proxy/Editor/Diff/Asset/Diff/UnityObject/ObjectDiffGrouping.cs - Importer: ScriptedImporter/UnityEditor.QuickSearchModule:UnityEditor.Search:ASIAI0B' with importer (ScriptedImporter : UnityEditor.QuickSearchModule:UnityEditor.Search:ASIAI0B)
Imported 'GUID: 42bc4cfe52d940d0b8b6f005cf6b0b12' -> (Import Result ID: '5df4a23fae58519f54cf03407f64b159') in 0.003 seconds [static and dynamic dependencies]. Details - ImportResultOutputID=fd96a80d02023c3378ee80b7576f6950 DependenciesID=f7ed5c148776e242983e3581a7d5cb95 StaticDependenciesID=b1fb8635a8fb5d746be5febd78f66e00 
Number of updated asset objects reloaded before import = 0
Number of asset objects unloaded after import = 0
========================================================================
Received Import Request.
  Time of request: 2026-09-19T15:08:24.4996942Z
  Time since last request: 0.0005501 seconds.
  importAddress: GUID: c9091bce433442d9b53aa8c577305e57 - Path: Packages/com.unity.collab-proxy/Editor/Diff/Asset/Diff/UnityObject/UnityObjectDiffs.cs - Importer: ScriptedImporter/UnityEditor.QuickSearchModule:UnityEditor.Search:ASIAI0B
Importing 'GUID: c9091bce433442d9b53aa8c577305e57 - Path: Packages/com.unity.collab-proxy/Editor/Diff/Asset/Diff/UnityObject/UnityObjectDiffs.cs - Importer: ScriptedImporter/UnityEditor.QuickSearchModule:UnityEditor.Search:ASIAI0B' with importer (ScriptedImporter : UnityEditor.QuickSearchModule:UnityEditor.Search:ASIAI0B)
Imported 'GUID: c9091bce433442d9b53aa8c577305e57' -> (Import Result ID: '55086885b8a160b03476e598313b1ead') in 0.003 seconds [static and dynamic dependencies]. Details - ImportResultOutputID=33409a75c9b50c49b1994b8e8cee2025 DependenciesID=9d03d0061d487d9617594cd476b04c66 StaticDependenciesID=eb9ec8e581fc3479553119bcf784b9c3 
Number of updated asset objects reloaded before import = 0
Number of asset objects unloaded after import = 0
========================================================================
Received Import Request.
  Time of request: 2026-09-19T15:08:24.5172615Z
  Time since last request: 0.0006379 seconds.
  importAddress: GUID: faf2afd8696f4604f82f46b06b357f06 - Path: Packages/com.unity.collab-proxy/Editor/Views/Merge/Gluon/ChangeCategoryTreeViewItem.cs - Importer: ScriptedImporter/UnityEditor.QuickSearchModule:UnityEditor.Search:ASIAI0B
Importing 'GUID: faf2afd8696f4604f82f46b06b357f06 - Path: Packages/com.unity.collab-proxy/Editor/Views/Merge/Gluon/ChangeCategoryTreeViewItem.cs - Importer: ScriptedImporter/UnityEditor.QuickSearchModule:UnityEditor.Search:ASIAI0B' with importer (ScriptedImporter : UnityEditor.QuickSearchModule:UnityEditor.Search:ASIAI0B)
Imported 'GUID: faf2afd8696f4604f82f46b06b357f06' -> (Import Result ID: '90abaf95b0ce52a9db33563f30a9cb3e') in 0.003 seconds [static and dynamic dependencies]. Details - ImportResultOutputID=54fe631ce9aa35aaa41e9c835625ca0b DependenciesID=62f147a48dc5765ffe6fd4ca9db24610 StaticDependenciesID=c49e98a702928788c9ee17f1e12b1199 
Number of updated asset objects reloaded before import = 0
Number of asset objects unloaded after import = 0
========================================================================
Received Import Request.
  Time of request: 2026-09-19T15:08:24.5367876Z
  Time since last request: 0.0008714 seconds.
  importAddress: GUID: 4f04b21b06239da4f95a5a9753647440 - Path: Packages/com.unity.collab-proxy/Editor/Views/Merge/Developer/MergeTab.cs - Importer: ScriptedImporter/UnityEditor.QuickSearchModule:UnityEditor.Search:ASIAI0B
Importing 'GUID: 4f04b21b06239da4f95a5a9753647440 - Path: Packages/com.unity.collab-proxy/Editor/Views/Merge/Developer/MergeTab.cs - Importer: ScriptedImporter/UnityEditor.QuickSearchModule:UnityEditor.Search:ASIAI0B' with importer (ScriptedImporter : UnityEditor.QuickSearchModule:UnityEditor.Search:ASIAI0B)
Imported 'GUID: 4f04b21b06239da4f95a5a9753647440' -> (Import Result ID: '10386501a333bb86d5fc024f713c29d8') in 0.002 seconds [static and dynamic dependencies]. Details - ImportResultOutputID=b32b50c351c625552e488ab803039817 DependenciesID=103026e87fe20d2c8cb64a5c894020ee StaticDependenciesID=bcffe69f0d3d7430aa6be9c12af03cbe 
Number of updated asset objects reloaded before import = 0
Number of asset objects unloaded after import = 0
========================================================================
Received Import Request.
  Time of request: 2026-09-19T15:08:24.5543411Z
  Time since last request: 0.0006095 seconds.
  importAddress: GUID: 25c9bc31827789b43b8ddb4abee2a205 - Path: Packages/com.unity.collab-proxy/Editor/Views/Merge/Developer/MergeViewFileConflictMenu.cs - Importer: ScriptedImporter/UnityEditor.QuickSearchModule:UnityEditor.Search:ASIAI0B
Importing 'GUID: 25c9bc31827789b43b8ddb4abee2a205 - Path: Packages/com.unity.collab-proxy/Editor/Views/Merge/Developer/MergeViewFileConflictMenu.cs - Importer: ScriptedImporter/UnityEditor.QuickSearchModule:UnityEditor.Search:ASIAI0B' with importer (ScriptedImporter : UnityEditor.QuickSearchModule:UnityEditor.Search:ASIAI0B)
Imported 'GUID: 25c9bc31827789b43b8ddb4abee2a205' -> (Import Result ID: 'ad508f34a2c1e0c10457bcb44cee7184') in 0.003 seconds [static and dynamic dependencies]. Details - ImportResultOutputID=326c6529c1f7035d872236bf2b39e83d DependenciesID=c08db0b77b5c9e496a218613a011fc9f StaticDependenciesID=c3323fb5f76b0a21346ec96067583908 
Number of updated asset objects reloaded before import = 0
Number of asset objects unloaded after import = 0
========================================================================
Received Import Request.
  Time of request: 2026-09-19T15:08:24.5743435Z
  Time since last request: 0.0006614 seconds.
  importAddress: GUID: c305dffd0bd94ae788894e50eb35e343 - Path: Packages/com.unity.collab-proxy/Editor/Diff/Asset/Content/Meta/MetaFileContents.cs - Importer: ScriptedImporter/UnityEditor.QuickSearchModule:UnityEditor.Search:ASIAI0B
Importing 'GUID: c305dffd0bd94ae788894e50eb35e343 - Path: Packages/com.unity.collab-proxy/Editor/Diff/Asset/Content/Meta/MetaFileContents.cs - Importer: ScriptedImporter/UnityEditor.QuickSearchModule:UnityEditor.Search:ASIAI0B' with importer (ScriptedImporter : UnityEditor.QuickSearchModule:UnityEditor.Search:ASIAI0B)
Imported 'GUID: c305dffd0bd94ae788894e50eb35e343' -> (Import Result ID: 'b6389b7c06c4dde329678b55671d61dd') in 0.004 seconds [static and dynamic dependencies]. Details - ImportResultOutputID=19d070e91b723a089acd67a56e4d9243 DependenciesID=a3543b5fa4c7b035a40c47af54221f9e StaticDependenciesID=01707d50aa782e41f807cc28724618a1 
Number of updated asset objects reloaded before import = 0
Number of asset objects unloaded after import = 0
========================================================================
Received Import Request.
  Time of request: 2026-09-19T15:08:24.5970069Z
  Time since last request: 0.0006219 seconds.
  importAddress: GUID: a3d594c59c4d4cbfb273172a2edb6247 - Path: Packages/com.unity.collab-proxy/Editor/Diff/Asset/Common/Property/LeafPropertyData.cs - Importer: ScriptedImporter/UnityEditor.QuickSearchModule:UnityEditor.Search:ASIAI0B
Importing 'GUID: a3d594c59c4d4cbfb273172a2edb6247 - Path: Packages/com.unity.collab-proxy/Editor/Diff/Asset/Common/Property/LeafPropertyData.cs - Importer: ScriptedImporter/UnityEditor.QuickSearchModule:UnityEditor.Search:ASIAI0B' with importer (ScriptedImporter : UnityEditor.QuickSearchModule:UnityEditor.Search:ASIAI0B)
Imported 'GUID: a3d594c59c4d4cbfb273172a2edb6247' -> (Import Result ID: 'a0779c760292b039e192919256f06372') in 0.003 seconds [static and dynamic dependencies]. Details - ImportResultOutputID=2afdf78e66c46f1e2d1f0bfc1b5214f5 DependenciesID=c5c9da0b45641c60833cc477811d1d66 StaticDependenciesID=6eb3a965ae608ddf4ef9dd4d484b37e0 
Number of updated asset objects reloaded before import = 0
Number of asset objects unloaded after import = 0
========================================================================
Received Import Request.
  Time of request: 2026-09-19T15:08:24.6193912Z
  Time since last request: 0.0005172 seconds.
  importAddress: GUID: 17a6aa48df0d4d69a081f9c2b83ecb1c - Path: Packages/com.unity.collab-proxy/Editor/Diff/Asset/Content/UnityObject/UnityObjectContents.cs - Importer: ScriptedImporter/UnityEditor.QuickSearchModule:UnityEditor.Search:ASIAI0B
Importing 'GUID: 17a6aa48df0d4d69a081f9c2b83ecb1c - Path: Packages/com.unity.collab-proxy/Editor/Diff/Asset/Content/UnityObject/UnityObjectContents.cs - Importer: ScriptedImporter/UnityEditor.QuickSearchModule:UnityEditor.Search:ASIAI0B' with importer (ScriptedImporter : UnityEditor.QuickSearchModule:UnityEditor.Search:ASIAI0B)
Imported 'GUID: 17a6aa48df0d4d69a081f9c2b83ecb1c' -> (Import Result ID: '48097cd9934af10756261ac4ae6d25ee') in 0.004 seconds [static and dynamic dependencies]. Details - ImportResultOutputID=d7539046e96cddc8d1efe62729a3603a DependenciesID=c4847e295838cc047c9b9f8a8b40db94 StaticDependenciesID=daad1d83e272a6b48dfa12f7d185f036 
Number of updated asset objects reloaded before import = 0
Number of asset objects unloaded after import = 0
========================================================================
Received Import Request.
  Time of request: 2026-09-19T15:08:24.6704589Z
  Time since last request: 0.0285991 seconds.
  importAddress: GUID: 2eacfa118da243d793403d45660ec6e1 - Path: Packages/com.unity.collab-proxy/Editor/Views/BranchExplorer/Drawing/Shapes/BrExShape.cs - Importer: ScriptedImporter/UnityEditor.QuickSearchModule:UnityEditor.Search:ASIAI0B
Importing 'GUID: 2eacfa118da243d793403d45660ec6e1 - Path: Packages/com.unity.collab-proxy/Editor/Views/BranchExplorer/Drawing/Shapes/BrExShape.cs - Importer: ScriptedImporter/UnityEditor.QuickSearchModule:UnityEditor.Search:ASIAI0B' with importer (ScriptedImporter : UnityEditor.QuickSearchModule:UnityEditor.Search:ASIAI0B)
Imported 'GUID: 2eacfa118da243d793403d45660ec6e1' -> (Import Result ID: '78c0365115776100a85b8a916a5e31dd') in 0.003 seconds [static and dynamic dependencies]. Details - ImportResultOutputID=e96acd8c55a925d292d97b092c4a5534 DependenciesID=ba6ef5d623fc1cffed10c63e9a4db815 StaticDependenciesID=0a95774d75215b151e19ffdcca749e8d 
Number of updated asset objects reloaded before import = 0
Number of asset objects unloaded after import = 0
========================================================================
Received Import Request.
  Time of request: 2026-09-19T15:08:24.6917117Z
  Time since last request: 0.0007602 seconds.
  importAddress: GUID: 22fddd1dbabe4f35b6d26dd7691d9882 - Path: Packages/com.unity.collab-proxy/Editor/Views/BranchExplorer/Drawing/Shapes/Colors/BrExLineWidths.cs - Importer: ScriptedImporter/UnityEditor.QuickSearchModule:UnityEditor.Search:ASIAI0B
Importing 'GUID: 22fddd1dbabe4f35b6d26dd7691d9882 - Path: Packages/com.unity.collab-proxy/Editor/Views/BranchExplorer/Drawing/Shapes/Colors/BrExLineWidths.cs - Importer: ScriptedImporter/UnityEditor.QuickSearchModule:UnityEditor.Search:ASIAI0B' with importer (ScriptedImporter : UnityEditor.QuickSearchModule:UnityEditor.Search:ASIAI0B)
Imported 'GUID: 22fddd1dbabe4f35b6d26dd7691d9882' -> (Import Result ID: 'fe262285483ccfeacff11d8531e4a549') in 0.003 seconds [static and dynamic dependencies]. Details - ImportResultOutputID=7e77a72a83de3b54a1ac1ddd3a5b4272 DependenciesID=0719e6eddbc4a1dadae63d54f786778f StaticDependenciesID=e592d07d3e1a9dd60a382ee4b06e7414 
Number of updated asset objects reloaded before import = 0
Number of asset objects unloaded after import = 0
========================================================================
Received Import Request.
  Time of request: 2026-09-19T15:08:24.7124098Z
  Time since last request: 0.0007044 seconds.
  importAddress: GUID: d70feb2c54194e908a40806cbe2fa27f - Path: Packages/com.unity.collab-proxy/Editor/UI/UnityInternals/UnityEditor/SceneManagement/PrefabStageExtensions.cs - Importer: ScriptedImporter/UnityEditor.QuickSearchModule:UnityEditor.Search:ASIAI0B
Importing 'GUID: d70feb2c54194e908a40806cbe2fa27f - Path: Packages/com.unity.collab-proxy/Editor/UI/UnityInternals/UnityEditor/SceneManagement/PrefabStageExtensions.cs - Importer: ScriptedImporter/UnityEditor.QuickSearchModule:UnityEditor.Search:ASIAI0B' with importer (ScriptedImporter : UnityEditor.QuickSearchModule:UnityEditor.Search:ASIAI0B)
Imported 'GUID: d70feb2c54194e908a40806cbe2fa27f' -> (Import Result ID: '14a28d0937d320b94e893eab39499fd2') in 0.003 seconds [static and dynamic dependencies]. Details - ImportResultOutputID=b0381a990d2ddebe13a7f24fa3bf5818 DependenciesID=c11ec9d1b7086d13c3bfd2dc09e737d4 StaticDependenciesID=6e438ac52c6cac61af89abbe92c7df40 
Number of updated asset objects reloaded before import = 0
Number of asset objects unloaded after import = 0
========================================================================
Received Import Request.
  Time of request: 2026-09-19T15:08:24.7343968Z
  Time since last request: 0.0006395 seconds.
  importAddress: GUID: 339bb0bea15547279a13171ebf92c4e9 - Path: Packages/com.unity.collab-proxy/Editor/Views/BranchExplorer/Drawing/Shapes/Connections/Degrees.cs - Importer: ScriptedImporter/UnityEditor.QuickSearchModule:UnityEditor.Search:ASIAI0B
Importing 'GUID: 339bb0bea15547279a13171ebf92c4e9 - Path: Packages/com.unity.collab-proxy/Editor/Views/BranchExplorer/Drawing/Shapes/Connections/Degrees.cs - Importer: ScriptedImporter/UnityEditor.QuickSearchModule:UnityEditor.Search:ASIAI0B' with importer (ScriptedImporter : UnityEditor.QuickSearchModule:UnityEditor.Search:ASIAI0B)
Imported 'GUID: 339bb0bea15547279a13171ebf92c4e9' -> (Import Result ID: '2d21d1887406511a922e335fad6c7577') in 0.003 seconds [static and dynamic dependencies]. Details - ImportResultOutputID=b51586ae2ab5ceab34ea2a2cbd71d64d DependenciesID=7865d3ae909e6ab2717c09b40def2c58 StaticDependenciesID=6cfc647abefe2b41fee0ea9ca6ca7287 
Number of updated asset objects reloaded before import = 0
Number of asset objects unloaded after import = 0
========================================================================
Received Import Request.
  Time of request: 2026-09-19T15:08:24.7549562Z
  Time since last request: 0.0005874 seconds.
  importAddress: GUID: 7f3c21f21c1f248ccae8e74af719a88c - Path: Packages/com.unity.collab-proxy/Editor/Views/BranchExplorer/Options/ConditionalFormat/RuleData.cs - Importer: ScriptedImporter/UnityEditor.QuickSearchModule:UnityEditor.Search:ASIAI0B
Importing 'GUID: 7f3c21f21c1f248ccae8e74af719a88c - Path: Packages/com.unity.collab-proxy/Editor/Views/BranchExplorer/Options/ConditionalFormat/RuleData.cs - Importer: ScriptedImporter/UnityEditor.QuickSearchModule:UnityEditor.Search:ASIAI0B' with importer (ScriptedImporter : UnityEditor.QuickSearchModule:UnityEditor.Search:ASIAI0B)
Imported 'GUID: 7f3c21f21c1f248ccae8e74af719a88c' -> (Import Result ID: 'a07bfd7d69a9a72e3b2c29b480dd59d9') in 0.006 seconds [static and dynamic dependencies]. Details - ImportResultOutputID=8bca95d2dcb056c9fd045593039ff518 DependenciesID=3ad1dd358b7bc5ff2a248210b0fff8c1 StaticDependenciesID=040410671d8473f4f4d6c38add84b307 
Number of updated asset objects reloaded before import = 0
Number of asset objects unloaded after import = 0
========================================================================
Received Import Request.
  Time of request: 2026-09-19T15:08:24.7780553Z
  Time since last request: 0.0007852 seconds.
  importAddress: GUID: d06d818a8b620bd4fb87f10782aec42b - Path: Packages/com.unity.collab-proxy/Editor/Views/Merge/Developer/DirectoryConflicts/AddMoveMenu.cs - Importer: ScriptedImporter/UnityEditor.QuickSearchModule:UnityEditor.Search:ASIAI0B
Importing 'GUID: d06d818a8b620bd4fb87f10782aec42b - Path: Packages/com.unity.collab-proxy/Editor/Views/Merge/Developer/DirectoryConflicts/AddMoveMenu.cs - Importer: ScriptedImporter/UnityEditor.QuickSearchModule:UnityEditor.Search:ASIAI0B' with importer (ScriptedImporter : UnityEditor.QuickSearchModule:UnityEditor.Search:ASIAI0B)
Imported 'GUID: d06d818a8b620bd4fb87f10782aec42b' -> (Import Result ID: '55bc049eba3ba928c01239a91e577a43') in 0.003 seconds [static and dynamic dependencies]. Details - ImportResultOutputID=a22bbaaae1752a3b2f2bf9bce3de4c5a DependenciesID=404a2b2d89d48819ca2caede33c051f6 StaticDependenciesID=c57e6c7eebca25ce8971afdc41c7383b 
Number of updated asset objects reloaded before import = 0
Number of asset objects unloaded after import = 0
========================================================================
Received Import Request.
  Time of request: 2026-09-19T15:08:24.7999112Z
  Time since last request: 0.0006299 seconds.
  importAddress: GUID: bddb6813a13a4bf892c0927184324e20 - Path: Packages/com.unity.collab-proxy/Editor/Views/BranchExplorer/Drawing/Shapes/TryClipSegment.cs - Importer: ScriptedImporter/UnityEditor.QuickSearchModule:UnityEditor.Search:ASIAI0B
Importing 'GUID: bddb6813a13a4bf892c0927184324e20 - Path: Packages/com.unity.collab-proxy/Editor/Views/BranchExplorer/Drawing/Shapes/TryClipSegment.cs - Importer: ScriptedImporter/UnityEditor.QuickSearchModule:UnityEditor.Search:ASIAI0B' with importer (ScriptedImporter : UnityEditor.QuickSearchModule:UnityEditor.Search:ASIAI0B)
Imported 'GUID: bddb6813a13a4bf892c0927184324e20' -> (Import Result ID: '8558f02035bdf3067d4aa03b420c683e') in 0.005 seconds [static and dynamic dependencies]. Details - ImportResultOutputID=8990f62669229cdecefacc2b5d58a960 DependenciesID=8fc904307e2b12e671e690c3bb01a1be StaticDependenciesID=6063ecd24e2369be70be8e93318d271e 
Number of updated asset objects reloaded before import = 0
Number of asset objects unloaded after import = 0
========================================================================
Received Import Request.
  Time of request: 2026-09-19T15:08:24.8227406Z
  Time since last request: 0.0007217 seconds.
  importAddress: GUID: 4805ac0c590d4c9a8134f0df52d0fb7c - Path: Packages/com.unity.collab-proxy/Editor/Views/BranchExplorer/Drawing/Shapes/Colors/BrExColors.cs - Importer: ScriptedImporter/UnityEditor.QuickSearchModule:UnityEditor.Search:ASIAI0B
Importing 'GUID: 4805ac0c590d4c9a8134f0df52d0fb7c - Path: Packages/com.unity.collab-proxy/Editor/Views/BranchExplorer/Drawing/Shapes/Colors/BrExColors.cs - Importer: ScriptedImporter/UnityEditor.QuickSearchModule:UnityEditor.Search:ASIAI0B' with importer (ScriptedImporter : UnityEditor.QuickSearchModule:UnityEditor.Search:ASIAI0B)
Imported 'GUID: 4805ac0c590d4c9a8134f0df52d0fb7c' -> (Import Result ID: '025093de6d3a0cff65d6a1174523bc48') in 0.003 seconds [static and dynamic dependencies]. Details - ImportResultOutputID=4671e059f7676596058548abae685626 DependenciesID=8c1603a3d9af80d3e912525aabac887a StaticDependenciesID=e7f45846267a4d0724ba09c7ce2f30f2 
Number of updated asset objects reloaded before import = 0
Number of asset objects unloaded after import = 0
========================================================================
Received Import Request.
  Time of request: 2026-09-19T15:08:24.8458312Z
  Time since last request: 0.0006216 seconds.
  importAddress: GUID: 6dda1ef365cc6be4c90d328c331d643c - Path: Packages/com.unity.collab-proxy/Editor/Views/Merge/Developer/DirectoryConflicts/DeleteMoveMenu.cs - Importer: ScriptedImporter/UnityEditor.QuickSearchModule:UnityEditor.Search:ASIAI0B
Importing 'GUID: 6dda1ef365cc6be4c90d328c331d643c - Path: Packages/com.unity.collab-proxy/Editor/Views/Merge/Developer/DirectoryConflicts/DeleteMoveMenu.cs - Importer: ScriptedImporter/UnityEditor.QuickSearchModule:UnityEditor.Search:ASIAI0B' with importer (ScriptedImporter : UnityEditor.QuickSearchModule:UnityEditor.Search:ASIAI0B)
Imported 'GUID: 6dda1ef365cc6be4c90d328c331d643c' -> (Import Result ID: '61d5492662fd87d21c2d772054b758a4') in 0.004 seconds [static and dynamic dependencies]. Details - ImportResultOutputID=6897348e4f175e2e449ed443921ddb1a DependenciesID=64e2dcdcd5e023cbf7308ba725263b2b StaticDependenciesID=05f042adeffa8e693ec09c6452e3a644 
Number of updated asset objects reloaded before import = 0
Number of asset objects unloaded after import = 0
========================================================================
Received Import Request.
  Time of request: 2026-09-19T15:08:24.8682001Z
  Time since last request: 0.0006559 seconds.
  importAddress: GUID: 0b4508d282e94f37a6429cd6a3468e8e - Path: Packages/com.unity.collab-proxy/Editor/Views/BranchExplorer/Drawing/Shapes/MergeLinkShape.cs - Importer: ScriptedImporter/UnityEditor.QuickSearchModule:UnityEditor.Search:ASIAI0B
Importing 'GUID: 0b4508d282e94f37a6429cd6a3468e8e - Path: Packages/com.unity.collab-proxy/Editor/Views/BranchExplorer/Drawing/Shapes/MergeLinkShape.cs - Importer: ScriptedImporter/UnityEditor.QuickSearchModule:UnityEditor.Search:ASIAI0B' with importer (ScriptedImporter : UnityEditor.QuickSearchModule:UnityEditor.Search:ASIAI0B)
Imported 'GUID: 0b4508d282e94f37a6429cd6a3468e8e' -> (Import Result ID: 'd37c978a2f60213376157f32a1fd7bc0') in 0.003 seconds [static and dynamic dependencies]. Details - ImportResultOutputID=e8ea9b20bbec84a5630d8a13a05a404d DependenciesID=789a55626ad5bfb7e4dc8a7c18e0fcd6 StaticDependenciesID=67c183336d862395b785188506240ea8 
Number of updated asset objects reloaded before import = 0
Number of asset objects unloaded after import = 0
========================================================================
Received Import Request.
  Time of request: 2026-09-19T15:08:24.8902731Z
  Time since last request: 0.0007426 seconds.
  importAddress: GUID: d5deddb7ed7802d41947ef9ac98ccd56 - Path: Packages/com.unity.collab-proxy/Editor/Views/Merge/Developer/DirectoryConflicts/MovedEvilTwinMenu.cs - Importer: ScriptedImporter/UnityEditor.QuickSearchModule:UnityEditor.Search:ASIAI0B
Importing 'GUID: d5deddb7ed7802d41947ef9ac98ccd56 - Path: Packages/com.unity.collab-proxy/Editor/Views/Merge/Developer/DirectoryConflicts/MovedEvilTwinMenu.cs - Importer: ScriptedImporter/UnityEditor.QuickSearchModule:UnityEditor.Search:ASIAI0B' with importer (ScriptedImporter : UnityEditor.QuickSearchModule:UnityEditor.Search:ASIAI0B)
Imported 'GUID: d5deddb7ed7802d41947ef9ac98ccd56' -> (Import Result ID: '8f415073396208c5ece75a1c9f08f955') in 0.003 seconds [static and dynamic dependencies]. Details - ImportResultOutputID=aa0f2583a90edd7f520bc6b5c0c935a8 DependenciesID=371c7aea82ebecc63c72122cdb4e739b StaticDependenciesID=df1bf3de3e011746657c34d78f5d1c68 
Number of updated asset objects reloaded before import = 0
Number of asset objects unloaded after import = 0
========================================================================
Received Import Request.
  Time of request: 2026-09-19T15:08:24.9223131Z
  Time since last request: 0.0005327 seconds.
  importAddress: GUID: c24fdb91749740eea5515d6db87aafd9 - Path: Packages/com.unity.collab-proxy/Editor/Views/BranchExplorer/Drawing/Shapes/ParentLinkShape.cs - Importer: ScriptedImporter/UnityEditor.QuickSearchModule:UnityEditor.Search:ASIAI0B
Importing 'GUID: c24fdb91749740eea5515d6db87aafd9 - Path: Packages/com.unity.collab-proxy/Editor/Views/BranchExplorer/Drawing/Shapes/ParentLinkShape.cs - Importer: ScriptedImporter/UnityEditor.QuickSearchModule:UnityEditor.Search:ASIAI0B' with importer (ScriptedImporter : UnityEditor.QuickSearchModule:UnityEditor.Search:ASIAI0B)
Imported 'GUID: c24fdb91749740eea5515d6db87aafd9' -> (Import Result ID: 'a7354219ec808fb62f527633f396d4f4') in 0.003 seconds [static and dynamic dependencies]. Details - ImportResultOutputID=3526709cddb5d33247cd025edbdf41e1 DependenciesID=f8c543c3257d55b42e1cebb5fc769d04 StaticDependenciesID=6859466cd5ad0e110baec7ea583c5048 
Number of updated asset objects reloaded before import = 0
Number of asset objects unloaded after import = 0
========================================================================
Received Import Request.
  Time of request: 2026-09-19T15:08:24.9443852Z
  Time since last request: 0.0004989 seconds.
  importAddress: GUID: 7f5193b7e776436a9f838cd480cb7460 - Path: Packages/com.unity.collab-proxy/Editor/Views/BranchExplorer/Drawing/Shapes/BranchShape.cs - Importer: ScriptedImporter/UnityEditor.QuickSearchModule:UnityEditor.Search:ASIAI0B
Importing 'GUID: 7f5193b7e776436a9f838cd480cb7460 - Path: Packages/com.unity.collab-proxy/Editor/Views/BranchExplorer/Drawing/Shapes/BranchShape.cs - Importer: ScriptedImporter/UnityEditor.QuickSearchModule:UnityEditor.Search:ASIAI0B' with importer (ScriptedImporter : UnityEditor.QuickSearchModule:UnityEditor.Search:ASIAI0B)
Imported 'GUID: 7f5193b7e776436a9f838cd480cb7460' -> (Import Result ID: '883f9be0ed32faa2a3c97a423be55a33') in 0.006 seconds [static and dynamic dependencies]. Details - ImportResultOutputID=1ff4ef4c90e443342109fdb72b16328f DependenciesID=f4023b7b729320a5635a14292570c9b7 StaticDependenciesID=0e1dc0a6e89e645193a20224e758a3f2 
Number of updated asset objects reloaded before import = 0
Number of asset objects unloaded after import = 0
========================================================================
Received Import Request.
  Time of request: 2026-09-19T15:08:24.9689823Z
  Time since last request: 0.0004611 seconds.
  importAddress: GUID: c02d2b10240a45b9a7a91666db0900bf - Path: Packages/com.unity.collab-proxy/Editor/Views/BranchExplorer/Drawing/Shapes/BranchCaptionShape.cs - Importer: ScriptedImporter/UnityEditor.QuickSearchModule:UnityEditor.Search:ASIAI0B
Importing 'GUID: c02d2b10240a45b9a7a91666db0900bf - Path: Packages/com.unity.collab-proxy/Editor/Views/BranchExplorer/Drawing/Shapes/BranchCaptionShape.cs - Importer: ScriptedImporter/UnityEditor.QuickSearchModule:UnityEditor.Search:ASIAI0B' with importer (ScriptedImporter : UnityEditor.QuickSearchModule:UnityEditor.Search:ASIAI0B)
Imported 'GUID: c02d2b10240a45b9a7a91666db0900bf' -> (Import Result ID: '107c9a68682a922df8b71ae3430934bf') in 0.003 seconds [static and dynamic dependencies]. Details - ImportResultOutputID=92187ce5618c586d25d1683d29e1e624 DependenciesID=a34061d1d1c5a36461e8d89d00e9c9cb StaticDependenciesID=aa17cf88f5adff8f913cdda336edead9 
Number of updated asset objects reloaded before import = 0
Number of asset objects unloaded after import = 0
========================================================================
Received Import Request.
  Time of request: 2026-09-19T15:08:24.993155Z
  Time since last request: 0.0008579 seconds.
  importAddress: GUID: e2d5cd35402925349b237e34add0cabf - Path: Packages/com.unity.collab-proxy/Editor/Views/Merge/Developer/DirectoryConflicts/EvilTwinMenu.cs - Importer: ScriptedImporter/UnityEditor.QuickSearchModule:UnityEditor.Search:ASIAI0B
Importing 'GUID: e2d5cd35402925349b237e34add0cabf - Path: Packages/com.unity.collab-proxy/Editor/Views/Merge/Developer/DirectoryConflicts/EvilTwinMenu.cs - Importer: ScriptedImporter/UnityEditor.QuickSearchModule:UnityEditor.Search:ASIAI0B' with importer (ScriptedImporter : UnityEditor.QuickSearchModule:UnityEditor.Search:ASIAI0B)
Imported 'GUID: e2d5cd35402925349b237e34add0cabf' -> (Import Result ID: '381752f1f2f7d0eb96b3f8b132f64549') in 0.003 seconds [static and dynamic dependencies]. Details - ImportResultOutputID=efb3015f23c24140704fbe7de1c88535 DependenciesID=39cb5ef5d47c87363f7c101b6e46aba8 StaticDependenciesID=ef0f2acc98465fff00cd615ab8c932bb 
Number of updated asset objects reloaded before import = 0
Number of asset objects unloaded after import = 0
========================================================================
Received Import Request.
  Time of request: 2026-09-19T15:08:25.0168579Z
  Time since last request: 0.0005788 seconds.
  importAddress: GUID: 9d30f19d4b52413f8c6f4b107a28350e - Path: Packages/com.unity.collab-proxy/Editor/Views/BranchExplorer/Drawing/Shapes/Connections/ConnectionPoints.cs - Importer: ScriptedImporter/UnityEditor.QuickSearchModule:UnityEditor.Search:ASIAI0B
Importing 'GUID: 9d30f19d4b52413f8c6f4b107a28350e - Path: Packages/com.unity.collab-proxy/Editor/Views/BranchExplorer/Drawing/Shapes/Connections/ConnectionPoints.cs - Importer: ScriptedImporter/UnityEditor.QuickSearchModule:UnityEditor.Search:ASIAI0B' with importer (ScriptedImporter : UnityEditor.QuickSearchModule:UnityEditor.Search:ASIAI0B)
Imported 'GUID: 9d30f19d4b52413f8c6f4b107a28350e' -> (Import Result ID: 'b1ba78642344007f0c752a3d092d23bd') in 0.004 seconds [static and dynamic dependencies]. Details - ImportResultOutputID=3f8e46826495584e8bdc802d57854df1 DependenciesID=81c27cc4bafb362b3b6aed6c37287715 StaticDependenciesID=fe1e021cafc62d986545c2a250cb8110 
Number of updated asset objects reloaded before import = 0
Number of asset objects unloaded after import = 0
========================================================================
Received Import Request.
  Time of request: 2026-09-19T15:08:25.0397112Z
  Time since last request: 0.000506 seconds.
  importAddress: GUID: 4b518b37798c97b0f860962cbf615533 - Path: Packages/com.unity.modules.unitywebrequestaudio/package.json - Importer: ScriptedImporter/UnityEditor.QuickSearchModule:UnityEditor.Search:ASIAI0B
Importing 'GUID: 4b518b37798c97b0f860962cbf615533 - Path: Packages/com.unity.modules.unitywebrequestaudio/package.json - Importer: ScriptedImporter/UnityEditor.QuickSearchModule:UnityEditor.Search:ASIAI0B' with importer (ScriptedImporter : UnityEditor.QuickSearchModule:UnityEditor.Search:ASIAI0B)
Imported 'GUID: 4b518b37798c97b0f860962cbf615533' -> (Import Result ID: '50ce1c4e8cbb459de3e1d0c6312bb113') in 0.004 seconds [static and dynamic dependencies]. Details - ImportResultOutputID=9fd1df771a6d044d02e97619f5118f55 DependenciesID=803cc049a9830639bf124fc0323160bd StaticDependenciesID=0752fc54b2724d0f2db316da1287540c 
Number of updated asset objects reloaded before import = 0
Number of asset objects unloaded after import = 1
========================================================================
Received Import Request.
  Time of request: 2026-09-19T15:08:25.0631352Z
  Time since last request: 0.0003907 seconds.
  importAddress: GUID: 4c6624b0864b74bcb97dee447046746e - Path: Packages/com.unity.collab-proxy/Lib/Editor/TextMateSharp/Onigwrap/libonigwrap/osx-arm64/libonigwrap.dylib - Importer: ScriptedImporter/UnityEditor.QuickSearchModule:UnityEditor.Search:ASIAI0B
Importing 'GUID: 4c6624b0864b74bcb97dee447046746e - Path: Packages/com.unity.collab-proxy/Lib/Editor/TextMateSharp/Onigwrap/libonigwrap/osx-arm64/libonigwrap.dylib - Importer: ScriptedImporter/UnityEditor.QuickSearchModule:UnityEditor.Search:ASIAI0B' with importer (ScriptedImporter : UnityEditor.QuickSearchModule:UnityEditor.Search:ASIAI0B)
Imported 'GUID: 4c6624b0864b74bcb97dee447046746e' -> (Import Result ID: '6b6505231eace637f823347a27058ad4') in 0.029 seconds [static and dynamic dependencies]. Details - ImportResultOutputID=4628466eb4b6455fe5d443080574027c DependenciesID=ff6a80aac5bc16cfd9ce8dcf3034433b StaticDependenciesID=2048f99d815fb4224492236fad3b18bc 
Number of updated asset objects reloaded before import = 0
Number of asset objects unloaded after import = 0
========================================================================
Received Import Request.
  Time of request: 2026-09-19T15:08:25.1157102Z
  Time since last request: 0.0024769 seconds.
  importAddress: GUID: be970f1dc8564946b156810a915d9f80 - Path: Packages/com.unity.collab-proxy/Editor/Diff/Image/Views/Differences/DifferencesView.cs - Importer: ScriptedImporter/UnityEditor.QuickSearchModule:UnityEditor.Search:ASIAI0B
Importing 'GUID: be970f1dc8564946b156810a915d9f80 - Path: Packages/com.unity.collab-proxy/Editor/Diff/Image/Views/Differences/DifferencesView.cs - Importer: ScriptedImporter/UnityEditor.QuickSearchModule:UnityEditor.Search:ASIAI0B' with importer (ScriptedImporter : UnityEditor.QuickSearchModule:UnityEditor.Search:ASIAI0B)
Imported 'GUID: be970f1dc8564946b156810a915d9f80' -> (Import Result ID: '81fbd8c69ad459a2f06791621500af81') in 0.004 seconds [static and dynamic dependencies]. Details - ImportResultOutputID=899e210155ad8e92a177c5625401c8b7 DependenciesID=6aeb2246148a6ee61b190df747a2c5b2 StaticDependenciesID=c31945a8ddf25c25014f08b524a0ed2a 
Number of updated asset objects reloaded before import = 0
Number of asset objects unloaded after import = 0
========================================================================
Received Import Request.
  Time of request: 2026-09-19T15:08:25.1395761Z
  Time since last request: 0.0009107 seconds.
  importAddress: GUID: 0b53a404fdd93a8449b983861c7f0e88 - Path: Packages/com.unity.collab-proxy/Editor/Views/Merge/Developer/DirectoryConflicts/DivergentMoveMenu.cs - Importer: ScriptedImporter/UnityEditor.QuickSearchModule:UnityEditor.Search:ASIAI0B
Importing 'GUID: 0b53a404fdd93a8449b983861c7f0e88 - Path: Packages/com.unity.collab-proxy/Editor/Views/Merge/Developer/DirectoryConflicts/DivergentMoveMenu.cs - Importer: ScriptedImporter/UnityEditor.QuickSearchModule:UnityEditor.Search:ASIAI0B' with importer (ScriptedImporter : UnityEditor.QuickSearchModule:UnityEditor.Search:ASIAI0B)
Imported 'GUID: 0b53a404fdd93a8449b983861c7f0e88' -> (Import Result ID: 'e264dcc4ad3fc92a2af56e3356e67954') in 0.011 seconds [static and dynamic dependencies]. Details - ImportResultOutputID=37d580d566fb4b6b5f4111bacda3cc68 DependenciesID=a88c596d80cbaaf00c9bdbbfed222995 StaticDependenciesID=efe2ab3a283c3bca4e7ec99f3038876e 
Number of updated asset objects reloaded before import = 0
Number of asset objects unloaded after import = 0
========================================================================
Received Import Request.
  Time of request: 2026-09-19T15:08:25.1781817Z
  Time since last request: 0.0008124 seconds.
  importAddress: GUID: 86a5230f492b0b14ea583544991668a9 - Path: Packages/com.unity.collab-proxy/Editor/Views/Merge/Developer/DirectoryConflicts/DeleteChangeMenu.cs - Importer: ScriptedImporter/UnityEditor.QuickSearchModule:UnityEditor.Search:ASIAI0B
Importing 'GUID: 86a5230f492b0b14ea583544991668a9 - Path: Packages/com.unity.collab-proxy/Editor/Views/Merge/Developer/DirectoryConflicts/DeleteChangeMenu.cs - Importer: ScriptedImporter/UnityEditor.QuickSearchModule:UnityEditor.Search:ASIAI0B' with importer (ScriptedImporter : UnityEditor.QuickSearchModule:UnityEditor.Search:ASIAI0B)
Imported 'GUID: 86a5230f492b0b14ea583544991668a9' -> (Import Result ID: '36e0df523827fa8ecbd3ddea0e382c21') in 0.004 seconds [static and dynamic dependencies]. Details - ImportResultOutputID=23283af54f6e7cb3c5279b790847979b DependenciesID=a324e03efdc6a85bcddd1293e03aa873 StaticDependenciesID=80d84cbe0f176471759599d0ed1c22ee 
Number of updated asset objects reloaded before import = 0
Number of asset objects unloaded after import = 0
========================================================================
Received Import Request.
  Time of request: 2026-09-19T15:08:25.2142442Z
  Time since last request: 0.011943 seconds.
  importAddress: GUID: fbbb1ee655846b043baf6c3502b5ce49 - Path: Packages/com.unity.ide.visualstudio/Editor/SolutionParser.cs - Importer: ScriptedImporter/UnityEditor.QuickSearchModule:UnityEditor.Search:ASIAI0B
Importing 'GUID: fbbb1ee655846b043baf6c3502b5ce49 - Path: Packages/com.unity.ide.visualstudio/Editor/SolutionParser.cs - Importer: ScriptedImporter/UnityEditor.QuickSearchModule:UnityEditor.Search:ASIAI0B' with importer (ScriptedImporter : UnityEditor.QuickSearchModule:UnityEditor.Search:ASIAI0B)
Imported 'GUID: fbbb1ee655846b043baf6c3502b5ce49' -> (Import Result ID: 'a2e325a2ec2c764ec387d2db262f39cd') in 0.005 seconds [static and dynamic dependencies]. Details - ImportResultOutputID=ea31553f9b6c9670b8e96978e3a7ee88 DependenciesID=c51fe0e8a416d35551c49f706bb70550 StaticDependenciesID=cf8fabae8936e50802e0306eda65f411 
Number of updated asset objects reloaded before import = 0
Number of asset objects unloaded after import = 0
========================================================================
Received Import Request.
  Time of request: 2026-09-19T15:08:25.2400487Z
  Time since last request: 0.0012048 seconds.
  importAddress: GUID: ffe1bdf971d321f4db593c4c6ebd6e47 - Path: Packages/com.unity.ide.visualstudio/Editor/VersionPair.cs - Importer: ScriptedImporter/UnityEditor.QuickSearchModule:UnityEditor.Search:ASIAI0B
Importing 'GUID: ffe1bdf971d321f4db593c4c6ebd6e47 - Path: Packages/com.unity.ide.visualstudio/Editor/VersionPair.cs - Importer: ScriptedImporter/UnityEditor.QuickSearchModule:UnityEditor.Search:ASIAI0B' with importer (ScriptedImporter : UnityEditor.QuickSearchModule:UnityEditor.Search:ASIAI0B)
Imported 'GUID: ffe1bdf971d321f4db593c4c6ebd6e47' -> (Import Result ID: 'b02ef5aef0949550fdadc4c2b81833a6') in 0.004 seconds [static and dynamic dependencies]. Details - ImportResultOutputID=a525637d5629ec485d5ecbe95f4c6b09 DependenciesID=f7e2a5612d2c9e86e859dc4186246b58 StaticDependenciesID=9596017d723e277574932dac3ccefae2 
Number of updated asset objects reloaded before import = 0
Number of asset objects unloaded after import = 0
========================================================================
Received Import Request.
  Time of request: 2026-09-19T15:08:25.2672179Z
  Time since last request: 0.0006355 seconds.
  importAddress: GUID: af4c2c762e1d8e949a6bc458973df6e7 - Path: Packages/com.unity.ide.visualstudio/Editor/Solution.cs - Importer: ScriptedImporter/UnityEditor.QuickSearchModule:UnityEditor.Search:ASIAI0B
Importing 'GUID: af4c2c762e1d8e949a6bc458973df6e7 - Path: Packages/com.unity.ide.visualstudio/Editor/Solution.cs - Importer: ScriptedImporter/UnityEditor.QuickSearchModule:UnityEditor.Search:ASIAI0B' with importer (ScriptedImporter : UnityEditor.QuickSearchModule:UnityEditor.Search:ASIAI0B)
Imported 'GUID: af4c2c762e1d8e949a6bc458973df6e7' -> (Import Result ID: 'f2498014e40a7f33d35cf0196aa29821') in 0.013 seconds [static and dynamic dependencies]. Details - ImportResultOutputID=153388284bb806553e99f69b3e36293e DependenciesID=d0459dfdebe988681728bf8b008be739 StaticDependenciesID=f6fb2beaac410a8cdaffd63722331b18 
Number of updated asset objects reloaded before import = 0
Number of asset objects unloaded after import = 0
========================================================================
Received Import Request.
  Time of request: 2026-09-19T15:08:25.3015374Z
  Time since last request: 0.0039766 seconds.
  importAddress: GUID: 6022bdd5b2896a54f94123b812705321 - Path: Packages/com.unity.ide.visualstudio/CHANGELOG.md - Importer: ScriptedImporter/UnityEditor.QuickSearchModule:UnityEditor.Search:ASIAI0B
Importing 'GUID: 6022bdd5b2896a54f94123b812705321 - Path: Packages/com.unity.ide.visualstudio/CHANGELOG.md - Importer: ScriptedImporter/UnityEditor.QuickSearchModule:UnityEditor.Search:ASIAI0B' with importer (ScriptedImporter : UnityEditor.QuickSearchModule:UnityEditor.Search:ASIAI0B)
Imported 'GUID: 6022bdd5b2896a54f94123b812705321' -> (Import Result ID: 'd385efe95887dcf262c9d8003cee00a2') in 0.015 seconds [static and dynamic dependencies]. Details - ImportResultOutputID=908164150943a1f920e4322b7daa4398 DependenciesID=62d571d6908af64abd3b737f57a9d183 StaticDependenciesID=fe607b964f00d320e7895d5b4ad8204f 
Number of updated asset objects reloaded before import = 0
Number of asset objects unloaded after import = 1
========================================================================
Received Import Request.
  Time of request: 2026-09-19T15:08:25.3358003Z
  Time since last request: 0.0006517 seconds.
  importAddress: GUID: 5e249ae353801f043a6e4173410c6152 - Path: Packages/com.unity.ide.visualstudio/Editor/Messaging/Messenger.cs - Importer: ScriptedImporter/UnityEditor.QuickSearchModule:UnityEditor.Search:ASIAI0B
Importing 'GUID: 5e249ae353801f043a6e4173410c6152 - Path: Packages/com.unity.ide.visualstudio/Editor/Messaging/Messenger.cs - Importer: ScriptedImporter/UnityEditor.QuickSearchModule:UnityEditor.Search:ASIAI0B' with importer (ScriptedImporter : UnityEditor.QuickSearchModule:UnityEditor.Search:ASIAI0B)
Imported 'GUID: 5e249ae353801f043a6e4173410c6152' -> (Import Result ID: '9e34d4436af1fa9040fa9d92058ecd06') in 0.003 seconds [static and dynamic dependencies]. Details - ImportResultOutputID=93ff2cc3720128af369fc4eed107358d DependenciesID=db725ddac9d90901d06167ee7055de0a StaticDependenciesID=199ea81fcfb311b3782a8f150e4e39be 
Number of updated asset objects reloaded before import = 0
Number of asset objects unloaded after import = 0
========================================================================
Received Import Request.
  Time of request: 2026-09-19T15:08:25.358288Z
  Time since last request: 0.0005324 seconds.
  importAddress: GUID: 8e6c7ea7c059fb547b6723aaf225900b - Path: Packages/com.unity.ide.visualstudio/Editor/Image.cs - Importer: ScriptedImporter/UnityEditor.QuickSearchModule:UnityEditor.Search:ASIAI0B
Importing 'GUID: 8e6c7ea7c059fb547b6723aaf225900b - Path: Packages/com.unity.ide.visualstudio/Editor/Image.cs - Importer: ScriptedImporter/UnityEditor.QuickSearchModule:UnityEditor.Search:ASIAI0B' with importer (ScriptedImporter : UnityEditor.QuickSearchModule:UnityEditor.Search:ASIAI0B)
Imported 'GUID: 8e6c7ea7c059fb547b6723aaf225900b' -> (Import Result ID: '2a230a70163b36d7b68c2e559775d53e') in 0.005 seconds [static and dynamic dependencies]. Details - ImportResultOutputID=a916d0103fa6d9e4fe3f7ade66357e8c DependenciesID=a90d38bd38f1f87a04cf32fa5b493a6c StaticDependenciesID=93fd9ff31cf51b212b2ff0229c2019bb 
Number of updated asset objects reloaded before import = 0
Number of asset objects unloaded after import = 0
========================================================================
Received Import Request.
  Time of request: 2026-09-19T15:08:25.3846187Z
  Time since last request: 0.0010325 seconds.
  importAddress: GUID: c6c8b2f6152bd1348ae35f9f95719f75 - Path: Packages/com.unity.ide.visualstudio/Editor/AsyncOperation.cs - Importer: ScriptedImporter/UnityEditor.QuickSearchModule:UnityEditor.Search:ASIAI0B
Importing 'GUID: c6c8b2f6152bd1348ae35f9f95719f75 - Path: Packages/com.unity.ide.visualstudio/Editor/AsyncOperation.cs - Importer: ScriptedImporter/UnityEditor.QuickSearchModule:UnityEditor.Search:ASIAI0B' with importer (ScriptedImporter : UnityEditor.QuickSearchModule:UnityEditor.Search:ASIAI0B)
Imported 'GUID: c6c8b2f6152bd1348ae35f9f95719f75' -> (Import Result ID: '2bef329a5351d66cb330dec0ba338f4d') in 0.003 seconds [static and dynamic dependencies]. Details - ImportResultOutputID=b4f4d1a5add7ece986c6ca723f28b3b6 DependenciesID=fd79b2f82171be6cb785729071f69210 StaticDependenciesID=9b7224beb63ca27d13ae95dee8884756 
Number of updated asset objects reloaded before import = 0
Number of asset objects unloaded after import = 0
========================================================================
Received Import Request.
  Time of request: 2026-09-19T15:08:25.4072594Z
  Time since last request: 0.0006366 seconds.
  importAddress: GUID: 9f3705b95d031e84c82f140d8e980867 - Path: Packages/com.unity.ide.visualstudio/Editor/ProjectGeneration/ProjectGeneration.cs - Importer: ScriptedImporter/UnityEditor.QuickSearchModule:UnityEditor.Search:ASIAI0B
Importing 'GUID: 9f3705b95d031e84c82f140d8e980867 - Path: Packages/com.unity.ide.visualstudio/Editor/ProjectGeneration/ProjectGeneration.cs - Importer: ScriptedImporter/UnityEditor.QuickSearchModule:UnityEditor.Search:ASIAI0B' with importer (ScriptedImporter : UnityEditor.QuickSearchModule:UnityEditor.Search:ASIAI0B)
Imported 'GUID: 9f3705b95d031e84c82f140d8e980867' -> (Import Result ID: 'ad5ad04ddb6b1651913b29ab0b3f72c1') in 0.003 seconds [static and dynamic dependencies]. Details - ImportResultOutputID=b96c2ff8a97f677da83347fdd3d6850d DependenciesID=604a1ea968f31c80d2ea7dcd3553e49f StaticDependenciesID=26e35ed4a21dd31e0bc75ac2774e36d5 
Number of updated asset objects reloaded before import = 0
Number of asset objects unloaded after import = 0
========================================================================
Received Import Request.
  Time of request: 2026-09-19T15:08:25.42687Z
  Time since last request: 0.0005625 seconds.
  importAddress: GUID: f6674c38820d12a49ac116d416521d85 - Path: Packages/com.unity.ide.visualstudio/Editor/Messaging/TcpClient.cs - Importer: ScriptedImporter/UnityEditor.QuickSearchModule:UnityEditor.Search:ASIAI0B
Importing 'GUID: f6674c38820d12a49ac116d416521d85 - Path: Packages/com.unity.ide.visualstudio/Editor/Messaging/TcpClient.cs - Importer: ScriptedImporter/UnityEditor.QuickSearchModule:UnityEditor.Search:ASIAI0B' with importer (ScriptedImporter : UnityEditor.QuickSearchModule:UnityEditor.Search:ASIAI0B)
Imported 'GUID: f6674c38820d12a49ac116d416521d85' -> (Import Result ID: '63b119cd7ff6df0ed4b2d90e59929502') in 0.005 seconds [static and dynamic dependencies]. Details - ImportResultOutputID=8fa782958170e2fec87827038322fa31 DependenciesID=e60a15c2d961fde2a5f5efc93871c3b4 StaticDependenciesID=ac80db3cb52bcf367f6ee29853421987 
Number of updated asset objects reloaded before import = 0
Number of asset objects unloaded after import = 0
========================================================================
Received Import Request.
  Time of request: 2026-09-19T15:08:25.4489127Z
  Time since last request: 0.0005876 seconds.
  importAddress: GUID: 957a5f2d2660a894d926660de2a9d577 - Path: Packages/com.unity.ide.visualstudio/Editor/ProcessRunner.cs - Importer: ScriptedImporter/UnityEditor.QuickSearchModule:UnityEditor.Search:ASIAI0B
Importing 'GUID: 957a5f2d2660a894d926660de2a9d577 - Path: Packages/com.unity.ide.visualstudio/Editor/ProcessRunner.cs - Importer: ScriptedImporter/UnityEditor.QuickSearchModule:UnityEditor.Search:ASIAI0B' with importer (ScriptedImporter : UnityEditor.QuickSearchModule:UnityEditor.Search:ASIAI0B)
Imported 'GUID: 957a5f2d2660a894d926660de2a9d577' -> (Import Result ID: 'd20fc9276a24cd340c8dbc52aec4372f') in 0.003 seconds [static and dynamic dependencies]. Details - ImportResultOutputID=8ed101d078383f6de595fc438041feeb DependenciesID=b48bbf997f086251013b77510284bad8 StaticDependenciesID=e437f89a0099a43f41694a0354453f72 
Number of updated asset objects reloaded before import = 0
Number of asset objects unloaded after import = 0
========================================================================
Received Import Request.
  Time of request: 2026-09-19T15:08:25.4696745Z
  Time since last request: 0.0006424 seconds.
  importAddress: GUID: 7652904b1008e324fb7cfb952ea87656 - Path: Packages/com.unity.ide.visualstudio/Editor/ProjectGeneration/GUIDProvider.cs - Importer: ScriptedImporter/UnityEditor.QuickSearchModule:UnityEditor.Search:ASIAI0B
Importing 'GUID: 7652904b1008e324fb7cfb952ea87656 - Path: Packages/com.unity.ide.visualstudio/Editor/ProjectGeneration/GUIDProvider.cs - Importer: ScriptedImporter/UnityEditor.QuickSearchModule:UnityEditor.Search:ASIAI0B' with importer (ScriptedImporter : UnityEditor.QuickSearchModule:UnityEditor.Search:ASIAI0B)
Imported 'GUID: 7652904b1008e324fb7cfb952ea87656' -> (Import Result ID: 'f139e579ec85ab6e4a0ab1455c1e7248') in 0.003 seconds [static and dynamic dependencies]. Details - ImportResultOutputID=5f47420ceedd485daf4f42bcbd756123 DependenciesID=08fff8d18d2c45a7a4869459108d92db StaticDependenciesID=61c30044949308906499ba5ff839ee02 
Number of updated asset objects reloaded before import = 0
Number of asset objects unloaded after import = 0
========================================================================
Received Import Request.
  Time of request: 2026-09-19T15:08:25.4903968Z
  Time since last request: 0.0007034 seconds.
  importAddress: GUID: 57537f08f8e923f488e4aadabb831c9b - Path: Packages/com.unity.ide.visualstudio/Editor/ProjectGeneration/AssemblyNameProvider.cs - Importer: ScriptedImporter/UnityEditor.QuickSearchModule:UnityEditor.Search:ASIAI0B
Importing 'GUID: 57537f08f8e923f488e4aadabb831c9b - Path: Packages/com.unity.ide.visualstudio/Editor/ProjectGeneration/AssemblyNameProvider.cs - Importer: ScriptedImporter/UnityEditor.QuickSearchModule:UnityEditor.Search:ASIAI0B' with importer (ScriptedImporter : UnityEditor.QuickSearchModule:UnityEditor.Search:ASIAI0B)
Imported 'GUID: 57537f08f8e923f488e4aadabb831c9b' -> (Import Result ID: '82931b24afc9a81c6fb069367a765a77') in 0.003 seconds [static and dynamic dependencies]. Details - ImportResultOutputID=6f66c88a2b25b3c588d2b82747bbaa12 DependenciesID=1a5e9507cf7a124fc7b1ff6eff0c90a2 StaticDependenciesID=2e04f804cfa74be9868fcf3c056300ca 
Number of updated asset objects reloaded before import = 0
Number of asset objects unloaded after import = 0
========================================================================
Received Import Request.
  Time of request: 2026-09-19T15:08:25.5115516Z
  Time since last request: 0.0006218 seconds.
  importAddress: GUID: 6d56244f8c39a851975d3c0bd432c66f - Path: Packages/com.unity.modules.terrain/package.json - Importer: ScriptedImporter/UnityEditor.QuickSearchModule:UnityEditor.Search:ASIAI0B
Importing 'GUID: 6d56244f8c39a851975d3c0bd432c66f - Path: Packages/com.unity.modules.terrain/package.json - Importer: ScriptedImporter/UnityEditor.QuickSearchModule:UnityEditor.Search:ASIAI0B' with importer (ScriptedImporter : UnityEditor.QuickSearchModule:UnityEditor.Search:ASIAI0B)
Imported 'GUID: 6d56244f8c39a851975d3c0bd432c66f' -> (Import Result ID: '82f06d22fa552f5be457f8e069048abc') in 0.004 seconds [static and dynamic dependencies]. Details - ImportResultOutputID=03d1d3ccc57dd0d65310c1ecf75b819d DependenciesID=279f012a62a69f0e91188e2405269ef7 StaticDependenciesID=fecb526703287b57d0424ba539d99568 
Number of updated asset objects reloaded before import = 0
Number of asset objects unloaded after import = 1
========================================================================
Received Import Request.
  Time of request: 2026-09-19T15:08:25.5370368Z
  Time since last request: 0.0005069 seconds.
  importAddress: GUID: 3070b6395b0f5f04faaab13164c6256d - Path: Packages/com.unity.ide.visualstudio/Editor/ProjectGeneration/LegacyStyleProjectGeneration.cs - Importer: ScriptedImporter/UnityEditor.QuickSearchModule:UnityEditor.Search:ASIAI0B
Importing 'GUID: 3070b6395b0f5f04faaab13164c6256d - Path: Packages/com.unity.ide.visualstudio/Editor/ProjectGeneration/LegacyStyleProjectGeneration.cs - Importer: ScriptedImporter/UnityEditor.QuickSearchModule:UnityEditor.Search:ASIAI0B' with importer (ScriptedImporter : UnityEditor.QuickSearchModule:UnityEditor.Search:ASIAI0B)
Imported 'GUID: 3070b6395b0f5f04faaab13164c6256d' -> (Import Result ID: '363a2acad15d37ebdbf7f3b41b4f97b3') in 0.004 seconds [static and dynamic dependencies]. Details - ImportResultOutputID=027e1eba60a8cdb19c6e4ce74383c46d DependenciesID=c8faa9032a98bfa2752753c22998c100 StaticDependenciesID=a03e3d9030bef4d3f0c9507ac070f147 
Number of updated asset objects reloaded before import = 0
Number of asset objects unloaded after import = 0
========================================================================
Received Import Request.
  Time of request: 2026-09-19T15:08:25.5591798Z
  Time since last request: 0.000636 seconds.
  importAddress: GUID: ed8e7c93c781e48df93d063a3c0d2972 - Path: Packages/com.unity.ide.visualstudio/Editor/SimpleJSON.cs - Importer: ScriptedImporter/UnityEditor.QuickSearchModule:UnityEditor.Search:ASIAI0B
Importing 'GUID: ed8e7c93c781e48df93d063a3c0d2972 - Path: Packages/com.unity.ide.visualstudio/Editor/SimpleJSON.cs - Importer: ScriptedImporter/UnityEditor.QuickSearchModule:UnityEditor.Search:ASIAI0B' with importer (ScriptedImporter : UnityEditor.QuickSearchModule:UnityEditor.Search:ASIAI0B)
Imported 'GUID: ed8e7c93c781e48df93d063a3c0d2972' -> (Import Result ID: '5cb8b68bd6e35761d0c28620311778ca') in 0.003 seconds [static and dynamic dependencies]. Details - ImportResultOutputID=58e8274d811e0f54defd268ffd22acd9 DependenciesID=6410f519adb36eb37c2d728ece5b8d7f StaticDependenciesID=9ce2857e6a602a196378a78ce9a2f734 
Number of updated asset objects reloaded before import = 0
Number of asset objects unloaded after import = 0
========================================================================
Received Import Request.
  Time of request: 2026-09-19T15:08:25.5810659Z
  Time since last request: 0.000557 seconds.
  importAddress: GUID: cbccb6292dce08a489e6e742243154e7 - Path: Packages/com.unity.ide.visualstudio/Editor/KnownAssemblies.cs - Importer: ScriptedImporter/UnityEditor.QuickSearchModule:UnityEditor.Search:ASIAI0B
Importing 'GUID: cbccb6292dce08a489e6e742243154e7 - Path: Packages/com.unity.ide.visualstudio/Editor/KnownAssemblies.cs - Importer: ScriptedImporter/UnityEditor.QuickSearchModule:UnityEditor.Search:ASIAI0B' with importer (ScriptedImporter : UnityEditor.QuickSearchModule:UnityEditor.Search:ASIAI0B)
Imported 'GUID: cbccb6292dce08a489e6e742243154e7' -> (Import Result ID: '32e9c57345521388f205ecd292f905e1') in 0.003 seconds [static and dynamic dependencies]. Details - ImportResultOutputID=2feea07f42983055b4c5e700c836aa54 DependenciesID=7b705fcc24883277f46f5eca92755f8b StaticDependenciesID=5f574d1aa5ba5b06fd8fc839b33fddde 
Number of updated asset objects reloaded before import = 0
Number of asset objects unloaded after import = 0
========================================================================
Received Import Request.
  Time of request: 2026-09-19T15:08:25.6036894Z
  Time since last request: 0.0006114 seconds.
  importAddress: GUID: e8aed47cdce10fd4cae32fefa2c34f8f - Path: Packages/com.unity.ide.visualstudio/Editor/ProjectGeneration/SdkStyleProjectGeneration.cs - Importer: ScriptedImporter/UnityEditor.QuickSearchModule:UnityEditor.Search:ASIAI0B
Importing 'GUID: e8aed47cdce10fd4cae32fefa2c34f8f - Path: Packages/com.unity.ide.visualstudio/Editor/ProjectGeneration/SdkStyleProjectGeneration.cs - Importer: ScriptedImporter/UnityEditor.QuickSearchModule:UnityEditor.Search:ASIAI0B' with importer (ScriptedImporter : UnityEditor.QuickSearchModule:UnityEditor.Search:ASIAI0B)
Imported 'GUID: e8aed47cdce10fd4cae32fefa2c34f8f' -> (Import Result ID: 'afacd146f8df094f7b2caef2fc3ec8cf') in 0.004 seconds [static and dynamic dependencies]. Details - ImportResultOutputID=6cccee03750473e16f47828df6e49b64 DependenciesID=3593d74b001c2e1102105672c537248c StaticDependenciesID=8e544ff55e0b97b8cbaad34e83496048 
Number of updated asset objects reloaded before import = 0
Number of asset objects unloaded after import = 0
========================================================================
Received Import Request.
  Time of request: 2026-09-19T15:08:25.6298163Z
  Time since last request: 0.0005499 seconds.
  importAddress: GUID: 656f74f6edaa396458412b9e3903d8cd - Path: Packages/com.unity.ide.visualstudio/package.json - Importer: ScriptedImporter/UnityEditor.QuickSearchModule:UnityEditor.Search:ASIAI0B
Importing 'GUID: 656f74f6edaa396458412b9e3903d8cd - Path: Packages/com.unity.ide.visualstudio/package.json - Importer: ScriptedImporter/UnityEditor.QuickSearchModule:UnityEditor.Search:ASIAI0B' with importer (ScriptedImporter : UnityEditor.QuickSearchModule:UnityEditor.Search:ASIAI0B)
Imported 'GUID: 656f74f6edaa396458412b9e3903d8cd' -> (Import Result ID: '4d18ba4fe611125288960942039c3118') in 0.004 seconds [static and dynamic dependencies]. Details - ImportResultOutputID=c3423bd1ecf326b961ae5f0494d57258 DependenciesID=cbae23156ccb068892ff78aa7cdc22c8 StaticDependenciesID=0e349a5f2d9893d07708969d4d07a95a 
Number of updated asset objects reloaded before import = 0
Number of asset objects unloaded after import = 1
========================================================================
Received Import Request.
  Time of request: 2026-09-19T15:08:25.6586386Z
  Time since last request: 0.0004386 seconds.
  importAddress: GUID: bb86eea06f54fb24caa7046a8a764945 - Path: Packages/com.unity.ide.visualstudio/Editor/VisualStudioInstallation.cs - Importer: ScriptedImporter/UnityEditor.QuickSearchModule:UnityEditor.Search:ASIAI0B
Importing 'GUID: bb86eea06f54fb24caa7046a8a764945 - Path: Packages/com.unity.ide.visualstudio/Editor/VisualStudioInstallation.cs - Importer: ScriptedImporter/UnityEditor.QuickSearchModule:UnityEditor.Search:ASIAI0B' with importer (ScriptedImporter : UnityEditor.QuickSearchModule:UnityEditor.Search:ASIAI0B)
Imported 'GUID: bb86eea06f54fb24caa7046a8a764945' -> (Import Result ID: 'f19ddd6047420706970ef9b7d60c5494') in 0.004 seconds [static and dynamic dependencies]. Details - ImportResultOutputID=6d992c678734b610cc2345a066ec6310 DependenciesID=a39422e1bf73f01a9d992573210dc752 StaticDependenciesID=467fc536258a9adf1efb9bdf1ef353c0 
Number of updated asset objects reloaded before import = 0
Number of asset objects unloaded after import = 0
========================================================================
Received Import Request.
  Time of request: 2026-09-19T15:08:25.6850388Z
  Time since last request: 0.0006468 seconds.
  importAddress: GUID: 6f1dc05fb6e7d3e4f89ae9ca482735be - Path: Packages/com.unity.ide.visualstudio/Editor/FileUtility.cs - Importer: ScriptedImporter/UnityEditor.QuickSearchModule:UnityEditor.Search:ASIAI0B
Importing 'GUID: 6f1dc05fb6e7d3e4f89ae9ca482735be - Path: Packages/com.unity.ide.visualstudio/Editor/FileUtility.cs - Importer: ScriptedImporter/UnityEditor.QuickSearchModule:UnityEditor.Search:ASIAI0B' with importer (ScriptedImporter : UnityEditor.QuickSearchModule:UnityEditor.Search:ASIAI0B)
Imported 'GUID: 6f1dc05fb6e7d3e4f89ae9ca482735be' -> (Import Result ID: '02f28502a5721fce184c066fe8f693cf') in 0.003 seconds [static and dynamic dependencies]. Details - ImportResultOutputID=b9fd421f59694452987d9a9d14c2cfa4 DependenciesID=8e6f135c388f654ebe7cd36de80d682c StaticDependenciesID=58f9e05f729a494555e7057f9be6bbba 
Number of updated asset objects reloaded before import = 0
Number of asset objects unloaded after import = 0
========================================================================
Received Import Request.
  Time of request: 2026-09-19T15:08:25.7081953Z
  Time since last request: 0.0006956 seconds.
  importAddress: GUID: 3eda7a83649158546826efb3ffe6c1e3 - Path: Packages/com.unity.ide.visualstudio/Editor/Messaging/Deserializer.cs - Importer: ScriptedImporter/UnityEditor.QuickSearchModule:UnityEditor.Search:ASIAI0B
Importing 'GUID: 3eda7a83649158546826efb3ffe6c1e3 - Path: Packages/com.unity.ide.visualstudio/Editor/Messaging/Deserializer.cs - Importer: ScriptedImporter/UnityEditor.QuickSearchModule:UnityEditor.Search:ASIAI0B' with importer (ScriptedImporter : UnityEditor.QuickSearchModule:UnityEditor.Search:ASIAI0B)
Imported 'GUID: 3eda7a83649158546826efb3ffe6c1e3' -> (Import Result ID: '4f417f6848cbf92e088461374e7824de') in 0.004 seconds [static and dynamic dependencies]. Details - ImportResultOutputID=b2b954e3c2ff8a3adde58eff8f06f2c5 DependenciesID=d8927d1174012201ab737b1a7961ac4e StaticDependenciesID=a9d1224e22905e5b220d0eb84803ae9d 
Number of updated asset objects reloaded before import = 0
Number of asset objects unloaded after import = 0
========================================================================
Received Import Request.
  Time of request: 2026-09-19T15:08:25.7692304Z
  Time since last request: 0.0403117 seconds.
  importAddress: GUID: ea11495227d864849bdb4fa69e931cbc - Path: Packages/com.unity.ugui/Editor/Analytics/UGUIBuildAnalytics.cs - Importer: ScriptedImporter/UnityEditor.QuickSearchModule:UnityEditor.Search:ASIAI0B
Importing 'GUID: ea11495227d864849bdb4fa69e931cbc - Path: Packages/com.unity.ugui/Editor/Analytics/UGUIBuildAnalytics.cs - Importer: ScriptedImporter/UnityEditor.QuickSearchModule:UnityEditor.Search:ASIAI0B' with importer (ScriptedImporter : UnityEditor.QuickSearchModule:UnityEditor.Search:ASIAI0B)
Imported 'GUID: ea11495227d864849bdb4fa69e931cbc' -> (Import Result ID: '685dccf690708ffab1a5d8f28eca9342') in 0.003 seconds [static and dynamic dependencies]. Details - ImportResultOutputID=14ecaf1f5414db275d5298d61f1e95a3 DependenciesID=dff3e1a3d4ed649d7c52f9e7b2efc18b StaticDependenciesID=f8b9f41e91f0f04ddf5b188b8173d545 
Number of updated asset objects reloaded before import = 0
Number of asset objects unloaded after import = 0
========================================================================
Received Import Request.
  Time of request: 2026-09-19T15:08:25.7906592Z
  Time since last request: 0.000576 seconds.
  importAddress: GUID: 2300e75732d74890b38a8ff257a3ae15 - Path: Packages/com.unity.ugui/Editor/TMP/TMP_EditorUtility.cs - Importer: ScriptedImporter/UnityEditor.QuickSearchModule:UnityEditor.Search:ASIAI0B
Importing 'GUID: 2300e75732d74890b38a8ff257a3ae15 - Path: Packages/com.unity.ugui/Editor/TMP/TMP_EditorUtility.cs - Importer: ScriptedImporter/UnityEditor.QuickSearchModule:UnityEditor.Search:ASIAI0B' with importer (ScriptedImporter : UnityEditor.QuickSearchModule:UnityEditor.Search:ASIAI0B)
Imported 'GUID: 2300e75732d74890b38a8ff257a3ae15' -> (Import Result ID: '398feac72ddcceab70d16650dc72349d') in 0.003 seconds [static and dynamic dependencies]. Details - ImportResultOutputID=0097561490687be6b2056eb34434fd67 DependenciesID=5243f0a0729bac138fc2028c41aa05fe StaticDependenciesID=fbf18ed5104f05788997a15b05fd1c8c 
Number of updated asset objects reloaded before import = 0
Number of asset objects unloaded after import = 0
========================================================================
Received Import Request.
  Time of request: 2026-09-19T15:08:25.8123678Z
  Time since last request: 0.0008213 seconds.
  importAddress: GUID: 585c3fb85b32bd64e8814074e754163e - Path: Packages/com.unity.ide.visualstudio/Editor/VSWhere/vswhere.exe - Importer: ScriptedImporter/UnityEditor.QuickSearchModule:UnityEditor.Search:ASIAI0B
Importing 'GUID: 585c3fb85b32bd64e8814074e754163e - Path: Packages/com.unity.ide.visualstudio/Editor/VSWhere/vswhere.exe - Importer: ScriptedImporter/UnityEditor.QuickSearchModule:UnityEditor.Search:ASIAI0B' with importer (ScriptedImporter : UnityEditor.QuickSearchModule:UnityEditor.Search:ASIAI0B)
Imported 'GUID: 585c3fb85b32bd64e8814074e754163e' -> (Import Result ID: '9593f4ed805a7a433068650b1de06e0d') in 0.003 seconds [static and dynamic dependencies]. Details - ImportResultOutputID=e08373376715bd74d9fae23333f9a1fb DependenciesID=581263f84d437910684400dc91f392a8 StaticDependenciesID=f64fbc672e7092fd75ca6bf9bdae8693 
Number of updated asset objects reloaded before import = 0
Number of asset objects unloaded after import = 1
========================================================================
Received Import Request.
  Time of request: 2026-09-19T15:08:25.8309621Z
  Time since last request: 0.0006513 seconds.
  importAddress: GUID: 0386b6eb838c47138cd51d1c1b879a35 - Path: Packages/com.unity.ugui/Editor/TMP/TMP_SettingsEditor.cs - Importer: ScriptedImporter/UnityEditor.QuickSearchModule:UnityEditor.Search:ASIAI0B
Importing 'GUID: 0386b6eb838c47138cd51d1c1b879a35 - Path: Packages/com.unity.ugui/Editor/TMP/TMP_SettingsEditor.cs - Importer: ScriptedImporter/UnityEditor.QuickSearchModule:UnityEditor.Search:ASIAI0B' with importer (ScriptedImporter : UnityEditor.QuickSearchModule:UnityEditor.Search:ASIAI0B)
Imported 'GUID: 0386b6eb838c47138cd51d1c1b879a35' -> (Import Result ID: '7517713669c4adb3a83eea7000932a0d') in 0.002 seconds [static and dynamic dependencies]. Details - ImportResultOutputID=1807eef0041feb51d1a0afe275f5604a DependenciesID=6a50e1dcfaab309663ef39e077a790fd StaticDependenciesID=68f380032d2dbe702fcf1de4912d10f5 
Number of updated asset objects reloaded before import = 0
Number of asset objects unloaded after import = 0
========================================================================
Received Import Request.
  Time of request: 2026-09-19T15:08:25.849122Z
  Time since last request: 0.0005896 seconds.
  importAddress: GUID: dd2fe74169b54bf58fca17288513ef38 - Path: Packages/com.unity.ugui/Editor/TMP/TMP_SubMesh_Editor.cs - Importer: ScriptedImporter/UnityEditor.QuickSearchModule:UnityEditor.Search:ASIAI0B
Importing 'GUID: dd2fe74169b54bf58fca17288513ef38 - Path: Packages/com.unity.ugui/Editor/TMP/TMP_SubMesh_Editor.cs - Importer: ScriptedImporter/UnityEditor.QuickSearchModule:UnityEditor.Search:ASIAI0B' with importer (ScriptedImporter : UnityEditor.QuickSearchModule:UnityEditor.Search:ASIAI0B)
Imported 'GUID: dd2fe74169b54bf58fca17288513ef38' -> (Import Result ID: 'de79e0620587fbcd89a42e1811372749') in 0.004 seconds [static and dynamic dependencies]. Details - ImportResultOutputID=41ebc9f2ec4559eec508e3742e9ae70a DependenciesID=9f2f21b4cbdc7329d4227176fb8dcf59 StaticDependenciesID=ecadb5bd119fa53e7915ee49b1bbc565 
Number of updated asset objects reloaded before import = 0
Number of asset objects unloaded after import = 0
========================================================================
Received Import Request.
  Time of request: 2026-09-19T15:08:25.8711636Z
  Time since last request: 0.0006175 seconds.
  importAddress: GUID: b09be1f217d34247af54863a2f5587e1 - Path: Packages/com.unity.ugui/Editor/TMP/TMP_SpriteAssetEditor.cs - Importer: ScriptedImporter/UnityEditor.QuickSearchModule:UnityEditor.Search:ASIAI0B
Importing 'GUID: b09be1f217d34247af54863a2f5587e1 - Path: Packages/com.unity.ugui/Editor/TMP/TMP_SpriteAssetEditor.cs - Importer: ScriptedImporter/UnityEditor.QuickSearchModule:UnityEditor.Search:ASIAI0B' with importer (ScriptedImporter : UnityEditor.QuickSearchModule:UnityEditor.Search:ASIAI0B)
Imported 'GUID: b09be1f217d34247af54863a2f5587e1' -> (Import Result ID: '964a145de22bcf06f42d68ce8f15af15') in 0.004 seconds [static and dynamic dependencies]. Details - ImportResultOutputID=e15bfc0b47437b5e088d693364233802 DependenciesID=95eecd518c3afedde5381b71941ce62f StaticDependenciesID=c6727d0d48d39e6cc215e45cdf8134c1 
Number of updated asset objects reloaded before import = 0
Number of asset objects unloaded after import = 0
========================================================================
Received Import Request.
  Time of request: 2026-09-19T15:08:25.8971119Z
  Time since last request: 0.000822 seconds.
  importAddress: GUID: d9647b571c5e44729b71d756b3d55317 - Path: Packages/com.unity.ugui/Editor/TMP/TMP_ColorGradientAssetMenu.cs - Importer: ScriptedImporter/UnityEditor.QuickSearchModule:UnityEditor.Search:ASIAI0B
Importing 'GUID: d9647b571c5e44729b71d756b3d55317 - Path: Packages/com.unity.ugui/Editor/TMP/TMP_ColorGradientAssetMenu.cs - Importer: ScriptedImporter/UnityEditor.QuickSearchModule:UnityEditor.Search:ASIAI0B' with importer (ScriptedImporter : UnityEditor.QuickSearchModule:UnityEditor.Search:ASIAI0B)
Imported 'GUID: d9647b571c5e44729b71d756b3d55317' -> (Import Result ID: 'ccf0d48adf3be9d20e308b8be9c8e574') in 0.005 seconds [static and dynamic dependencies]. Details - ImportResultOutputID=15d30cda8390b7ca8916aa4a85a361f1 DependenciesID=24dd2df09d0936f13382c647f2f21b20 StaticDependenciesID=cb617cb132af0695398fd3207ec8d84d 
Number of updated asset objects reloaded before import = 0
Number of asset objects unloaded after import = 0
========================================================================
Received Import Request.
  Time of request: 2026-09-19T15:08:25.9235086Z
  Time since last request: 0.0014662 seconds.
  importAddress: GUID: 88ed537c17c34f339121fe9a7d6d7a0e - Path: Packages/com.unity.ugui/Editor/TMP/TMPro_SortingLayerHelper.cs - Importer: ScriptedImporter/UnityEditor.QuickSearchModule:UnityEditor.Search:ASIAI0B
Importing 'GUID: 88ed537c17c34f339121fe9a7d6d7a0e - Path: Packages/com.unity.ugui/Editor/TMP/TMPro_SortingLayerHelper.cs - Importer: ScriptedImporter/UnityEditor.QuickSearchModule:UnityEditor.Search:ASIAI0B' with importer (ScriptedImporter : UnityEditor.QuickSearchModule:UnityEditor.Search:ASIAI0B)
Imported 'GUID: 88ed537c17c34f339121fe9a7d6d7a0e' -> (Import Result ID: '44dc724d6ec618aa01eee5c856d13e95') in 0.004 seconds [static and dynamic dependencies]. Details - ImportResultOutputID=b796ce14aa3af8365c5efcd6a1e114c7 DependenciesID=cf5cda0d7a2f1a258c1db5e22374f577 StaticDependenciesID=03f98b785e43eb8a848e4b5f9d374f7d 
Number of updated asset objects reloaded before import = 0
Number of asset objects unloaded after import = 0
========================================================================
Received Import Request.
  Time of request: 2026-09-19T15:08:25.9450199Z
  Time since last request: 0.0006016 seconds.
  importAddress: GUID: 438efd46088d408d8a53f707fa68d976 - Path: Packages/com.unity.ugui/Editor/TMP/TMP_BaseShaderGUI.cs - Importer: ScriptedImporter/UnityEditor.QuickSearchModule:UnityEditor.Search:ASIAI0B
Importing 'GUID: 438efd46088d408d8a53f707fa68d976 - Path: Packages/com.unity.ugui/Editor/TMP/TMP_BaseShaderGUI.cs - Importer: ScriptedImporter/UnityEditor.QuickSearchModule:UnityEditor.Search:ASIAI0B' with importer (ScriptedImporter : UnityEditor.QuickSearchModule:UnityEditor.Search:ASIAI0B)
Imported 'GUID: 438efd46088d408d8a53f707fa68d976' -> (Import Result ID: '3103d03ed425ebe8b3fba02b42df6bcf') in 0.004 seconds [static and dynamic dependencies]. Details - ImportResultOutputID=97ffc93715fd4d539a68afccaa934f60 DependenciesID=2828a24105152f7f3a0cea2a6a6a0dcb StaticDependenciesID=12956115da5f495686c8a1a6d65ecce2 
Number of updated asset objects reloaded before import = 0
Number of asset objects unloaded after import = 0
========================================================================
Received Import Request.
  Time of request: 2026-09-19T15:08:25.9685566Z
  Time since last request: 0.0006393 seconds.
  importAddress: GUID: 1048a87135154606808bf2030da32d18 - Path: Packages/com.unity.ugui/Editor/TMP/TMP_SpriteAssetMenu.cs - Importer: ScriptedImporter/UnityEditor.QuickSearchModule:UnityEditor.Search:ASIAI0B
Importing 'GUID: 1048a87135154606808bf2030da32d18 - Path: Packages/com.unity.ugui/Editor/TMP/TMP_SpriteAssetMenu.cs - Importer: ScriptedImporter/UnityEditor.QuickSearchModule:UnityEditor.Search:ASIAI0B' with importer (ScriptedImporter : UnityEditor.QuickSearchModule:UnityEditor.Search:ASIAI0B)
Imported 'GUID: 1048a87135154606808bf2030da32d18' -> (Import Result ID: 'cc0de380b33d30ab34e138e3eade65a1') in 0.004 seconds [static and dynamic dependencies]. Details - ImportResultOutputID=68e8305476d4eac851aaf7e25625c0a3 DependenciesID=65d9a108b9734a7f3251234d51cc5548 StaticDependenciesID=6c9521a605e885fb1b7bf407d9a90ac6 
Number of updated asset objects reloaded before import = 0
Number of asset objects unloaded after import = 0
========================================================================
Received Import Request.
  Time of request: 2026-09-19T15:08:25.9911695Z
  Time since last request: 0.0005312 seconds.
  importAddress: GUID: ce4ff17ca867d2b48b5c8a4181611901 - Path: Packages/com.unity.ugui/Package Resources/TMP Essential Resources.unitypackage - Importer: ScriptedImporter/UnityEditor.QuickSearchModule:UnityEditor.Search:ASIAI0B
Importing 'GUID: ce4ff17ca867d2b48b5c8a4181611901 - Path: Packages/com.unity.ugui/Package Resources/TMP Essential Resources.unitypackage - Importer: ScriptedImporter/UnityEditor.QuickSearchModule:UnityEditor.Search:ASIAI0B' with importer (ScriptedImporter : UnityEditor.QuickSearchModule:UnityEditor.Search:ASIAI0B)
Imported 'GUID: ce4ff17ca867d2b48b5c8a4181611901' -> (Import Result ID: 'ec03c0c2c46a0e8c5bb7567be091dfec') in 0.004 seconds [static and dynamic dependencies]. Details - ImportResultOutputID=8ee41af4e4e9a1571648f58c5e9d0fc1 DependenciesID=c2327c53bd7849668793426003471eb4 StaticDependenciesID=2f74e604a93099f8faf2094bfb6165c8 
Number of updated asset objects reloaded before import = 0
Number of asset objects unloaded after import = 1
========================================================================
Received Import Request.
  Time of request: 2026-09-19T15:08:26.0159868Z
  Time since last request: 0.0005553 seconds.
  importAddress: GUID: f1ea944dcf8849ebab391e461b99ccb7 - Path: Packages/com.unity.ugui/Editor/TMP/TMP_SpriteAssetImporter.cs - Importer: ScriptedImporter/UnityEditor.QuickSearchModule:UnityEditor.Search:ASIAI0B
Importing 'GUID: f1ea944dcf8849ebab391e461b99ccb7 - Path: Packages/com.unity.ugui/Editor/TMP/TMP_SpriteAssetImporter.cs - Importer: ScriptedImporter/UnityEditor.QuickSearchModule:UnityEditor.Search:ASIAI0B' with importer (ScriptedImporter : UnityEditor.QuickSearchModule:UnityEditor.Search:ASIAI0B)
Imported 'GUID: f1ea944dcf8849ebab391e461b99ccb7' -> (Import Result ID: 'd7d7661c0eca8e427cb5519f6e9cea00') in 0.003 seconds [static and dynamic dependencies]. Details - ImportResultOutputID=3ed3e26c0455945defc27cbe1418692a DependenciesID=d7ab9e173881913a8a2fbf8bc51c7329 StaticDependenciesID=6eb8ee8e52cb09b1731130a8c25632ec 
Number of updated asset objects reloaded before import = 0
Number of asset objects unloaded after import = 0
========================================================================
Received Import Request.
  Time of request: 2026-09-19T15:08:26.037958Z
  Time since last request: 0.0005133 seconds.
  importAddress: GUID: 8394c018a82352f41ae354f7bdad54e3 - Path: Packages/com.unity.ugui/Editor/Analytics/UnityEditor.UI.Analytics.asmdef - Importer: ScriptedImporter/UnityEditor.QuickSearchModule:UnityEditor.Search:ASIAI0B
Importing 'GUID: 8394c018a82352f41ae354f7bdad54e3 - Path: Packages/com.unity.ugui/Editor/Analytics/UnityEditor.UI.Analytics.asmdef - Importer: ScriptedImporter/UnityEditor.QuickSearchModule:UnityEditor.Search:ASIAI0B' with importer (ScriptedImporter : UnityEditor.QuickSearchModule:UnityEditor.Search:ASIAI0B)
Imported 'GUID: 8394c018a82352f41ae354f7bdad54e3' -> (Import Result ID: '3212ad3ee5a6c7f6e6e10effea742a74') in 0.011 seconds [static and dynamic dependencies]. Details - ImportResultOutputID=480a16d6edbf6417a74dba0a3b2bc825 DependenciesID=0998c5174a3f7fa57bb36381d6a36ec1 StaticDependenciesID=7af71b0660eb96978c6e75b42fcf248f 
Number of updated asset objects reloaded before import = 0
Number of asset objects unloaded after import = 1
========================================================================
Received Import Request.
  Time of request: 2026-09-19T15:08:26.0675704Z
  Time since last request: 0.0004214 seconds.
  importAddress: GUID: 806de5a9211448c8b65c8435ebb48dd4 - Path: Packages/com.unity.ugui/Editor/TMP/TMP_BitmapShaderGUI.cs - Importer: ScriptedImporter/UnityEditor.QuickSearchModule:UnityEditor.Search:ASIAI0B
Importing 'GUID: 806de5a9211448c8b65c8435ebb48dd4 - Path: Packages/com.unity.ugui/Editor/TMP/TMP_BitmapShaderGUI.cs - Importer: ScriptedImporter/UnityEditor.QuickSearchModule:UnityEditor.Search:ASIAI0B' with importer (ScriptedImporter : UnityEditor.QuickSearchModule:UnityEditor.Search:ASIAI0B)
Imported 'GUID: 806de5a9211448c8b65c8435ebb48dd4' -> (Import Result ID: 'f491bb5594d778e8ee6ea3800ceec90a') in 0.003 seconds [static and dynamic dependencies]. Details - ImportResultOutputID=3798d5f8aa90dbdaeab400766dd86d32 DependenciesID=078c69e3fa73441c3a397696ce39adfa StaticDependenciesID=5a78c9f02a8f55c0944ec55e50d8c2ac 
Number of updated asset objects reloaded before import = 0
Number of asset objects unloaded after import = 0
========================================================================
Received Import Request.
  Time of request: 2026-09-19T15:08:26.088809Z
  Time since last request: 0.0006288 seconds.
  importAddress: GUID: 0b59b40c84c6a5348a188c16b17c7b40 - Path: Packages/com.unity.ide.visualstudio/Editor/Testing/TestRunnerApiListener.cs - Importer: ScriptedImporter/UnityEditor.QuickSearchModule:UnityEditor.Search:ASIAI0B
Importing 'GUID: 0b59b40c84c6a5348a188c16b17c7b40 - Path: Packages/com.unity.ide.visualstudio/Editor/Testing/TestRunnerApiListener.cs - Importer: ScriptedImporter/UnityEditor.QuickSearchModule:UnityEditor.Search:ASIAI0B' with importer (ScriptedImporter : UnityEditor.QuickSearchModule:UnityEditor.Search:ASIAI0B)
Imported 'GUID: 0b59b40c84c6a5348a188c16b17c7b40' -> (Import Result ID: '0d8bfe2ebc523c4cd577c0bbed0eec8f') in 0.004 seconds [static and dynamic dependencies]. Details - ImportResultOutputID=eb43c188281ba597a83adc71840fe307 DependenciesID=2a3aa2bf4e609ba46f68a9aaa004cbc0 StaticDependenciesID=9f9c6063822f0d345e1c596437560b0b 
Number of updated asset objects reloaded before import = 0
Number of asset objects unloaded after import = 0
========================================================================
Received Import Request.
  Time of request: 2026-09-19T15:08:26.109726Z
  Time since last request: 0.0006386 seconds.
  importAddress: GUID: 7241c7dc25374fc1a6ab3ef9da79c363 - Path: Packages/com.unity.ugui/Editor/TMP/TMP_ResourcesLoader.cs - Importer: ScriptedImporter/UnityEditor.QuickSearchModule:UnityEditor.Search:ASIAI0B
Importing 'GUID: 7241c7dc25374fc1a6ab3ef9da79c363 - Path: Packages/com.unity.ugui/Editor/TMP/TMP_ResourcesLoader.cs - Importer: ScriptedImporter/UnityEditor.QuickSearchModule:UnityEditor.Search:ASIAI0B' with importer (ScriptedImporter : UnityEditor.QuickSearchModule:UnityEditor.Search:ASIAI0B)
Imported 'GUID: 7241c7dc25374fc1a6ab3ef9da79c363' -> (Import Result ID: '9921dc665c6cc68fa90bb8874196607a') in 0.002 seconds [static and dynamic dependencies]. Details - ImportResultOutputID=f18692b1c6e7e870b3ce47e34c7cd050 DependenciesID=72aaed429471ff824bcdbdbda49bce33 StaticDependenciesID=f0f75f214843c24a54c9c36c5c95acc3 
Number of updated asset objects reloaded before import = 0
Number of asset objects unloaded after import = 0
========================================================================
Received Import Request.
  Time of request: 2026-09-19T15:08:26.1291546Z
  Time since last request: 0.0005011 seconds.
  importAddress: GUID: aa76955fe5bb44f7915d91db8c7043c4 - Path: Packages/com.unity.ugui/Editor/TMP/TMPro_EditorShaderUtilities.cs - Importer: ScriptedImporter/UnityEditor.QuickSearchModule:UnityEditor.Search:ASIAI0B
Importing 'GUID: aa76955fe5bb44f7915d91db8c7043c4 - Path: Packages/com.unity.ugui/Editor/TMP/TMPro_EditorShaderUtilities.cs - Importer: ScriptedImporter/UnityEditor.QuickSearchModule:UnityEditor.Search:ASIAI0B' with importer (ScriptedImporter : UnityEditor.QuickSearchModule:UnityEditor.Search:ASIAI0B)
Imported 'GUID: aa76955fe5bb44f7915d91db8c7043c4' -> (Import Result ID: '657b585e6a0aeeca66f5aa2e55363745') in 0.003 seconds [static and dynamic dependencies]. Details - ImportResultOutputID=d0b44ae23bfc05f015815cb7589ad907 DependenciesID=d31c42db7d9c9a81b4e45daed7b4b809 StaticDependenciesID=3d6e8a6469d0897856c83258f6522b36 
Number of updated asset objects reloaded before import = 0
Number of asset objects unloaded after import = 0
========================================================================
Received Import Request.
  Time of request: 2026-09-19T15:08:26.1542745Z
  Time since last request: 0.0006115 seconds.
  importAddress: GUID: 383966e89d344865a36addd5d378ffd3 - Path: Packages/com.unity.ugui/Editor/TMP/TMPro_FontAssetCreatorWindow.cs - Importer: ScriptedImporter/UnityEditor.QuickSearchModule:UnityEditor.Search:ASIAI0B
Importing 'GUID: 383966e89d344865a36addd5d378ffd3 - Path: Packages/com.unity.ugui/Editor/TMP/TMPro_FontAssetCreatorWindow.cs - Importer: ScriptedImporter/UnityEditor.QuickSearchModule:UnityEditor.Search:ASIAI0B' with importer (ScriptedImporter : UnityEditor.QuickSearchModule:UnityEditor.Search:ASIAI0B)
Imported 'GUID: 383966e89d344865a36addd5d378ffd3' -> (Import Result ID: '1b89eb864fada6eee5205febf95aea45') in 0.003 seconds [static and dynamic dependencies]. Details - ImportResultOutputID=ccdd6c1dfd066459637853eb403b0113 DependenciesID=a2792521c0ae8fbcf0f5d42677d73fa0 StaticDependenciesID=ab6bc0071856057630cdb16a481588ae 
Number of updated asset objects reloaded before import = 0
Number of asset objects unloaded after import = 0
========================================================================
Received Import Request.
  Time of request: 2026-09-19T15:08:26.1754324Z
  Time since last request: 0.0005379 seconds.
  importAddress: GUID: 7065397ff8184621aa3ca4f854491259 - Path: Packages/com.unity.ugui/Editor/TMP/TMPro_CreateObjectMenu.cs - Importer: ScriptedImporter/UnityEditor.QuickSearchModule:UnityEditor.Search:ASIAI0B
Importing 'GUID: 7065397ff8184621aa3ca4f854491259 - Path: Packages/com.unity.ugui/Editor/TMP/TMPro_CreateObjectMenu.cs - Importer: ScriptedImporter/UnityEditor.QuickSearchModule:UnityEditor.Search:ASIAI0B' with importer (ScriptedImporter : UnityEditor.QuickSearchModule:UnityEditor.Search:ASIAI0B)
Imported 'GUID: 7065397ff8184621aa3ca4f854491259' -> (Import Result ID: '9ca6d50e5b78a23acfb125fb1c5bd9f0') in 0.003 seconds [static and dynamic dependencies]. Details - ImportResultOutputID=76c55e0b7e860847bcc055b626f72a05 DependenciesID=3b9bdf5ea811c615c23712573d8474e4 StaticDependenciesID=d113be5c84db5a5474fb06f4b9f8bd0d 
Number of updated asset objects reloaded before import = 0
Number of asset objects unloaded after import = 0
========================================================================
Received Import Request.
  Time of request: 2026-09-19T15:08:26.1987468Z
  Time since last request: 0.000624 seconds.
  importAddress: GUID: 6b01141ed8f74d198965c86f25eb7040 - Path: Packages/com.unity.ugui/Editor/TMP/TMP_SubMeshUI_Editor.cs - Importer: ScriptedImporter/UnityEditor.QuickSearchModule:UnityEditor.Search:ASIAI0B
Importing 'GUID: 6b01141ed8f74d198965c86f25eb7040 - Path: Packages/com.unity.ugui/Editor/TMP/TMP_SubMeshUI_Editor.cs - Importer: ScriptedImporter/UnityEditor.QuickSearchModule:UnityEditor.Search:ASIAI0B' with importer (ScriptedImporter : UnityEditor.QuickSearchModule:UnityEditor.Search:ASIAI0B)
Imported 'GUID: 6b01141ed8f74d198965c86f25eb7040' -> (Import Result ID: '30747432f34a55729a38255a2e78bb29') in 0.005 seconds [static and dynamic dependencies]. Details - ImportResultOutputID=2423d6859d2d90e838a52a0c761c9be2 DependenciesID=e212d35edf09eebfbbe129102e01a5c5 StaticDependenciesID=657768611acbcfc6e9699893878e99d4 
Number of updated asset objects reloaded before import = 0
Number of asset objects unloaded after import = 0
========================================================================
Received Import Request.
  Time of request: 2026-09-19T15:08:26.2222775Z
  Time since last request: 0.0006724 seconds.
  importAddress: GUID: 91950f78729ab144aa36e94690b28fad - Path: Packages/com.unity.ugui/Editor/TMP/TMP_BaseEditorPanel.cs - Importer: ScriptedImporter/UnityEditor.QuickSearchModule:UnityEditor.Search:ASIAI0B
Importing 'GUID: 91950f78729ab144aa36e94690b28fad - Path: Packages/com.unity.ugui/Editor/TMP/TMP_BaseEditorPanel.cs - Importer: ScriptedImporter/UnityEditor.QuickSearchModule:UnityEditor.Search:ASIAI0B' with importer (ScriptedImporter : UnityEditor.QuickSearchModule:UnityEditor.Search:ASIAI0B)
Imported 'GUID: 91950f78729ab144aa36e94690b28fad' -> (Import Result ID: '6dfe5c96771e1682a513ad8a1928f697') in 0.003 seconds [static and dynamic dependencies]. Details - ImportResultOutputID=99a67a68176831aaddaf8b386a1de6b5 DependenciesID=c67f40394b5dfc87959ee498c734c4f0 StaticDependenciesID=0050028a13f04526e4d91b6a06517803 
Number of updated asset objects reloaded before import = 0
Number of asset objects unloaded after import = 0
========================================================================
Received Import Request.
  Time of request: 2026-09-19T15:08:26.2431075Z
  Time since last request: 0.000649 seconds.
  importAddress: GUID: 27a0335dab59ec542aadd6636a5b4ebd - Path: Packages/com.unity.ugui/Editor/TMP/TMP_EditorCoroutine.cs - Importer: ScriptedImporter/UnityEditor.QuickSearchModule:UnityEditor.Search:ASIAI0B
Importing 'GUID: 27a0335dab59ec542aadd6636a5b4ebd - Path: Packages/com.unity.ugui/Editor/TMP/TMP_EditorCoroutine.cs - Importer: ScriptedImporter/UnityEditor.QuickSearchModule:UnityEditor.Search:ASIAI0B' with importer (ScriptedImporter : UnityEditor.QuickSearchModule:UnityEditor.Search:ASIAI0B)
Imported 'GUID: 27a0335dab59ec542aadd6636a5b4ebd' -> (Import Result ID: '4b1f3747e389686d73b7f3d7454fe377') in 0.003 seconds [static and dynamic dependencies]. Details - ImportResultOutputID=b2fa3e5c9a2d39debfad6d08a3552503 DependenciesID=ae8afa7b6b7f6b93cebd642a0a57f93c StaticDependenciesID=6e47fa3bdd6b0bee6781ce1b81f99bc9 
Number of updated asset objects reloaded before import = 0
Number of asset objects unloaded after import = 0
========================================================================
Received Import Request.
  Time of request: 2026-09-19T15:08:26.270228Z
  Time since last request: 0.0048771 seconds.
  importAddress: GUID: 43b111c4a445f446abd2c02e77750ff5 - Path: Packages/com.unity.ugui/Runtime/InternalBridge/Unity.InternalAPIEngineBridge.004.asmdef - Importer: ScriptedImporter/UnityEditor.QuickSearchModule:UnityEditor.Search:ASIAI0B
Importing 'GUID: 43b111c4a445f446abd2c02e77750ff5 - Path: Packages/com.unity.ugui/Runtime/InternalBridge/Unity.InternalAPIEngineBridge.004.asmdef - Importer: ScriptedImporter/UnityEditor.QuickSearchModule:UnityEditor.Search:ASIAI0B' with importer (ScriptedImporter : UnityEditor.QuickSearchModule:UnityEditor.Search:ASIAI0B)
Imported 'GUID: 43b111c4a445f446abd2c02e77750ff5' -> (Import Result ID: 'db3e07bc9b8f2833ff5109a424c9245f') in 0.003 seconds [static and dynamic dependencies]. Details - ImportResultOutputID=e308c180bbc0aac1911554886204145d DependenciesID=18a223f7655a78d65800ae0f5e189b40 StaticDependenciesID=ef245a19f5c7fe8fcb5e69db36fed443 
Number of updated asset objects reloaded before import = 0
Number of asset objects unloaded after import = 1
========================================================================
Received Import Request.
  Time of request: 2026-09-19T15:08:26.2900603Z
  Time since last request: 0.0004004 seconds.
  importAddress: GUID: 64b9fad609434c489c32b1cdf2004a1c - Path: Packages/com.unity.ugui/Editor Resources/Textures/btn_AlignFlush_Light.psd - Importer: ScriptedImporter/UnityEditor.QuickSearchModule:UnityEditor.Search:ASIAI0B
Importing 'GUID: 64b9fad609434c489c32b1cdf2004a1c - Path: Packages/com.unity.ugui/Editor Resources/Textures/btn_AlignFlush_Light.psd - Importer: ScriptedImporter/UnityEditor.QuickSearchModule:UnityEditor.Search:ASIAI0B' with importer (ScriptedImporter : UnityEditor.QuickSearchModule:UnityEditor.Search:ASIAI0B)
Imported 'GUID: 64b9fad609434c489c32b1cdf2004a1c' -> (Import Result ID: 'a35549f47a64604be857263f33f4fab0') in 0.073 seconds [static and dynamic dependencies]. Details - ImportResultOutputID=0823ae18ab98b01d9afa4697148cabe9 DependenciesID=4eb1a277a612cf0dd902587d37e37d63 StaticDependenciesID=4efdf44643e576049d0e8591c688075f 
Number of updated asset objects reloaded before import = 0
Number of asset objects unloaded after import = 1
========================================================================
Received Import Request.
  Time of request: 2026-09-19T15:08:26.381117Z
  Time since last request: 0.0010252 seconds.
  importAddress: GUID: 2da0c512f12947e489f739169773d7ca - Path: Packages/com.unity.ugui/Runtime/TMP/TMP_InputField.cs - Importer: ScriptedImporter/UnityEditor.QuickSearchModule:UnityEditor.Search:ASIAI0B
Importing 'GUID: 2da0c512f12947e489f739169773d7ca - Path: Packages/com.unity.ugui/Runtime/TMP/TMP_InputField.cs - Importer: ScriptedImporter/UnityEditor.QuickSearchModule:UnityEditor.Search:ASIAI0B' with importer (ScriptedImporter : UnityEditor.QuickSearchModule:UnityEditor.Search:ASIAI0B)
Imported 'GUID: 2da0c512f12947e489f739169773d7ca' -> (Import Result ID: 'cd23500f35dcf84dd08565ea694e2571') in 0.006 seconds [static and dynamic dependencies]. Details - ImportResultOutputID=ef9f8ddd009f4ecaf358776a112aa0b3 DependenciesID=019ae41e783b2cfc5191b4fb13f5a0ba StaticDependenciesID=5b5dd2eaec2d38a3073c244280c0fdf0 
Number of updated asset objects reloaded before import = 0
Number of asset objects unloaded after import = 1
========================================================================
Received Import Request.
  Time of request: 2026-09-19T15:08:26.4057059Z
  Time since last request: 0.0005375 seconds.
  importAddress: GUID: effb76e1937b45ff8adf45e51a4c08cf - Path: Packages/com.unity.ugui/Runtime/TMP/TMPro_MeshUtilities.cs - Importer: ScriptedImporter/UnityEditor.QuickSearchModule:UnityEditor.Search:ASIAI0B
Importing 'GUID: effb76e1937b45ff8adf45e51a4c08cf - Path: Packages/com.unity.ugui/Runtime/TMP/TMPro_MeshUtilities.cs - Importer: ScriptedImporter/UnityEditor.QuickSearchModule:UnityEditor.Search:ASIAI0B' with importer (ScriptedImporter : UnityEditor.QuickSearchModule:UnityEditor.Search:ASIAI0B)
Imported 'GUID: effb76e1937b45ff8adf45e51a4c08cf' -> (Import Result ID: '6f0f6b2f3db1d0bb0da21666f59e366c') in 0.006 seconds [static and dynamic dependencies]. Details - ImportResultOutputID=de5c74809d3556c5ae7704c13d8f59b8 DependenciesID=5fdbdae21ebbd186f3f4bf38abfa91fb StaticDependenciesID=e72372a0720517407c62f34707e92cb3 
Number of updated asset objects reloaded before import = 0
Number of asset objects unloaded after import = 0
========================================================================
Received Import Request.
  Time of request: 2026-09-19T15:08:26.4300763Z
  Time since last request: 0.0005044 seconds.
  importAddress: GUID: 96e9072453a441618754c478755b3028 - Path: Packages/com.unity.ugui/Runtime/TMP/TMPro_EventManager.cs - Importer: ScriptedImporter/UnityEditor.QuickSearchModule:UnityEditor.Search:ASIAI0B
Importing 'GUID: 96e9072453a441618754c478755b3028 - Path: Packages/com.unity.ugui/Runtime/TMP/TMPro_EventManager.cs - Importer: ScriptedImporter/UnityEditor.QuickSearchModule:UnityEditor.Search:ASIAI0B' with importer (ScriptedImporter : UnityEditor.QuickSearchModule:UnityEditor.Search:ASIAI0B)
Imported 'GUID: 96e9072453a441618754c478755b3028' -> (Import Result ID: '763c64eaadd100800f1d616e7fa220ef') in 0.003 seconds [static and dynamic dependencies]. Details - ImportResultOutputID=ed820cd64fe633fe946b82462a43aa32 DependenciesID=35ef0488876077af36729c2dd65bc5d8 StaticDependenciesID=b2f0f13ba6996210f2806a7fc3ae3df8 
Number of updated asset objects reloaded before import = 0
Number of asset objects unloaded after import = 0
========================================================================
Received Import Request.
  Time of request: 2026-09-19T15:08:26.4522174Z
  Time since last request: 0.0006249 seconds.
  importAddress: GUID: fb5730e24283d0c489e5c7d0bee023d9 - Path: Packages/com.unity.ugui/Editor Resources/Textures/SectionHeader_Dark.psd - Importer: ScriptedImporter/UnityEditor.QuickSearchModule:UnityEditor.Search:ASIAI0B
Importing 'GUID: fb5730e24283d0c489e5c7d0bee023d9 - Path: Packages/com.unity.ugui/Editor Resources/Textures/SectionHeader_Dark.psd - Importer: ScriptedImporter/UnityEditor.QuickSearchModule:UnityEditor.Search:ASIAI0B' with importer (ScriptedImporter : UnityEditor.QuickSearchModule:UnityEditor.Search:ASIAI0B)
Imported 'GUID: fb5730e24283d0c489e5c7d0bee023d9' -> (Import Result ID: '7b926d79092619b20fcbfc1d6c9140dd') in 0.009 seconds [static and dynamic dependencies]. Details - ImportResultOutputID=1012582d5e5936b6573f03661c9d48cb DependenciesID=e05a5b4ebf5c4385aead15828b846771 StaticDependenciesID=b900ce20418a782e2c4505d30f75b88d 
Number of updated asset objects reloaded before import = 0
Number of asset objects unloaded after import = 1
========================================================================
Received Import Request.
  Time of request: 2026-09-19T15:08:26.479395Z
  Time since last request: 0.000438 seconds.
  importAddress: GUID: abe6991365a27d341a10580f3b7c0f44 - Path: Packages/com.unity.ugui/Editor Resources/Shaders/TMP_SDF_SSD.cginc - Importer: ScriptedImporter/UnityEditor.QuickSearchModule:UnityEditor.Search:ASIAI0B
Importing 'GUID: abe6991365a27d341a10580f3b7c0f44 - Path: Packages/com.unity.ugui/Editor Resources/Shaders/TMP_SDF_SSD.cginc - Importer: ScriptedImporter/UnityEditor.QuickSearchModule:UnityEditor.Search:ASIAI0B' with importer (ScriptedImporter : UnityEditor.QuickSearchModule:UnityEditor.Search:ASIAI0B)
Imported 'GUID: abe6991365a27d341a10580f3b7c0f44' -> (Import Result ID: '9f8910a4ab528823761215b67d64dae2') in 0.003 seconds [static and dynamic dependencies]. Details - ImportResultOutputID=495478b3fea6c373bf034335c32ffd70 DependenciesID=44b0afd3de0fd2784e38a5ac3b20324d StaticDependenciesID=9897c38eb757426826db6eed204f09ea 
Number of updated asset objects reloaded before import = 0
Number of asset objects unloaded after import = 1
========================================================================
Received Import Request.
  Time of request: 2026-09-19T15:08:26.4992625Z
  Time since last request: 0.0005935 seconds.
  importAddress: GUID: 3bda1886f58f4e0ab1139400b160c3ee - Path: Packages/com.unity.ugui/Runtime/TMP/TMP_Asset.cs - Importer: ScriptedImporter/UnityEditor.QuickSearchModule:UnityEditor.Search:ASIAI0B
Importing 'GUID: 3bda1886f58f4e0ab1139400b160c3ee - Path: Packages/com.unity.ugui/Runtime/TMP/TMP_Asset.cs - Importer: ScriptedImporter/UnityEditor.QuickSearchModule:UnityEditor.Search:ASIAI0B' with importer (ScriptedImporter : UnityEditor.QuickSearchModule:UnityEditor.Search:ASIAI0B)
Imported 'GUID: 3bda1886f58f4e0ab1139400b160c3ee' -> (Import Result ID: 'cf1682c175955b257744886b467ba5f4') in 0.003 seconds [static and dynamic dependencies]. Details - ImportResultOutputID=51563ab4e428e029e459c7637fd2dbaf DependenciesID=4d84aa39bdddce0fba61efe366dbb8ca StaticDependenciesID=0806e47d483d57fb06c2f15a16cf162d 
Number of updated asset objects reloaded before import = 0
Number of asset objects unloaded after import = 0
========================================================================
Received Import Request.
  Time of request: 2026-09-19T15:08:26.5196561Z
  Time since last request: 0.0007314 seconds.
  importAddress: GUID: 322392995be44d23a3c86cfd972f838f - Path: Packages/com.unity.ugui/Runtime/TMP/TMP_DefaultControls.cs - Importer: ScriptedImporter/UnityEditor.QuickSearchModule:UnityEditor.Search:ASIAI0B
Importing 'GUID: 322392995be44d23a3c86cfd972f838f - Path: Packages/com.unity.ugui/Runtime/TMP/TMP_DefaultControls.cs - Importer: ScriptedImporter/UnityEditor.QuickSearchModule:UnityEditor.Search:ASIAI0B' with importer (ScriptedImporter : UnityEditor.QuickSearchModule:UnityEditor.Search:ASIAI0B)
Imported 'GUID: 322392995be44d23a3c86cfd972f838f' -> (Import Result ID: 'eb174e91e9d446b6b4a088110094e335') in 0.002 seconds [static and dynamic dependencies]. Details - ImportResultOutputID=9f10c8c727b62bcf775bc3ca414dd1e4 DependenciesID=82bdf912833de7298f1fc8aa533fb8d6 StaticDependenciesID=c37f3b76cdd1717013b5f7a8e4c33ab9 
Number of updated asset objects reloaded before import = 0
Number of asset objects unloaded after import = 0
========================================================================
Received Import Request.
  Time of request: 2026-09-19T15:08:26.5403199Z
  Time since last request: 0.0009319 seconds.
  importAddress: GUID: 18775b51e3bd42299fd30bd036ea982f - Path: Packages/com.unity.ugui/Editor Resources/Textures/btn_AlignBaseLine_Light.psd - Importer: ScriptedImporter/UnityEditor.QuickSearchModule:UnityEditor.Search:ASIAI0B
Importing 'GUID: 18775b51e3bd42299fd30bd036ea982f - Path: Packages/com.unity.ugui/Editor Resources/Textures/btn_AlignBaseLine_Light.psd - Importer: ScriptedImporter/UnityEditor.QuickSearchModule:UnityEditor.Search:ASIAI0B' with importer (ScriptedImporter : UnityEditor.QuickSearchModule:UnityEditor.Search:ASIAI0B)
Imported 'GUID: 18775b51e3bd42299fd30bd036ea982f' -> (Import Result ID: '5af832351b8d91fef6d14390843faa4f') in 0.009 seconds [static and dynamic dependencies]. Details - ImportResultOutputID=46c8be5ec7a4220853822ff3652b4f03 DependenciesID=eeb1c6eb2fd149a5aca060105cd89ed3 StaticDependenciesID=893efca67c5d4c41bdc91dce88fc70a7 
Number of updated asset objects reloaded before import = 0
Number of asset objects unloaded after import = 1
========================================================================
Received Import Request.
  Time of request: 2026-09-19T15:08:26.5649254Z
  Time since last request: 0.0004261 seconds.
  importAddress: GUID: 871f8edd56e84b8fb295b10cc3c78f36 - Path: Packages/com.unity.ugui/Runtime/TMP/FastAction.cs - Importer: ScriptedImporter/UnityEditor.QuickSearchModule:UnityEditor.Search:ASIAI0B
Importing 'GUID: 871f8edd56e84b8fb295b10cc3c78f36 - Path: Packages/com.unity.ugui/Runtime/TMP/FastAction.cs - Importer: ScriptedImporter/UnityEditor.QuickSearchModule:UnityEditor.Search:ASIAI0B' with importer (ScriptedImporter : UnityEditor.QuickSearchModule:UnityEditor.Search:ASIAI0B)
Imported 'GUID: 871f8edd56e84b8fb295b10cc3c78f36' -> (Import Result ID: 'aaca7f508cdf89361b3fd108295fb778') in 0.004 seconds [static and dynamic dependencies]. Details - ImportResultOutputID=5a8c12bb96d6fc5ec3dde64fdf438843 DependenciesID=839797f5b419cf771e8e27d24ef08cfe StaticDependenciesID=895f15594242da39fe48ce03f26c6f46 
Number of updated asset objects reloaded before import = 0
Number of asset objects unloaded after import = 0
========================================================================
Received Import Request.
  Time of request: 2026-09-19T15:08:26.5886561Z
  Time since last request: 0.0006854 seconds.
  importAddress: GUID: afc31ad767318c9488de260c166cd21d - Path: Packages/com.unity.ugui/Runtime/TMP/ITextPreProcessor.cs - Importer: ScriptedImporter/UnityEditor.QuickSearchModule:UnityEditor.Search:ASIAI0B
Importing 'GUID: afc31ad767318c9488de260c166cd21d - Path: Packages/com.unity.ugui/Runtime/TMP/ITextPreProcessor.cs - Importer: ScriptedImporter/UnityEditor.QuickSearchModule:UnityEditor.Search:ASIAI0B' with importer (ScriptedImporter : UnityEditor.QuickSearchModule:UnityEditor.Search:ASIAI0B)
Imported 'GUID: afc31ad767318c9488de260c166cd21d' -> (Import Result ID: '9b1a368264c40c59677950e18b3e347e') in 0.003 seconds [static and dynamic dependencies]. Details - ImportResultOutputID=a291967416a0209083583a59e63afe66 DependenciesID=c7f3d0f0102e35d4343e6625b2c4952a StaticDependenciesID=a118843807abc6d0ff663b1a4ad006f3 
Number of updated asset objects reloaded before import = 0
Number of asset objects unloaded after import = 0
========================================================================
Received Import Request.
  Time of request: 2026-09-19T15:08:26.6083062Z
  Time since last request: 0.0008426 seconds.
  importAddress: GUID: 3c6c403084eacec478a1129ce20061ea - Path: Packages/com.unity.ugui/Editor Resources/Shaders/TMP_Properties.cginc - Importer: ScriptedImporter/UnityEditor.QuickSearchModule:UnityEditor.Search:ASIAI0B
Importing 'GUID: 3c6c403084eacec478a1129ce20061ea - Path: Packages/com.unity.ugui/Editor Resources/Shaders/TMP_Properties.cginc - Importer: ScriptedImporter/UnityEditor.QuickSearchModule:UnityEditor.Search:ASIAI0B' with importer (ScriptedImporter : UnityEditor.QuickSearchModule:UnityEditor.Search:ASIAI0B)
Imported 'GUID: 3c6c403084eacec478a1129ce20061ea' -> (Import Result ID: 'fb29093ace15ef989ee13256335104e9') in 0.003 seconds [static and dynamic dependencies]. Details - ImportResultOutputID=c9da0208583142e35b6a515e9ec2ff3a DependenciesID=561d04ed54d44e9df57c2969f582c92d StaticDependenciesID=0e082e20c1a7049ba933c31a7e1564e6 
Number of updated asset objects reloaded before import = 0
Number of asset objects unloaded after import = 1
========================================================================
Received Import Request.
  Time of request: 2026-09-19T15:08:26.6296415Z
  Time since last request: 0.0004921 seconds.
  importAddress: GUID: 8bc445bb79654bf496c92d0407840a92 - Path: Packages/com.unity.ugui/Editor Resources/Textures/btn_AlignBaseLine.psd - Importer: ScriptedImporter/UnityEditor.QuickSearchModule:UnityEditor.Search:ASIAI0B
Importing 'GUID: 8bc445bb79654bf496c92d0407840a92 - Path: Packages/com.unity.ugui/Editor Resources/Textures/btn_AlignBaseLine.psd - Importer: ScriptedImporter/UnityEditor.QuickSearchModule:UnityEditor.Search:ASIAI0B' with importer (ScriptedImporter : UnityEditor.QuickSearchModule:UnityEditor.Search:ASIAI0B)
Imported 'GUID: 8bc445bb79654bf496c92d0407840a92' -> (Import Result ID: '77559ed351b195b826179048ef19a825') in 0.009 seconds [static and dynamic dependencies]. Details - ImportResultOutputID=6e14064443916742afd02c935e0791f4 DependenciesID=9c2a4b55d19f2d18391a8adc0feb5d68 StaticDependenciesID=b44c51b6cf883c890681813fce90ef17 
Number of updated asset objects reloaded before import = 0
Number of asset objects unloaded after import = 1
========================================================================
Received Import Request.
  Time of request: 2026-09-19T15:08:26.65501Z
  Time since last request: 0.0004974 seconds.
  importAddress: GUID: 12736c98af174f91827a26b66d2b01b9 - Path: Packages/com.unity.ugui/Editor Resources/Textures/btn_AlignLeft_Light.psd - Importer: ScriptedImporter/UnityEditor.QuickSearchModule:UnityEditor.Search:ASIAI0B
Importing 'GUID: 12736c98af174f91827a26b66d2b01b9 - Path: Packages/com.unity.ugui/Editor Resources/Textures/btn_AlignLeft_Light.psd - Importer: ScriptedImporter/UnityEditor.QuickSearchModule:UnityEditor.Search:ASIAI0B' with importer (ScriptedImporter : UnityEditor.QuickSearchModule:UnityEditor.Search:ASIAI0B)
Imported 'GUID: 12736c98af174f91827a26b66d2b01b9' -> (Import Result ID: 'cac3007f85644c34fe3d74a33d319643') in 0.010 seconds [static and dynamic dependencies]. Details - ImportResultOutputID=62049e3674ece57b70c0a30a4593ac25 DependenciesID=b683f2fccf8bffef91348cdc6220145f StaticDependenciesID=c725b6223a88dbf684a8305df37b627d 
Number of updated asset objects reloaded before import = 0
Number of asset objects unloaded after import = 1
========================================================================
Received Import Request.
  Time of request: 2026-09-19T15:08:26.683441Z
  Time since last request: 0.0004326 seconds.
  importAddress: GUID: 90fe1c65e6bb3bc4e90862df7297719e - Path: Packages/com.unity.ugui/Runtime/TMP/TMP_CharacterInfo.cs - Importer: ScriptedImporter/UnityEditor.QuickSearchModule:UnityEditor.Search:ASIAI0B
Importing 'GUID: 90fe1c65e6bb3bc4e90862df7297719e - Path: Packages/com.unity.ugui/Runtime/TMP/TMP_CharacterInfo.cs - Importer: ScriptedImporter/UnityEditor.QuickSearchModule:UnityEditor.Search:ASIAI0B' with importer (ScriptedImporter : UnityEditor.QuickSearchModule:UnityEditor.Search:ASIAI0B)
Imported 'GUID: 90fe1c65e6bb3bc4e90862df7297719e' -> (Import Result ID: 'cb98116867bad85bb06f3e355b97073e') in 0.003 seconds [static and dynamic dependencies]. Details - ImportResultOutputID=f8d3a5fe8329a3ee4cd19dae33aea4fd DependenciesID=b2d3e3f332f62bd0193e82f06358d231 StaticDependenciesID=ef74be03ecd6d63d34e3693c5171fecc 
Number of updated asset objects reloaded before import = 0
Number of asset objects unloaded after import = 0
========================================================================
Received Import Request.
  Time of request: 2026-09-19T15:08:26.7064361Z
  Time since last request: 0.0022382 seconds.
  importAddress: GUID: f695b5f9415c40b39ae877eaff41c96e - Path: Packages/com.unity.ugui/Runtime/TMP/TMP_FontAssetCommon.cs - Importer: ScriptedImporter/UnityEditor.QuickSearchModule:UnityEditor.Search:ASIAI0B
Importing 'GUID: f695b5f9415c40b39ae877eaff41c96e - Path: Packages/com.unity.ugui/Runtime/TMP/TMP_FontAssetCommon.cs - Importer: ScriptedImporter/UnityEditor.QuickSearchModule:UnityEditor.Search:ASIAI0B' with importer (ScriptedImporter : UnityEditor.QuickSearchModule:UnityEditor.Search:ASIAI0B)
Imported 'GUID: f695b5f9415c40b39ae877eaff41c96e' -> (Import Result ID: '9c13f0b48069ad0546a81a44352beeb4') in 0.003 seconds [static and dynamic dependencies]. Details - ImportResultOutputID=d8d17feeb77181fbd3f27f142b512786 DependenciesID=cebb0d03d747338df763a29f4987dbab StaticDependenciesID=1118a6b939736e9cc0c04ca5a6d5249c 
Number of updated asset objects reloaded before import = 0
Number of asset objects unloaded after import = 0
========================================================================
Received Import Request.
  Time of request: 2026-09-19T15:08:26.7257377Z
  Time since last request: 0.00062 seconds.
  importAddress: GUID: 987fa2c7d1a0e2242839cb8af2fcecc9 - Path: Packages/com.unity.ugui/Runtime/InternalBridge/TMPHelpURL.cs - Importer: ScriptedImporter/UnityEditor.QuickSearchModule:UnityEditor.Search:ASIAI0B
Importing 'GUID: 987fa2c7d1a0e2242839cb8af2fcecc9 - Path: Packages/com.unity.ugui/Runtime/InternalBridge/TMPHelpURL.cs - Importer: ScriptedImporter/UnityEditor.QuickSearchModule:UnityEditor.Search:ASIAI0B' with importer (ScriptedImporter : UnityEditor.QuickSearchModule:UnityEditor.Search:ASIAI0B)
Imported 'GUID: 987fa2c7d1a0e2242839cb8af2fcecc9' -> (Import Result ID: '3715857866f099798f7e91f6b9a9cc3f') in 0.002 seconds [static and dynamic dependencies]. Details - ImportResultOutputID=fc42744b9635d8a22ab35dd02555ba8c DependenciesID=5cad4c9646168078e51a76e38e1d7329 StaticDependenciesID=e97c48381da1e69c82ae83697956e03d 
Number of updated asset objects reloaded before import = 0
Number of asset objects unloaded after import = 0
========================================================================
Received Import Request.
  Time of request: 2026-09-19T15:08:26.7467612Z
  Time since last request: 0.0011225 seconds.
  importAddress: GUID: 6ace62d30f494c948b71d5594afce11d - Path: Packages/com.unity.ugui/Editor Resources/Textures/btn_AlignCenter_Light.psd - Importer: ScriptedImporter/UnityEditor.QuickSearchModule:UnityEditor.Search:ASIAI0B
Importing 'GUID: 6ace62d30f494c948b71d5594afce11d - Path: Packages/com.unity.ugui/Editor Resources/Textures/btn_AlignCenter_Light.psd - Importer: ScriptedImporter/UnityEditor.QuickSearchModule:UnityEditor.Search:ASIAI0B' with importer (ScriptedImporter : UnityEditor.QuickSearchModule:UnityEditor.Search:ASIAI0B)
Imported 'GUID: 6ace62d30f494c948b71d5594afce11d' -> (Import Result ID: 'bf143e2f7fb1d1b1f865f01f0e276d24') in 0.009 seconds [static and dynamic dependencies]. Details - ImportResultOutputID=ff61637f732a063d75a2cc11eaa7be39 DependenciesID=1c9d175decf9a0302ef7926b36b1ba61 StaticDependenciesID=2b618b735cbb4ba0b9f51c433c4ff42f 
Number of updated asset objects reloaded before import = 0
Number of asset objects unloaded after import = 1
========================================================================
Received Import Request.
  Time of request: 2026-09-19T15:08:26.7739223Z
  Time since last request: 0.0005357 seconds.
  importAddress: GUID: 4ac5b6a65aaeb59478e3b78660e9f134 - Path: Packages/com.unity.ugui/Runtime/TMP/TMP_Character.cs - Importer: ScriptedImporter/UnityEditor.QuickSearchModule:UnityEditor.Search:ASIAI0B
Importing 'GUID: 4ac5b6a65aaeb59478e3b78660e9f134 - Path: Packages/com.unity.ugui/Runtime/TMP/TMP_Character.cs - Importer: ScriptedImporter/UnityEditor.QuickSearchModule:UnityEditor.Search:ASIAI0B' with importer (ScriptedImporter : UnityEditor.QuickSearchModule:UnityEditor.Search:ASIAI0B)
Imported 'GUID: 4ac5b6a65aaeb59478e3b78660e9f134' -> (Import Result ID: '2c3ad13391207bb787e0b12fcfa351d1') in 0.007 seconds [static and dynamic dependencies]. Details - ImportResultOutputID=4ad2d437cef3181565129317fbd43cf5 DependenciesID=7d87cb3e566bd696a70516c843fd1a95 StaticDependenciesID=38d3554c9575d0f69cc1fb3740533414 
Number of updated asset objects reloaded before import = 0
Number of asset objects unloaded after import = 0
========================================================================
Received Import Request.
  Time of request: 2026-09-19T15:08:26.8245404Z
  Time since last request: 0.0250817 seconds.
  importAddress: GUID: 8bc2b083b068f3546a9509c805e0541c - Path: Packages/com.unity.ugui/Editor/TMP/PropertyDrawers/GlyphRectPropertyDrawer.cs - Importer: ScriptedImporter/UnityEditor.QuickSearchModule:UnityEditor.Search:ASIAI0B
Importing 'GUID: 8bc2b083b068f3546a9509c805e0541c - Path: Packages/com.unity.ugui/Editor/TMP/PropertyDrawers/GlyphRectPropertyDrawer.cs - Importer: ScriptedImporter/UnityEditor.QuickSearchModule:UnityEditor.Search:ASIAI0B' with importer (ScriptedImporter : UnityEditor.QuickSearchModule:UnityEditor.Search:ASIAI0B)
Imported 'GUID: 8bc2b083b068f3546a9509c805e0541c' -> (Import Result ID: 'ec1bb92190713648dae7bd54fb608674') in 0.003 seconds [static and dynamic dependencies]. Details - ImportResultOutputID=c00bae8f57c66114a973e9a2a014c1db DependenciesID=6286810d4ec9358a723365039c92151f StaticDependenciesID=41e4d550c9077a7ea704226843b3f72d 
Number of updated asset objects reloaded before import = 0
Number of asset objects unloaded after import = 0
========================================================================
Received Import Request.
  Time of request: 2026-09-19T15:08:26.8446928Z
  Time since last request: 0.0007333 seconds.
  importAddress: GUID: 2705215ac5b84b70bacc50632be6e391 - Path: Packages/com.unity.ugui/Runtime/TMP/TMP_Settings.cs - Importer: ScriptedImporter/UnityEditor.QuickSearchModule:UnityEditor.Search:ASIAI0B
Importing 'GUID: 2705215ac5b84b70bacc50632be6e391 - Path: Packages/com.unity.ugui/Runtime/TMP/TMP_Settings.cs - Importer: ScriptedImporter/UnityEditor.QuickSearchModule:UnityEditor.Search:ASIAI0B' with importer (ScriptedImporter : UnityEditor.QuickSearchModule:UnityEditor.Search:ASIAI0B)
Imported 'GUID: 2705215ac5b84b70bacc50632be6e391' -> (Import Result ID: '5ce9c4b25ad34ee17ba017bf115cd619') in 0.003 seconds [static and dynamic dependencies]. Details - ImportResultOutputID=4a51e2aef2238187932061a17cbfab4f DependenciesID=2cc62c6265aa612717dd7ae6dd5a94b0 StaticDependenciesID=fd255cf69349950bcb3f8fb2079f5a73 
Number of updated asset objects reloaded before import = 0
Number of asset objects unloaded after import = 0
========================================================================
Received Import Request.
  Time of request: 2026-09-19T15:08:26.8661495Z
  Time since last request: 0.000598 seconds.
  importAddress: GUID: 6366ee97f6b541449155028b9487355a - Path: Packages/com.unity.ugui/Runtime/TMP/TMP_SpriteAnimator.cs - Importer: ScriptedImporter/UnityEditor.QuickSearchModule:UnityEditor.Search:ASIAI0B
Importing 'GUID: 6366ee97f6b541449155028b9487355a - Path: Packages/com.unity.ugui/Runtime/TMP/TMP_SpriteAnimator.cs - Importer: ScriptedImporter/UnityEditor.QuickSearchModule:UnityEditor.Search:ASIAI0B' with importer (ScriptedImporter : UnityEditor.QuickSearchModule:UnityEditor.Search:ASIAI0B)
Imported 'GUID: 6366ee97f6b541449155028b9487355a' -> (Import Result ID: '066e969447b575831a6503eb72cc9716') in 0.003 seconds [static and dynamic dependencies]. Details - ImportResultOutputID=0ba5b2e3cbaf1e8f9d5aa8f57d0c2bc4 DependenciesID=8ae319f7d76bbe688341967dd8c40346 StaticDependenciesID=405baa6cebeededa65553a6a2cb6378e 
Number of updated asset objects reloaded before import = 0
Number of asset objects unloaded after import = 0
========================================================================
Received Import Request.
  Time of request: 2026-09-19T15:08:26.8861572Z
  Time since last request: 0.0004691 seconds.
  importAddress: GUID: 37b164a494cd92a498526852ecceedef - Path: Packages/com.unity.ugui/Editor/UGUI/EventSystem/EventTriggerEditor.cs - Importer: ScriptedImporter/UnityEditor.QuickSearchModule:UnityEditor.Search:ASIAI0B
Importing 'GUID: 37b164a494cd92a498526852ecceedef - Path: Packages/com.unity.ugui/Editor/UGUI/EventSystem/EventTriggerEditor.cs - Importer: ScriptedImporter/UnityEditor.QuickSearchModule:UnityEditor.Search:ASIAI0B' with importer (ScriptedImporter : UnityEditor.QuickSearchModule:UnityEditor.Search:ASIAI0B)
Imported 'GUID: 37b164a494cd92a498526852ecceedef' -> (Import Result ID: '3deb88b271c98b68756bf810ed71235c') in 0.003 seconds [static and dynamic dependencies]. Details - ImportResultOutputID=704a5b7c47af0f48b03fd585ef68a195 DependenciesID=65fa07d6ee122930818670154ce36500 StaticDependenciesID=cb6f773d5ea70692b43e882f10b41eda 
Number of updated asset objects reloaded before import = 0
Number of asset objects unloaded after import = 0
========================================================================
Received Import Request.
  Time of request: 2026-09-19T15:08:26.9086261Z
  Time since last request: 0.0006314 seconds.
  importAddress: GUID: 691db8cb70c4426a8ae718465c21345f - Path: Packages/com.unity.ugui/Runtime/TMP/TMP_UpdateManager.cs - Importer: ScriptedImporter/UnityEditor.QuickSearchModule:UnityEditor.Search:ASIAI0B
Importing 'GUID: 691db8cb70c4426a8ae718465c21345f - Path: Packages/com.unity.ugui/Runtime/TMP/TMP_UpdateManager.cs - Importer: ScriptedImporter/UnityEditor.QuickSearchModule:UnityEditor.Search:ASIAI0B' with importer (ScriptedImporter : UnityEditor.QuickSearchModule:UnityEditor.Search:ASIAI0B)
Imported 'GUID: 691db8cb70c4426a8ae718465c21345f' -> (Import Result ID: '54bf8329e917412aa10f907494a46bcc') in 0.004 seconds [static and dynamic dependencies]. Details - ImportResultOutputID=b2f7a136414ed7677152ee658e740625 DependenciesID=30198da8330c73cfe5afe9600dad01f1 StaticDependenciesID=bf0e575addb7de385e544717d930c16b 
Number of updated asset objects reloaded before import = 0
Number of asset objects unloaded after import = 0
========================================================================
Received Import Request.
  Time of request: 2026-09-19T15:08:26.9316517Z
  Time since last request: 0.0006021 seconds.
  importAddress: GUID: e21bec35f48a44298911b25ead550ce3 - Path: Packages/com.unity.ugui/Runtime/TMP/TMP_MeshInfo.cs - Importer: ScriptedImporter/UnityEditor.QuickSearchModule:UnityEditor.Search:ASIAI0B
Importing 'GUID: e21bec35f48a44298911b25ead550ce3 - Path: Packages/com.unity.ugui/Runtime/TMP/TMP_MeshInfo.cs - Importer: ScriptedImporter/UnityEditor.QuickSearchModule:UnityEditor.Search:ASIAI0B' with importer (ScriptedImporter : UnityEditor.QuickSearchModule:UnityEditor.Search:ASIAI0B)
Imported 'GUID: e21bec35f48a44298911b25ead550ce3' -> (Import Result ID: '3b7eaef62e86d7bd2e96b8099465a764') in 0.003 seconds [static and dynamic dependencies]. Details - ImportResultOutputID=cf906a6322f0a9fce7f0a069a39a0f27 DependenciesID=83756104f5c3b698cd2303e390b35694 StaticDependenciesID=4dc29cb762befe4e8fb395303cc0944f 
Number of updated asset objects reloaded before import = 0
Number of asset objects unloaded after import = 0
========================================================================
Received Import Request.
  Time of request: 2026-09-19T15:08:26.954025Z
  Time since last request: 0.0006072 seconds.
  importAddress: GUID: 37cff9f5a86ae494c8cb04423580480d - Path: Packages/com.unity.ugui/Editor/TMP/PropertyDrawers/TMP_SpriteCharacterPropertyDrawer.cs - Importer: ScriptedImporter/UnityEditor.QuickSearchModule:UnityEditor.Search:ASIAI0B
Importing 'GUID: 37cff9f5a86ae494c8cb04423580480d - Path: Packages/com.unity.ugui/Editor/TMP/PropertyDrawers/TMP_SpriteCharacterPropertyDrawer.cs - Importer: ScriptedImporter/UnityEditor.QuickSearchModule:UnityEditor.Search:ASIAI0B' with importer (ScriptedImporter : UnityEditor.QuickSearchModule:UnityEditor.Search:ASIAI0B)
Imported 'GUID: 37cff9f5a86ae494c8cb04423580480d' -> (Import Result ID: '4089d8527a487319029488e981aebaaa') in 0.004 seconds [static and dynamic dependencies]. Details - ImportResultOutputID=0f2748d28763889b7414cb274cafc62c DependenciesID=b8283dc286ce470f5d6ac7daf1260ee2 StaticDependenciesID=f6be3dce62ad17d6e4707120ba5dc63d 
Number of updated asset objects reloaded before import = 0
Number of asset objects unloaded after import = 0
========================================================================
Received Import Request.
  Time of request: 2026-09-19T15:08:26.9769055Z
  Time since last request: 0.0004807 seconds.
  importAddress: GUID: 371a2245f9a9ff344997fec3609bf73e - Path: Packages/com.unity.ugui/Editor/TMP/PropertyDrawers/TMP_PropertyDrawerUtilities.cs - Importer: ScriptedImporter/UnityEditor.QuickSearchModule:UnityEditor.Search:ASIAI0B
Importing 'GUID: 371a2245f9a9ff344997fec3609bf73e - Path: Packages/com.unity.ugui/Editor/TMP/PropertyDrawers/TMP_PropertyDrawerUtilities.cs - Importer: ScriptedImporter/UnityEditor.QuickSearchModule:UnityEditor.Search:ASIAI0B' with importer (ScriptedImporter : UnityEditor.QuickSearchModule:UnityEditor.Search:ASIAI0B)
Imported 'GUID: 371a2245f9a9ff344997fec3609bf73e' -> (Import Result ID: '527d546cd5362005b1159356bc1b5faa') in 0.003 seconds [static and dynamic dependencies]. Details - ImportResultOutputID=37e9152b40366a08293b3a1a7ad77b38 DependenciesID=6e4e152a942d336a5fa5fdd000577fc0 StaticDependenciesID=49d6a6672bd00d079f4742fb9a18a727 
Number of updated asset objects reloaded before import = 0
Number of asset objects unloaded after import = 0
========================================================================
Received Import Request.
  Time of request: 2026-09-19T15:08:26.9943097Z
  Time since last request: 0.0004732 seconds.
  importAddress: GUID: 4f0ca6874aa74540bb3d4fe5a0f86bcc - Path: Packages/com.unity.ugui/Runtime/TMP/TMP_TextUtilities.cs - Importer: ScriptedImporter/UnityEditor.QuickSearchModule:UnityEditor.Search:ASIAI0B
Importing 'GUID: 4f0ca6874aa74540bb3d4fe5a0f86bcc - Path: Packages/com.unity.ugui/Runtime/TMP/TMP_TextUtilities.cs - Importer: ScriptedImporter/UnityEditor.QuickSearchModule:UnityEditor.Search:ASIAI0B' with importer (ScriptedImporter : UnityEditor.QuickSearchModule:UnityEditor.Search:ASIAI0B)
Imported 'GUID: 4f0ca6874aa74540bb3d4fe5a0f86bcc' -> (Import Result ID: '4d556ad8cec2dda8d0776a48844df2a2') in 0.003 seconds [static and dynamic dependencies]. Details - ImportResultOutputID=dc69f6cf824a5e49491b619d91280d8d DependenciesID=bd98abe017d4782ed7896c59d43c97f8 StaticDependenciesID=8fad50d70d888cc39c9575c50ed797d1 
Number of updated asset objects reloaded before import = 0
Number of asset objects unloaded after import = 0
========================================================================
Received Import Request.
  Time of request: 2026-09-19T15:08:27.0134043Z
  Time since last request: 0.0007147 seconds.
  importAddress: GUID: d51458b261e0ecc4a98904e53924dc1c - Path: Packages/com.unity.ugui/Editor/UGUI/Properties/AssemblyInfo.cs - Importer: ScriptedImporter/UnityEditor.QuickSearchModule:UnityEditor.Search:ASIAI0B
Importing 'GUID: d51458b261e0ecc4a98904e53924dc1c - Path: Packages/com.unity.ugui/Editor/UGUI/Properties/AssemblyInfo.cs - Importer: ScriptedImporter/UnityEditor.QuickSearchModule:UnityEditor.Search:ASIAI0B' with importer (ScriptedImporter : UnityEditor.QuickSearchModule:UnityEditor.Search:ASIAI0B)
Imported 'GUID: d51458b261e0ecc4a98904e53924dc1c' -> (Import Result ID: 'bfd853b4248dd11ad39d20b3f4285e2e') in 0.004 seconds [static and dynamic dependencies]. Details - ImportResultOutputID=e0e5ca50fe7af3bc15d15614e52bbb9b DependenciesID=58998fd93e7f71e323581e76e811db02 StaticDependenciesID=2c62bb7d59d332f431e6541986c5b8b6 
Number of updated asset objects reloaded before import = 0
Number of asset objects unloaded after import = 0
========================================================================
Received Import Request.
  Time of request: 2026-09-19T15:08:27.0394635Z
  Time since last request: 0.0005365 seconds.
  importAddress: GUID: ab2114bdc8544297b417dfefe9f1e410 - Path: Packages/com.unity.ugui/Runtime/TMP/TMP_StyleSheet.cs - Importer: ScriptedImporter/UnityEditor.QuickSearchModule:UnityEditor.Search:ASIAI0B
Importing 'GUID: ab2114bdc8544297b417dfefe9f1e410 - Path: Packages/com.unity.ugui/Runtime/TMP/TMP_StyleSheet.cs - Importer: ScriptedImporter/UnityEditor.QuickSearchModule:UnityEditor.Search:ASIAI0B' with importer (ScriptedImporter : UnityEditor.QuickSearchModule:UnityEditor.Search:ASIAI0B)
Imported 'GUID: ab2114bdc8544297b417dfefe9f1e410' -> (Import Result ID: '8e814b12d6263d2c3dac5a5dd9fcde5a') in 0.003 seconds [static and dynamic dependencies]. Details - ImportResultOutputID=f9acda9b68a4492423a4caf2aed5ebba DependenciesID=3fd425562dc49b6b91015a58eafa85f4 StaticDependenciesID=bce9c535a2a553e252049dfe7f248835 
Number of updated asset objects reloaded before import = 0
Number of asset objects unloaded after import = 0
========================================================================
Received Import Request.
  Time of request: 2026-09-19T15:08:27.061726Z
  Time since last request: 0.0011703 seconds.
  importAddress: GUID: 07994bfe8b0e4adb97d706de5dea48d5 - Path: Packages/com.unity.ugui/Runtime/TMP/TMP_SubMesh.cs - Importer: ScriptedImporter/UnityEditor.QuickSearchModule:UnityEditor.Search:ASIAI0B
Importing 'GUID: 07994bfe8b0e4adb97d706de5dea48d5 - Path: Packages/com.unity.ugui/Runtime/TMP/TMP_SubMesh.cs - Importer: ScriptedImporter/UnityEditor.QuickSearchModule:UnityEditor.Search:ASIAI0B' with importer (ScriptedImporter : UnityEditor.QuickSearchModule:UnityEditor.Search:ASIAI0B)
Imported 'GUID: 07994bfe8b0e4adb97d706de5dea48d5' -> (Import Result ID: '230445b24d690ca2599fa1ae84478ee7') in 0.004 seconds [static and dynamic dependencies]. Details - ImportResultOutputID=dd96f63bc656b74fec728da701a840f7 DependenciesID=85fa42184bd6770453446747e72cbed2 StaticDependenciesID=cea3c02533f9d414000630612dcd0b83 
Number of updated asset objects reloaded before import = 0
Number of asset objects unloaded after import = 0
========================================================================
Received Import Request.
  Time of request: 2026-09-19T15:08:27.0822749Z
  Time since last request: 0.0006764 seconds.
  importAddress: GUID: c4777500b5da6094e956c3d4f04de4db - Path: Packages/com.unity.ugui/Editor/TMP/PropertyDrawers/TMP_GlyphPropertyDrawer.cs - Importer: ScriptedImporter/UnityEditor.QuickSearchModule:UnityEditor.Search:ASIAI0B
Importing 'GUID: c4777500b5da6094e956c3d4f04de4db - Path: Packages/com.unity.ugui/Editor/TMP/PropertyDrawers/TMP_GlyphPropertyDrawer.cs - Importer: ScriptedImporter/UnityEditor.QuickSearchModule:UnityEditor.Search:ASIAI0B' with importer (ScriptedImporter : UnityEditor.QuickSearchModule:UnityEditor.Search:ASIAI0B)
Imported 'GUID: c4777500b5da6094e956c3d4f04de4db' -> (Import Result ID: 'c8a4e9513e0c48dc2f3e9d00a8133a22') in 0.003 seconds [static and dynamic dependencies]. Details - ImportResultOutputID=b4ec5ad9fb49d7215a5bc3899787103f DependenciesID=91e573067ee941200f22f2cad0eb2227 StaticDependenciesID=f492bd1d376f88e692069d9e3ae03d49 
Number of updated asset objects reloaded before import = 0
Number of asset objects unloaded after import = 0
========================================================================
Received Import Request.
  Time of request: 2026-09-19T15:08:27.1041786Z
  Time since last request: 0.0007934 seconds.
  importAddress: GUID: 543674eec776b1442a192c932e6cd9b3 - Path: Packages/com.unity.ugui/Runtime/TMP/TMP_TextElement.cs - Importer: ScriptedImporter/UnityEditor.QuickSearchModule:UnityEditor.Search:ASIAI0B
Importing 'GUID: 543674eec776b1442a192c932e6cd9b3 - Path: Packages/com.unity.ugui/Runtime/TMP/TMP_TextElement.cs - Importer: ScriptedImporter/UnityEditor.QuickSearchModule:UnityEditor.Search:ASIAI0B' with importer (ScriptedImporter : UnityEditor.QuickSearchModule:UnityEditor.Search:ASIAI0B)
Imported 'GUID: 543674eec776b1442a192c932e6cd9b3' -> (Import Result ID: 'd8c045ed08d96062c3be554c181b27bd') in 0.004 seconds [static and dynamic dependencies]. Details - ImportResultOutputID=936a57b2d4353e31d542261e52e97a6a DependenciesID=03028d16ee638bb62837729940b87f67 StaticDependenciesID=c3c72005c032f43c45ee78819fff7d6c 
Number of updated asset objects reloaded before import = 0
Number of asset objects unloaded after import = 0
========================================================================
Received Import Request.
  Time of request: 2026-09-19T15:08:27.12749Z
  Time since last request: 0.0005392 seconds.
  importAddress: GUID: 3bce033ee26244e419b3bb3bba95a37d - Path: Packages/com.unity.ugui/Editor/UGUI/UI/CanvasScalerEditor.cs - Importer: ScriptedImporter/UnityEditor.QuickSearchModule:UnityEditor.Search:ASIAI0B
Importing 'GUID: 3bce033ee26244e419b3bb3bba95a37d - Path: Packages/com.unity.ugui/Editor/UGUI/UI/CanvasScalerEditor.cs - Importer: ScriptedImporter/UnityEditor.QuickSearchModule:UnityEditor.Search:ASIAI0B' with importer (ScriptedImporter : UnityEditor.QuickSearchModule:UnityEditor.Search:ASIAI0B)
Imported 'GUID: 3bce033ee26244e419b3bb3bba95a37d' -> (Import Result ID: '25c7e7212f814960b9f05522e8ba719e') in 0.004 seconds [static and dynamic dependencies]. Details - ImportResultOutputID=dfe51a0fa3a58e214152870abed4cec2 DependenciesID=bed2d175e54b42b8919445ad8a7da72e StaticDependenciesID=8f2edcc99739db14955b86a9f3674604 
Number of updated asset objects reloaded before import = 0
Number of asset objects unloaded after import = 0
========================================================================
Received Import Request.
  Time of request: 2026-09-19T15:08:27.1507073Z
  Time since last request: 0.0006329 seconds.
  importAddress: GUID: 202d758d102b6854a9710c8b93db742c - Path: Packages/com.unity.ugui/Runtime/TMP/TMP_SpriteCharacter.cs - Importer: ScriptedImporter/UnityEditor.QuickSearchModule:UnityEditor.Search:ASIAI0B
Importing 'GUID: 202d758d102b6854a9710c8b93db742c - Path: Packages/com.unity.ugui/Runtime/TMP/TMP_SpriteCharacter.cs - Importer: ScriptedImporter/UnityEditor.QuickSearchModule:UnityEditor.Search:ASIAI0B' with importer (ScriptedImporter : UnityEditor.QuickSearchModule:UnityEditor.Search:ASIAI0B)
Imported 'GUID: 202d758d102b6854a9710c8b93db742c' -> (Import Result ID: '7afddb5253bbad53b2b6cdb8a7cc1867') in 0.004 seconds [static and dynamic dependencies]. Details - ImportResultOutputID=e649bd64a49ef80db1c9b4df9d4ba0f9 DependenciesID=973bd9d8d2b2c283fbb5e868b26fe60b StaticDependenciesID=2d6b4d0a3c48fd510f432017f253ecfa 
Number of updated asset objects reloaded before import = 0
Number of asset objects unloaded after import = 0
========================================================================
Received Import Request.
  Time of request: 2026-09-19T15:08:27.1740249Z
  Time since last request: 0.0006551 seconds.
  importAddress: GUID: 149e85704eb73624ba2d705408274f3e - Path: Packages/com.unity.ugui/Editor/TMP/PropertyDrawers/TMP_MarkToMarkAdjustmentRecordPropertyDrawer.cs - Importer: ScriptedImporter/UnityEditor.QuickSearchModule:UnityEditor.Search:ASIAI0B
Importing 'GUID: 149e85704eb73624ba2d705408274f3e - Path: Packages/com.unity.ugui/Editor/TMP/PropertyDrawers/TMP_MarkToMarkAdjustmentRecordPropertyDrawer.cs - Importer: ScriptedImporter/UnityEditor.QuickSearchModule:UnityEditor.Search:ASIAI0B' with importer (ScriptedImporter : UnityEditor.QuickSearchModule:UnityEditor.Search:ASIAI0B)
Imported 'GUID: 149e85704eb73624ba2d705408274f3e' -> (Import Result ID: 'bf92068d5fcd2bc0a0b6bac3e0ce072b') in 0.003 seconds [static and dynamic dependencies]. Details - ImportResultOutputID=6fb0634cdc9f0aad2743075dd34400c3 DependenciesID=445b6a26f184f06b740d90edd17297a6 StaticDependenciesID=b33a796d4ebca5bb51edd90b98d166c3 
Number of updated asset objects reloaded before import = 0
Number of asset objects unloaded after import = 0
========================================================================
Received Import Request.
  Time of request: 2026-09-19T15:08:27.1957226Z
  Time since last request: 0.0007349 seconds.
  importAddress: GUID: 7b6c2e51603686247afd5ab620c490e6 - Path: Packages/com.unity.ugui/Editor/TMP/PropertyDrawers/LigatureSubstitutionRecordPropertyDrawer.cs - Importer: ScriptedImporter/UnityEditor.QuickSearchModule:UnityEditor.Search:ASIAI0B
Importing 'GUID: 7b6c2e51603686247afd5ab620c490e6 - Path: Packages/com.unity.ugui/Editor/TMP/PropertyDrawers/LigatureSubstitutionRecordPropertyDrawer.cs - Importer: ScriptedImporter/UnityEditor.QuickSearchModule:UnityEditor.Search:ASIAI0B' with importer (ScriptedImporter : UnityEditor.QuickSearchModule:UnityEditor.Search:ASIAI0B)
Imported 'GUID: 7b6c2e51603686247afd5ab620c490e6' -> (Import Result ID: '403383bdea6428aa9d643a8bfd70d8ae') in 0.002 seconds [static and dynamic dependencies]. Details - ImportResultOutputID=9ea333161810d86c065d78f6267009c8 DependenciesID=f31d6a2b83103df8c15d054f7b427f8d StaticDependenciesID=efb21d356919345269fe7aef7845f112 
Number of updated asset objects reloaded before import = 0
Number of asset objects unloaded after import = 0
========================================================================
Received Import Request.
  Time of request: 2026-09-19T15:08:27.2151972Z
  Time since last request: 0.0004442 seconds.
  importAddress: GUID: 5b5c6a576605b3c4aab7d27193785f27 - Path: Packages/com.unity.ugui/Runtime/TMP/TMP_SpriteGlyph.cs - Importer: ScriptedImporter/UnityEditor.QuickSearchModule:UnityEditor.Search:ASIAI0B
Importing 'GUID: 5b5c6a576605b3c4aab7d27193785f27 - Path: Packages/com.unity.ugui/Runtime/TMP/TMP_SpriteGlyph.cs - Importer: ScriptedImporter/UnityEditor.QuickSearchModule:UnityEditor.Search:ASIAI0B' with importer (ScriptedImporter : UnityEditor.QuickSearchModule:UnityEditor.Search:ASIAI0B)
Imported 'GUID: 5b5c6a576605b3c4aab7d27193785f27' -> (Import Result ID: '90c797988a8fdb0207edcff4354dc7fa') in 0.002 seconds [static and dynamic dependencies]. Details - ImportResultOutputID=b7ac66d35acbc4fd50445765dc5b7b7a DependenciesID=de54f499a7ecd95d1c85c12615abc16c StaticDependenciesID=874260100d3fa7e5341bfe3f7fbf5f0c 
Number of updated asset objects reloaded before import = 0
Number of asset objects unloaded after import = 0
========================================================================
Received Import Request.
  Time of request: 2026-09-19T15:08:27.2358342Z
  Time since last request: 0.000677 seconds.
  importAddress: GUID: bad96c2cfa78a124cb8ec890d2386dfe - Path: Packages/com.unity.ugui/Editor/TMP/HDRP/TMP_SDF_HDRPUnlitShaderGUI.cs - Importer: ScriptedImporter/UnityEditor.QuickSearchModule:UnityEditor.Search:ASIAI0B
Importing 'GUID: bad96c2cfa78a124cb8ec890d2386dfe - Path: Packages/com.unity.ugui/Editor/TMP/HDRP/TMP_SDF_HDRPUnlitShaderGUI.cs - Importer: ScriptedImporter/UnityEditor.QuickSearchModule:UnityEditor.Search:ASIAI0B' with importer (ScriptedImporter : UnityEditor.QuickSearchModule:UnityEditor.Search:ASIAI0B)
Imported 'GUID: bad96c2cfa78a124cb8ec890d2386dfe' -> (Import Result ID: '8efcebe520d37e106571d54c2aed7442') in 0.007 seconds [static and dynamic dependencies]. Details - ImportResultOutputID=181e1fa6e9bb4c7d2ad352c8424019df DependenciesID=4c03c76dd4bc190ae870db238d15a7e7 StaticDependenciesID=5583c29f9a2c9345831e753a451a0927 
Number of updated asset objects reloaded before import = 0
Number of asset objects unloaded after import = 0
========================================================================
Received Import Request.
  Time of request: 2026-09-19T15:08:27.2619295Z
  Time since last request: 0.0005705 seconds.
  importAddress: GUID: 34e150112c1c42ac83170b52d898e322 - Path: Packages/com.unity.ugui/Runtime/TMP/TMP_ScrollbarEventHandler.cs - Importer: ScriptedImporter/UnityEditor.QuickSearchModule:UnityEditor.Search:ASIAI0B
Importing 'GUID: 34e150112c1c42ac83170b52d898e322 - Path: Packages/com.unity.ugui/Runtime/TMP/TMP_ScrollbarEventHandler.cs - Importer: ScriptedImporter/UnityEditor.QuickSearchModule:UnityEditor.Search:ASIAI0B' with importer (ScriptedImporter : UnityEditor.QuickSearchModule:UnityEditor.Search:ASIAI0B)
Imported 'GUID: 34e150112c1c42ac83170b52d898e322' -> (Import Result ID: '6de0e40b4c0ac971ae5a7ce91e7d90fc') in 0.003 seconds [static and dynamic dependencies]. Details - ImportResultOutputID=74f29ae1ef2c935d4db3a14ecb131305 DependenciesID=fa76670308c3f1f3c553b506da92c447 StaticDependenciesID=6f50ff79144b7bd5585811e1e9588874 
Number of updated asset objects reloaded before import = 0
Number of asset objects unloaded after import = 0
========================================================================
Received Import Request.
  Time of request: 2026-09-19T15:08:27.3075851Z
  Time since last request: 0.0260642 seconds.
  importAddress: GUID: a62706dc421fc9b4fa368a8050a930f7 - Path: Packages/com.unity.ugui/Editor/UGUI/UI/PrefabLayoutRebuilder.cs - Importer: ScriptedImporter/UnityEditor.QuickSearchModule:UnityEditor.Search:ASIAI0B
Importing 'GUID: a62706dc421fc9b4fa368a8050a930f7 - Path: Packages/com.unity.ugui/Editor/UGUI/UI/PrefabLayoutRebuilder.cs - Importer: ScriptedImporter/UnityEditor.QuickSearchModule:UnityEditor.Search:ASIAI0B' with importer (ScriptedImporter : UnityEditor.QuickSearchModule:UnityEditor.Search:ASIAI0B)
Imported 'GUID: a62706dc421fc9b4fa368a8050a930f7' -> (Import Result ID: 'c5edd92c45ecb9230185360e551da341') in 0.002 seconds [static and dynamic dependencies]. Details - ImportResultOutputID=6c2a4115985df36c31344aa397218503 DependenciesID=5336534dc6f833dcbf7e4135dfb84c3b StaticDependenciesID=9fa75dd8528d0656876c7a0df2f88496 
Number of updated asset objects reloaded before import = 0
Number of asset objects unloaded after import = 0
========================================================================
Received Import Request.
  Time of request: 2026-09-19T15:08:27.3255466Z
  Time since last request: 0.0006989 seconds.
  importAddress: GUID: b759d61544e231c41bc88530b1d94ee8 - Path: Packages/com.unity.ugui/Editor/UGUI/UI/ImageEditor.cs - Importer: ScriptedImporter/UnityEditor.QuickSearchModule:UnityEditor.Search:ASIAI0B
Importing 'GUID: b759d61544e231c41bc88530b1d94ee8 - Path: Packages/com.unity.ugui/Editor/UGUI/UI/ImageEditor.cs - Importer: ScriptedImporter/UnityEditor.QuickSearchModule:UnityEditor.Search:ASIAI0B' with importer (ScriptedImporter : UnityEditor.QuickSearchModule:UnityEditor.Search:ASIAI0B)
Imported 'GUID: b759d61544e231c41bc88530b1d94ee8' -> (Import Result ID: '8736558486eae8198d2f5cfe537af33b') in 0.006 seconds [static and dynamic dependencies]. Details - ImportResultOutputID=860111d67f520ec7635c08564e0aeadf DependenciesID=b4e73e25537133c316014ac27b38f492 StaticDependenciesID=eb06fab3cd6243cc3b6b38d6ead372ea 
Number of updated asset objects reloaded before import = 0
Number of asset objects unloaded after import = 0
========================================================================
Received Import Request.
  Time of request: 2026-09-19T15:08:27.3471152Z
  Time since last request: 0.000536 seconds.
  importAddress: GUID: f867743975592a743a3581ff042bcc25 - Path: Packages/com.unity.ugui/Editor/UGUI/UI/MenuOptions.cs - Importer: ScriptedImporter/UnityEditor.QuickSearchModule:UnityEditor.Search:ASIAI0B
Importing 'GUID: f867743975592a743a3581ff042bcc25 - Path: Packages/com.unity.ugui/Editor/UGUI/UI/MenuOptions.cs - Importer: ScriptedImporter/UnityEditor.QuickSearchModule:UnityEditor.Search:ASIAI0B' with importer (ScriptedImporter : UnityEditor.QuickSearchModule:UnityEditor.Search:ASIAI0B)
Imported 'GUID: f867743975592a743a3581ff042bcc25' -> (Import Result ID: 'dadc1e356b4dc2cb93468ae116210879') in 0.002 seconds [static and dynamic dependencies]. Details - ImportResultOutputID=dc844d5e98950ba42b302c62b5c16d7c DependenciesID=90826aed751adb96cf700623ecbeab9c StaticDependenciesID=75590f86f26daacb508ed943bdc83a0c 
Number of updated asset objects reloaded before import = 0
Number of asset objects unloaded after import = 0
========================================================================
Received Import Request.
  Time of request: 2026-09-19T15:08:27.3671437Z
  Time since last request: 0.0005577 seconds.
  importAddress: GUID: 3550d8ec6f29ab34d895ae9a43d560c2 - Path: Packages/com.unity.ugui/Runtime/UGUI/EventSystem/RaycastResult.cs - Importer: ScriptedImporter/UnityEditor.QuickSearchModule:UnityEditor.Search:ASIAI0B
Importing 'GUID: 3550d8ec6f29ab34d895ae9a43d560c2 - Path: Packages/com.unity.ugui/Runtime/UGUI/EventSystem/RaycastResult.cs - Importer: ScriptedImporter/UnityEditor.QuickSearchModule:UnityEditor.Search:ASIAI0B' with importer (ScriptedImporter : UnityEditor.QuickSearchModule:UnityEditor.Search:ASIAI0B)
Imported 'GUID: 3550d8ec6f29ab34d895ae9a43d560c2' -> (Import Result ID: '790b8b939f2f566c195c736c2095280f') in 0.003 seconds [static and dynamic dependencies]. Details - ImportResultOutputID=3442619cf8fae74edf7322f2ada8e64e DependenciesID=a45d5e138b491de46dbcce3c300b4638 StaticDependenciesID=785798a9900e2cdb9e1fa550ae9b8cc5 
Number of updated asset objects reloaded before import = 0
Number of asset objects unloaded after import = 0
========================================================================
Received Import Request.
  Time of request: 2026-09-19T15:08:27.388418Z
  Time since last request: 0.0006421 seconds.
  importAddress: GUID: b10cb8fee5b39014d8a417bf413f5e5c - Path: Packages/com.unity.ugui/Editor/UGUI/UI/MaskEditor.cs - Importer: ScriptedImporter/UnityEditor.QuickSearchModule:UnityEditor.Search:ASIAI0B
Importing 'GUID: b10cb8fee5b39014d8a417bf413f5e5c - Path: Packages/com.unity.ugui/Editor/UGUI/UI/MaskEditor.cs - Importer: ScriptedImporter/UnityEditor.QuickSearchModule:UnityEditor.Search:ASIAI0B' with importer (ScriptedImporter : UnityEditor.QuickSearchModule:UnityEditor.Search:ASIAI0B)
Imported 'GUID: b10cb8fee5b39014d8a417bf413f5e5c' -> (Import Result ID: '27807ad95410d1ae8e2965a4c3735527') in 0.003 seconds [static and dynamic dependencies]. Details - ImportResultOutputID=48278c57c90234de50d026ad17aac26a DependenciesID=a8fc5ae198f0c8994af94357bbd85cb5 StaticDependenciesID=447798b3d48238b29e170999ddb30c29 
Number of updated asset objects reloaded before import = 0
Number of asset objects unloaded after import = 0
========================================================================
Received Import Request.
  Time of request: 2026-09-19T15:08:27.4094025Z
  Time since last request: 0.000708 seconds.
  importAddress: GUID: 0aaa057ce5566e940b18a0ccd0344693 - Path: Packages/com.unity.ugui/Runtime/UGUI/EventSystem/UIBehaviour.cs - Importer: ScriptedImporter/UnityEditor.QuickSearchModule:UnityEditor.Search:ASIAI0B
Importing 'GUID: 0aaa057ce5566e940b18a0ccd0344693 - Path: Packages/com.unity.ugui/Runtime/UGUI/EventSystem/UIBehaviour.cs - Importer: ScriptedImporter/UnityEditor.QuickSearchModule:UnityEditor.Search:ASIAI0B' with importer (ScriptedImporter : UnityEditor.QuickSearchModule:UnityEditor.Search:ASIAI0B)
Imported 'GUID: 0aaa057ce5566e940b18a0ccd0344693' -> (Import Result ID: 'd20f4f1e4cc7388326bf1c145ba8a4e0') in 0.003 seconds [static and dynamic dependencies]. Details - ImportResultOutputID=36033a3673f443b3fc0998463cc6c994 DependenciesID=a82a5070e3ab8831e69a790848c07abe StaticDependenciesID=61a03bddfbb551c7bfeab0383eedbf27 
Number of updated asset objects reloaded before import = 0
Number of asset objects unloaded after import = 0
========================================================================
Received Import Request.
  Time of request: 2026-09-19T15:08:27.4315718Z
  Time since last request: 0.0004723 seconds.
  importAddress: GUID: cb319974ad8ebd44aa1e1fbb02640b5b - Path: Packages/com.unity.ugui/Editor/UGUI/UI/HorizontalOrVerticalLayoutGroupEditor.cs - Importer: ScriptedImporter/UnityEditor.QuickSearchModule:UnityEditor.Search:ASIAI0B
Importing 'GUID: cb319974ad8ebd44aa1e1fbb02640b5b - Path: Packages/com.unity.ugui/Editor/UGUI/UI/HorizontalOrVerticalLayoutGroupEditor.cs - Importer: ScriptedImporter/UnityEditor.QuickSearchModule:UnityEditor.Search:ASIAI0B' with importer (ScriptedImporter : UnityEditor.QuickSearchModule:UnityEditor.Search:ASIAI0B)
Imported 'GUID: cb319974ad8ebd44aa1e1fbb02640b5b' -> (Import Result ID: 'e5d0293000c299121048c9855852fa87') in 0.003 seconds [static and dynamic dependencies]. Details - ImportResultOutputID=679f8933e45598dfe20fcadbb6b6f340 DependenciesID=e63a2cab011bd44fd812ba7318896d3b StaticDependenciesID=160f6be89ffc2af6c3c9ab0535cc8b79 
Number of updated asset objects reloaded before import = 0
Number of asset objects unloaded after import = 0
========================================================================
Received Import Request.
  Time of request: 2026-09-19T15:08:27.451105Z
  Time since last request: 0.0006633 seconds.
  importAddress: GUID: 1336690ece4db2740b4ba38873e00dfb - Path: Packages/com.unity.ugui/Editor/UGUI/UI/TextEditor.cs - Importer: ScriptedImporter/UnityEditor.QuickSearchModule:UnityEditor.Search:ASIAI0B
Importing 'GUID: 1336690ece4db2740b4ba38873e00dfb - Path: Packages/com.unity.ugui/Editor/UGUI/UI/TextEditor.cs - Importer: ScriptedImporter/UnityEditor.QuickSearchModule:UnityEditor.Search:ASIAI0B' with importer (ScriptedImporter : UnityEditor.QuickSearchModule:UnityEditor.Search:ASIAI0B)
Imported 'GUID: 1336690ece4db2740b4ba38873e00dfb' -> (Import Result ID: 'b873872040ab01756bb6735958244655') in 0.004 seconds [static and dynamic dependencies]. Details - ImportResultOutputID=e5de2608705d74f8f4aa7613f15d6042 DependenciesID=551484520a7c5ab90e927d2885a7f8f3 StaticDependenciesID=4b77e0a42974f7dabd98dd4ef10c9b51 
Number of updated asset objects reloaded before import = 0
Number of asset objects unloaded after import = 0
========================================================================
Received Import Request.
  Time of request: 2026-09-19T15:08:27.4754926Z
  Time since last request: 0.0011819 seconds.
  importAddress: GUID: b180fd8310805e44dbbef545d0231418 - Path: Packages/com.unity.ugui/Runtime/UGUI/EventSystem/EventData/AxisEventData.cs - Importer: ScriptedImporter/UnityEditor.QuickSearchModule:UnityEditor.Search:ASIAI0B
Importing 'GUID: b180fd8310805e44dbbef545d0231418 - Path: Packages/com.unity.ugui/Runtime/UGUI/EventSystem/EventData/AxisEventData.cs - Importer: ScriptedImporter/UnityEditor.QuickSearchModule:UnityEditor.Search:ASIAI0B' with importer (ScriptedImporter : UnityEditor.QuickSearchModule:UnityEditor.Search:ASIAI0B)
Imported 'GUID: b180fd8310805e44dbbef545d0231418' -> (Import Result ID: '577e9a00125d695a274ec8866a73df23') in 0.005 seconds [static and dynamic dependencies]. Details - ImportResultOutputID=bdaf002e86d542ab500efa6f7e3e121e DependenciesID=263e18ac3c4a49c26986506c1398e41b StaticDependenciesID=edc21420117d9374b07dfc3922ec27e1 
Number of updated asset objects reloaded before import = 0
Number of asset objects unloaded after import = 0
========================================================================
Received Import Request.
  Time of request: 2026-09-19T15:08:27.5000689Z
  Time since last request: 0.0009628 seconds.
  importAddress: GUID: 21d2d5d6901f2ca43a8015c60ada4e2c - Path: Packages/com.unity.ugui/Editor/UGUI/UI/InputFieldEditor.cs - Importer: ScriptedImporter/UnityEditor.QuickSearchModule:UnityEditor.Search:ASIAI0B
Importing 'GUID: 21d2d5d6901f2ca43a8015c60ada4e2c - Path: Packages/com.unity.ugui/Editor/UGUI/UI/InputFieldEditor.cs - Importer: ScriptedImporter/UnityEditor.QuickSearchModule:UnityEditor.Search:ASIAI0B' with importer (ScriptedImporter : UnityEditor.QuickSearchModule:UnityEditor.Search:ASIAI0B)
Imported 'GUID: 21d2d5d6901f2ca43a8015c60ada4e2c' -> (Import Result ID: 'cbdbb44a7804438ee6cf5849c10d85a9') in 0.002 seconds [static and dynamic dependencies]. Details - ImportResultOutputID=514ceb4512b122775fe985e85f5f7144 DependenciesID=c387d983592be7d853c6a8bad03797ad StaticDependenciesID=be40b6b84fc61e0dd0c865b8bf39d2ce 
Number of updated asset objects reloaded before import = 0
Number of asset objects unloaded after import = 0
========================================================================
Received Import Request.
  Time of request: 2026-09-19T15:08:27.5200146Z
  Time since last request: 0.0006475 seconds.
  importAddress: GUID: e9253e696cd45794d9aec6d4de366b6e - Path: Packages/com.unity.ugui/Editor/UGUI/UI/SelectableEditor.cs - Importer: ScriptedImporter/UnityEditor.QuickSearchModule:UnityEditor.Search:ASIAI0B
Importing 'GUID: e9253e696cd45794d9aec6d4de366b6e - Path: Packages/com.unity.ugui/Editor/UGUI/UI/SelectableEditor.cs - Importer: ScriptedImporter/UnityEditor.QuickSearchModule:UnityEditor.Search:ASIAI0B' with importer (ScriptedImporter : UnityEditor.QuickSearchModule:UnityEditor.Search:ASIAI0B)
Imported 'GUID: e9253e696cd45794d9aec6d4de366b6e' -> (Import Result ID: 'c79c5ddcbd03c84cdf2c77ac16696814') in 0.003 seconds [static and dynamic dependencies]. Details - ImportResultOutputID=d4b5c208599969ea724a5faada9c047f DependenciesID=c9c1f26327ba8cf6083bc264925aa63b StaticDependenciesID=0213c6fb0aed2e978260319de6db35a4 
Number of updated asset objects reloaded before import = 0
Number of asset objects unloaded after import = 0
========================================================================
Received Import Request.
  Time of request: 2026-09-19T15:08:27.541317Z
  Time since last request: 0.0006452 seconds.
  importAddress: GUID: c18288a8d31fc9043a807ee8a9f1ae64 - Path: Packages/com.unity.ugui/Editor/UGUI/UI/PropertyDrawers/AnimationTriggersDrawer.cs - Importer: ScriptedImporter/UnityEditor.QuickSearchModule:UnityEditor.Search:ASIAI0B
Importing 'GUID: c18288a8d31fc9043a807ee8a9f1ae64 - Path: Packages/com.unity.ugui/Editor/UGUI/UI/PropertyDrawers/AnimationTriggersDrawer.cs - Importer: ScriptedImporter/UnityEditor.QuickSearchModule:UnityEditor.Search:ASIAI0B' with importer (ScriptedImporter : UnityEditor.QuickSearchModule:UnityEditor.Search:ASIAI0B)
Imported 'GUID: c18288a8d31fc9043a807ee8a9f1ae64' -> (Import Result ID: '7f387fceb212d6a3db7aeedca7dee708') in 0.005 seconds [static and dynamic dependencies]. Details - ImportResultOutputID=bed26033e0e7c396c672e5037d538171 DependenciesID=eae1d0e4384df652d0eb20516f07d1ce StaticDependenciesID=1a636ffdcdb05c7372ca48ffc87c95c5 
Number of updated asset objects reloaded before import = 0
Number of asset objects unloaded after import = 0
========================================================================
Received Import Request.
  Time of request: 2026-09-19T15:08:27.5652407Z
  Time since last request: 0.0005546 seconds.
  importAddress: GUID: ec4b2559effa72e42a09339d71efef3d - Path: Packages/com.unity.ugui/Tests/Editor/TMP/FontEngineTests.cs - Importer: ScriptedImporter/UnityEditor.QuickSearchModule:UnityEditor.Search:ASIAI0B
Importing 'GUID: ec4b2559effa72e42a09339d71efef3d - Path: Packages/com.unity.ugui/Tests/Editor/TMP/FontEngineTests.cs - Importer: ScriptedImporter/UnityEditor.QuickSearchModule:UnityEditor.Search:ASIAI0B' with importer (ScriptedImporter : UnityEditor.QuickSearchModule:UnityEditor.Search:ASIAI0B)
Imported 'GUID: ec4b2559effa72e42a09339d71efef3d' -> (Import Result ID: 'bf115ed87b3df0c7747fbc332683fa94') in 0.003 seconds [static and dynamic dependencies]. Details - ImportResultOutputID=e380bd2df7e17ec9687e1b9b51b8e75c DependenciesID=8afb802142fdb89b3f7949ed07dea8b4 StaticDependenciesID=f765f66cd6a88391197980e452013a09 
Number of updated asset objects reloaded before import = 0
Number of asset objects unloaded after import = 0
========================================================================
Received Import Request.
  Time of request: 2026-09-19T15:08:27.5879146Z
  Time since last request: 0.0004782 seconds.
  importAddress: GUID: 4f231c4fb786f3946a6b90b886c48677 - Path: Packages/com.unity.ugui/Runtime/UGUI/EventSystem/InputModules/StandaloneInputModule.cs - Importer: ScriptedImporter/UnityEditor.QuickSearchModule:UnityEditor.Search:ASIAI0B
Importing 'GUID: 4f231c4fb786f3946a6b90b886c48677 - Path: Packages/com.unity.ugui/Runtime/UGUI/EventSystem/InputModules/StandaloneInputModule.cs - Importer: ScriptedImporter/UnityEditor.QuickSearchModule:UnityEditor.Search:ASIAI0B' with importer (ScriptedImporter : UnityEditor.QuickSearchModule:UnityEditor.Search:ASIAI0B)
Imported 'GUID: 4f231c4fb786f3946a6b90b886c48677' -> (Import Result ID: '6baeda03c0830ff752978ff2863d5bb8') in 0.003 seconds [static and dynamic dependencies]. Details - ImportResultOutputID=0282d05966f31a4ac323e78398d47313 DependenciesID=fe2bc08e56b9f3b9c70980b9bc6d019b StaticDependenciesID=fa8c8c583fe14bd429e0d81e881de63d 
Number of updated asset objects reloaded before import = 0
Number of asset objects unloaded after import = 0
========================================================================
Received Import Request.
  Time of request: 2026-09-19T15:08:27.6104071Z
  Time since last request: 0.0006725 seconds.
  importAddress: GUID: 5348cbfcd4f74699b33fe6b43747a016 - Path: Packages/com.unity.ugui/Tests/Runtime/TMP/TMP_CanvasTests.cs - Importer: ScriptedImporter/UnityEditor.QuickSearchModule:UnityEditor.Search:ASIAI0B
Importing 'GUID: 5348cbfcd4f74699b33fe6b43747a016 - Path: Packages/com.unity.ugui/Tests/Runtime/TMP/TMP_CanvasTests.cs - Importer: ScriptedImporter/UnityEditor.QuickSearchModule:UnityEditor.Search:ASIAI0B' with importer (ScriptedImporter : UnityEditor.QuickSearchModule:UnityEditor.Search:ASIAI0B)
Imported 'GUID: 5348cbfcd4f74699b33fe6b43747a016' -> (Import Result ID: 'c6bea0e37a0152496a29812a1ac34dab') in 0.004 seconds [static and dynamic dependencies]. Details - ImportResultOutputID=1e9d85f19d65d3d62d10bf19f4b160b7 DependenciesID=eb44efafa2580a630b6e0c2552d92027 StaticDependenciesID=6c634610f8b10c6f14517c6be481c76b 
Number of updated asset objects reloaded before import = 0
Number of asset objects unloaded after import = 0
========================================================================
Received Import Request.
  Time of request: 2026-09-19T15:08:27.6281276Z
  Time since last request: 0.0006272 seconds.
  importAddress: GUID: 7c04f0dfa9243c04681a55d90d3ff3fc - Path: Packages/com.unity.ugui/Tests/Editor/UGUI/UnityEditor.UI.EditorTests.asmdef - Importer: ScriptedImporter/UnityEditor.QuickSearchModule:UnityEditor.Search:ASIAI0B
Importing 'GUID: 7c04f0dfa9243c04681a55d90d3ff3fc - Path: Packages/com.unity.ugui/Tests/Editor/UGUI/UnityEditor.UI.EditorTests.asmdef - Importer: ScriptedImporter/UnityEditor.QuickSearchModule:UnityEditor.Search:ASIAI0B' with importer (ScriptedImporter : UnityEditor.QuickSearchModule:UnityEditor.Search:ASIAI0B)
Imported 'GUID: 7c04f0dfa9243c04681a55d90d3ff3fc' -> (Import Result ID: '4dce75447af4744696cd4bfc85d58c18') in 0.005 seconds [static and dynamic dependencies]. Details - ImportResultOutputID=b8cdaf519a0a01c2d56b34608921b411 DependenciesID=82d82a804b8ff13b70dda5591e6bef48 StaticDependenciesID=36640fa3f4c0fb2a888417bcd5f1ad17 
Number of updated asset objects reloaded before import = 0
Number of asset objects unloaded after import = 1
========================================================================
Received Import Request.
  Time of request: 2026-09-19T15:08:27.6504621Z
  Time since last request: 0.0005898 seconds.
  importAddress: GUID: bc98484caab3b6d4facbcff38be93380 - Path: Packages/com.unity.ugui/Editor/UGUI/UI/SliderEditor.cs - Importer: ScriptedImporter/UnityEditor.QuickSearchModule:UnityEditor.Search:ASIAI0B
Importing 'GUID: bc98484caab3b6d4facbcff38be93380 - Path: Packages/com.unity.ugui/Editor/UGUI/UI/SliderEditor.cs - Importer: ScriptedImporter/UnityEditor.QuickSearchModule:UnityEditor.Search:ASIAI0B' with importer (ScriptedImporter : UnityEditor.QuickSearchModule:UnityEditor.Search:ASIAI0B)
Imported 'GUID: bc98484caab3b6d4facbcff38be93380' -> (Import Result ID: '78130a21cdda677a4bf23c89f8a22ccc') in 0.003 seconds [static and dynamic dependencies]. Details - ImportResultOutputID=a43fbaf1509eecefa6467d5751cc11f8 DependenciesID=1f18e13b1d8e0751daffcac3d3ec9a99 StaticDependenciesID=fd64b529aabe75c04de55544fc7e9107 
Number of updated asset objects reloaded before import = 0
Number of asset objects unloaded after import = 0
========================================================================
Received Import Request.
  Time of request: 2026-09-19T15:08:27.6723709Z
  Time since last request: 0.0009517 seconds.
  importAddress: GUID: 7d7bd4bcc815cfb44b9990c29dabdb9f - Path: Packages/com.unity.ugui/Runtime/UGUI/Properties/AssemblyInfo.cs - Importer: ScriptedImporter/UnityEditor.QuickSearchModule:UnityEditor.Search:ASIAI0B
Importing 'GUID: 7d7bd4bcc815cfb44b9990c29dabdb9f - Path: Packages/com.unity.ugui/Runtime/UGUI/Properties/AssemblyInfo.cs - Importer: ScriptedImporter/UnityEditor.QuickSearchModule:UnityEditor.Search:ASIAI0B' with importer (ScriptedImporter : UnityEditor.QuickSearchModule:UnityEditor.Search:ASIAI0B)
Imported 'GUID: 7d7bd4bcc815cfb44b9990c29dabdb9f' -> (Import Result ID: '0e98c244dd841c6f061e847a43368e11') in 0.003 seconds [static and dynamic dependencies]. Details - ImportResultOutputID=ec5be984de9186d4d433016d6e88f5b1 DependenciesID=c51b53f5b0f9659a9f91b5d4f1f920da StaticDependenciesID=b8120886b6ee238de5c92a9ca817a7c5 
Number of updated asset objects reloaded before import = 0
Number of asset objects unloaded after import = 0
========================================================================
Received Import Request.
  Time of request: 2026-09-19T15:08:27.6934776Z
  Time since last request: 0.0004916 seconds.
  importAddress: GUID: 7693972390a4ed841a986c0c452c1058 - Path: Packages/com.unity.ugui/Editor/UGUI/UI/LayoutElementEditor.cs - Importer: ScriptedImporter/UnityEditor.QuickSearchModule:UnityEditor.Search:ASIAI0B
Importing 'GUID: 7693972390a4ed841a986c0c452c1058 - Path: Packages/com.unity.ugui/Editor/UGUI/UI/LayoutElementEditor.cs - Importer: ScriptedImporter/UnityEditor.QuickSearchModule:UnityEditor.Search:ASIAI0B' with importer (ScriptedImporter : UnityEditor.QuickSearchModule:UnityEditor.Search:ASIAI0B)
Imported 'GUID: 7693972390a4ed841a986c0c452c1058' -> (Import Result ID: '58209d9e3dc6eb20ecae6efcedb9a176') in 0.002 seconds [static and dynamic dependencies]. Details - ImportResultOutputID=2aa0fed3e9ed7643621e147e2598f896 DependenciesID=42df5546df04047f72a64a7888d07585 StaticDependenciesID=49bd28a27b5016ef623a25a70df79449 
Number of updated asset objects reloaded before import = 0
Number of asset objects unloaded after import = 0
========================================================================
Received Import Request.
  Time of request: 2026-09-19T15:08:27.7089306Z
  Time since last request: 0.0004691 seconds.
  importAddress: GUID: 2d49b7c1bcd2e07499844da127be038d - Path: Packages/com.unity.ugui/Runtime/UGUI/EventSystem/InputModules/TouchInputModule.cs - Importer: ScriptedImporter/UnityEditor.QuickSearchModule:UnityEditor.Search:ASIAI0B
Importing 'GUID: 2d49b7c1bcd2e07499844da127be038d - Path: Packages/com.unity.ugui/Runtime/UGUI/EventSystem/InputModules/TouchInputModule.cs - Importer: ScriptedImporter/UnityEditor.QuickSearchModule:UnityEditor.Search:ASIAI0B' with importer (ScriptedImporter : UnityEditor.QuickSearchModule:UnityEditor.Search:ASIAI0B)
Imported 'GUID: 2d49b7c1bcd2e07499844da127be038d' -> (Import Result ID: '5605d9248e62030bbd7fc50080de17b1') in 0.003 seconds [static and dynamic dependencies]. Details - ImportResultOutputID=5ed78f6d8173d068f7848f7bd8529b3e DependenciesID=564dc545678c5159b0cef5a5eae85055 StaticDependenciesID=6352d5882cab06c5c32b7d5f0790983d 
Number of updated asset objects reloaded before import = 0
Number of asset objects unloaded after import = 0
========================================================================
Received Import Request.
  Time of request: 2026-09-19T15:08:27.7308139Z
  Time since last request: 0.0005099 seconds.
  importAddress: GUID: e6413f4090046814d802ddbff9890878 - Path: Packages/com.unity.ugui/Editor/UGUI/UI/RawImageEditor.cs - Importer: ScriptedImporter/UnityEditor.QuickSearchModule:UnityEditor.Search:ASIAI0B
Importing 'GUID: e6413f4090046814d802ddbff9890878 - Path: Packages/com.unity.ugui/Editor/UGUI/UI/RawImageEditor.cs - Importer: ScriptedImporter/UnityEditor.QuickSearchModule:UnityEditor.Search:ASIAI0B' with importer (ScriptedImporter : UnityEditor.QuickSearchModule:UnityEditor.Search:ASIAI0B)
Imported 'GUID: e6413f4090046814d802ddbff9890878' -> (Import Result ID: 'f4a4e544e621fb4c9da77bae43f0dba5') in 0.003 seconds [static and dynamic dependencies]. Details - ImportResultOutputID=8f41b1e7070aa0812c89fa249e0962fc DependenciesID=a72b015a52c55384a255f4f9ba51ae18 StaticDependenciesID=4a747864baad7bd14ab953c1e3a4f4df 
Number of updated asset objects reloaded before import = 0
Number of asset objects unloaded after import = 0
========================================================================
Received Import Request.
  Time of request: 2026-09-19T15:08:27.7830208Z
  Time since last request: 0.0323619 seconds.
  importAddress: GUID: 1344c3c82d62a2a41a3576d8abb8e3ea - Path: Packages/com.unity.ugui/Runtime/UGUI/UI/Core/RawImage.cs - Importer: ScriptedImporter/UnityEditor.QuickSearchModule:UnityEditor.Search:ASIAI0B
Importing 'GUID: 1344c3c82d62a2a41a3576d8abb8e3ea - Path: Packages/com.unity.ugui/Runtime/UGUI/UI/Core/RawImage.cs - Importer: ScriptedImporter/UnityEditor.QuickSearchModule:UnityEditor.Search:ASIAI0B' with importer (ScriptedImporter : UnityEditor.QuickSearchModule:UnityEditor.Search:ASIAI0B)
Imported 'GUID: 1344c3c82d62a2a41a3576d8abb8e3ea' -> (Import Result ID: '4b188e4b67976f95722af2207948d322') in 0.003 seconds [static and dynamic dependencies]. Details - ImportResultOutputID=d7c333ea62d1b4d61878a208ae3e5843 DependenciesID=78327e7254e4ac9764f48e588af387f0 StaticDependenciesID=3865f80bf998f3a9e20214361d9b012a 
Number of updated asset objects reloaded before import = 0
Number of asset objects unloaded after import = 0
========================================================================
Received Import Request.
  Time of request: 2026-09-19T15:08:27.80365Z
  Time since last request: 0.0007706 seconds.
  importAddress: GUID: 25b01819c6e1649428db2a9b274cf364 - Path: Packages/com.unity.ugui/Runtime/UGUI/UI/Core/SpriteState.cs - Importer: ScriptedImporter/UnityEditor.QuickSearchModule:UnityEditor.Search:ASIAI0B
Importing 'GUID: 25b01819c6e1649428db2a9b274cf364 - Path: Packages/com.unity.ugui/Runtime/UGUI/UI/Core/SpriteState.cs - Importer: ScriptedImporter/UnityEditor.QuickSearchModule:UnityEditor.Search:ASIAI0B' with importer (ScriptedImporter : UnityEditor.QuickSearchModule:UnityEditor.Search:ASIAI0B)
Imported 'GUID: 25b01819c6e1649428db2a9b274cf364' -> (Import Result ID: '067575cda1770357fcab13ab3316b8ce') in 0.004 seconds [static and dynamic dependencies]. Details - ImportResultOutputID=7a6cf3c5e56ab531dbc772f27c55bb07 DependenciesID=d838d41ae56f62ef2533988e191b4872 StaticDependenciesID=bf5322b404895a5a789d81d16a226ed3 
Number of updated asset objects reloaded before import = 0
Number of asset objects unloaded after import = 0
========================================================================
Received Import Request.
  Time of request: 2026-09-19T15:08:27.827249Z
  Time since last request: 0.000749 seconds.
  importAddress: GUID: bfb788a43e03363419155b8af77da971 - Path: Packages/com.unity.ugui/Runtime/UGUI/UI/Core/CanvasUpdateRegistry.cs - Importer: ScriptedImporter/UnityEditor.QuickSearchModule:UnityEditor.Search:ASIAI0B
Importing 'GUID: bfb788a43e03363419155b8af77da971 - Path: Packages/com.unity.ugui/Runtime/UGUI/UI/Core/CanvasUpdateRegistry.cs - Importer: ScriptedImporter/UnityEditor.QuickSearchModule:UnityEditor.Search:ASIAI0B' with importer (ScriptedImporter : UnityEditor.QuickSearchModule:UnityEditor.Search:ASIAI0B)
Imported 'GUID: bfb788a43e03363419155b8af77da971' -> (Import Result ID: '2386675f9530c29bfee6cd23913b5dba') in 0.003 seconds [static and dynamic dependencies]. Details - ImportResultOutputID=07a96420c84a5ff8980596e682618099 DependenciesID=ccb6bb6f1cb8ad69fe32499a57d3c16e StaticDependenciesID=d5f76e8a1443d8081128b4997f6bd386 
Number of updated asset objects reloaded before import = 0
Number of asset objects unloaded after import = 0
========================================================================
Received Import Request.
  Time of request: 2026-09-19T15:08:27.8542367Z
  Time since last request: 0.000623 seconds.
  importAddress: GUID: 61d491d99e9292c4a81d7d01a74781ea - Path: Packages/com.unity.ugui/Runtime/UGUI/UI/Core/Navigation.cs - Importer: ScriptedImporter/UnityEditor.QuickSearchModule:UnityEditor.Search:ASIAI0B
Importing 'GUID: 61d491d99e9292c4a81d7d01a74781ea - Path: Packages/com.unity.ugui/Runtime/UGUI/UI/Core/Navigation.cs - Importer: ScriptedImporter/UnityEditor.QuickSearchModule:UnityEditor.Search:ASIAI0B' with importer (ScriptedImporter : UnityEditor.QuickSearchModule:UnityEditor.Search:ASIAI0B)
Imported 'GUID: 61d491d99e9292c4a81d7d01a74781ea' -> (Import Result ID: '670da311ba97c12cfd9cfb300eabc75f') in 0.004 seconds [static and dynamic dependencies]. Details - ImportResultOutputID=dcfe7526bedd53b486563776e7cd1342 DependenciesID=6d2af902eee86ae94e496bb96a0d1a94 StaticDependenciesID=66f9e314940fb15c47298e1a6d917df5 
Number of updated asset objects reloaded before import = 0
Number of asset objects unloaded after import = 0
========================================================================
Received Import Request.
  Time of request: 2026-09-19T15:08:27.878595Z
  Time since last request: 0.0008404 seconds.
  importAddress: GUID: 2c727e4c005e5114fb3348a38c4cebbf - Path: Packages/com.unity.ugui/Runtime/UGUI/EventSystem/UIElements/WorldDocumentRaycaster.cs - Importer: ScriptedImporter/UnityEditor.QuickSearchModule:UnityEditor.Search:ASIAI0B
Importing 'GUID: 2c727e4c005e5114fb3348a38c4cebbf - Path: Packages/com.unity.ugui/Runtime/UGUI/EventSystem/UIElements/WorldDocumentRaycaster.cs - Importer: ScriptedImporter/UnityEditor.QuickSearchModule:UnityEditor.Search:ASIAI0B' with importer (ScriptedImporter : UnityEditor.QuickSearchModule:UnityEditor.Search:ASIAI0B)
Imported 'GUID: 2c727e4c005e5114fb3348a38c4cebbf' -> (Import Result ID: '7b892b575cbedcb661b77bd7cab3686b') in 0.003 seconds [static and dynamic dependencies]. Details - ImportResultOutputID=0b52dc4af9e37194048f9adf93f716fe DependenciesID=9d5e87f3d8afd1a55416f23a4eeb8196 StaticDependenciesID=37269ece1d0138ab073402ed49ee83fb 
Number of updated asset objects reloaded before import = 0
Number of asset objects unloaded after import = 0
========================================================================
Received Import Request.
  Time of request: 2026-09-19T15:08:27.9016038Z
  Time since last request: 0.0013551 seconds.
  importAddress: GUID: 7bd96d76711152648a736c4d28d865f2 - Path: Packages/com.unity.ugui/Runtime/UGUI/UI/Core/MaskUtilities.cs - Importer: ScriptedImporter/UnityEditor.QuickSearchModule:UnityEditor.Search:ASIAI0B
Importing 'GUID: 7bd96d76711152648a736c4d28d865f2 - Path: Packages/com.unity.ugui/Runtime/UGUI/UI/Core/MaskUtilities.cs - Importer: ScriptedImporter/UnityEditor.QuickSearchModule:UnityEditor.Search:ASIAI0B' with importer (ScriptedImporter : UnityEditor.QuickSearchModule:UnityEditor.Search:ASIAI0B)
Imported 'GUID: 7bd96d76711152648a736c4d28d865f2' -> (Import Result ID: '65cf12533c5f8e31846f6a84dc570fd4') in 0.003 seconds [static and dynamic dependencies]. Details - ImportResultOutputID=4f3ec4e122ab683cd0fc161208457902 DependenciesID=f513e6e9d4b5121b49870f3880ebc219 StaticDependenciesID=c35809eb0ac6c03a7aa9e26f3442aa68 
Number of updated asset objects reloaded before import = 0
Number of asset objects unloaded after import = 0
========================================================================
Received Import Request.
  Time of request: 2026-09-19T15:08:27.9248749Z
  Time since last request: 0.0010374 seconds.
  importAddress: GUID: 3cbc4280d63720c448a3c6fee4b1ec88 - Path: Packages/com.unity.ugui/Tests/Editor/UGUI/Canvas/CanvasUseReflectionProbes.cs - Importer: ScriptedImporter/UnityEditor.QuickSearchModule:UnityEditor.Search:ASIAI0B
Importing 'GUID: 3cbc4280d63720c448a3c6fee4b1ec88 - Path: Packages/com.unity.ugui/Tests/Editor/UGUI/Canvas/CanvasUseReflectionProbes.cs - Importer: ScriptedImporter/UnityEditor.QuickSearchModule:UnityEditor.Search:ASIAI0B' with importer (ScriptedImporter : UnityEditor.QuickSearchModule:UnityEditor.Search:ASIAI0B)
Imported 'GUID: 3cbc4280d63720c448a3c6fee4b1ec88' -> (Import Result ID: '2751aa38a3be904ca9a55544b860dece') in 0.003 seconds [static and dynamic dependencies]. Details - ImportResultOutputID=1127b081cd826d60af8dceb814c28cd1 DependenciesID=858a08c2c4fc97eadf976e4593add4a9 StaticDependenciesID=de560d83b62e63e3664d4867ebdefb6a 
Number of updated asset objects reloaded before import = 0
Number of asset objects unloaded after import = 0
========================================================================
Received Import Request.
  Time of request: 2026-09-19T15:08:27.951368Z
  Time since last request: 0.0004846 seconds.
  importAddress: GUID: 812aaaefaab404448a3e4db49dfa5206 - Path: Packages/com.unity.ugui/Tests/Editor/UGUI/Text/FontCreatedByScript.cs - Importer: ScriptedImporter/UnityEditor.QuickSearchModule:UnityEditor.Search:ASIAI0B
Importing 'GUID: 812aaaefaab404448a3e4db49dfa5206 - Path: Packages/com.unity.ugui/Tests/Editor/UGUI/Text/FontCreatedByScript.cs - Importer: ScriptedImporter/UnityEditor.QuickSearchModule:UnityEditor.Search:ASIAI0B' with importer (ScriptedImporter : UnityEditor.QuickSearchModule:UnityEditor.Search:ASIAI0B)
Imported 'GUID: 812aaaefaab404448a3e4db49dfa5206' -> (Import Result ID: '0dfdec24da56b564a791f372e0293d6b') in 0.007 seconds [static and dynamic dependencies]. Details - ImportResultOutputID=a6e57c2f61aed2de1e4ddede537b255f DependenciesID=2f49570ec3abac8ec6db5133fafddc93 StaticDependenciesID=621f9c9ca246581d2dfbd4ecfd84b491 
Number of updated asset objects reloaded before import = 0
Number of asset objects unloaded after import = 0
========================================================================
Received Import Request.
  Time of request: 2026-09-19T15:08:27.9781733Z
  Time since last request: 0.0005872 seconds.
  importAddress: GUID: 5f7201a12d95ffc409449d95f23cf332 - Path: Packages/com.unity.ugui/Runtime/UGUI/UI/Core/Text.cs - Importer: ScriptedImporter/UnityEditor.QuickSearchModule:UnityEditor.Search:ASIAI0B
Importing 'GUID: 5f7201a12d95ffc409449d95f23cf332 - Path: Packages/com.unity.ugui/Runtime/UGUI/UI/Core/Text.cs - Importer: ScriptedImporter/UnityEditor.QuickSearchModule:UnityEditor.Search:ASIAI0B' with importer (ScriptedImporter : UnityEditor.QuickSearchModule:UnityEditor.Search:ASIAI0B)
Imported 'GUID: 5f7201a12d95ffc409449d95f23cf332' -> (Import Result ID: 'be83c20fa652022ee7bed9d0d7a26e1c') in 0.004 seconds [static and dynamic dependencies]. Details - ImportResultOutputID=b636b2f3b347aaad62345d8a64f025ce DependenciesID=1f5a14d484fb9e2703d08fe443ab58ef StaticDependenciesID=38fe3fb1eeadb0a921b44f60b1db5f97 
Number of updated asset objects reloaded before import = 0
Number of asset objects unloaded after import = 0
========================================================================
Received Import Request.
  Time of request: 2026-09-19T15:08:27.9968394Z
  Time since last request: 0.0005576 seconds.
  importAddress: GUID: 3312d7739989d2b4e91e6319e9a96d76 - Path: Packages/com.unity.ugui/Runtime/UGUI/UI/Core/RectMask2D.cs - Importer: ScriptedImporter/UnityEditor.QuickSearchModule:UnityEditor.Search:ASIAI0B
Importing 'GUID: 3312d7739989d2b4e91e6319e9a96d76 - Path: Packages/com.unity.ugui/Runtime/UGUI/UI/Core/RectMask2D.cs - Importer: ScriptedImporter/UnityEditor.QuickSearchModule:UnityEditor.Search:ASIAI0B' with importer (ScriptedImporter : UnityEditor.QuickSearchModule:UnityEditor.Search:ASIAI0B)
Imported 'GUID: 3312d7739989d2b4e91e6319e9a96d76' -> (Import Result ID: '97555d0ddc6da52cf2c232d971959775') in 0.003 seconds [static and dynamic dependencies]. Details - ImportResultOutputID=e79697f7f393b6b0080f1cce06143639 DependenciesID=45a753693f7a0dd396498aaa9383cde8 StaticDependenciesID=e6c812da178406de19c64c01c644ff8a 
Number of updated asset objects reloaded before import = 0
Number of asset objects unloaded after import = 0
========================================================================
Received Import Request.
  Time of request: 2026-09-19T15:08:28.0170588Z
  Time since last request: 0.0005509 seconds.
  importAddress: GUID: 9085046f02f69544eb97fd06b6048fe2 - Path: Packages/com.unity.ugui/Runtime/UGUI/UI/Core/Toggle.cs - Importer: ScriptedImporter/UnityEditor.QuickSearchModule:UnityEditor.Search:ASIAI0B
Importing 'GUID: 9085046f02f69544eb97fd06b6048fe2 - Path: Packages/com.unity.ugui/Runtime/UGUI/UI/Core/Toggle.cs - Importer: ScriptedImporter/UnityEditor.QuickSearchModule:UnityEditor.Search:ASIAI0B' with importer (ScriptedImporter : UnityEditor.QuickSearchModule:UnityEditor.Search:ASIAI0B)
Imported 'GUID: 9085046f02f69544eb97fd06b6048fe2' -> (Import Result ID: '3fe41a0fd17312253b5a60d69e699bff') in 0.002 seconds [static and dynamic dependencies]. Details - ImportResultOutputID=7c92b1609f76bef0dfa4a30626cc66fb DependenciesID=05d1b33bf97dc52d4cd7187b0187ec83 StaticDependenciesID=5b822a046f2c8cc78e3d822d6b72c4fe 
Number of updated asset objects reloaded before import = 0
Number of asset objects unloaded after import = 0
========================================================================
Received Import Request.
  Time of request: 2026-09-19T15:08:28.0356393Z
  Time since last request: 0.0007913 seconds.
  importAddress: GUID: 828075bc53f2de84982a943870529b7b - Path: Packages/com.unity.ugui/Runtime/UGUI/UI/Core/Misc.cs - Importer: ScriptedImporter/UnityEditor.QuickSearchModule:UnityEditor.Search:ASIAI0B
Importing 'GUID: 828075bc53f2de84982a943870529b7b - Path: Packages/com.unity.ugui/Runtime/UGUI/UI/Core/Misc.cs - Importer: ScriptedImporter/UnityEditor.QuickSearchModule:UnityEditor.Search:ASIAI0B' with importer (ScriptedImporter : UnityEditor.QuickSearchModule:UnityEditor.Search:ASIAI0B)
Imported 'GUID: 828075bc53f2de84982a943870529b7b' -> (Import Result ID: '04841c8a206b1bd5946cb1444a8377c3') in 0.004 seconds [static and dynamic dependencies]. Details - ImportResultOutputID=7334bc4f1d2813a191d1b0e647fe5d66 DependenciesID=5f4997af1a5cfc329cdf80d4254d2704 StaticDependenciesID=fca5a88aefb60549272eb75b719d65a6 
Number of updated asset objects reloaded before import = 0
Number of asset objects unloaded after import = 0
========================================================================
Received Import Request.
  Time of request: 2026-09-19T15:08:28.0609307Z
  Time since last request: 0.0006304 seconds.
  importAddress: GUID: 798968d841703b54bb9d08b1da6bc52f - Path: Packages/com.unity.ugui/Tests/Editor/UGUI/Canvas/RootCanvasTests.cs - Importer: ScriptedImporter/UnityEditor.QuickSearchModule:UnityEditor.Search:ASIAI0B
Importing 'GUID: 798968d841703b54bb9d08b1da6bc52f - Path: Packages/com.unity.ugui/Tests/Editor/UGUI/Canvas/RootCanvasTests.cs - Importer: ScriptedImporter/UnityEditor.QuickSearchModule:UnityEditor.Search:ASIAI0B' with importer (ScriptedImporter : UnityEditor.QuickSearchModule:UnityEditor.Search:ASIAI0B)
Imported 'GUID: 798968d841703b54bb9d08b1da6bc52f' -> (Import Result ID: '5479fc0f8d7d8cded9f5ddeac9058f45') in 0.003 seconds [static and dynamic dependencies]. Details - ImportResultOutputID=c8412727042dc8898d7cb78e54830bc7 DependenciesID=0590ea61dfb6475b5ecfc4fd6ed87298 StaticDependenciesID=ac9c93ad123c24a9ad2bec50657e0369 
Number of updated asset objects reloaded before import = 0
Number of asset objects unloaded after import = 0
========================================================================
Received Import Request.
  Time of request: 2026-09-19T15:08:28.0801556Z
  Time since last request: 0.0006648 seconds.
  importAddress: GUID: 03fb1af6e1585964a8d5c2437a191324 - Path: Packages/com.unity.ugui/Tests/Editor/UGUI/EventSystem/InputModuleTests.cs - Importer: ScriptedImporter/UnityEditor.QuickSearchModule:UnityEditor.Search:ASIAI0B
Importing 'GUID: 03fb1af6e1585964a8d5c2437a191324 - Path: Packages/com.unity.ugui/Tests/Editor/UGUI/EventSystem/InputModuleTests.cs - Importer: ScriptedImporter/UnityEditor.QuickSearchModule:UnityEditor.Search:ASIAI0B' with importer (ScriptedImporter : UnityEditor.QuickSearchModule:UnityEditor.Search:ASIAI0B)
Imported 'GUID: 03fb1af6e1585964a8d5c2437a191324' -> (Import Result ID: '79ab3206ef978db49d3621e1b5c36fd0') in 0.003 seconds [static and dynamic dependencies]. Details - ImportResultOutputID=5dc485483c367a092b9fbdcfb779ea58 DependenciesID=83167e78fc84005565242c0d9ce91567 StaticDependenciesID=f001cdee0a6d06b025eb912407da8813 
Number of updated asset objects reloaded before import = 0
Number of asset objects unloaded after import = 0
========================================================================
Received Import Request.
  Time of request: 2026-09-19T15:08:28.0998285Z
  Time since last request: 0.0004539 seconds.
  importAddress: GUID: 0ca81982e37e893498abf804c12a22c7 - Path: Packages/com.unity.ugui/Tests/Editor/UGUI/Canvas/UISystemProfilerAddMarkerWithNullObjectDoesNotCrash.cs - Importer: ScriptedImporter/UnityEditor.QuickSearchModule:UnityEditor.Search:ASIAI0B
Importing 'GUID: 0ca81982e37e893498abf804c12a22c7 - Path: Packages/com.unity.ugui/Tests/Editor/UGUI/Canvas/UISystemProfilerAddMarkerWithNullObjectDoesNotCrash.cs - Importer: ScriptedImporter/UnityEditor.QuickSearchModule:UnityEditor.Search:ASIAI0B' with importer (ScriptedImporter : UnityEditor.QuickSearchModule:UnityEditor.Search:ASIAI0B)
Imported 'GUID: 0ca81982e37e893498abf804c12a22c7' -> (Import Result ID: '45779af8fe89215857939a0536915b9d') in 0.003 seconds [static and dynamic dependencies]. Details - ImportResultOutputID=c75ac0a60b258e8cfd945b28f0b616bb DependenciesID=e4c7300bac3cca9a2d4d78b94e6517cc StaticDependenciesID=1c50d81edfc8896ac330cc5723d280d8 
Number of updated asset objects reloaded before import = 0
Number of asset objects unloaded after import = 0
========================================================================
Received Import Request.
  Time of request: 2026-09-19T15:08:28.1231308Z
  Time since last request: 0.0008046 seconds.
  importAddress: GUID: a6238e9452bfc704f82ff36791fe1a45 - Path: Packages/com.unity.ugui/Runtime/UGUI/UI/Core/Graphic.cs - Importer: ScriptedImporter/UnityEditor.QuickSearchModule:UnityEditor.Search:ASIAI0B
Importing 'GUID: a6238e9452bfc704f82ff36791fe1a45 - Path: Packages/com.unity.ugui/Runtime/UGUI/UI/Core/Graphic.cs - Importer: ScriptedImporter/UnityEditor.QuickSearchModule:UnityEditor.Search:ASIAI0B' with importer (ScriptedImporter : UnityEditor.QuickSearchModule:UnityEditor.Search:ASIAI0B)
Imported 'GUID: a6238e9452bfc704f82ff36791fe1a45' -> (Import Result ID: '881f3e352501878e4785c928606346c1') in 0.003 seconds [static and dynamic dependencies]. Details - ImportResultOutputID=1d40e780cacfe17317af5e8e7d2d0ba9 DependenciesID=b5fd82b7c55930a2e6212e31bffa7d58 StaticDependenciesID=0124ed15031886cbb00dab95891134cc 
Number of updated asset objects reloaded before import = 0
Number of asset objects unloaded after import = 0
========================================================================
Received Import Request.
  Time of request: 2026-09-19T15:08:28.1449695Z
  Time since last request: 0.0005254 seconds.
  importAddress: GUID: 7be84a49bb2cd7e4a9ed097ba22794d0 - Path: Packages/com.unity.ugui/Runtime/UGUI/UI/Animation/CoroutineTween.cs - Importer: ScriptedImporter/UnityEditor.QuickSearchModule:UnityEditor.Search:ASIAI0B
Importing 'GUID: 7be84a49bb2cd7e4a9ed097ba22794d0 - Path: Packages/com.unity.ugui/Runtime/UGUI/UI/Animation/CoroutineTween.cs - Importer: ScriptedImporter/UnityEditor.QuickSearchModule:UnityEditor.Search:ASIAI0B' with importer (ScriptedImporter : UnityEditor.QuickSearchModule:UnityEditor.Search:ASIAI0B)
Imported 'GUID: 7be84a49bb2cd7e4a9ed097ba22794d0' -> (Import Result ID: 'f4f0499b18f4258a22f02ba634aee087') in 0.003 seconds [static and dynamic dependencies]. Details - ImportResultOutputID=abe974ccde77d71a0d7be45daa81e3ac DependenciesID=645303692d2123656a855f053b970746 StaticDependenciesID=dda6027261f65248befdd80779efbde9 
Number of updated asset objects reloaded before import = 0
Number of asset objects unloaded after import = 0
========================================================================
Received Import Request.
  Time of request: 2026-09-19T15:08:28.1669184Z
  Time since last request: 0.0005628 seconds.
  importAddress: GUID: 7a98125502f715b4b83cfb77b434e436 - Path: Packages/com.unity.ugui/Runtime/UGUI/UI/Core/Selectable.cs - Importer: ScriptedImporter/UnityEditor.QuickSearchModule:UnityEditor.Search:ASIAI0B
Importing 'GUID: 7a98125502f715b4b83cfb77b434e436 - Path: Packages/com.unity.ugui/Runtime/UGUI/UI/Core/Selectable.cs - Importer: ScriptedImporter/UnityEditor.QuickSearchModule:UnityEditor.Search:ASIAI0B' with importer (ScriptedImporter : UnityEditor.QuickSearchModule:UnityEditor.Search:ASIAI0B)
Imported 'GUID: 7a98125502f715b4b83cfb77b434e436' -> (Import Result ID: '14f120c27c3e2107d45822ab30bfc932') in 0.006 seconds [static and dynamic dependencies]. Details - ImportResultOutputID=562795106b94ba05b8a09613ecb7fe85 DependenciesID=4336a174d2cfd8873ecf7115f326f23b StaticDependenciesID=a2b3e73f5ffdb33e91f97c11aa1744cc 
Number of updated asset objects reloaded before import = 0
Number of asset objects unloaded after import = 0
========================================================================
Received Import Request.
  Time of request: 2026-09-19T15:08:28.1912794Z
  Time since last request: 0.0006344 seconds.
  importAddress: GUID: c49b4cc203aa6414fae5c798d1d0e7d6 - Path: Packages/com.unity.ugui/Runtime/UGUI/EventSystem/Raycasters/PhysicsRaycaster.cs - Importer: ScriptedImporter/UnityEditor.QuickSearchModule:UnityEditor.Search:ASIAI0B
Importing 'GUID: c49b4cc203aa6414fae5c798d1d0e7d6 - Path: Packages/com.unity.ugui/Runtime/UGUI/EventSystem/Raycasters/PhysicsRaycaster.cs - Importer: ScriptedImporter/UnityEditor.QuickSearchModule:UnityEditor.Search:ASIAI0B' with importer (ScriptedImporter : UnityEditor.QuickSearchModule:UnityEditor.Search:ASIAI0B)
Imported 'GUID: c49b4cc203aa6414fae5c798d1d0e7d6' -> (Import Result ID: 'e1a25ae6b5da559cf009a4a0006ad88d') in 0.003 seconds [static and dynamic dependencies]. Details - ImportResultOutputID=388261e2bbf0dc8892ed5abacd6dcb21 DependenciesID=04028052a469d9bddf36f552280068eb StaticDependenciesID=a7980d9c02e74990140a7f46e677b6a5 
Number of updated asset objects reloaded before import = 0
Number of asset objects unloaded after import = 0
========================================================================
Received Import Request.
  Time of request: 2026-09-19T15:08:28.2153991Z
  Time since last request: 0.0005562 seconds.
  importAddress: GUID: b180d0cec21671c45a32a9ce99bff2f5 - Path: Packages/com.unity.ugui/Tests/Editor/UGUI/Dropdown/DropdownOptionsListDrawer.cs - Importer: ScriptedImporter/UnityEditor.QuickSearchModule:UnityEditor.Search:ASIAI0B
Importing 'GUID: b180d0cec21671c45a32a9ce99bff2f5 - Path: Packages/com.unity.ugui/Tests/Editor/UGUI/Dropdown/DropdownOptionsListDrawer.cs - Importer: ScriptedImporter/UnityEditor.QuickSearchModule:UnityEditor.Search:ASIAI0B' with importer (ScriptedImporter : UnityEditor.QuickSearchModule:UnityEditor.Search:ASIAI0B)
Imported 'GUID: b180d0cec21671c45a32a9ce99bff2f5' -> (Import Result ID: 'c7976777df9fc6619864c6c8d1ca98aa') in 0.008 seconds [static and dynamic dependencies]. Details - ImportResultOutputID=d880c231e11c431fea03ecc60697cb34 DependenciesID=d9eeaa62b4d50e906db90c7ac7735888 StaticDependenciesID=5a5b0705aab629ae9ae7e4ab9b1f4f89 
Number of updated asset objects reloaded before import = 0
Number of asset objects unloaded after import = 0
========================================================================
Received Import Request.
  Time of request: 2026-09-19T15:08:28.2622282Z
  Time since last request: 0.0008372 seconds.
  importAddress: GUID: 4130b277c1a94612a9dc40631c012775 - Path: Packages/com.unity.ugui/Tests/Editor/UGUI/UI/LayoutElementEditorTests.cs - Importer: ScriptedImporter/UnityEditor.QuickSearchModule:UnityEditor.Search:ASIAI0B
Importing 'GUID: 4130b277c1a94612a9dc40631c012775 - Path: Packages/com.unity.ugui/Tests/Editor/UGUI/UI/LayoutElementEditorTests.cs - Importer: ScriptedImporter/UnityEditor.QuickSearchModule:UnityEditor.Search:ASIAI0B' with importer (ScriptedImporter : UnityEditor.QuickSearchModule:UnityEditor.Search:ASIAI0B)
Imported 'GUID: 4130b277c1a94612a9dc40631c012775' -> (Import Result ID: 'c6f3afcdc6553751a40b1e63cb025a1e') in 0.003 seconds [static and dynamic dependencies]. Details - ImportResultOutputID=a21ab72c390e70811c0792d877f22bd4 DependenciesID=8c40ec94116c1ee895b4bda7ed033037 StaticDependenciesID=195cda0464d22a34fcfa4eaf3d78e15a 
Number of updated asset objects reloaded before import = 0
Number of asset objects unloaded after import = 0
========================================================================
Received Import Request.
  Time of request: 2026-09-19T15:08:28.2888007Z
  Time since last request: 0.0005595 seconds.
  importAddress: GUID: 2fafe2cfe61f6974895a912c3755e8f1 - Path: Packages/com.unity.ugui/Runtime/UGUI/UI/Core/ToggleGroup.cs - Importer: ScriptedImporter/UnityEditor.QuickSearchModule:UnityEditor.Search:ASIAI0B
Importing 'GUID: 2fafe2cfe61f6974895a912c3755e8f1 - Path: Packages/com.unity.ugui/Runtime/UGUI/UI/Core/ToggleGroup.cs - Importer: ScriptedImporter/UnityEditor.QuickSearchModule:UnityEditor.Search:ASIAI0B' with importer (ScriptedImporter : UnityEditor.QuickSearchModule:UnityEditor.Search:ASIAI0B)
Imported 'GUID: 2fafe2cfe61f6974895a912c3755e8f1' -> (Import Result ID: '1b543908c07bd8fa3631c17c4b66e219') in 0.003 seconds [static and dynamic dependencies]. Details - ImportResultOutputID=b61043b97fffd75d71cd7f3fe56e6310 DependenciesID=2d20c017212ffdd61cff20a09d959a5b StaticDependenciesID=47d9c636291f5b4a5a6b5935d337693f 
Number of updated asset objects reloaded before import = 0
Number of asset objects unloaded after import = 0
========================================================================
Received Import Request.
  Time of request: 2026-09-19T15:08:28.3343944Z
  Time since last request: 0.025179 seconds.
  importAddress: GUID: 9713795381722eb43b623dffba25d115 - Path: Packages/com.unity.ugui/Tests/Runtime/UGUI/Image/TestableImage.cs - Importer: ScriptedImporter/UnityEditor.QuickSearchModule:UnityEditor.Search:ASIAI0B
Importing 'GUID: 9713795381722eb43b623dffba25d115 - Path: Packages/com.unity.ugui/Tests/Runtime/UGUI/Image/TestableImage.cs - Importer: ScriptedImporter/UnityEditor.QuickSearchModule:UnityEditor.Search:ASIAI0B' with importer (ScriptedImporter : UnityEditor.QuickSearchModule:UnityEditor.Search:ASIAI0B)
Imported 'GUID: 9713795381722eb43b623dffba25d115' -> (Import Result ID: 'ac11bb149a615c6c2c9312a6bd1d115a') in 0.004 seconds [static and dynamic dependencies]. Details - ImportResultOutputID=c42039a2bc65906e29aaf52397cfef46 DependenciesID=d0afae47829fba30d4ea673818158120 StaticDependenciesID=3a46b34870b542050c1962b8fda0a48c 
Number of updated asset objects reloaded before import = 0
Number of asset objects unloaded after import = 0
========================================================================
Received Import Request.
  Time of request: 2026-09-19T15:08:28.3953228Z
  Time since last request: 0.0344548 seconds.
  importAddress: GUID: e76469fb3bb994083898a5bc426ca60d - Path: Packages/com.unity.ugui/Tests/Editor/UGUI/UI/ScrollRectLayoutUndoTests.cs - Importer: ScriptedImporter/UnityEditor.QuickSearchModule:UnityEditor.Search:ASIAI0B
Importing 'GUID: e76469fb3bb994083898a5bc426ca60d - Path: Packages/com.unity.ugui/Tests/Editor/UGUI/UI/ScrollRectLayoutUndoTests.cs - Importer: ScriptedImporter/UnityEditor.QuickSearchModule:UnityEditor.Search:ASIAI0B' with importer (ScriptedImporter : UnityEditor.QuickSearchModule:UnityEditor.Search:ASIAI0B)
Imported 'GUID: e76469fb3bb994083898a5bc426ca60d' -> (Import Result ID: 'e18ef55ecac9f2f0d891efed38bf83d0') in 0.004 seconds [static and dynamic dependencies]. Details - ImportResultOutputID=98149da5371b9d9a78edcda953eb722c DependenciesID=9910c05f977914cb3efe8af32aeffd12 StaticDependenciesID=6d95753ea57c81e9f904f37796d1a33a 
Number of updated asset objects reloaded before import = 0
Number of asset objects unloaded after import = 0
========================================================================
Received Import Request.
  Time of request: 2026-09-19T15:08:28.4261513Z
  Time since last request: 0.000851 seconds.
  importAddress: GUID: b611b0a598aeada419afa9737807c598 - Path: Packages/com.unity.ugui/Tests/Runtime/UGUI/Graphic/MaskTests.cs - Importer: ScriptedImporter/UnityEditor.QuickSearchModule:UnityEditor.Search:ASIAI0B
Importing 'GUID: b611b0a598aeada419afa9737807c598 - Path: Packages/com.unity.ugui/Tests/Runtime/UGUI/Graphic/MaskTests.cs - Importer: ScriptedImporter/UnityEditor.QuickSearchModule:UnityEditor.Search:ASIAI0B' with importer (ScriptedImporter : UnityEditor.QuickSearchModule:UnityEditor.Search:ASIAI0B)
Imported 'GUID: b611b0a598aeada419afa9737807c598' -> (Import Result ID: 'c47807507d5273e3d350a222cf025410') in 0.003 seconds [static and dynamic dependencies]. Details - ImportResultOutputID=af4a2f78f126b53645d1ba32f1b0b233 DependenciesID=5fd89f6cdb25fa099b5676eac1b42a2c StaticDependenciesID=1119e9a867d938f7a9ea9788adbcb19c 
Number of updated asset objects reloaded before import = 0
Number of asset objects unloaded after import = 0
========================================================================
Received Import Request.
  Time of request: 2026-09-19T15:08:28.4467522Z
  Time since last request: 0.0007425 seconds.
  importAddress: GUID: 1ef2923b9c5521948a04299da53ae750 - Path: Packages/com.unity.ugui/Tests/Runtime/UGUI/Button/ButtonTests.cs - Importer: ScriptedImporter/UnityEditor.QuickSearchModule:UnityEditor.Search:ASIAI0B
Importing 'GUID: 1ef2923b9c5521948a04299da53ae750 - Path: Packages/com.unity.ugui/Tests/Runtime/UGUI/Button/ButtonTests.cs - Importer: ScriptedImporter/UnityEditor.QuickSearchModule:UnityEditor.Search:ASIAI0B' with importer (ScriptedImporter : UnityEditor.QuickSearchModule:UnityEditor.Search:ASIAI0B)
Imported 'GUID: 1ef2923b9c5521948a04299da53ae750' -> (Import Result ID: '430fd4673c5429da0ebec87f3ec0d6c2') in 0.002 seconds [static and dynamic dependencies]. Details - ImportResultOutputID=bfae4611a76d01991536b2e9fcefe930 DependenciesID=04dfb2349467aeae8c61834716e9a07f StaticDependenciesID=ae5b4dccec7fb6dc1dbc8de16f4de332 
Number of updated asset objects reloaded before import = 0
Number of asset objects unloaded after import = 0
========================================================================
Received Import Request.
  Time of request: 2026-09-19T15:08:28.4645858Z
  Time since last request: 0.0005261 seconds.
  importAddress: GUID: 30f2a9fda7b63b041a70443bae3e7c01 - Path: Packages/com.unity.ugui/Tests/Runtime/UGUI/Layout/LayoutGroupTests.cs - Importer: ScriptedImporter/UnityEditor.QuickSearchModule:UnityEditor.Search:ASIAI0B
Importing 'GUID: 30f2a9fda7b63b041a70443bae3e7c01 - Path: Packages/com.unity.ugui/Tests/Runtime/UGUI/Layout/LayoutGroupTests.cs - Importer: ScriptedImporter/UnityEditor.QuickSearchModule:UnityEditor.Search:ASIAI0B' with importer (ScriptedImporter : UnityEditor.QuickSearchModule:UnityEditor.Search:ASIAI0B)
Imported 'GUID: 30f2a9fda7b63b041a70443bae3e7c01' -> (Import Result ID: 'ada55db9d755912b4ee150c688b8dee6') in 0.005 seconds [static and dynamic dependencies]. Details - ImportResultOutputID=3f05bff405d9c30621615326ea6ef2f7 DependenciesID=106fc08a24035339ea2b0ffe245ef461 StaticDependenciesID=8a1a512950c9e61337ff9c7e011ac5f5 
Number of updated asset objects reloaded before import = 0
Number of asset objects unloaded after import = 0
========================================================================
Received Import Request.
  Time of request: 2026-09-19T15:08:28.4875268Z
  Time since last request: 0.0007608 seconds.
  importAddress: GUID: 4f5ed95515938d14189b094f8654d0bd - Path: Packages/com.unity.ugui/Tests/Runtime/UGUI/Button/TestButton.cs - Importer: ScriptedImporter/UnityEditor.QuickSearchModule:UnityEditor.Search:ASIAI0B
Importing 'GUID: 4f5ed95515938d14189b094f8654d0bd - Path: Packages/com.unity.ugui/Tests/Runtime/UGUI/Button/TestButton.cs - Importer: ScriptedImporter/UnityEditor.QuickSearchModule:UnityEditor.Search:ASIAI0B' with importer (ScriptedImporter : UnityEditor.QuickSearchModule:UnityEditor.Search:ASIAI0B)
Imported 'GUID: 4f5ed95515938d14189b094f8654d0bd' -> (Import Result ID: '6d7f704304815abbed49e1f323bebc93') in 0.009 seconds [static and dynamic dependencies]. Details - ImportResultOutputID=6fc3797f2500a18be1e2923b8643c53d DependenciesID=2b292cb381e35f73b3cfc2b226962d0f StaticDependenciesID=24e8d00c3caf3e3fb8b83c1049c95a92 
Number of updated asset objects reloaded before import = 0
Number of asset objects unloaded after import = 0
========================================================================
Received Import Request.
  Time of request: 2026-09-19T15:08:28.5347949Z
  Time since last request: 0.0060272 seconds.
  importAddress: GUID: 1a70a790a43cd0d4a96f75746841f764 - Path: Packages/com.unity.ugui/Tests/Runtime/UGUI/Image/ImageFilledGenerateWork.cs - Importer: ScriptedImporter/UnityEditor.QuickSearchModule:UnityEditor.Search:ASIAI0B
Importing 'GUID: 1a70a790a43cd0d4a96f75746841f764 - Path: Packages/com.unity.ugui/Tests/Runtime/UGUI/Image/ImageFilledGenerateWork.cs - Importer: ScriptedImporter/UnityEditor.QuickSearchModule:UnityEditor.Search:ASIAI0B' with importer (ScriptedImporter : UnityEditor.QuickSearchModule:UnityEditor.Search:ASIAI0B)
Imported 'GUID: 1a70a790a43cd0d4a96f75746841f764' -> (Import Result ID: '352874f10b70ec90a9cf083665d21fae') in 0.003 seconds [static and dynamic dependencies]. Details - ImportResultOutputID=50311214fe3320c89850502aa841625b DependenciesID=cf7a27893dc3da8ea95acff55d51e8b7 StaticDependenciesID=49a2f82b2242864620bc724b932ecfab 
Number of updated asset objects reloaded before import = 0
Number of asset objects unloaded after import = 0
========================================================================
Received Import Request.
  Time of request: 2026-09-19T15:08:28.5524608Z
  Time since last request: 0.0006113 seconds.
  importAddress: GUID: 833143c443f979e44ae0b8ed899e3b59 - Path: Packages/com.unity.ugui/Tests/Runtime/UGUI/EventSystem/PhysicsRaycasterTests.cs - Importer: ScriptedImporter/UnityEditor.QuickSearchModule:UnityEditor.Search:ASIAI0B
Importing 'GUID: 833143c443f979e44ae0b8ed899e3b59 - Path: Packages/com.unity.ugui/Tests/Runtime/UGUI/EventSystem/PhysicsRaycasterTests.cs - Importer: ScriptedImporter/UnityEditor.QuickSearchModule:UnityEditor.Search:ASIAI0B' with importer (ScriptedImporter : UnityEditor.QuickSearchModule:UnityEditor.Search:ASIAI0B)
Imported 'GUID: 833143c443f979e44ae0b8ed899e3b59' -> (Import Result ID: '18d2783ecbfc1ca83f20de7b77b34c79') in 0.005 seconds [static and dynamic dependencies]. Details - ImportResultOutputID=a5bc956f5f2ff2500a43c7707cfe9d1e DependenciesID=68e77c0f5df8a78a392ae6fe72ff0d94 StaticDependenciesID=441d31350f06812dbc097aa871bdc518 
Number of updated asset objects reloaded before import = 0
Number of asset objects unloaded after import = 0
========================================================================
Received Import Request.
  Time of request: 2026-09-19T15:08:28.5740959Z
  Time since last request: 0.0006806 seconds.
  importAddress: GUID: 513613320b52fdb40a26dd5b73d89afe - Path: Packages/com.unity.ugui/Tests/Runtime/UGUI/InputField/GenericInputFieldTests.cs - Importer: ScriptedImporter/UnityEditor.QuickSearchModule:UnityEditor.Search:ASIAI0B
Importing 'GUID: 513613320b52fdb40a26dd5b73d89afe - Path: Packages/com.unity.ugui/Tests/Runtime/UGUI/InputField/GenericInputFieldTests.cs - Importer: ScriptedImporter/UnityEditor.QuickSearchModule:UnityEditor.Search:ASIAI0B' with importer (ScriptedImporter : UnityEditor.QuickSearchModule:UnityEditor.Search:ASIAI0B)
Imported 'GUID: 513613320b52fdb40a26dd5b73d89afe' -> (Import Result ID: 'da9bc59186d7a84150eeec0c7875604b') in 0.003 seconds [static and dynamic dependencies]. Details - ImportResultOutputID=24652127efb48e7c3e08b8339c92e0d3 DependenciesID=dbe18dcd091c3949940a5c98bf4d3aac StaticDependenciesID=88d0e92b219ef1913bdd96a1da5c855c 
Number of updated asset objects reloaded before import = 0
Number of asset objects unloaded after import = 0
========================================================================
Received Import Request.
  Time of request: 2026-09-19T15:08:28.5956738Z
  Time since last request: 0.0005624 seconds.
  importAddress: GUID: a14a59f2a5c757e469c3e4e17b798c2e - Path: Packages/com.unity.ugui/Tests/Runtime/UGUI/Canvas/CanvasGroupInheritedAlpha.cs - Importer: ScriptedImporter/UnityEditor.QuickSearchModule:UnityEditor.Search:ASIAI0B
Importing 'GUID: a14a59f2a5c757e469c3e4e17b798c2e - Path: Packages/com.unity.ugui/Tests/Runtime/UGUI/Canvas/CanvasGroupInheritedAlpha.cs - Importer: ScriptedImporter/UnityEditor.QuickSearchModule:UnityEditor.Search:ASIAI0B' with importer (ScriptedImporter : UnityEditor.QuickSearchModule:UnityEditor.Search:ASIAI0B)
Imported 'GUID: a14a59f2a5c757e469c3e4e17b798c2e' -> (Import Result ID: '000eb1bea266d99bfc093bf011f54088') in 0.003 seconds [static and dynamic dependencies]. Details - ImportResultOutputID=714f4dd6ff429026742cf8f45e634d79 DependenciesID=1448d558fcbc40f2f8d5a84779cba82f StaticDependenciesID=ce6022b84b7cd46295a0484d2d772d37 
Number of updated asset objects reloaded before import = 0
Number of asset objects unloaded after import = 0
========================================================================
Received Import Request.
  Time of request: 2026-09-19T15:08:28.6176787Z
  Time since last request: 0.0006975 seconds.
  importAddress: GUID: 5af3322745e78aa488fca5a2090f8755 - Path: Packages/com.unity.ugui/Tests/Runtime/UGUI/Layout/HorizonalLayoutGroupTests.cs - Importer: ScriptedImporter/UnityEditor.QuickSearchModule:UnityEditor.Search:ASIAI0B
Importing 'GUID: 5af3322745e78aa488fca5a2090f8755 - Path: Packages/com.unity.ugui/Tests/Runtime/UGUI/Layout/HorizonalLayoutGroupTests.cs - Importer: ScriptedImporter/UnityEditor.QuickSearchModule:UnityEditor.Search:ASIAI0B' with importer (ScriptedImporter : UnityEditor.QuickSearchModule:UnityEditor.Search:ASIAI0B)
Imported 'GUID: 5af3322745e78aa488fca5a2090f8755' -> (Import Result ID: '78b82402a3b5c97e958a59f2f84a6351') in 0.003 seconds [static and dynamic dependencies]. Details - ImportResultOutputID=f841ef08c17217872149809d972f50a2 DependenciesID=41eab1bf54e857142350d807d0bef0ab StaticDependenciesID=bf87803783cf07fd89cbcb6581a15ff0 
Number of updated asset objects reloaded before import = 0
Number of asset objects unloaded after import = 0
========================================================================
Received Import Request.
  Time of request: 2026-09-19T15:08:28.6370229Z
  Time since last request: 0.0005286 seconds.
  importAddress: GUID: df1ba932d4ce4534e97a0f10c85cd3c9 - Path: Packages/com.unity.ugui/Tests/Runtime/UGUI/Canvas/CanvasSizeCorrectInAwakeAndStartScript.cs - Importer: ScriptedImporter/UnityEditor.QuickSearchModule:UnityEditor.Search:ASIAI0B
Importing 'GUID: df1ba932d4ce4534e97a0f10c85cd3c9 - Path: Packages/com.unity.ugui/Tests/Runtime/UGUI/Canvas/CanvasSizeCorrectInAwakeAndStartScript.cs - Importer: ScriptedImporter/UnityEditor.QuickSearchModule:UnityEditor.Search:ASIAI0B' with importer (ScriptedImporter : UnityEditor.QuickSearchModule:UnityEditor.Search:ASIAI0B)
Imported 'GUID: df1ba932d4ce4534e97a0f10c85cd3c9' -> (Import Result ID: '7fc712ee4cf6008f817351fe444f2f0a') in 0.003 seconds [static and dynamic dependencies]. Details - ImportResultOutputID=f026356c5827a5bc34ccf046dc2844c6 DependenciesID=a25f7df5ebb2aa69931e24e224a8d7cf StaticDependenciesID=139fc79988066165170fb0069af97984 
Number of updated asset objects reloaded before import = 0
Number of asset objects unloaded after import = 0
========================================================================
Received Import Request.
  Time of request: 2026-09-19T15:08:28.6559157Z
  Time since last request: 0.0005594 seconds.
  importAddress: GUID: 735d54f21944f834f931716514c87a84 - Path: Packages/com.unity.ugui/Tests/Runtime/UGUI/Canvas/RectMask2DWithNestedCanvasCullsUsingCorrectCanvasRect.cs - Importer: ScriptedImporter/UnityEditor.QuickSearchModule:UnityEditor.Search:ASIAI0B
Importing 'GUID: 735d54f21944f834f931716514c87a84 - Path: Packages/com.unity.ugui/Tests/Runtime/UGUI/Canvas/RectMask2DWithNestedCanvasCullsUsingCorrectCanvasRect.cs - Importer: ScriptedImporter/UnityEditor.QuickSearchModule:UnityEditor.Search:ASIAI0B' with importer (ScriptedImporter : UnityEditor.QuickSearchModule:UnityEditor.Search:ASIAI0B)
Imported 'GUID: 735d54f21944f834f931716514c87a84' -> (Import Result ID: '3d4b4f4e4689f779390b08d6ba47fba0') in 0.003 seconds [static and dynamic dependencies]. Details - ImportResultOutputID=5edae67a095d823078e309a95762037a DependenciesID=187ec55a2bb635462c12f1de88253f39 StaticDependenciesID=bd4cac0232e5e14dd2f2476a8eb20697 
Number of updated asset objects reloaded before import = 0
Number of asset objects unloaded after import = 0
========================================================================
Received Import Request.
  Time of request: 2026-09-19T15:08:28.6770157Z
  Time since last request: 0.0007819 seconds.
  importAddress: GUID: 9390296e78291b543b2f4a9761ef8139 - Path: Packages/com.unity.ugui/Tests/Runtime/UGUI/Canvas/CheckMeshColorsAndColors32Match.cs - Importer: ScriptedImporter/UnityEditor.QuickSearchModule:UnityEditor.Search:ASIAI0B
Importing 'GUID: 9390296e78291b543b2f4a9761ef8139 - Path: Packages/com.unity.ugui/Tests/Runtime/UGUI/Canvas/CheckMeshColorsAndColors32Match.cs - Importer: ScriptedImporter/UnityEditor.QuickSearchModule:UnityEditor.Search:ASIAI0B' with importer (ScriptedImporter : UnityEditor.QuickSearchModule:UnityEditor.Search:ASIAI0B)
Imported 'GUID: 9390296e78291b543b2f4a9761ef8139' -> (Import Result ID: 'd4984722cec3b89ee8b699673e2e7eaf') in 0.004 seconds [static and dynamic dependencies]. Details - ImportResultOutputID=c7998136f06d83a99a9fe4fe6c56eb5b DependenciesID=0f5b0914b062a42591c522c17c58427d StaticDependenciesID=a0bdfacf1cee765e96a39f8435d63dc5 
Number of updated asset objects reloaded before import = 0
Number of asset objects unloaded after import = 0
========================================================================
Received Import Request.
  Time of request: 2026-09-19T15:08:28.6979682Z
  Time since last request: 0.0006474 seconds.
  importAddress: GUID: 24c3e990929f942f9a53e298ba7caddf - Path: Packages/com.unity.ugui/Tests/Runtime/UGUI/RaycastReceiver/RaycastReceiverTests.cs - Importer: ScriptedImporter/UnityEditor.QuickSearchModule:UnityEditor.Search:ASIAI0B
Importing 'GUID: 24c3e990929f942f9a53e298ba7caddf - Path: Packages/com.unity.ugui/Tests/Runtime/UGUI/RaycastReceiver/RaycastReceiverTests.cs - Importer: ScriptedImporter/UnityEditor.QuickSearchModule:UnityEditor.Search:ASIAI0B' with importer (ScriptedImporter : UnityEditor.QuickSearchModule:UnityEditor.Search:ASIAI0B)
Imported 'GUID: 24c3e990929f942f9a53e298ba7caddf' -> (Import Result ID: '34bd2da286b7f516287ee9f0b3f76f51') in 0.003 seconds [static and dynamic dependencies]. Details - ImportResultOutputID=b58edb2bb853c2836acdf157625a10e3 DependenciesID=72c170ced3001c90943cccbcd31d2a91 StaticDependenciesID=60a0d55f77ec3fe6322d9e90ac667325 
Number of updated asset objects reloaded before import = 0
Number of asset objects unloaded after import = 0
========================================================================
Received Import Request.
  Time of request: 2026-09-19T15:08:28.7179257Z
  Time since last request: 0.0005904 seconds.
  importAddress: GUID: 3d42c4854f9093e409cd90c00ef26de0 - Path: Packages/com.unity.ugui/Tests/Runtime/UGUI/EventSystem/GraphicRaycasterWorldSpaceCanvasTests.cs - Importer: ScriptedImporter/UnityEditor.QuickSearchModule:UnityEditor.Search:ASIAI0B
Importing 'GUID: 3d42c4854f9093e409cd90c00ef26de0 - Path: Packages/com.unity.ugui/Tests/Runtime/UGUI/EventSystem/GraphicRaycasterWorldSpaceCanvasTests.cs - Importer: ScriptedImporter/UnityEditor.QuickSearchModule:UnityEditor.Search:ASIAI0B' with importer (ScriptedImporter : UnityEditor.QuickSearchModule:UnityEditor.Search:ASIAI0B)
Imported 'GUID: 3d42c4854f9093e409cd90c00ef26de0' -> (Import Result ID: 'd135b504e74816299ee686ef04f04ee3') in 0.005 seconds [static and dynamic dependencies]. Details - ImportResultOutputID=f8fca08413863793def356b8c91a8fc6 DependenciesID=39b6a477309e8963202d9c98f46fc390 StaticDependenciesID=b86fa1388b613ca662121734fd653062 
Number of updated asset objects reloaded before import = 0
Number of asset objects unloaded after import = 0
========================================================================
Received Import Request.
  Time of request: 2026-09-19T15:08:28.7391032Z
  Time since last request: 0.0005663 seconds.
  importAddress: GUID: 40c83ba6a1a64cb4baac27028dd1acc1 - Path: Packages/com.unity.ugui/Tests/Runtime/UGUI/Graphic/RawImageTestHook.cs - Importer: ScriptedImporter/UnityEditor.QuickSearchModule:UnityEditor.Search:ASIAI0B
Importing 'GUID: 40c83ba6a1a64cb4baac27028dd1acc1 - Path: Packages/com.unity.ugui/Tests/Runtime/UGUI/Graphic/RawImageTestHook.cs - Importer: ScriptedImporter/UnityEditor.QuickSearchModule:UnityEditor.Search:ASIAI0B' with importer (ScriptedImporter : UnityEditor.QuickSearchModule:UnityEditor.Search:ASIAI0B)
Imported 'GUID: 40c83ba6a1a64cb4baac27028dd1acc1' -> (Import Result ID: '1eb5bfe2e46c15cd797e8d624ff18672') in 0.004 seconds [static and dynamic dependencies]. Details - ImportResultOutputID=5e59e50f8884658209c9db3c32380c23 DependenciesID=4df55fb50896a767df5ec346f87ea917 StaticDependenciesID=68a6e5cc2074996d0ad81fabdb3422e3 
Number of updated asset objects reloaded before import = 0
Number of asset objects unloaded after import = 0
========================================================================
Received Import Request.
  Time of request: 2026-09-19T15:08:28.7596475Z
  Time since last request: 0.000601 seconds.
  importAddress: GUID: ea2e1a5b99f41405ba7a9ebb7d65366b - Path: Packages/com.unity.ugui/Tests/Runtime/UGUI/SafeArea/SafeAreaComponentTests.cs - Importer: ScriptedImporter/UnityEditor.QuickSearchModule:UnityEditor.Search:ASIAI0B
Importing 'GUID: ea2e1a5b99f41405ba7a9ebb7d65366b - Path: Packages/com.unity.ugui/Tests/Runtime/UGUI/SafeArea/SafeAreaComponentTests.cs - Importer: ScriptedImporter/UnityEditor.QuickSearchModule:UnityEditor.Search:ASIAI0B' with importer (ScriptedImporter : UnityEditor.QuickSearchModule:UnityEditor.Search:ASIAI0B)
Imported 'GUID: ea2e1a5b99f41405ba7a9ebb7d65366b' -> (Import Result ID: 'e514054ce9ad80c56aa261effa77b261') in 0.003 seconds [static and dynamic dependencies]. Details - ImportResultOutputID=af2735f8c67b3c9f3dae6c937eb6db0e DependenciesID=04650330531e72e9e2138c12cc7362e1 StaticDependenciesID=68bcf4cf89a2649f687ff46435dbe3f4 
Number of updated asset objects reloaded before import = 0
Number of asset objects unloaded after import = 0
========================================================================
Received Import Request.
  Time of request: 2026-09-19T15:08:28.7787425Z
  Time since last request: 0.0006159 seconds.
  importAddress: GUID: 6fac6d65d2fb7472d94e95ddb8b8798c - Path: Packages/com.unity.ugui/Tests/Runtime/UGUI/CanvasRenderer/CanvasRendererTests.cs - Importer: ScriptedImporter/UnityEditor.QuickSearchModule:UnityEditor.Search:ASIAI0B
Importing 'GUID: 6fac6d65d2fb7472d94e95ddb8b8798c - Path: Packages/com.unity.ugui/Tests/Runtime/UGUI/CanvasRenderer/CanvasRendererTests.cs - Importer: ScriptedImporter/UnityEditor.QuickSearchModule:UnityEditor.Search:ASIAI0B' with importer (ScriptedImporter : UnityEditor.QuickSearchModule:UnityEditor.Search:ASIAI0B)
Imported 'GUID: 6fac6d65d2fb7472d94e95ddb8b8798c' -> (Import Result ID: 'c586c654e73dbd794229478dac437d3e') in 0.003 seconds [static and dynamic dependencies]. Details - ImportResultOutputID=878cf6f32a9498e211131698faab6bbf DependenciesID=736adcb15fdc975a1391ddc2888d38e9 StaticDependenciesID=0f8d6a6ee73981f7fbe2fb91fcf54d70 
Number of updated asset objects reloaded before import = 0
Number of asset objects unloaded after import = 0
========================================================================
Received Import Request.
  Time of request: 2026-09-19T15:08:28.7967225Z
  Time since last request: 0.0005609 seconds.
  importAddress: GUID: 16c6414b77a90ff4098767dce485c495 - Path: Packages/com.unity.ugui/Tests/Runtime/UGUI/InputField/FakeInputModule.cs - Importer: ScriptedImporter/UnityEditor.QuickSearchModule:UnityEditor.Search:ASIAI0B
Importing 'GUID: 16c6414b77a90ff4098767dce485c495 - Path: Packages/com.unity.ugui/Tests/Runtime/UGUI/InputField/FakeInputModule.cs - Importer: ScriptedImporter/UnityEditor.QuickSearchModule:UnityEditor.Search:ASIAI0B' with importer (ScriptedImporter : UnityEditor.QuickSearchModule:UnityEditor.Search:ASIAI0B)
Imported 'GUID: 16c6414b77a90ff4098767dce485c495' -> (Import Result ID: '9aea38300653a8d79a875b6409b0d086') in 0.002 seconds [static and dynamic dependencies]. Details - ImportResultOutputID=ea4f255d4ee2a179306d8b0660578151 DependenciesID=ad798d17df54dbf5c710d91b37843fb0 StaticDependenciesID=aaa8d41edded7d517306a61d6f04d980 
Number of updated asset objects reloaded before import = 0
Number of asset objects unloaded after import = 0
========================================================================
Received Import Request.
  Time of request: 2026-09-19T15:08:28.8123326Z
  Time since last request: 0.000468 seconds.
  importAddress: GUID: 1a26e19d51cbfac42a02631ad1f9e39e - Path: Packages/com.unity.ugui/Tests/Runtime/UGUI/Canvas/BridgeScriptForRetainingObjects.cs - Importer: ScriptedImporter/UnityEditor.QuickSearchModule:UnityEditor.Search:ASIAI0B
Importing 'GUID: 1a26e19d51cbfac42a02631ad1f9e39e - Path: Packages/com.unity.ugui/Tests/Runtime/UGUI/Canvas/BridgeScriptForRetainingObjects.cs - Importer: ScriptedImporter/UnityEditor.QuickSearchModule:UnityEditor.Search:ASIAI0B' with importer (ScriptedImporter : UnityEditor.QuickSearchModule:UnityEditor.Search:ASIAI0B)
Imported 'GUID: 1a26e19d51cbfac42a02631ad1f9e39e' -> (Import Result ID: '3f8e09682711cb17708ca01447717a82') in 0.003 seconds [static and dynamic dependencies]. Details - ImportResultOutputID=2bc3f95619e63df1074d8df9a688eb0a DependenciesID=ebad0af624cd01f8fc4421f96e119a2d StaticDependenciesID=f9ed2b61631f022c876064981e3e0b57 
Number of updated asset objects reloaded before import = 0
Number of asset objects unloaded after import = 0
========================================================================
Received Import Request.
  Time of request: 2026-09-19T15:08:28.8556223Z
  Time since last request: 0.0242962 seconds.
  importAddress: GUID: 3245ec927659c4140ac4f8d17403cc18 - Path: Packages/com.unity.ugui/Runtime/UGUI/UI/Core/Layout/ContentSizeFitter.cs - Importer: ScriptedImporter/UnityEditor.QuickSearchModule:UnityEditor.Search:ASIAI0B
Importing 'GUID: 3245ec927659c4140ac4f8d17403cc18 - Path: Packages/com.unity.ugui/Runtime/UGUI/UI/Core/Layout/ContentSizeFitter.cs - Importer: ScriptedImporter/UnityEditor.QuickSearchModule:UnityEditor.Search:ASIAI0B' with importer (ScriptedImporter : UnityEditor.QuickSearchModule:UnityEditor.Search:ASIAI0B)
Imported 'GUID: 3245ec927659c4140ac4f8d17403cc18' -> (Import Result ID: '6394f427cad26aab5791ea81adb6410c') in 0.004 seconds [static and dynamic dependencies]. Details - ImportResultOutputID=e4eb0903a8df6921aa9519fa5ebef9e3 DependenciesID=a4c0ad6f9279fcfcfc5d9deb601e5a6f StaticDependenciesID=2792c354a893b0ce33438c96c2f74e98 
Number of updated asset objects reloaded before import = 0
Number of asset objects unloaded after import = 0
========================================================================
Received Import Request.
  Time of request: 2026-09-19T15:08:28.8770801Z
  Time since last request: 0.0007906 seconds.
  importAddress: GUID: a5c214e5846a99242b348c37e49b2f59 - Path: Packages/com.unity.ugui/Runtime/UGUI/UI/Core/Layout/HorizontalOrVerticalLayoutGroup.cs - Importer: ScriptedImporter/UnityEditor.QuickSearchModule:UnityEditor.Search:ASIAI0B
Importing 'GUID: a5c214e5846a99242b348c37e49b2f59 - Path: Packages/com.unity.ugui/Runtime/UGUI/UI/Core/Layout/HorizontalOrVerticalLayoutGroup.cs - Importer: ScriptedImporter/UnityEditor.QuickSearchModule:UnityEditor.Search:ASIAI0B' with importer (ScriptedImporter : UnityEditor.QuickSearchModule:UnityEditor.Search:ASIAI0B)
Imported 'GUID: a5c214e5846a99242b348c37e49b2f59' -> (Import Result ID: '05b02fd52b499eca569289ea33bac61f') in 0.003 seconds [static and dynamic dependencies]. Details - ImportResultOutputID=e3d71fc15383924d8d475b32bfe09221 DependenciesID=df60db9267914affa02570b15d252279 StaticDependenciesID=ea4e616203178305e42c56d740ad92ec 
Number of updated asset objects reloaded before import = 0
Number of asset objects unloaded after import = 0
========================================================================
Received Import Request.
  Time of request: 2026-09-19T15:08:28.8970453Z
  Time since last request: 0.0007107 seconds.
  importAddress: GUID: 020ee4c1798a3d243a4b8cbfee6cac2d - Path: Packages/com.unity.ugui/Runtime/UGUI/UI/Core/VertexModifiers/PositionAsUV1.cs - Importer: ScriptedImporter/UnityEditor.QuickSearchModule:UnityEditor.Search:ASIAI0B
Importing 'GUID: 020ee4c1798a3d243a4b8cbfee6cac2d - Path: Packages/com.unity.ugui/Runtime/UGUI/UI/Core/VertexModifiers/PositionAsUV1.cs - Importer: ScriptedImporter/UnityEditor.QuickSearchModule:UnityEditor.Search:ASIAI0B' with importer (ScriptedImporter : UnityEditor.QuickSearchModule:UnityEditor.Search:ASIAI0B)
Imported 'GUID: 020ee4c1798a3d243a4b8cbfee6cac2d' -> (Import Result ID: '6b007d7f547ec4e4756653214e4b2c37') in 0.003 seconds [static and dynamic dependencies]. Details - ImportResultOutputID=50c46276c63a2d022d47b83d6cc31ff5 DependenciesID=2da1530a92b7551c25607f8d434850f1 StaticDependenciesID=39637d5300b312e2d295db78be4bf0cc 
Number of updated asset objects reloaded before import = 0
Number of asset objects unloaded after import = 0
========================================================================
Received Import Request.
  Time of request: 2026-09-19T15:08:28.9205295Z
  Time since last request: 0.0005097 seconds.
  importAddress: GUID: 7883cd788d83a71478342eef943e8150 - Path: Packages/com.unity.ugui/Tests/Runtime/UGUI/ScrollRect/ScrollRectStableLayout.cs - Importer: ScriptedImporter/UnityEditor.QuickSearchModule:UnityEditor.Search:ASIAI0B
Importing 'GUID: 7883cd788d83a71478342eef943e8150 - Path: Packages/com.unity.ugui/Tests/Runtime/UGUI/ScrollRect/ScrollRectStableLayout.cs - Importer: ScriptedImporter/UnityEditor.QuickSearchModule:UnityEditor.Search:ASIAI0B' with importer (ScriptedImporter : UnityEditor.QuickSearchModule:UnityEditor.Search:ASIAI0B)
Imported 'GUID: 7883cd788d83a71478342eef943e8150' -> (Import Result ID: 'b81dd77bd191e245eca3bc64728535f2') in 0.003 seconds [static and dynamic dependencies]. Details - ImportResultOutputID=c1dfc2c6d21bd518bb07fa5d09c08714 DependenciesID=0be23bfe3dfd1c8d9ab68b2c0196f6be StaticDependenciesID=3573001a268d69c12d24aeeb95f28d6e 
Number of updated asset objects reloaded before import = 0
Number of asset objects unloaded after import = 0
========================================================================
Received Import Request.
  Time of request: 2026-09-19T15:08:28.9410404Z
  Time since last request: 0.0004585 seconds.
  importAddress: GUID: d548f82e7e9c0ed49ae5b4a5eecfb2f7 - Path: Packages/com.unity.ugui/Tests/Runtime/UGUI/Util/UIBehaviourExtensions.cs - Importer: ScriptedImporter/UnityEditor.QuickSearchModule:UnityEditor.Search:ASIAI0B
Importing 'GUID: d548f82e7e9c0ed49ae5b4a5eecfb2f7 - Path: Packages/com.unity.ugui/Tests/Runtime/UGUI/Util/UIBehaviourExtensions.cs - Importer: ScriptedImporter/UnityEditor.QuickSearchModule:UnityEditor.Search:ASIAI0B' with importer (ScriptedImporter : UnityEditor.QuickSearchModule:UnityEditor.Search:ASIAI0B)
Imported 'GUID: d548f82e7e9c0ed49ae5b4a5eecfb2f7' -> (Import Result ID: '8666f6cbd4fd2856f21cbac11ea4091a') in 0.003 seconds [static and dynamic dependencies]. Details - ImportResultOutputID=c81d88462bb3ccb5b130c1ca6d06fa34 DependenciesID=b27b5e5475f0f5b1a905fd46f38c457d StaticDependenciesID=1353fdd5f32e3c9b3df639b5e0dd5f77 
Number of updated asset objects reloaded before import = 0
Number of asset objects unloaded after import = 0
========================================================================
Received Import Request.
  Time of request: 2026-09-19T15:08:28.9619375Z
  Time since last request: 0.0005394 seconds.
  importAddress: GUID: 621a76c0c3927aa45aba7d2ad0c8e1c8 - Path: Packages/com.unity.ugui/Tests/Runtime/UGUI/Util/GraphicTestHelper.cs - Importer: ScriptedImporter/UnityEditor.QuickSearchModule:UnityEditor.Search:ASIAI0B
Importing 'GUID: 621a76c0c3927aa45aba7d2ad0c8e1c8 - Path: Packages/com.unity.ugui/Tests/Runtime/UGUI/Util/GraphicTestHelper.cs - Importer: ScriptedImporter/UnityEditor.QuickSearchModule:UnityEditor.Search:ASIAI0B' with importer (ScriptedImporter : UnityEditor.QuickSearchModule:UnityEditor.Search:ASIAI0B)
Imported 'GUID: 621a76c0c3927aa45aba7d2ad0c8e1c8' -> (Import Result ID: '43f38f72326f4fdac0275aa2fa09ea6f') in 0.003 seconds [static and dynamic dependencies]. Details - ImportResultOutputID=2b26fdfa72a86b9f9ad662bc2cdd6f4d DependenciesID=cef3862ef4ddbc5cb1092882ab86ead4 StaticDependenciesID=8e125567748b2615123cb9b67722ed32 
Number of updated asset objects reloaded before import = 0
Number of asset objects unloaded after import = 0
========================================================================
Received Import Request.
  Time of request: 2026-09-19T15:08:28.982896Z
  Time since last request: 0.0005414 seconds.
  importAddress: GUID: af5aad29a2c56fd449428c9041fc68bb - Path: Packages/com.unity.collections/README.md - Importer: ScriptedImporter/UnityEditor.QuickSearchModule:UnityEditor.Search:ASIAI0B
Importing 'GUID: af5aad29a2c56fd449428c9041fc68bb - Path: Packages/com.unity.collections/README.md - Importer: ScriptedImporter/UnityEditor.QuickSearchModule:UnityEditor.Search:ASIAI0B' with importer (ScriptedImporter : UnityEditor.QuickSearchModule:UnityEditor.Search:ASIAI0B)
Imported 'GUID: af5aad29a2c56fd449428c9041fc68bb' -> (Import Result ID: 'e64c7ac3a9c046ddb4e7144974f5df54') in 0.002 seconds [static and dynamic dependencies]. Details - ImportResultOutputID=76c16a95bb2bc34449195473a8621add DependenciesID=89e06a33077917979b7408b854467e8f StaticDependenciesID=8c35e57fc0b352bcdda2cf112d21d375 
Number of updated asset objects reloaded before import = 0
Number of asset objects unloaded after import = 1
========================================================================
Received Import Request.
  Time of request: 2026-09-19T15:08:28.9989315Z
  Time since last request: 0.0006441 seconds.
  importAddress: GUID: e9cac674d67385249b2805670e618c24 - Path: Packages/com.unity.ugui/Tests/Runtime/UGUI/ScrollRect/ScrollRectScale.cs - Importer: ScriptedImporter/UnityEditor.QuickSearchModule:UnityEditor.Search:ASIAI0B
Importing 'GUID: e9cac674d67385249b2805670e618c24 - Path: Packages/com.unity.ugui/Tests/Runtime/UGUI/ScrollRect/ScrollRectScale.cs - Importer: ScriptedImporter/UnityEditor.QuickSearchModule:UnityEditor.Search:ASIAI0B' with importer (ScriptedImporter : UnityEditor.QuickSearchModule:UnityEditor.Search:ASIAI0B)
Imported 'GUID: e9cac674d67385249b2805670e618c24' -> (Import Result ID: '6cb1f936dfd3f89290e4695eec1d3e86') in 0.003 seconds [static and dynamic dependencies]. Details - ImportResultOutputID=3302c164e7b4d2763439af0aa4b4929e DependenciesID=d583b5a53ed822d792b6026585c3082a StaticDependenciesID=08eaf9f43b0f16b569bbe063661d9f8a 
Number of updated asset objects reloaded before import = 0
Number of asset objects unloaded after import = 0
========================================================================
Received Import Request.
  Time of request: 2026-09-19T15:08:29.0178769Z
  Time since last request: 0.0004591 seconds.
  importAddress: GUID: 0573713975c6b8246b7544ed524ef1dc - Path: Packages/com.unity.ugui/Tests/Runtime/UGUI/EventSystem/InputModuleTests/PointerClickCallbackCheck.cs - Importer: ScriptedImporter/UnityEditor.QuickSearchModule:UnityEditor.Search:ASIAI0B
Importing 'GUID: 0573713975c6b8246b7544ed524ef1dc - Path: Packages/com.unity.ugui/Tests/Runtime/UGUI/EventSystem/InputModuleTests/PointerClickCallbackCheck.cs - Importer: ScriptedImporter/UnityEditor.QuickSearchModule:UnityEditor.Search:ASIAI0B' with importer (ScriptedImporter : UnityEditor.QuickSearchModule:UnityEditor.Search:ASIAI0B)
Imported 'GUID: 0573713975c6b8246b7544ed524ef1dc' -> (Import Result ID: '7493dc7dbb3d5c9d33961e4f0d813e33') in 0.003 seconds [static and dynamic dependencies]. Details - ImportResultOutputID=392dbaa8c5bb210e332183bdf55a130a DependenciesID=287c3a64716dee2921c8f6e68237a99a StaticDependenciesID=5e6886976f4b5cb7c262e1c38ddb5e87 
Number of updated asset objects reloaded before import = 0
Number of asset objects unloaded after import = 0
========================================================================
Received Import Request.
  Time of request: 2026-09-19T15:08:29.0344271Z
  Time since last request: 0.0005981 seconds.
  importAddress: GUID: 50081206855385544a5ddd0e3b6ba9be - Path: Packages/com.unity.ugui/Tests/Runtime/UGUI/Toggle/ToggleGroupTests.cs - Importer: ScriptedImporter/UnityEditor.QuickSearchModule:UnityEditor.Search:ASIAI0B
Importing 'GUID: 50081206855385544a5ddd0e3b6ba9be - Path: Packages/com.unity.ugui/Tests/Runtime/UGUI/Toggle/ToggleGroupTests.cs - Importer: ScriptedImporter/UnityEditor.QuickSearchModule:UnityEditor.Search:ASIAI0B' with importer (ScriptedImporter : UnityEditor.QuickSearchModule:UnityEditor.Search:ASIAI0B)
Imported 'GUID: 50081206855385544a5ddd0e3b6ba9be' -> (Import Result ID: 'e2831bad9dab4cb14a9d37692fc1bea6') in 0.003 seconds [static and dynamic dependencies]. Details - ImportResultOutputID=781b37e398d9da89af6fc7b735f2dcd4 DependenciesID=7a813b0dc71519e557fe6c990844acec StaticDependenciesID=c85ebf6ccb24f0778fbdc287a700da39 
Number of updated asset objects reloaded before import = 0
Number of asset objects unloaded after import = 0
========================================================================
Received Import Request.
  Time of request: 2026-09-19T15:08:29.0548779Z
  Time since last request: 0.0007459 seconds.
  importAddress: GUID: 20ff4283f687e044087714f82c4d6d3f - Path: Packages/com.unity.ugui/Runtime/UGUI/UI/Core/MaterialModifiers/IMaterialModifier.cs - Importer: ScriptedImporter/UnityEditor.QuickSearchModule:UnityEditor.Search:ASIAI0B
Importing 'GUID: 20ff4283f687e044087714f82c4d6d3f - Path: Packages/com.unity.ugui/Runtime/UGUI/UI/Core/MaterialModifiers/IMaterialModifier.cs - Importer: ScriptedImporter/UnityEditor.QuickSearchModule:UnityEditor.Search:ASIAI0B' with importer (ScriptedImporter : UnityEditor.QuickSearchModule:UnityEditor.Search:ASIAI0B)
Imported 'GUID: 20ff4283f687e044087714f82c4d6d3f' -> (Import Result ID: '92840d53392462b93c5784d603751db1') in 0.003 seconds [static and dynamic dependencies]. Details - ImportResultOutputID=3cba0cae9c54a3a38cf479ae6347dccf DependenciesID=3923d3fce49525088b60fb00fe6d5c9e StaticDependenciesID=575f5a9e451df93b3ff8fdc244f98f73 
Number of updated asset objects reloaded before import = 0
Number of asset objects unloaded after import = 0
========================================================================
Received Import Request.
  Time of request: 2026-09-19T15:08:29.0765767Z
  Time since last request: 0.0005967 seconds.
  importAddress: GUID: af94bd3a805f27e42ab86647265be74e - Path: Packages/com.unity.ugui/Tests/Runtime/UGUI/EventSystem/InputModuleTests/PointerExitCallbackCheck.cs - Importer: ScriptedImporter/UnityEditor.QuickSearchModule:UnityEditor.Search:ASIAI0B
Importing 'GUID: af94bd3a805f27e42ab86647265be74e - Path: Packages/com.unity.ugui/Tests/Runtime/UGUI/EventSystem/InputModuleTests/PointerExitCallbackCheck.cs - Importer: ScriptedImporter/UnityEditor.QuickSearchModule:UnityEditor.Search:ASIAI0B' with importer (ScriptedImporter : UnityEditor.QuickSearchModule:UnityEditor.Search:ASIAI0B)
Imported 'GUID: af94bd3a805f27e42ab86647265be74e' -> (Import Result ID: 'a17bddff6ed6328ad5f13772e91f075b') in 0.003 seconds [static and dynamic dependencies]. Details - ImportResultOutputID=15ecc99729e55f974160570246abf025 DependenciesID=dfed95a9802b2263669af06345c77c76 StaticDependenciesID=ac7edece03f8bfead499249135c913ea 
Number of updated asset objects reloaded before import = 0
Number of asset objects unloaded after import = 0
========================================================================
Received Import Request.
  Time of request: 2026-09-19T15:08:29.1024924Z
  Time since last request: 0.0006008 seconds.
  importAddress: GUID: 86710e43de46f6f4bac7c8e50813a599 - Path: Packages/com.unity.ugui/Runtime/UGUI/UI/Core/Layout/AspectRatioFitter.cs - Importer: ScriptedImporter/UnityEditor.QuickSearchModule:UnityEditor.Search:ASIAI0B
Importing 'GUID: 86710e43de46f6f4bac7c8e50813a599 - Path: Packages/com.unity.ugui/Runtime/UGUI/UI/Core/Layout/AspectRatioFitter.cs - Importer: ScriptedImporter/UnityEditor.QuickSearchModule:UnityEditor.Search:ASIAI0B' with importer (ScriptedImporter : UnityEditor.QuickSearchModule:UnityEditor.Search:ASIAI0B)
Imported 'GUID: 86710e43de46f6f4bac7c8e50813a599' -> (Import Result ID: 'd93074e096850d49ae4322b5e77a7370') in 0.003 seconds [static and dynamic dependencies]. Details - ImportResultOutputID=598ed95c6751d2880408aac3922a5632 DependenciesID=f83c4f7e7055eae29631223724c25d24 StaticDependenciesID=4631162ef55189991bc29960109aa006 
Number of updated asset objects reloaded before import = 0
Number of asset objects unloaded after import = 0
========================================================================
Received Import Request.
  Time of request: 2026-09-19T15:08:29.1213253Z
  Time since last request: 0.0005954 seconds.
  importAddress: GUID: 371b6b9c8adc50745ace66a6fdf67481 - Path: Packages/com.unity.ugui/Runtime/UGUI/UI/Core/Culling/IClipRegion.cs - Importer: ScriptedImporter/UnityEditor.QuickSearchModule:UnityEditor.Search:ASIAI0B
Importing 'GUID: 371b6b9c8adc50745ace66a6fdf67481 - Path: Packages/com.unity.ugui/Runtime/UGUI/UI/Core/Culling/IClipRegion.cs - Importer: ScriptedImporter/UnityEditor.QuickSearchModule:UnityEditor.Search:ASIAI0B' with importer (ScriptedImporter : UnityEditor.QuickSearchModule:UnityEditor.Search:ASIAI0B)
Imported 'GUID: 371b6b9c8adc50745ace66a6fdf67481' -> (Import Result ID: '10f699fc41a9b81ff3e5cf240374f9fd') in 0.002 seconds [static and dynamic dependencies]. Details - ImportResultOutputID=3e00b891e22826c553e69f710bae161b DependenciesID=8fcd1ad5e716ffba85b16ee6fb111db1 StaticDependenciesID=85de28700578e4e845296bd815af210b 
Number of updated asset objects reloaded before import = 0
Number of asset objects unloaded after import = 0
========================================================================
Received Import Request.
  Time of request: 2026-09-19T15:08:29.141322Z
  Time since last request: 0.0005844 seconds.
  importAddress: GUID: d56dbb97f857c8040beef6dd1bfc97df - Path: Packages/com.unity.ugui/Tests/Runtime/UGUI/ScrollRect/ScrollRectClamp.cs - Importer: ScriptedImporter/UnityEditor.QuickSearchModule:UnityEditor.Search:ASIAI0B
Importing 'GUID: d56dbb97f857c8040beef6dd1bfc97df - Path: Packages/com.unity.ugui/Tests/Runtime/UGUI/ScrollRect/ScrollRectClamp.cs - Importer: ScriptedImporter/UnityEditor.QuickSearchModule:UnityEditor.Search:ASIAI0B' with importer (ScriptedImporter : UnityEditor.QuickSearchModule:UnityEditor.Search:ASIAI0B)
Imported 'GUID: d56dbb97f857c8040beef6dd1bfc97df' -> (Import Result ID: 'de82d9e26fea06dfd4565512ef151e6e') in 0.003 seconds [static and dynamic dependencies]. Details - ImportResultOutputID=0395fa2ed34752240693565612f94681 DependenciesID=42301d2aa27b3020e4789c6dd796b40c StaticDependenciesID=ecccbe26339ec0d1516bb73665defe15 
Number of updated asset objects reloaded before import = 0
Number of asset objects unloaded after import = 0
========================================================================
Received Import Request.
  Time of request: 2026-09-19T15:08:29.1603808Z
  Time since last request: 0.0005535 seconds.
  importAddress: GUID: 7610600f5c83e01041a6fe849d39279f - Path: Packages/com.unity.modules.unitywebrequestassetbundle/package.ModuleCompilationTrigger - Importer: ScriptedImporter/UnityEditor.QuickSearchModule:UnityEditor.Search:ASIAI0B
Importing 'GUID: 7610600f5c83e01041a6fe849d39279f - Path: Packages/com.unity.modules.unitywebrequestassetbundle/package.ModuleCompilationTrigger - Importer: ScriptedImporter/UnityEditor.QuickSearchModule:UnityEditor.Search:ASIAI0B' with importer (ScriptedImporter : UnityEditor.QuickSearchModule:UnityEditor.Search:ASIAI0B)
Imported 'GUID: 7610600f5c83e01041a6fe849d39279f' -> (Import Result ID: 'e31eb36b247eba36667dd7d2ad77b63e') in 0.003 seconds [static and dynamic dependencies]. Details - ImportResultOutputID=aaf7f41067ae5104828560c865f983a1 DependenciesID=2eabd9799bb2f5abb983b1873a1e8bb6 StaticDependenciesID=b8d5a093707eed5d33034480f7f691fb 
Number of updated asset objects reloaded before import = 0
Number of asset objects unloaded after import = 1
========================================================================
Received Import Request.
  Time of request: 2026-09-19T15:08:29.1816833Z
  Time since last request: 0.0005361 seconds.
  importAddress: GUID: 006633c8a6f4ae94aa9babf72234e1a2 - Path: Packages/com.unity.ugui/Runtime/UGUI/UI/Core/Layout/LayoutRebuilder.cs - Importer: ScriptedImporter/UnityEditor.QuickSearchModule:UnityEditor.Search:ASIAI0B
Importing 'GUID: 006633c8a6f4ae94aa9babf72234e1a2 - Path: Packages/com.unity.ugui/Runtime/UGUI/UI/Core/Layout/LayoutRebuilder.cs - Importer: ScriptedImporter/UnityEditor.QuickSearchModule:UnityEditor.Search:ASIAI0B' with importer (ScriptedImporter : UnityEditor.QuickSearchModule:UnityEditor.Search:ASIAI0B)
Imported 'GUID: 006633c8a6f4ae94aa9babf72234e1a2' -> (Import Result ID: 'e2c106b8673b6d7a1a948a7539613f5e') in 0.003 seconds [static and dynamic dependencies]. Details - ImportResultOutputID=5246350540b1461263d646a985a9c58e DependenciesID=a22ce8bfb42270f17843d71a9c89f4e7 StaticDependenciesID=767f2d4e853b10310f87b9bf7f5647d0 
Number of updated asset objects reloaded before import = 0
Number of asset objects unloaded after import = 0
========================================================================
Received Import Request.
  Time of request: 2026-09-19T15:08:29.2028585Z
  Time since last request: 0.0006443 seconds.
  importAddress: GUID: 754bd1bfc77f45aea641971c9495f0f7 - Path: Packages/com.unity.collections/DocCodeSamples.Tests/CollectionsAllocationExamples.cs - Importer: ScriptedImporter/UnityEditor.QuickSearchModule:UnityEditor.Search:ASIAI0B
Importing 'GUID: 754bd1bfc77f45aea641971c9495f0f7 - Path: Packages/com.unity.collections/DocCodeSamples.Tests/CollectionsAllocationExamples.cs - Importer: ScriptedImporter/UnityEditor.QuickSearchModule:UnityEditor.Search:ASIAI0B' with importer (ScriptedImporter : UnityEditor.QuickSearchModule:UnityEditor.Search:ASIAI0B)
Imported 'GUID: 754bd1bfc77f45aea641971c9495f0f7' -> (Import Result ID: '961dac7fb646a72ce09947704e8650f4') in 0.003 seconds [static and dynamic dependencies]. Details - ImportResultOutputID=8e15bd83de7062e742e756cac3cfccdb DependenciesID=26bc14a800546aa3d3fa09498eaa77d9 StaticDependenciesID=baa8bd676e31a26f80b873952a67e73c 
Number of updated asset objects reloaded before import = 0
Number of asset objects unloaded after import = 0
========================================================================
Received Import Request.
  Time of request: 2026-09-19T15:08:29.2217118Z
  Time since last request: 0.0006018 seconds.
  importAddress: GUID: 718966f960cb50643986195e5fe953ca - Path: Packages/com.unity.ugui/Runtime/UGUI/UI/Core/VertexModifiers/BaseMeshEffect.cs - Importer: ScriptedImporter/UnityEditor.QuickSearchModule:UnityEditor.Search:ASIAI0B
Importing 'GUID: 718966f960cb50643986195e5fe953ca - Path: Packages/com.unity.ugui/Runtime/UGUI/UI/Core/VertexModifiers/BaseMeshEffect.cs - Importer: ScriptedImporter/UnityEditor.QuickSearchModule:UnityEditor.Search:ASIAI0B' with importer (ScriptedImporter : UnityEditor.QuickSearchModule:UnityEditor.Search:ASIAI0B)
Imported 'GUID: 718966f960cb50643986195e5fe953ca' -> (Import Result ID: 'd337f972cfe0ce5cac271789d0badd50') in 0.002 seconds [static and dynamic dependencies]. Details - ImportResultOutputID=2b86a381649a87681b66bd1991e3615a DependenciesID=1f82e7bb67473dfb783b975047a28501 StaticDependenciesID=2a47bc5c8215a78324b5b40b59066b4f 
Number of updated asset objects reloaded before import = 0
Number of asset objects unloaded after import = 0
========================================================================
Received Import Request.
  Time of request: 2026-09-19T15:08:29.2412035Z
  Time since last request: 0.0004182 seconds.
  importAddress: GUID: 71136fc5cf34f2cc10be0e33c0b08019 - Path: Packages/com.unity.modules.unityanalytics/package.ModuleCompilationTrigger - Importer: ScriptedImporter/UnityEditor.QuickSearchModule:UnityEditor.Search:ASIAI0B
Importing 'GUID: 71136fc5cf34f2cc10be0e33c0b08019 - Path: Packages/com.unity.modules.unityanalytics/package.ModuleCompilationTrigger - Importer: ScriptedImporter/UnityEditor.QuickSearchModule:UnityEditor.Search:ASIAI0B' with importer (ScriptedImporter : UnityEditor.QuickSearchModule:UnityEditor.Search:ASIAI0B)
Imported 'GUID: 71136fc5cf34f2cc10be0e33c0b08019' -> (Import Result ID: 'ac7deb9dde4d7bbb473525a431d1288b') in 0.002 seconds [static and dynamic dependencies]. Details - ImportResultOutputID=db9e7933e5a2670a928b5f48d0ca1cca DependenciesID=2c8041d295dc75fc7c73fc230a945ebd StaticDependenciesID=8507865ad451bfbe28783b12d3cc641d 
Number of updated asset objects reloaded before import = 0
Number of asset objects unloaded after import = 1
========================================================================
Received Import Request.
  Time of request: 2026-09-19T15:08:29.2576909Z
  Time since last request: 0.0009607 seconds.
  importAddress: GUID: 26a4f29db434fd79025c91f6126382cc - Path: Packages/com.unity.modules.unityanalytics/package.json - Importer: ScriptedImporter/UnityEditor.QuickSearchModule:UnityEditor.Search:ASIAI0B
Importing 'GUID: 26a4f29db434fd79025c91f6126382cc - Path: Packages/com.unity.modules.unityanalytics/package.json - Importer: ScriptedImporter/UnityEditor.QuickSearchModule:UnityEditor.Search:ASIAI0B' with importer (ScriptedImporter : UnityEditor.QuickSearchModule:UnityEditor.Search:ASIAI0B)
Imported 'GUID: 26a4f29db434fd79025c91f6126382cc' -> (Import Result ID: '9cef7192ad0e12d8a5eb9da02c372c6b') in 0.003 seconds [static and dynamic dependencies]. Details - ImportResultOutputID=165df7f2ada33eb4e4399685e5b49d1e DependenciesID=9785ce72e9641fcb0f3576966b2bf004 StaticDependenciesID=6f60170cfa0ce512ddb616ebe8b1a8a5 
Number of updated asset objects reloaded before import = 0
Number of asset objects unloaded after import = 1
========================================================================
Received Import Request.
  Time of request: 2026-09-19T15:08:29.2964874Z
  Time since last request: 0.019889 seconds.
  importAddress: GUID: 5823667af4bd5fd489bc1a1c24cad9d6 - Path: Packages/com.unity.collections/Unity.Collections/NativeHashSet.cs - Importer: ScriptedImporter/UnityEditor.QuickSearchModule:UnityEditor.Search:ASIAI0B
Importing 'GUID: 5823667af4bd5fd489bc1a1c24cad9d6 - Path: Packages/com.unity.collections/Unity.Collections/NativeHashSet.cs - Importer: ScriptedImporter/UnityEditor.QuickSearchModule:UnityEditor.Search:ASIAI0B' with importer (ScriptedImporter : UnityEditor.QuickSearchModule:UnityEditor.Search:ASIAI0B)
Imported 'GUID: 5823667af4bd5fd489bc1a1c24cad9d6' -> (Import Result ID: 'd8d62d3ef308b5f333d4b8bea3446234') in 0.003 seconds [static and dynamic dependencies]. Details - ImportResultOutputID=ab3bd5d456c6f6b7e8fe55c855acb18d DependenciesID=9818906b51f6444fe78ef7fbcf8ffb82 StaticDependenciesID=0d3359ee2790df6b307c17ed09264169 
Number of updated asset objects reloaded before import = 0
Number of asset objects unloaded after import = 0
========================================================================
Received Import Request.
  Time of request: 2026-09-19T15:08:29.3150746Z
  Time since last request: 0.0005826 seconds.
  importAddress: GUID: 134f6a7ae57d2df4aace84c12a331f06 - Path: Packages/com.unity.collections/Unity.Collections/UnsafeNotBurstCompatible.cs - Importer: ScriptedImporter/UnityEditor.QuickSearchModule:UnityEditor.Search:ASIAI0B
Importing 'GUID: 134f6a7ae57d2df4aace84c12a331f06 - Path: Packages/com.unity.collections/Unity.Collections/UnsafeNotBurstCompatible.cs - Importer: ScriptedImporter/UnityEditor.QuickSearchModule:UnityEditor.Search:ASIAI0B' with importer (ScriptedImporter : UnityEditor.QuickSearchModule:UnityEditor.Search:ASIAI0B)
Imported 'GUID: 134f6a7ae57d2df4aace84c12a331f06' -> (Import Result ID: '788880d57b804fdea72f72a9130bc1a0') in 0.002 seconds [static and dynamic dependencies]. Details - ImportResultOutputID=dac0d04e559454507ead394ec3af36b8 DependenciesID=dc00466817016d76529bfa9760207ce1 StaticDependenciesID=1da5710625c624cf55741fe94576d84f 
Number of updated asset objects reloaded before import = 0
Number of asset objects unloaded after import = 0
========================================================================
Received Import Request.
  Time of request: 2026-09-19T15:08:29.3299376Z
  Time since last request: 0.0005905 seconds.
  importAddress: GUID: 13912e20398d4a03883c4ee9ee4d8818 - Path: Packages/com.unity.collections/Unity.Collections/DataStreamWriter.cs - Importer: ScriptedImporter/UnityEditor.QuickSearchModule:UnityEditor.Search:ASIAI0B
Importing 'GUID: 13912e20398d4a03883c4ee9ee4d8818 - Path: Packages/com.unity.collections/Unity.Collections/DataStreamWriter.cs - Importer: ScriptedImporter/UnityEditor.QuickSearchModule:UnityEditor.Search:ASIAI0B' with importer (ScriptedImporter : UnityEditor.QuickSearchModule:UnityEditor.Search:ASIAI0B)
Imported 'GUID: 13912e20398d4a03883c4ee9ee4d8818' -> (Import Result ID: 'de78b2f21db4770228ea21b0fff0aee1') in 0.003 seconds [static and dynamic dependencies]. Details - ImportResultOutputID=93200888f98173e219c7bb30d2209ce3 DependenciesID=33a763456d0181a94a2cfc7931cc93d8 StaticDependenciesID=cbb70a186604f234b850e5d85fe7d72f 
Number of updated asset objects reloaded before import = 0
Number of asset objects unloaded after import = 0
========================================================================
Received Import Request.
  Time of request: 2026-09-19T15:08:29.3464569Z
  Time since last request: 0.0007158 seconds.
  importAddress: GUID: 64aa0d92f72fa4af49049126211731d0 - Path: Packages/com.unity.collections/Unity.Collections/NativeStream.cs - Importer: ScriptedImporter/UnityEditor.QuickSearchModule:UnityEditor.Search:ASIAI0B
Importing 'GUID: 64aa0d92f72fa4af49049126211731d0 - Path: Packages/com.unity.collections/Unity.Collections/NativeStream.cs - Importer: ScriptedImporter/UnityEditor.QuickSearchModule:UnityEditor.Search:ASIAI0B' with importer (ScriptedImporter : UnityEditor.QuickSearchModule:UnityEditor.Search:ASIAI0B)
Imported 'GUID: 64aa0d92f72fa4af49049126211731d0' -> (Import Result ID: '6ba4ce6dfc888d3347c89b7fc07b4846') in 0.003 seconds [static and dynamic dependencies]. Details - ImportResultOutputID=f91995c88c0f07c64182544b01d0f514 DependenciesID=101fe490266e1a0c6610350f28f56298 StaticDependenciesID=a2029027131bd4a4360de127a5c437f6 
Number of updated asset objects reloaded before import = 0
Number of asset objects unloaded after import = 0
========================================================================
Received Import Request.
  Time of request: 2026-09-19T15:08:29.3667007Z
  Time since last request: 0.0006229 seconds.
  importAddress: GUID: babbfc241a32b8241bf31319e1447eb2 - Path: Packages/com.unity.collections/Unity.Collections/Memory.cs - Importer: ScriptedImporter/UnityEditor.QuickSearchModule:UnityEditor.Search:ASIAI0B
Importing 'GUID: babbfc241a32b8241bf31319e1447eb2 - Path: Packages/com.unity.collections/Unity.Collections/Memory.cs - Importer: ScriptedImporter/UnityEditor.QuickSearchModule:UnityEditor.Search:ASIAI0B' with importer (ScriptedImporter : UnityEditor.QuickSearchModule:UnityEditor.Search:ASIAI0B)
Imported 'GUID: babbfc241a32b8241bf31319e1447eb2' -> (Import Result ID: 'ac8268098e2b7b70e2189d11cf1c8255') in 0.003 seconds [static and dynamic dependencies]. Details - ImportResultOutputID=afccc9424e73d8d8258530af61749eab DependenciesID=fe7097615faa419498a7d714fbdd7049 StaticDependenciesID=e86acba39be356b591e1c624326befc4 
Number of updated asset objects reloaded before import = 0
Number of asset objects unloaded after import = 0
========================================================================
Received Import Request.
  Time of request: 2026-09-19T15:08:29.3894247Z
  Time since last request: 0.0006825 seconds.
  importAddress: GUID: da168a32991917b48989353c3d849677 - Path: Packages/com.unity.collections/Unity.Collections/NativeParallelHashSet.cs - Importer: ScriptedImporter/UnityEditor.QuickSearchModule:UnityEditor.Search:ASIAI0B
Importing 'GUID: da168a32991917b48989353c3d849677 - Path: Packages/com.unity.collections/Unity.Collections/NativeParallelHashSet.cs - Importer: ScriptedImporter/UnityEditor.QuickSearchModule:UnityEditor.Search:ASIAI0B' with importer (ScriptedImporter : UnityEditor.QuickSearchModule:UnityEditor.Search:ASIAI0B)
Imported 'GUID: da168a32991917b48989353c3d849677' -> (Import Result ID: 'bf25df722204f0891ecefe5b4fac06d9') in 0.005 seconds [static and dynamic dependencies]. Details - ImportResultOutputID=189716efc329cd37ac54fe388c0ba796 DependenciesID=a50c981d97222d8ba7b3a67de8afffaf StaticDependenciesID=85cb96c0fbbf64d9683149e93bf79c45 
Number of updated asset objects reloaded before import = 0
Number of asset objects unloaded after import = 0
========================================================================
Received Import Request.
  Time of request: 2026-09-19T15:08:29.4119297Z
  Time since last request: 0.0006757 seconds.
  importAddress: GUID: a2aa8b5b9af347fdbe909f0811e6ac90 - Path: Packages/com.unity.collections/Unity.Collections/AutoFreeAllocator.cs - Importer: ScriptedImporter/UnityEditor.QuickSearchModule:UnityEditor.Search:ASIAI0B
Importing 'GUID: a2aa8b5b9af347fdbe909f0811e6ac90 - Path: Packages/com.unity.collections/Unity.Collections/AutoFreeAllocator.cs - Importer: ScriptedImporter/UnityEditor.QuickSearchModule:UnityEditor.Search:ASIAI0B' with importer (ScriptedImporter : UnityEditor.QuickSearchModule:UnityEditor.Search:ASIAI0B)
Imported 'GUID: a2aa8b5b9af347fdbe909f0811e6ac90' -> (Import Result ID: 'bef8e01a393cf7301d66cb6c646a0163') in 0.003 seconds [static and dynamic dependencies]. Details - ImportResultOutputID=a850f4feb92ed255a1cc5e7224147930 DependenciesID=6ee688ee4607e41bf75eb3dec7463515 StaticDependenciesID=07e49dc0ae5ddc78e20b6873db374a62 
Number of updated asset objects reloaded before import = 0
Number of asset objects unloaded after import = 0
========================================================================
Received Import Request.
  Time of request: 2026-09-19T15:08:29.4324523Z
  Time since last request: 0.0006616 seconds.
  importAddress: GUID: b2e6965b14d70e04891af62210c14587 - Path: Packages/com.unity.collections/Unity.Collections/UnsafeHashMap.cs - Importer: ScriptedImporter/UnityEditor.QuickSearchModule:UnityEditor.Search:ASIAI0B
Importing 'GUID: b2e6965b14d70e04891af62210c14587 - Path: Packages/com.unity.collections/Unity.Collections/UnsafeHashMap.cs - Importer: ScriptedImporter/UnityEditor.QuickSearchModule:UnityEditor.Search:ASIAI0B' with importer (ScriptedImporter : UnityEditor.QuickSearchModule:UnityEditor.Search:ASIAI0B)
Imported 'GUID: b2e6965b14d70e04891af62210c14587' -> (Import Result ID: '875ee6989d869d00ea3e49431512f48e') in 0.003 seconds [static and dynamic dependencies]. Details - ImportResultOutputID=43f8f0050b8e6df39a3252be0bf4b404 DependenciesID=e38422f5fbba2fcc5e1ebca058780dd1 StaticDependenciesID=eaf8978c75ed677eaea48905cefa8dbf 
Number of updated asset objects reloaded before import = 0
Number of asset objects unloaded after import = 0
========================================================================
Received Import Request.
  Time of request: 2026-09-19T15:08:29.4562551Z
  Time since last request: 0.0007872 seconds.
  importAddress: GUID: ab361814f7174e46989e7f79e89f7c24 - Path: Packages/com.unity.collections/Unity.Collections/FixedString.gen.cs - Importer: ScriptedImporter/UnityEditor.QuickSearchModule:UnityEditor.Search:ASIAI0B
Importing 'GUID: ab361814f7174e46989e7f79e89f7c24 - Path: Packages/com.unity.collections/Unity.Collections/FixedString.gen.cs - Importer: ScriptedImporter/UnityEditor.QuickSearchModule:UnityEditor.Search:ASIAI0B' with importer (ScriptedImporter : UnityEditor.QuickSearchModule:UnityEditor.Search:ASIAI0B)
Imported 'GUID: ab361814f7174e46989e7f79e89f7c24' -> (Import Result ID: '9f98bc5e6d3347d185fd9ea17e7f190f') in 0.003 seconds [static and dynamic dependencies]. Details - ImportResultOutputID=d11f0427361ca4136c4d10c4ef4a1bac DependenciesID=c948d6386f738eebd7205dc8b296d079 StaticDependenciesID=7e2e6bf8150b5cb43e26f08cf1124b4a 
Number of updated asset objects reloaded before import = 0
Number of asset objects unloaded after import = 0
========================================================================
Received Import Request.
  Time of request: 2026-09-19T15:08:29.4794089Z
  Time since last request: 0.0001437 seconds.
  importAddress: GUID: 12ecb8b66ec0b384c8e19a7d1ff9f3fe - Path: Packages/com.unity.collections/Unity.Collections/UnsafeParallelHashSetExtensions.gen.cs - Importer: ScriptedImporter/UnityEditor.QuickSearchModule:UnityEditor.Search:ASIAI0B
Importing 'GUID: 12ecb8b66ec0b384c8e19a7d1ff9f3fe - Path: Packages/com.unity.collections/Unity.Collections/UnsafeParallelHashSetExtensions.gen.cs - Importer: ScriptedImporter/UnityEditor.QuickSearchModule:UnityEditor.Search:ASIAI0B' with importer (ScriptedImporter : UnityEditor.QuickSearchModule:UnityEditor.Search:ASIAI0B)
Imported 'GUID: 12ecb8b66ec0b384c8e19a7d1ff9f3fe' -> (Import Result ID: 'cd0f04906d99236c7f6090227d77245d') in 0.003 seconds [static and dynamic dependencies]. Details - ImportResultOutputID=b6ab59126e10456ce1399996483ad934 DependenciesID=936e3e487e48ecb580eead8be70d36da StaticDependenciesID=0b067281c3bed42a73c0523c09c372b3 
Number of updated asset objects reloaded before import = 0
Number of asset objects unloaded after import = 0
========================================================================
Received Import Request.
  Time of request: 2026-09-19T15:08:29.5020457Z
  Time since last request: 0.0005276 seconds.
  importAddress: GUID: 859b8b7a1710f0b4396876700dda6319 - Path: Packages/com.unity.collections/Unity.Collections/NativeParallelHashMapExtensions.cs - Importer: ScriptedImporter/UnityEditor.QuickSearchModule:UnityEditor.Search:ASIAI0B
Importing 'GUID: 859b8b7a1710f0b4396876700dda6319 - Path: Packages/com.unity.collections/Unity.Collections/NativeParallelHashMapExtensions.cs - Importer: ScriptedImporter/UnityEditor.QuickSearchModule:UnityEditor.Search:ASIAI0B' with importer (ScriptedImporter : UnityEditor.QuickSearchModule:UnityEditor.Search:ASIAI0B)
Imported 'GUID: 859b8b7a1710f0b4396876700dda6319' -> (Import Result ID: 'c132026ef353869fefa17ac84779dad2') in 0.003 seconds [static and dynamic dependencies]. Details - ImportResultOutputID=342d84086ad7e5d85e2ca043cb3caa6c DependenciesID=05069ed0f537152331a0bcc33b41b8bf StaticDependenciesID=ad0ff2eed28c4e4d854f0ae416f7ced2 
Number of updated asset objects reloaded before import = 0
Number of asset objects unloaded after import = 0
========================================================================
Received Import Request.
  Time of request: 2026-09-19T15:08:29.5225142Z
  Time since last request: 0.000601 seconds.
  importAddress: GUID: fd7af7f776a94a2d8333d503666dc904 - Path: Packages/com.unity.collections/Unity.Collections/DataStreamReader.cs - Importer: ScriptedImporter/UnityEditor.QuickSearchModule:UnityEditor.Search:ASIAI0B
Importing 'GUID: fd7af7f776a94a2d8333d503666dc904 - Path: Packages/com.unity.collections/Unity.Collections/DataStreamReader.cs - Importer: ScriptedImporter/UnityEditor.QuickSearchModule:UnityEditor.Search:ASIAI0B' with importer (ScriptedImporter : UnityEditor.QuickSearchModule:UnityEditor.Search:ASIAI0B)
Imported 'GUID: fd7af7f776a94a2d8333d503666dc904' -> (Import Result ID: 'ef4e0e72c99520f5daf6a34d1be24440') in 0.003 seconds [static and dynamic dependencies]. Details - ImportResultOutputID=b77b3004ca2fa129392276a6b6d74b8f DependenciesID=ad1ea5411a6dacd1b582e2a83c8b70b3 StaticDependenciesID=532914fe30bf55663089726579ff20c4 
Number of updated asset objects reloaded before import = 0
Number of asset objects unloaded after import = 0
========================================================================
Received Import Request.
  Time of request: 2026-09-19T15:08:29.5397766Z
  Time since last request: 0.0008101 seconds.
  importAddress: GUID: 2441a179e6971b64cafa56b6418f913a - Path: Packages/com.unity.collections/Unity.Collections/UnsafeParallelHashSet.cs - Importer: ScriptedImporter/UnityEditor.QuickSearchModule:UnityEditor.Search:ASIAI0B
Importing 'GUID: 2441a179e6971b64cafa56b6418f913a - Path: Packages/com.unity.collections/Unity.Collections/UnsafeParallelHashSet.cs - Importer: ScriptedImporter/UnityEditor.QuickSearchModule:UnityEditor.Search:ASIAI0B' with importer (ScriptedImporter : UnityEditor.QuickSearchModule:UnityEditor.Search:ASIAI0B)
Imported 'GUID: 2441a179e6971b64cafa56b6418f913a' -> (Import Result ID: '07c26ff582cfbc21ce42b85debb21763') in 0.004 seconds [static and dynamic dependencies]. Details - ImportResultOutputID=db13042a5ae68682b5545bebf2d4d62f DependenciesID=95a42d076062023d208da0a501075de0 StaticDependenciesID=df203d6cdc3a609be3a139b0bc4c7e3f 
Number of updated asset objects reloaded before import = 0
Number of asset objects unloaded after import = 0
========================================================================
Received Import Request.
  Time of request: 2026-09-19T15:08:29.5594358Z
  Time since last request: 0.0007927 seconds.
  importAddress: GUID: cf57aae738013234baa585dee44cf5ac - Path: Packages/com.unity.collections/Unity.Collections/GenerateTestsForBurstCompatibilityAttribute.cs - Importer: ScriptedImporter/UnityEditor.QuickSearchModule:UnityEditor.Search:ASIAI0B
Importing 'GUID: cf57aae738013234baa585dee44cf5ac - Path: Packages/com.unity.collections/Unity.Collections/GenerateTestsForBurstCompatibilityAttribute.cs - Importer: ScriptedImporter/UnityEditor.QuickSearchModule:UnityEditor.Search:ASIAI0B' with importer (ScriptedImporter : UnityEditor.QuickSearchModule:UnityEditor.Search:ASIAI0B)
Imported 'GUID: cf57aae738013234baa585dee44cf5ac' -> (Import Result ID: '6b1ca2c96eab0f14ba9da313c49aa947') in 0.003 seconds [static and dynamic dependencies]. Details - ImportResultOutputID=a204baa146acd437dfedbb25f1ca3405 DependenciesID=dadca203d2a7a1d0ea0eac4d44c9ab91 StaticDependenciesID=b942052acbfd7771fd50b4912240a2d9 
Number of updated asset objects reloaded before import = 0
Number of asset objects unloaded after import = 0
========================================================================
Received Import Request.
  Time of request: 2026-09-19T15:08:29.5769172Z
  Time since last request: 0.000608 seconds.
  importAddress: GUID: 89f65fb005504fceb04727480e65f16c - Path: Packages/com.unity.collections/Unity.Collections/FixedStringFormatMethods.gen.cs - Importer: ScriptedImporter/UnityEditor.QuickSearchModule:UnityEditor.Search:ASIAI0B
Importing 'GUID: 89f65fb005504fceb04727480e65f16c - Path: Packages/com.unity.collections/Unity.Collections/FixedStringFormatMethods.gen.cs - Importer: ScriptedImporter/UnityEditor.QuickSearchModule:UnityEditor.Search:ASIAI0B' with importer (ScriptedImporter : UnityEditor.QuickSearchModule:UnityEditor.Search:ASIAI0B)
Imported 'GUID: 89f65fb005504fceb04727480e65f16c' -> (Import Result ID: '9eef73d20d67d6b83f5e002979c023b9') in 0.003 seconds [static and dynamic dependencies]. Details - ImportResultOutputID=75e8f878ca071e69603d8b36cfee4a2f DependenciesID=4474aadc1892d43f8d48b9b81ef2848d StaticDependenciesID=4e1cb5b4ff20ac0fe04cd2130b61daa3 
Number of updated asset objects reloaded before import = 0
Number of asset objects unloaded after import = 0
========================================================================
Received Import Request.
  Time of request: 2026-09-19T15:08:29.5982551Z
  Time since last request: 0.0006897 seconds.
  importAddress: GUID: b3d1c84db8ef4e288ba9089a616a3523 - Path: Packages/com.unity.collections/Unity.Collections/FixedStringAppendMethods.cs - Importer: ScriptedImporter/UnityEditor.QuickSearchModule:UnityEditor.Search:ASIAI0B
Importing 'GUID: b3d1c84db8ef4e288ba9089a616a3523 - Path: Packages/com.unity.collections/Unity.Collections/FixedStringAppendMethods.cs - Importer: ScriptedImporter/UnityEditor.QuickSearchModule:UnityEditor.Search:ASIAI0B' with importer (ScriptedImporter : UnityEditor.QuickSearchModule:UnityEditor.Search:ASIAI0B)
Imported 'GUID: b3d1c84db8ef4e288ba9089a616a3523' -> (Import Result ID: '15fafcc129fd09a54082f316bb6597ea') in 0.003 seconds [static and dynamic dependencies]. Details - ImportResultOutputID=8bc60bfc439beb9fe3661ac8c6adbe8c DependenciesID=5a8297a4835b5b5a43b6c61dd3ea0e20 StaticDependenciesID=7ae778c19d78ea50cc2648388c6307ca 
Number of updated asset objects reloaded before import = 0
Number of asset objects unloaded after import = 0
========================================================================
Received Import Request.
  Time of request: 2026-09-19T15:08:29.6210091Z
  Time since last request: 0.0006079 seconds.
  importAddress: GUID: 0cdef7b1946241588e9a3b52426940e4 - Path: Packages/com.unity.collections/Unity.Collections/FixedStringFormatMethods.tt - Importer: ScriptedImporter/UnityEditor.QuickSearchModule:UnityEditor.Search:ASIAI0B
Importing 'GUID: 0cdef7b1946241588e9a3b52426940e4 - Path: Packages/com.unity.collections/Unity.Collections/FixedStringFormatMethods.tt - Importer: ScriptedImporter/UnityEditor.QuickSearchModule:UnityEditor.Search:ASIAI0B' with importer (ScriptedImporter : UnityEditor.QuickSearchModule:UnityEditor.Search:ASIAI0B)
Imported 'GUID: 0cdef7b1946241588e9a3b52426940e4' -> (Import Result ID: '892598ec14c62555773efacf9d59dab6') in 0.002 seconds [static and dynamic dependencies]. Details - ImportResultOutputID=e97f76d309ff14b94bad655a6836d932 DependenciesID=6b33d676d8712e72dcb01336a08fabe5 StaticDependenciesID=d86a71676caf101cded1b0dafc9e49f7 
Number of updated asset objects reloaded before import = 0
Number of asset objects unloaded after import = 1
========================================================================
Received Import Request.
  Time of request: 2026-09-19T15:08:29.6387594Z
  Time since last request: 0.0005271 seconds.
  importAddress: GUID: 059659011adc4f67a43b9d9bcc5dfd01 - Path: Packages/com.unity.collections/Unity.Collections/FixedStringFormat.tt - Importer: ScriptedImporter/UnityEditor.QuickSearchModule:UnityEditor.Search:ASIAI0B
Importing 'GUID: 059659011adc4f67a43b9d9bcc5dfd01 - Path: Packages/com.unity.collections/Unity.Collections/FixedStringFormat.tt - Importer: ScriptedImporter/UnityEditor.QuickSearchModule:UnityEditor.Search:ASIAI0B' with importer (ScriptedImporter : UnityEditor.QuickSearchModule:UnityEditor.Search:ASIAI0B)
Imported 'GUID: 059659011adc4f67a43b9d9bcc5dfd01' -> (Import Result ID: '50784578746b03e2f15f8dc1f4380456') in 0.003 seconds [static and dynamic dependencies]. Details - ImportResultOutputID=a89d1cb0b8de951be46d3437bafe3e7f DependenciesID=77f8c534c1b1f03a443248518eeeb47f StaticDependenciesID=dac5b747d43387c4dd1c90a08e9840a6 
Number of updated asset objects reloaded before import = 0
Number of asset objects unloaded after import = 1
========================================================================
Received Import Request.
  Time of request: 2026-09-19T15:08:29.6586571Z
  Time since last request: 0.0009463 seconds.
  importAddress: GUID: 41cc650015014737ae58d20e77323080 - Path: Packages/com.unity.collections/Unity.Collections/NativeArrayExtensions.cs - Importer: ScriptedImporter/UnityEditor.QuickSearchModule:UnityEditor.Search:ASIAI0B
Importing 'GUID: 41cc650015014737ae58d20e77323080 - Path: Packages/com.unity.collections/Unity.Collections/NativeArrayExtensions.cs - Importer: ScriptedImporter/UnityEditor.QuickSearchModule:UnityEditor.Search:ASIAI0B' with importer (ScriptedImporter : UnityEditor.QuickSearchModule:UnityEditor.Search:ASIAI0B)
Imported 'GUID: 41cc650015014737ae58d20e77323080' -> (Import Result ID: 'b48990dcc8276f9c028817b57a3584eb') in 0.003 seconds [static and dynamic dependencies]. Details - ImportResultOutputID=37250dfe00af12a3491d4d2c27b5f111 DependenciesID=3e0076346d26f44b180b8fbc2133c19d StaticDependenciesID=e8a1a69151f8dc2a052f1ef9e9d3c9c5 
Number of updated asset objects reloaded before import = 0
Number of asset objects unloaded after import = 0
========================================================================
Received Import Request.
  Time of request: 2026-09-19T15:08:29.6753495Z
  Time since last request: 0.000658 seconds.
  importAddress: GUID: cb61590201f644409612b3233df4c9da - Path: Packages/com.unity.collections/Unity.Collections/StreamCompressionModel.cs - Importer: ScriptedImporter/UnityEditor.QuickSearchModule:UnityEditor.Search:ASIAI0B
Importing 'GUID: cb61590201f644409612b3233df4c9da - Path: Packages/com.unity.collections/Unity.Collections/StreamCompressionModel.cs - Importer: ScriptedImporter/UnityEditor.QuickSearchModule:UnityEditor.Search:ASIAI0B' with importer (ScriptedImporter : UnityEditor.QuickSearchModule:UnityEditor.Search:ASIAI0B)
Imported 'GUID: cb61590201f644409612b3233df4c9da' -> (Import Result ID: '3034ea972234d95e734c8cf89ac107fd') in 0.003 seconds [static and dynamic dependencies]. Details - ImportResultOutputID=81dc11cc853536ce1dfab28f3b5df116 DependenciesID=6d2223b535f0e2db8529b0b0627229a2 StaticDependenciesID=518667c658fe9b6a59bc6de4f2fb9511 
Number of updated asset objects reloaded before import = 0
Number of asset objects unloaded after import = 0
========================================================================
Received Import Request.
  Time of request: 2026-09-19T15:08:29.6962072Z
  Time since last request: 0.000695 seconds.
  importAddress: GUID: fb24b35aa8286aa45a866596124a241d - Path: Packages/com.unity.collections/Unity.Collections/FixedList.gen.cs - Importer: ScriptedImporter/UnityEditor.QuickSearchModule:UnityEditor.Search:ASIAI0B
Importing 'GUID: fb24b35aa8286aa45a866596124a241d - Path: Packages/com.unity.collections/Unity.Collections/FixedList.gen.cs - Importer: ScriptedImporter/UnityEditor.QuickSearchModule:UnityEditor.Search:ASIAI0B' with importer (ScriptedImporter : UnityEditor.QuickSearchModule:UnityEditor.Search:ASIAI0B)
Imported 'GUID: fb24b35aa8286aa45a866596124a241d' -> (Import Result ID: 'aaae5c98ad256b6723a99577f6723f20') in 0.004 seconds [static and dynamic dependencies]. Details - ImportResultOutputID=2772d7e755c1a823fda5df2b04c968ad DependenciesID=7bbbbafc6e947f650a64a6035eda4d5e StaticDependenciesID=1f74dd3140c8d3eae73f41680d83bfe2 
Number of updated asset objects reloaded before import = 0
Number of asset objects unloaded after import = 0
========================================================================
Received Import Request.
  Time of request: 2026-09-19T15:08:29.7546312Z
  Time since last request: 0.0314631 seconds.
  importAddress: GUID: 1cf995a69bb0bd844b0d2a1fa5004d0b - Path: Packages/com.unity.collections/Unity.Collections.PerformanceTests.Internal/AssemblyInfo.cs - Importer: ScriptedImporter/UnityEditor.QuickSearchModule:UnityEditor.Search:ASIAI0B
Importing 'GUID: 1cf995a69bb0bd844b0d2a1fa5004d0b - Path: Packages/com.unity.collections/Unity.Collections.PerformanceTests.Internal/AssemblyInfo.cs - Importer: ScriptedImporter/UnityEditor.QuickSearchModule:UnityEditor.Search:ASIAI0B' with importer (ScriptedImporter : UnityEditor.QuickSearchModule:UnityEditor.Search:ASIAI0B)
Imported 'GUID: 1cf995a69bb0bd844b0d2a1fa5004d0b' -> (Import Result ID: 'a2f577b21a96fdccbbd050f186dc0406') in 0.003 seconds [static and dynamic dependencies]. Details - ImportResultOutputID=09f2c9ceddd753245608fcebd562ab31 DependenciesID=0c6596369326e2fd4eda52c213a9ddcd StaticDependenciesID=6943c56a5d419b8dd2c3810fd804c702 
Number of updated asset objects reloaded before import = 0
Number of asset objects unloaded after import = 0
========================================================================
Received Import Request.
  Time of request: 2026-09-19T15:08:29.776971Z
  Time since last request: 0.0006058 seconds.
  importAddress: GUID: 2875d3f6474aaee46b2421966a741a1d - Path: Packages/com.unity.collections/Unity.Collections.Tests/AllocatorRewindableTests.cs - Importer: ScriptedImporter/UnityEditor.QuickSearchModule:UnityEditor.Search:ASIAI0B
Importing 'GUID: 2875d3f6474aaee46b2421966a741a1d - Path: Packages/com.unity.collections/Unity.Collections.Tests/AllocatorRewindableTests.cs - Importer: ScriptedImporter/UnityEditor.QuickSearchModule:UnityEditor.Search:ASIAI0B' with importer (ScriptedImporter : UnityEditor.QuickSearchModule:UnityEditor.Search:ASIAI0B)
Imported 'GUID: 2875d3f6474aaee46b2421966a741a1d' -> (Import Result ID: '4da08b43c1e7819e4f074afc07ed5eed') in 0.004 seconds [static and dynamic dependencies]. Details - ImportResultOutputID=2748e7d4c88560f39a2d76cc2b2a554d DependenciesID=b42decdcb2dd166cad9c7cff538667cf StaticDependenciesID=63c503ed9887512cbd29761c238713d8 
Number of updated asset objects reloaded before import = 0
Number of asset objects unloaded after import = 0
========================================================================
Received Import Request.
  Time of request: 2026-09-19T15:08:29.7990539Z
  Time since last request: 0.0005701 seconds.
  importAddress: GUID: b21a3382971974da1b398c348949244e - Path: Packages/com.unity.collections/Unity.Collections.Tests/ConcurrentMaskTests.cs - Importer: ScriptedImporter/UnityEditor.QuickSearchModule:UnityEditor.Search:ASIAI0B
Importing 'GUID: b21a3382971974da1b398c348949244e - Path: Packages/com.unity.collections/Unity.Collections.Tests/ConcurrentMaskTests.cs - Importer: ScriptedImporter/UnityEditor.QuickSearchModule:UnityEditor.Search:ASIAI0B' with importer (ScriptedImporter : UnityEditor.QuickSearchModule:UnityEditor.Search:ASIAI0B)
Imported 'GUID: b21a3382971974da1b398c348949244e' -> (Import Result ID: '69c69e6b93b6752e783b79d97e33c567') in 0.003 seconds [static and dynamic dependencies]. Details - ImportResultOutputID=eabe0e0cacfc073e03cdfe4c0cbe158f DependenciesID=41dbf0281f676c5793787031ff7cf7fc StaticDependenciesID=7e69613f113ab2c10e21c99f5dfda0ce 
Number of updated asset objects reloaded before import = 0
Number of asset objects unloaded after import = 0
========================================================================
Received Import Request.
  Time of request: 2026-09-19T15:08:29.8199968Z
  Time since last request: 0.0006492 seconds.
  importAddress: GUID: 7a96926915a7746789220056d7c409a5 - Path: Packages/com.unity.collections/Unity.Collections.Editor/JobsMenu.cs - Importer: ScriptedImporter/UnityEditor.QuickSearchModule:UnityEditor.Search:ASIAI0B
Importing 'GUID: 7a96926915a7746789220056d7c409a5 - Path: Packages/com.unity.collections/Unity.Collections.Editor/JobsMenu.cs - Importer: ScriptedImporter/UnityEditor.QuickSearchModule:UnityEditor.Search:ASIAI0B' with importer (ScriptedImporter : UnityEditor.QuickSearchModule:UnityEditor.Search:ASIAI0B)
Imported 'GUID: 7a96926915a7746789220056d7c409a5' -> (Import Result ID: '0c99993bc00159412bae4e3409e62e11') in 0.004 seconds [static and dynamic dependencies]. Details - ImportResultOutputID=bc4c4db1a698e8fad8b770b27bccb5bd DependenciesID=18e296f4a4714f9edf31b882095eec72 StaticDependenciesID=f5e5fd30a05bac942f69364648e6bb17 
Number of updated asset objects reloaded before import = 0
Number of asset objects unloaded after import = 0
========================================================================
Received Import Request.
  Time of request: 2026-09-19T15:08:29.8407464Z
  Time since last request: 0.0007497 seconds.
  importAddress: GUID: 41c1d83e4d34d6247b6e021d9053b364 - Path: Packages/com.unity.collections/Unity.Collections.Tests/GenericContainerTest.cs - Importer: ScriptedImporter/UnityEditor.QuickSearchModule:UnityEditor.Search:ASIAI0B
Importing 'GUID: 41c1d83e4d34d6247b6e021d9053b364 - Path: Packages/com.unity.collections/Unity.Collections.Tests/GenericContainerTest.cs - Importer: ScriptedImporter/UnityEditor.QuickSearchModule:UnityEditor.Search:ASIAI0B' with importer (ScriptedImporter : UnityEditor.QuickSearchModule:UnityEditor.Search:ASIAI0B)
Imported 'GUID: 41c1d83e4d34d6247b6e021d9053b364' -> (Import Result ID: 'd8a20816a1af7b7a46e4cdcea5eeeabd') in 0.003 seconds [static and dynamic dependencies]. Details - ImportResultOutputID=5a1ed94b8089042cb0a580fcbac3a9f9 DependenciesID=877c39406a4027475fca343252dc9769 StaticDependenciesID=17a5e969bcdf6b161978c98cea47c781 
Number of updated asset objects reloaded before import = 0
Number of asset objects unloaded after import = 0
========================================================================
Received Import Request.
  Time of request: 2026-09-19T15:08:29.8656261Z
  Time since last request: 0.0008069 seconds.
  importAddress: GUID: d438077bfbb9810469c3c896a295855a - Path: Packages/com.unity.collections/Unity.Collections.PerformanceTests/RewindableAllocatorPerformanceTests.cs - Importer: ScriptedImporter/UnityEditor.QuickSearchModule:UnityEditor.Search:ASIAI0B
Importing 'GUID: d438077bfbb9810469c3c896a295855a - Path: Packages/com.unity.collections/Unity.Collections.PerformanceTests/RewindableAllocatorPerformanceTests.cs - Importer: ScriptedImporter/UnityEditor.QuickSearchModule:UnityEditor.Search:ASIAI0B' with importer (ScriptedImporter : UnityEditor.QuickSearchModule:UnityEditor.Search:ASIAI0B)
Imported 'GUID: d438077bfbb9810469c3c896a295855a' -> (Import Result ID: '36d446db4f5763a8d378daa93b654f19') in 0.012 seconds [static and dynamic dependencies]. Details - ImportResultOutputID=fa08130ee1afcb41e2c1bb2f78ebff51 DependenciesID=3cab23ad78221714adde3eb3776b76e6 StaticDependenciesID=bd251a3c793d9f5d5c5ce83e1ba43c0a 
Number of updated asset objects reloaded before import = 0
Number of asset objects unloaded after import = 0
========================================================================
Received Import Request.
  Time of request: 2026-09-19T15:08:29.9012195Z
  Time since last request: 0.0007733 seconds.
  importAddress: GUID: 303e5975f34d18c4d81f25c4af12839a - Path: Packages/com.unity.collections/Unity.Collections.CodeGen/JobReflectionDataPostProcessor.cs - Importer: ScriptedImporter/UnityEditor.QuickSearchModule:UnityEditor.Search:ASIAI0B
Importing 'GUID: 303e5975f34d18c4d81f25c4af12839a - Path: Packages/com.unity.collections/Unity.Collections.CodeGen/JobReflectionDataPostProcessor.cs - Importer: ScriptedImporter/UnityEditor.QuickSearchModule:UnityEditor.Search:ASIAI0B' with importer (ScriptedImporter : UnityEditor.QuickSearchModule:UnityEditor.Search:ASIAI0B)
Imported 'GUID: 303e5975f34d18c4d81f25c4af12839a' -> (Import Result ID: '03164ea077076c64e1e1056ef0a4a135') in 0.003 seconds [static and dynamic dependencies]. Details - ImportResultOutputID=8dbdbab328ccc196ceb541f79fa177ca DependenciesID=cbbf4c5d4ef7c79f165b5a909ab9afe8 StaticDependenciesID=c858397aa9a95d1bcffb1623f4cc1444 
Number of updated asset objects reloaded before import = 0
Number of asset objects unloaded after import = 0
========================================================================
Received Import Request.
  Time of request: 2026-09-19T15:08:29.9267182Z
  Time since last request: 0.000687 seconds.
  importAddress: GUID: b9cafe65ae4b7c5408e16a4d9eeeb599 - Path: Packages/com.unity.collections/Unity.Collections.PerformanceTests/QueuePerformanceTests.cs - Importer: ScriptedImporter/UnityEditor.QuickSearchModule:UnityEditor.Search:ASIAI0B
Importing 'GUID: b9cafe65ae4b7c5408e16a4d9eeeb599 - Path: Packages/com.unity.collections/Unity.Collections.PerformanceTests/QueuePerformanceTests.cs - Importer: ScriptedImporter/UnityEditor.QuickSearchModule:UnityEditor.Search:ASIAI0B' with importer (ScriptedImporter : UnityEditor.QuickSearchModule:UnityEditor.Search:ASIAI0B)
Imported 'GUID: b9cafe65ae4b7c5408e16a4d9eeeb599' -> (Import Result ID: 'f9ed3a705a4baa2774bcebc8af41116f') in 0.003 seconds [static and dynamic dependencies]. Details - ImportResultOutputID=938d2ac81a246b1b568b67b4551a00a8 DependenciesID=185f186d47c524c1f751f594ca8700a7 StaticDependenciesID=9e398f1b8e40444049cfc5a00bfc0d69 
Number of updated asset objects reloaded before import = 0
Number of asset objects unloaded after import = 0
========================================================================
Received Import Request.
  Time of request: 2026-09-19T15:08:29.9472094Z
  Time since last request: 0.0006492 seconds.
  importAddress: GUID: 079c3d43b74823a41bb33198b8221c23 - Path: Packages/com.unity.collections/Unity.Collections.PerformanceTests/PerformanceTestFrameworkOutputFixedSize.png - Importer: ScriptedImporter/UnityEditor.QuickSearchModule:UnityEditor.Search:ASIAI0B
Importing 'GUID: 079c3d43b74823a41bb33198b8221c23 - Path: Packages/com.unity.collections/Unity.Collections.PerformanceTests/PerformanceTestFrameworkOutputFixedSize.png - Importer: ScriptedImporter/UnityEditor.QuickSearchModule:UnityEditor.Search:ASIAI0B' with importer (ScriptedImporter : UnityEditor.QuickSearchModule:UnityEditor.Search:ASIAI0B)
Imported 'GUID: 079c3d43b74823a41bb33198b8221c23' -> (Import Result ID: '463aee025099616fdfad0249e73ed2d3') in 0.013 seconds [static and dynamic dependencies]. Details - ImportResultOutputID=3190e16674708dfeafbc60bcd562f49d DependenciesID=7be786221fa2f23474535d49c55bf3aa StaticDependenciesID=ec24458e8135f59f24a2ea661bf4354c 
Number of updated asset objects reloaded before import = 0
Number of asset objects unloaded after import = 1
========================================================================
Received Import Request.
  Time of request: 2026-09-19T15:08:29.9890538Z
  Time since last request: 0.0006051 seconds.
  importAddress: GUID: 3e09463226731fa409854248a8059507 - Path: Packages/com.unity.collections/Unity.Collections.CodeGen/CecilExtensionMethods.cs - Importer: ScriptedImporter/UnityEditor.QuickSearchModule:UnityEditor.Search:ASIAI0B
Importing 'GUID: 3e09463226731fa409854248a8059507 - Path: Packages/com.unity.collections/Unity.Collections.CodeGen/CecilExtensionMethods.cs - Importer: ScriptedImporter/UnityEditor.QuickSearchModule:UnityEditor.Search:ASIAI0B' with importer (ScriptedImporter : UnityEditor.QuickSearchModule:UnityEditor.Search:ASIAI0B)
Imported 'GUID: 3e09463226731fa409854248a8059507' -> (Import Result ID: '04dbf0a44ec2e78a830d867b5ba33b77') in 0.004 seconds [static and dynamic dependencies]. Details - ImportResultOutputID=2f5f209f87e66e81f61aa3516b6693a0 DependenciesID=12a9b1c454395ab5f2521689bda549be StaticDependenciesID=44bf1d67a029e686f229309e6c39703a 
Number of updated asset objects reloaded before import = 0
Number of asset objects unloaded after import = 0
========================================================================
Received Import Request.
  Time of request: 2026-09-19T15:08:30.0179303Z
  Time since last request: 0.0006931 seconds.
  importAddress: GUID: 64222b0d0713a412f92762e2fccd795a - Path: Packages/com.unity.collections/Unity.Collections.PerformanceTests/Unity.Collections.PerformanceTests.asmdef - Importer: ScriptedImporter/UnityEditor.QuickSearchModule:UnityEditor.Search:ASIAI0B
Importing 'GUID: 64222b0d0713a412f92762e2fccd795a - Path: Packages/com.unity.collections/Unity.Collections.PerformanceTests/Unity.Collections.PerformanceTests.asmdef - Importer: ScriptedImporter/UnityEditor.QuickSearchModule:UnityEditor.Search:ASIAI0B' with importer (ScriptedImporter : UnityEditor.QuickSearchModule:UnityEditor.Search:ASIAI0B)
Imported 'GUID: 64222b0d0713a412f92762e2fccd795a' -> (Import Result ID: '6443cea247583c749f79371dc83b5954') in 0.005 seconds [static and dynamic dependencies]. Details - ImportResultOutputID=be4976d26887c3cf1348cdfa601ac643 DependenciesID=c3404c634c949b5aa4101a184f7b3b88 StaticDependenciesID=168cba9f4b696048d995e62e87b987a5 
Number of updated asset objects reloaded before import = 0
Number of asset objects unloaded after import = 1
========================================================================
Received Import Request.
  Time of request: 2026-09-19T15:08:30.0451991Z
  Time since last request: 0.000986 seconds.
  importAddress: GUID: 58905de7f0380435aa51db1472b48ca8 - Path: Packages/com.unity.collections/Unity.Collections.Tests/GcAllocRecorderTest.cs - Importer: ScriptedImporter/UnityEditor.QuickSearchModule:UnityEditor.Search:ASIAI0B
Importing 'GUID: 58905de7f0380435aa51db1472b48ca8 - Path: Packages/com.unity.collections/Unity.Collections.Tests/GcAllocRecorderTest.cs - Importer: ScriptedImporter/UnityEditor.QuickSearchModule:UnityEditor.Search:ASIAI0B' with importer (ScriptedImporter : UnityEditor.QuickSearchModule:UnityEditor.Search:ASIAI0B)
Imported 'GUID: 58905de7f0380435aa51db1472b48ca8' -> (Import Result ID: 'ff64ba5e0d15254ca685b5518e263a8b') in 0.003 seconds [static and dynamic dependencies]. Details - ImportResultOutputID=ab3947c0864b2aa3d90617fbaf7f882d DependenciesID=8ed37680203b6555bcc1875eea72a6db StaticDependenciesID=72498fced086077ed3524aca5da7ce28 
Number of updated asset objects reloaded before import = 0
Number of asset objects unloaded after import = 0
========================================================================
Received Import Request.
  Time of request: 2026-09-19T15:08:30.0660667Z
  Time since last request: 0.0006995 seconds.
  importAddress: GUID: 56d662dab3a7e9044a036b9b0a52486e - Path: Packages/com.unity.collections/Unity.Collections.Tests/AllocatorCustomTests.cs - Importer: ScriptedImporter/UnityEditor.QuickSearchModule:UnityEditor.Search:ASIAI0B
Importing 'GUID: 56d662dab3a7e9044a036b9b0a52486e - Path: Packages/com.unity.collections/Unity.Collections.Tests/AllocatorCustomTests.cs - Importer: ScriptedImporter/UnityEditor.QuickSearchModule:UnityEditor.Search:ASIAI0B' with importer (ScriptedImporter : UnityEditor.QuickSearchModule:UnityEditor.Search:ASIAI0B)
Imported 'GUID: 56d662dab3a7e9044a036b9b0a52486e' -> (Import Result ID: '5b85383218c79afe9221506e7c3bf081') in 0.005 seconds [static and dynamic dependencies]. Details - ImportResultOutputID=4bdd78b4a260e59b465af81b559547ff DependenciesID=d32ff484bba80b29404ecb9b0ba21447 StaticDependenciesID=73e9678345cc46986755af453de19eed 
Number of updated asset objects reloaded before import = 0
Number of asset objects unloaded after import = 0
========================================================================
Received Import Request.
  Time of request: 2026-09-19T15:08:30.086807Z
  Time since last request: 0.0007547 seconds.
  importAddress: GUID: c668b7a00ffe56a498ddb1fc9f96f4e6 - Path: Packages/com.unity.collections/Unity.Collections.Editor/Unity.Collections.Editor.asmdef - Importer: ScriptedImporter/UnityEditor.QuickSearchModule:UnityEditor.Search:ASIAI0B
Importing 'GUID: c668b7a00ffe56a498ddb1fc9f96f4e6 - Path: Packages/com.unity.collections/Unity.Collections.Editor/Unity.Collections.Editor.asmdef - Importer: ScriptedImporter/UnityEditor.QuickSearchModule:UnityEditor.Search:ASIAI0B' with importer (ScriptedImporter : UnityEditor.QuickSearchModule:UnityEditor.Search:ASIAI0B)
Imported 'GUID: c668b7a00ffe56a498ddb1fc9f96f4e6' -> (Import Result ID: '08c46e55a3e82fa3f8d5956795853870') in 0.004 seconds [static and dynamic dependencies]. Details - ImportResultOutputID=13f26505cf6499a48c53c535ffbd9c69 DependenciesID=cabd5e9d3de58626c973d259c3e8a8ec StaticDependenciesID=c19509fdc6f97bb9246d37416ea95b93 
Number of updated asset objects reloaded before import = 0
Number of asset objects unloaded after import = 1
========================================================================
Received Import Request.
  Time of request: 2026-09-19T15:08:30.1115392Z
  Time since last request: 0.000529 seconds.
  importAddress: GUID: f9c067f2cfe24ce98e2deecdb0ed12a3 - Path: Packages/com.unity.collections/Unity.Collections/UTF8ArrayUnsafeUtility.cs - Importer: ScriptedImporter/UnityEditor.QuickSearchModule:UnityEditor.Search:ASIAI0B
Importing 'GUID: f9c067f2cfe24ce98e2deecdb0ed12a3 - Path: Packages/com.unity.collections/Unity.Collections/UTF8ArrayUnsafeUtility.cs - Importer: ScriptedImporter/UnityEditor.QuickSearchModule:UnityEditor.Search:ASIAI0B' with importer (ScriptedImporter : UnityEditor.QuickSearchModule:UnityEditor.Search:ASIAI0B)
Imported 'GUID: f9c067f2cfe24ce98e2deecdb0ed12a3' -> (Import Result ID: 'edb74150425cb38f8b5ba16fd407e4f1') in 0.002 seconds [static and dynamic dependencies]. Details - ImportResultOutputID=9132d71b671cf247b90919277ccc038c DependenciesID=34ad9b7134d90fb19950d48f9dae0a93 StaticDependenciesID=73b58921696f8c757949bfa84b2e57e4 
Number of updated asset objects reloaded before import = 0
Number of asset objects unloaded after import = 0
========================================================================
Received Import Request.
  Time of request: 2026-09-19T15:08:30.1312748Z
  Time since last request: 0.0006028 seconds.
  importAddress: GUID: c4e229e46ae5ef544bcc4d2bd131ddab - Path: Packages/com.unity.collections/Unity.Collections.Tests/ListExtensionsTests.cs - Importer: ScriptedImporter/UnityEditor.QuickSearchModule:UnityEditor.Search:ASIAI0B
Importing 'GUID: c4e229e46ae5ef544bcc4d2bd131ddab - Path: Packages/com.unity.collections/Unity.Collections.Tests/ListExtensionsTests.cs - Importer: ScriptedImporter/UnityEditor.QuickSearchModule:UnityEditor.Search:ASIAI0B' with importer (ScriptedImporter : UnityEditor.QuickSearchModule:UnityEditor.Search:ASIAI0B)
Imported 'GUID: c4e229e46ae5ef544bcc4d2bd131ddab' -> (Import Result ID: 'a10d8251b288e19dd344814b0e209707') in 0.003 seconds [static and dynamic dependencies]. Details - ImportResultOutputID=84c3619ed67ee5ee5b80254b4ddac796 DependenciesID=ec6dca4c2030d7dc74573f5fb7c6151e StaticDependenciesID=bd37393f8d6afba39b8cbd11c519ad97 
Number of updated asset objects reloaded before import = 0
Number of asset objects unloaded after import = 0
========================================================================
Received Import Request.
  Time of request: 2026-09-19T15:08:30.1533658Z
  Time since last request: 0.0004851 seconds.
  importAddress: GUID: a3e73147e051c3f448aa8c6a4e07c55b - Path: Packages/com.unity.collections/Unity.Collections.Tests/FixedListTests.gen.cs - Importer: ScriptedImporter/UnityEditor.QuickSearchModule:UnityEditor.Search:ASIAI0B
Importing 'GUID: a3e73147e051c3f448aa8c6a4e07c55b - Path: Packages/com.unity.collections/Unity.Collections.Tests/FixedListTests.gen.cs - Importer: ScriptedImporter/UnityEditor.QuickSearchModule:UnityEditor.Search:ASIAI0B' with importer (ScriptedImporter : UnityEditor.QuickSearchModule:UnityEditor.Search:ASIAI0B)
Imported 'GUID: a3e73147e051c3f448aa8c6a4e07c55b' -> (Import Result ID: '34dbc7c62edee7c7708e52ccb73e9620') in 0.004 seconds [static and dynamic dependencies]. Details - ImportResultOutputID=198922aeed0f39f588441c149baf50ad DependenciesID=351fac9a5b54129feef2859c4a7caad2 StaticDependenciesID=59b4d177126acb8e0b5b77f86246f5d3 
Number of updated asset objects reloaded before import = 0
Number of asset objects unloaded after import = 0
========================================================================
Received Import Request.
  Time of request: 2026-09-19T15:08:30.1776765Z
  Time since last request: 0.0006337 seconds.
  importAddress: GUID: 44913edcb40f4e06a2c16796ccbb82b6 - Path: Packages/com.unity.collections/Unity.Collections/UnsafeText.cs - Importer: ScriptedImporter/UnityEditor.QuickSearchModule:UnityEditor.Search:ASIAI0B
Importing 'GUID: 44913edcb40f4e06a2c16796ccbb82b6 - Path: Packages/com.unity.collections/Unity.Collections/UnsafeText.cs - Importer: ScriptedImporter/UnityEditor.QuickSearchModule:UnityEditor.Search:ASIAI0B' with importer (ScriptedImporter : UnityEditor.QuickSearchModule:UnityEditor.Search:ASIAI0B)
Imported 'GUID: 44913edcb40f4e06a2c16796ccbb82b6' -> (Import Result ID: '33ad8b902e52456f8b6721f55608190e') in 0.004 seconds [static and dynamic dependencies]. Details - ImportResultOutputID=dde9efc442ab881be074304600847bbb DependenciesID=f3597588c8cccb47e0a5ddd8bb7878f4 StaticDependenciesID=dc783ca8f2248effb3207624acea8666 
Number of updated asset objects reloaded before import = 0
Number of asset objects unloaded after import = 0
========================================================================
Received Import Request.
  Time of request: 2026-09-19T15:08:30.1995293Z
  Time since last request: 0.0006813 seconds.
  importAddress: GUID: b672a3eb87f4b4445a169c2d003fcbd3 - Path: Packages/com.unity.collections/Unity.Collections.PerformanceTests/UnsafeListPerformanceTests.cs - Importer: ScriptedImporter/UnityEditor.QuickSearchModule:UnityEditor.Search:ASIAI0B
Importing 'GUID: b672a3eb87f4b4445a169c2d003fcbd3 - Path: Packages/com.unity.collections/Unity.Collections.PerformanceTests/UnsafeListPerformanceTests.cs - Importer: ScriptedImporter/UnityEditor.QuickSearchModule:UnityEditor.Search:ASIAI0B' with importer (ScriptedImporter : UnityEditor.QuickSearchModule:UnityEditor.Search:ASIAI0B)
Imported 'GUID: b672a3eb87f4b4445a169c2d003fcbd3' -> (Import Result ID: 'efa3cda6bae4f22fd46052438ae5030f') in 0.006 seconds [static and dynamic dependencies]. Details - ImportResultOutputID=f68876d81b765dc8be4548021f2c5917 DependenciesID=f087e522d109996e706d037c9dd56bcc StaticDependenciesID=6eeeb8145094e54bb5ec3b069760a7ed 
Number of updated asset objects reloaded before import = 0
Number of asset objects unloaded after import = 0
========================================================================
Received Import Request.
  Time of request: 2026-09-19T15:08:30.222483Z
  Time since last request: 0.0005816 seconds.
  importAddress: GUID: 7d464d1935bb3084cbed9d87692699cf - Path: Packages/com.unity.collections/Unity.Collections.Tests/CustomContainerTests.cs - Importer: ScriptedImporter/UnityEditor.QuickSearchModule:UnityEditor.Search:ASIAI0B
Importing 'GUID: 7d464d1935bb3084cbed9d87692699cf - Path: Packages/com.unity.collections/Unity.Collections.Tests/CustomContainerTests.cs - Importer: ScriptedImporter/UnityEditor.QuickSearchModule:UnityEditor.Search:ASIAI0B' with importer (ScriptedImporter : UnityEditor.QuickSearchModule:UnityEditor.Search:ASIAI0B)
Imported 'GUID: 7d464d1935bb3084cbed9d87692699cf' -> (Import Result ID: '9fe0b78816daa4327ec40c97ecb1d708') in 0.004 seconds [static and dynamic dependencies]. Details - ImportResultOutputID=17bb4528d5e4490617aba4a6c45e55f3 DependenciesID=773f9674cd8cc57f67a62d3c1e567d4e StaticDependenciesID=580fb7a2b5d205507674407ea61811f0 
Number of updated asset objects reloaded before import = 0
Number of asset objects unloaded after import = 0
========================================================================
Received Import Request.
  Time of request: 2026-09-19T15:08:30.2462554Z
  Time since last request: 0.0007255 seconds.
  importAddress: GUID: 4668a20175cc94ab284013b3a4ce4a9e - Path: Packages/com.unity.collections/Unity.Collections.Tests/EmbeddedPackageOnlyTestAttribute.cs - Importer: ScriptedImporter/UnityEditor.QuickSearchModule:UnityEditor.Search:ASIAI0B
Importing 'GUID: 4668a20175cc94ab284013b3a4ce4a9e - Path: Packages/com.unity.collections/Unity.Collections.Tests/EmbeddedPackageOnlyTestAttribute.cs - Importer: ScriptedImporter/UnityEditor.QuickSearchModule:UnityEditor.Search:ASIAI0B' with importer (ScriptedImporter : UnityEditor.QuickSearchModule:UnityEditor.Search:ASIAI0B)
Imported 'GUID: 4668a20175cc94ab284013b3a4ce4a9e' -> (Import Result ID: '9c38ff26cbcfdc55d593dc458e9bfe38') in 0.003 seconds [static and dynamic dependencies]. Details - ImportResultOutputID=c067c34b6b5841858ef7e8892f97d909 DependenciesID=0b7f6c15516fc1099763d91ae0db93d0 StaticDependenciesID=6c170bbaddce54bea1fbdb3ac11ac451 
Number of updated asset objects reloaded before import = 0
Number of asset objects unloaded after import = 0
========================================================================
Received Import Request.
  Time of request: 2026-09-19T15:08:30.283929Z
  Time since last request: 0.0153017 seconds.
  importAddress: GUID: 073d9e43aff74464ab326f22b63d0dce - Path: Packages/com.unity.collections/Unity.Collections.Tests/NativeParallelHashMapTestsFixture.cs - Importer: ScriptedImporter/UnityEditor.QuickSearchModule:UnityEditor.Search:ASIAI0B
Importing 'GUID: 073d9e43aff74464ab326f22b63d0dce - Path: Packages/com.unity.collections/Unity.Collections.Tests/NativeParallelHashMapTestsFixture.cs - Importer: ScriptedImporter/UnityEditor.QuickSearchModule:UnityEditor.Search:ASIAI0B' with importer (ScriptedImporter : UnityEditor.QuickSearchModule:UnityEditor.Search:ASIAI0B)
Imported 'GUID: 073d9e43aff74464ab326f22b63d0dce' -> (Import Result ID: '32720a0c1368af7850e2d2899c2af7d3') in 0.003 seconds [static and dynamic dependencies]. Details - ImportResultOutputID=72ed67c1b679d2f3a3a65819f2b423ec DependenciesID=ab7d71309f14025abcb5596ecaac6769 StaticDependenciesID=13d5325a278aede19d4f70cb78871bd8 
Number of updated asset objects reloaded before import = 0
Number of asset objects unloaded after import = 0
========================================================================
Received Import Request.
  Time of request: 2026-09-19T15:08:30.3072214Z
  Time since last request: 0.0009156 seconds.
  importAddress: GUID: c30fe0e64fef64239b70bb447e82e4a8 - Path: Packages/com.unity.collections/Unity.Collections.Tests/NativeParallelHashMapTests_InJobs.cs - Importer: ScriptedImporter/UnityEditor.QuickSearchModule:UnityEditor.Search:ASIAI0B
Importing 'GUID: c30fe0e64fef64239b70bb447e82e4a8 - Path: Packages/com.unity.collections/Unity.Collections.Tests/NativeParallelHashMapTests_InJobs.cs - Importer: ScriptedImporter/UnityEditor.QuickSearchModule:UnityEditor.Search:ASIAI0B' with importer (ScriptedImporter : UnityEditor.QuickSearchModule:UnityEditor.Search:ASIAI0B)
Imported 'GUID: c30fe0e64fef64239b70bb447e82e4a8' -> (Import Result ID: '988e67343c428dcae4dcfa5378a1adf1') in 0.003 seconds [static and dynamic dependencies]. Details - ImportResultOutputID=8863bbacc797989dae507294de0b1d48 DependenciesID=51f05fd4535d9b4263635ba5c3fb7beb StaticDependenciesID=2edf93c0e4248131e620746e0ef06521 
Number of updated asset objects reloaded before import = 0
Number of asset objects unloaded after import = 0
========================================================================
Received Import Request.
  Time of request: 2026-09-19T15:08:30.3270589Z
  Time since last request: 0.0005968 seconds.
  importAddress: GUID: 71e8c199da900544d92b3155f4165bba - Path: Packages/com.unity.collections/Unity.Collections.Tests/UnsafeBitArrayTests.cs - Importer: ScriptedImporter/UnityEditor.QuickSearchModule:UnityEditor.Search:ASIAI0B
Importing 'GUID: 71e8c199da900544d92b3155f4165bba - Path: Packages/com.unity.collections/Unity.Collections.Tests/UnsafeBitArrayTests.cs - Importer: ScriptedImporter/UnityEditor.QuickSearchModule:UnityEditor.Search:ASIAI0B' with importer (ScriptedImporter : UnityEditor.QuickSearchModule:UnityEditor.Search:ASIAI0B)
Imported 'GUID: 71e8c199da900544d92b3155f4165bba' -> (Import Result ID: '78204af4254ec89c768f8f9768cc57e8') in 0.003 seconds [static and dynamic dependencies]. Details - ImportResultOutputID=f6eb41f23519b15216738094226de999 DependenciesID=2536690b6a3b6d6543970ad148da8da8 StaticDependenciesID=b1519f6ef4e8b1c7519fb1c886a2443c 
Number of updated asset objects reloaded before import = 0
Number of asset objects unloaded after import = 0
========================================================================
Received Import Request.
  Time of request: 2026-09-19T15:08:30.3477646Z
  Time since last request: 0.000611 seconds.
  importAddress: GUID: 54ed1315d43524f428aeb6d72cd16cc0 - Path: Packages/com.unity.collections/Unity.Collections.Tests/NativeQueueTests_InJobs.cs - Importer: ScriptedImporter/UnityEditor.QuickSearchModule:UnityEditor.Search:ASIAI0B
Importing 'GUID: 54ed1315d43524f428aeb6d72cd16cc0 - Path: Packages/com.unity.collections/Unity.Collections.Tests/NativeQueueTests_InJobs.cs - Importer: ScriptedImporter/UnityEditor.QuickSearchModule:UnityEditor.Search:ASIAI0B' with importer (ScriptedImporter : UnityEditor.QuickSearchModule:UnityEditor.Search:ASIAI0B)
Imported 'GUID: 54ed1315d43524f428aeb6d72cd16cc0' -> (Import Result ID: '53f68e3209294f965af11e3ba628a50b') in 0.003 seconds [static and dynamic dependencies]. Details - ImportResultOutputID=379013dcfb6e9b91e88c5423b9bd6eb3 DependenciesID=bd2405a7d4f062466b67815a8f6b3870 StaticDependenciesID=043cbe8adf2cb195ff76b4a9b29508b7 
Number of updated asset objects reloaded before import = 0
Number of asset objects unloaded after import = 0
========================================================================
Received Import Request.
  Time of request: 2026-09-19T15:08:30.3671451Z
  Time since last request: 0.0007073 seconds.
  importAddress: GUID: 1ddc4d01f93629947903155de21d90ff - Path: Packages/com.unity.collections/Unity.Collections.Tests/NativeBitArrayTests.cs - Importer: ScriptedImporter/UnityEditor.QuickSearchModule:UnityEditor.Search:ASIAI0B
Importing 'GUID: 1ddc4d01f93629947903155de21d90ff - Path: Packages/com.unity.collections/Unity.Collections.Tests/NativeBitArrayTests.cs - Importer: ScriptedImporter/UnityEditor.QuickSearchModule:UnityEditor.Search:ASIAI0B' with importer (ScriptedImporter : UnityEditor.QuickSearchModule:UnityEditor.Search:ASIAI0B)
Imported 'GUID: 1ddc4d01f93629947903155de21d90ff' -> (Import Result ID: '89ee6d4fa041f7d1276e3c743d7af285') in 0.002 seconds [static and dynamic dependencies]. Details - ImportResultOutputID=60127c000a166942889966a4c65ce8f4 DependenciesID=64bbc9a8c8b84b728a5122635181e4c2 StaticDependenciesID=9b97bdb985f242df136e5907ac979181 
Number of updated asset objects reloaded before import = 0
Number of asset objects unloaded after import = 0
========================================================================
Received Import Request.
  Time of request: 2026-09-19T15:08:30.3850798Z
  Time since last request: 0.0011537 seconds.
  importAddress: GUID: 0b998d1d480ff8743817da102884ab16 - Path: Packages/com.unity.collections/Unity.Collections.Tests/NativeTextTests.cs - Importer: ScriptedImporter/UnityEditor.QuickSearchModule:UnityEditor.Search:ASIAI0B
Importing 'GUID: 0b998d1d480ff8743817da102884ab16 - Path: Packages/com.unity.collections/Unity.Collections.Tests/NativeTextTests.cs - Importer: ScriptedImporter/UnityEditor.QuickSearchModule:UnityEditor.Search:ASIAI0B' with importer (ScriptedImporter : UnityEditor.QuickSearchModule:UnityEditor.Search:ASIAI0B)
Imported 'GUID: 0b998d1d480ff8743817da102884ab16' -> (Import Result ID: 'fe7bba580a1c85eae7dd134e87380687') in 0.002 seconds [static and dynamic dependencies]. Details - ImportResultOutputID=1d9bd5c2da7deffd7b90373d2e4ce34b DependenciesID=84274e1f82babb4c4a9666c2d2448df4 StaticDependenciesID=3f3f110b6e05c1268e3e45afb43303bc 
Number of updated asset objects reloaded before import = 0
Number of asset objects unloaded after import = 0
========================================================================
Received Import Request.
  Time of request: 2026-09-19T15:08:30.4062608Z
  Time since last request: 0.0006038 seconds.
  importAddress: GUID: fc59d1e6c6d24a569be25eea553b326f - Path: Packages/com.unity.collections/Unity.Collections.Tests/UnsafeTextTests.cs - Importer: ScriptedImporter/UnityEditor.QuickSearchModule:UnityEditor.Search:ASIAI0B
Importing 'GUID: fc59d1e6c6d24a569be25eea553b326f - Path: Packages/com.unity.collections/Unity.Collections.Tests/UnsafeTextTests.cs - Importer: ScriptedImporter/UnityEditor.QuickSearchModule:UnityEditor.Search:ASIAI0B' with importer (ScriptedImporter : UnityEditor.QuickSearchModule:UnityEditor.Search:ASIAI0B)
Imported 'GUID: fc59d1e6c6d24a569be25eea553b326f' -> (Import Result ID: '3ad81ea8f5b8b24534b90904d9964ec6') in 0.003 seconds [static and dynamic dependencies]. Details - ImportResultOutputID=e70bda0b0285705c30ec7a23fe1385ea DependenciesID=8cd3b84559cf7f83791c4e22e59fd29e StaticDependenciesID=54f4f1ae9b82e3767a38d732190ee61f 
Number of updated asset objects reloaded before import = 0
Number of asset objects unloaded after import = 0
========================================================================
Received Import Request.
  Time of request: 2026-09-19T15:08:30.4276184Z
  Time since last request: 0.000536 seconds.
  importAddress: GUID: cded6950a1396c145bf6687a3a482b50 - Path: Packages/com.unity.collections/Unity.Collections.PerformanceTests/Unity.PerformanceTesting.Benchmark/BenchmarkAttributes.cs - Importer: ScriptedImporter/UnityEditor.QuickSearchModule:UnityEditor.Search:ASIAI0B
Importing 'GUID: cded6950a1396c145bf6687a3a482b50 - Path: Packages/com.unity.collections/Unity.Collections.PerformanceTests/Unity.PerformanceTesting.Benchmark/BenchmarkAttributes.cs - Importer: ScriptedImporter/UnityEditor.QuickSearchModule:UnityEditor.Search:ASIAI0B' with importer (ScriptedImporter : UnityEditor.QuickSearchModule:UnityEditor.Search:ASIAI0B)
Imported 'GUID: cded6950a1396c145bf6687a3a482b50' -> (Import Result ID: '9331305669eea55cd26b09a21ec260e1') in 0.002 seconds [static and dynamic dependencies]. Details - ImportResultOutputID=435841f6f5cf65d931cc3eba9b756b09 DependenciesID=c7c68d991d99de43180c4d332d839411 StaticDependenciesID=a2e958de59ac53aab36ed80fb56359d6 
Number of updated asset objects reloaded before import = 0
Number of asset objects unloaded after import = 0
========================================================================
Received Import Request.
  Time of request: 2026-09-19T15:08:30.4462011Z
  Time since last request: 0.0005504 seconds.
  importAddress: GUID: bead43d474a87b742a2b136a8b41e26b - Path: Packages/com.unity.collections/Unity.Collections.Tests/NativeHashSetTests.tt - Importer: ScriptedImporter/UnityEditor.QuickSearchModule:UnityEditor.Search:ASIAI0B
Importing 'GUID: bead43d474a87b742a2b136a8b41e26b - Path: Packages/com.unity.collections/Unity.Collections.Tests/NativeHashSetTests.tt - Importer: ScriptedImporter/UnityEditor.QuickSearchModule:UnityEditor.Search:ASIAI0B' with importer (ScriptedImporter : UnityEditor.QuickSearchModule:UnityEditor.Search:ASIAI0B)
Imported 'GUID: bead43d474a87b742a2b136a8b41e26b' -> (Import Result ID: 'b80a32b5c071295077950291d9385832') in 0.003 seconds [static and dynamic dependencies]. Details - ImportResultOutputID=c8642bed67c7949875c304c78e70a47c DependenciesID=a156fefbe1a7dc67077cec5e16b8e625 StaticDependenciesID=f4d9846da5d9295a86afa6b92f9d4bd4 
Number of updated asset objects reloaded before import = 0
Number of asset objects unloaded after import = 1
========================================================================
Received Import Request.
  Time of request: 2026-09-19T15:08:30.4662152Z
  Time since last request: 0.0006567 seconds.
  importAddress: GUID: 852087422f7ffd8438353fe6f69ee201 - Path: Packages/com.unity.collections/Unity.Collections.PerformanceTests/Unity.PerformanceTesting.Benchmark/BenchmarkReportData.cs - Importer: ScriptedImporter/UnityEditor.QuickSearchModule:UnityEditor.Search:ASIAI0B
Importing 'GUID: 852087422f7ffd8438353fe6f69ee201 - Path: Packages/com.unity.collections/Unity.Collections.PerformanceTests/Unity.PerformanceTesting.Benchmark/BenchmarkReportData.cs - Importer: ScriptedImporter/UnityEditor.QuickSearchModule:UnityEditor.Search:ASIAI0B' with importer (ScriptedImporter : UnityEditor.QuickSearchModule:UnityEditor.Search:ASIAI0B)
Imported 'GUID: 852087422f7ffd8438353fe6f69ee201' -> (Import Result ID: '1da6cc65254aac07180af2e0ee0a29cc') in 0.003 seconds [static and dynamic dependencies]. Details - ImportResultOutputID=afe125218030ba557250f4d94d80fc8c DependenciesID=e37472a90f3cef14eb50486e9eeb8925 StaticDependenciesID=f87797edab96d3f75ce14f99adaf1161 
Number of updated asset objects reloaded before import = 0
Number of asset objects unloaded after import = 0
========================================================================
Received Import Request.
  Time of request: 2026-09-19T15:08:30.4894101Z
  Time since last request: 0.0006331 seconds.
  importAddress: GUID: 4bd84e58bd56f496990c0624dfe88a1a - Path: Packages/com.unity.collections/Unity.Collections.Tests/NativeParallelHashMapTests.cs - Importer: ScriptedImporter/UnityEditor.QuickSearchModule:UnityEditor.Search:ASIAI0B
Importing 'GUID: 4bd84e58bd56f496990c0624dfe88a1a - Path: Packages/com.unity.collections/Unity.Collections.Tests/NativeParallelHashMapTests.cs - Importer: ScriptedImporter/UnityEditor.QuickSearchModule:UnityEditor.Search:ASIAI0B' with importer (ScriptedImporter : UnityEditor.QuickSearchModule:UnityEditor.Search:ASIAI0B)
Imported 'GUID: 4bd84e58bd56f496990c0624dfe88a1a' -> (Import Result ID: '38dff6c99ce93332e1c84ef8260c8c26') in 0.003 seconds [static and dynamic dependencies]. Details - ImportResultOutputID=519b57ae0cdc5165f0205d132c530fe4 DependenciesID=c3caf6a5eb06906d73780283d547987f StaticDependenciesID=635c03218b581af1ee2cd34ea7d8a8fe 
Number of updated asset objects reloaded before import = 0
Number of asset objects unloaded after import = 0
========================================================================
Received Import Request.
  Time of request: 2026-09-19T15:08:30.5084147Z
  Time since last request: 0.0005363 seconds.
  importAddress: GUID: 586151f33b0f56d4e982fc9661d27323 - Path: Packages/com.unity.collections/Unity.Collections.Tests/UnsafeAtomicCounterTests.cs - Importer: ScriptedImporter/UnityEditor.QuickSearchModule:UnityEditor.Search:ASIAI0B
Importing 'GUID: 586151f33b0f56d4e982fc9661d27323 - Path: Packages/com.unity.collections/Unity.Collections.Tests/UnsafeAtomicCounterTests.cs - Importer: ScriptedImporter/UnityEditor.QuickSearchModule:UnityEditor.Search:ASIAI0B' with importer (ScriptedImporter : UnityEditor.QuickSearchModule:UnityEditor.Search:ASIAI0B)
Imported 'GUID: 586151f33b0f56d4e982fc9661d27323' -> (Import Result ID: '7542af860be119058c2d492568645b0a') in 0.003 seconds [static and dynamic dependencies]. Details - ImportResultOutputID=6bb102aa61c700c76cbefe297dc21b3d DependenciesID=280e5acfe765905fa0b128afe079dd2e StaticDependenciesID=75a921401849485f8908eda9ee0bb3a6 
Number of updated asset objects reloaded before import = 0
Number of asset objects unloaded after import = 0
========================================================================
Received Import Request.
  Time of request: 2026-09-19T15:08:30.5323646Z
  Time since last request: 0.0005783 seconds.
  importAddress: GUID: 4af3ca04cfb2f4b2e91ba58bc5adc6af - Path: Packages/com.unity.collections/Unity.Collections.Tests/NativeContainerTests_ValidateTypes_JobDebugger.cs - Importer: ScriptedImporter/UnityEditor.QuickSearchModule:UnityEditor.Search:ASIAI0B
Importing 'GUID: 4af3ca04cfb2f4b2e91ba58bc5adc6af - Path: Packages/com.unity.collections/Unity.Collections.Tests/NativeContainerTests_ValidateTypes_JobDebugger.cs - Importer: ScriptedImporter/UnityEditor.QuickSearchModule:UnityEditor.Search:ASIAI0B' with importer (ScriptedImporter : UnityEditor.QuickSearchModule:UnityEditor.Search:ASIAI0B)
Imported 'GUID: 4af3ca04cfb2f4b2e91ba58bc5adc6af' -> (Import Result ID: 'cb179b76c54fab2273032592ffb4fdde') in 0.003 seconds [static and dynamic dependencies]. Details - ImportResultOutputID=b4b7aebf482a1212d5444af98e105076 DependenciesID=25fcdc9e542da8f392af780280b16bdf StaticDependenciesID=9a5b00c915f62d07d143c71bf37c0c3e 
Number of updated asset objects reloaded before import = 0
Number of asset objects unloaded after import = 0
========================================================================
Received Import Request.
  Time of request: 2026-09-19T15:08:30.5496286Z
  Time since last request: 0.0006273 seconds.
  importAddress: GUID: bb38f6025ca13a74bb896b504219a393 - Path: Packages/com.unity.collections/Unity.Collections.Tests/NativeParallelMultiHashMapTests.cs - Importer: ScriptedImporter/UnityEditor.QuickSearchModule:UnityEditor.Search:ASIAI0B
Importing 'GUID: bb38f6025ca13a74bb896b504219a393 - Path: Packages/com.unity.collections/Unity.Collections.Tests/NativeParallelMultiHashMapTests.cs - Importer: ScriptedImporter/UnityEditor.QuickSearchModule:UnityEditor.Search:ASIAI0B' with importer (ScriptedImporter : UnityEditor.QuickSearchModule:UnityEditor.Search:ASIAI0B)
Imported 'GUID: bb38f6025ca13a74bb896b504219a393' -> (Import Result ID: 'e004a3acb9df7049e6f0fffefb7b5276') in 0.003 seconds [static and dynamic dependencies]. Details - ImportResultOutputID=9909e419385cb159f0b9ea18c9d17a98 DependenciesID=12589a05d38039197c241dce00bc21ac StaticDependenciesID=51da64c342ccf30257ee7cee172d7486 
Number of updated asset objects reloaded before import = 0
Number of asset objects unloaded after import = 0
========================================================================
Received Import Request.
  Time of request: 2026-09-19T15:08:30.5740985Z
  Time since last request: 0.0005168 seconds.
  importAddress: GUID: 53aefa1beff7b494badc217b913bb5b0 - Path: Packages/com.unity.collections/Unity.Collections.Tests/NativeHashSetTests.gen.cs - Importer: ScriptedImporter/UnityEditor.QuickSearchModule:UnityEditor.Search:ASIAI0B
Importing 'GUID: 53aefa1beff7b494badc217b913bb5b0 - Path: Packages/com.unity.collections/Unity.Collections.Tests/NativeHashSetTests.gen.cs - Importer: ScriptedImporter/UnityEditor.QuickSearchModule:UnityEditor.Search:ASIAI0B' with importer (ScriptedImporter : UnityEditor.QuickSearchModule:UnityEditor.Search:ASIAI0B)
Imported 'GUID: 53aefa1beff7b494badc217b913bb5b0' -> (Import Result ID: 'f3a3f9b7136689949c5ad855087f5a90') in 0.004 seconds [static and dynamic dependencies]. Details - ImportResultOutputID=e8bcf99787cc78103f22b28c96d1bed4 DependenciesID=ae59de200ff8802c467c577c11ad0e05 StaticDependenciesID=6787af14ed2fa40cac0145a9e8d56bdd 
Number of updated asset objects reloaded before import = 0
Number of asset objects unloaded after import = 0
========================================================================
Received Import Request.
  Time of request: 2026-09-19T15:08:30.5943261Z
  Time since last request: 0.0004644 seconds.
  importAddress: GUID: cfd952b600713ff42a2db6d5c8228f8c - Path: Packages/com.unity.collections/Unity.Collections.Tests/NativeHashMapTests.cs - Importer: ScriptedImporter/UnityEditor.QuickSearchModule:UnityEditor.Search:ASIAI0B
Importing 'GUID: cfd952b600713ff42a2db6d5c8228f8c - Path: Packages/com.unity.collections/Unity.Collections.Tests/NativeHashMapTests.cs - Importer: ScriptedImporter/UnityEditor.QuickSearchModule:UnityEditor.Search:ASIAI0B' with importer (ScriptedImporter : UnityEditor.QuickSearchModule:UnityEditor.Search:ASIAI0B)
Imported 'GUID: cfd952b600713ff42a2db6d5c8228f8c' -> (Import Result ID: 'dd0fa4aba797a6432c61a32418d3af31') in 0.004 seconds [static and dynamic dependencies]. Details - ImportResultOutputID=7d605feb91fbce384bcc4374171dfc94 DependenciesID=61dfaf1ac2dff64c0d78b58a02e99f2d StaticDependenciesID=9c59cd34d6566ada6604db67e2029963 
Number of updated asset objects reloaded before import = 0
Number of asset objects unloaded after import = 0
========================================================================
Received Import Request.
  Time of request: 2026-09-19T15:08:30.6172999Z
  Time since last request: 0.0007359 seconds.
  importAddress: GUID: 05a99ad2800ad2f49b22ab35d999bfc7 - Path: Packages/com.unity.collections/Unity.Collections/Jobs/EarlyInitHelpers.cs - Importer: ScriptedImporter/UnityEditor.QuickSearchModule:UnityEditor.Search:ASIAI0B
Importing 'GUID: 05a99ad2800ad2f49b22ab35d999bfc7 - Path: Packages/com.unity.collections/Unity.Collections/Jobs/EarlyInitHelpers.cs - Importer: ScriptedImporter/UnityEditor.QuickSearchModule:UnityEditor.Search:ASIAI0B' with importer (ScriptedImporter : UnityEditor.QuickSearchModule:UnityEditor.Search:ASIAI0B)
Imported 'GUID: 05a99ad2800ad2f49b22ab35d999bfc7' -> (Import Result ID: '02353b6418fc719301ecdc2aaacbbdf6') in 0.003 seconds [static and dynamic dependencies]. Details - ImportResultOutputID=295db5eb70ecac276e41981e95698510 DependenciesID=d63c0ac9501e6aa2ce3c76c940ddb489 StaticDependenciesID=54837fc9822f0b49cf2ba4b525299338 
Number of updated asset objects reloaded before import = 0
Number of asset objects unloaded after import = 0
========================================================================
Received Import Request.
  Time of request: 2026-09-19T15:08:30.6401303Z
  Time since last request: 0.000618 seconds.
  importAddress: GUID: ff0ba7aa14bc81c4cb4b1c28cd3460ed - Path: Packages/com.unity.collections/Unity.Collections.Tests/NativeSortTests.gen.cs - Importer: ScriptedImporter/UnityEditor.QuickSearchModule:UnityEditor.Search:ASIAI0B
Importing 'GUID: ff0ba7aa14bc81c4cb4b1c28cd3460ed - Path: Packages/com.unity.collections/Unity.Collections.Tests/NativeSortTests.gen.cs - Importer: ScriptedImporter/UnityEditor.QuickSearchModule:UnityEditor.Search:ASIAI0B' with importer (ScriptedImporter : UnityEditor.QuickSearchModule:UnityEditor.Search:ASIAI0B)
Imported 'GUID: ff0ba7aa14bc81c4cb4b1c28cd3460ed' -> (Import Result ID: 'e61410ab8f8a627375c60239a56bc6c3') in 0.003 seconds [static and dynamic dependencies]. Details - ImportResultOutputID=92b4e528f49d58d2c8adbff306095848 DependenciesID=e3a88f216fccb5567a4ed1afa327d3e9 StaticDependenciesID=ba8bc004cfe2c9755dea7f3010e24d58 
Number of updated asset objects reloaded before import = 0
Number of asset objects unloaded after import = 0
========================================================================
Received Import Request.
  Time of request: 2026-09-19T15:08:30.6611602Z
  Time since last request: 0.0005119 seconds.
  importAddress: GUID: c3f9809ba4de01446ae82a0e4f3da278 - Path: Packages/com.unity.collections/Unity.Collections/Jobs/IJobFilter.cs - Importer: ScriptedImporter/UnityEditor.QuickSearchModule:UnityEditor.Search:ASIAI0B
Importing 'GUID: c3f9809ba4de01446ae82a0e4f3da278 - Path: Packages/com.unity.collections/Unity.Collections/Jobs/IJobFilter.cs - Importer: ScriptedImporter/UnityEditor.QuickSearchModule:UnityEditor.Search:ASIAI0B' with importer (ScriptedImporter : UnityEditor.QuickSearchModule:UnityEditor.Search:ASIAI0B)
Imported 'GUID: c3f9809ba4de01446ae82a0e4f3da278' -> (Import Result ID: '1c4db710097ee537f5bb7f80daf672f9') in 0.003 seconds [static and dynamic dependencies]. Details - ImportResultOutputID=44b97b408c443cb54edb48ac751580a6 DependenciesID=99b39002aef8107f5ed8e77353c8803b StaticDependenciesID=9acaa9e587838791ca6db0f93c55e649 
Number of updated asset objects reloaded before import = 0
Number of asset objects unloaded after import = 0
========================================================================
Received Import Request.
  Time of request: 2026-09-19T15:08:30.6826125Z
  Time since last request: 0.0005812 seconds.
  importAddress: GUID: bab7c0ffc204a4a66b298944fa98b4ec - Path: Packages/com.unity.collections/Unity.Collections.Tests/NativeParallelMultiHashMapTestsFixture.cs - Importer: ScriptedImporter/UnityEditor.QuickSearchModule:UnityEditor.Search:ASIAI0B
Importing 'GUID: bab7c0ffc204a4a66b298944fa98b4ec - Path: Packages/com.unity.collections/Unity.Collections.Tests/NativeParallelMultiHashMapTestsFixture.cs - Importer: ScriptedImporter/UnityEditor.QuickSearchModule:UnityEditor.Search:ASIAI0B' with importer (ScriptedImporter : UnityEditor.QuickSearchModule:UnityEditor.Search:ASIAI0B)
Imported 'GUID: bab7c0ffc204a4a66b298944fa98b4ec' -> (Import Result ID: '5c822c3f0849e1df63f807b6f0756ea3') in 0.003 seconds [static and dynamic dependencies]. Details - ImportResultOutputID=58b39f5808a314c6c7e2bfdeef28ce55 DependenciesID=9d8f458fc66e70022462ed9f2c44c365 StaticDependenciesID=eeaafe2ae0a36d62ac45e738d6a6cf50 
Number of updated asset objects reloaded before import = 0
Number of asset objects unloaded after import = 0
========================================================================
Received Import Request.
  Time of request: 2026-09-19T15:08:30.7040789Z
  Time since last request: 0.0007421 seconds.
  importAddress: GUID: 4dc2e5d287a58464b9af31aabf8a6cab - Path: Packages/com.unity.collections/Unity.Collections.PerformanceTests/Unity.PerformanceTesting.Benchmark/BenchmarkRunner.cs - Importer: ScriptedImporter/UnityEditor.QuickSearchModule:UnityEditor.Search:ASIAI0B
Importing 'GUID: 4dc2e5d287a58464b9af31aabf8a6cab - Path: Packages/com.unity.collections/Unity.Collections.PerformanceTests/Unity.PerformanceTesting.Benchmark/BenchmarkRunner.cs - Importer: ScriptedImporter/UnityEditor.QuickSearchModule:UnityEditor.Search:ASIAI0B' with importer (ScriptedImporter : UnityEditor.QuickSearchModule:UnityEditor.Search:ASIAI0B)
Imported 'GUID: 4dc2e5d287a58464b9af31aabf8a6cab' -> (Import Result ID: '977c37ff9452806dd0a335f3a63b65c0') in 0.004 seconds [static and dynamic dependencies]. Details - ImportResultOutputID=b4c5a1cf40e1a1631eeef8885df0b0e9 DependenciesID=1b664e43755ff3a5dfd83903873516ab StaticDependenciesID=e0892376ae5dda6c2dc4aacc795dce8e 
Number of updated asset objects reloaded before import = 0
Number of asset objects unloaded after import = 0
========================================================================
Received Import Request.
  Time of request: 2026-09-19T15:08:30.7459514Z
  Time since last request: 0.0196879 seconds.
  importAddress: GUID: e4c8094ce73742d79e92d10007f8e55b - Path: Packages/com.unity.searcher/Editor/Searcher/SearcherHighlighter.cs - Importer: ScriptedImporter/UnityEditor.QuickSearchModule:UnityEditor.Search:ASIAI0B
Importing 'GUID: e4c8094ce73742d79e92d10007f8e55b - Path: Packages/com.unity.searcher/Editor/Searcher/SearcherHighlighter.cs - Importer: ScriptedImporter/UnityEditor.QuickSearchModule:UnityEditor.Search:ASIAI0B' with importer (ScriptedImporter : UnityEditor.QuickSearchModule:UnityEditor.Search:ASIAI0B)
Imported 'GUID: e4c8094ce73742d79e92d10007f8e55b' -> (Import Result ID: '35c0456e643f75d0abd8392e1c5acec8') in 0.003 seconds [static and dynamic dependencies]. Details - ImportResultOutputID=908916bcc9082872aef75c11e3df3ba8 DependenciesID=4b85fc3598d9d91d020cf242d291320f StaticDependenciesID=4b509081251ee48b69e28a7a9e7f31c6 
Number of updated asset objects reloaded before import = 0
Number of asset objects unloaded after import = 0
========================================================================
Received Import Request.
  Time of request: 2026-09-19T15:08:30.7653041Z
  Time since last request: 0.0007005 seconds.
  importAddress: GUID: 80a939763935fdd40bf953a1e49678cf - Path: Packages/com.unity.nuget.mono-cecil/Mono.Cecil.Pdb.dll - Importer: ScriptedImporter/UnityEditor.QuickSearchModule:UnityEditor.Search:ASIAI0B
Importing 'GUID: 80a939763935fdd40bf953a1e49678cf - Path: Packages/com.unity.nuget.mono-cecil/Mono.Cecil.Pdb.dll - Importer: ScriptedImporter/UnityEditor.QuickSearchModule:UnityEditor.Search:ASIAI0B' with importer (ScriptedImporter : UnityEditor.QuickSearchModule:UnityEditor.Search:ASIAI0B)
Imported 'GUID: 80a939763935fdd40bf953a1e49678cf' -> (Import Result ID: 'c8998ebe180f8373788e3b1cc7032489') in 0.004 seconds [static and dynamic dependencies]. Details - ImportResultOutputID=6557a0332a7af5636de7b7cb30495ad2 DependenciesID=d55293fb1598b2cf591196476601d74e StaticDependenciesID=51a40d41615914d5826db12e2d8ad8e9 
Number of updated asset objects reloaded before import = 0
Number of asset objects unloaded after import = 0
========================================================================
Received Import Request.
  Time of request: 2026-09-19T15:08:30.7849392Z
  Time since last request: 0.0006741 seconds.
  importAddress: GUID: 1eb7e6f92b1d7d64ba0a48ea751728f3 - Path: Packages/com.unity.nuget.mono-cecil/CHANGELOG.md - Importer: ScriptedImporter/UnityEditor.QuickSearchModule:UnityEditor.Search:ASIAI0B
Importing 'GUID: 1eb7e6f92b1d7d64ba0a48ea751728f3 - Path: Packages/com.unity.nuget.mono-cecil/CHANGELOG.md - Importer: ScriptedImporter/UnityEditor.QuickSearchModule:UnityEditor.Search:ASIAI0B' with importer (ScriptedImporter : UnityEditor.QuickSearchModule:UnityEditor.Search:ASIAI0B)
Imported 'GUID: 1eb7e6f92b1d7d64ba0a48ea751728f3' -> (Import Result ID: '5b8d43cc00e3e56496ee94b1a8784ffc') in 0.003 seconds [static and dynamic dependencies]. Details - ImportResultOutputID=5d5f6e970ea2eb7c1da2121baec50da7 DependenciesID=dc38c9f09659dd6af709985452dd1ca1 StaticDependenciesID=b404c0486d12f503042a04d10d7a0aab 
Number of updated asset objects reloaded before import = 0
Number of asset objects unloaded after import = 1
========================================================================
Received Import Request.
  Time of request: 2026-09-19T15:08:30.8057549Z
  Time since last request: 0.0007532 seconds.
  importAddress: GUID: 192a998b912484856a34120268cfbfc9 - Path: Packages/com.unity.nuget.mono-cecil/Third Party Notices.md - Importer: ScriptedImporter/UnityEditor.QuickSearchModule:UnityEditor.Search:ASIAI0B
Importing 'GUID: 192a998b912484856a34120268cfbfc9 - Path: Packages/com.unity.nuget.mono-cecil/Third Party Notices.md - Importer: ScriptedImporter/UnityEditor.QuickSearchModule:UnityEditor.Search:ASIAI0B' with importer (ScriptedImporter : UnityEditor.QuickSearchModule:UnityEditor.Search:ASIAI0B)
Imported 'GUID: 192a998b912484856a34120268cfbfc9' -> (Import Result ID: 'dac4ccd8207047e7899867150359f710') in 0.004 seconds [static and dynamic dependencies]. Details - ImportResultOutputID=664944bebd65cd827d8a3dd0f8ca138a DependenciesID=df9d923911466451f9e82a0c1192f336 StaticDependenciesID=a0848a353f75e1814b002b2726e7ab33 
Number of updated asset objects reloaded before import = 0
Number of asset objects unloaded after import = 1
========================================================================
Received Import Request.
  Time of request: 2026-09-19T15:08:30.8275306Z
  Time since last request: 0.0007516 seconds.
  importAddress: GUID: 2c942432c8301d3489edbfb539e736bd - Path: Packages/com.unity.nuget.mono-cecil/Mono.Cecil.Rocks.dll - Importer: ScriptedImporter/UnityEditor.QuickSearchModule:UnityEditor.Search:ASIAI0B
Importing 'GUID: 2c942432c8301d3489edbfb539e736bd - Path: Packages/com.unity.nuget.mono-cecil/Mono.Cecil.Rocks.dll - Importer: ScriptedImporter/UnityEditor.QuickSearchModule:UnityEditor.Search:ASIAI0B' with importer (ScriptedImporter : UnityEditor.QuickSearchModule:UnityEditor.Search:ASIAI0B)
Imported 'GUID: 2c942432c8301d3489edbfb539e736bd' -> (Import Result ID: '3872caa1ac9e44585f6cd0683cef056c') in 0.005 seconds [static and dynamic dependencies]. Details - ImportResultOutputID=39f68e0db2c1a14a6fea5c7f7ebaae8a DependenciesID=1d122e3063528d429ade2f50d02a9a3b StaticDependenciesID=17a7fd458f5b807dc38376e819c8d911 
Number of updated asset objects reloaded before import = 0
Number of asset objects unloaded after import = 0
========================================================================
Received Import Request.
  Time of request: 2026-09-19T15:08:30.8522836Z
  Time since last request: 0.0010256 seconds.
  importAddress: GUID: 309bb9a8839ee1340af783c0cbfb01bc - Path: Packages/com.unity.collections/Unity.Collections.Tests/Jobs/CoreCLRTestAssemblies/ProtectedJobNested/ProtectedJobNested.asmdef - Importer: ScriptedImporter/UnityEditor.QuickSearchModule:UnityEditor.Search:ASIAI0B
Importing 'GUID: 309bb9a8839ee1340af783c0cbfb01bc - Path: Packages/com.unity.collections/Unity.Collections.Tests/Jobs/CoreCLRTestAssemblies/ProtectedJobNested/ProtectedJobNested.asmdef - Importer: ScriptedImporter/UnityEditor.QuickSearchModule:UnityEditor.Search:ASIAI0B' with importer (ScriptedImporter : UnityEditor.QuickSearchModule:UnityEditor.Search:ASIAI0B)
Imported 'GUID: 309bb9a8839ee1340af783c0cbfb01bc' -> (Import Result ID: 'de8fe6316b974e6d4d96756e76de9803') in 0.003 seconds [static and dynamic dependencies]. Details - ImportResultOutputID=2e2e414b57d7d883b9ae30d92788429e DependenciesID=42299f7de725b8a1b89041dc55c68257 StaticDependenciesID=d82f59fcc04e134b356f0418dd0f209f 
Number of updated asset objects reloaded before import = 0
Number of asset objects unloaded after import = 1
========================================================================
Received Import Request.
  Time of request: 2026-09-19T15:08:30.8739474Z
  Time since last request: 0.0005118 seconds.
  importAddress: GUID: ecbee97f2678c1747802e50945a31f1d - Path: Packages/com.unity.collections/Unity.Collections.Tests/Jobs/JobTests_CombineDependencies.cs - Importer: ScriptedImporter/UnityEditor.QuickSearchModule:UnityEditor.Search:ASIAI0B
Importing 'GUID: ecbee97f2678c1747802e50945a31f1d - Path: Packages/com.unity.collections/Unity.Collections.Tests/Jobs/JobTests_CombineDependencies.cs - Importer: ScriptedImporter/UnityEditor.QuickSearchModule:UnityEditor.Search:ASIAI0B' with importer (ScriptedImporter : UnityEditor.QuickSearchModule:UnityEditor.Search:ASIAI0B)
Imported 'GUID: ecbee97f2678c1747802e50945a31f1d' -> (Import Result ID: 'f7711614ddc061ca9183a5d7c73eca0d') in 0.003 seconds [static and dynamic dependencies]. Details - ImportResultOutputID=dd45ef2be13193e428fec9678cb22e00 DependenciesID=76e43deae441c78386f65cea665dfe9b StaticDependenciesID=8d170bff996a2990044f1ff85b2bbfc6 
Number of updated asset objects reloaded before import = 0
Number of asset objects unloaded after import = 0
========================================================================
Received Import Request.
  Time of request: 2026-09-19T15:08:30.8963559Z
  Time since last request: 0.0005634 seconds.
  importAddress: GUID: f4677a7cb8f4ae241973648755879bfc - Path: Packages/com.unity.collections/Unity.Collections.Tests/Jobs/CoreCLRTestAssemblies/PublicJobPrivateGeneric/PublicJobPrivateGeneric.asmdef - Importer: ScriptedImporter/UnityEditor.QuickSearchModule:UnityEditor.Search:ASIAI0B
Importing 'GUID: f4677a7cb8f4ae241973648755879bfc - Path: Packages/com.unity.collections/Unity.Collections.Tests/Jobs/CoreCLRTestAssemblies/PublicJobPrivateGeneric/PublicJobPrivateGeneric.asmdef - Importer: ScriptedImporter/UnityEditor.QuickSearchModule:UnityEditor.Search:ASIAI0B' with importer (ScriptedImporter : UnityEditor.QuickSearchModule:UnityEditor.Search:ASIAI0B)
Imported 'GUID: f4677a7cb8f4ae241973648755879bfc' -> (Import Result ID: '843eb8170b3b2d41fa29bdd0ce5caa83') in 0.003 seconds [static and dynamic dependencies]. Details - ImportResultOutputID=a6448b2093df30dba19263d3be08fe8c DependenciesID=8f0bc1e7c87b0608666ea6748c254276 StaticDependenciesID=38de92cebdc17956a2940b9360487b4e 
Number of updated asset objects reloaded before import = 0
Number of asset objects unloaded after import = 1
========================================================================
Received Import Request.
  Time of request: 2026-09-19T15:08:30.9197071Z
  Time since last request: 0.0007237 seconds.
  importAddress: GUID: 17a4fd582bf2d47479cf5c1508ca82c6 - Path: Packages/com.unity.nuget.mono-cecil/package.json - Importer: ScriptedImporter/UnityEditor.QuickSearchModule:UnityEditor.Search:ASIAI0B
Importing 'GUID: 17a4fd582bf2d47479cf5c1508ca82c6 - Path: Packages/com.unity.nuget.mono-cecil/package.json - Importer: ScriptedImporter/UnityEditor.QuickSearchModule:UnityEditor.Search:ASIAI0B' with importer (ScriptedImporter : UnityEditor.QuickSearchModule:UnityEditor.Search:ASIAI0B)
Imported 'GUID: 17a4fd582bf2d47479cf5c1508ca82c6' -> (Import Result ID: '52a837bc7af94b1ffed3c613cfd603b8') in 0.004 seconds [static and dynamic dependencies]. Details - ImportResultOutputID=74fdedbed71e81ba2bc1e790e6a6ce15 DependenciesID=a0ea66306097ee52fd4f4e812e2014ae StaticDependenciesID=02b9a80bf1d6a7934191b8849bbbed5d 
Number of updated asset objects reloaded before import = 0
Number of asset objects unloaded after import = 1
========================================================================
Received Import Request.
  Time of request: 2026-09-19T15:08:30.9435568Z
  Time since last request: 0.0007055 seconds.
  importAddress: GUID: 416e1b35d3077b043be46d805db72d13 - Path: Packages/com.unity.searcher/Editor/Searcher/Searcher.cs - Importer: ScriptedImporter/UnityEditor.QuickSearchModule:UnityEditor.Search:ASIAI0B
Importing 'GUID: 416e1b35d3077b043be46d805db72d13 - Path: Packages/com.unity.searcher/Editor/Searcher/Searcher.cs - Importer: ScriptedImporter/UnityEditor.QuickSearchModule:UnityEditor.Search:ASIAI0B' with importer (ScriptedImporter : UnityEditor.QuickSearchModule:UnityEditor.Search:ASIAI0B)
Imported 'GUID: 416e1b35d3077b043be46d805db72d13' -> (Import Result ID: '074e82fe6581bf835739938438edf55f') in 0.004 seconds [static and dynamic dependencies]. Details - ImportResultOutputID=ca26c38ed57aa9d4c16398a5d35b43bd DependenciesID=a4660c9c484ac820866d4ffd19ae3ac0 StaticDependenciesID=330ad8e22e29d00b63cae25f54bee6cf 
Number of updated asset objects reloaded before import = 0
Number of asset objects unloaded after import = 0
========================================================================
Received Import Request.
  Time of request: 2026-09-19T15:08:30.9687671Z
  Time since last request: 0.0006217 seconds.
  importAddress: GUID: ef6b0e23948ec0543b9874c56d460b41 - Path: Packages/com.unity.collections/Unity.Collections.Tests/Jobs/CoreCLRTestAssemblies/PrivateJobNested/PrivateJobNested.asmdef - Importer: ScriptedImporter/UnityEditor.QuickSearchModule:UnityEditor.Search:ASIAI0B
Importing 'GUID: ef6b0e23948ec0543b9874c56d460b41 - Path: Packages/com.unity.collections/Unity.Collections.Tests/Jobs/CoreCLRTestAssemblies/PrivateJobNested/PrivateJobNested.asmdef - Importer: ScriptedImporter/UnityEditor.QuickSearchModule:UnityEditor.Search:ASIAI0B' with importer (ScriptedImporter : UnityEditor.QuickSearchModule:UnityEditor.Search:ASIAI0B)
Imported 'GUID: ef6b0e23948ec0543b9874c56d460b41' -> (Import Result ID: '6fa65e648866a1f0705bd64b6fe20b25') in 0.003 seconds [static and dynamic dependencies]. Details - ImportResultOutputID=564a2acb7a2f03736de3345f4b68eb3a DependenciesID=b0b681b9e34048b6ed0fae901748ffaa StaticDependenciesID=30b0210526c39a767e3736114e60ad7d 
Number of updated asset objects reloaded before import = 0
Number of asset objects unloaded after import = 1
========================================================================
Received Import Request.
  Time of request: 2026-09-19T15:08:30.9926075Z
  Time since last request: 0.0009137 seconds.
  importAddress: GUID: 194bed0f26154e64984886f8a6c6da03 - Path: Packages/com.unity.collections/Unity.Collections.Tests/Jobs/CoreCLRTestAssemblies/ProtectedJobNested/NestedProtectedJobTestJob.cs - Importer: ScriptedImporter/UnityEditor.QuickSearchModule:UnityEditor.Search:ASIAI0B
Importing 'GUID: 194bed0f26154e64984886f8a6c6da03 - Path: Packages/com.unity.collections/Unity.Collections.Tests/Jobs/CoreCLRTestAssemblies/ProtectedJobNested/NestedProtectedJobTestJob.cs - Importer: ScriptedImporter/UnityEditor.QuickSearchModule:UnityEditor.Search:ASIAI0B' with importer (ScriptedImporter : UnityEditor.QuickSearchModule:UnityEditor.Search:ASIAI0B)
Imported 'GUID: 194bed0f26154e64984886f8a6c6da03' -> (Import Result ID: 'd17e40f7d9abdd70ddc86345dd8c8d40') in 0.005 seconds [static and dynamic dependencies]. Details - ImportResultOutputID=7785c6a4e3c67cf0f9f297cbbd6508d5 DependenciesID=444b52401b42c69f6c904628b4dc2ef3 StaticDependenciesID=4e34a0f747f7da705a6a90354e68d152 
Number of updated asset objects reloaded before import = 0
Number of asset objects unloaded after import = 0
========================================================================
Received Import Request.
  Time of request: 2026-09-19T15:08:31.0203662Z
  Time since last request: 0.0008321 seconds.
  importAddress: GUID: 4deaa574907fd7647ab0d5bff0e9ba24 - Path: Packages/com.unity.searcher/Editor/Resources/Searcher.uss - Importer: ScriptedImporter/UnityEditor.QuickSearchModule:UnityEditor.Search:ASIAI0B
Importing 'GUID: 4deaa574907fd7647ab0d5bff0e9ba24 - Path: Packages/com.unity.searcher/Editor/Resources/Searcher.uss - Importer: ScriptedImporter/UnityEditor.QuickSearchModule:UnityEditor.Search:ASIAI0B' with importer (ScriptedImporter : UnityEditor.QuickSearchModule:UnityEditor.Search:ASIAI0B)
Imported 'GUID: 4deaa574907fd7647ab0d5bff0e9ba24' -> (Import Result ID: 'e1693771a11b6da4a7469790d4fc11f9') in 0.072 seconds [static and dynamic dependencies]. Details - ImportResultOutputID=5d19985304651bcc69a4fd6e40164d20 DependenciesID=1740cd4a54a8efe9c30642e87e285e1f StaticDependenciesID=014d570d0a477e167103f823d3454123 
Number of updated asset objects reloaded before import = 0
Number of asset objects unloaded after import = 1
========================================================================
Received Import Request.
  Time of request: 2026-09-19T15:08:31.1117411Z
  Time since last request: 0.0006771 seconds.
  importAddress: GUID: 9c645c01fff7ef4408fce23b5ffb344d - Path: Packages/com.unity.nuget.mono-cecil/Mono.Cecil.dll - Importer: ScriptedImporter/UnityEditor.QuickSearchModule:UnityEditor.Search:ASIAI0B
Importing 'GUID: 9c645c01fff7ef4408fce23b5ffb344d - Path: Packages/com.unity.nuget.mono-cecil/Mono.Cecil.dll - Importer: ScriptedImporter/UnityEditor.QuickSearchModule:UnityEditor.Search:ASIAI0B' with importer (ScriptedImporter : UnityEditor.QuickSearchModule:UnityEditor.Search:ASIAI0B)
Imported 'GUID: 9c645c01fff7ef4408fce23b5ffb344d' -> (Import Result ID: 'ab47710b0ccd74b8e794e46030f1f090') in 0.005 seconds [static and dynamic dependencies]. Details - ImportResultOutputID=88777c063deb851dcca3b557d393ff87 DependenciesID=757ceba5327d269b6dda824dd4beb1c0 StaticDependenciesID=cf28f885023028e397b85e7af01bc621 
Number of updated asset objects reloaded before import = 0
Number of asset objects unloaded after import = 0
========================================================================
Received Import Request.
  Time of request: 2026-09-19T15:08:31.1345992Z
  Time since last request: 0.0006462 seconds.
  importAddress: GUID: a363ef2608aa3684794c3db0480fcd81 - Path: Packages/com.unity.searcher/README.md - Importer: ScriptedImporter/UnityEditor.QuickSearchModule:UnityEditor.Search:ASIAI0B
Importing 'GUID: a363ef2608aa3684794c3db0480fcd81 - Path: Packages/com.unity.searcher/README.md - Importer: ScriptedImporter/UnityEditor.QuickSearchModule:UnityEditor.Search:ASIAI0B' with importer (ScriptedImporter : UnityEditor.QuickSearchModule:UnityEditor.Search:ASIAI0B)
Imported 'GUID: a363ef2608aa3684794c3db0480fcd81' -> (Import Result ID: 'a07c50c1791e463071e2a7136e3c47a2') in 0.004 seconds [static and dynamic dependencies]. Details - ImportResultOutputID=2ff7bb2aa9effe9979f36ad215c5632d DependenciesID=1bdb2d625df577993cc56031357d6a62 StaticDependenciesID=4dcff9de73a93eac88a52b5d1dafff35 
Number of updated asset objects reloaded before import = 0
Number of asset objects unloaded after import = 1
========================================================================
Received Import Request.
  Time of request: 2026-09-19T15:08:31.1565606Z
  Time since last request: 0.0006482 seconds.
  importAddress: GUID: 4c384a0eeb10a6249a9ba87a3e550b18 - Path: Packages/com.unity.searcher/Editor/AssemblyInfo.cs - Importer: ScriptedImporter/UnityEditor.QuickSearchModule:UnityEditor.Search:ASIAI0B
Importing 'GUID: 4c384a0eeb10a6249a9ba87a3e550b18 - Path: Packages/com.unity.searcher/Editor/AssemblyInfo.cs - Importer: ScriptedImporter/UnityEditor.QuickSearchModule:UnityEditor.Search:ASIAI0B' with importer (ScriptedImporter : UnityEditor.QuickSearchModule:UnityEditor.Search:ASIAI0B)
Imported 'GUID: 4c384a0eeb10a6249a9ba87a3e550b18' -> (Import Result ID: 'f96d785acd93dc63d76c576aec011818') in 0.003 seconds [static and dynamic dependencies]. Details - ImportResultOutputID=6c1a7b7b5b2942cf3c7e58d5b92f34b6 DependenciesID=7fb30f6ef11becafa047ac9cf60ebc58 StaticDependenciesID=7cd3fdea6affd3318a247dd1f365b2b5 
Number of updated asset objects reloaded before import = 0
Number of asset objects unloaded after import = 0
========================================================================
Received Import Request.
  Time of request: 2026-09-19T15:08:31.1869032Z
  Time since last request: 0.0097847 seconds.
  importAddress: GUID: 106fd77ef6b30234597e56c849578bad - Path: Packages/com.unity.render-pipelines.core/Editor/CoreEditorStyles.cs - Importer: ScriptedImporter/UnityEditor.QuickSearchModule:UnityEditor.Search:ASIAI0B
Importing 'GUID: 106fd77ef6b30234597e56c849578bad - Path: Packages/com.unity.render-pipelines.core/Editor/CoreEditorStyles.cs - Importer: ScriptedImporter/UnityEditor.QuickSearchModule:UnityEditor.Search:ASIAI0B' with importer (ScriptedImporter : UnityEditor.QuickSearchModule:UnityEditor.Search:ASIAI0B)
Imported 'GUID: 106fd77ef6b30234597e56c849578bad' -> (Import Result ID: 'fca987adcf84c447dae988182974caaa') in 0.003 seconds [static and dynamic dependencies]. Details - ImportResultOutputID=db09f26104d2d4a7e76b2019221469fd DependenciesID=fb5d583635e4e5a4d50fd0f8dbfeec5a StaticDependenciesID=278ec0b46dd9370906cf4e8ae0c8db3e 
Number of updated asset objects reloaded before import = 0
Number of asset objects unloaded after import = 0
========================================================================
Received Import Request.
  Time of request: 2026-09-19T15:08:31.2059204Z
  Time since last request: 0.0008766 seconds.
  importAddress: GUID: 30dc370b164eefc43b95744fc796dad0 - Path: Packages/com.unity.searcher/Editor/Resources/FlatSkin/Font/Roboto-Regular.ttf - Importer: ScriptedImporter/UnityEditor.QuickSearchModule:UnityEditor.Search:ASIAI0B
Importing 'GUID: 30dc370b164eefc43b95744fc796dad0 - Path: Packages/com.unity.searcher/Editor/Resources/FlatSkin/Font/Roboto-Regular.ttf - Importer: ScriptedImporter/UnityEditor.QuickSearchModule:UnityEditor.Search:ASIAI0B' with importer (ScriptedImporter : UnityEditor.QuickSearchModule:UnityEditor.Search:ASIAI0B)
Imported 'GUID: 30dc370b164eefc43b95744fc796dad0' -> (Import Result ID: 'c176766fe79ca527c2b2112000f909fd') in 0.026 seconds [static and dynamic dependencies]. Details - ImportResultOutputID=5ffe0fb9d6da1c46d24150dd89bb19c3 DependenciesID=63fe71473ed023eb57b2e0227d2012d2 StaticDependenciesID=8a8950ac6355427244fde95a280e7bfb 
Number of updated asset objects reloaded before import = 0
Number of asset objects unloaded after import = 3
========================================================================
Received Import Request.
  Time of request: 2026-09-19T15:08:31.250089Z
  Time since last request: 0.0005127 seconds.
  importAddress: GUID: 432b70115e987f44abb984cfe7de384f - Path: Packages/com.unity.searcher/Tests/Editor/Unity.Searcher.EditorTests.asmdef - Importer: ScriptedImporter/UnityEditor.QuickSearchModule:UnityEditor.Search:ASIAI0B
Importing 'GUID: 432b70115e987f44abb984cfe7de384f - Path: Packages/com.unity.searcher/Tests/Editor/Unity.Searcher.EditorTests.asmdef - Importer: ScriptedImporter/UnityEditor.QuickSearchModule:UnityEditor.Search:ASIAI0B' with importer (ScriptedImporter : UnityEditor.QuickSearchModule:UnityEditor.Search:ASIAI0B)
Imported 'GUID: 432b70115e987f44abb984cfe7de384f' -> (Import Result ID: '1573ebbed016fbb3cb6b436d074134ef') in 0.004 seconds [static and dynamic dependencies]. Details - ImportResultOutputID=440a7941df57416d9776fa87b794a666 DependenciesID=38ee22cae02f7969d396c3da0ba647f5 StaticDependenciesID=f76d34187de2da11f10f7fa806babdd5 
Number of updated asset objects reloaded before import = 0
Number of asset objects unloaded after import = 1
========================================================================
Received Import Request.
  Time of request: 2026-09-19T15:08:31.2723053Z
  Time since last request: 0.0006345 seconds.
  importAddress: GUID: 43c28f50566f16743873791e48bdfe66 - Path: Packages/com.unity.searcher/Tests/Editor/SearcherTests.cs - Importer: ScriptedImporter/UnityEditor.QuickSearchModule:UnityEditor.Search:ASIAI0B
Importing 'GUID: 43c28f50566f16743873791e48bdfe66 - Path: Packages/com.unity.searcher/Tests/Editor/SearcherTests.cs - Importer: ScriptedImporter/UnityEditor.QuickSearchModule:UnityEditor.Search:ASIAI0B' with importer (ScriptedImporter : UnityEditor.QuickSearchModule:UnityEditor.Search:ASIAI0B)
Imported 'GUID: 43c28f50566f16743873791e48bdfe66' -> (Import Result ID: '5259c1a5a04eb0fe3a5b154674973150') in 0.003 seconds [static and dynamic dependencies]. Details - ImportResultOutputID=40924d2ec05367d43274f5f3fa5d652e DependenciesID=0d9e15a7bfdb655869f36d52ae5fffe9 StaticDependenciesID=80c3be0640444b967fe7987d867b7cba 
Number of updated asset objects reloaded before import = 0
Number of asset objects unloaded after import = 0
========================================================================
Received Import Request.
  Time of request: 2026-09-19T15:08:31.293442Z
  Time since last request: 0.000563 seconds.
  importAddress: GUID: 2479a4656ed89570ebd1de1fdda3dae5 - Path: Packages/com.unity.modules.timelinefoundation/package.json - Importer: ScriptedImporter/UnityEditor.QuickSearchModule:UnityEditor.Search:ASIAI0B
Importing 'GUID: 2479a4656ed89570ebd1de1fdda3dae5 - Path: Packages/com.unity.modules.timelinefoundation/package.json - Importer: ScriptedImporter/UnityEditor.QuickSearchModule:UnityEditor.Search:ASIAI0B' with importer (ScriptedImporter : UnityEditor.QuickSearchModule:UnityEditor.Search:ASIAI0B)
Imported 'GUID: 2479a4656ed89570ebd1de1fdda3dae5' -> (Import Result ID: '256feaaf31f31bf8e4480950dec3e135') in 0.004 seconds [static and dynamic dependencies]. Details - ImportResultOutputID=09f4063dce892bac36dfbf2edee3313f DependenciesID=b3c2d5bd9f6b54deaa4cb40595e0f364 StaticDependenciesID=5bb9fd33c300529b9085bfe9b2258d17 
Number of updated asset objects reloaded before import = 0
Number of asset objects unloaded after import = 1
========================================================================
Received Import Request.
  Time of request: 2026-09-19T15:08:31.3159566Z
  Time since last request: 0.0007307 seconds.
  importAddress: GUID: 51fa60bb2bd1e5bc74e8cc95a7bfd5b7 - Path: Packages/com.unity.modules.ui/package.ModuleCompilationTrigger - Importer: ScriptedImporter/UnityEditor.QuickSearchModule:UnityEditor.Search:ASIAI0B
Importing 'GUID: 51fa60bb2bd1e5bc74e8cc95a7bfd5b7 - Path: Packages/com.unity.modules.ui/package.ModuleCompilationTrigger - Importer: ScriptedImporter/UnityEditor.QuickSearchModule:UnityEditor.Search:ASIAI0B' with importer (ScriptedImporter : UnityEditor.QuickSearchModule:UnityEditor.Search:ASIAI0B)
Imported 'GUID: 51fa60bb2bd1e5bc74e8cc95a7bfd5b7' -> (Import Result ID: '52e5fcd35c3c020bdf58b65bdddeddf5') in 0.003 seconds [static and dynamic dependencies]. Details - ImportResultOutputID=abaa775bafeca7ec52e786edd9485250 DependenciesID=791acc37cb353115d753a1654cb1d6f2 StaticDependenciesID=fac88275647d29816a537a3eeae61075 
Number of updated asset objects reloaded before import = 0
Number of asset objects unloaded after import = 1
========================================================================
Received Import Request.
  Time of request: 2026-09-19T15:08:31.3377558Z
  Time since last request: 0.0006933 seconds.
  importAddress: GUID: 2c9e05a58e554a940ae0417d8ce7384a - Path: Packages/com.unity.profiling.core/package.json - Importer: ScriptedImporter/UnityEditor.QuickSearchModule:UnityEditor.Search:ASIAI0B
Importing 'GUID: 2c9e05a58e554a940ae0417d8ce7384a - Path: Packages/com.unity.profiling.core/package.json - Importer: ScriptedImporter/UnityEditor.QuickSearchModule:UnityEditor.Search:ASIAI0B' with importer (ScriptedImporter : UnityEditor.QuickSearchModule:UnityEditor.Search:ASIAI0B)
Imported 'GUID: 2c9e05a58e554a940ae0417d8ce7384a' -> (Import Result ID: 'bef457d0ad7bb445b6ac7903dc9ff7c6') in 0.003 seconds [static and dynamic dependencies]. Details - ImportResultOutputID=9e9d397527828a0db66c344a881aab66 DependenciesID=cfe36dc79b8b1ec38b8061d5dcf1a2ab StaticDependenciesID=3272021662b6e88d8d5b65ce2cc4ca64 
Number of updated asset objects reloaded before import = 0
Number of asset objects unloaded after import = 1
========================================================================
Received Import Request.
  Time of request: 2026-09-19T15:08:31.359332Z
  Time since last request: 0.0006767 seconds.
  importAddress: GUID: c839255fc8f6b4b4d90bf8c1af9f9bd1 - Path: Packages/com.unity.searcher/Editor/Resources/FlatSkin/Font/Roboto-Italic.ttf - Importer: ScriptedImporter/UnityEditor.QuickSearchModule:UnityEditor.Search:ASIAI0B
Importing 'GUID: c839255fc8f6b4b4d90bf8c1af9f9bd1 - Path: Packages/com.unity.searcher/Editor/Resources/FlatSkin/Font/Roboto-Italic.ttf - Importer: ScriptedImporter/UnityEditor.QuickSearchModule:UnityEditor.Search:ASIAI0B' with importer (ScriptedImporter : UnityEditor.QuickSearchModule:UnityEditor.Search:ASIAI0B)
Imported 'GUID: c839255fc8f6b4b4d90bf8c1af9f9bd1' -> (Import Result ID: '2dd37ed353a6756fd24935d2769e5192') in 0.013 seconds [static and dynamic dependencies]. Details - ImportResultOutputID=5850f4c17d6726a98a0d6a725290ac49 DependenciesID=493557394dbe4a5070e9103d3f17c990 StaticDependenciesID=89575ba80801208d5e43bb670186db53 
Number of updated asset objects reloaded before import = 0
Number of asset objects unloaded after import = 3
========================================================================
Received Import Request.
  Time of request: 2026-09-19T15:08:31.3950105Z
  Time since last request: 0.0007624 seconds.
  importAddress: GUID: 818f5671ae3a433488eaec387a0032e1 - Path: Packages/com.unity.profiling.core/README.md - Importer: ScriptedImporter/UnityEditor.QuickSearchModule:UnityEditor.Search:ASIAI0B
Importing 'GUID: 818f5671ae3a433488eaec387a0032e1 - Path: Packages/com.unity.profiling.core/README.md - Importer: ScriptedImporter/UnityEditor.QuickSearchModule:UnityEditor.Search:ASIAI0B' with importer (ScriptedImporter : UnityEditor.QuickSearchModule:UnityEditor.Search:ASIAI0B)
Imported 'GUID: 818f5671ae3a433488eaec387a0032e1' -> (Import Result ID: '88618b24d0033ad4fcab45a63fd88ca0') in 0.007 seconds [static and dynamic dependencies]. Details - ImportResultOutputID=1b4ac8cfff55af2b64ee571f8ad08973 DependenciesID=5d062f478a270d9f7f840e9d99de9324 StaticDependenciesID=f2d1d0edb667b32b4cdebfb41f184b2d 
Number of updated asset objects reloaded before import = 0
Number of asset objects unloaded after import = 1
========================================================================
Received Import Request.
  Time of request: 2026-09-19T15:08:31.4216891Z
  Time since last request: 0.0012047 seconds.
  importAddress: GUID: c88e90bad18cceb5d182d0c805883056 - Path: Packages/com.unity.modules.director/package.ModuleCompilationTrigger - Importer: ScriptedImporter/UnityEditor.QuickSearchModule:UnityEditor.Search:ASIAI0B
Importing 'GUID: c88e90bad18cceb5d182d0c805883056 - Path: Packages/com.unity.modules.director/package.ModuleCompilationTrigger - Importer: ScriptedImporter/UnityEditor.QuickSearchModule:UnityEditor.Search:ASIAI0B' with importer (ScriptedImporter : UnityEditor.QuickSearchModule:UnityEditor.Search:ASIAI0B)
Imported 'GUID: c88e90bad18cceb5d182d0c805883056' -> (Import Result ID: '72e08d53d5e076612a479327143aa689') in 0.003 seconds [static and dynamic dependencies]. Details - ImportResultOutputID=e96895c9f38487769f8595be4adf40e0 DependenciesID=93869163669826c6133fa167d9ad622e StaticDependenciesID=31cd5055cde6816c9ffe288108ab0437 
Number of updated asset objects reloaded before import = 0
Number of asset objects unloaded after import = 1
========================================================================
Received Import Request.
  Time of request: 2026-09-19T15:08:31.4543334Z
  Time since last request: 0.0006035 seconds.
  importAddress: GUID: dfb97a9307a577a41bcacba34b9a7e32 - Path: Packages/com.unity.searcher/Editor/Resources/FlatSkin/Font/Roboto-BoldItalic.ttf - Importer: ScriptedImporter/UnityEditor.QuickSearchModule:UnityEditor.Search:ASIAI0B
Importing 'GUID: dfb97a9307a577a41bcacba34b9a7e32 - Path: Packages/com.unity.searcher/Editor/Resources/FlatSkin/Font/Roboto-BoldItalic.ttf - Importer: ScriptedImporter/UnityEditor.QuickSearchModule:UnityEditor.Search:ASIAI0B' with importer (ScriptedImporter : UnityEditor.QuickSearchModule:UnityEditor.Search:ASIAI0B)
Imported 'GUID: dfb97a9307a577a41bcacba34b9a7e32' -> (Import Result ID: '0c9d470d2874255ba9e3f82f6671c658') in 0.009 seconds [static and dynamic dependencies]. Details - ImportResultOutputID=1c2228a26e0091d86899bb4a1730b48f DependenciesID=435f9bb9a4400c0c6d7f38506705a2d9 StaticDependenciesID=b2b5e880ae687591e5da5cd52b1c91e5 
Number of updated asset objects reloaded before import = 0
Number of asset objects unloaded after import = 3
========================================================================
Received Import Request.
  Time of request: 2026-09-19T15:08:31.4820411Z
  Time since last request: 0.0006914 seconds.
  importAddress: GUID: 2adec19fac7df68adf1fd6eb83197bb1 - Path: Packages/com.unity.modules.wind/package.ModuleCompilationTrigger - Importer: ScriptedImporter/UnityEditor.QuickSearchModule:UnityEditor.Search:ASIAI0B
Importing 'GUID: 2adec19fac7df68adf1fd6eb83197bb1 - Path: Packages/com.unity.modules.wind/package.ModuleCompilationTrigger - Importer: ScriptedImporter/UnityEditor.QuickSearchModule:UnityEditor.Search:ASIAI0B' with importer (ScriptedImporter : UnityEditor.QuickSearchModule:UnityEditor.Search:ASIAI0B)
Imported 'GUID: 2adec19fac7df68adf1fd6eb83197bb1' -> (Import Result ID: '76cadf3a2c0fb6c6247201b8c30ed928') in 0.003 seconds [static and dynamic dependencies]. Details - ImportResultOutputID=af5a37ae98aa214557c072f6682d2c53 DependenciesID=edec23252911658b559c656d2a5173ef StaticDependenciesID=7d6377f0c2e07b3fdbd76e5e99217c9c 
Number of updated asset objects reloaded before import = 0
Number of asset objects unloaded after import = 1
========================================================================
Received Import Request.
  Time of request: 2026-09-19T15:08:31.5021011Z
  Time since last request: 0.0006625 seconds.
  importAddress: GUID: b55ea781ffec78245a85c7b70fefee48 - Path: Packages/com.unity.render-pipelines.core/Editor/ContextualMenuDispatcher.cs - Importer: ScriptedImporter/UnityEditor.QuickSearchModule:UnityEditor.Search:ASIAI0B
Importing 'GUID: b55ea781ffec78245a85c7b70fefee48 - Path: Packages/com.unity.render-pipelines.core/Editor/ContextualMenuDispatcher.cs - Importer: ScriptedImporter/UnityEditor.QuickSearchModule:UnityEditor.Search:ASIAI0B' with importer (ScriptedImporter : UnityEditor.QuickSearchModule:UnityEditor.Search:ASIAI0B)
Imported 'GUID: b55ea781ffec78245a85c7b70fefee48' -> (Import Result ID: '71635294e32e02e8816efed06f5f48ee') in 0.004 seconds [static and dynamic dependencies]. Details - ImportResultOutputID=a88aefcf1d6176c1868a6c57d17e436e DependenciesID=d8202dce2a141db564093dfb3ad34ea8 StaticDependenciesID=37435f8f2ab786a88191b383fa3f5350 
Number of updated asset objects reloaded before import = 0
Number of asset objects unloaded after import = 0
========================================================================
Received Import Request.
  Time of request: 2026-09-19T15:08:31.5200455Z
  Time since last request: 0.0005362 seconds.
  importAddress: GUID: 744ceabda269e6c469964dda8c490d0d - Path: Packages/com.unity.render-pipelines.core/Editor/CoreEditorUtils.cs - Importer: ScriptedImporter/UnityEditor.QuickSearchModule:UnityEditor.Search:ASIAI0B
Importing 'GUID: 744ceabda269e6c469964dda8c490d0d - Path: Packages/com.unity.render-pipelines.core/Editor/CoreEditorUtils.cs - Importer: ScriptedImporter/UnityEditor.QuickSearchModule:UnityEditor.Search:ASIAI0B' with importer (ScriptedImporter : UnityEditor.QuickSearchModule:UnityEditor.Search:ASIAI0B)
Imported 'GUID: 744ceabda269e6c469964dda8c490d0d' -> (Import Result ID: 'dcad43ce1922e1400511abb48fe6f58b') in 0.003 seconds [static and dynamic dependencies]. Details - ImportResultOutputID=f04ebc2a56a953c1e18ba4d2654a136a DependenciesID=8dc69aeac321e1cfc30a59512f7117b0 StaticDependenciesID=6982fa50a3215011bccdf9f86247755d 
Number of updated asset objects reloaded before import = 0
Number of asset objects unloaded after import = 0
========================================================================
Received Import Request.
  Time of request: 2026-09-19T15:08:31.5414777Z
  Time since last request: 0.0006299 seconds.
  importAddress: GUID: a68889b608ba2d247920c6b4983df6f1 - Path: Packages/com.unity.render-pipelines.core/Editor/EditorPrefBool.cs - Importer: ScriptedImporter/UnityEditor.QuickSearchModule:UnityEditor.Search:ASIAI0B
Importing 'GUID: a68889b608ba2d247920c6b4983df6f1 - Path: Packages/com.unity.render-pipelines.core/Editor/EditorPrefBool.cs - Importer: ScriptedImporter/UnityEditor.QuickSearchModule:UnityEditor.Search:ASIAI0B' with importer (ScriptedImporter : UnityEditor.QuickSearchModule:UnityEditor.Search:ASIAI0B)
Imported 'GUID: a68889b608ba2d247920c6b4983df6f1' -> (Import Result ID: '5123d47ebf2ebac0c95388a7f2f12b02') in 0.003 seconds [static and dynamic dependencies]. Details - ImportResultOutputID=e5f648c3fbf01997c56448bf161bf963 DependenciesID=ec6351d5ad272578c20e4b3f0db7a597 StaticDependenciesID=3486baa27dbf29dfbe80a930b4282abd 
Number of updated asset objects reloaded before import = 0
Number of asset objects unloaded after import = 0
========================================================================
Received Import Request.
  Time of request: 2026-09-19T15:08:31.5630085Z
  Time since last request: 0.0010691 seconds.
  importAddress: GUID: 71e7167b55a3448b38774a3bb6e05bac - Path: Packages/com.unity.modules.timelinefoundation/package.ModuleCompilationTrigger - Importer: ScriptedImporter/UnityEditor.QuickSearchModule:UnityEditor.Search:ASIAI0B
Importing 'GUID: 71e7167b55a3448b38774a3bb6e05bac - Path: Packages/com.unity.modules.timelinefoundation/package.ModuleCompilationTrigger - Importer: ScriptedImporter/UnityEditor.QuickSearchModule:UnityEditor.Search:ASIAI0B' with importer (ScriptedImporter : UnityEditor.QuickSearchModule:UnityEditor.Search:ASIAI0B)
Imported 'GUID: 71e7167b55a3448b38774a3bb6e05bac' -> (Import Result ID: '5355b9ad99314437760e6375fc14ee24') in 0.003 seconds [static and dynamic dependencies]. Details - ImportResultOutputID=0e4c96b2ae776bc1e4caf68d63112f12 DependenciesID=3867c531f56d9fb67282ec21ec6b8d78 StaticDependenciesID=ac296b807c530984c5b5b5a042e9c4ba 
Number of updated asset objects reloaded before import = 0
Number of asset objects unloaded after import = 1
========================================================================
Received Import Request.
  Time of request: 2026-09-19T15:08:31.5855296Z
  Time since last request: 0.0006545 seconds.
  importAddress: GUID: ccb80ec401f643340bbf9917e0af44a6 - Path: Packages/com.unity.profiling.core/Runtime/ProfilerCategory.cs - Importer: ScriptedImporter/UnityEditor.QuickSearchModule:UnityEditor.Search:ASIAI0B
Importing 'GUID: ccb80ec401f643340bbf9917e0af44a6 - Path: Packages/com.unity.profiling.core/Runtime/ProfilerCategory.cs - Importer: ScriptedImporter/UnityEditor.QuickSearchModule:UnityEditor.Search:ASIAI0B' with importer (ScriptedImporter : UnityEditor.QuickSearchModule:UnityEditor.Search:ASIAI0B)
Imported 'GUID: ccb80ec401f643340bbf9917e0af44a6' -> (Import Result ID: '98bd563780835dcfd3917680a0950a62') in 0.004 seconds [static and dynamic dependencies]. Details - ImportResultOutputID=a30da4cb62046845c7ddfd854c5b90c0 DependenciesID=aab57b617a5ecab122d34c8e9ececbc8 StaticDependenciesID=bd379dc43e93ac0a5b0ce636d99ce55e 
Number of updated asset objects reloaded before import = 0
Number of asset objects unloaded after import = 0
========================================================================
Received Import Request.
  Time of request: 2026-09-19T15:08:31.6079437Z
  Time since last request: 0.0007612 seconds.
  importAddress: GUID: 6e199542932514047864b6e8dcd90aa0 - Path: Packages/com.unity.render-pipelines.core/Editor/Deprecated.cs - Importer: ScriptedImporter/UnityEditor.QuickSearchModule:UnityEditor.Search:ASIAI0B
Importing 'GUID: 6e199542932514047864b6e8dcd90aa0 - Path: Packages/com.unity.render-pipelines.core/Editor/Deprecated.cs - Importer: ScriptedImporter/UnityEditor.QuickSearchModule:UnityEditor.Search:ASIAI0B' with importer (ScriptedImporter : UnityEditor.QuickSearchModule:UnityEditor.Search:ASIAI0B)
Imported 'GUID: 6e199542932514047864b6e8dcd90aa0' -> (Import Result ID: '1427707138d2522ca828a71a9339c523') in 0.003 seconds [static and dynamic dependencies]. Details - ImportResultOutputID=6099551d9d066940cd43294e6d7ce213 DependenciesID=793024da6f93a94aa6c12f287de2f58f StaticDependenciesID=45969acadc812abee45640d8ce8fb199 
Number of updated asset objects reloaded before import = 0
Number of asset objects unloaded after import = 0
========================================================================
Received Import Request.
  Time of request: 2026-09-19T15:08:31.6308313Z
  Time since last request: 0.0006111 seconds.
  importAddress: GUID: 1b295eb0210f546b2aaadf61ee8b7a0f - Path: Packages/com.unity.searcher/Tests/Editor/SearcherLabelStyleTests.cs - Importer: ScriptedImporter/UnityEditor.QuickSearchModule:UnityEditor.Search:ASIAI0B
Importing 'GUID: 1b295eb0210f546b2aaadf61ee8b7a0f - Path: Packages/com.unity.searcher/Tests/Editor/SearcherLabelStyleTests.cs - Importer: ScriptedImporter/UnityEditor.QuickSearchModule:UnityEditor.Search:ASIAI0B' with importer (ScriptedImporter : UnityEditor.QuickSearchModule:UnityEditor.Search:ASIAI0B)
Imported 'GUID: 1b295eb0210f546b2aaadf61ee8b7a0f' -> (Import Result ID: 'ffb9c3fdc8223139540dec564375dc2c') in 0.003 seconds [static and dynamic dependencies]. Details - ImportResultOutputID=4f868d871175552de3f28c2f2bd0b28f DependenciesID=36700949b47e9b7044801416b987c620 StaticDependenciesID=cb7d0edbf4af64ecfd6594e0c805b385 
Number of updated asset objects reloaded before import = 0
Number of asset objects unloaded after import = 0
========================================================================
Received Import Request.
  Time of request: 2026-09-19T15:08:31.6523305Z
  Time since last request: 0.0006522 seconds.
  importAddress: GUID: 3750c318f40cab44a97d3a81beaefeb3 - Path: Packages/com.unity.searcher/Editor/Resources/FlatSkin/Font/Roboto-Bold.ttf - Importer: ScriptedImporter/UnityEditor.QuickSearchModule:UnityEditor.Search:ASIAI0B
Importing 'GUID: 3750c318f40cab44a97d3a81beaefeb3 - Path: Packages/com.unity.searcher/Editor/Resources/FlatSkin/Font/Roboto-Bold.ttf - Importer: ScriptedImporter/UnityEditor.QuickSearchModule:UnityEditor.Search:ASIAI0B' with importer (ScriptedImporter : UnityEditor.QuickSearchModule:UnityEditor.Search:ASIAI0B)
Imported 'GUID: 3750c318f40cab44a97d3a81beaefeb3' -> (Import Result ID: '57291f5d4139ad63b1e290c96afb038e') in 0.010 seconds [static and dynamic dependencies]. Details - ImportResultOutputID=0ec89ca5c4735851b69ce42777e5beed DependenciesID=b9c390e965b82a58da4b2f285ac254fa StaticDependenciesID=c70569e74cdc285483053a3381d8ae29 
Number of updated asset objects reloaded before import = 0
Number of asset objects unloaded after import = 3
========================================================================
Received Import Request.
  Time of request: 2026-09-19T15:08:31.6813007Z
  Time since last request: 0.0005267 seconds.
  importAddress: GUID: d171e58a276f671498761bef2a559e96 - Path: Packages/com.unity.profiling.core/CHANGELOG.md - Importer: ScriptedImporter/UnityEditor.QuickSearchModule:UnityEditor.Search:ASIAI0B
Importing 'GUID: d171e58a276f671498761bef2a559e96 - Path: Packages/com.unity.profiling.core/CHANGELOG.md - Importer: ScriptedImporter/UnityEditor.QuickSearchModule:UnityEditor.Search:ASIAI0B' with importer (ScriptedImporter : UnityEditor.QuickSearchModule:UnityEditor.Search:ASIAI0B)
Imported 'GUID: d171e58a276f671498761bef2a559e96' -> (Import Result ID: '433b9ac33dff27f22904d4bce80fb7bc') in 0.003 seconds [static and dynamic dependencies]. Details - ImportResultOutputID=5bc67783c6ded8257529e4a57dfdc822 DependenciesID=b4c60ffafd6d29a2c399288f1c851277 StaticDependenciesID=442ecc4a3eaf1c6500d0b415bd21e3d3 
Number of updated asset objects reloaded before import = 0
Number of asset objects unloaded after import = 1
========================================================================
Received Import Request.
  Time of request: 2026-09-19T15:08:31.7014487Z
  Time since last request: 0.0005272 seconds.
  importAddress: GUID: b46779583a009f04ba9f5f31d0e7e6ac - Path: Packages/com.unity.profiling.core/Runtime/Unity.Profiling.Core.asmdef - Importer: ScriptedImporter/UnityEditor.QuickSearchModule:UnityEditor.Search:ASIAI0B
Importing 'GUID: b46779583a009f04ba9f5f31d0e7e6ac - Path: Packages/com.unity.profiling.core/Runtime/Unity.Profiling.Core.asmdef - Importer: ScriptedImporter/UnityEditor.QuickSearchModule:UnityEditor.Search:ASIAI0B' with importer (ScriptedImporter : UnityEditor.QuickSearchModule:UnityEditor.Search:ASIAI0B)
Imported 'GUID: b46779583a009f04ba9f5f31d0e7e6ac' -> (Import Result ID: '84e5f3b6ff99d60917ae21d102e80a3c') in 0.003 seconds [static and dynamic dependencies]. Details - ImportResultOutputID=4f110512b35f8b4e6106dc93a149417f DependenciesID=7f76224a8e83b64f90b9c8e8018c47c1 StaticDependenciesID=c1f4302739a951c584cf936bd32e36ba 
Number of updated asset objects reloaded before import = 0
Number of asset objects unloaded after import = 1
========================================================================
Received Import Request.
  Time of request: 2026-09-19T15:08:31.735414Z
  Time since last request: 0.0151083 seconds.
  importAddress: GUID: d7414e735eb09cd40855d8142a1c2e18 - Path: Packages/com.unity.render-pipelines.core/ShaderLibrary/MetaPass.hlsl - Importer: ScriptedImporter/UnityEditor.QuickSearchModule:UnityEditor.Search:ASIAI0B
Importing 'GUID: d7414e735eb09cd40855d8142a1c2e18 - Path: Packages/com.unity.render-pipelines.core/ShaderLibrary/MetaPass.hlsl - Importer: ScriptedImporter/UnityEditor.QuickSearchModule:UnityEditor.Search:ASIAI0B' with importer (ScriptedImporter : UnityEditor.QuickSearchModule:UnityEditor.Search:ASIAI0B)
Imported 'GUID: d7414e735eb09cd40855d8142a1c2e18' -> (Import Result ID: 'a02144c2993104c51f1f445f53e1504a') in 0.017 seconds [static and dynamic dependencies]. Details - ImportResultOutputID=82fdff24384f4707d96cc3f083060fd6 DependenciesID=ac485fa2d35573b2af7c755e0b18b7b2 StaticDependenciesID=d7e377faf431cdb3d0b9492f8b490c07 
Number of updated asset objects reloaded before import = 0
Number of asset objects unloaded after import = 1
========================================================================
Received Import Request.
  Time of request: 2026-09-19T15:08:31.7917688Z
  Time since last request: 0.0224513 seconds.
  importAddress: GUID: a1a94b80a0038af4484e8122c5df419e - Path: Packages/com.unity.render-pipelines.core/ShaderLibrary/AmbientProbe.hlsl - Importer: ScriptedImporter/UnityEditor.QuickSearchModule:UnityEditor.Search:ASIAI0B
Importing 'GUID: a1a94b80a0038af4484e8122c5df419e - Path: Packages/com.unity.render-pipelines.core/ShaderLibrary/AmbientProbe.hlsl - Importer: ScriptedImporter/UnityEditor.QuickSearchModule:UnityEditor.Search:ASIAI0B' with importer (ScriptedImporter : UnityEditor.QuickSearchModule:UnityEditor.Search:ASIAI0B)
Imported 'GUID: a1a94b80a0038af4484e8122c5df419e' -> (Import Result ID: '0f8c125c2975b9f8fde28925fd18c5ea') in 0.003 seconds [static and dynamic dependencies]. Details - ImportResultOutputID=c941b53ca95e5e0c5ce1e3122b211523 DependenciesID=5e8281de486c4ef8521836987e5d31b0 StaticDependenciesID=8e93de4a2f76c41bbc4a1cbdc5678497 
Number of updated asset objects reloaded before import = 0
Number of asset objects unloaded after import = 1
========================================================================
Received Import Request.
  Time of request: 2026-09-19T15:08:31.855733Z
  Time since last request: 0.0008595 seconds.
  importAddress: GUID: af2a485654b7642d987c8758da936d55 - Path: Packages/com.unity.render-pipelines.core/Runtime/AssemblyInfo.cs - Importer: ScriptedImporter/UnityEditor.QuickSearchModule:UnityEditor.Search:ASIAI0B
Importing 'GUID: af2a485654b7642d987c8758da936d55 - Path: Packages/com.unity.render-pipelines.core/Runtime/AssemblyInfo.cs - Importer: ScriptedImporter/UnityEditor.QuickSearchModule:UnityEditor.Search:ASIAI0B' with importer (ScriptedImporter : UnityEditor.QuickSearchModule:UnityEditor.Search:ASIAI0B)
Imported 'GUID: af2a485654b7642d987c8758da936d55' -> (Import Result ID: 'b69dc440be090a8258f8f3655a64e3c6') in 0.003 seconds [static and dynamic dependencies]. Details - ImportResultOutputID=36f225a85502fff4a788bac773a84a6f DependenciesID=0fb7708240f16876e751e0a042aa9b36 StaticDependenciesID=d624d53f8ba37fb7140425a8a5397937 
Number of updated asset objects reloaded before import = 0
Number of asset objects unloaded after import = 0
========================================================================
Received Import Request.
  Time of request: 2026-09-19T15:08:31.8816992Z
  Time since last request: 0.0004929 seconds.
  importAddress: GUID: db823efdb635ec84d8ecae05788f8143 - Path: Packages/com.unity.render-pipelines.core/Editor/EditorWindowWithHelpButton.cs - Importer: ScriptedImporter/UnityEditor.QuickSearchModule:UnityEditor.Search:ASIAI0B
Importing 'GUID: db823efdb635ec84d8ecae05788f8143 - Path: Packages/com.unity.render-pipelines.core/Editor/EditorWindowWithHelpButton.cs - Importer: ScriptedImporter/UnityEditor.QuickSearchModule:UnityEditor.Search:ASIAI0B' with importer (ScriptedImporter : UnityEditor.QuickSearchModule:UnityEditor.Search:ASIAI0B)
Imported 'GUID: db823efdb635ec84d8ecae05788f8143' -> (Import Result ID: 'ae5892f60330fad6d8e142f955e27eaf') in 0.003 seconds [static and dynamic dependencies]. Details - ImportResultOutputID=105c7cea03d74c1df6509d9228ec0572 DependenciesID=f018292744066d21d863d0347698a4ab StaticDependenciesID=4919865c0a07981075ab69c517889425 
Number of updated asset objects reloaded before import = 0
Number of asset objects unloaded after import = 0
========================================================================
Received Import Request.
  Time of request: 2026-09-19T15:08:31.9005585Z
  Time since last request: 0.0006072 seconds.
  importAddress: GUID: 73b08ea164ce48f382a510231156102f - Path: Packages/com.unity.render-pipelines.core/ShaderLibrary/MostRepresentativePoint.hlsl - Importer: ScriptedImporter/UnityEditor.QuickSearchModule:UnityEditor.Search:ASIAI0B
Importing 'GUID: 73b08ea164ce48f382a510231156102f - Path: Packages/com.unity.render-pipelines.core/ShaderLibrary/MostRepresentativePoint.hlsl - Importer: ScriptedImporter/UnityEditor.QuickSearchModule:UnityEditor.Search:ASIAI0B' with importer (ScriptedImporter : UnityEditor.QuickSearchModule:UnityEditor.Search:ASIAI0B)
Imported 'GUID: 73b08ea164ce48f382a510231156102f' -> (Import Result ID: '7dd466ba38115e2670f8def9e4007da9') in 0.003 seconds [static and dynamic dependencies]. Details - ImportResultOutputID=bbd8dc2a9407104fc9bbaed5d57d0cc3 DependenciesID=076a2c90e6694c6e72c40bcbcf8a9a6d StaticDependenciesID=e9b1eef2b8bb6a0f66796e73fa04d86f 
Number of updated asset objects reloaded before import = 0
Number of asset objects unloaded after import = 1
========================================================================
Received Import Request.
  Time of request: 2026-09-19T15:08:31.9217268Z
  Time since last request: 0.0005121 seconds.
  importAddress: GUID: 81243a379b2b06849987da115b6e86f6 - Path: Packages/com.unity.render-pipelines.core/Editor/RelativePropertiesDrawer.cs - Importer: ScriptedImporter/UnityEditor.QuickSearchModule:UnityEditor.Search:ASIAI0B
Importing 'GUID: 81243a379b2b06849987da115b6e86f6 - Path: Packages/com.unity.render-pipelines.core/Editor/RelativePropertiesDrawer.cs - Importer: ScriptedImporter/UnityEditor.QuickSearchModule:UnityEditor.Search:ASIAI0B' with importer (ScriptedImporter : UnityEditor.QuickSearchModule:UnityEditor.Search:ASIAI0B)
Imported 'GUID: 81243a379b2b06849987da115b6e86f6' -> (Import Result ID: 'beacf74a6e37adf9c164e1ca6eeeb5b7') in 0.004 seconds [static and dynamic dependencies]. Details - ImportResultOutputID=0e2a7bcd7be4020972b2305fab80cee3 DependenciesID=259c805198faa53988488f341ab038ab StaticDependenciesID=10dc6635692a831e57f907261af382a6 
Number of updated asset objects reloaded before import = 0
Number of asset objects unloaded after import = 0
========================================================================
Received Import Request.
  Time of request: 2026-09-19T15:08:31.9423351Z
  Time since last request: 0.0007684 seconds.
  importAddress: GUID: c32bc6ee3c5a47b5829b4db408c79d3b - Path: Packages/com.unity.render-pipelines.core/ShaderLibrary/FoveatedRenderingKeywords.hlsl - Importer: ScriptedImporter/UnityEditor.QuickSearchModule:UnityEditor.Search:ASIAI0B
Importing 'GUID: c32bc6ee3c5a47b5829b4db408c79d3b - Path: Packages/com.unity.render-pipelines.core/ShaderLibrary/FoveatedRenderingKeywords.hlsl - Importer: ScriptedImporter/UnityEditor.QuickSearchModule:UnityEditor.Search:ASIAI0B' with importer (ScriptedImporter : UnityEditor.QuickSearchModule:UnityEditor.Search:ASIAI0B)
Imported 'GUID: c32bc6ee3c5a47b5829b4db408c79d3b' -> (Import Result ID: '727ecd86215ef2e355b286acc9bbcc1b') in 0.003 seconds [static and dynamic dependencies]. Details - ImportResultOutputID=64ae09c13a2a52d6e0945f3f7ad2c189 DependenciesID=cf3a8381c5383990c1e48be53e64478e StaticDependenciesID=3ab2814cf6432f215a59356743c82f5b 
Number of updated asset objects reloaded before import = 0
Number of asset objects unloaded after import = 1
========================================================================
Received Import Request.
  Time of request: 2026-09-19T15:08:31.9638555Z
  Time since last request: 0.0006994 seconds.
  importAddress: GUID: 1f766cc928a2d60469867f03d60c9f01 - Path: Packages/com.unity.render-pipelines.core/Editor/EditorPrefBoolFlags.cs - Importer: ScriptedImporter/UnityEditor.QuickSearchModule:UnityEditor.Search:ASIAI0B
Importing 'GUID: 1f766cc928a2d60469867f03d60c9f01 - Path: Packages/com.unity.render-pipelines.core/Editor/EditorPrefBoolFlags.cs - Importer: ScriptedImporter/UnityEditor.QuickSearchModule:UnityEditor.Search:ASIAI0B' with importer (ScriptedImporter : UnityEditor.QuickSearchModule:UnityEditor.Search:ASIAI0B)
Imported 'GUID: 1f766cc928a2d60469867f03d60c9f01' -> (Import Result ID: 'e3bb47c53581d9b00f741704ba9a95f4') in 0.003 seconds [static and dynamic dependencies]. Details - ImportResultOutputID=05e15a69ab46f33e29b508118d8be05c DependenciesID=559611f9d3b571e471fc471f7d3db75c StaticDependenciesID=35db0a3f4730d6e98c67a8dbcbc9d088 
Number of updated asset objects reloaded before import = 0
Number of asset objects unloaded after import = 0
========================================================================
Received Import Request.
  Time of request: 2026-09-19T15:08:31.9850249Z
  Time since last request: 0.0006631 seconds.
  importAddress: GUID: ca3a5025616550a40816a5272a4f7631 - Path: Packages/com.unity.render-pipelines.core/ShaderLibrary/CommonDeprecated.hlsl - Importer: ScriptedImporter/UnityEditor.QuickSearchModule:UnityEditor.Search:ASIAI0B
Importing 'GUID: ca3a5025616550a40816a5272a4f7631 - Path: Packages/com.unity.render-pipelines.core/ShaderLibrary/CommonDeprecated.hlsl - Importer: ScriptedImporter/UnityEditor.QuickSearchModule:UnityEditor.Search:ASIAI0B' with importer (ScriptedImporter : UnityEditor.QuickSearchModule:UnityEditor.Search:ASIAI0B)
Imported 'GUID: ca3a5025616550a40816a5272a4f7631' -> (Import Result ID: '6d54952ff093a80c83feff2f3e70260f') in 0.003 seconds [static and dynamic dependencies]. Details - ImportResultOutputID=651cd4dcb6c7a5367b3c3cf14ae2a985 DependenciesID=b333535816cf06fd386cd75635bf9245 StaticDependenciesID=b73ab155a269d4f247d4a43332f88cf0 
Number of updated asset objects reloaded before import = 0
Number of asset objects unloaded after import = 1
========================================================================
Received Import Request.
  Time of request: 2026-09-19T15:08:32.0056484Z
  Time since last request: 0.0005975 seconds.
  importAddress: GUID: 024209fcf73c38243ae3b71c8955f187 - Path: Packages/com.unity.render-pipelines.core/ShaderLibrary/DynamicScaling.hlsl - Importer: ScriptedImporter/UnityEditor.QuickSearchModule:UnityEditor.Search:ASIAI0B
Importing 'GUID: 024209fcf73c38243ae3b71c8955f187 - Path: Packages/com.unity.render-pipelines.core/ShaderLibrary/DynamicScaling.hlsl - Importer: ScriptedImporter/UnityEditor.QuickSearchModule:UnityEditor.Search:ASIAI0B' with importer (ScriptedImporter : UnityEditor.QuickSearchModule:UnityEditor.Search:ASIAI0B)
Imported 'GUID: 024209fcf73c38243ae3b71c8955f187' -> (Import Result ID: '42cd384fe81661474e07f6da99ca5443') in 0.003 seconds [static and dynamic dependencies]. Details - ImportResultOutputID=7d321cdb76ac0377570f1020de7b49dd DependenciesID=53d63298b073a69614e447be04ab6401 StaticDependenciesID=fd18db66af4168bab503f92e3a9106ea 
Number of updated asset objects reloaded before import = 0
Number of asset objects unloaded after import = 1
========================================================================
Received Import Request.
  Time of request: 2026-09-19T15:08:32.0253396Z
  Time since last request: 0.0006072 seconds.
  importAddress: GUID: 0303be75670325342b4bf5697686e77b - Path: Packages/com.unity.render-pipelines.core/ShaderLibrary/EntityLighting.hlsl - Importer: ScriptedImporter/UnityEditor.QuickSearchModule:UnityEditor.Search:ASIAI0B
Importing 'GUID: 0303be75670325342b4bf5697686e77b - Path: Packages/com.unity.render-pipelines.core/ShaderLibrary/EntityLighting.hlsl - Importer: ScriptedImporter/UnityEditor.QuickSearchModule:UnityEditor.Search:ASIAI0B' with importer (ScriptedImporter : UnityEditor.QuickSearchModule:UnityEditor.Search:ASIAI0B)
Imported 'GUID: 0303be75670325342b4bf5697686e77b' -> (Import Result ID: '79d787c78d898151cb6370032563328a') in 0.004 seconds [static and dynamic dependencies]. Details - ImportResultOutputID=1cc59e6242fd55a9b95df9c175cca578 DependenciesID=f68342b2043501faf3ae69f0135c1824 StaticDependenciesID=22cfcbac8b8b890de1bb9c8098d093e8 
Number of updated asset objects reloaded before import = 0
Number of asset objects unloaded after import = 1
========================================================================
Received Import Request.
  Time of request: 2026-09-19T15:08:32.0496417Z
  Time since last request: 0.0006537 seconds.
  importAddress: GUID: cf0dc9ad57fcb8e4d9ca1c9798d5f270 - Path: Packages/com.unity.render-pipelines.core/Editor/QuaternionPropertyDrawer.cs - Importer: ScriptedImporter/UnityEditor.QuickSearchModule:UnityEditor.Search:ASIAI0B
Importing 'GUID: cf0dc9ad57fcb8e4d9ca1c9798d5f270 - Path: Packages/com.unity.render-pipelines.core/Editor/QuaternionPropertyDrawer.cs - Importer: ScriptedImporter/UnityEditor.QuickSearchModule:UnityEditor.Search:ASIAI0B' with importer (ScriptedImporter : UnityEditor.QuickSearchModule:UnityEditor.Search:ASIAI0B)
Imported 'GUID: cf0dc9ad57fcb8e4d9ca1c9798d5f270' -> (Import Result ID: '340dd5f31078175031aa516472c8b118') in 0.003 seconds [static and dynamic dependencies]. Details - ImportResultOutputID=a093cb555b7600e46200bc8ff5724397 DependenciesID=6b58d9be8ca184027aed55a911a795c0 StaticDependenciesID=bca3f13c8bcc8b2f41455d85f18608f8 
Number of updated asset objects reloaded before import = 0
Number of asset objects unloaded after import = 0
========================================================================
Received Import Request.
  Time of request: 2026-09-19T15:08:32.0695434Z
  Time since last request: 0.0005254 seconds.
  importAddress: GUID: 016ffaaf36db9a047ab182ffa07bb8de - Path: Packages/com.unity.render-pipelines.core/Editor/MenuManager.cs - Importer: ScriptedImporter/UnityEditor.QuickSearchModule:UnityEditor.Search:ASIAI0B
Importing 'GUID: 016ffaaf36db9a047ab182ffa07bb8de - Path: Packages/com.unity.render-pipelines.core/Editor/MenuManager.cs - Importer: ScriptedImporter/UnityEditor.QuickSearchModule:UnityEditor.Search:ASIAI0B' with importer (ScriptedImporter : UnityEditor.QuickSearchModule:UnityEditor.Search:ASIAI0B)
Imported 'GUID: 016ffaaf36db9a047ab182ffa07bb8de' -> (Import Result ID: '7a6bdebf6b0de0ed4c5dd032a09f846c') in 0.003 seconds [static and dynamic dependencies]. Details - ImportResultOutputID=5f83c1e15316865730f86f0dad678273 DependenciesID=05764fc23c6b2874fdd1f51bada49212 StaticDependenciesID=5cc92c7dfeffa0821413d2b5788a4265 
Number of updated asset objects reloaded before import = 0
Number of asset objects unloaded after import = 0
========================================================================
Received Import Request.
  Time of request: 2026-09-19T15:08:32.0914476Z
  Time since last request: 0.0004942 seconds.
  importAddress: GUID: 47ecc1e1971024be4a44aa322690660e - Path: Packages/com.unity.render-pipelines.core/ShaderLibrary/GlobalSamplers.hlsl - Importer: ScriptedImporter/UnityEditor.QuickSearchModule:UnityEditor.Search:ASIAI0B
Importing 'GUID: 47ecc1e1971024be4a44aa322690660e - Path: Packages/com.unity.render-pipelines.core/ShaderLibrary/GlobalSamplers.hlsl - Importer: ScriptedImporter/UnityEditor.QuickSearchModule:UnityEditor.Search:ASIAI0B' with importer (ScriptedImporter : UnityEditor.QuickSearchModule:UnityEditor.Search:ASIAI0B)
Imported 'GUID: 47ecc1e1971024be4a44aa322690660e' -> (Import Result ID: '05b62e0a905ab8f997cafe865ba1fe23') in 0.002 seconds [static and dynamic dependencies]. Details - ImportResultOutputID=a0d14357c3c9433cae4801153cb40b71 DependenciesID=16cf37d1194e4bc796cb075afe72ee41 StaticDependenciesID=29e3f292b5302693d2672016c4553487 
Number of updated asset objects reloaded before import = 0
Number of asset objects unloaded after import = 1
========================================================================
Received Import Request.
  Time of request: 2026-09-19T15:08:32.1088563Z
  Time since last request: 0.0005184 seconds.
  importAddress: GUID: 9fede799a67b40b2a294892639a80b13 - Path: Packages/com.unity.render-pipelines.core/ShaderLibrary/Coverage.hlsl - Importer: ScriptedImporter/UnityEditor.QuickSearchModule:UnityEditor.Search:ASIAI0B
Importing 'GUID: 9fede799a67b40b2a294892639a80b13 - Path: Packages/com.unity.render-pipelines.core/ShaderLibrary/Coverage.hlsl - Importer: ScriptedImporter/UnityEditor.QuickSearchModule:UnityEditor.Search:ASIAI0B' with importer (ScriptedImporter : UnityEditor.QuickSearchModule:UnityEditor.Search:ASIAI0B)
Imported 'GUID: 9fede799a67b40b2a294892639a80b13' -> (Import Result ID: 'd7ffef72fb1f4fef06ba82499a364d6a') in 0.005 seconds [static and dynamic dependencies]. Details - ImportResultOutputID=7911ad53900c5b5a83c0aa695c8de1b1 DependenciesID=4ef1bdb5e4884e7094c24cb0cd8fcbe8 StaticDependenciesID=a266e8c69fcdbeb9fec36e03bccc970b 
Number of updated asset objects reloaded before import = 0
Number of asset objects unloaded after import = 1
========================================================================
Received Import Request.
  Time of request: 2026-09-19T15:08:32.1305654Z
  Time since last request: 0.0006186 seconds.
  importAddress: GUID: ad629edbad34c1c45afea3021c1553c8 - Path: Packages/com.unity.render-pipelines.core/ShaderLibrary/Packing.hlsl - Importer: ScriptedImporter/UnityEditor.QuickSearchModule:UnityEditor.Search:ASIAI0B
Importing 'GUID: ad629edbad34c1c45afea3021c1553c8 - Path: Packages/com.unity.render-pipelines.core/ShaderLibrary/Packing.hlsl - Importer: ScriptedImporter/UnityEditor.QuickSearchModule:UnityEditor.Search:ASIAI0B' with importer (ScriptedImporter : UnityEditor.QuickSearchModule:UnityEditor.Search:ASIAI0B)
Imported 'GUID: ad629edbad34c1c45afea3021c1553c8' -> (Import Result ID: 'dfaaa9cb4eb7cc096feea57412b7aefb') in 0.003 seconds [static and dynamic dependencies]. Details - ImportResultOutputID=b16c9235b065a18f1f66dc7413e12a97 DependenciesID=baaa79d71a0d340c543bc3fdf4375822 StaticDependenciesID=1c23ba89172b1cfcce5e23bc7075caa9 
Number of updated asset objects reloaded before import = 0
Number of asset objects unloaded after import = 1
========================================================================
Received Import Request.
  Time of request: 2026-09-19T15:08:32.1543254Z
  Time since last request: 0.0006287 seconds.
  importAddress: GUID: 6d0a880f74935174ba1b7fb044ed6afe - Path: Packages/com.unity.render-pipelines.core/Runtime-PrivateShared/AssemblyInfo.cs - Importer: ScriptedImporter/UnityEditor.QuickSearchModule:UnityEditor.Search:ASIAI0B
Importing 'GUID: 6d0a880f74935174ba1b7fb044ed6afe - Path: Packages/com.unity.render-pipelines.core/Runtime-PrivateShared/AssemblyInfo.cs - Importer: ScriptedImporter/UnityEditor.QuickSearchModule:UnityEditor.Search:ASIAI0B' with importer (ScriptedImporter : UnityEditor.QuickSearchModule:UnityEditor.Search:ASIAI0B)
Imported 'GUID: 6d0a880f74935174ba1b7fb044ed6afe' -> (Import Result ID: '5824c1539fb720835ab2b74ddf16f7cb') in 0.004 seconds [static and dynamic dependencies]. Details - ImportResultOutputID=9f929550823a9d4e457ea4ff631ccd06 DependenciesID=22a90e381cee708cffc93429fa970297 StaticDependenciesID=a85238e3bfaffb6094a96a701769d499 
Number of updated asset objects reloaded before import = 0
Number of asset objects unloaded after import = 0
========================================================================
Received Import Request.
  Time of request: 2026-09-19T15:08:32.1798608Z
  Time since last request: 0.00057 seconds.
  importAddress: GUID: c5520328ccc5d6c4e8a923677cbb21cf - Path: Packages/com.unity.render-pipelines.core/ShaderLibrary/GraniteShaderLibBase.hlsl - Importer: ScriptedImporter/UnityEditor.QuickSearchModule:UnityEditor.Search:ASIAI0B
Importing 'GUID: c5520328ccc5d6c4e8a923677cbb21cf - Path: Packages/com.unity.render-pipelines.core/ShaderLibrary/GraniteShaderLibBase.hlsl - Importer: ScriptedImporter/UnityEditor.QuickSearchModule:UnityEditor.Search:ASIAI0B' with importer (ScriptedImporter : UnityEditor.QuickSearchModule:UnityEditor.Search:ASIAI0B)
Imported 'GUID: c5520328ccc5d6c4e8a923677cbb21cf' -> (Import Result ID: 'c05cae631d742218e55dacb6da7b0f65') in 0.003 seconds [static and dynamic dependencies]. Details - ImportResultOutputID=b1b23df9e166d29698bca303f33565fe DependenciesID=e6c3e4fd7e76caaa2c2b3f3bf63f7095 StaticDependenciesID=f269d94ab25cfbccadef84513adad385 
Number of updated asset objects reloaded before import = 0
Number of asset objects unloaded after import = 1
========================================================================
Received Import Request.
  Time of request: 2026-09-19T15:08:32.2011764Z
  Time since last request: 0.0007045 seconds.
  importAddress: GUID: 93bbf250faa37d446990b9501e7fb7e8 - Path: Packages/com.unity.render-pipelines.core/ShaderLibrary/CommonLighting.hlsl - Importer: ScriptedImporter/UnityEditor.QuickSearchModule:UnityEditor.Search:ASIAI0B
Importing 'GUID: 93bbf250faa37d446990b9501e7fb7e8 - Path: Packages/com.unity.render-pipelines.core/ShaderLibrary/CommonLighting.hlsl - Importer: ScriptedImporter/UnityEditor.QuickSearchModule:UnityEditor.Search:ASIAI0B' with importer (ScriptedImporter : UnityEditor.QuickSearchModule:UnityEditor.Search:ASIAI0B)
Imported 'GUID: 93bbf250faa37d446990b9501e7fb7e8' -> (Import Result ID: '338d5e486e7441a53d608ca320762c01') in 0.008 seconds [static and dynamic dependencies]. Details - ImportResultOutputID=c02fa155b0ea0fd6f59b990a0929b493 DependenciesID=7db9159b4c63767c9a41d4a62cdb76b2 StaticDependenciesID=a0948c7e780d2c28296992d7d550a572 
Number of updated asset objects reloaded before import = 0
Number of asset objects unloaded after import = 1
========================================================================
Received Import Request.
  Time of request: 2026-09-19T15:08:32.2253084Z
  Time since last request: 0.0006334 seconds.
  importAddress: GUID: 0b8314d0f3bbae546ac915cd6e3c6ddc - Path: Packages/com.unity.render-pipelines.core/Runtime/Deprecated.cs - Importer: ScriptedImporter/UnityEditor.QuickSearchModule:UnityEditor.Search:ASIAI0B
Importing 'GUID: 0b8314d0f3bbae546ac915cd6e3c6ddc - Path: Packages/com.unity.render-pipelines.core/Runtime/Deprecated.cs - Importer: ScriptedImporter/UnityEditor.QuickSearchModule:UnityEditor.Search:ASIAI0B' with importer (ScriptedImporter : UnityEditor.QuickSearchModule:UnityEditor.Search:ASIAI0B)
Imported 'GUID: 0b8314d0f3bbae546ac915cd6e3c6ddc' -> (Import Result ID: '7be7e91c608a44c82bab216ca588ca49') in 0.004 seconds [static and dynamic dependencies]. Details - ImportResultOutputID=ec762dd267a6c53c57cb7389c90e7a03 DependenciesID=ad8ac1b9a4bd4373c70db59de5907985 StaticDependenciesID=da407a8576266c8ef48f5b09c86bcb4e 
Number of updated asset objects reloaded before import = 0
Number of asset objects unloaded after import = 0
========================================================================
Received Import Request.
  Time of request: 2026-09-19T15:08:32.2462566Z
  Time since last request: 0.0007533 seconds.
  importAddress: GUID: 2af09bb13e6547242913c40dfb0e50f9 - Path: Packages/com.unity.render-pipelines.core/ShaderLibrary/AreaLighting.hlsl - Importer: ScriptedImporter/UnityEditor.QuickSearchModule:UnityEditor.Search:ASIAI0B
Importing 'GUID: 2af09bb13e6547242913c40dfb0e50f9 - Path: Packages/com.unity.render-pipelines.core/ShaderLibrary/AreaLighting.hlsl - Importer: ScriptedImporter/UnityEditor.QuickSearchModule:UnityEditor.Search:ASIAI0B' with importer (ScriptedImporter : UnityEditor.QuickSearchModule:UnityEditor.Search:ASIAI0B)
Imported 'GUID: 2af09bb13e6547242913c40dfb0e50f9' -> (Import Result ID: '004dd4012acc1c4ba54576498447e4cf') in 0.003 seconds [static and dynamic dependencies]. Details - ImportResultOutputID=80311d32fa182bb6b9b2f96340ac1668 DependenciesID=ad2593b1145e05b71de0abcaf5d63a59 StaticDependenciesID=fe447c11b71671c5cc0bd8dd6109dd1a 
Number of updated asset objects reloaded before import = 0
Number of asset objects unloaded after import = 1
========================================================================
Received Import Request.
  Time of request: 2026-09-19T15:08:32.29904Z
  Time since last request: 0.0348781 seconds.
  importAddress: GUID: e7990b191f2f28e4884a439c088c4fe0 - Path: Packages/com.unity.render-pipelines.core/ShaderLibrary/SphericalHarmonics.hlsl - Importer: ScriptedImporter/UnityEditor.QuickSearchModule:UnityEditor.Search:ASIAI0B
Importing 'GUID: e7990b191f2f28e4884a439c088c4fe0 - Path: Packages/com.unity.render-pipelines.core/ShaderLibrary/SphericalHarmonics.hlsl - Importer: ScriptedImporter/UnityEditor.QuickSearchModule:UnityEditor.Search:ASIAI0B' with importer (ScriptedImporter : UnityEditor.QuickSearchModule:UnityEditor.Search:ASIAI0B)
Imported 'GUID: e7990b191f2f28e4884a439c088c4fe0' -> (Import Result ID: '4982a45f7ebe55b239aefe62ef582127') in 0.003 seconds [static and dynamic dependencies]. Details - ImportResultOutputID=a1d7bcef04fa8d43484c1180aed62cb9 DependenciesID=e653ff54ab268bd6e36fd830c2a0048f StaticDependenciesID=4d05552982d44b3ceed218d0ba5b3dbd 
Number of updated asset objects reloaded before import = 0
Number of asset objects unloaded after import = 1
========================================================================
Received Import Request.
  Time of request: 2026-09-19T15:08:32.3208279Z
  Time since last request: 0.0005992 seconds.
  importAddress: GUID: 24edf9d94fc418047a951393fca40966 - Path: Packages/com.unity.render-pipelines.core/Editor/Analytics/RenderPipelineGraphicsSettingsAnalytics.cs - Importer: ScriptedImporter/UnityEditor.QuickSearchModule:UnityEditor.Search:ASIAI0B
Importing 'GUID: 24edf9d94fc418047a951393fca40966 - Path: Packages/com.unity.render-pipelines.core/Editor/Analytics/RenderPipelineGraphicsSettingsAnalytics.cs - Importer: ScriptedImporter/UnityEditor.QuickSearchModule:UnityEditor.Search:ASIAI0B' with importer (ScriptedImporter : UnityEditor.QuickSearchModule:UnityEditor.Search:ASIAI0B)
Imported 'GUID: 24edf9d94fc418047a951393fca40966' -> (Import Result ID: 'b436d95508229b71c84f5451d7bb98ab') in 0.004 seconds [static and dynamic dependencies]. Details - ImportResultOutputID=225c2681164e72e05b64498706390fef DependenciesID=f51eb29bf00f268675eca76707677d0d StaticDependenciesID=42f13388bcef1807aa6c807570332a0c 
Number of updated asset objects reloaded before import = 0
Number of asset objects unloaded after import = 0
========================================================================
Received Import Request.
  Time of request: 2026-09-19T15:08:32.3465391Z
  Time since last request: 0.000885 seconds.
  importAddress: GUID: 3e30261210b9c0040baf9d684f0b3e8d - Path: Packages/com.unity.render-pipelines.core/Editor/Analytics/VolumeProfileOverridesAnalytic.cs - Importer: ScriptedImporter/UnityEditor.QuickSearchModule:UnityEditor.Search:ASIAI0B
Importing 'GUID: 3e30261210b9c0040baf9d684f0b3e8d - Path: Packages/com.unity.render-pipelines.core/Editor/Analytics/VolumeProfileOverridesAnalytic.cs - Importer: ScriptedImporter/UnityEditor.QuickSearchModule:UnityEditor.Search:ASIAI0B' with importer (ScriptedImporter : UnityEditor.QuickSearchModule:UnityEditor.Search:ASIAI0B)
Imported 'GUID: 3e30261210b9c0040baf9d684f0b3e8d' -> (Import Result ID: '1da8c781cddea55463a25f7ac9bc9976') in 0.003 seconds [static and dynamic dependencies]. Details - ImportResultOutputID=41385317e9ab2485d1aff42f80b73ae3 DependenciesID=bcbb735aa7a8ca7951faca20f98b37e6 StaticDependenciesID=66307a2981c481b1fe1f05f58844de09 
Number of updated asset objects reloaded before import = 0
Number of asset objects unloaded after import = 0
========================================================================
Received Import Request.
  Time of request: 2026-09-19T15:08:32.3672008Z
  Time since last request: 0.0005004 seconds.
  importAddress: GUID: 1a3c09fe584943f9ba43ae5a5cf0700d - Path: Packages/com.unity.render-pipelines.core/ShaderLibrary/SixWayLighting.hlsl - Importer: ScriptedImporter/UnityEditor.QuickSearchModule:UnityEditor.Search:ASIAI0B
Importing 'GUID: 1a3c09fe584943f9ba43ae5a5cf0700d - Path: Packages/com.unity.render-pipelines.core/ShaderLibrary/SixWayLighting.hlsl - Importer: ScriptedImporter/UnityEditor.QuickSearchModule:UnityEditor.Search:ASIAI0B' with importer (ScriptedImporter : UnityEditor.QuickSearchModule:UnityEditor.Search:ASIAI0B)
Imported 'GUID: 1a3c09fe584943f9ba43ae5a5cf0700d' -> (Import Result ID: 'b16ddbfb4f16d503ef8187ff2f19be0d') in 0.004 seconds [static and dynamic dependencies]. Details - ImportResultOutputID=24d5bd073129d529ac067dac3913a71e DependenciesID=aeca995e631f87b37d011ccf9f93fe75 StaticDependenciesID=a83442c09126c6c3038ca462e114f54e 
Number of updated asset objects reloaded before import = 0
Number of asset objects unloaded after import = 1
========================================================================
Received Import Request.
  Time of request: 2026-09-19T15:08:32.3889817Z
  Time since last request: 0.0005004 seconds.
  importAddress: GUID: 40b2b7ce6c436184b91d2d7ea4ef35ce - Path: Packages/com.unity.render-pipelines.core/Editor/Camera/CameraUI.Environment.Drawers.cs - Importer: ScriptedImporter/UnityEditor.QuickSearchModule:UnityEditor.Search:ASIAI0B
Importing 'GUID: 40b2b7ce6c436184b91d2d7ea4ef35ce - Path: Packages/com.unity.render-pipelines.core/Editor/Camera/CameraUI.Environment.Drawers.cs - Importer: ScriptedImporter/UnityEditor.QuickSearchModule:UnityEditor.Search:ASIAI0B' with importer (ScriptedImporter : UnityEditor.QuickSearchModule:UnityEditor.Search:ASIAI0B)
Imported 'GUID: 40b2b7ce6c436184b91d2d7ea4ef35ce' -> (Import Result ID: '7b38dec547e898a36955de80a13341ab') in 0.003 seconds [static and dynamic dependencies]. Details - ImportResultOutputID=006d2ddff6c8d99be8a85656eaeecd67 DependenciesID=3ba884479932e0f5d3d2a8dec67977a9 StaticDependenciesID=77e8cd0d3c8f01ba48191f9e4bc05a9e 
Number of updated asset objects reloaded before import = 0
Number of asset objects unloaded after import = 0
========================================================================
Received Import Request.
  Time of request: 2026-09-19T15:08:32.4101472Z
  Time since last request: 0.0005973 seconds.
  importAddress: GUID: e1cfc5ca61db3d448825f316ff92cb0b - Path: Packages/com.unity.render-pipelines.core/ShaderLibrary/UnityInstancing.hlsl - Importer: ScriptedImporter/UnityEditor.QuickSearchModule:UnityEditor.Search:ASIAI0B
Importing 'GUID: e1cfc5ca61db3d448825f316ff92cb0b - Path: Packages/com.unity.render-pipelines.core/ShaderLibrary/UnityInstancing.hlsl - Importer: ScriptedImporter/UnityEditor.QuickSearchModule:UnityEditor.Search:ASIAI0B' with importer (ScriptedImporter : UnityEditor.QuickSearchModule:UnityEditor.Search:ASIAI0B)
Imported 'GUID: e1cfc5ca61db3d448825f316ff92cb0b' -> (Import Result ID: '88e46a8a06f0701921621867101ea92e') in 0.003 seconds [static and dynamic dependencies]. Details - ImportResultOutputID=d947c6a40c736fa9c31655a2f2581a9c DependenciesID=8799b23084e176352dbd93de0dd5b6c3 StaticDependenciesID=684d7f97ae6bef68cd986ef4c4326a77 
Number of updated asset objects reloaded before import = 0
Number of asset objects unloaded after import = 1
========================================================================
Received Import Request.
  Time of request: 2026-09-19T15:08:32.4281956Z
  Time since last request: 0.0007891 seconds.
  importAddress: GUID: 77db4492d35e8db4fb0fe2936a0879e2 - Path: Packages/com.unity.render-pipelines.core/Editor/BuildProcessors/CoreBuildData.cs - Importer: ScriptedImporter/UnityEditor.QuickSearchModule:UnityEditor.Search:ASIAI0B
Importing 'GUID: 77db4492d35e8db4fb0fe2936a0879e2 - Path: Packages/com.unity.render-pipelines.core/Editor/BuildProcessors/CoreBuildData.cs - Importer: ScriptedImporter/UnityEditor.QuickSearchModule:UnityEditor.Search:ASIAI0B' with importer (ScriptedImporter : UnityEditor.QuickSearchModule:UnityEditor.Search:ASIAI0B)
Imported 'GUID: 77db4492d35e8db4fb0fe2936a0879e2' -> (Import Result ID: '87e2db591a483ae7815167640580ef8a') in 0.006 seconds [static and dynamic dependencies]. Details - ImportResultOutputID=4b9eb280d69df5391dfdd3cbacfd3f31 DependenciesID=85d369c43e0071719b7b7a624197b021 StaticDependenciesID=c9a3d8299d37f077d43b5b4848693b30 
Number of updated asset objects reloaded before import = 0
Number of asset objects unloaded after import = 0
========================================================================
Received Import Request.
  Time of request: 2026-09-19T15:08:32.4521258Z
  Time since last request: 0.0006181 seconds.
  importAddress: GUID: 5e5ba1167b7b68e4fb383ce19a13c5e7 - Path: Packages/com.unity.render-pipelines.core/Editor/Debugging/DebugWindow.uxml - Importer: ScriptedImporter/UnityEditor.QuickSearchModule:UnityEditor.Search:ASIAI0B
Importing 'GUID: 5e5ba1167b7b68e4fb383ce19a13c5e7 - Path: Packages/com.unity.render-pipelines.core/Editor/Debugging/DebugWindow.uxml - Importer: ScriptedImporter/UnityEditor.QuickSearchModule:UnityEditor.Search:ASIAI0B' with importer (ScriptedImporter : UnityEditor.QuickSearchModule:UnityEditor.Search:ASIAI0B)
Imported 'GUID: 5e5ba1167b7b68e4fb383ce19a13c5e7' -> (Import Result ID: '46ac21f89035cef09e993f397bf65a34') in 0.116 seconds [static and dynamic dependencies]. Details - ImportResultOutputID=e298072a36d08b8b14e25a7112cc46cb DependenciesID=9ba8ce1b5d98223feb1554abe536cae0 StaticDependenciesID=70f817e5700fb0aa6c962eaac48b1c3c 
Number of updated asset objects reloaded before import = 0
Number of asset objects unloaded after import = 2
========================================================================
Received Import Request.
  Time of request: 2026-09-19T15:08:32.5878767Z
  Time since last request: 0.0006288 seconds.
  importAddress: GUID: 9c0adda657f204c4199b6870832abb80 - Path: Packages/com.unity.render-pipelines.core/Editor/Gizmo/HierarchicalBox.cs - Importer: ScriptedImporter/UnityEditor.QuickSearchModule:UnityEditor.Search:ASIAI0B
Importing 'GUID: 9c0adda657f204c4199b6870832abb80 - Path: Packages/com.unity.render-pipelines.core/Editor/Gizmo/HierarchicalBox.cs - Importer: ScriptedImporter/UnityEditor.QuickSearchModule:UnityEditor.Search:ASIAI0B' with importer (ScriptedImporter : UnityEditor.QuickSearchModule:UnityEditor.Search:ASIAI0B)
Imported 'GUID: 9c0adda657f204c4199b6870832abb80' -> (Import Result ID: 'f5e595e16137b66656596c8962fd6d3e') in 0.004 seconds [static and dynamic dependencies]. Details - ImportResultOutputID=c738603335d2d4b5f6fd3fcb0e7a9754 DependenciesID=b99ff936c05f57e8f6f2f84d0754c5e7 StaticDependenciesID=0091b416b4bea99ec26c7cad4cb8f8d1 
Number of updated asset objects reloaded before import = 0
Number of asset objects unloaded after import = 0
========================================================================
Received Import Request.
  Time of request: 2026-09-19T15:08:32.6092003Z
  Time since last request: 0.000721 seconds.
  importAddress: GUID: 063144fddd2c1be41b9d09dec6314fc7 - Path: Packages/com.unity.render-pipelines.core/ShaderLibrary/SpaceFillingCurves.hlsl - Importer: ScriptedImporter/UnityEditor.QuickSearchModule:UnityEditor.Search:ASIAI0B
Importing 'GUID: 063144fddd2c1be41b9d09dec6314fc7 - Path: Packages/com.unity.render-pipelines.core/ShaderLibrary/SpaceFillingCurves.hlsl - Importer: ScriptedImporter/UnityEditor.QuickSearchModule:UnityEditor.Search:ASIAI0B' with importer (ScriptedImporter : UnityEditor.QuickSearchModule:UnityEditor.Search:ASIAI0B)
Imported 'GUID: 063144fddd2c1be41b9d09dec6314fc7' -> (Import Result ID: '7c47b41b2575f44291cc7453ecebd31e') in 0.003 seconds [static and dynamic dependencies]. Details - ImportResultOutputID=e55e56ff6839927b276d29a1e2e4589b DependenciesID=4608d0d631917401e2467069a9d548e3 StaticDependenciesID=5df48ea23d44f9a3ac51cdfc38135064 
Number of updated asset objects reloaded before import = 0
Number of asset objects unloaded after import = 1
========================================================================
Received Import Request.
  Time of request: 2026-09-19T15:08:32.6299071Z
  Time since last request: 0.0007239 seconds.
  importAddress: GUID: 6cf20b5e989565749903509e13e351f6 - Path: Packages/com.unity.render-pipelines.core/Editor/Camera/CameraUI.Rendering.Drawers.cs - Importer: ScriptedImporter/UnityEditor.QuickSearchModule:UnityEditor.Search:ASIAI0B
Importing 'GUID: 6cf20b5e989565749903509e13e351f6 - Path: Packages/com.unity.render-pipelines.core/Editor/Camera/CameraUI.Rendering.Drawers.cs - Importer: ScriptedImporter/UnityEditor.QuickSearchModule:UnityEditor.Search:ASIAI0B' with importer (ScriptedImporter : UnityEditor.QuickSearchModule:UnityEditor.Search:ASIAI0B)
Imported 'GUID: 6cf20b5e989565749903509e13e351f6' -> (Import Result ID: '6f447c0bef1fcc48e1def59c507c3fb6') in 0.003 seconds [static and dynamic dependencies]. Details - ImportResultOutputID=da00e8359c8e58cdf3e82ec63d8f27cc DependenciesID=c47f24e3a79da74dc81dcfd79fc04c5b StaticDependenciesID=1dd1e911b9300494855041d0522dbacf 
Number of updated asset objects reloaded before import = 0
Number of asset objects unloaded after import = 0
========================================================================
Received Import Request.
  Time of request: 2026-09-19T15:08:32.649637Z
  Time since last request: 0.00069 seconds.
  importAddress: GUID: d37aff5f3c2b94c43857a4e315390b33 - Path: Packages/com.unity.render-pipelines.core/Editor/InternalBridge/AssemblyInfo.cs - Importer: ScriptedImporter/UnityEditor.QuickSearchModule:UnityEditor.Search:ASIAI0B
Importing 'GUID: d37aff5f3c2b94c43857a4e315390b33 - Path: Packages/com.unity.render-pipelines.core/Editor/InternalBridge/AssemblyInfo.cs - Importer: ScriptedImporter/UnityEditor.QuickSearchModule:UnityEditor.Search:ASIAI0B' with importer (ScriptedImporter : UnityEditor.QuickSearchModule:UnityEditor.Search:ASIAI0B)
Imported 'GUID: d37aff5f3c2b94c43857a4e315390b33' -> (Import Result ID: '74ac53e85e8070a5e075015f80da75b1') in 0.003 seconds [static and dynamic dependencies]. Details - ImportResultOutputID=3f588c8758ae791780fbb0537e691b70 DependenciesID=d32d6c9bf4e359a2b8249546c171e26e StaticDependenciesID=10eaff2e49a1bf16c11f88ec7ff04800 
Number of updated asset objects reloaded before import = 0
Number of asset objects unloaded after import = 0
========================================================================
Received Import Request.
  Time of request: 2026-09-19T15:08:32.672492Z
  Time since last request: 0.0005886 seconds.
  importAddress: GUID: e7e0182f8c41fea4aaebcffa2915a381 - Path: Packages/com.unity.render-pipelines.core/Editor/Analytics/VolumeProfileUsageAnalytic.cs - Importer: ScriptedImporter/UnityEditor.QuickSearchModule:UnityEditor.Search:ASIAI0B
Importing 'GUID: e7e0182f8c41fea4aaebcffa2915a381 - Path: Packages/com.unity.render-pipelines.core/Editor/Analytics/VolumeProfileUsageAnalytic.cs - Importer: ScriptedImporter/UnityEditor.QuickSearchModule:UnityEditor.Search:ASIAI0B' with importer (ScriptedImporter : UnityEditor.QuickSearchModule:UnityEditor.Search:ASIAI0B)
Imported 'GUID: e7e0182f8c41fea4aaebcffa2915a381' -> (Import Result ID: '3d4e452e313baec3d28d4ca5ec0d708d') in 0.003 seconds [static and dynamic dependencies]. Details - ImportResultOutputID=c8ca83214141d91833e43df4f5148b6d DependenciesID=fa6c371e0ca345935eb957275cee5c16 StaticDependenciesID=01c219b00a04379d54ad551280d26bb3 
Number of updated asset objects reloaded before import = 0
Number of asset objects unloaded after import = 0
========================================================================
Received Import Request.
  Time of request: 2026-09-19T15:08:32.6912292Z
  Time since last request: 0.0006005 seconds.
  importAddress: GUID: 435c74ddc7b1fd744b934a196d6d3d82 - Path: Packages/com.unity.render-pipelines.core/ShaderLibrary/ScreenCoordOverride.hlsl - Importer: ScriptedImporter/UnityEditor.QuickSearchModule:UnityEditor.Search:ASIAI0B
Importing 'GUID: 435c74ddc7b1fd744b934a196d6d3d82 - Path: Packages/com.unity.render-pipelines.core/ShaderLibrary/ScreenCoordOverride.hlsl - Importer: ScriptedImporter/UnityEditor.QuickSearchModule:UnityEditor.Search:ASIAI0B' with importer (ScriptedImporter : UnityEditor.QuickSearchModule:UnityEditor.Search:ASIAI0B)
Imported 'GUID: 435c74ddc7b1fd744b934a196d6d3d82' -> (Import Result ID: 'd8c947c267ac799c93b3809eb400aee3') in 0.003 seconds [static and dynamic dependencies]. Details - ImportResultOutputID=9d6221727125a602409435d88838d044 DependenciesID=bf7fdc058987d684af45bf0ff63178ae StaticDependenciesID=353e9851a0e0e88ca79bce132521993f 
Number of updated asset objects reloaded before import = 0
Number of asset objects unloaded after import = 1
========================================================================
Received Import Request.
  Time of request: 2026-09-19T15:08:32.7107908Z
  Time since last request: 0.0005809 seconds.
  importAddress: GUID: 2ae707d91841f5849935209a93425289 - Path: Packages/com.unity.render-pipelines.core/Editor/BuildProcessors/CorePreprocessBuild.cs - Importer: ScriptedImporter/UnityEditor.QuickSearchModule:UnityEditor.Search:ASIAI0B
Importing 'GUID: 2ae707d91841f5849935209a93425289 - Path: Packages/com.unity.render-pipelines.core/Editor/BuildProcessors/CorePreprocessBuild.cs - Importer: ScriptedImporter/UnityEditor.QuickSearchModule:UnityEditor.Search:ASIAI0B' with importer (ScriptedImporter : UnityEditor.QuickSearchModule:UnityEditor.Search:ASIAI0B)
Imported 'GUID: 2ae707d91841f5849935209a93425289' -> (Import Result ID: '4ba88e363d03cb097f664de90c9e29c1') in 0.003 seconds [static and dynamic dependencies]. Details - ImportResultOutputID=377b30da484dd0cdbdb5ff0a1782a818 DependenciesID=bb8ed3d617e0d8a46bad41695944fa0c StaticDependenciesID=0dfc8bbb1b50efa7452cf04e578483d1 
Number of updated asset objects reloaded before import = 0
Number of asset objects unloaded after import = 0
========================================================================
Received Import Request.
  Time of request: 2026-09-19T15:08:32.730671Z
  Time since last request: 0.0005552 seconds.
  importAddress: GUID: ed711ee78a4b6e74896cbc8dbf636441 - Path: Packages/com.unity.render-pipelines.core/Editor/Analytics/AnalyticsUtils.cs - Importer: ScriptedImporter/UnityEditor.QuickSearchModule:UnityEditor.Search:ASIAI0B
Importing 'GUID: ed711ee78a4b6e74896cbc8dbf636441 - Path: Packages/com.unity.render-pipelines.core/Editor/Analytics/AnalyticsUtils.cs - Importer: ScriptedImporter/UnityEditor.QuickSearchModule:UnityEditor.Search:ASIAI0B' with importer (ScriptedImporter : UnityEditor.QuickSearchModule:UnityEditor.Search:ASIAI0B)
Imported 'GUID: ed711ee78a4b6e74896cbc8dbf636441' -> (Import Result ID: 'd1a743713cad8dfc997aadf799d71f29') in 0.003 seconds [static and dynamic dependencies]. Details - ImportResultOutputID=759c2e2a4567baa8e3ca8b637118c87e DependenciesID=f925b50beb2c3c62571e2cd42e94d920 StaticDependenciesID=2da4cc33dadc45428d9158fc0eebb232 
Number of updated asset objects reloaded before import = 0
Number of asset objects unloaded after import = 0
========================================================================
Received Import Request.
  Time of request: 2026-09-19T15:08:32.7515844Z
  Time since last request: 0.0004299 seconds.
  importAddress: GUID: 6015f12526b2ed04eb8a3943af5202da - Path: Packages/com.unity.render-pipelines.core/Editor/Debugging/DebugWindow.uss - Importer: ScriptedImporter/UnityEditor.QuickSearchModule:UnityEditor.Search:ASIAI0B
Importing 'GUID: 6015f12526b2ed04eb8a3943af5202da - Path: Packages/com.unity.render-pipelines.core/Editor/Debugging/DebugWindow.uss - Importer: ScriptedImporter/UnityEditor.QuickSearchModule:UnityEditor.Search:ASIAI0B' with importer (ScriptedImporter : UnityEditor.QuickSearchModule:UnityEditor.Search:ASIAI0B)
Imported 'GUID: 6015f12526b2ed04eb8a3943af5202da' -> (Import Result ID: 'f707f7a00fd629f6afc39ff9599a1ac7') in 0.011 seconds [static and dynamic dependencies]. Details - ImportResultOutputID=45015039a7fd1b12639dd990f7e2f5f4 DependenciesID=23d482ac209b22029bf389c8dbf649da StaticDependenciesID=183d430f2b6f4d3f2325c095fcb11f6d 
Number of updated asset objects reloaded before import = 0
Number of asset objects unloaded after import = 1
========================================================================
Received Import Request.
  Time of request: 2026-09-19T15:08:32.777771Z
  Time since last request: 0.0006436 seconds.
  importAddress: GUID: f82f0aee4a6afa04f86310b233ea3d66 - Path: Packages/com.unity.render-pipelines.core/Editor/Camera/CameraUI.Output.Skin.cs - Importer: ScriptedImporter/UnityEditor.QuickSearchModule:UnityEditor.Search:ASIAI0B
Importing 'GUID: f82f0aee4a6afa04f86310b233ea3d66 - Path: Packages/com.unity.render-pipelines.core/Editor/Camera/CameraUI.Output.Skin.cs - Importer: ScriptedImporter/UnityEditor.QuickSearchModule:UnityEditor.Search:ASIAI0B' with importer (ScriptedImporter : UnityEditor.QuickSearchModule:UnityEditor.Search:ASIAI0B)
Imported 'GUID: f82f0aee4a6afa04f86310b233ea3d66' -> (Import Result ID: 'd486131651ae630f7968c6919892eb18') in 0.004 seconds [static and dynamic dependencies]. Details - ImportResultOutputID=518d7edf5b46649cf65aeca72be98d72 DependenciesID=0f8c01fabfb9936283de58a3897524e7 StaticDependenciesID=3d68ba294af870bffc73ea8fd4b176eb 
Number of updated asset objects reloaded before import = 0
Number of asset objects unloaded after import = 0
========================================================================
Received Import Request.
  Time of request: 2026-09-19T15:08:32.8159947Z
  Time since last request: 0.0203521 seconds.
  importAddress: GUID: b65964511a83d3f4fade935687c0b243 - Path: Packages/com.unity.render-pipelines.core/Editor/SampleDependencyImportSystem/SampleList.cs - Importer: ScriptedImporter/UnityEditor.QuickSearchModule:UnityEditor.Search:ASIAI0B
Importing 'GUID: b65964511a83d3f4fade935687c0b243 - Path: Packages/com.unity.render-pipelines.core/Editor/SampleDependencyImportSystem/SampleList.cs - Importer: ScriptedImporter/UnityEditor.QuickSearchModule:UnityEditor.Search:ASIAI0B' with importer (ScriptedImporter : UnityEditor.QuickSearchModule:UnityEditor.Search:ASIAI0B)
Imported 'GUID: b65964511a83d3f4fade935687c0b243' -> (Import Result ID: 'd009a593b1fd516359da68761866650e') in 0.003 seconds [static and dynamic dependencies]. Details - ImportResultOutputID=8eea1b318d1291cd2c8d0ce6e81c5204 DependenciesID=7686f927e5c81eeff289e3c0dbc21151 StaticDependenciesID=f9000bf9aabd39c4842defc69269a2ea 
Number of updated asset objects reloaded before import = 0
Number of asset objects unloaded after import = 0
========================================================================
Received Import Request.
  Time of request: 2026-09-19T15:08:32.8384182Z
  Time since last request: 0.0005045 seconds.
  importAddress: GUID: 64259aeba8ab2c340a3a3a81caebee7d - Path: Packages/com.unity.render-pipelines.core/Editor/Lighting/LightAnchorHandles.cs - Importer: ScriptedImporter/UnityEditor.QuickSearchModule:UnityEditor.Search:ASIAI0B
Importing 'GUID: 64259aeba8ab2c340a3a3a81caebee7d - Path: Packages/com.unity.render-pipelines.core/Editor/Lighting/LightAnchorHandles.cs - Importer: ScriptedImporter/UnityEditor.QuickSearchModule:UnityEditor.Search:ASIAI0B' with importer (ScriptedImporter : UnityEditor.QuickSearchModule:UnityEditor.Search:ASIAI0B)
Imported 'GUID: 64259aeba8ab2c340a3a3a81caebee7d' -> (Import Result ID: 'd6df33f169282aee2b26914acab84891') in 0.004 seconds [static and dynamic dependencies]. Details - ImportResultOutputID=6c0ebd5c6e40716d47d4b7f3ab906717 DependenciesID=a61cb965dc4dc475b23a4398a59e67e0 StaticDependenciesID=ebe632a3de5b594c01d754dafcf1e46c 
Number of updated asset objects reloaded before import = 0
Number of asset objects unloaded after import = 0
========================================================================
Received Import Request.
  Time of request: 2026-09-19T15:08:32.8613662Z
  Time since last request: 0.0004654 seconds.
  importAddress: GUID: 8f69c566379255640bf031b4ae7fe0f5 - Path: Packages/com.unity.render-pipelines.core/Editor/Lighting/ISerializedLight.cs - Importer: ScriptedImporter/UnityEditor.QuickSearchModule:UnityEditor.Search:ASIAI0B
Importing 'GUID: 8f69c566379255640bf031b4ae7fe0f5 - Path: Packages/com.unity.render-pipelines.core/Editor/Lighting/ISerializedLight.cs - Importer: ScriptedImporter/UnityEditor.QuickSearchModule:UnityEditor.Search:ASIAI0B' with importer (ScriptedImporter : UnityEditor.QuickSearchModule:UnityEditor.Search:ASIAI0B)
Imported 'GUID: 8f69c566379255640bf031b4ae7fe0f5' -> (Import Result ID: 'd1b9bc1cb763b72a6b15c41c4feeb9d6') in 0.003 seconds [static and dynamic dependencies]. Details - ImportResultOutputID=86aa4b68c0a18ad08fe4649e0de52ccb DependenciesID=55b836a34e49e9abc782e5b5cebf2eb2 StaticDependenciesID=3066f253ed7e47a4ff93200116e5436e 
Number of updated asset objects reloaded before import = 0
Number of asset objects unloaded after import = 0
========================================================================
Received Import Request.
  Time of request: 2026-09-19T15:08:32.8840925Z
  Time since last request: 0.0007815 seconds.
  importAddress: GUID: 135f7e1e9c01406b8ea46f1bfcfb55cd - Path: Packages/com.unity.render-pipelines.core/Editor/RenderGraph/RenderGraphEditorRemoteDebugSession.cs - Importer: ScriptedImporter/UnityEditor.QuickSearchModule:UnityEditor.Search:ASIAI0B
Importing 'GUID: 135f7e1e9c01406b8ea46f1bfcfb55cd - Path: Packages/com.unity.render-pipelines.core/Editor/RenderGraph/RenderGraphEditorRemoteDebugSession.cs - Importer: ScriptedImporter/UnityEditor.QuickSearchModule:UnityEditor.Search:ASIAI0B' with importer (ScriptedImporter : UnityEditor.QuickSearchModule:UnityEditor.Search:ASIAI0B)
Imported 'GUID: 135f7e1e9c01406b8ea46f1bfcfb55cd' -> (Import Result ID: 'a5dcc27693751fc3a5b44dbcb8fef85b') in 0.007 seconds [static and dynamic dependencies]. Details - ImportResultOutputID=37f44e1bb5b5600078c2be95e0db9e47 DependenciesID=f0fe3f51ee5572adbf8618ffce06f6ae StaticDependenciesID=b3598b80e8d18c3afdf4568202f9a065 
Number of updated asset objects reloaded before import = 0
Number of asset objects unloaded after import = 0
========================================================================
Received Import Request.
  Time of request: 2026-09-19T15:08:32.9103491Z
  Time since last request: 0.0005723 seconds.
  importAddress: GUID: dedbe1894d884f119869df1b2fbf35fc - Path: Packages/com.unity.render-pipelines.core/Editor/Lighting/LightingSearchColumnProviders.cs - Importer: ScriptedImporter/UnityEditor.QuickSearchModule:UnityEditor.Search:ASIAI0B
Importing 'GUID: dedbe1894d884f119869df1b2fbf35fc - Path: Packages/com.unity.render-pipelines.core/Editor/Lighting/LightingSearchColumnProviders.cs - Importer: ScriptedImporter/UnityEditor.QuickSearchModule:UnityEditor.Search:ASIAI0B' with importer (ScriptedImporter : UnityEditor.QuickSearchModule:UnityEditor.Search:ASIAI0B)
Imported 'GUID: dedbe1894d884f119869df1b2fbf35fc' -> (Import Result ID: '9dec37c446da9d9ad96a9a19617fc3e1') in 0.003 seconds [static and dynamic dependencies]. Details - ImportResultOutputID=e90375c8d77fd10759c9f28f6ca0f485 DependenciesID=6bea653657afca3296e950da29f7c974 StaticDependenciesID=88972f4b2a30337f0b5a3cbe15ebb1b8 
Number of updated asset objects reloaded before import = 0
Number of asset objects unloaded after import = 0
========================================================================
Received Import Request.
  Time of request: 2026-09-19T15:08:32.9347715Z
  Time since last request: 0.0008715 seconds.
  importAddress: GUID: 2077bbdc519e4f4797674f4578bf3618 - Path: Packages/com.unity.render-pipelines.core/Editor/PathTracing/AssemblyInfo.cs - Importer: ScriptedImporter/UnityEditor.QuickSearchModule:UnityEditor.Search:ASIAI0B
Importing 'GUID: 2077bbdc519e4f4797674f4578bf3618 - Path: Packages/com.unity.render-pipelines.core/Editor/PathTracing/AssemblyInfo.cs - Importer: ScriptedImporter/UnityEditor.QuickSearchModule:UnityEditor.Search:ASIAI0B' with importer (ScriptedImporter : UnityEditor.QuickSearchModule:UnityEditor.Search:ASIAI0B)
Imported 'GUID: 2077bbdc519e4f4797674f4578bf3618' -> (Import Result ID: 'c7b52d2c0b11284e35c7c4e2dc13efff') in 0.003 seconds [static and dynamic dependencies]. Details - ImportResultOutputID=69047fdc12fa86f1bd3977331452d285 DependenciesID=42f65b811479adb57d2386f47e003929 StaticDependenciesID=ace570f85d0e82de81e1ee8cdd6a094a 
Number of updated asset objects reloaded before import = 0
Number of asset objects unloaded after import = 0
========================================================================
Received Import Request.
  Time of request: 2026-09-19T15:08:32.9626286Z
  Time since last request: 0.0004938 seconds.
  importAddress: GUID: 57198e360c6d9454b831562cef29b556 - Path: Packages/com.unity.render-pipelines.core/Editor/Lighting/LightUI.Skin.cs - Importer: ScriptedImporter/UnityEditor.QuickSearchModule:UnityEditor.Search:ASIAI0B
Importing 'GUID: 57198e360c6d9454b831562cef29b556 - Path: Packages/com.unity.render-pipelines.core/Editor/Lighting/LightUI.Skin.cs - Importer: ScriptedImporter/UnityEditor.QuickSearchModule:UnityEditor.Search:ASIAI0B' with importer (ScriptedImporter : UnityEditor.QuickSearchModule:UnityEditor.Search:ASIAI0B)
Imported 'GUID: 57198e360c6d9454b831562cef29b556' -> (Import Result ID: '43339977d7f4074bcc9249d9708d29a0') in 0.006 seconds [static and dynamic dependencies]. Details - ImportResultOutputID=18c51ad1dfa92ead9a1be20107525e76 DependenciesID=9775651e11d4c1703a886457d45d7b33 StaticDependenciesID=b70972bf75ecb5e521dd0747b9cee9f1 
Number of updated asset objects reloaded before import = 0
Number of asset objects unloaded after import = 0
========================================================================
Received Import Request.
  Time of request: 2026-09-19T15:08:32.9885961Z
  Time since last request: 0.0006009 seconds.
  importAddress: GUID: 19c67f927d379dc49a94746f5028e74e - Path: Packages/com.unity.render-pipelines.core/Editor/Settings/RenderPipelineGlobalSettingsProvider.deprecated.cs - Importer: ScriptedImporter/UnityEditor.QuickSearchModule:UnityEditor.Search:ASIAI0B
Importing 'GUID: 19c67f927d379dc49a94746f5028e74e - Path: Packages/com.unity.render-pipelines.core/Editor/Settings/RenderPipelineGlobalSettingsProvider.deprecated.cs - Importer: ScriptedImporter/UnityEditor.QuickSearchModule:UnityEditor.Search:ASIAI0B' with importer (ScriptedImporter : UnityEditor.QuickSearchModule:UnityEditor.Search:ASIAI0B)
Imported 'GUID: 19c67f927d379dc49a94746f5028e74e' -> (Import Result ID: '5401ef9106221a203bf6887e4caa203c') in 0.003 seconds [static and dynamic dependencies]. Details - ImportResultOutputID=6ecb8f31d212ddae7f00bcb654c1fb3e DependenciesID=9e21597f096be3db9d2da12b96707fd4 StaticDependenciesID=4cbd81e8e0ef83ca93386568cd062d20 
Number of updated asset objects reloaded before import = 0
Number of asset objects unloaded after import = 0
========================================================================
Received Import Request.
  Time of request: 2026-09-19T15:08:33.0126983Z
  Time since last request: 0.0008823 seconds.
  importAddress: GUID: 3d79fadf0079447b8a64ec414906d549 - Path: Packages/com.unity.render-pipelines.core/Editor/RenderGraph/RenderGraphViewer.PlayerConnection.cs - Importer: ScriptedImporter/UnityEditor.QuickSearchModule:UnityEditor.Search:ASIAI0B
Importing 'GUID: 3d79fadf0079447b8a64ec414906d549 - Path: Packages/com.unity.render-pipelines.core/Editor/RenderGraph/RenderGraphViewer.PlayerConnection.cs - Importer: ScriptedImporter/UnityEditor.QuickSearchModule:UnityEditor.Search:ASIAI0B' with importer (ScriptedImporter : UnityEditor.QuickSearchModule:UnityEditor.Search:ASIAI0B)
Imported 'GUID: 3d79fadf0079447b8a64ec414906d549' -> (Import Result ID: '77499951b08fbb800af7f3a456964058') in 0.002 seconds [static and dynamic dependencies]. Details - ImportResultOutputID=17de4337c7f5da30d08917fca8b542b1 DependenciesID=5d54ffbffe6e6ce64d6e72654f0d56ea StaticDependenciesID=1177520884f8ddef873d59fac731bc50 
Number of updated asset objects reloaded before import = 0
Number of asset objects unloaded after import = 0
========================================================================
Received Import Request.
  Time of request: 2026-09-19T15:08:33.0331274Z
  Time since last request: 0.0005614 seconds.
  importAddress: GUID: 96553f9815e08c541b85d966a212a07f - Path: Packages/com.unity.render-pipelines.core/Editor/SampleDependencyImportSystem/SampleDependencyImporter.cs - Importer: ScriptedImporter/UnityEditor.QuickSearchModule:UnityEditor.Search:ASIAI0B
Importing 'GUID: 96553f9815e08c541b85d966a212a07f - Path: Packages/com.unity.render-pipelines.core/Editor/SampleDependencyImportSystem/SampleDependencyImporter.cs - Importer: ScriptedImporter/UnityEditor.QuickSearchModule:UnityEditor.Search:ASIAI0B' with importer (ScriptedImporter : UnityEditor.QuickSearchModule:UnityEditor.Search:ASIAI0B)
Imported 'GUID: 96553f9815e08c541b85d966a212a07f' -> (Import Result ID: 'd786213a4d9f58ef361ca37d2f0d9020') in 0.002 seconds [static and dynamic dependencies]. Details - ImportResultOutputID=cd2010887ddb700d04794720f2e79d3a DependenciesID=b727c0ff3f66e72a1adecc508097c564 StaticDependenciesID=d9ec4b472edf49c787ccfc236b919f9a 
Number of updated asset objects reloaded before import = 0
Number of asset objects unloaded after import = 0
========================================================================
Received Import Request.
  Time of request: 2026-09-19T15:08:33.0494335Z
  Time since last request: 0.0004864 seconds.
  importAddress: GUID: 0c69256ff57964383b6408cfd6119fb3 - Path: Packages/com.unity.render-pipelines.core/Editor/ScriptTemplates/BlitSRP.txt - Importer: ScriptedImporter/UnityEditor.QuickSearchModule:UnityEditor.Search:ASIAI0B
Importing 'GUID: 0c69256ff57964383b6408cfd6119fb3 - Path: Packages/com.unity.render-pipelines.core/Editor/ScriptTemplates/BlitSRP.txt - Importer: ScriptedImporter/UnityEditor.QuickSearchModule:UnityEditor.Search:ASIAI0B' with importer (ScriptedImporter : UnityEditor.QuickSearchModule:UnityEditor.Search:ASIAI0B)
Imported 'GUID: 0c69256ff57964383b6408cfd6119fb3' -> (Import Result ID: '202596563e98f8284be5af13996d35ac') in 0.003 seconds [static and dynamic dependencies]. Details - ImportResultOutputID=f555e4a752996a46722e329289fde79a DependenciesID=6083d65f029bb41524c917ea1b12fdee StaticDependenciesID=ccd266b946bfc3fd4a54a05e8a134f4c 
Number of updated asset objects reloaded before import = 0
Number of asset objects unloaded after import = 1
========================================================================
Received Import Request.
  Time of request: 2026-09-19T15:08:33.0742319Z
  Time since last request: 0.0007906 seconds.
  importAddress: GUID: 4057e4a9a270475596393ac09512a597 - Path: Packages/com.unity.render-pipelines.core/Editor/Settings/DefaultVolumeProfileCategories.cs - Importer: ScriptedImporter/UnityEditor.QuickSearchModule:UnityEditor.Search:ASIAI0B
Importing 'GUID: 4057e4a9a270475596393ac09512a597 - Path: Packages/com.unity.render-pipelines.core/Editor/Settings/DefaultVolumeProfileCategories.cs - Importer: ScriptedImporter/UnityEditor.QuickSearchModule:UnityEditor.Search:ASIAI0B' with importer (ScriptedImporter : UnityEditor.QuickSearchModule:UnityEditor.Search:ASIAI0B)
Imported 'GUID: 4057e4a9a270475596393ac09512a597' -> (Import Result ID: '79ea4589507519954203bbb01f4f4d96') in 0.003 seconds [static and dynamic dependencies]. Details - ImportResultOutputID=4074b13dfb8eb8d1ad80d396593bca1a DependenciesID=ffc49a254666ea00a3787ce012afc3f1 StaticDependenciesID=124434910ead68c40428d5cdbbeb8731 
Number of updated asset objects reloaded before import = 0
Number of asset objects unloaded after import = 0
========================================================================
Received Import Request.
  Time of request: 2026-09-19T15:08:33.0982602Z
  Time since last request: 0.0004259 seconds.
  importAddress: GUID: a1fab0dc8c5b451b9f19f59612b24987 - Path: Packages/com.unity.render-pipelines.core/Editor/RenderGraph/RenderGraphEditorLocalDebugSession.cs - Importer: ScriptedImporter/UnityEditor.QuickSearchModule:UnityEditor.Search:ASIAI0B
Importing 'GUID: a1fab0dc8c5b451b9f19f59612b24987 - Path: Packages/com.unity.render-pipelines.core/Editor/RenderGraph/RenderGraphEditorLocalDebugSession.cs - Importer: ScriptedImporter/UnityEditor.QuickSearchModule:UnityEditor.Search:ASIAI0B' with importer (ScriptedImporter : UnityEditor.QuickSearchModule:UnityEditor.Search:ASIAI0B)
Imported 'GUID: a1fab0dc8c5b451b9f19f59612b24987' -> (Import Result ID: '956930f7aea10380adf5aaf65ddc123b') in 0.003 seconds [static and dynamic dependencies]. Details - ImportResultOutputID=18ffda7d7f1a7889baf733e3b74c4c00 DependenciesID=802a645b25e1251971c476c8c788afe4 StaticDependenciesID=7f79a7dfab441d4529af0f0f0da0ff90 
Number of updated asset objects reloaded before import = 0
Number of asset objects unloaded after import = 0
========================================================================
Received Import Request.
  Time of request: 2026-09-19T15:08:33.1187742Z
  Time since last request: 0.0005565 seconds.
  importAddress: GUID: 8e384b0630d041a48ac1d9b3681506ac - Path: Packages/com.unity.render-pipelines.core/Editor/PostProcessing/LensFlareEditorUtils.cs - Importer: ScriptedImporter/UnityEditor.QuickSearchModule:UnityEditor.Search:ASIAI0B
Importing 'GUID: 8e384b0630d041a48ac1d9b3681506ac - Path: Packages/com.unity.render-pipelines.core/Editor/PostProcessing/LensFlareEditorUtils.cs - Importer: ScriptedImporter/UnityEditor.QuickSearchModule:UnityEditor.Search:ASIAI0B' with importer (ScriptedImporter : UnityEditor.QuickSearchModule:UnityEditor.Search:ASIAI0B)
Imported 'GUID: 8e384b0630d041a48ac1d9b3681506ac' -> (Import Result ID: 'b1a1507679b93e5e5baf9602e40498c1') in 0.003 seconds [static and dynamic dependencies]. Details - ImportResultOutputID=c3e47cc30fce3cf6c263d214573f03dd DependenciesID=cb09c4b560b842b40cf3fd63912d040e StaticDependenciesID=bd8451be0cda45539c2beedecab8885b 
Number of updated asset objects reloaded before import = 0
Number of asset objects unloaded after import = 0
========================================================================
Received Import Request.
  Time of request: 2026-09-19T15:08:33.1374902Z
  Time since last request: 0.0005518 seconds.
  importAddress: GUID: 31ae7c1b0efd6b1449ab3f20822060f3 - Path: Packages/com.unity.render-pipelines.core/Editor/Properties/AdditionalPropertiesState.cs - Importer: ScriptedImporter/UnityEditor.QuickSearchModule:UnityEditor.Search:ASIAI0B
Importing 'GUID: 31ae7c1b0efd6b1449ab3f20822060f3 - Path: Packages/com.unity.render-pipelines.core/Editor/Properties/AdditionalPropertiesState.cs - Importer: ScriptedImporter/UnityEditor.QuickSearchModule:UnityEditor.Search:ASIAI0B' with importer (ScriptedImporter : UnityEditor.QuickSearchModule:UnityEditor.Search:ASIAI0B)
Imported 'GUID: 31ae7c1b0efd6b1449ab3f20822060f3' -> (Import Result ID: '8c4733c2e158d04b6b796bbfa79a8134') in 0.003 seconds [static and dynamic dependencies]. Details - ImportResultOutputID=7b82a0a3e1eea633aeb74a35d9db79b0 DependenciesID=75162aa008177a047777a76c6e94425e StaticDependenciesID=bf7c7662accca76a4a4b01bc01414552 
Number of updated asset objects reloaded before import = 0
Number of asset objects unloaded after import = 0
========================================================================
Received Import Request.
  Time of request: 2026-09-19T15:08:33.1593458Z
  Time since last request: 0.0006324 seconds.
  importAddress: GUID: 8147550de37fb934ca443edbf044e01e - Path: Packages/com.unity.render-pipelines.core/Editor/PostProcessing/LensFlareComponentSRPEditor.cs - Importer: ScriptedImporter/UnityEditor.QuickSearchModule:UnityEditor.Search:ASIAI0B
Importing 'GUID: 8147550de37fb934ca443edbf044e01e - Path: Packages/com.unity.render-pipelines.core/Editor/PostProcessing/LensFlareComponentSRPEditor.cs - Importer: ScriptedImporter/UnityEditor.QuickSearchModule:UnityEditor.Search:ASIAI0B' with importer (ScriptedImporter : UnityEditor.QuickSearchModule:UnityEditor.Search:ASIAI0B)
Imported 'GUID: 8147550de37fb934ca443edbf044e01e' -> (Import Result ID: 'fc65c7139f75dc4c593c68a3017d88e0') in 0.002 seconds [static and dynamic dependencies]. Details - ImportResultOutputID=920605ee7ae4b7ea525c92aa63fb05a2 DependenciesID=40ccdfa640579263c1b8cb7d0599207c StaticDependenciesID=e526ec38cb8c0bbef8ad564c8c4567b4 
Number of updated asset objects reloaded before import = 0
Number of asset objects unloaded after import = 0
========================================================================
Received Import Request.
  Time of request: 2026-09-19T15:08:33.179117Z
  Time since last request: 0.0005129 seconds.
  importAddress: GUID: 0969de59df3a8834a871a797e99f3ea3 - Path: Packages/com.unity.render-pipelines.core/Editor/Settings/RenderPipelineGlobalSettingsUI.Drawers.cs - Importer: ScriptedImporter/UnityEditor.QuickSearchModule:UnityEditor.Search:ASIAI0B
Importing 'GUID: 0969de59df3a8834a871a797e99f3ea3 - Path: Packages/com.unity.render-pipelines.core/Editor/Settings/RenderPipelineGlobalSettingsUI.Drawers.cs - Importer: ScriptedImporter/UnityEditor.QuickSearchModule:UnityEditor.Search:ASIAI0B' with importer (ScriptedImporter : UnityEditor.QuickSearchModule:UnityEditor.Search:ASIAI0B)
Imported 'GUID: 0969de59df3a8834a871a797e99f3ea3' -> (Import Result ID: '924d901587fdaef930f57706010a4d53') in 0.003 seconds [static and dynamic dependencies]. Details - ImportResultOutputID=bb534681d70b16dbb88052c86dbcebe9 DependenciesID=4b56f5a01627eefe3bee4248c6865bc9 StaticDependenciesID=4dfc1486d4ce65a46d60fb7480235828 
Number of updated asset objects reloaded before import = 0
Number of asset objects unloaded after import = 0
========================================================================
Received Import Request.
  Time of request: 2026-09-19T15:08:33.1972571Z
  Time since last request: 0.0007838 seconds.
  importAddress: GUID: f29084563a5ce604595e5e1395d16f6d - Path: Packages/com.unity.render-pipelines.core/Editor/Settings/SettingsProviderGUIScope.cs - Importer: ScriptedImporter/UnityEditor.QuickSearchModule:UnityEditor.Search:ASIAI0B
Importing 'GUID: f29084563a5ce604595e5e1395d16f6d - Path: Packages/com.unity.render-pipelines.core/Editor/Settings/SettingsProviderGUIScope.cs - Importer: ScriptedImporter/UnityEditor.QuickSearchModule:UnityEditor.Search:ASIAI0B' with importer (ScriptedImporter : UnityEditor.QuickSearchModule:UnityEditor.Search:ASIAI0B)
Imported 'GUID: f29084563a5ce604595e5e1395d16f6d' -> (Import Result ID: '6f57bb66ef6848eba9e5d65a8d87694e') in 0.003 seconds [static and dynamic dependencies]. Details - ImportResultOutputID=ace2d17d652829bd13b72682cdb8f447 DependenciesID=9e7784267fef7934cc5deacbba4b76fb StaticDependenciesID=f578b4bc73d227a58abf5451bba1b93c 
Number of updated asset objects reloaded before import = 0
Number of asset objects unloaded after import = 0
========================================================================
Received Import Request.
  Time of request: 2026-09-19T15:08:33.2198276Z
  Time since last request: 0.0005483 seconds.
  importAddress: GUID: 5c6068e6e01454142ba896167109475c - Path: Packages/com.unity.render-pipelines.core/Editor/Material/MaterialHeaderScope.cs - Importer: ScriptedImporter/UnityEditor.QuickSearchModule:UnityEditor.Search:ASIAI0B
Importing 'GUID: 5c6068e6e01454142ba896167109475c - Path: Packages/com.unity.render-pipelines.core/Editor/Material/MaterialHeaderScope.cs - Importer: ScriptedImporter/UnityEditor.QuickSearchModule:UnityEditor.Search:ASIAI0B' with importer (ScriptedImporter : UnityEditor.QuickSearchModule:UnityEditor.Search:ASIAI0B)
Imported 'GUID: 5c6068e6e01454142ba896167109475c' -> (Import Result ID: 'b9df47ff8997dd43f22cc9e71c111719') in 0.002 seconds [static and dynamic dependencies]. Details - ImportResultOutputID=5b4e932b270c661d87e35d85d60a4e89 DependenciesID=5fdaf91771560fbde6118010a2575859 StaticDependenciesID=7801ff992ee8efabbdcdec670d004baa 
Number of updated asset objects reloaded before import = 0
Number of asset objects unloaded after import = 0
========================================================================
Received Import Request.
  Time of request: 2026-09-19T15:08:33.238969Z
  Time since last request: 0.000593 seconds.
  importAddress: GUID: adee57cb848200543880b66dfd96f208 - Path: Packages/com.unity.render-pipelines.core/Editor/RenderGraph/RenderGraphTestsCore.cs - Importer: ScriptedImporter/UnityEditor.QuickSearchModule:UnityEditor.Search:ASIAI0B
Importing 'GUID: adee57cb848200543880b66dfd96f208 - Path: Packages/com.unity.render-pipelines.core/Editor/RenderGraph/RenderGraphTestsCore.cs - Importer: ScriptedImporter/UnityEditor.QuickSearchModule:UnityEditor.Search:ASIAI0B' with importer (ScriptedImporter : UnityEditor.QuickSearchModule:UnityEditor.Search:ASIAI0B)
Imported 'GUID: adee57cb848200543880b66dfd96f208' -> (Import Result ID: '92767686f461206b003d9d47e6583d79') in 0.003 seconds [static and dynamic dependencies]. Details - ImportResultOutputID=db42b99da3990e99dd6aed2f141282cc DependenciesID=4a8e5f02b7cb89d0ac78a03a1d1e497d StaticDependenciesID=9da837d25bb498f5bd07c263d5f94318 
Number of updated asset objects reloaded before import = 0
Number of asset objects unloaded after import = 0
========================================================================
Received Import Request.
  Time of request: 2026-09-19T15:08:33.2580899Z
  Time since last request: 0.0006183 seconds.
  importAddress: GUID: 10f1185105394dd5a8cf17fa594c1d5c - Path: Packages/com.unity.render-pipelines.core/Editor/Settings/DefaultVolumeProfileEditor.cs - Importer: ScriptedImporter/UnityEditor.QuickSearchModule:UnityEditor.Search:ASIAI0B
Importing 'GUID: 10f1185105394dd5a8cf17fa594c1d5c - Path: Packages/com.unity.render-pipelines.core/Editor/Settings/DefaultVolumeProfileEditor.cs - Importer: ScriptedImporter/UnityEditor.QuickSearchModule:UnityEditor.Search:ASIAI0B' with importer (ScriptedImporter : UnityEditor.QuickSearchModule:UnityEditor.Search:ASIAI0B)
Imported 'GUID: 10f1185105394dd5a8cf17fa594c1d5c' -> (Import Result ID: 'c1d92b9b170d708b86d947ee9d9e7347') in 0.003 seconds [static and dynamic dependencies]. Details - ImportResultOutputID=4fc5b9570ccb5a7e1f80149ec92ff759 DependenciesID=d70994b9bb89482a25d7cc73648c1aab StaticDependenciesID=a71a65e206d0f69d0c8118aad97809b8 
Number of updated asset objects reloaded before import = 0
Number of asset objects unloaded after import = 0
========================================================================
Received Import Request.
  Time of request: 2026-09-19T15:08:33.2769154Z
  Time since last request: 0.0007372 seconds.
  importAddress: GUID: f271dd66b05804343bbd8ff052f767a0 - Path: Packages/com.unity.render-pipelines.core/Editor/PropertyDrawers/VrsLutDrawer.cs - Importer: ScriptedImporter/UnityEditor.QuickSearchModule:UnityEditor.Search:ASIAI0B
Importing 'GUID: f271dd66b05804343bbd8ff052f767a0 - Path: Packages/com.unity.render-pipelines.core/Editor/PropertyDrawers/VrsLutDrawer.cs - Importer: ScriptedImporter/UnityEditor.QuickSearchModule:UnityEditor.Search:ASIAI0B' with importer (ScriptedImporter : UnityEditor.QuickSearchModule:UnityEditor.Search:ASIAI0B)
Imported 'GUID: f271dd66b05804343bbd8ff052f767a0' -> (Import Result ID: '5981d36888adf9dafdf43cf4460aabd0') in 0.003 seconds [static and dynamic dependencies]. Details - ImportResultOutputID=94447cf92e00ca2b5f2a8abdb6b70b68 DependenciesID=35e9032111341dda53f4d8649ce135bf StaticDependenciesID=f0929614529ba5ccc7a18f204011adef 
Number of updated asset objects reloaded before import = 0
Number of asset objects unloaded after import = 0
========================================================================
Received Import Request.
  Time of request: 2026-09-19T15:08:34.6851271Z
  Time since last request: 1.3733004 seconds.
  importAddress: GUID: 7e05bed69cf53a5439ed1acb56d7bbbd - Path: Packages/com.unity.render-pipelines.core/Runtime/CommandBuffers/IRasterCommandBuffer.cs - Importer: ScriptedImporter/UnityEditor.QuickSearchModule:UnityEditor.Search:ASIAI0B
Importing 'GUID: 7e05bed69cf53a5439ed1acb56d7bbbd - Path: Packages/com.unity.render-pipelines.core/Runtime/CommandBuffers/IRasterCommandBuffer.cs - Importer: ScriptedImporter/UnityEditor.QuickSearchModule:UnityEditor.Search:ASIAI0B' with importer (ScriptedImporter : UnityEditor.QuickSearchModule:UnityEditor.Search:ASIAI0B)
Imported 'GUID: 7e05bed69cf53a5439ed1acb56d7bbbd' -> (Import Result ID: '236a5ea1cfbedac37ae58c19f6cc03b6') in 0.005 seconds [static and dynamic dependencies]. Details - ImportResultOutputID=eabd610c37a1bacff442032e014c1a2e DependenciesID=44910363829609228672fc3d3d776f91 StaticDependenciesID=bcfd2728d5c7c8e8f92ee67ae2290bd1 
Number of updated asset objects reloaded before import = 0
Number of asset objects unloaded after import = 0
========================================================================
Received Import Request.
  Time of request: 2026-09-19T15:08:34.7099523Z
  Time since last request: 0.0009007 seconds.
  importAddress: GUID: df81bb6ebd9587b4a87f9974080eebf1 - Path: Packages/com.unity.render-pipelines.core/Runtime/Common/CommonStructs.cs - Importer: ScriptedImporter/UnityEditor.QuickSearchModule:UnityEditor.Search:ASIAI0B
Importing 'GUID: df81bb6ebd9587b4a87f9974080eebf1 - Path: Packages/com.unity.render-pipelines.core/Runtime/Common/CommonStructs.cs - Importer: ScriptedImporter/UnityEditor.QuickSearchModule:UnityEditor.Search:ASIAI0B' with importer (ScriptedImporter : UnityEditor.QuickSearchModule:UnityEditor.Search:ASIAI0B)
Imported 'GUID: df81bb6ebd9587b4a87f9974080eebf1' -> (Import Result ID: 'df0a7afb7b3592d3e0100aaee6cae7c3') in 0.002 seconds [static and dynamic dependencies]. Details - ImportResultOutputID=fe0a425ca0af49e70d1d1e40e7d30f5e DependenciesID=c00dd2fe3261bfd87330acdadb03f5da StaticDependenciesID=79c88b955a6f3887f9339b545f34393b 
Number of updated asset objects reloaded before import = 0
Number of asset objects unloaded after import = 0
========================================================================
Received Import Request.
  Time of request: 2026-09-19T15:08:34.7258572Z
  Time since last request: 0.0006252 seconds.
  importAddress: GUID: bd071ec383b774e48b51bd8c4a33000f - Path: Packages/com.unity.render-pipelines.core/Editor/Utilities/SerializedBitArray.cs - Importer: ScriptedImporter/UnityEditor.QuickSearchModule:UnityEditor.Search:ASIAI0B
Importing 'GUID: bd071ec383b774e48b51bd8c4a33000f - Path: Packages/com.unity.render-pipelines.core/Editor/Utilities/SerializedBitArray.cs - Importer: ScriptedImporter/UnityEditor.QuickSearchModule:UnityEditor.Search:ASIAI0B' with importer (ScriptedImporter : UnityEditor.QuickSearchModule:UnityEditor.Search:ASIAI0B)
Imported 'GUID: bd071ec383b774e48b51bd8c4a33000f' -> (Import Result ID: '938244c9ea7d885b7495869576fa6fb7') in 0.004 seconds [static and dynamic dependencies]. Details - ImportResultOutputID=2cac6ed8422057a7f6f267ff9b23f614 DependenciesID=ad9d55db8b0672624459f10ef84ef09e StaticDependenciesID=1cd35c11e122c28416b1732b5e3cab01 
Number of updated asset objects reloaded before import = 0
Number of asset objects unloaded after import = 0
========================================================================
Received Import Request.
  Time of request: 2026-09-19T15:08:34.7463938Z
  Time since last request: 0.0005661 seconds.
  importAddress: GUID: 052bf63f14f44212ba39157b6bdd877c - Path: Packages/com.unity.render-pipelines.core/Editor/Volume/VolumeComponentCopyPaste.cs - Importer: ScriptedImporter/UnityEditor.QuickSearchModule:UnityEditor.Search:ASIAI0B
Importing 'GUID: 052bf63f14f44212ba39157b6bdd877c - Path: Packages/com.unity.render-pipelines.core/Editor/Volume/VolumeComponentCopyPaste.cs - Importer: ScriptedImporter/UnityEditor.QuickSearchModule:UnityEditor.Search:ASIAI0B' with importer (ScriptedImporter : UnityEditor.QuickSearchModule:UnityEditor.Search:ASIAI0B)
Imported 'GUID: 052bf63f14f44212ba39157b6bdd877c' -> (Import Result ID: 'e7e823d478972c3d28d64d5e3c2afbce') in 0.004 seconds [static and dynamic dependencies]. Details - ImportResultOutputID=68df5f69e4f653a6ee9dd37679b3a3e3 DependenciesID=c352ec758084076795e602006f2489c2 StaticDependenciesID=a8fbdb023aee443218f8bfc2985409c4 
Number of updated asset objects reloaded before import = 0
Number of asset objects unloaded after import = 0
========================================================================
Received Import Request.
  Time of request: 2026-09-19T15:08:34.7692541Z
  Time since last request: 0.0007124 seconds.
  importAddress: GUID: cf3ac3446e9c4333b9d16ece5c21317d - Path: Packages/com.unity.render-pipelines.core/Editor/StyleSheets/RenderGraphViewer.uss - Importer: ScriptedImporter/UnityEditor.QuickSearchModule:UnityEditor.Search:ASIAI0B
Importing 'GUID: cf3ac3446e9c4333b9d16ece5c21317d - Path: Packages/com.unity.render-pipelines.core/Editor/StyleSheets/RenderGraphViewer.uss - Importer: ScriptedImporter/UnityEditor.QuickSearchModule:UnityEditor.Search:ASIAI0B' with importer (ScriptedImporter : UnityEditor.QuickSearchModule:UnityEditor.Search:ASIAI0B)
Imported 'GUID: cf3ac3446e9c4333b9d16ece5c21317d' -> (Import Result ID: 'cfe8ec65707862d20b88a8eb855ea702') in 0.009 seconds [static and dynamic dependencies]. Details - ImportResultOutputID=da0ba402456dd15d42b8aef301e6ff2d DependenciesID=9f3ccef3c6da8aa84b0fcfa4439058b6 StaticDependenciesID=ec85384fd726f47e37d824cbd7be2a2f 
Number of updated asset objects reloaded before import = 0
Number of asset objects unloaded after import = 2
========================================================================
Received Import Request.
  Time of request: 2026-09-19T15:08:34.79914Z
  Time since last request: 0.0004878 seconds.
  importAddress: GUID: 83a028a39a272694784e78db21cff69b - Path: Packages/com.unity.render-pipelines.core/Editor/StyleSheets/DefaultVolumeProfileEditor.uss - Importer: ScriptedImporter/UnityEditor.QuickSearchModule:UnityEditor.Search:ASIAI0B
Importing 'GUID: 83a028a39a272694784e78db21cff69b - Path: Packages/com.unity.render-pipelines.core/Editor/StyleSheets/DefaultVolumeProfileEditor.uss - Importer: ScriptedImporter/UnityEditor.QuickSearchModule:UnityEditor.Search:ASIAI0B' with importer (ScriptedImporter : UnityEditor.QuickSearchModule:UnityEditor.Search:ASIAI0B)
Imported 'GUID: 83a028a39a272694784e78db21cff69b' -> (Import Result ID: '56cf3bad8ac8999b50021e8013fbf0c9') in 0.005 seconds [static and dynamic dependencies]. Details - ImportResultOutputID=caf18a60c3e70c4f9e5c4b6be59c290e DependenciesID=6a973578a7103b371ccfde7b458cad2f StaticDependenciesID=89fcc9e91736c69bba72d124c630c022 
Number of updated asset objects reloaded before import = 0
Number of asset objects unloaded after import = 1
========================================================================
Received Import Request.
  Time of request: 2026-09-19T15:08:34.8239265Z
  Time since last request: 0.0005197 seconds.
  importAddress: GUID: 6ad0ab18133a3b54ebaba4af2b423f17 - Path: Packages/com.unity.render-pipelines.core/Editor/Utilities/SerializedBitArray.deprecated.cs - Importer: ScriptedImporter/UnityEditor.QuickSearchModule:UnityEditor.Search:ASIAI0B
Importing 'GUID: 6ad0ab18133a3b54ebaba4af2b423f17 - Path: Packages/com.unity.render-pipelines.core/Editor/Utilities/SerializedBitArray.deprecated.cs - Importer: ScriptedImporter/UnityEditor.QuickSearchModule:UnityEditor.Search:ASIAI0B' with importer (ScriptedImporter : UnityEditor.QuickSearchModule:UnityEditor.Search:ASIAI0B)
Imported 'GUID: 6ad0ab18133a3b54ebaba4af2b423f17' -> (Import Result ID: 'fd7e7f1f5cd9c7004f35600c0308376f') in 0.002 seconds [static and dynamic dependencies]. Details - ImportResultOutputID=51ad8985361b3b0a136ce75a0c67f887 DependenciesID=49954f57739967a9dceacb92d5a92827 StaticDependenciesID=ba02cd248a4990669302380f324b5e03 
Number of updated asset objects reloaded before import = 0
Number of asset objects unloaded after import = 0
========================================================================
Received Import Request.
  Time of request: 2026-09-19T15:08:34.8464495Z
  Time since last request: 0.0007806 seconds.
  importAddress: GUID: 5ff37ac5eaefe9e42bcd04b4ebba753e - Path: Packages/com.unity.render-pipelines.core/Runtime/CommandBuffers/RasterCommandBuffer.cs - Importer: ScriptedImporter/UnityEditor.QuickSearchModule:UnityEditor.Search:ASIAI0B
Importing 'GUID: 5ff37ac5eaefe9e42bcd04b4ebba753e - Path: Packages/com.unity.render-pipelines.core/Runtime/CommandBuffers/RasterCommandBuffer.cs - Importer: ScriptedImporter/UnityEditor.QuickSearchModule:UnityEditor.Search:ASIAI0B' with importer (ScriptedImporter : UnityEditor.QuickSearchModule:UnityEditor.Search:ASIAI0B)
Imported 'GUID: 5ff37ac5eaefe9e42bcd04b4ebba753e' -> (Import Result ID: '26043f5ec78ac416a92267ffe9f01e46') in 0.002 seconds [static and dynamic dependencies]. Details - ImportResultOutputID=46518c10c091cf7014082ac6cf3f1915 DependenciesID=e799ae95d3db4096d7ab855091a04112 StaticDependenciesID=1bbfb30e17f0483d86c5180376e87e05 
Number of updated asset objects reloaded before import = 0
Number of asset objects unloaded after import = 0
========================================================================
Received Import Request.
  Time of request: 2026-09-19T15:08:34.8681688Z
  Time since last request: 0.0006081 seconds.
  importAddress: GUID: 42d537a8a4089e448a99fc57a06d74a9 - Path: Packages/com.unity.render-pipelines.core/Editor/UnifiedRayTracing/UnifiedRTShaderImporter.cs - Importer: ScriptedImporter/UnityEditor.QuickSearchModule:UnityEditor.Search:ASIAI0B
Importing 'GUID: 42d537a8a4089e448a99fc57a06d74a9 - Path: Packages/com.unity.render-pipelines.core/Editor/UnifiedRayTracing/UnifiedRTShaderImporter.cs - Importer: ScriptedImporter/UnityEditor.QuickSearchModule:UnityEditor.Search:ASIAI0B' with importer (ScriptedImporter : UnityEditor.QuickSearchModule:UnityEditor.Search:ASIAI0B)
Imported 'GUID: 42d537a8a4089e448a99fc57a06d74a9' -> (Import Result ID: 'dea7a614738bc85c529661cf0c39c7f5') in 0.003 seconds [static and dynamic dependencies]. Details - ImportResultOutputID=62d3d68ba4bb802f98f74668956e3c25 DependenciesID=d3b4cef3f01079f1cdaa7ad4fde81d67 StaticDependenciesID=38f9c2eee258e615f790f78c8faea6c0 
Number of updated asset objects reloaded before import = 0
Number of asset objects unloaded after import = 0
========================================================================
Received Import Request.
  Time of request: 2026-09-19T15:08:34.8903692Z
  Time since last request: 0.0011345 seconds.
  importAddress: GUID: b5a8751420b0404cb9679106b091aef9 - Path: Packages/com.unity.render-pipelines.core/Runtime/Camera/CameraHistory.cs - Importer: ScriptedImporter/UnityEditor.QuickSearchModule:UnityEditor.Search:ASIAI0B
Importing 'GUID: b5a8751420b0404cb9679106b091aef9 - Path: Packages/com.unity.render-pipelines.core/Runtime/Camera/CameraHistory.cs - Importer: ScriptedImporter/UnityEditor.QuickSearchModule:UnityEditor.Search:ASIAI0B' with importer (ScriptedImporter : UnityEditor.QuickSearchModule:UnityEditor.Search:ASIAI0B)
Imported 'GUID: b5a8751420b0404cb9679106b091aef9' -> (Import Result ID: 'b391a8653bd3106f6cf097973712bdfe') in 0.003 seconds [static and dynamic dependencies]. Details - ImportResultOutputID=cd20b303f39697d9638e004324400990 DependenciesID=646b52e866ad7c0ed222d9217547a00c StaticDependenciesID=79b025a35026130e06fa1db9242c2ffe 
Number of updated asset objects reloaded before import = 0
Number of asset objects unloaded after import = 0
========================================================================
Received Import Request.
  Time of request: 2026-09-19T15:08:34.9123872Z
  Time since last request: 0.000792 seconds.
  importAddress: GUID: b35dd4b6f122695459036b125fcb7b48 - Path: Packages/com.unity.render-pipelines.core/Editor/Upscaling/UpscalerOptionsEditorCache.cs - Importer: ScriptedImporter/UnityEditor.QuickSearchModule:UnityEditor.Search:ASIAI0B
Importing 'GUID: b35dd4b6f122695459036b125fcb7b48 - Path: Packages/com.unity.render-pipelines.core/Editor/Upscaling/UpscalerOptionsEditorCache.cs - Importer: ScriptedImporter/UnityEditor.QuickSearchModule:UnityEditor.Search:ASIAI0B' with importer (ScriptedImporter : UnityEditor.QuickSearchModule:UnityEditor.Search:ASIAI0B)
Imported 'GUID: b35dd4b6f122695459036b125fcb7b48' -> (Import Result ID: 'daddcf05d4a84f706222379d05e5a156') in 0.003 seconds [static and dynamic dependencies]. Details - ImportResultOutputID=f7b05b1b9fa0260e2bbb0661722bdde1 DependenciesID=5f2c70d2f91f34406b59c665fd1647ed StaticDependenciesID=f46117c15b7c4fb890d18e9bc7cb905e 
Number of updated asset objects reloaded before import = 0
Number of asset objects unloaded after import = 0
========================================================================
Received Import Request.
  Time of request: 2026-09-19T15:08:34.9327835Z
  Time since last request: 0.0004278 seconds.
  importAddress: GUID: 18a67dd5ad5b87049bc0ed384b818caa - Path: Packages/com.unity.render-pipelines.core/Editor/ShaderStripping/ShaderPreprocessor.cs - Importer: ScriptedImporter/UnityEditor.QuickSearchModule:UnityEditor.Search:ASIAI0B
Importing 'GUID: 18a67dd5ad5b87049bc0ed384b818caa - Path: Packages/com.unity.render-pipelines.core/Editor/ShaderStripping/ShaderPreprocessor.cs - Importer: ScriptedImporter/UnityEditor.QuickSearchModule:UnityEditor.Search:ASIAI0B' with importer (ScriptedImporter : UnityEditor.QuickSearchModule:UnityEditor.Search:ASIAI0B)
Imported 'GUID: 18a67dd5ad5b87049bc0ed384b818caa' -> (Import Result ID: '3a2578cf9c251eb8d812afb75410a742') in 0.004 seconds [static and dynamic dependencies]. Details - ImportResultOutputID=811a2563a72d31c9c405319d60a3c8ef DependenciesID=1fac1fc0ff428963cb7084bd6ea143d9 StaticDependenciesID=d59372bf82e470ab02c53feba580de81 
Number of updated asset objects reloaded before import = 0
Number of asset objects unloaded after import = 0
========================================================================
Received Import Request.
  Time of request: 2026-09-19T15:08:34.9542592Z
  Time since last request: 0.0006609 seconds.
  importAddress: GUID: 5909aeed57082bc4eb14d48c7e088959 - Path: Packages/com.unity.render-pipelines.core/Runtime/CommandBuffers/BaseCommandBufer.cs - Importer: ScriptedImporter/UnityEditor.QuickSearchModule:UnityEditor.Search:ASIAI0B
Importing 'GUID: 5909aeed57082bc4eb14d48c7e088959 - Path: Packages/com.unity.render-pipelines.core/Runtime/CommandBuffers/BaseCommandBufer.cs - Importer: ScriptedImporter/UnityEditor.QuickSearchModule:UnityEditor.Search:ASIAI0B' with importer (ScriptedImporter : UnityEditor.QuickSearchModule:UnityEditor.Search:ASIAI0B)
Imported 'GUID: 5909aeed57082bc4eb14d48c7e088959' -> (Import Result ID: '319bdb260abe352bd6f4dbf370cbe59b') in 0.004 seconds [static and dynamic dependencies]. Details - ImportResultOutputID=a2898a8a34f7d694f49978c5873e60e6 DependenciesID=e47930c52636236fb714b923a6950cd1 StaticDependenciesID=b6aa0da0c9543c348ca6ad3c5f42209f 
Number of updated asset objects reloaded before import = 0
Number of asset objects unloaded after import = 0
========================================================================
Received Import Request.
  Time of request: 2026-09-19T15:08:34.9719163Z
  Time since last request: 0.0005886 seconds.
  importAddress: GUID: a93fadbee2eb1eb4d96832313dda4a94 - Path: Packages/com.unity.render-pipelines.core/Editor/Utilities/TimedScope.cs - Importer: ScriptedImporter/UnityEditor.QuickSearchModule:UnityEditor.Search:ASIAI0B
Importing 'GUID: a93fadbee2eb1eb4d96832313dda4a94 - Path: Packages/com.unity.render-pipelines.core/Editor/Utilities/TimedScope.cs - Importer: ScriptedImporter/UnityEditor.QuickSearchModule:UnityEditor.Search:ASIAI0B' with importer (ScriptedImporter : UnityEditor.QuickSearchModule:UnityEditor.Search:ASIAI0B)
Imported 'GUID: a93fadbee2eb1eb4d96832313dda4a94' -> (Import Result ID: '7e5d420b8f93a8f8c5d3f07dcf3843e6') in 0.003 seconds [static and dynamic dependencies]. Details - ImportResultOutputID=c0c32aeb07ad23c788a58808c2c9fcdb DependenciesID=c30c5cae3fd07460c8b044986fe0e30d StaticDependenciesID=0c58c1fe5dde43a97cd4732f849f5372 
Number of updated asset objects reloaded before import = 0
Number of asset objects unloaded after import = 0
========================================================================
Received Import Request.
  Time of request: 2026-09-19T15:08:34.9903039Z
  Time since last request: 0.0005256 seconds.
  importAddress: GUID: 00387952e4f43ec45a9084e579a44e4e - Path: Packages/com.unity.render-pipelines.core/Editor/UXML/RenderGraphViewer.uxml - Importer: ScriptedImporter/UnityEditor.QuickSearchModule:UnityEditor.Search:ASIAI0B
Importing 'GUID: 00387952e4f43ec45a9084e579a44e4e - Path: Packages/com.unity.render-pipelines.core/Editor/UXML/RenderGraphViewer.uxml - Importer: ScriptedImporter/UnityEditor.QuickSearchModule:UnityEditor.Search:ASIAI0B' with importer (ScriptedImporter : UnityEditor.QuickSearchModule:UnityEditor.Search:ASIAI0B)
Imported 'GUID: 00387952e4f43ec45a9084e579a44e4e' -> (Import Result ID: '2a5a6e68c9abd4148df27d254255ac21') in 0.016 seconds [static and dynamic dependencies]. Details - ImportResultOutputID=8e1a856f76a9aca71564a084dc5a3ccf DependenciesID=c4cdb52ae4a1fb0c0c458a90de96b895 StaticDependenciesID=140b11c33787ae9e9cb4bf5ad22ec806 
Number of updated asset objects reloaded before import = 0
Number of asset objects unloaded after import = 4
========================================================================
Received Import Request.
  Time of request: 2026-09-19T15:08:35.0204479Z
  Time since last request: 0.0005126 seconds.
  importAddress: GUID: 925e22fd08389624bbc859935ca73339 - Path: Packages/com.unity.render-pipelines.core/Editor/StyleSheets/RenderPipelineGlobalSettings.uss - Importer: ScriptedImporter/UnityEditor.QuickSearchModule:UnityEditor.Search:ASIAI0B
Importing 'GUID: 925e22fd08389624bbc859935ca73339 - Path: Packages/com.unity.render-pipelines.core/Editor/StyleSheets/RenderPipelineGlobalSettings.uss - Importer: ScriptedImporter/UnityEditor.QuickSearchModule:UnityEditor.Search:ASIAI0B' with importer (ScriptedImporter : UnityEditor.QuickSearchModule:UnityEditor.Search:ASIAI0B)
Imported 'GUID: 925e22fd08389624bbc859935ca73339' -> (Import Result ID: '1a909514b8014e4ab29d81ee615a4ebd') in 0.004 seconds [static and dynamic dependencies]. Details - ImportResultOutputID=e46b88f72c35ce29327170d5959cecec DependenciesID=bd29df7736e9c0ef54f41dcd3cef140e StaticDependenciesID=4dd4ec471527130418f7b5052c53724b 
Number of updated asset objects reloaded before import = 0
Number of asset objects unloaded after import = 1
========================================================================
Received Import Request.
  Time of request: 2026-09-19T15:08:35.0408501Z
  Time since last request: 0.0005213 seconds.
  importAddress: GUID: 86bb22b0f58049838f9c49469f6b82e7 - Path: Packages/com.unity.render-pipelines.core/Editor/StyleSheets/LightingSearchColumnProviders.uss - Importer: ScriptedImporter/UnityEditor.QuickSearchModule:UnityEditor.Search:ASIAI0B
Importing 'GUID: 86bb22b0f58049838f9c49469f6b82e7 - Path: Packages/com.unity.render-pipelines.core/Editor/StyleSheets/LightingSearchColumnProviders.uss - Importer: ScriptedImporter/UnityEditor.QuickSearchModule:UnityEditor.Search:ASIAI0B' with importer (ScriptedImporter : UnityEditor.QuickSearchModule:UnityEditor.Search:ASIAI0B)
Imported 'GUID: 86bb22b0f58049838f9c49469f6b82e7' -> (Import Result ID: '641b4661cc954a88a9bec43b686cb20d') in 0.007 seconds [static and dynamic dependencies]. Details - ImportResultOutputID=ead52f98e23e84ca75eda28262243cdc DependenciesID=b9b5aaa32e84eed339b71106e30438f1 StaticDependenciesID=e5d0dd562147b47e1e17526a0cba7223 
Number of updated asset objects reloaded before import = 0
Number of asset objects unloaded after import = 1
========================================================================
Received Import Request.
  Time of request: 2026-09-19T15:08:35.0627523Z
  Time since last request: 0.0005855 seconds.
  importAddress: GUID: 0cd3688d1b5f3194780d5edc0da54e7b - Path: Packages/com.unity.render-pipelines.core/Editor/Volume/VolumeGizmoDrawer.cs - Importer: ScriptedImporter/UnityEditor.QuickSearchModule:UnityEditor.Search:ASIAI0B
Importing 'GUID: 0cd3688d1b5f3194780d5edc0da54e7b - Path: Packages/com.unity.render-pipelines.core/Editor/Volume/VolumeGizmoDrawer.cs - Importer: ScriptedImporter/UnityEditor.QuickSearchModule:UnityEditor.Search:ASIAI0B' with importer (ScriptedImporter : UnityEditor.QuickSearchModule:UnityEditor.Search:ASIAI0B)
Imported 'GUID: 0cd3688d1b5f3194780d5edc0da54e7b' -> (Import Result ID: 'fac47a0feaf1b0460a39cb39d7147d4b') in 0.003 seconds [static and dynamic dependencies]. Details - ImportResultOutputID=7ba61e8f47d65e3689d8bf40342115cb DependenciesID=6a674ff6cc68b238199dc89a3b3dc51e StaticDependenciesID=8cfcba56e4a8cf081a70957128fdb5f2 
Number of updated asset objects reloaded before import = 0
Number of asset objects unloaded after import = 0
========================================================================
Received Prepare
AcceleratorClientConnectionCallback - disconnected - :0
Refreshing native plugins compatible for Editor in 64.69 ms, found 4 plugins.
Unloading 62 Unused Serialized files (Serialized files now loaded: 0)
Unloading 376 unused Assets / (5.4 MB). Loaded Objects now: 7469.
Memory consumption went from 334.7 MB to 329.2 MB.
Total: 25.332700 ms (FindLiveObjects: 0.864100 ms CreateObjectMapping: 0.280400 ms MarkObjects: 14.897500 ms  DeleteObjects: 7.679000 ms)

Prepare: number of updated asset objects reloaded= 0
Editor requested this worker to shutdown with reason: Editor is closing down
AcceleratorClientConnectionCallback - disconnected - :0
AssetImportWorker is now disconnected from the server
Process exiting
[ExitDontLaunchBugReporter] Exiting without the bug reporter. Application will exit with return code 0
