[Licensing::Module] Trying to connect to existing licensing client channel...
Built from '6000.6/respin/6000.6.0f1-fa21a270ab12' branch; Version is '6000.6.0f1 (f7f8ed4d1e24) revision 16251117'; Using compiler version '194234433'; Build Type 'Release'
[Licensing::IpcConnector] Successfully connected to: "LicenseClient-laiet" at "2026-09-19T15:00:22.6810131Z"
OS: 'Windows 11  (10.0.26200) Core' Language: 'en' Physical Memory: 32389 MB
BatchMode: 1, IsHumanControllingUs: 0, StartBugReporterOnCrash: 0, Is64bit: 1
System  architecture: x64
Process architecture: x64
Date: 2026-09-19T15:00:22Z
[Licensing::Client] Code 10 while verifying Licensing Client signature (process Id: 21856, path: "C:/Program Files/Unity Hub/UnityLicensingClient_V1/Unity.Licensing.Client.exe")
[Licensing::Module] LicensingClient has failed validation; ignoring
[Licensing::Client] Error: HandshakeResponse reported an error:
	ResponseCode: 505
	ResponseStatus: Unsupported protocol version '1.18.3'.
[Licensing::Module] Error: Failed to handshake to channel: "LicenseClient-laiet"
[Licensing::IpcConnector] LicenseClient-laiet channel disconnected successfully.
[Licensing::IpcConnector] Successfully connected to: "LicenseClient-laiet-6000.6.0" at "2026-09-19T15:00:22.7791506Z"
[Licensing::Client] Code 10 while verifying Licensing Client signature (process Id: 5420, path: "C:/Program Files/Unity/Hub/Editor/6000.6.0f1/Editor/Data/Resources/Licensing/Client/Unity.Licensing.Client.exe")
[Licensing::Module] LicensingClient has failed validation; ignoring
[Licensing::Client] Handshaking with LicensingClient:
  Version:                 1.18.3+d7ffd15
  Session Id:              7de2ea46e9ee40f88277d22fa04c58cd
  Correlation Id:          ab694d64c5537f87c0b7b88d6244bfd5
  External correlation Id: 9206476501925787371
  Machine Id:              HCb8288S53yk6J8ODf7DAeTIerY=
[Licensing::Module] Successfully connected to LicensingClient on channel: "LicenseClient-laiet-6000.6.0" (connect: 0.00s, validation: 0.00s, handshake: 0.01s)
[Licensing::IpcConnector] Successfully connected to: "LicenseClient-laiet-6000.6.0-notifications" at "2026-09-19T15:00:22.7954994Z"
[Licensing::Module] Licensing Background thread has ended after 0.11s

COMMAND LINE ARGUMENTS:
C:\Program Files\Unity\Hub\Editor\6000.6.0f1\Editor\Unity.exe
-adb2
-batchMode
-noUpm
-name
AssetImportWorkerHW2
-projectPath
C:/Users/laiet/Desktop/Projects/bus-driver/BusDriver
-logFile
Logs/AssetImportWorkerHW2.log
-srvPort
58257
-parentPid
34340
-analyticsCloudUserId
3573732810916
-analyticsLocalProjectId
9bb8911c4fbd0cd49aed397f86ff2d8a
-editorAnalyticsEnabled
1
-cbmEditorLicense
cee8404d656a25eda48dfaf9880f2cb50a205b1c
-cbmMachineId
HCb8288S53yk6J8ODf7DAeTIerY=
-noDiagnosticSwitchPersistentStore
-job-worker-count
9
-background-job-worker-count
8
-asset-garbage-collectors
1
-force-d3d12
-name
AssetImport
Successfully changed project path to: C:/Users/laiet/Desktop/Projects/bus-driver/BusDriver
C:/Users/laiet/Desktop/Projects/bus-driver/BusDriver
[UnityMemory] Configuration Parameters - Can be set up in boot.config
    "memorysetup-temp-allocator-size-gi-baking-worker=262144"
    "memorysetup-temp-allocator-size-gi-baking-worker=262144"
    "memorysetup-temp-allocator-size-gi-baking-worker=262144"
    "memorysetup-temp-allocator-size-gi-baking-worker=262144"
    "memorysetup-temp-allocator-size-gi-baking-worker=262144"
    "memorysetup-temp-allocator-size-nav-mesh-worker=65536"
    "memorysetup-temp-allocator-size-audio-worker=65536"
    "memorysetup-temp-allocator-size-cloud-worker=32768"
    "memorysetup-temp-allocator-size-gfx=262144"
    "memorysetup-remapper-allocator-initial-capacity=32768"
    "memorysetup-temp-allocator-size-preload-manager=33554432"
    "memorysetup-allocator-temp-initial-block-size-main=262144"
    "memorysetup-allocator-temp-initial-block-size-worker=262144"
    "memorysetup-temp-allocator-size-job-worker=262144"
    "memorysetup-temp-allocator-size-background-worker=32768"
    "memorysetup-bucket-allocator-granularity=16"
    "memorysetup-bucket-allocator-bucket-count=8"
    "memorysetup-bucket-allocator-block-size=33554432"
    "memorysetup-bucket-allocator-block-count=8"
    "memorysetup-main-allocator-block-size=16777216"
    "memorysetup-thread-allocator-block-size=16777216"
    "memorysetup-main-allocator-mimalloc-enabled=1"
    "memorysetup-gfx-main-allocator-block-size=16777216"
    "memorysetup-gfx-thread-allocator-block-size=16777216"
    "memorysetup-cache-allocator-block-size=4194304"
    "memorysetup-typetree-allocator-block-size=2097152"
    "memorysetup-profiler-bucket-allocator-granularity=16"
    "memorysetup-profiler-bucket-allocator-bucket-count=8"
    "memorysetup-profiler-bucket-allocator-block-size=33554432"
    "memorysetup-profiler-bucket-allocator-block-count=8"
    "memorysetup-profiler-allocator-block-size=16777216"
    "memorysetup-profiler-editor-allocator-block-size=1048576"
    "memorysetup-temp-allocator-size-main=16777216"
    "memorysetup-job-temp-allocator-block-size=2097152"
    "memorysetup-job-temp-allocator-block-size-background=1048576"
    "memorysetup-job-temp-allocator-reduction-small-platforms=262144"
Player connection [3412]  Target information:

Player connection [3412]  * "[IP] 10.24.32.72 [Port] 0 [Flags] 2 [Guid] 648983104 [EditorId] 648983104 [Version] 1048832 [Id] WindowsEditor(7,EthanLai_Laptop) [Debug] 1 [PackageName] WindowsEditor [ProjectName] Editor" 

Player connection [3412] Host joined multi-casting on [225.0.0.222:54997]...
Player connection [3412] Host joined alternative multi-casting on [225.0.0.222:34997]...
JobSystem: Creating JobQueue using job-worker-count value 9
Input System module state changed to: Initialized.
[Physics::Module] Initialized fallback backend.
[Physics::Module] Id: 0xdecafbad
Library Redirect Path: Library/
Initialising UDS system complete:
  - System type: Client
  - Resource namespace: b24de9cb9d8b4ae3cafebcc8690133fb
  - Shared memory size: 1073741824
  - Command buffer id: 1052576
  - Command buffer size: 8192
  - Hashmap size: 4194304
  - Service connected: true
  - Service working directory: Library/DataStore/
[Physics::Module] Selected backend.
[Physics::Module] Name: PhysX
[Physics::Module] Id: 0xf2b8ea05
[Physics::Module] SDK Version: 4.1.2
[Physics::Module] Integration Version: 1.0.0
[Physics::Module] Threading Mode: Multi-Threaded
Refreshing native plugins compatible for Editor in 6.02 ms, found 4 plugins.
Initialize engine version: 6000.6.0f1 (f7f8ed4d1e24)
[EntityIdStore] init: VM path (explicit commit), pageSize=4096, blockCount=1048576, entitiesPerBlock=256, slots reserved=4294967296 bytes
[Subsystems] Discovering subsystems at path C:/Program Files/Unity/Hub/Editor/6000.6.0f1/Editor/Data/Resources/UnitySubsystems
[Subsystems] Discovering subsystems at path C:/Users/laiet/Desktop/Projects/bus-driver/BusDriver/Assets
Forcing GfxDevice: Direct3D 12
GfxDevice: creating device client; kGfxThreadingModeNonThreaded
d3d12: failed to query info queue interface (0x80004002).
Direct3D:
    Version:         Direct3D 12 [level 12.2]
    Renderer:        NVIDIA GeForce RTX 4070 Laptop GPU (ID=0x2820)
    Vendor:          NVIDIA
    VRAM:            7948 MB
    App VRAM Budget: 7180 MB
    Driver:          32.0.15.6607
Initialize mono
Mono path[0] = 'C:/Program Files/Unity/Hub/Editor/6000.6.0f1/Editor/Data/Managed'
Mono path[1] = 'C:/Program Files/Unity/Hub/Editor/6000.6.0f1/Editor/Data/BCLExtensions/runtime/netstandard2.1'
Mono path[2] = 'C:/Program Files/Unity/Hub/Editor/6000.6.0f1/Editor/Data/MonoBleedingEdge/lib/mono/unityjit-win32'
Mono config path = 'C:/Program Files/Unity/Hub/Editor/6000.6.0f1/Editor/Data/MonoBleedingEdge/etc'
Using monoOptions --debugger-agent=transport=dt_socket,embedding=1,server=y,suspend=n,address=127.0.0.1:56212
CodeReloadManager initialized
Begin MonoManager ReloadAssembly
Registering precompiled unity dll's ...
Register platform support module: C:/Program Files/Unity/Hub/Editor/6000.6.0f1/Editor/Data/PlaybackEngines/WindowsStandaloneSupport/UnityEditor.WindowsStandalone.Extensions.dll
Registered in 0.002762 seconds.
Native extension for WindowsStandalone target not found
Package Manager log level set to [2]
[Package Manager] Failed to launch server process. Reason: Unity was launched with the -noUpm command-line argument
[Package Manager] Unable to send message (not connected to server process).
[Package Manager] Cannot connect to Unity Package Manager local server
ScheduleIndexationOnStartup MainProcess:False IndexOnStartup:True
Scripting: successfully reloaded assembly
- Finished resetting the current domain, in  1.128 seconds
Domain Reload Profiling: 2394ms
	BeginReloadAssembly (331ms)
	RebuildCommonClasses (12ms)
	RebuildNativeTypeToScriptingClass (40ms)
	initialDomainReloadingComplete (145ms)
	LoadAllAssembliesAndSetupDomain (736ms)
		LoadAssemblies (319ms)
		TypeCache.Refresh (525ms)
			TypeCache.ScanAssembly (490ms)
		AnalyzeDomain (1ms)
	FinalizeReload (1130ms)
		SetupLoadedEditorAssemblies (0ms)
			LogAssemblyErrors (4ms)
			InitializePlatformSupportModulesInManaged (8ms)
			BeforeProcessingInitializeOnLoad (264ms)
			ProcessInitializeOnLoadAttributes (202ms)
			ProcessInitializeOnLoadMethodAttributes (430ms)
Initializing Unity extensions:
[Licensing::Client] Successfully resolved entitlement details
[Licensing::Module] License group:
  Id: F4-3WKU-2EDZ-P6WP-CPPR-XXXX
  Product: Unity Personal
  Type: ULF
  Expiration: Unlimited
========================================================================
Worker process is ready to serve import requests
Import Worker Mode flag is 0x00
Begin MonoManager ReloadAssembly
'Packages/com.unity.render-pipelines.core/Editor/Deprecated.cs' contains partial class of Unity.Object, exactly 1 of the partial classes needs to be in a file with the same filename. This is to know the one that can be referenced from ie. GameObjects
'Packages/com.unity.render-pipelines.core/Editor/Deprecated.cs' contains partial class of Unity.Object, exactly 1 of the partial classes needs to be in a file with the same filename. This is to know the one that can be referenced from ie. GameObjects
Refreshing native plugins compatible for Editor in 3.83 ms, found 4 plugins.
Native extension for WindowsStandalone target not found
[Package Manager] Failed to launch server process. Reason: Unity was launched with the -noUpm command-line argument
[Package Manager] Unable to send message (not connected to server process).
[Package Manager] Cannot connect to Unity Package Manager local server
[Package Manager] Failed to launch server process. Reason: Unity was launched with the -noUpm command-line argument
[Package Manager] Unable to send message (not connected to server process).
[Package Manager] Cannot connect to Unity Package Manager local server
ScheduleIndexationOnStartup MainProcess:False IndexOnStartup:True
Scripting: successfully reloaded assembly
- Finished resetting the current domain, in  1.617 seconds
Domain Reload Profiling: 3741ms
	BeginReloadAssembly (502ms)
		DisableScriptedObjects (19ms)
		CreateAndSetChildDomain (59ms)
	RebuildCommonClasses (21ms)
	RebuildNativeTypeToScriptingClass (41ms)
	initialDomainReloadingComplete (125ms)
	LoadAllAssembliesAndSetupDomain (1433ms)
		LoadAssemblies (801ms)
		TypeCache.Refresh (373ms)
			TypeCache.ScanAssembly (348ms)
		AnalyzeDomain (169ms)
			BuildScriptInfoCaches (158ms)
			ResolveRequiredComponents (9ms)
	FinalizeReload (1619ms)
		SetupLoadedEditorAssemblies (0ms)
			LogAssemblyErrors (10ms)
			InitializePlatformSupportModulesInManaged (4ms)
			BeforeProcessingInitializeOnLoad (241ms)
			ProcessInitializeOnLoadAttributes (606ms)
			ProcessInitializeOnLoadMethodAttributes (168ms)
			AfterProcessingInitializeOnLoad (12ms)
		AwakeInstancesAfterBackupRestoration (16ms)
AcceleratorClientConnectionCallback - disconnected - :0
Launched and connected shader compiler UnityShaderCompiler.exe after 0.04 seconds
Refreshing native plugins compatible for Editor in 3.92 ms, found 4 plugins.
Unloading 63 Unused Serialized files (Serialized files now loaded: 0)
Unloading 6611 unused Assets / (9.5 MB). Loaded Objects now: 7450.
Memory consumption went from 335.0 MB to 325.5 MB.
Total: 17.441700 ms (FindLiveObjects: 1.103400 ms CreateObjectMapping: 0.513600 ms MarkObjects: 10.559200 ms  DeleteObjects: 4.798400 ms)

========================================================================
Received Import Request.
  Time of request: 2026-09-19T15:00:37.9001134Z
  Time since last request: 365297.68587049999041 seconds.
  importAddress: GUID: 897c3a3f5c4038345a7143573bbb4a40 - Path: Packages/com.unity.collab-proxy/Editor/Assets/Images/d_step2.png - Importer: ScriptedImporter/UnityEditor.QuickSearchModule:UnityEditor.Search:ASIAI0B
Importing 'GUID: 897c3a3f5c4038345a7143573bbb4a40 - Path: Packages/com.unity.collab-proxy/Editor/Assets/Images/d_step2.png - Importer: ScriptedImporter/UnityEditor.QuickSearchModule:UnityEditor.Search:ASIAI0B' with importer (ScriptedImporter : UnityEditor.QuickSearchModule:UnityEditor.Search:ASIAI0B)
Imported 'GUID: 897c3a3f5c4038345a7143573bbb4a40' -> (Import Result ID: '9a00ca60d0d152ff62ab03e783220676') in 0.318 seconds [static and dynamic dependencies]. Details - ImportResultOutputID=98674ca566710bc640bcb0d4bc3b998c DependenciesID=2b058a6464cd5b7f8f61faea04736874 StaticDependenciesID=8b43177df6e5353daf5ea9c734a6d809 
Number of updated asset objects reloaded before import = 0
Number of asset objects unloaded after import = 1
========================================================================
Received Import Request.
  Time of request: 2026-09-19T15:00:38.2498492Z
  Time since last request: 0.0007825 seconds.
  importAddress: GUID: 9a1ab8af8c446204e989a90f18305caf - Path: Packages/com.unity.collab-proxy/Editor/Assets/Images/iconaddedlocal.png - Importer: ScriptedImporter/UnityEditor.QuickSearchModule:UnityEditor.Search:ASIAI0B
Importing 'GUID: 9a1ab8af8c446204e989a90f18305caf - Path: Packages/com.unity.collab-proxy/Editor/Assets/Images/iconaddedlocal.png - Importer: ScriptedImporter/UnityEditor.QuickSearchModule:UnityEditor.Search:ASIAI0B' with importer (ScriptedImporter : UnityEditor.QuickSearchModule:UnityEditor.Search:ASIAI0B)
Imported 'GUID: 9a1ab8af8c446204e989a90f18305caf' -> (Import Result ID: '206be627fe6475c84db27ea2878ddb9a') in 0.014 seconds [static and dynamic dependencies]. Details - ImportResultOutputID=2b25d68de6ee053683e6a75cc3daea73 DependenciesID=afccfdb34e9b4aa87cc597f83f1402cd StaticDependenciesID=ef8d1edd95b63eb1ef524631c11c9051 
Number of updated asset objects reloaded before import = 0
Number of asset objects unloaded after import = 1
========================================================================
Received Import Request.
  Time of request: 2026-09-19T15:00:38.2903974Z
  Time since last request: 0.0007112 seconds.
  importAddress: GUID: 2f46ec0fe83ef4781ae320b04343d69b - Path: Packages/com.unity.collab-proxy/Editor/Assets/Images/iconheckmark.png - Importer: ScriptedImporter/UnityEditor.QuickSearchModule:UnityEditor.Search:ASIAI0B
Importing 'GUID: 2f46ec0fe83ef4781ae320b04343d69b - Path: Packages/com.unity.collab-proxy/Editor/Assets/Images/iconheckmark.png - Importer: ScriptedImporter/UnityEditor.QuickSearchModule:UnityEditor.Search:ASIAI0B' with importer (ScriptedImporter : UnityEditor.QuickSearchModule:UnityEditor.Search:ASIAI0B)
Imported 'GUID: 2f46ec0fe83ef4781ae320b04343d69b' -> (Import Result ID: '1c418d3d9f290e50a831796376361531') in 0.054 seconds [static and dynamic dependencies]. Details - ImportResultOutputID=4e3963d6daa253fd087855f7e0665eb4 DependenciesID=f75aa31317ca3cd5d90f06432854d4dd StaticDependenciesID=ce2f6d36089c55e8127cf04e04a8de70 
Number of updated asset objects reloaded before import = 0
Number of asset objects unloaded after import = 3
========================================================================
Received Import Request.
  Time of request: 2026-09-19T15:00:38.3659018Z
  Time since last request: 0.0008586 seconds.
  importAddress: GUID: c5d82e0b4fbcf42539ceffc642e631ce - Path: Packages/com.unity.collab-proxy/Editor/Assets/Images/iconchangesets.png - Importer: ScriptedImporter/UnityEditor.QuickSearchModule:UnityEditor.Search:ASIAI0B
Importing 'GUID: c5d82e0b4fbcf42539ceffc642e631ce - Path: Packages/com.unity.collab-proxy/Editor/Assets/Images/iconchangesets.png - Importer: ScriptedImporter/UnityEditor.QuickSearchModule:UnityEditor.Search:ASIAI0B' with importer (ScriptedImporter : UnityEditor.QuickSearchModule:UnityEditor.Search:ASIAI0B)
Imported 'GUID: c5d82e0b4fbcf42539ceffc642e631ce' -> (Import Result ID: 'd340d656d1ee5263c4c12709ae51f2d1') in 0.015 seconds [static and dynamic dependencies]. Details - ImportResultOutputID=be618287cbd14bfeafb45ba914d87710 DependenciesID=9e81d3f853d1812562256652b3b8a359 StaticDependenciesID=f63fed6159434ce2e1a208c9fe526f27 
Number of updated asset objects reloaded before import = 0
Number of asset objects unloaded after import = 3
========================================================================
Received Import Request.
  Time of request: 2026-09-19T15:00:38.4000617Z
  Time since last request: 0.0002903 seconds.
  importAddress: GUID: 752ba7759bdbd45c59b7e7df302ea223 - Path: Packages/com.unity.collab-proxy/Editor/Assets/Images/iconarrowdown@2x.png - Importer: ScriptedImporter/UnityEditor.QuickSearchModule:UnityEditor.Search:ASIAI0B
Importing 'GUID: 752ba7759bdbd45c59b7e7df302ea223 - Path: Packages/com.unity.collab-proxy/Editor/Assets/Images/iconarrowdown@2x.png - Importer: ScriptedImporter/UnityEditor.QuickSearchModule:UnityEditor.Search:ASIAI0B' with importer (ScriptedImporter : UnityEditor.QuickSearchModule:UnityEditor.Search:ASIAI0B)
Imported 'GUID: 752ba7759bdbd45c59b7e7df302ea223' -> (Import Result ID: 'c23e1dd5c4f8270ab8be0049d6846668') in 0.011 seconds [static and dynamic dependencies]. Details - ImportResultOutputID=afd8ec93c699fd33b8dceacd5858f8a9 DependenciesID=657e6450a0c1ab2d6917f641a0d49562 StaticDependenciesID=9927a9c9e58953c4e0b45c1d0b6f4f6b 
Number of updated asset objects reloaded before import = 0
Number of asset objects unloaded after import = 3
========================================================================
Received Import Request.
  Time of request: 2026-09-19T15:00:38.4296788Z
  Time since last request: 0.0005264 seconds.
  importAddress: GUID: 0a08fa9ec51507e488400cee024073a7 - Path: Packages/com.unity.collab-proxy/Editor/Assets/Images/hideversioncontrol.png - Importer: ScriptedImporter/UnityEditor.QuickSearchModule:UnityEditor.Search:ASIAI0B
Importing 'GUID: 0a08fa9ec51507e488400cee024073a7 - Path: Packages/com.unity.collab-proxy/Editor/Assets/Images/hideversioncontrol.png - Importer: ScriptedImporter/UnityEditor.QuickSearchModule:UnityEditor.Search:ASIAI0B' with importer (ScriptedImporter : UnityEditor.QuickSearchModule:UnityEditor.Search:ASIAI0B)
Imported 'GUID: 0a08fa9ec51507e488400cee024073a7' -> (Import Result ID: '6e3cd379c9454a6a87989aa61ea5b303') in 0.011 seconds [static and dynamic dependencies]. Details - ImportResultOutputID=f610699266ea7fa4c438d031751266f5 DependenciesID=0cb201e44ec421ce4d76dc19638a83cc StaticDependenciesID=5adc11eb0b7f87102f16b409bba24d27 
Number of updated asset objects reloaded before import = 0
Number of asset objects unloaded after import = 3
========================================================================
Received Import Request.
  Time of request: 2026-09-19T15:00:38.4585591Z
  Time since last request: 0.0004328 seconds.
  importAddress: GUID: cd221d2235472c94491e607ae42942dd - Path: Packages/com.unity.collab-proxy/Editor/Assets/Images/icondeletedlocaloverlay.png - Importer: ScriptedImporter/UnityEditor.QuickSearchModule:UnityEditor.Search:ASIAI0B
Importing 'GUID: cd221d2235472c94491e607ae42942dd - Path: Packages/com.unity.collab-proxy/Editor/Assets/Images/icondeletedlocaloverlay.png - Importer: ScriptedImporter/UnityEditor.QuickSearchModule:UnityEditor.Search:ASIAI0B' with importer (ScriptedImporter : UnityEditor.QuickSearchModule:UnityEditor.Search:ASIAI0B)
Imported 'GUID: cd221d2235472c94491e607ae42942dd' -> (Import Result ID: '1d8f5eb5ea842093901276f1f0998e7a') in 0.011 seconds [static and dynamic dependencies]. Details - ImportResultOutputID=44571b37adc09e1d3c76532c6406cccf DependenciesID=0e3e8bb4cfffe1f53d5edfc82a83b4a1 StaticDependenciesID=888eef049922624b0ffb0e70df5fd12c 
Number of updated asset objects reloaded before import = 0
Number of asset objects unloaded after import = 3
========================================================================
Received Import Request.
  Time of request: 2026-09-19T15:00:38.4883173Z
  Time since last request: 0.0004993 seconds.
  importAddress: GUID: ced976fb9a7ad40a59f3e4f458c96080 - Path: Packages/com.unity.collab-proxy/Editor/Assets/Images/icondiff.png - Importer: ScriptedImporter/UnityEditor.QuickSearchModule:UnityEditor.Search:ASIAI0B
Importing 'GUID: ced976fb9a7ad40a59f3e4f458c96080 - Path: Packages/com.unity.collab-proxy/Editor/Assets/Images/icondiff.png - Importer: ScriptedImporter/UnityEditor.QuickSearchModule:UnityEditor.Search:ASIAI0B' with importer (ScriptedImporter : UnityEditor.QuickSearchModule:UnityEditor.Search:ASIAI0B)
Imported 'GUID: ced976fb9a7ad40a59f3e4f458c96080' -> (Import Result ID: 'f1dde0a4eb3bc2d2b437fb4c7fd6db7b') in 0.007 seconds [static and dynamic dependencies]. Details - ImportResultOutputID=22a6ddd4f820566239e4a8884d4df172 DependenciesID=a35c629f927096d26301d99c6eb76eba StaticDependenciesID=d3fa2184980da68618f8a802ee7faf8e 
Number of updated asset objects reloaded before import = 0
Number of asset objects unloaded after import = 3
========================================================================
Received Import Request.
  Time of request: 2026-09-19T15:00:38.5123317Z
  Time since last request: 0.0005361 seconds.
  importAddress: GUID: df8c4eeadc2f24a3c8d1c1bad53d1cae - Path: Packages/com.unity.collab-proxy/Editor/Assets/Images/d_RGBARed@2x.png - Importer: ScriptedImporter/UnityEditor.QuickSearchModule:UnityEditor.Search:ASIAI0B
Importing 'GUID: df8c4eeadc2f24a3c8d1c1bad53d1cae - Path: Packages/com.unity.collab-proxy/Editor/Assets/Images/d_RGBARed@2x.png - Importer: ScriptedImporter/UnityEditor.QuickSearchModule:UnityEditor.Search:ASIAI0B' with importer (ScriptedImporter : UnityEditor.QuickSearchModule:UnityEditor.Search:ASIAI0B)
Imported 'GUID: df8c4eeadc2f24a3c8d1c1bad53d1cae' -> (Import Result ID: '29d5a61b0e2fbcb720b888ac2fec13f1') in 0.009 seconds [static and dynamic dependencies]. Details - ImportResultOutputID=4d320d1f8aa60be63fd1d7c32a5a5db4 DependenciesID=fad8b6abcdbd92eb82f80d6328ad48ab StaticDependenciesID=239edc799fe57278da79692049da4c53 
Number of updated asset objects reloaded before import = 0
Number of asset objects unloaded after import = 3
========================================================================
Received Import Request.
  Time of request: 2026-09-19T15:00:38.5381382Z
  Time since last request: 0.0003043 seconds.
  importAddress: GUID: eb591dd22aae343468cc4dd017c550d0 - Path: Packages/com.unity.collab-proxy/Editor/Assets/Images/iconcheckedoutlocaloverlay.png - Importer: ScriptedImporter/UnityEditor.QuickSearchModule:UnityEditor.Search:ASIAI0B
Importing 'GUID: eb591dd22aae343468cc4dd017c550d0 - Path: Packages/com.unity.collab-proxy/Editor/Assets/Images/iconcheckedoutlocaloverlay.png - Importer: ScriptedImporter/UnityEditor.QuickSearchModule:UnityEditor.Search:ASIAI0B' with importer (ScriptedImporter : UnityEditor.QuickSearchModule:UnityEditor.Search:ASIAI0B)
Imported 'GUID: eb591dd22aae343468cc4dd017c550d0' -> (Import Result ID: '50df80c9552c43fd995a62eb8e45ac98') in 0.011 seconds [static and dynamic dependencies]. Details - ImportResultOutputID=77d6436530df19f9204c715c9d70c9a2 DependenciesID=9181a58152677950bdf0f5749992caef StaticDependenciesID=d05616079a8f73ddb2e46caac619f7e0 
Number of updated asset objects reloaded before import = 0
Number of asset objects unloaded after import = 3
========================================================================
Received Import Request.
  Time of request: 2026-09-19T15:00:38.5681967Z
  Time since last request: 0.0005021 seconds.
  importAddress: GUID: 503a763cc33a6854c86d736c5dd2515c - Path: Packages/com.unity.collab-proxy/Editor/Assets/Images/iconconflictedoverlay.png - Importer: ScriptedImporter/UnityEditor.QuickSearchModule:UnityEditor.Search:ASIAI0B
Importing 'GUID: 503a763cc33a6854c86d736c5dd2515c - Path: Packages/com.unity.collab-proxy/Editor/Assets/Images/iconconflictedoverlay.png - Importer: ScriptedImporter/UnityEditor.QuickSearchModule:UnityEditor.Search:ASIAI0B' with importer (ScriptedImporter : UnityEditor.QuickSearchModule:UnityEditor.Search:ASIAI0B)
Imported 'GUID: 503a763cc33a6854c86d736c5dd2515c' -> (Import Result ID: '7b75ee885063caf2091163b1d6d459dd') in 0.008 seconds [static and dynamic dependencies]. Details - ImportResultOutputID=50fcf02d97fee54561a9576c7589964b DependenciesID=3b81fe2fd18c6677a71b9bf3f1d65b2d StaticDependenciesID=5c289279492e05767cfd1a2b31111fb1 
Number of updated asset objects reloaded before import = 0
Number of asset objects unloaded after import = 3
========================================================================
Received Import Request.
  Time of request: 2026-09-19T15:00:38.6198732Z
  Time since last request: 0.0260233 seconds.
  importAddress: GUID: 4cffcba66879d7a4a9da8554709e9825 - Path: Packages/com.unity.collab-proxy/Editor/Assets/Images/iconlockedremoteoverlay.png - Importer: ScriptedImporter/UnityEditor.QuickSearchModule:UnityEditor.Search:ASIAI0B
Importing 'GUID: 4cffcba66879d7a4a9da8554709e9825 - Path: Packages/com.unity.collab-proxy/Editor/Assets/Images/iconlockedremoteoverlay.png - Importer: ScriptedImporter/UnityEditor.QuickSearchModule:UnityEditor.Search:ASIAI0B' with importer (ScriptedImporter : UnityEditor.QuickSearchModule:UnityEditor.Search:ASIAI0B)
Imported 'GUID: 4cffcba66879d7a4a9da8554709e9825' -> (Import Result ID: 'e13ee9eda18e1ed63809e12680d8b195') in 0.010 seconds [static and dynamic dependencies]. Details - ImportResultOutputID=0b6d4953b2a517cdb09916726e48dcfb DependenciesID=7faceab21e6234a1d182a84c01be7f3f StaticDependenciesID=ffd15e8378fe745d08eef9fdee1ee53c 
Number of updated asset objects reloaded before import = 0
Number of asset objects unloaded after import = 3
========================================================================
Received Import Request.
  Time of request: 2026-09-19T15:00:38.6472689Z
  Time since last request: 0.0004788 seconds.
  importAddress: GUID: bac66973cba57b842965eb95154fba7e - Path: Packages/com.unity.collab-proxy/Editor/Assets/Images/iconlockretained.png - Importer: ScriptedImporter/UnityEditor.QuickSearchModule:UnityEditor.Search:ASIAI0B
Importing 'GUID: bac66973cba57b842965eb95154fba7e - Path: Packages/com.unity.collab-proxy/Editor/Assets/Images/iconlockretained.png - Importer: ScriptedImporter/UnityEditor.QuickSearchModule:UnityEditor.Search:ASIAI0B' with importer (ScriptedImporter : UnityEditor.QuickSearchModule:UnityEditor.Search:ASIAI0B)
Imported 'GUID: bac66973cba57b842965eb95154fba7e' -> (Import Result ID: '9f04aea74e63a33ba3c1030b8441b33b') in 0.011 seconds [static and dynamic dependencies]. Details - ImportResultOutputID=3081315df4b05fda1b52d28279a1a9a3 DependenciesID=f079dcd72304786b7bf5cc196adff2d5 StaticDependenciesID=4ad004f5e0f849e0d8c4d4b9cc64f413 
Number of updated asset objects reloaded before import = 0
Number of asset objects unloaded after import = 3
========================================================================
Received Import Request.
  Time of request: 2026-09-19T15:00:38.6752598Z
  Time since last request: 0.0007437 seconds.
  importAddress: GUID: e9cc02852345307449379a9a877679da - Path: Packages/com.unity.collab-proxy/Editor/Assets/Images/iconpackageupdateavailable.png - Importer: ScriptedImporter/UnityEditor.QuickSearchModule:UnityEditor.Search:ASIAI0B
Importing 'GUID: e9cc02852345307449379a9a877679da - Path: Packages/com.unity.collab-proxy/Editor/Assets/Images/iconpackageupdateavailable.png - Importer: ScriptedImporter/UnityEditor.QuickSearchModule:UnityEditor.Search:ASIAI0B' with importer (ScriptedImporter : UnityEditor.QuickSearchModule:UnityEditor.Search:ASIAI0B)
Imported 'GUID: e9cc02852345307449379a9a877679da' -> (Import Result ID: '403738d8180b404c014fa96f668bb105') in 0.010 seconds [static and dynamic dependencies]. Details - ImportResultOutputID=c8e8a05df1a16084a2db462a625bfb14 DependenciesID=9554bab926a2a758205e4c6b2966ab72 StaticDependenciesID=acef9bd471457f838cd224c4dacc18f2 
Number of updated asset objects reloaded before import = 0
Number of asset objects unloaded after import = 3
========================================================================
Received Import Request.
  Time of request: 2026-09-19T15:00:38.7100488Z
  Time since last request: 0.0004459 seconds.
  importAddress: GUID: 6d3f95684dd634b18aa9ab45b3e06cfd - Path: Packages/com.unity.collab-proxy/Editor/Assets/Images/iconlock.png - Importer: ScriptedImporter/UnityEditor.QuickSearchModule:UnityEditor.Search:ASIAI0B
Importing 'GUID: 6d3f95684dd634b18aa9ab45b3e06cfd - Path: Packages/com.unity.collab-proxy/Editor/Assets/Images/iconlock.png - Importer: ScriptedImporter/UnityEditor.QuickSearchModule:UnityEditor.Search:ASIAI0B' with importer (ScriptedImporter : UnityEditor.QuickSearchModule:UnityEditor.Search:ASIAI0B)
Imported 'GUID: 6d3f95684dd634b18aa9ab45b3e06cfd' -> (Import Result ID: '8dac4cd2460c4ba831b6dc19ab33367f') in 0.011 seconds [static and dynamic dependencies]. Details - ImportResultOutputID=d5c8edbf6958b0892060ed7e675bc62e DependenciesID=a74f0c82bab48e7c3b46528bb0c8d36c StaticDependenciesID=8e7f1ae6d2953cb5568b22ed8b230206 
Number of updated asset objects reloaded before import = 0
Number of asset objects unloaded after import = 3
========================================================================
Received Import Request.
  Time of request: 2026-09-19T15:00:38.735702Z
  Time since last request: 0.0007012 seconds.
  importAddress: GUID: 96967b3953faf48f6885b45aed76490f - Path: Packages/com.unity.collab-proxy/Editor/Assets/Images/iconplasticnotifypendingchangesandincoming.png - Importer: ScriptedImporter/UnityEditor.QuickSearchModule:UnityEditor.Search:ASIAI0B
Importing 'GUID: 96967b3953faf48f6885b45aed76490f - Path: Packages/com.unity.collab-proxy/Editor/Assets/Images/iconplasticnotifypendingchangesandincoming.png - Importer: ScriptedImporter/UnityEditor.QuickSearchModule:UnityEditor.Search:ASIAI0B' with importer (ScriptedImporter : UnityEditor.QuickSearchModule:UnityEditor.Search:ASIAI0B)
Imported 'GUID: 96967b3953faf48f6885b45aed76490f' -> (Import Result ID: '15a1353eb5dd7d48ad8e4cea2db1b0aa') in 0.013 seconds [static and dynamic dependencies]. Details - ImportResultOutputID=4cfc697e390bc7822827f13a523aef73 DependenciesID=5992d05193c0153e882590b55200faaa StaticDependenciesID=bc394d374cd2440d1802bf2e2fcf1404 
Number of updated asset objects reloaded before import = 0
Number of asset objects unloaded after import = 3
========================================================================
Received Import Request.
  Time of request: 2026-09-19T15:00:38.7683734Z
  Time since last request: 0.0007766 seconds.
  importAddress: GUID: 08c1bc2a008284ed6987b801a480e64a - Path: Packages/com.unity.collab-proxy/Editor/Assets/Images/iconhistory@2x.png - Importer: ScriptedImporter/UnityEditor.QuickSearchModule:UnityEditor.Search:ASIAI0B
Importing 'GUID: 08c1bc2a008284ed6987b801a480e64a - Path: Packages/com.unity.collab-proxy/Editor/Assets/Images/iconhistory@2x.png - Importer: ScriptedImporter/UnityEditor.QuickSearchModule:UnityEditor.Search:ASIAI0B' with importer (ScriptedImporter : UnityEditor.QuickSearchModule:UnityEditor.Search:ASIAI0B)
Imported 'GUID: 08c1bc2a008284ed6987b801a480e64a' -> (Import Result ID: '1eeecdf4dddaa5b267c5c4a54727b8a9') in 0.011 seconds [static and dynamic dependencies]. Details - ImportResultOutputID=f4ae5f7978d2cd7bc70f43eb7f072e5a DependenciesID=4d98b9787f0e10bc18b88b4af80c7348 StaticDependenciesID=fb8a03a56909634eb3e69d2971370353 
Number of updated asset objects reloaded before import = 0
Number of asset objects unloaded after import = 3
========================================================================
Received Import Request.
  Time of request: 2026-09-19T15:00:38.7976224Z
  Time since last request: 0.0005177 seconds.
  importAddress: GUID: 1463dc66197dc49609f516a8540465f0 - Path: Packages/com.unity.collab-proxy/Editor/Assets/Images/iconoriginalsize.png - Importer: ScriptedImporter/UnityEditor.QuickSearchModule:UnityEditor.Search:ASIAI0B
Importing 'GUID: 1463dc66197dc49609f516a8540465f0 - Path: Packages/com.unity.collab-proxy/Editor/Assets/Images/iconoriginalsize.png - Importer: ScriptedImporter/UnityEditor.QuickSearchModule:UnityEditor.Search:ASIAI0B' with importer (ScriptedImporter : UnityEditor.QuickSearchModule:UnityEditor.Search:ASIAI0B)
Imported 'GUID: 1463dc66197dc49609f516a8540465f0' -> (Import Result ID: '24fd3858958d3a6a6d5fef88ab8e653c') in 0.011 seconds [static and dynamic dependencies]. Details - ImportResultOutputID=f1e92e095a9a1d34a5fdd2a43f9e5047 DependenciesID=30afc8c58eda08c2393706576c034e15 StaticDependenciesID=80525a9ccb462aeec5771523562ad243 
Number of updated asset objects reloaded before import = 0
Number of asset objects unloaded after import = 3
========================================================================
Received Import Request.
  Time of request: 2026-09-19T15:00:38.8256889Z
  Time since last request: 0.0007315 seconds.
  importAddress: GUID: 9a9269fb6330f4ae1964f9eb1c203537 - Path: Packages/com.unity.collab-proxy/Editor/Assets/Images/iconplasticnotifypendingchangesandincoming@2x.png - Importer: ScriptedImporter/UnityEditor.QuickSearchModule:UnityEditor.Search:ASIAI0B
Importing 'GUID: 9a9269fb6330f4ae1964f9eb1c203537 - Path: Packages/com.unity.collab-proxy/Editor/Assets/Images/iconplasticnotifypendingchangesandincoming@2x.png - Importer: ScriptedImporter/UnityEditor.QuickSearchModule:UnityEditor.Search:ASIAI0B' with importer (ScriptedImporter : UnityEditor.QuickSearchModule:UnityEditor.Search:ASIAI0B)
Imported 'GUID: 9a9269fb6330f4ae1964f9eb1c203537' -> (Import Result ID: '4ba14d958341e8e74d9712ed3e9b120a') in 0.009 seconds [static and dynamic dependencies]. Details - ImportResultOutputID=c0c9241643957bb8f210f07a11b1abf6 DependenciesID=b90617962330bd1c3f8f18f892968ff3 StaticDependenciesID=0b317d85c17f99d192684b749c632474 
Number of updated asset objects reloaded before import = 0
Number of asset objects unloaded after import = 3
========================================================================
Received Import Request.
  Time of request: 2026-09-19T15:00:38.8539244Z
  Time since last request: 0.0003941 seconds.
  importAddress: GUID: 0dfbb2b6ddcdd254da80e3418498b3a6 - Path: Packages/com.unity.collab-proxy/Editor/Assets/Images/iconundo@2x.png - Importer: ScriptedImporter/UnityEditor.QuickSearchModule:UnityEditor.Search:ASIAI0B
Importing 'GUID: 0dfbb2b6ddcdd254da80e3418498b3a6 - Path: Packages/com.unity.collab-proxy/Editor/Assets/Images/iconundo@2x.png - Importer: ScriptedImporter/UnityEditor.QuickSearchModule:UnityEditor.Search:ASIAI0B' with importer (ScriptedImporter : UnityEditor.QuickSearchModule:UnityEditor.Search:ASIAI0B)
Imported 'GUID: 0dfbb2b6ddcdd254da80e3418498b3a6' -> (Import Result ID: 'deacf0d23ce6b899635e94f32a6ba22b') in 0.010 seconds [static and dynamic dependencies]. Details - ImportResultOutputID=d62b7eebe86dc3b8e0ea31b6bc983423 DependenciesID=158e8225a42c0b3028d704841d43899f StaticDependenciesID=71492340d5db2a398133afe7bcfb3d3d 
Number of updated asset objects reloaded before import = 0
Number of asset objects unloaded after import = 1
========================================================================
Received Import Request.
  Time of request: 2026-09-19T15:00:38.8795624Z
  Time since last request: 0.000543 seconds.
  importAddress: GUID: f3e2797165e71b443bae6264899b89d6 - Path: Packages/com.unity.collab-proxy/Editor/Assets/Images/iconplasticnotifypendingchanges.png - Importer: ScriptedImporter/UnityEditor.QuickSearchModule:UnityEditor.Search:ASIAI0B
Importing 'GUID: f3e2797165e71b443bae6264899b89d6 - Path: Packages/com.unity.collab-proxy/Editor/Assets/Images/iconplasticnotifypendingchanges.png - Importer: ScriptedImporter/UnityEditor.QuickSearchModule:UnityEditor.Search:ASIAI0B' with importer (ScriptedImporter : UnityEditor.QuickSearchModule:UnityEditor.Search:ASIAI0B)
Imported 'GUID: f3e2797165e71b443bae6264899b89d6' -> (Import Result ID: '21435ec61a82aeffc4e8a77894d32a5b') in 0.011 seconds [static and dynamic dependencies]. Details - ImportResultOutputID=e3961d88653c1b5bcc98bc5bc04b2d09 DependenciesID=ec9617d487757bd2f3f7d196fa90417d StaticDependenciesID=9265f93b88ef7d0b935be356753f5f28 
Number of updated asset objects reloaded before import = 0
Number of asset objects unloaded after import = 3
========================================================================
Received Import Request.
  Time of request: 2026-09-19T15:00:38.9084991Z
  Time since last request: 0.0014799 seconds.
  importAddress: GUID: 76a05d2ec901a8b49a064fe0b0674ba7 - Path: Packages/com.unity.collab-proxy/Editor/Assets/Images/iconpendingchanges.png - Importer: ScriptedImporter/UnityEditor.QuickSearchModule:UnityEditor.Search:ASIAI0B
Importing 'GUID: 76a05d2ec901a8b49a064fe0b0674ba7 - Path: Packages/com.unity.collab-proxy/Editor/Assets/Images/iconpendingchanges.png - Importer: ScriptedImporter/UnityEditor.QuickSearchModule:UnityEditor.Search:ASIAI0B' with importer (ScriptedImporter : UnityEditor.QuickSearchModule:UnityEditor.Search:ASIAI0B)
Imported 'GUID: 76a05d2ec901a8b49a064fe0b0674ba7' -> (Import Result ID: 'b32f3baf893c46db80e5782245526fbc') in 0.011 seconds [static and dynamic dependencies]. Details - ImportResultOutputID=a32243488abb722a9b78d3192c21d13a DependenciesID=429db2e9cf8ba8c26720b7da5933a6a6 StaticDependenciesID=b19772137fa23530d3495e58148ff67b 
Number of updated asset objects reloaded before import = 0
Number of asset objects unloaded after import = 3
========================================================================
Received Import Request.
  Time of request: 2026-09-19T15:00:38.9409893Z
  Time since last request: 0.0005216 seconds.
  importAddress: GUID: 4999348b6ce1c4d5fa3854f4e16dad48 - Path: Packages/com.unity.collab-proxy/Editor/Assets/Images/iconlast.png - Importer: ScriptedImporter/UnityEditor.QuickSearchModule:UnityEditor.Search:ASIAI0B
Importing 'GUID: 4999348b6ce1c4d5fa3854f4e16dad48 - Path: Packages/com.unity.collab-proxy/Editor/Assets/Images/iconlast.png - Importer: ScriptedImporter/UnityEditor.QuickSearchModule:UnityEditor.Search:ASIAI0B' with importer (ScriptedImporter : UnityEditor.QuickSearchModule:UnityEditor.Search:ASIAI0B)
Imported 'GUID: 4999348b6ce1c4d5fa3854f4e16dad48' -> (Import Result ID: '5175ce7e516259be1472875b4527d493') in 0.009 seconds [static and dynamic dependencies]. Details - ImportResultOutputID=e50df15d6f942ee45d8603eb11333318 DependenciesID=b32bfb756b27e64e129ca8eef290567a StaticDependenciesID=62a20c5c01f6751c8bfd908b6b9c271c 
Number of updated asset objects reloaded before import = 0
Number of asset objects unloaded after import = 3
========================================================================
Received Import Request.
  Time of request: 2026-09-19T15:00:38.9664796Z
  Time since last request: 0.0010794 seconds.
  importAddress: GUID: 034d3052cb4a54f028bf55f9f9115d3c - Path: Packages/com.unity.collab-proxy/Editor/Assets/Images/iconpendingchangesview.png - Importer: ScriptedImporter/UnityEditor.QuickSearchModule:UnityEditor.Search:ASIAI0B
Importing 'GUID: 034d3052cb4a54f028bf55f9f9115d3c - Path: Packages/com.unity.collab-proxy/Editor/Assets/Images/iconpendingchangesview.png - Importer: ScriptedImporter/UnityEditor.QuickSearchModule:UnityEditor.Search:ASIAI0B' with importer (ScriptedImporter : UnityEditor.QuickSearchModule:UnityEditor.Search:ASIAI0B)
Imported 'GUID: 034d3052cb4a54f028bf55f9f9115d3c' -> (Import Result ID: '768d8e7ecc9c425836a575875604e79f') in 0.013 seconds [static and dynamic dependencies]. Details - ImportResultOutputID=b14fe9a92b548904fe30e421d3850e9b DependenciesID=6ec2950e690af0b0cde7a450b857d18e StaticDependenciesID=0d4704209b3a294412084d2a2e7c081b 
Number of updated asset objects reloaded before import = 0
Number of asset objects unloaded after import = 3
========================================================================
Received Import Request.
  Time of request: 2026-09-19T15:00:39.0000162Z
  Time since last request: 0.0005241 seconds.
  importAddress: GUID: e4517bb2f521d99439ec9981a44a87ec - Path: Packages/com.unity.collab-proxy/Editor/Assets/Images/iconoutofsyncoverlay.png - Importer: ScriptedImporter/UnityEditor.QuickSearchModule:UnityEditor.Search:ASIAI0B
Importing 'GUID: e4517bb2f521d99439ec9981a44a87ec - Path: Packages/com.unity.collab-proxy/Editor/Assets/Images/iconoutofsyncoverlay.png - Importer: ScriptedImporter/UnityEditor.QuickSearchModule:UnityEditor.Search:ASIAI0B' with importer (ScriptedImporter : UnityEditor.QuickSearchModule:UnityEditor.Search:ASIAI0B)
Imported 'GUID: e4517bb2f521d99439ec9981a44a87ec' -> (Import Result ID: 'c80fb5b14415c10b69b99dabaea42f14') in 0.009 seconds [static and dynamic dependencies]. Details - ImportResultOutputID=a8ace0065bf6b2b6225651217889b49a DependenciesID=7a9a81284f3204296ef546c964969da1 StaticDependenciesID=dfa83e97afb4f61703c4562d3f106923 
Number of updated asset objects reloaded before import = 0
Number of asset objects unloaded after import = 3
========================================================================
Received Import Request.
  Time of request: 2026-09-19T15:00:39.026827Z
  Time since last request: 0.0004052 seconds.
  importAddress: GUID: b6073d723b6ef3f429aa7e1d0f3db44f - Path: Packages/com.unity.collab-proxy/Editor/Assets/Images/iconlockedlocaloverlay.png - Importer: ScriptedImporter/UnityEditor.QuickSearchModule:UnityEditor.Search:ASIAI0B
Importing 'GUID: b6073d723b6ef3f429aa7e1d0f3db44f - Path: Packages/com.unity.collab-proxy/Editor/Assets/Images/iconlockedlocaloverlay.png - Importer: ScriptedImporter/UnityEditor.QuickSearchModule:UnityEditor.Search:ASIAI0B' with importer (ScriptedImporter : UnityEditor.QuickSearchModule:UnityEditor.Search:ASIAI0B)
Imported 'GUID: b6073d723b6ef3f429aa7e1d0f3db44f' -> (Import Result ID: 'd569804f211e1a42583e70ea84999bcb') in 0.013 seconds [static and dynamic dependencies]. Details - ImportResultOutputID=5fc8937ebc643fb5fe381f755ce3cd4b DependenciesID=2659ec1aeb4e48a1436c720a3082530e StaticDependenciesID=accafc53527fc35411f01dd8f0505394 
Number of updated asset objects reloaded before import = 0
Number of asset objects unloaded after import = 3
========================================================================
Received Import Request.
  Time of request: 2026-09-19T15:00:39.0573812Z
  Time since last request: 0.0005727 seconds.
  importAddress: GUID: d69b2503b822f4c3a95386e4bc0c8668 - Path: Packages/com.unity.collab-proxy/Editor/Assets/Images/iconprivateoverlay.png - Importer: ScriptedImporter/UnityEditor.QuickSearchModule:UnityEditor.Search:ASIAI0B
Importing 'GUID: d69b2503b822f4c3a95386e4bc0c8668 - Path: Packages/com.unity.collab-proxy/Editor/Assets/Images/iconprivateoverlay.png - Importer: ScriptedImporter/UnityEditor.QuickSearchModule:UnityEditor.Search:ASIAI0B' with importer (ScriptedImporter : UnityEditor.QuickSearchModule:UnityEditor.Search:ASIAI0B)
Imported 'GUID: d69b2503b822f4c3a95386e4bc0c8668' -> (Import Result ID: '7ec96e0392bc7d3df9707e2a0d71ab6c') in 0.015 seconds [static and dynamic dependencies]. Details - ImportResultOutputID=b83136995dfcb2a8b34f31c5ad0f36b8 DependenciesID=3da6ff1b628cfacdee06783e42d9bf5e StaticDependenciesID=38b83537b6ea0089864f6a4dcca4521d 
Number of updated asset objects reloaded before import = 0
Number of asset objects unloaded after import = 3
========================================================================
Received Import Request.
  Time of request: 2026-09-19T15:00:39.0987435Z
  Time since last request: 0.0074015 seconds.
  importAddress: GUID: 7fff45d1f569c420b8f74192089db9b3 - Path: Packages/com.unity.collab-proxy/Editor/Assistant/Tools/CodeReviewTools.cs - Importer: ScriptedImporter/UnityEditor.QuickSearchModule:UnityEditor.Search:ASIAI0B
Importing 'GUID: 7fff45d1f569c420b8f74192089db9b3 - Path: Packages/com.unity.collab-proxy/Editor/Assistant/Tools/CodeReviewTools.cs - Importer: ScriptedImporter/UnityEditor.QuickSearchModule:UnityEditor.Search:ASIAI0B' with importer (ScriptedImporter : UnityEditor.QuickSearchModule:UnityEditor.Search:ASIAI0B)
Imported 'GUID: 7fff45d1f569c420b8f74192089db9b3' -> (Import Result ID: 'b3dc89701347cb42a80d3211e5a267cd') in 0.006 seconds [static and dynamic dependencies]. Details - ImportResultOutputID=6d21d5a36db7b78e5ca66cea2a496e4b DependenciesID=b116aa3ce6ac062d125b72b5b6c5983a StaticDependenciesID=5369540bdbd0832a87d6f2c9e9c73e23 
Number of updated asset objects reloaded before import = 0
Number of asset objects unloaded after import = 0
========================================================================
Received Import Request.
  Time of request: 2026-09-19T15:00:39.1244719Z
  Time since last request: 0.0004754 seconds.
  importAddress: GUID: 8fac55fff4ce5fa40a7b2efefc0e617a - Path: Packages/com.unity.collab-proxy/Editor/Assets/Images/secondarytabclosehover.png - Importer: ScriptedImporter/UnityEditor.QuickSearchModule:UnityEditor.Search:ASIAI0B
Importing 'GUID: 8fac55fff4ce5fa40a7b2efefc0e617a - Path: Packages/com.unity.collab-proxy/Editor/Assets/Images/secondarytabclosehover.png - Importer: ScriptedImporter/UnityEditor.QuickSearchModule:UnityEditor.Search:ASIAI0B' with importer (ScriptedImporter : UnityEditor.QuickSearchModule:UnityEditor.Search:ASIAI0B)
Imported 'GUID: 8fac55fff4ce5fa40a7b2efefc0e617a' -> (Import Result ID: '2de234616661bdd1eef7bbbd725723f1') in 0.010 seconds [static and dynamic dependencies]. Details - ImportResultOutputID=5dde20e4e280729bfed70c72bfd484a4 DependenciesID=c5da00eab1a4b96662635d6195d8344a StaticDependenciesID=f12e0ea649c989dfc540945da32bf622 
Number of updated asset objects reloaded before import = 0
Number of asset objects unloaded after import = 1
========================================================================
Received Import Request.
  Time of request: 2026-09-19T15:00:39.1551931Z
  Time since last request: 0.0005813 seconds.
  importAddress: GUID: c6b1bcaa3f4767141acd747384dbb276 - Path: Packages/com.unity.collab-proxy/Editor/Assets/Images/loading.png - Importer: ScriptedImporter/UnityEditor.QuickSearchModule:UnityEditor.Search:ASIAI0B
Importing 'GUID: c6b1bcaa3f4767141acd747384dbb276 - Path: Packages/com.unity.collab-proxy/Editor/Assets/Images/loading.png - Importer: ScriptedImporter/UnityEditor.QuickSearchModule:UnityEditor.Search:ASIAI0B' with importer (ScriptedImporter : UnityEditor.QuickSearchModule:UnityEditor.Search:ASIAI0B)
Imported 'GUID: c6b1bcaa3f4767141acd747384dbb276' -> (Import Result ID: '31f7255a6adf14bfb701f7eeef107b6c') in 0.012 seconds [static and dynamic dependencies]. Details - ImportResultOutputID=2e901e0ee5e842586852b00ccc04d4ab DependenciesID=36265c7fae0e6616a05cf61e70ec739c StaticDependenciesID=3b40fc46a8b67f57ebf15531e80dec61 
Number of updated asset objects reloaded before import = 0
Number of asset objects unloaded after import = 1
========================================================================
Received Import Request.
  Time of request: 2026-09-19T15:00:39.191055Z
  Time since last request: 0.0010101 seconds.
  importAddress: GUID: 7d8062883d88145b687d6d7c63eeabd2 - Path: Packages/com.unity.collab-proxy/Editor/Assets/Images/RGBABlue.png - Importer: ScriptedImporter/UnityEditor.QuickSearchModule:UnityEditor.Search:ASIAI0B
Importing 'GUID: 7d8062883d88145b687d6d7c63eeabd2 - Path: Packages/com.unity.collab-proxy/Editor/Assets/Images/RGBABlue.png - Importer: ScriptedImporter/UnityEditor.QuickSearchModule:UnityEditor.Search:ASIAI0B' with importer (ScriptedImporter : UnityEditor.QuickSearchModule:UnityEditor.Search:ASIAI0B)
Imported 'GUID: 7d8062883d88145b687d6d7c63eeabd2' -> (Import Result ID: 'a97fa1a6cd84a2a63db67d0d9f2c8802') in 0.027 seconds [static and dynamic dependencies]. Details - ImportResultOutputID=237ca4c2ae2405d2842bab72bb2aa114 DependenciesID=441a8cbb1574247f67a7303351be081d StaticDependenciesID=01cb0ea69001c7016b79495a6db7e46f 
Number of updated asset objects reloaded before import = 0
Number of asset objects unloaded after import = 3
========================================================================
Received Import Request.
  Time of request: 2026-09-19T15:00:39.2400613Z
  Time since last request: 0.0005944 seconds.
  importAddress: GUID: d4780dc1205c7c7478c970d8c61d24e8 - Path: Packages/com.unity.collab-proxy/Editor/Assets/Images/stepok.png - Importer: ScriptedImporter/UnityEditor.QuickSearchModule:UnityEditor.Search:ASIAI0B
Importing 'GUID: d4780dc1205c7c7478c970d8c61d24e8 - Path: Packages/com.unity.collab-proxy/Editor/Assets/Images/stepok.png - Importer: ScriptedImporter/UnityEditor.QuickSearchModule:UnityEditor.Search:ASIAI0B' with importer (ScriptedImporter : UnityEditor.QuickSearchModule:UnityEditor.Search:ASIAI0B)
Imported 'GUID: d4780dc1205c7c7478c970d8c61d24e8' -> (Import Result ID: '163227b3e72fc0df4f0d7875ac3fcc77') in 0.011 seconds [static and dynamic dependencies]. Details - ImportResultOutputID=7962bf8dfae85ef3de17096a5021cff2 DependenciesID=bb7d4e1731f4d400ed1a1ea9bbd0cf5e StaticDependenciesID=bc1c58d38fcf91654dee8f8cef7b022a 
Number of updated asset objects reloaded before import = 0
Number of asset objects unloaded after import = 1
========================================================================
Received Import Request.
  Time of request: 2026-09-19T15:00:39.2736175Z
  Time since last request: 0.000643 seconds.
  importAddress: GUID: 20182c74c3d7e4592a8dbbd5ec385f0d - Path: Packages/com.unity.collab-proxy/Editor/Assistant/Tools/AnnotateTools.cs - Importer: ScriptedImporter/UnityEditor.QuickSearchModule:UnityEditor.Search:ASIAI0B
Importing 'GUID: 20182c74c3d7e4592a8dbbd5ec385f0d - Path: Packages/com.unity.collab-proxy/Editor/Assistant/Tools/AnnotateTools.cs - Importer: ScriptedImporter/UnityEditor.QuickSearchModule:UnityEditor.Search:ASIAI0B' with importer (ScriptedImporter : UnityEditor.QuickSearchModule:UnityEditor.Search:ASIAI0B)
Imported 'GUID: 20182c74c3d7e4592a8dbbd5ec385f0d' -> (Import Result ID: 'bea5f673dd5fff99006421b0e74f85b8') in 0.005 seconds [static and dynamic dependencies]. Details - ImportResultOutputID=513b8f706dba2c7f4bd0a13d4a4b5738 DependenciesID=471b5fc12da5fa8726b9e6706db5b1c9 StaticDependenciesID=de9fef8e3ce097b8c5e47d216bd45c58 
Number of updated asset objects reloaded before import = 0
Number of asset objects unloaded after import = 0
========================================================================
Received Import Request.
  Time of request: 2026-09-19T15:00:39.3023343Z
  Time since last request: 0.0007078 seconds.
  importAddress: GUID: e9ffdef169b1cbb4e9910671a9ee83bc - Path: Packages/com.unity.collab-proxy/Editor/AssetsUtils/Processor/UVCSAssetPostprocessor.cs - Importer: ScriptedImporter/UnityEditor.QuickSearchModule:UnityEditor.Search:ASIAI0B
Importing 'GUID: e9ffdef169b1cbb4e9910671a9ee83bc - Path: Packages/com.unity.collab-proxy/Editor/AssetsUtils/Processor/UVCSAssetPostprocessor.cs - Importer: ScriptedImporter/UnityEditor.QuickSearchModule:UnityEditor.Search:ASIAI0B' with importer (ScriptedImporter : UnityEditor.QuickSearchModule:UnityEditor.Search:ASIAI0B)
Imported 'GUID: e9ffdef169b1cbb4e9910671a9ee83bc' -> (Import Result ID: '31196a9a0861b36ea687ebc77765c697') in 0.003 seconds [static and dynamic dependencies]. Details - ImportResultOutputID=69e2ccfb6f59e7b942e6df30eb98b988 DependenciesID=d1cbf8a4115a7cb3d7bd88951d974cad StaticDependenciesID=39e32a4fcae5ccdb0ab32ffe60c46606 
Number of updated asset objects reloaded before import = 0
Number of asset objects unloaded after import = 0
========================================================================
Received Import Request.
  Time of request: 2026-09-19T15:00:39.3303194Z
  Time since last request: 0.0007007 seconds.
  importAddress: GUID: 5dbc069eb79bd4d43840847264d6d956 - Path: Packages/com.unity.collab-proxy/Editor/Assets/Images/loading@2x.png - Importer: ScriptedImporter/UnityEditor.QuickSearchModule:UnityEditor.Search:ASIAI0B
Importing 'GUID: 5dbc069eb79bd4d43840847264d6d956 - Path: Packages/com.unity.collab-proxy/Editor/Assets/Images/loading@2x.png - Importer: ScriptedImporter/UnityEditor.QuickSearchModule:UnityEditor.Search:ASIAI0B' with importer (ScriptedImporter : UnityEditor.QuickSearchModule:UnityEditor.Search:ASIAI0B)
Imported 'GUID: 5dbc069eb79bd4d43840847264d6d956' -> (Import Result ID: '27c2b22c4a2faa728508ec97674f1b79') in 0.014 seconds [static and dynamic dependencies]. Details - ImportResultOutputID=a0080259ae861d8236112face8da1ae7 DependenciesID=2d6e1356ac806422b6bf618ca6ccb15f StaticDependenciesID=15d45b4ce88af9798c16ea9f7ba2f91b 
Number of updated asset objects reloaded before import = 0
Number of asset objects unloaded after import = 1
========================================================================
Received Import Request.
  Time of request: 2026-09-19T15:00:39.3692854Z
  Time since last request: 0.0007458 seconds.
  importAddress: GUID: aba1d680189d74b2db37c50a7ee06b0d - Path: Packages/com.unity.collab-proxy/Editor/Assets/Images/RGBAlpha.png - Importer: ScriptedImporter/UnityEditor.QuickSearchModule:UnityEditor.Search:ASIAI0B
Importing 'GUID: aba1d680189d74b2db37c50a7ee06b0d - Path: Packages/com.unity.collab-proxy/Editor/Assets/Images/RGBAlpha.png - Importer: ScriptedImporter/UnityEditor.QuickSearchModule:UnityEditor.Search:ASIAI0B' with importer (ScriptedImporter : UnityEditor.QuickSearchModule:UnityEditor.Search:ASIAI0B)
Imported 'GUID: aba1d680189d74b2db37c50a7ee06b0d' -> (Import Result ID: '38815262bf7fb70c7b81ad935ff57d8a') in 0.017 seconds [static and dynamic dependencies]. Details - ImportResultOutputID=2679ec034407d1c908f81d349242d967 DependenciesID=0e7b8a544c4bf3b5232bb2db41ca6093 StaticDependenciesID=615e1cd073020e31b7035c21c8b1088d 
Number of updated asset objects reloaded before import = 0
Number of asset objects unloaded after import = 3
========================================================================
Received Import Request.
  Time of request: 2026-09-19T15:00:39.408472Z
  Time since last request: 0.000489 seconds.
  importAddress: GUID: 478e7a694cd244ed5a85d1ed919f305c - Path: Packages/com.unity.collab-proxy/Editor/Assets/Images/RGBAAll@2x.png - Importer: ScriptedImporter/UnityEditor.QuickSearchModule:UnityEditor.Search:ASIAI0B
Importing 'GUID: 478e7a694cd244ed5a85d1ed919f305c - Path: Packages/com.unity.collab-proxy/Editor/Assets/Images/RGBAAll@2x.png - Importer: ScriptedImporter/UnityEditor.QuickSearchModule:UnityEditor.Search:ASIAI0B' with importer (ScriptedImporter : UnityEditor.QuickSearchModule:UnityEditor.Search:ASIAI0B)
Imported 'GUID: 478e7a694cd244ed5a85d1ed919f305c' -> (Import Result ID: 'b71bc3d3ab614b71b311936180f41ca4') in 0.014 seconds [static and dynamic dependencies]. Details - ImportResultOutputID=572dc1da0f039b0d8df6b0d0f9dd4abc DependenciesID=eb28c66aa4ff325870ed2564dd03ef60 StaticDependenciesID=063b07bf7807c96eeffc5d2251263312 
Number of updated asset objects reloaded before import = 0
Number of asset objects unloaded after import = 3
========================================================================
Received Import Request.
  Time of request: 2026-09-19T15:00:39.4474916Z
  Time since last request: 0.0005926 seconds.
  importAddress: GUID: 92c1d3e4bce3245e98922b64c6c91c29 - Path: Packages/com.unity.collab-proxy/Editor/Assistant/Tools/ChangesetTools.cs - Importer: ScriptedImporter/UnityEditor.QuickSearchModule:UnityEditor.Search:ASIAI0B
Importing 'GUID: 92c1d3e4bce3245e98922b64c6c91c29 - Path: Packages/com.unity.collab-proxy/Editor/Assistant/Tools/ChangesetTools.cs - Importer: ScriptedImporter/UnityEditor.QuickSearchModule:UnityEditor.Search:ASIAI0B' with importer (ScriptedImporter : UnityEditor.QuickSearchModule:UnityEditor.Search:ASIAI0B)
Imported 'GUID: 92c1d3e4bce3245e98922b64c6c91c29' -> (Import Result ID: '69659bc87046eeb7fbabf7951b3ad62b') in 0.004 seconds [static and dynamic dependencies]. Details - ImportResultOutputID=284f56908cda50afa168650e2f5bf4f9 DependenciesID=20a3123a9504c1a78422486dd29820ac StaticDependenciesID=0eb15f56e9c08b1306dba4e888b5da9d 
Number of updated asset objects reloaded before import = 0
Number of asset objects unloaded after import = 0
========================================================================
Received Import Request.
  Time of request: 2026-09-19T15:00:39.4752094Z
  Time since last request: 0.0005793 seconds.
  importAddress: GUID: 1e71b422b557b1247aaf914bb6e9c0c5 - Path: Packages/com.unity.collab-proxy/Editor/Assets/Images/iconzoomout@2x.png - Importer: ScriptedImporter/UnityEditor.QuickSearchModule:UnityEditor.Search:ASIAI0B
Importing 'GUID: 1e71b422b557b1247aaf914bb6e9c0c5 - Path: Packages/com.unity.collab-proxy/Editor/Assets/Images/iconzoomout@2x.png - Importer: ScriptedImporter/UnityEditor.QuickSearchModule:UnityEditor.Search:ASIAI0B' with importer (ScriptedImporter : UnityEditor.QuickSearchModule:UnityEditor.Search:ASIAI0B)
Imported 'GUID: 1e71b422b557b1247aaf914bb6e9c0c5' -> (Import Result ID: '14cfc61f2577c208d9b579c4bab5b480') in 0.010 seconds [static and dynamic dependencies]. Details - ImportResultOutputID=576839bbc84c1e8e0002beb2888994b3 DependenciesID=448e420002bd125354c93a60d74621e8 StaticDependenciesID=b81b745da8d13b555ad609184fdcb9b7 
Number of updated asset objects reloaded before import = 0
Number of asset objects unloaded after import = 3
========================================================================
Received Import Request.
  Time of request: 2026-09-19T15:00:39.5021253Z
  Time since last request: 0.0005684 seconds.
  importAddress: GUID: 0029170d14ce6c04c9f45c22cdae5559 - Path: Packages/com.unity.collab-proxy/Editor/Assets/Images/step2@2x.png - Importer: ScriptedImporter/UnityEditor.QuickSearchModule:UnityEditor.Search:ASIAI0B
Importing 'GUID: 0029170d14ce6c04c9f45c22cdae5559 - Path: Packages/com.unity.collab-proxy/Editor/Assets/Images/step2@2x.png - Importer: ScriptedImporter/UnityEditor.QuickSearchModule:UnityEditor.Search:ASIAI0B' with importer (ScriptedImporter : UnityEditor.QuickSearchModule:UnityEditor.Search:ASIAI0B)
Imported 'GUID: 0029170d14ce6c04c9f45c22cdae5559' -> (Import Result ID: '6541b0ed0b5e4830219bed40c73fe24d') in 0.009 seconds [static and dynamic dependencies]. Details - ImportResultOutputID=68f0f5a5fb5eec7262e020a5e315de29 DependenciesID=220e17c5f5ef53a4669f1308d96f5508 StaticDependenciesID=55b87e10c725dae686d6454cae3b2ee4 
Number of updated asset objects reloaded before import = 0
Number of asset objects unloaded after import = 1
========================================================================
Received Import Request.
  Time of request: 2026-09-19T15:00:39.5285628Z
  Time since last request: 0.0005525 seconds.
  importAddress: GUID: 6f6a4c6bd7cdc654d9d91f7de72afcb6 - Path: Packages/com.unity.collab-proxy/Editor/Assets/Images/refresh.png - Importer: ScriptedImporter/UnityEditor.QuickSearchModule:UnityEditor.Search:ASIAI0B
Importing 'GUID: 6f6a4c6bd7cdc654d9d91f7de72afcb6 - Path: Packages/com.unity.collab-proxy/Editor/Assets/Images/refresh.png - Importer: ScriptedImporter/UnityEditor.QuickSearchModule:UnityEditor.Search:ASIAI0B' with importer (ScriptedImporter : UnityEditor.QuickSearchModule:UnityEditor.Search:ASIAI0B)
Imported 'GUID: 6f6a4c6bd7cdc654d9d91f7de72afcb6' -> (Import Result ID: 'ad36fd86cb69cf0e9d8e51434a6f2039') in 0.007 seconds [static and dynamic dependencies]. Details - ImportResultOutputID=bb28ddd035d3c1457736c5e8c085f196 DependenciesID=cad1365394a4fbe9941a6492a7b0e6d2 StaticDependenciesID=b3c5afe0e7723ca05f2fce321be02e23 
Number of updated asset objects reloaded before import = 0
Number of asset objects unloaded after import = 1
========================================================================
Received Import Request.
  Time of request: 2026-09-19T15:00:39.5525994Z
  Time since last request: 0.0005297 seconds.
  importAddress: GUID: 43411f399f49b42eb9a7157481e8747c - Path: Packages/com.unity.collab-proxy/Editor/Assets/Images/inclusionrule@2x.png - Importer: ScriptedImporter/UnityEditor.QuickSearchModule:UnityEditor.Search:ASIAI0B
Importing 'GUID: 43411f399f49b42eb9a7157481e8747c - Path: Packages/com.unity.collab-proxy/Editor/Assets/Images/inclusionrule@2x.png - Importer: ScriptedImporter/UnityEditor.QuickSearchModule:UnityEditor.Search:ASIAI0B' with importer (ScriptedImporter : UnityEditor.QuickSearchModule:UnityEditor.Search:ASIAI0B)
Imported 'GUID: 43411f399f49b42eb9a7157481e8747c' -> (Import Result ID: '65ad0e879e678fbcdb1b0f2d1ad9261b') in 0.012 seconds [static and dynamic dependencies]. Details - ImportResultOutputID=b378dfc20d64d7ac5bc1b7eddd7de81c DependenciesID=3b967f1b8e46fb2e472f4754d386ee6e StaticDependenciesID=48de6bed15adb85a0ff42eeddbb28e74 
Number of updated asset objects reloaded before import = 0
Number of asset objects unloaded after import = 3
========================================================================
Received Import Request.
  Time of request: 2026-09-19T15:00:39.5800651Z
  Time since last request: 0.0004986 seconds.
  importAddress: GUID: 9ce84ff0fdeb13d4a83f077d075dd9a5 - Path: Packages/com.unity.collab-proxy/Editor/Assets/Images/step1.png - Importer: ScriptedImporter/UnityEditor.QuickSearchModule:UnityEditor.Search:ASIAI0B
Importing 'GUID: 9ce84ff0fdeb13d4a83f077d075dd9a5 - Path: Packages/com.unity.collab-proxy/Editor/Assets/Images/step1.png - Importer: ScriptedImporter/UnityEditor.QuickSearchModule:UnityEditor.Search:ASIAI0B' with importer (ScriptedImporter : UnityEditor.QuickSearchModule:UnityEditor.Search:ASIAI0B)
Imported 'GUID: 9ce84ff0fdeb13d4a83f077d075dd9a5' -> (Import Result ID: '15c071e29220a189f46b19187bad1c23') in 0.008 seconds [static and dynamic dependencies]. Details - ImportResultOutputID=4dbce9837936e186c66699089d85af2f DependenciesID=d7761d0301479b7d592f27701f9da476 StaticDependenciesID=ba4e4cef4f6a6bde336dda81306d3c86 
Number of updated asset objects reloaded before import = 0
Number of asset objects unloaded after import = 1
========================================================================
Received Import Request.
  Time of request: 2026-09-19T15:00:39.6029301Z
  Time since last request: 0.0004734 seconds.
  importAddress: GUID: e2ca5588a9dbe40d9bb6103b561232b5 - Path: Packages/com.unity.collab-proxy/Editor/Assistant/Tools/InteractionTools.cs - Importer: ScriptedImporter/UnityEditor.QuickSearchModule:UnityEditor.Search:ASIAI0B
Importing 'GUID: e2ca5588a9dbe40d9bb6103b561232b5 - Path: Packages/com.unity.collab-proxy/Editor/Assistant/Tools/InteractionTools.cs - Importer: ScriptedImporter/UnityEditor.QuickSearchModule:UnityEditor.Search:ASIAI0B' with importer (ScriptedImporter : UnityEditor.QuickSearchModule:UnityEditor.Search:ASIAI0B)
Imported 'GUID: e2ca5588a9dbe40d9bb6103b561232b5' -> (Import Result ID: 'ecbc9f474448e3cd9cb620e1c1541dff') in 0.005 seconds [static and dynamic dependencies]. Details - ImportResultOutputID=454901b7ca0b8f9889d75502eff57ee2 DependenciesID=62d48af0ed801b7ca0d57250937ba4e0 StaticDependenciesID=357f0c6c4c8d784ee58d93c48676279b 
Number of updated asset objects reloaded before import = 0
Number of asset objects unloaded after import = 0
========================================================================
Received Import Request.
  Time of request: 2026-09-19T15:00:39.6247581Z
  Time since last request: 0.0009194 seconds.
  importAddress: GUID: be340a165cb9c8d4cb50f1deeb51d4ea - Path: Packages/com.unity.collab-proxy/Editor/Assets/Images/stepok@2x.png - Importer: ScriptedImporter/UnityEditor.QuickSearchModule:UnityEditor.Search:ASIAI0B
Importing 'GUID: be340a165cb9c8d4cb50f1deeb51d4ea - Path: Packages/com.unity.collab-proxy/Editor/Assets/Images/stepok@2x.png - Importer: ScriptedImporter/UnityEditor.QuickSearchModule:UnityEditor.Search:ASIAI0B' with importer (ScriptedImporter : UnityEditor.QuickSearchModule:UnityEditor.Search:ASIAI0B)
Imported 'GUID: be340a165cb9c8d4cb50f1deeb51d4ea' -> (Import Result ID: '1f474ec5f735e5ba079f7b8e40425b36') in 0.008 seconds [static and dynamic dependencies]. Details - ImportResultOutputID=76552518e88e00853271aeb12ad03f10 DependenciesID=7aa28a838a996d56d71747b75c8541a2 StaticDependenciesID=b6a5a58bd37f36109bea2f45f2206659 
Number of updated asset objects reloaded before import = 0
Number of asset objects unloaded after import = 1
========================================================================
Received Import Request.
  Time of request: 2026-09-19T15:00:39.655413Z
  Time since last request: 0.0005256 seconds.
  importAddress: GUID: 18b097dd2d10fb442a321314f4541401 - Path: Packages/com.unity.collab-proxy/Editor/Assets/Layouts/SignInPanel.uxml - Importer: ScriptedImporter/UnityEditor.QuickSearchModule:UnityEditor.Search:ASIAI0B
Importing 'GUID: 18b097dd2d10fb442a321314f4541401 - Path: Packages/com.unity.collab-proxy/Editor/Assets/Layouts/SignInPanel.uxml - Importer: ScriptedImporter/UnityEditor.QuickSearchModule:UnityEditor.Search:ASIAI0B' with importer (ScriptedImporter : UnityEditor.QuickSearchModule:UnityEditor.Search:ASIAI0B)
Imported 'GUID: 18b097dd2d10fb442a321314f4541401' -> (Import Result ID: 'a64044dacadd4a177d9ab960db2883e1') in 0.144 seconds [static and dynamic dependencies]. Details - ImportResultOutputID=76fc933a0d95d10b08d20f8f50aa370b DependenciesID=cb40c3ac1d8c3b158a37237f53a3ed3b StaticDependenciesID=e4b50f66fb804261c2e4d20e1d492e62 
Number of updated asset objects reloaded before import = 0
Number of asset objects unloaded after import = 2
========================================================================
Received Import Request.
  Time of request: 2026-09-19T15:00:39.8387851Z
  Time since last request: 0.0229707 seconds.
  importAddress: GUID: a8bf7716389c4dfe840c4e747033debc - Path: Packages/com.unity.collab-proxy/Editor/CloudDrive/CreateWorkspace/CollaboratorsListView.cs - Importer: ScriptedImporter/UnityEditor.QuickSearchModule:UnityEditor.Search:ASIAI0B
Importing 'GUID: a8bf7716389c4dfe840c4e747033debc - Path: Packages/com.unity.collab-proxy/Editor/CloudDrive/CreateWorkspace/CollaboratorsListView.cs - Importer: ScriptedImporter/UnityEditor.QuickSearchModule:UnityEditor.Search:ASIAI0B' with importer (ScriptedImporter : UnityEditor.QuickSearchModule:UnityEditor.Search:ASIAI0B)
Imported 'GUID: a8bf7716389c4dfe840c4e747033debc' -> (Import Result ID: 'd439d56f939c08183643f514fbc8e9d5') in 0.003 seconds [static and dynamic dependencies]. Details - ImportResultOutputID=4c9352558171985cd77ae9e8eb4ffc30 DependenciesID=5dbf4fcc7d6c8777ca2a83065d1b8c5f StaticDependenciesID=d77e924117b8735ff1e08c4025b3a136 
Number of updated asset objects reloaded before import = 0
Number of asset objects unloaded after import = 0
========================================================================
Received Import Request.
  Time of request: 2026-09-19T15:00:39.8605984Z
  Time since last request: 0.0007025 seconds.
  importAddress: GUID: c0819a043e0c64a4780ca8ab3c311d07 - Path: Packages/com.unity.collab-proxy/Editor/CloudDrive/Welcome/WelcomeView.cs - Importer: ScriptedImporter/UnityEditor.QuickSearchModule:UnityEditor.Search:ASIAI0B
Importing 'GUID: c0819a043e0c64a4780ca8ab3c311d07 - Path: Packages/com.unity.collab-proxy/Editor/CloudDrive/Welcome/WelcomeView.cs - Importer: ScriptedImporter/UnityEditor.QuickSearchModule:UnityEditor.Search:ASIAI0B' with importer (ScriptedImporter : UnityEditor.QuickSearchModule:UnityEditor.Search:ASIAI0B)
Imported 'GUID: c0819a043e0c64a4780ca8ab3c311d07' -> (Import Result ID: 'ef89eac149fdbc59485bf776fb27fa67') in 0.006 seconds [static and dynamic dependencies]. Details - ImportResultOutputID=739556c01e3221f5429080722a82c3c7 DependenciesID=d9cad33f852aea89690fb865bb2bc80d StaticDependenciesID=3748b8b148f5f6bc83e9077517f5aac7 
Number of updated asset objects reloaded before import = 0
Number of asset objects unloaded after import = 0
========================================================================
Received Import Request.
  Time of request: 2026-09-19T15:00:39.8848663Z
  Time since last request: 0.0009747 seconds.
  importAddress: GUID: 5f7e5d5ce5c2fd6418dddab8e9586141 - Path: Packages/com.unity.collab-proxy/Editor/CodeEditor/Editing/CaretNavigationCommandHandler.cs - Importer: ScriptedImporter/UnityEditor.QuickSearchModule:UnityEditor.Search:ASIAI0B
Importing 'GUID: 5f7e5d5ce5c2fd6418dddab8e9586141 - Path: Packages/com.unity.collab-proxy/Editor/CodeEditor/Editing/CaretNavigationCommandHandler.cs - Importer: ScriptedImporter/UnityEditor.QuickSearchModule:UnityEditor.Search:ASIAI0B' with importer (ScriptedImporter : UnityEditor.QuickSearchModule:UnityEditor.Search:ASIAI0B)
Imported 'GUID: 5f7e5d5ce5c2fd6418dddab8e9586141' -> (Import Result ID: '52367868da0758e0b3b5a217ebb6b6be') in 0.004 seconds [static and dynamic dependencies]. Details - ImportResultOutputID=2e6761e135fd2c6a9c55c1f0d3b89450 DependenciesID=85f32cbd14211e6f4b372fc6ab9a0bbe StaticDependenciesID=1a8591d2c094d1c7045584d855505294 
Number of updated asset objects reloaded before import = 0
Number of asset objects unloaded after import = 0
========================================================================
Received Import Request.
  Time of request: 2026-09-19T15:00:39.9081302Z
  Time since last request: 0.0010467 seconds.
  importAddress: GUID: d6b614bb8cf04cbe9ffd8626c062bd78 - Path: Packages/com.unity.collab-proxy/Editor/CodeEditor/Editing/EmptySelection.cs - Importer: ScriptedImporter/UnityEditor.QuickSearchModule:UnityEditor.Search:ASIAI0B
Importing 'GUID: d6b614bb8cf04cbe9ffd8626c062bd78 - Path: Packages/com.unity.collab-proxy/Editor/CodeEditor/Editing/EmptySelection.cs - Importer: ScriptedImporter/UnityEditor.QuickSearchModule:UnityEditor.Search:ASIAI0B' with importer (ScriptedImporter : UnityEditor.QuickSearchModule:UnityEditor.Search:ASIAI0B)
Imported 'GUID: d6b614bb8cf04cbe9ffd8626c062bd78' -> (Import Result ID: '5fa9e89fd9d483734bb79333f7294c8f') in 0.003 seconds [static and dynamic dependencies]. Details - ImportResultOutputID=5b7f71a303e18660af72748a36096079 DependenciesID=88994b55d0a9ebf8a8adee4423577b21 StaticDependenciesID=a220a4e47922d64eefd5bd6abafcaed1 
Number of updated asset objects reloaded before import = 0
Number of asset objects unloaded after import = 0
========================================================================
Received Import Request.
  Time of request: 2026-09-19T15:00:39.930211Z
  Time since last request: 0.001251 seconds.
  importAddress: GUID: a4dab1ebc3086c245ad199490a29637f - Path: Packages/com.unity.collab-proxy/Editor/CloudDrive/CreateWorkspace/CreateWorkspaceView.cs - Importer: ScriptedImporter/UnityEditor.QuickSearchModule:UnityEditor.Search:ASIAI0B
Importing 'GUID: a4dab1ebc3086c245ad199490a29637f - Path: Packages/com.unity.collab-proxy/Editor/CloudDrive/CreateWorkspace/CreateWorkspaceView.cs - Importer: ScriptedImporter/UnityEditor.QuickSearchModule:UnityEditor.Search:ASIAI0B' with importer (ScriptedImporter : UnityEditor.QuickSearchModule:UnityEditor.Search:ASIAI0B)
Imported 'GUID: a4dab1ebc3086c245ad199490a29637f' -> (Import Result ID: '29f7d9bc1875e746dcf8a0a32e6c7de6') in 0.004 seconds [static and dynamic dependencies]. Details - ImportResultOutputID=b389a93e5e0085a138fb9b7716121549 DependenciesID=d9b533aaa07c5b230b37ca03eaac4445 StaticDependenciesID=36f6a1bc9afa29e9c8ca7203e60dc34c 
Number of updated asset objects reloaded before import = 0
Number of asset objects unloaded after import = 0
========================================================================
Received Import Request.
  Time of request: 2026-09-19T15:00:39.956141Z
  Time since last request: 0.0004442 seconds.
  importAddress: GUID: 1bad6294dbf1045048f29381bfdf4961 - Path: Packages/com.unity.collab-proxy/Editor/CodeEditor/Document/ILineTracker.cs - Importer: ScriptedImporter/UnityEditor.QuickSearchModule:UnityEditor.Search:ASIAI0B
Importing 'GUID: 1bad6294dbf1045048f29381bfdf4961 - Path: Packages/com.unity.collab-proxy/Editor/CodeEditor/Document/ILineTracker.cs - Importer: ScriptedImporter/UnityEditor.QuickSearchModule:UnityEditor.Search:ASIAI0B' with importer (ScriptedImporter : UnityEditor.QuickSearchModule:UnityEditor.Search:ASIAI0B)
Imported 'GUID: 1bad6294dbf1045048f29381bfdf4961' -> (Import Result ID: 'ea608518b65f8aaebec57df5c91d05a2') in 0.003 seconds [static and dynamic dependencies]. Details - ImportResultOutputID=10e89bb25df54b6d95beb277ad1a0d57 DependenciesID=abcafcb7a095f790903374ce21488601 StaticDependenciesID=37be40447a6c7dbea21d8b62967abf3a 
Number of updated asset objects reloaded before import = 0
Number of asset objects unloaded after import = 0
========================================================================
Received Import Request.
  Time of request: 2026-09-19T15:00:39.9763936Z
  Time since last request: 0.0005445 seconds.
  importAddress: GUID: 8d60b8806ad5a453e978d149b4442288 - Path: Packages/com.unity.collab-proxy/Editor/CodeEditor/Document/TextAnchorNode.cs - Importer: ScriptedImporter/UnityEditor.QuickSearchModule:UnityEditor.Search:ASIAI0B
Importing 'GUID: 8d60b8806ad5a453e978d149b4442288 - Path: Packages/com.unity.collab-proxy/Editor/CodeEditor/Document/TextAnchorNode.cs - Importer: ScriptedImporter/UnityEditor.QuickSearchModule:UnityEditor.Search:ASIAI0B' with importer (ScriptedImporter : UnityEditor.QuickSearchModule:UnityEditor.Search:ASIAI0B)
Imported 'GUID: 8d60b8806ad5a453e978d149b4442288' -> (Import Result ID: 'b6e74dcff9f8600231a6415bbb84ecc0') in 0.003 seconds [static and dynamic dependencies]. Details - ImportResultOutputID=39e34c29682c05b64167a4dabf9040ef DependenciesID=1c88cfeca80fa66e79af901c87fa46a4 StaticDependenciesID=b4eaa46fb3554d4501b46533023bcade 
Number of updated asset objects reloaded before import = 0
Number of asset objects unloaded after import = 0
========================================================================
Received Import Request.
  Time of request: 2026-09-19T15:00:39.9947102Z
  Time since last request: 0.0005881 seconds.
  importAddress: GUID: 3ed71107e5b54d4bb42de7103a3577a9 - Path: Packages/com.unity.collab-proxy/Editor/Assistant/Tools/ProjectManagementTools.cs - Importer: ScriptedImporter/UnityEditor.QuickSearchModule:UnityEditor.Search:ASIAI0B
Importing 'GUID: 3ed71107e5b54d4bb42de7103a3577a9 - Path: Packages/com.unity.collab-proxy/Editor/Assistant/Tools/ProjectManagementTools.cs - Importer: ScriptedImporter/UnityEditor.QuickSearchModule:UnityEditor.Search:ASIAI0B' with importer (ScriptedImporter : UnityEditor.QuickSearchModule:UnityEditor.Search:ASIAI0B)
Imported 'GUID: 3ed71107e5b54d4bb42de7103a3577a9' -> (Import Result ID: '9d6d5ac096353b02cc384d0e7438c972') in 0.003 seconds [static and dynamic dependencies]. Details - ImportResultOutputID=9fefdf7a33339df42f9931a84d6876d8 DependenciesID=5f4575554fc969849f5868d05c550c06 StaticDependenciesID=e151ade7b53c1a351a3da6ff43f790a7 
Number of updated asset objects reloaded before import = 0
Number of asset objects unloaded after import = 0
========================================================================
Received Import Request.
  Time of request: 2026-09-19T15:00:40.0163353Z
  Time since last request: 0.0007081 seconds.
  importAddress: GUID: 1cb83927eaf714ec9ad8234a784bb1a9 - Path: Packages/com.unity.collab-proxy/Editor/CodeEditor/Document/ITextAnchor.cs - Importer: ScriptedImporter/UnityEditor.QuickSearchModule:UnityEditor.Search:ASIAI0B
Importing 'GUID: 1cb83927eaf714ec9ad8234a784bb1a9 - Path: Packages/com.unity.collab-proxy/Editor/CodeEditor/Document/ITextAnchor.cs - Importer: ScriptedImporter/UnityEditor.QuickSearchModule:UnityEditor.Search:ASIAI0B' with importer (ScriptedImporter : UnityEditor.QuickSearchModule:UnityEditor.Search:ASIAI0B)
Imported 'GUID: 1cb83927eaf714ec9ad8234a784bb1a9' -> (Import Result ID: '2f1ad82bdefc1441484d45cb847f837f') in 0.002 seconds [static and dynamic dependencies]. Details - ImportResultOutputID=7466cb77e820ec03b97175ddac1d5455 DependenciesID=fdc38f0784e735c56ea7a980034c4a55 StaticDependenciesID=baed6f3b0b2b679376f34363ba7a2982 
Number of updated asset objects reloaded before import = 0
Number of asset objects unloaded after import = 0
========================================================================
Received Import Request.
  Time of request: 2026-09-19T15:00:40.0325763Z
  Time since last request: 0.0017865 seconds.
  importAddress: GUID: 51f820daaf42148c9a1196a13d81c206 - Path: Packages/com.unity.collab-proxy/Editor/Assistant/Tools/LockTools.cs - Importer: ScriptedImporter/UnityEditor.QuickSearchModule:UnityEditor.Search:ASIAI0B
Importing 'GUID: 51f820daaf42148c9a1196a13d81c206 - Path: Packages/com.unity.collab-proxy/Editor/Assistant/Tools/LockTools.cs - Importer: ScriptedImporter/UnityEditor.QuickSearchModule:UnityEditor.Search:ASIAI0B' with importer (ScriptedImporter : UnityEditor.QuickSearchModule:UnityEditor.Search:ASIAI0B)
Imported 'GUID: 51f820daaf42148c9a1196a13d81c206' -> (Import Result ID: '4346e8945327d457f57a0a5199e6de19') in 0.004 seconds [static and dynamic dependencies]. Details - ImportResultOutputID=e6fdbdc481ddd12a19f45c547974d54d DependenciesID=f86dc0f50e20404d4466b5dd6c7b6b5d StaticDependenciesID=26fafafc3888e4616847e9af24c32c1b 
Number of updated asset objects reloaded before import = 0
Number of asset objects unloaded after import = 0
========================================================================
Received Import Request.
  Time of request: 2026-09-19T15:00:40.0552058Z
  Time since last request: 0.000525 seconds.
  importAddress: GUID: 4e43250273a4d4b3392541c97d1eb150 - Path: Packages/com.unity.collab-proxy/Editor/CodeEditor/Document/TextDocumentWeakEventManager.cs - Importer: ScriptedImporter/UnityEditor.QuickSearchModule:UnityEditor.Search:ASIAI0B
Importing 'GUID: 4e43250273a4d4b3392541c97d1eb150 - Path: Packages/com.unity.collab-proxy/Editor/CodeEditor/Document/TextDocumentWeakEventManager.cs - Importer: ScriptedImporter/UnityEditor.QuickSearchModule:UnityEditor.Search:ASIAI0B' with importer (ScriptedImporter : UnityEditor.QuickSearchModule:UnityEditor.Search:ASIAI0B)
Imported 'GUID: 4e43250273a4d4b3392541c97d1eb150' -> (Import Result ID: '6313d1c32fa22a1a87dd4d09fe2e6b2e') in 0.003 seconds [static and dynamic dependencies]. Details - ImportResultOutputID=0f7f556556cbc14386bf3f3db224a4bc DependenciesID=dbaa993c13e88ad1d79516233b0f2566 StaticDependenciesID=87d09701fb96175b82240954182d8ee9 
Number of updated asset objects reloaded before import = 0
Number of asset objects unloaded after import = 0
========================================================================
Received Import Request.
  Time of request: 2026-09-19T15:00:40.0760018Z
  Time since last request: 0.0005026 seconds.
  importAddress: GUID: 078b750ce38ab92439fffe8192aa866f - Path: Packages/com.unity.collab-proxy/Editor/CodeEditor/Editing/NoReadOnlySections.cs - Importer: ScriptedImporter/UnityEditor.QuickSearchModule:UnityEditor.Search:ASIAI0B
Importing 'GUID: 078b750ce38ab92439fffe8192aa866f - Path: Packages/com.unity.collab-proxy/Editor/CodeEditor/Editing/NoReadOnlySections.cs - Importer: ScriptedImporter/UnityEditor.QuickSearchModule:UnityEditor.Search:ASIAI0B' with importer (ScriptedImporter : UnityEditor.QuickSearchModule:UnityEditor.Search:ASIAI0B)
Imported 'GUID: 078b750ce38ab92439fffe8192aa866f' -> (Import Result ID: 'e1522f7838a03bafd30bb3034fd49bb2') in 0.003 seconds [static and dynamic dependencies]. Details - ImportResultOutputID=9fa0459850a3710953612cb39b93c034 DependenciesID=c9c4da4bc333c5a1f68d3c55fa976eb5 StaticDependenciesID=167eaac051a2d61c8de8f02ad7187bb7 
Number of updated asset objects reloaded before import = 0
Number of asset objects unloaded after import = 0
========================================================================
Received Import Request.
  Time of request: 2026-09-19T15:00:40.0953773Z
  Time since last request: 0.0004993 seconds.
  importAddress: GUID: ff096cb057cc465abed4e21161cac8b8 - Path: Packages/com.unity.collab-proxy/Editor/Assistant/Tools/QueryTools.cs - Importer: ScriptedImporter/UnityEditor.QuickSearchModule:UnityEditor.Search:ASIAI0B
Importing 'GUID: ff096cb057cc465abed4e21161cac8b8 - Path: Packages/com.unity.collab-proxy/Editor/Assistant/Tools/QueryTools.cs - Importer: ScriptedImporter/UnityEditor.QuickSearchModule:UnityEditor.Search:ASIAI0B' with importer (ScriptedImporter : UnityEditor.QuickSearchModule:UnityEditor.Search:ASIAI0B)
Imported 'GUID: ff096cb057cc465abed4e21161cac8b8' -> (Import Result ID: 'd0dbaa324063988e820757147f9859e6') in 0.003 seconds [static and dynamic dependencies]. Details - ImportResultOutputID=67954b88d8247c3f5559b826e592bcde DependenciesID=15bd5d314cb956382ee98109e0964b95 StaticDependenciesID=88d66dbf0b44f150655da683665e2e50 
Number of updated asset objects reloaded before import = 0
Number of asset objects unloaded after import = 0
========================================================================
Received Import Request.
  Time of request: 2026-09-19T15:00:40.1164179Z
  Time since last request: 0.0005422 seconds.
  importAddress: GUID: d170e6aba78146b09759f774ef27c7fd - Path: Packages/com.unity.collab-proxy/Editor/CodeEditor/Document/IDocument.cs - Importer: ScriptedImporter/UnityEditor.QuickSearchModule:UnityEditor.Search:ASIAI0B
Importing 'GUID: d170e6aba78146b09759f774ef27c7fd - Path: Packages/com.unity.collab-proxy/Editor/CodeEditor/Document/IDocument.cs - Importer: ScriptedImporter/UnityEditor.QuickSearchModule:UnityEditor.Search:ASIAI0B' with importer (ScriptedImporter : UnityEditor.QuickSearchModule:UnityEditor.Search:ASIAI0B)
Imported 'GUID: d170e6aba78146b09759f774ef27c7fd' -> (Import Result ID: 'ac66a3f4bd7605e98197628c1cb42aff') in 0.003 seconds [static and dynamic dependencies]. Details - ImportResultOutputID=4d2731badf328eb5f42eb1b73d32c7ce DependenciesID=cbad4dcf78c888f61650cc882a61e8a0 StaticDependenciesID=e052263b255b4909299045a0d14074d1 
Number of updated asset objects reloaded before import = 0
Number of asset objects unloaded after import = 0
========================================================================
Received Import Request.
  Time of request: 2026-09-19T15:00:40.1384209Z
  Time since last request: 0.0007268 seconds.
  importAddress: GUID: 4809ab5cb1988e5449f9e1911e77d7ef - Path: Packages/com.unity.collab-proxy/Editor/CodeEditor/Editing/DragDropException.cs - Importer: ScriptedImporter/UnityEditor.QuickSearchModule:UnityEditor.Search:ASIAI0B
Importing 'GUID: 4809ab5cb1988e5449f9e1911e77d7ef - Path: Packages/com.unity.collab-proxy/Editor/CodeEditor/Editing/DragDropException.cs - Importer: ScriptedImporter/UnityEditor.QuickSearchModule:UnityEditor.Search:ASIAI0B' with importer (ScriptedImporter : UnityEditor.QuickSearchModule:UnityEditor.Search:ASIAI0B)
Imported 'GUID: 4809ab5cb1988e5449f9e1911e77d7ef' -> (Import Result ID: '9a77d34a5912eae02c59dc7fe7fbcdff') in 0.003 seconds [static and dynamic dependencies]. Details - ImportResultOutputID=9b84d3a4d7355550bf69906688003466 DependenciesID=098f8ba1c1ddf99decfdf306d837e109 StaticDependenciesID=54bb68d768dc0212021dbc2d8483b41f 
Number of updated asset objects reloaded before import = 0
Number of asset objects unloaded after import = 0
========================================================================
Received Import Request.
  Time of request: 2026-09-19T15:00:40.1590749Z
  Time since last request: 0.0006457 seconds.
  importAddress: GUID: d7f4b39ab0334bd38d1a9f3ec0f60625 - Path: Packages/com.unity.collab-proxy/Editor/CodeEditor/Editing/RectangleSelection.cs - Importer: ScriptedImporter/UnityEditor.QuickSearchModule:UnityEditor.Search:ASIAI0B
Importing 'GUID: d7f4b39ab0334bd38d1a9f3ec0f60625 - Path: Packages/com.unity.collab-proxy/Editor/CodeEditor/Editing/RectangleSelection.cs - Importer: ScriptedImporter/UnityEditor.QuickSearchModule:UnityEditor.Search:ASIAI0B' with importer (ScriptedImporter : UnityEditor.QuickSearchModule:UnityEditor.Search:ASIAI0B)
Imported 'GUID: d7f4b39ab0334bd38d1a9f3ec0f60625' -> (Import Result ID: '24bdc16e1cc71e70239dc54b39b34c64') in 0.003 seconds [static and dynamic dependencies]. Details - ImportResultOutputID=2ee8981b29af2eaeb92404e057babfb6 DependenciesID=45934edd052401bb227ac1d353ca077b StaticDependenciesID=3ffa282cb4a22fd45dd933f02c28a050 
Number of updated asset objects reloaded before import = 0
Number of asset objects unloaded after import = 0
========================================================================
Received Import Request.
  Time of request: 2026-09-19T15:00:40.1964491Z
  Time since last request: 0.0184507 seconds.
  importAddress: GUID: 4075c9f563ed474ca5c3bb24a201259c - Path: Packages/com.unity.collab-proxy/Editor/CodeEditor/Rendering/VisualYPosition.cs - Importer: ScriptedImporter/UnityEditor.QuickSearchModule:UnityEditor.Search:ASIAI0B
Importing 'GUID: 4075c9f563ed474ca5c3bb24a201259c - Path: Packages/com.unity.collab-proxy/Editor/CodeEditor/Rendering/VisualYPosition.cs - Importer: ScriptedImporter/UnityEditor.QuickSearchModule:UnityEditor.Search:ASIAI0B' with importer (ScriptedImporter : UnityEditor.QuickSearchModule:UnityEditor.Search:ASIAI0B)
Imported 'GUID: 4075c9f563ed474ca5c3bb24a201259c' -> (Import Result ID: 'e7954354b5991081ffc13a2f7590dd62') in 0.003 seconds [static and dynamic dependencies]. Details - ImportResultOutputID=24c447edb94f6a8a46f517b0315ec9b5 DependenciesID=4fe31f3cf61ded663440c4a59906721e StaticDependenciesID=a86bd3e7cb2087f3af9728b6c17368a2 
Number of updated asset objects reloaded before import = 0
Number of asset objects unloaded after import = 0
========================================================================
Received Import Request.
  Time of request: 2026-09-19T15:00:40.2174707Z
  Time since last request: 0.0005224 seconds.
  importAddress: GUID: 717010216a3b45b19f04d091bf1b4ee1 - Path: Packages/com.unity.collab-proxy/Editor/CodeEditor/Platform/PathFigure.cs - Importer: ScriptedImporter/UnityEditor.QuickSearchModule:UnityEditor.Search:ASIAI0B
Importing 'GUID: 717010216a3b45b19f04d091bf1b4ee1 - Path: Packages/com.unity.collab-proxy/Editor/CodeEditor/Platform/PathFigure.cs - Importer: ScriptedImporter/UnityEditor.QuickSearchModule:UnityEditor.Search:ASIAI0B' with importer (ScriptedImporter : UnityEditor.QuickSearchModule:UnityEditor.Search:ASIAI0B)
Imported 'GUID: 717010216a3b45b19f04d091bf1b4ee1' -> (Import Result ID: '98ecd578ab2c789558cfc2fdfd18a772') in 0.003 seconds [static and dynamic dependencies]. Details - ImportResultOutputID=6366062228609f4375978b9c9a458f93 DependenciesID=cde232dd98d7b011e49c4e1f4077d409 StaticDependenciesID=52735eaff330258e4ddc06267dd37a60 
Number of updated asset objects reloaded before import = 0
Number of asset objects unloaded after import = 0
========================================================================
Received Import Request.
  Time of request: 2026-09-19T15:00:40.2388823Z
  Time since last request: 0.0009805 seconds.
  importAddress: GUID: 2c47049c0f9b47c1840bda2ed3283ae7 - Path: Packages/com.unity.collab-proxy/Editor/CodeEditor/Rendering/TextParagraphProperties.cs - Importer: ScriptedImporter/UnityEditor.QuickSearchModule:UnityEditor.Search:ASIAI0B
Importing 'GUID: 2c47049c0f9b47c1840bda2ed3283ae7 - Path: Packages/com.unity.collab-proxy/Editor/CodeEditor/Rendering/TextParagraphProperties.cs - Importer: ScriptedImporter/UnityEditor.QuickSearchModule:UnityEditor.Search:ASIAI0B' with importer (ScriptedImporter : UnityEditor.QuickSearchModule:UnityEditor.Search:ASIAI0B)
Imported 'GUID: 2c47049c0f9b47c1840bda2ed3283ae7' -> (Import Result ID: 'b45023e3747c4ae647250914ab136a50') in 0.003 seconds [static and dynamic dependencies]. Details - ImportResultOutputID=b78c046c7a08e08f5aab62fec8c6b6ef DependenciesID=cabcd9932e2697cf5168046b3382a223 StaticDependenciesID=bc9848546203df7e63c0a4cb66d4d32e 
Number of updated asset objects reloaded before import = 0
Number of asset objects unloaded after import = 0
========================================================================
Received Import Request.
  Time of request: 2026-09-19T15:00:40.2604021Z
  Time since last request: 0.0006441 seconds.
  importAddress: GUID: 0040383d747f4e9392c3c770bded7f25 - Path: Packages/com.unity.collab-proxy/Editor/CodeEditor/TextMate/TextMate.cs - Importer: ScriptedImporter/UnityEditor.QuickSearchModule:UnityEditor.Search:ASIAI0B
Importing 'GUID: 0040383d747f4e9392c3c770bded7f25 - Path: Packages/com.unity.collab-proxy/Editor/CodeEditor/TextMate/TextMate.cs - Importer: ScriptedImporter/UnityEditor.QuickSearchModule:UnityEditor.Search:ASIAI0B' with importer (ScriptedImporter : UnityEditor.QuickSearchModule:UnityEditor.Search:ASIAI0B)
Imported 'GUID: 0040383d747f4e9392c3c770bded7f25' -> (Import Result ID: '2693ab96ab9c34baa4f734d20a9a098c') in 0.003 seconds [static and dynamic dependencies]. Details - ImportResultOutputID=b4ddc3161bb88e5ac3ec7d574062cddf DependenciesID=6e76bf91fc0813ca741e4dbe5afe56a5 StaticDependenciesID=7add8683aa1ed29da9ffdf3f346ae09e 
Number of updated asset objects reloaded before import = 0
Number of asset objects unloaded after import = 0
========================================================================
Received Import Request.
  Time of request: 2026-09-19T15:00:40.2814618Z
  Time since last request: 0.0004766 seconds.
  importAddress: GUID: 187e79737b0d4cafb4c958f89f9f6843 - Path: Packages/com.unity.collab-proxy/Editor/CodeEditor/Rendering/TextViewWeakEventManager.cs - Importer: ScriptedImporter/UnityEditor.QuickSearchModule:UnityEditor.Search:ASIAI0B
Importing 'GUID: 187e79737b0d4cafb4c958f89f9f6843 - Path: Packages/com.unity.collab-proxy/Editor/CodeEditor/Rendering/TextViewWeakEventManager.cs - Importer: ScriptedImporter/UnityEditor.QuickSearchModule:UnityEditor.Search:ASIAI0B' with importer (ScriptedImporter : UnityEditor.QuickSearchModule:UnityEditor.Search:ASIAI0B)
Imported 'GUID: 187e79737b0d4cafb4c958f89f9f6843' -> (Import Result ID: '9eb6453305c425b827e8f278abf8e5db') in 0.003 seconds [static and dynamic dependencies]. Details - ImportResultOutputID=c0ed13c9a74c8a0b5e1f7f78af183fa8 DependenciesID=fb0981f5ab9dfd2b5812499560387c61 StaticDependenciesID=ca0538bed92a79ed60f02929d4a90d0e 
Number of updated asset objects reloaded before import = 0
Number of asset objects unloaded after import = 0
========================================================================
Received Import Request.
  Time of request: 2026-09-19T15:00:40.3013431Z
  Time since last request: 0.0005111 seconds.
  importAddress: GUID: e474d6ad70f144ef80492c464c2e8d4c - Path: Packages/com.unity.collab-proxy/Editor/CodeEditor/Editing/SelectionLayer.cs - Importer: ScriptedImporter/UnityEditor.QuickSearchModule:UnityEditor.Search:ASIAI0B
Importing 'GUID: e474d6ad70f144ef80492c464c2e8d4c - Path: Packages/com.unity.collab-proxy/Editor/CodeEditor/Editing/SelectionLayer.cs - Importer: ScriptedImporter/UnityEditor.QuickSearchModule:UnityEditor.Search:ASIAI0B' with importer (ScriptedImporter : UnityEditor.QuickSearchModule:UnityEditor.Search:ASIAI0B)
Imported 'GUID: e474d6ad70f144ef80492c464c2e8d4c' -> (Import Result ID: 'd388efbfd29bb4fd0635eb7f559211fe') in 0.003 seconds [static and dynamic dependencies]. Details - ImportResultOutputID=2e33429956c1a759d067f1e911fbc66d DependenciesID=c9c279d3ee4c0fb8e25dacf954c6bb53 StaticDependenciesID=495c7e1753e1e9f1a8ae487c603f8d61 
Number of updated asset objects reloaded before import = 0
Number of asset objects unloaded after import = 0
========================================================================
Received Import Request.
  Time of request: 2026-09-19T15:00:40.3221861Z
  Time since last request: 0.0005487 seconds.
  importAddress: GUID: f644fd7beee314f57869b6ba6af5307b - Path: Packages/com.unity.collab-proxy/Editor/CodeEditor/Search/SearchPanel.cs - Importer: ScriptedImporter/UnityEditor.QuickSearchModule:UnityEditor.Search:ASIAI0B
Importing 'GUID: f644fd7beee314f57869b6ba6af5307b - Path: Packages/com.unity.collab-proxy/Editor/CodeEditor/Search/SearchPanel.cs - Importer: ScriptedImporter/UnityEditor.QuickSearchModule:UnityEditor.Search:ASIAI0B' with importer (ScriptedImporter : UnityEditor.QuickSearchModule:UnityEditor.Search:ASIAI0B)
Imported 'GUID: f644fd7beee314f57869b6ba6af5307b' -> (Import Result ID: 'f7ca15ab94bf7e7668f73a9094b09acb') in 0.003 seconds [static and dynamic dependencies]. Details - ImportResultOutputID=2e53b1dd602ba8cd9ea909891d16f97f DependenciesID=122386a74715acdcf148b01ebb83b15c StaticDependenciesID=0b3bb4a3bfd71541baa6a7a80fd5b429 
Number of updated asset objects reloaded before import = 0
Number of asset objects unloaded after import = 0
========================================================================
Received Import Request.
  Time of request: 2026-09-19T15:00:40.3430795Z
  Time since last request: 0.0005977 seconds.
  importAddress: GUID: e7645ffe601f4ca9ac1285112b331d35 - Path: Packages/com.unity.collab-proxy/Editor/CodeEditor/TextMate/DocumentSnapshot.cs - Importer: ScriptedImporter/UnityEditor.QuickSearchModule:UnityEditor.Search:ASIAI0B
Importing 'GUID: e7645ffe601f4ca9ac1285112b331d35 - Path: Packages/com.unity.collab-proxy/Editor/CodeEditor/TextMate/DocumentSnapshot.cs - Importer: ScriptedImporter/UnityEditor.QuickSearchModule:UnityEditor.Search:ASIAI0B' with importer (ScriptedImporter : UnityEditor.QuickSearchModule:UnityEditor.Search:ASIAI0B)
Imported 'GUID: e7645ffe601f4ca9ac1285112b331d35' -> (Import Result ID: '8f580461ef6badfbb765a727b5ee2fe8') in 0.003 seconds [static and dynamic dependencies]. Details - ImportResultOutputID=49ffae2a54bf3570efb5fa71e2fab46d DependenciesID=a8fd8d350e971e510517c843aa1d5637 StaticDependenciesID=443d26447fd5296a561447cf23cd78de 
Number of updated asset objects reloaded before import = 0
Number of asset objects unloaded after import = 0
========================================================================
Received Import Request.
  Time of request: 2026-09-19T15:00:40.3600923Z
  Time since last request: 0.0005182 seconds.
  importAddress: GUID: a2601a7e62a84d3e95fe8be6d25a7280 - Path: Packages/com.unity.collab-proxy/Editor/CodeEditor/Utils/BusyManager.cs - Importer: ScriptedImporter/UnityEditor.QuickSearchModule:UnityEditor.Search:ASIAI0B
Importing 'GUID: a2601a7e62a84d3e95fe8be6d25a7280 - Path: Packages/com.unity.collab-proxy/Editor/CodeEditor/Utils/BusyManager.cs - Importer: ScriptedImporter/UnityEditor.QuickSearchModule:UnityEditor.Search:ASIAI0B' with importer (ScriptedImporter : UnityEditor.QuickSearchModule:UnityEditor.Search:ASIAI0B)
Imported 'GUID: a2601a7e62a84d3e95fe8be6d25a7280' -> (Import Result ID: '5b3159ecf46dc29984d957ebb1fe61db') in 0.003 seconds [static and dynamic dependencies]. Details - ImportResultOutputID=d206ec8b5ea5c8ba0e7def83f0e7c24a DependenciesID=303274200e74f5624b4a1a7fb60d27a5 StaticDependenciesID=11ac08c238767209d3a0d3e67ec7d3de 
Number of updated asset objects reloaded before import = 0
Number of asset objects unloaded after import = 0
========================================================================
Received Import Request.
  Time of request: 2026-09-19T15:00:40.3804607Z
  Time since last request: 0.0010638 seconds.
  importAddress: GUID: be0c6030e24d4c9ea8bb60d258e05588 - Path: Packages/com.unity.collab-proxy/Editor/CodeEditor/Rendering/LayerPosition.cs - Importer: ScriptedImporter/UnityEditor.QuickSearchModule:UnityEditor.Search:ASIAI0B
Importing 'GUID: be0c6030e24d4c9ea8bb60d258e05588 - Path: Packages/com.unity.collab-proxy/Editor/CodeEditor/Rendering/LayerPosition.cs - Importer: ScriptedImporter/UnityEditor.QuickSearchModule:UnityEditor.Search:ASIAI0B' with importer (ScriptedImporter : UnityEditor.QuickSearchModule:UnityEditor.Search:ASIAI0B)
Imported 'GUID: be0c6030e24d4c9ea8bb60d258e05588' -> (Import Result ID: '6e28807399deb5c482a9ba22465033c4') in 0.003 seconds [static and dynamic dependencies]. Details - ImportResultOutputID=681f789aa6026073211691ee3a7add05 DependenciesID=e171cdb7a91e8783de041f05dbd32975 StaticDependenciesID=0b827f36fe08050e4b2a5acdaf92d8f6 
Number of updated asset objects reloaded before import = 0
Number of asset objects unloaded after import = 0
========================================================================
Received Import Request.
  Time of request: 2026-09-19T15:00:40.4013279Z
  Time since last request: 0.0006169 seconds.
  importAddress: GUID: 8b0cdc15cea7d4af08eb36490bdb68b4 - Path: Packages/com.unity.collab-proxy/Editor/CodeEditor/Indentation/DefaultIndentationStrategy.cs - Importer: ScriptedImporter/UnityEditor.QuickSearchModule:UnityEditor.Search:ASIAI0B
Importing 'GUID: 8b0cdc15cea7d4af08eb36490bdb68b4 - Path: Packages/com.unity.collab-proxy/Editor/CodeEditor/Indentation/DefaultIndentationStrategy.cs - Importer: ScriptedImporter/UnityEditor.QuickSearchModule:UnityEditor.Search:ASIAI0B' with importer (ScriptedImporter : UnityEditor.QuickSearchModule:UnityEditor.Search:ASIAI0B)
Imported 'GUID: 8b0cdc15cea7d4af08eb36490bdb68b4' -> (Import Result ID: '1d372778ef6e837f77228f9ab4fa425a') in 0.004 seconds [static and dynamic dependencies]. Details - ImportResultOutputID=d7c11406920d4dcb00d88509b2cc55af DependenciesID=5be8b95e315b7b0a88fcc13f34759f03 StaticDependenciesID=ceb922a7eb1cf8c4379c7799fe056f1b 
Number of updated asset objects reloaded before import = 0
Number of asset objects unloaded after import = 0
========================================================================
Received Import Request.
  Time of request: 2026-09-19T15:00:40.4220414Z
  Time since last request: 0.000715 seconds.
  importAddress: GUID: edabbb8e32454a61b831d5b7deed1360 - Path: Packages/com.unity.collab-proxy/Editor/CodeEditor/TextMate/TextMateColoringTransformer.cs - Importer: ScriptedImporter/UnityEditor.QuickSearchModule:UnityEditor.Search:ASIAI0B
Importing 'GUID: edabbb8e32454a61b831d5b7deed1360 - Path: Packages/com.unity.collab-proxy/Editor/CodeEditor/TextMate/TextMateColoringTransformer.cs - Importer: ScriptedImporter/UnityEditor.QuickSearchModule:UnityEditor.Search:ASIAI0B' with importer (ScriptedImporter : UnityEditor.QuickSearchModule:UnityEditor.Search:ASIAI0B)
Imported 'GUID: edabbb8e32454a61b831d5b7deed1360' -> (Import Result ID: '1648b8c73d058ffad7f935ba1cedf7be') in 0.003 seconds [static and dynamic dependencies]. Details - ImportResultOutputID=9ceea2d934ddb52927f06b4c7dd7a76a DependenciesID=8a8da580955ba0ea634563a154f20df0 StaticDependenciesID=e3d55836fa92c4d63b4f996efb2434f1 
Number of updated asset objects reloaded before import = 0
Number of asset objects unloaded after import = 0
========================================================================
Received Import Request.
  Time of request: 2026-09-19T15:00:40.4436306Z
  Time since last request: 0.0009201 seconds.
  importAddress: GUID: 3b30e6342e7149441aa64d1d4bd764b7 - Path: Packages/com.unity.collab-proxy/Editor/CodeEditor/Editing/SelectionColorizer.cs - Importer: ScriptedImporter/UnityEditor.QuickSearchModule:UnityEditor.Search:ASIAI0B
Importing 'GUID: 3b30e6342e7149441aa64d1d4bd764b7 - Path: Packages/com.unity.collab-proxy/Editor/CodeEditor/Editing/SelectionColorizer.cs - Importer: ScriptedImporter/UnityEditor.QuickSearchModule:UnityEditor.Search:ASIAI0B' with importer (ScriptedImporter : UnityEditor.QuickSearchModule:UnityEditor.Search:ASIAI0B)
Imported 'GUID: 3b30e6342e7149441aa64d1d4bd764b7' -> (Import Result ID: '73b9bbf1ddbcead86bdf6a951a49f15b') in 0.003 seconds [static and dynamic dependencies]. Details - ImportResultOutputID=702da9f23b214669be5a9a6a78ce9b95 DependenciesID=0043ce8d7dc0b0145713878249f0c37e StaticDependenciesID=a63a7b8ef0268c0e734f0911143f2b9e 
Number of updated asset objects reloaded before import = 0
Number of asset objects unloaded after import = 0
========================================================================
Received Import Request.
  Time of request: 2026-09-19T15:00:40.4634686Z
  Time since last request: 0.0005855 seconds.
  importAddress: GUID: 72b0ca78cb7b28b4c966c626e0eebf77 - Path: Packages/com.unity.collab-proxy/Editor/CodeEditor/Editing/SelectionSegment.cs - Importer: ScriptedImporter/UnityEditor.QuickSearchModule:UnityEditor.Search:ASIAI0B
Importing 'GUID: 72b0ca78cb7b28b4c966c626e0eebf77 - Path: Packages/com.unity.collab-proxy/Editor/CodeEditor/Editing/SelectionSegment.cs - Importer: ScriptedImporter/UnityEditor.QuickSearchModule:UnityEditor.Search:ASIAI0B' with importer (ScriptedImporter : UnityEditor.QuickSearchModule:UnityEditor.Search:ASIAI0B)
Imported 'GUID: 72b0ca78cb7b28b4c966c626e0eebf77' -> (Import Result ID: 'c2df353fc4bfbae72558f539ae3024a9') in 0.004 seconds [static and dynamic dependencies]. Details - ImportResultOutputID=fbc3e76d1e94d260c631f7cdc05ee3f8 DependenciesID=7899647b77cc59d0a75055c0e444872e StaticDependenciesID=ec5180a2b9a80d731175514a1c1efd36 
Number of updated asset objects reloaded before import = 0
Number of asset objects unloaded after import = 0
========================================================================
Received Import Request.
  Time of request: 2026-09-19T15:00:40.4846018Z
  Time since last request: 0.0007163 seconds.
  importAddress: GUID: 439fd5e50e8547c3980e339ea634214d - Path: Packages/com.unity.collab-proxy/Editor/CodeEditor/TextMate/GenericLineTransformer.cs - Importer: ScriptedImporter/UnityEditor.QuickSearchModule:UnityEditor.Search:ASIAI0B
Importing 'GUID: 439fd5e50e8547c3980e339ea634214d - Path: Packages/com.unity.collab-proxy/Editor/CodeEditor/TextMate/GenericLineTransformer.cs - Importer: ScriptedImporter/UnityEditor.QuickSearchModule:UnityEditor.Search:ASIAI0B' with importer (ScriptedImporter : UnityEditor.QuickSearchModule:UnityEditor.Search:ASIAI0B)
Imported 'GUID: 439fd5e50e8547c3980e339ea634214d' -> (Import Result ID: 'd096422fdfea4157b521b36589189241') in 0.002 seconds [static and dynamic dependencies]. Details - ImportResultOutputID=be846fc3990a44dce2a88883c8107556 DependenciesID=6bd3a71c0c40a63060c3f0287b755c15 StaticDependenciesID=4d3d29b841c93c870abfa61e7d6444f7 
Number of updated asset objects reloaded before import = 0
Number of asset objects unloaded after import = 0
========================================================================
Received Import Request.
  Time of request: 2026-09-19T15:00:40.5025194Z
  Time since last request: 0.0004903 seconds.
  importAddress: GUID: 53017b1654c74ad599aa144268eff7fc - Path: Packages/com.unity.collab-proxy/Editor/CodeEditor/Rendering/VisualLine.cs - Importer: ScriptedImporter/UnityEditor.QuickSearchModule:UnityEditor.Search:ASIAI0B
Importing 'GUID: 53017b1654c74ad599aa144268eff7fc - Path: Packages/com.unity.collab-proxy/Editor/CodeEditor/Rendering/VisualLine.cs - Importer: ScriptedImporter/UnityEditor.QuickSearchModule:UnityEditor.Search:ASIAI0B' with importer (ScriptedImporter : UnityEditor.QuickSearchModule:UnityEditor.Search:ASIAI0B)
Imported 'GUID: 53017b1654c74ad599aa144268eff7fc' -> (Import Result ID: 'fc5d620a7446fd5ce174441d9372f115') in 0.003 seconds [static and dynamic dependencies]. Details - ImportResultOutputID=050bdaa04ab4313289ba1297a509c31a DependenciesID=239f5e1f14cd4ac3abd165e5dbda8ff2 StaticDependenciesID=c27fa1700df8de676c8a866a2c5e18e8 
Number of updated asset objects reloaded before import = 0
Number of asset objects unloaded after import = 0
========================================================================
Received Import Request.
  Time of request: 2026-09-19T15:00:40.5280211Z
  Time since last request: 0.0073256 seconds.
  importAddress: GUID: c95121e1e2d89e648b9d0aed259caad9 - Path: Packages/com.unity.collab-proxy/Editor/Configuration/TeamEdition/TeamEditionConfigurationWindow.cs - Importer: ScriptedImporter/UnityEditor.QuickSearchModule:UnityEditor.Search:ASIAI0B
Importing 'GUID: c95121e1e2d89e648b9d0aed259caad9 - Path: Packages/com.unity.collab-proxy/Editor/Configuration/TeamEdition/TeamEditionConfigurationWindow.cs - Importer: ScriptedImporter/UnityEditor.QuickSearchModule:UnityEditor.Search:ASIAI0B' with importer (ScriptedImporter : UnityEditor.QuickSearchModule:UnityEditor.Search:ASIAI0B)
Imported 'GUID: c95121e1e2d89e648b9d0aed259caad9' -> (Import Result ID: 'ac1f4c3dcdc3a938875c83ca06997aa5') in 0.003 seconds [static and dynamic dependencies]. Details - ImportResultOutputID=58603d243b3832135d3303e92f2b12d1 DependenciesID=2e2d3c6a1ace1827ed0f1a7dc09844a3 StaticDependenciesID=b0e00c514134ccbad6cb67b090c265b9 
Number of updated asset objects reloaded before import = 0
Number of asset objects unloaded after import = 0
========================================================================
Received Import Request.
  Time of request: 2026-09-19T15:00:40.5500949Z
  Time since last request: 0.0009115 seconds.
  importAddress: GUID: fb7ea6d6161404db892d5c2449ce7096 - Path: Packages/com.unity.collab-proxy/Editor/Diff/Text/ActionBarsHandler.cs - Importer: ScriptedImporter/UnityEditor.QuickSearchModule:UnityEditor.Search:ASIAI0B
Importing 'GUID: fb7ea6d6161404db892d5c2449ce7096 - Path: Packages/com.unity.collab-proxy/Editor/Diff/Text/ActionBarsHandler.cs - Importer: ScriptedImporter/UnityEditor.QuickSearchModule:UnityEditor.Search:ASIAI0B' with importer (ScriptedImporter : UnityEditor.QuickSearchModule:UnityEditor.Search:ASIAI0B)
Imported 'GUID: fb7ea6d6161404db892d5c2449ce7096' -> (Import Result ID: '2e0ea81c83165cb390a280b913b451da') in 0.003 seconds [static and dynamic dependencies]. Details - ImportResultOutputID=40ea6117a3b805fd309d9f2b2d9599c3 DependenciesID=c1143ff01b4ed8c8e6a20a124340da5a StaticDependenciesID=b3b2c0240d2da832ac93f9ea5e62850d 
Number of updated asset objects reloaded before import = 0
Number of asset objects unloaded after import = 0
========================================================================
Received Import Request.
  Time of request: 2026-09-19T15:00:40.5708143Z
  Time since last request: 0.0004982 seconds.
  importAddress: GUID: 146c16184e337574f9f3baf6d467907a - Path: Packages/com.unity.collab-proxy/Editor/Developer/UpdateReport/UpdateReportLineListViewItem.cs - Importer: ScriptedImporter/UnityEditor.QuickSearchModule:UnityEditor.Search:ASIAI0B
Importing 'GUID: 146c16184e337574f9f3baf6d467907a - Path: Packages/com.unity.collab-proxy/Editor/Developer/UpdateReport/UpdateReportLineListViewItem.cs - Importer: ScriptedImporter/UnityEditor.QuickSearchModule:UnityEditor.Search:ASIAI0B' with importer (ScriptedImporter : UnityEditor.QuickSearchModule:UnityEditor.Search:ASIAI0B)
Imported 'GUID: 146c16184e337574f9f3baf6d467907a' -> (Import Result ID: '162f6f802a71a8e5c2b8690d508de804') in 0.003 seconds [static and dynamic dependencies]. Details - ImportResultOutputID=ac6aa3f261b4cac0b8ec67b4072c7721 DependenciesID=dfe068e6e988893c6b69bd5b11f5d5a1 StaticDependenciesID=79c2c6448e1937f5ef1e9a2ce6618bd1 
Number of updated asset objects reloaded before import = 0
Number of asset objects unloaded after import = 0
========================================================================
Received Import Request.
  Time of request: 2026-09-19T15:00:40.5905135Z
  Time since last request: 0.0004616 seconds.
  importAddress: GUID: 41e102f2e5fa4b40b4ed138a4ca27a14 - Path: Packages/com.unity.collab-proxy/Editor/Diff/Purged/PurgedRevisionControl.cs - Importer: ScriptedImporter/UnityEditor.QuickSearchModule:UnityEditor.Search:ASIAI0B
Importing 'GUID: 41e102f2e5fa4b40b4ed138a4ca27a14 - Path: Packages/com.unity.collab-proxy/Editor/Diff/Purged/PurgedRevisionControl.cs - Importer: ScriptedImporter/UnityEditor.QuickSearchModule:UnityEditor.Search:ASIAI0B' with importer (ScriptedImporter : UnityEditor.QuickSearchModule:UnityEditor.Search:ASIAI0B)
Imported 'GUID: 41e102f2e5fa4b40b4ed138a4ca27a14' -> (Import Result ID: 'd9236d63c4213f0c44b62818256a8108') in 0.004 seconds [static and dynamic dependencies]. Details - ImportResultOutputID=a06e5883c32ff99f4b8b65663b51ce0a DependenciesID=42f215ed2723b1778aebbc07c4cfec5e StaticDependenciesID=6d6ca7f766a336d31b69bf5e59266fdb 
Number of updated asset objects reloaded before import = 0
Number of asset objects unloaded after import = 0
========================================================================
Received Import Request.
  Time of request: 2026-09-19T15:00:40.6143715Z
  Time since last request: 0.0005414 seconds.
  importAddress: GUID: 1a667b47becbe40c4a8c43066c199109 - Path: Packages/com.unity.collab-proxy/Editor/Diff/Text/BigFileMessagePanel.cs - Importer: ScriptedImporter/UnityEditor.QuickSearchModule:UnityEditor.Search:ASIAI0B
Importing 'GUID: 1a667b47becbe40c4a8c43066c199109 - Path: Packages/com.unity.collab-proxy/Editor/Diff/Text/BigFileMessagePanel.cs - Importer: ScriptedImporter/UnityEditor.QuickSearchModule:UnityEditor.Search:ASIAI0B' with importer (ScriptedImporter : UnityEditor.QuickSearchModule:UnityEditor.Search:ASIAI0B)
Imported 'GUID: 1a667b47becbe40c4a8c43066c199109' -> (Import Result ID: '94c3c99c26013e83c5d142721ef762b2') in 0.006 seconds [static and dynamic dependencies]. Details - ImportResultOutputID=73380db0705f187d347ec16dd85aff08 DependenciesID=4b59597dc81c5d0e2435f7b8ad629eff StaticDependenciesID=366ebf3d25fab344d90ec519e8e112af 
Number of updated asset objects reloaded before import = 0
Number of asset objects unloaded after import = 0
========================================================================
Received Import Request.
  Time of request: 2026-09-19T15:00:40.6388245Z
  Time since last request: 0.0007238 seconds.
  importAddress: GUID: 4d6e238ada664d43b3e1f3652c5c7119 - Path: Packages/com.unity.collab-proxy/Editor/CodeEditor/Utils/ExtensionMethods.cs - Importer: ScriptedImporter/UnityEditor.QuickSearchModule:UnityEditor.Search:ASIAI0B
Importing 'GUID: 4d6e238ada664d43b3e1f3652c5c7119 - Path: Packages/com.unity.collab-proxy/Editor/CodeEditor/Utils/ExtensionMethods.cs - Importer: ScriptedImporter/UnityEditor.QuickSearchModule:UnityEditor.Search:ASIAI0B' with importer (ScriptedImporter : UnityEditor.QuickSearchModule:UnityEditor.Search:ASIAI0B)
Imported 'GUID: 4d6e238ada664d43b3e1f3652c5c7119' -> (Import Result ID: 'de48d6b768119fc351e530266ebb86a4') in 0.003 seconds [static and dynamic dependencies]. Details - ImportResultOutputID=1db4989937b6d60e945fcd0ff5617a2f DependenciesID=32d2b6fa856407660727e69037104f7b StaticDependenciesID=0fd3aed48b522c2477023d4e8b677458 
Number of updated asset objects reloaded before import = 0
Number of asset objects unloaded after import = 0
========================================================================
Received Import Request.
  Time of request: 2026-09-19T15:00:40.6589933Z
  Time since last request: 0.0005835 seconds.
  importAddress: GUID: 843888d98a4bf465686ce13a35f5041b - Path: Packages/com.unity.collab-proxy/Editor/Diff/Text/DiffScroll.cs - Importer: ScriptedImporter/UnityEditor.QuickSearchModule:UnityEditor.Search:ASIAI0B
Importing 'GUID: 843888d98a4bf465686ce13a35f5041b - Path: Packages/com.unity.collab-proxy/Editor/Diff/Text/DiffScroll.cs - Importer: ScriptedImporter/UnityEditor.QuickSearchModule:UnityEditor.Search:ASIAI0B' with importer (ScriptedImporter : UnityEditor.QuickSearchModule:UnityEditor.Search:ASIAI0B)
Imported 'GUID: 843888d98a4bf465686ce13a35f5041b' -> (Import Result ID: 'f9718a5cb9fbed2c09bd18d792004c89') in 0.003 seconds [static and dynamic dependencies]. Details - ImportResultOutputID=2e50be075bb9eee3ae2e5a946ba1b824 DependenciesID=8d665a6da211b8eddbb2135ddb519d52 StaticDependenciesID=ba25b1fbc96261b494e5248460be1e57 
Number of updated asset objects reloaded before import = 0
Number of asset objects unloaded after import = 0
========================================================================
Received Import Request.
  Time of request: 2026-09-19T15:00:40.6801322Z
  Time since last request: 0.0004683 seconds.
  importAddress: GUID: 1e99e51622924592820f5d5c09296780 - Path: Packages/com.unity.collab-proxy/Editor/CodeEditor/Utils/NullSafeCollection.cs - Importer: ScriptedImporter/UnityEditor.QuickSearchModule:UnityEditor.Search:ASIAI0B
Importing 'GUID: 1e99e51622924592820f5d5c09296780 - Path: Packages/com.unity.collab-proxy/Editor/CodeEditor/Utils/NullSafeCollection.cs - Importer: ScriptedImporter/UnityEditor.QuickSearchModule:UnityEditor.Search:ASIAI0B' with importer (ScriptedImporter : UnityEditor.QuickSearchModule:UnityEditor.Search:ASIAI0B)
Imported 'GUID: 1e99e51622924592820f5d5c09296780' -> (Import Result ID: '6d42c8473693bf6800701bee84f0a33d') in 0.003 seconds [static and dynamic dependencies]. Details - ImportResultOutputID=f73a54d40ae64a1af7847e9eaf000a7d DependenciesID=0083dc9f23d75af0e461a588427fab5f StaticDependenciesID=92faa26f18ffd9d84a3b94e43125f836 
Number of updated asset objects reloaded before import = 0
Number of asset objects unloaded after import = 0
========================================================================
Received Import Request.
  Time of request: 2026-09-19T15:00:40.7007779Z
  Time since last request: 0.0005861 seconds.
  importAddress: GUID: 8db8e9e233f04d8ba79aebb289c7f4af - Path: Packages/com.unity.collab-proxy/Editor/Diff/Text/DiffCalculator.cs - Importer: ScriptedImporter/UnityEditor.QuickSearchModule:UnityEditor.Search:ASIAI0B
Importing 'GUID: 8db8e9e233f04d8ba79aebb289c7f4af - Path: Packages/com.unity.collab-proxy/Editor/Diff/Text/DiffCalculator.cs - Importer: ScriptedImporter/UnityEditor.QuickSearchModule:UnityEditor.Search:ASIAI0B' with importer (ScriptedImporter : UnityEditor.QuickSearchModule:UnityEditor.Search:ASIAI0B)
Imported 'GUID: 8db8e9e233f04d8ba79aebb289c7f4af' -> (Import Result ID: 'b4c3b0366be472c43861e6f6b27087ac') in 0.004 seconds [static and dynamic dependencies]. Details - ImportResultOutputID=d93a26aa35c20f6a14e9f4f2d3baf3b3 DependenciesID=a0c14534d5dfc372abc837d9bc1a0f0c StaticDependenciesID=e138e99286bff35b700783e8e6b74e7d 
Number of updated asset objects reloaded before import = 0
Number of asset objects unloaded after import = 0
========================================================================
Received Import Request.
  Time of request: 2026-09-19T15:00:40.7231285Z
  Time since last request: 0.0006581 seconds.
  importAddress: GUID: c7b330f4dd3b4e53a44bde385af89aed - Path: Packages/com.unity.collab-proxy/Editor/Diff/Text/DiffControl.cs - Importer: ScriptedImporter/UnityEditor.QuickSearchModule:UnityEditor.Search:ASIAI0B
Importing 'GUID: c7b330f4dd3b4e53a44bde385af89aed - Path: Packages/com.unity.collab-proxy/Editor/Diff/Text/DiffControl.cs - Importer: ScriptedImporter/UnityEditor.QuickSearchModule:UnityEditor.Search:ASIAI0B' with importer (ScriptedImporter : UnityEditor.QuickSearchModule:UnityEditor.Search:ASIAI0B)
Imported 'GUID: c7b330f4dd3b4e53a44bde385af89aed' -> (Import Result ID: 'd9415881e48bbcf8a11fbb2aefb7a7bd') in 0.004 seconds [static and dynamic dependencies]. Details - ImportResultOutputID=ade8762f979eb58a5c15f55896057b34 DependenciesID=e4fbe35c04351e986df639aa8edf46f7 StaticDependenciesID=aab77a9fb71f518005dfe99ad29a0287 
Number of updated asset objects reloaded before import = 0
Number of asset objects unloaded after import = 0
========================================================================
Received Import Request.
  Time of request: 2026-09-19T15:00:40.7436975Z
  Time since last request: 0.0006787 seconds.
  importAddress: GUID: 0c4780cc475d491c83bacdc086e8ce0f - Path: Packages/com.unity.collab-proxy/Editor/Diff/Image/ImageViewPanel.cs - Importer: ScriptedImporter/UnityEditor.QuickSearchModule:UnityEditor.Search:ASIAI0B
Importing 'GUID: 0c4780cc475d491c83bacdc086e8ce0f - Path: Packages/com.unity.collab-proxy/Editor/Diff/Image/ImageViewPanel.cs - Importer: ScriptedImporter/UnityEditor.QuickSearchModule:UnityEditor.Search:ASIAI0B' with importer (ScriptedImporter : UnityEditor.QuickSearchModule:UnityEditor.Search:ASIAI0B)
Imported 'GUID: 0c4780cc475d491c83bacdc086e8ce0f' -> (Import Result ID: 'e6bafdcb2813a7da5d6227121619cf35') in 0.004 seconds [static and dynamic dependencies]. Details - ImportResultOutputID=95875edeeb004ee598d4bb2ad7d60158 DependenciesID=9db1edec6c7ff6c64651b73b3cad4075 StaticDependenciesID=c87e9206d28d5cc3714d3e1bfb347e77 
Number of updated asset objects reloaded before import = 0
Number of asset objects unloaded after import = 0
========================================================================
Received Import Request.
  Time of request: 2026-09-19T15:00:40.763783Z
  Time since last request: 0.0005769 seconds.
  importAddress: GUID: 439219a4f6a944679855fc33d83196ca - Path: Packages/com.unity.collab-proxy/Editor/Diff/Text/EncodingMenu.cs - Importer: ScriptedImporter/UnityEditor.QuickSearchModule:UnityEditor.Search:ASIAI0B
Importing 'GUID: 439219a4f6a944679855fc33d83196ca - Path: Packages/com.unity.collab-proxy/Editor/Diff/Text/EncodingMenu.cs - Importer: ScriptedImporter/UnityEditor.QuickSearchModule:UnityEditor.Search:ASIAI0B' with importer (ScriptedImporter : UnityEditor.QuickSearchModule:UnityEditor.Search:ASIAI0B)
Imported 'GUID: 439219a4f6a944679855fc33d83196ca' -> (Import Result ID: '1dba9b669edebfea2f89d01047fdc440') in 0.004 seconds [static and dynamic dependencies]. Details - ImportResultOutputID=3a9e7d0fdd4a7817fe6eb5feb350fc6c DependenciesID=2bc8c47658599bcb716ea64a065e791d StaticDependenciesID=43fd7e181c36af170dbde0fdcdfed9a5 
Number of updated asset objects reloaded before import = 0
Number of asset objects unloaded after import = 0
========================================================================
Received Import Request.
  Time of request: 2026-09-19T15:00:40.7837355Z
  Time since last request: 0.0006004 seconds.
  importAddress: GUID: 360715c7944294b848a2641c6de3c486 - Path: Packages/com.unity.collab-proxy/Editor/Diff/Text/DraftStorage.cs - Importer: ScriptedImporter/UnityEditor.QuickSearchModule:UnityEditor.Search:ASIAI0B
Importing 'GUID: 360715c7944294b848a2641c6de3c486 - Path: Packages/com.unity.collab-proxy/Editor/Diff/Text/DraftStorage.cs - Importer: ScriptedImporter/UnityEditor.QuickSearchModule:UnityEditor.Search:ASIAI0B' with importer (ScriptedImporter : UnityEditor.QuickSearchModule:UnityEditor.Search:ASIAI0B)
Imported 'GUID: 360715c7944294b848a2641c6de3c486' -> (Import Result ID: 'd73159511334b2dbbec0623c36ead92d') in 0.006 seconds [static and dynamic dependencies]. Details - ImportResultOutputID=b3e1635cfd16ced409f8ab86e4261c8a DependenciesID=956adfec567366975e8871710dca1b6d StaticDependenciesID=7df61c4393f2d1d89395fe0c4b46d09a 
Number of updated asset objects reloaded before import = 0
Number of asset objects unloaded after import = 0
========================================================================
Received Import Request.
  Time of request: 2026-09-19T15:00:40.8060401Z
  Time since last request: 0.0006485 seconds.
  importAddress: GUID: b82decbecd7e9441b9e870133239aeee - Path: Packages/com.unity.collab-proxy/Editor/CodeEditor/Utils/DelayedEvents.cs - Importer: ScriptedImporter/UnityEditor.QuickSearchModule:UnityEditor.Search:ASIAI0B
Importing 'GUID: b82decbecd7e9441b9e870133239aeee - Path: Packages/com.unity.collab-proxy/Editor/CodeEditor/Utils/DelayedEvents.cs - Importer: ScriptedImporter/UnityEditor.QuickSearchModule:UnityEditor.Search:ASIAI0B' with importer (ScriptedImporter : UnityEditor.QuickSearchModule:UnityEditor.Search:ASIAI0B)
Imported 'GUID: b82decbecd7e9441b9e870133239aeee' -> (Import Result ID: 'cc371a8c52a17e69b7dca864d29031c2') in 0.003 seconds [static and dynamic dependencies]. Details - ImportResultOutputID=24b7ac65151e1ece60e46796afb23975 DependenciesID=e4963cb7942ab3c2f70ddca6c2395470 StaticDependenciesID=0771b9ee7b89aec19d32fa173cd7e616 
Number of updated asset objects reloaded before import = 0
Number of asset objects unloaded after import = 0
========================================================================
Received Import Request.
  Time of request: 2026-09-19T15:00:40.8276134Z
  Time since last request: 0.0007203 seconds.
  importAddress: GUID: 3dce8f801e8649c8951ef1edd8c8df5c - Path: Packages/com.unity.collab-proxy/Editor/CodeEditor/Utils/IImmutableStack.cs - Importer: ScriptedImporter/UnityEditor.QuickSearchModule:UnityEditor.Search:ASIAI0B
Importing 'GUID: 3dce8f801e8649c8951ef1edd8c8df5c - Path: Packages/com.unity.collab-proxy/Editor/CodeEditor/Utils/IImmutableStack.cs - Importer: ScriptedImporter/UnityEditor.QuickSearchModule:UnityEditor.Search:ASIAI0B' with importer (ScriptedImporter : UnityEditor.QuickSearchModule:UnityEditor.Search:ASIAI0B)
Imported 'GUID: 3dce8f801e8649c8951ef1edd8c8df5c' -> (Import Result ID: '387993a4ee26ab624305bd994630e24f') in 0.003 seconds [static and dynamic dependencies]. Details - ImportResultOutputID=4ff08358ff41afdca2d58022d5ad4d75 DependenciesID=a8481cb856013fee470f4bc5e4fe4e19 StaticDependenciesID=e926d9f77f85a10be6fa7c6a20673127 
Number of updated asset objects reloaded before import = 0
Number of asset objects unloaded after import = 0
========================================================================
Received Import Request.
  Time of request: 2026-09-19T15:00:40.8458565Z
  Time since last request: 0.0003991 seconds.
  importAddress: GUID: c14f63df55204483b94566ff24521e70 - Path: Packages/com.unity.collab-proxy/Editor/CodeEditor/Utils/ObserveAddRemoveCollection.cs - Importer: ScriptedImporter/UnityEditor.QuickSearchModule:UnityEditor.Search:ASIAI0B
Importing 'GUID: c14f63df55204483b94566ff24521e70 - Path: Packages/com.unity.collab-proxy/Editor/CodeEditor/Utils/ObserveAddRemoveCollection.cs - Importer: ScriptedImporter/UnityEditor.QuickSearchModule:UnityEditor.Search:ASIAI0B' with importer (ScriptedImporter : UnityEditor.QuickSearchModule:UnityEditor.Search:ASIAI0B)
Imported 'GUID: c14f63df55204483b94566ff24521e70' -> (Import Result ID: '462106abd9bc3f6b00389c9347b6d62f') in 0.003 seconds [static and dynamic dependencies]. Details - ImportResultOutputID=5a2205c6e89df021d852d6a0911e9262 DependenciesID=65ac67b8e2b3c3569b29caf17a1f51a0 StaticDependenciesID=2ff1ebd76b20f5fced089f49659064ed 
Number of updated asset objects reloaded before import = 0
Number of asset objects unloaded after import = 0
========================================================================
Received Import Request.
  Time of request: 2026-09-19T15:00:40.8848809Z
  Time since last request: 0.0206796 seconds.
  importAddress: GUID: 3b71077431b47448482b0fcac716f2ee - Path: Packages/com.unity.collab-proxy/Editor/Diff/Text/RightActionBar.cs - Importer: ScriptedImporter/UnityEditor.QuickSearchModule:UnityEditor.Search:ASIAI0B
Importing 'GUID: 3b71077431b47448482b0fcac716f2ee - Path: Packages/com.unity.collab-proxy/Editor/Diff/Text/RightActionBar.cs - Importer: ScriptedImporter/UnityEditor.QuickSearchModule:UnityEditor.Search:ASIAI0B' with importer (ScriptedImporter : UnityEditor.QuickSearchModule:UnityEditor.Search:ASIAI0B)
Imported 'GUID: 3b71077431b47448482b0fcac716f2ee' -> (Import Result ID: 'fada3a914e19e688125ae0ffcc6026d6') in 0.003 seconds [static and dynamic dependencies]. Details - ImportResultOutputID=5da551dc878bde267efec56ef3d0d5b0 DependenciesID=99faa5fce88715545cb1832b1cea6c3e StaticDependenciesID=bebf2cdbcfe23ba178abe0c8e08a7ebd 
Number of updated asset objects reloaded before import = 0
Number of asset objects unloaded after import = 0
========================================================================
Received Import Request.
  Time of request: 2026-09-19T15:00:40.9042145Z
  Time since last request: 0.0006016 seconds.
  importAddress: GUID: 0288f47d0c1f4195b1fdf2c90407c9c3 - Path: Packages/com.unity.collab-proxy/Editor/UI/UIElements/OverlayProgressControls.cs - Importer: ScriptedImporter/UnityEditor.QuickSearchModule:UnityEditor.Search:ASIAI0B
Importing 'GUID: 0288f47d0c1f4195b1fdf2c90407c9c3 - Path: Packages/com.unity.collab-proxy/Editor/UI/UIElements/OverlayProgressControls.cs - Importer: ScriptedImporter/UnityEditor.QuickSearchModule:UnityEditor.Search:ASIAI0B' with importer (ScriptedImporter : UnityEditor.QuickSearchModule:UnityEditor.Search:ASIAI0B)
Imported 'GUID: 0288f47d0c1f4195b1fdf2c90407c9c3' -> (Import Result ID: '9c64e7a7cedfd8b3746aab42c81a002e') in 0.003 seconds [static and dynamic dependencies]. Details - ImportResultOutputID=4a7c55ac07c5af7bf9bc0d8002629281 DependenciesID=f1f2cf5850c38512f412d90661ea3746 StaticDependenciesID=ccd4bb934d1ab6b283d3ad1585c6d306 
Number of updated asset objects reloaded before import = 0
Number of asset objects unloaded after import = 0
========================================================================
Received Import Request.
  Time of request: 2026-09-19T15:00:40.9250791Z
  Time since last request: 0.0011399 seconds.
  importAddress: GUID: 304090ddaffb4aff8f35cc005018d302 - Path: Packages/com.unity.collab-proxy/Editor/UI/Progress/ProgressControlsForWindow.cs - Importer: ScriptedImporter/UnityEditor.QuickSearchModule:UnityEditor.Search:ASIAI0B
Importing 'GUID: 304090ddaffb4aff8f35cc005018d302 - Path: Packages/com.unity.collab-proxy/Editor/UI/Progress/ProgressControlsForWindow.cs - Importer: ScriptedImporter/UnityEditor.QuickSearchModule:UnityEditor.Search:ASIAI0B' with importer (ScriptedImporter : UnityEditor.QuickSearchModule:UnityEditor.Search:ASIAI0B)
Imported 'GUID: 304090ddaffb4aff8f35cc005018d302' -> (Import Result ID: 'e0609fbdc156797424d6567d1b832523') in 0.003 seconds [static and dynamic dependencies]. Details - ImportResultOutputID=9d162c359ab34307d0140b770369a621 DependenciesID=292333e98358c402107e41d5053a4f26 StaticDependenciesID=06ce2dcae6a8b92a65ae50289e3c81a8 
Number of updated asset objects reloaded before import = 0
Number of asset objects unloaded after import = 0
========================================================================
Received Import Request.
  Time of request: 2026-09-19T15:00:40.9453345Z
  Time since last request: 0.0007669 seconds.
  importAddress: GUID: c61df8398d2e04d11a1155c1fdcde430 - Path: Packages/com.unity.collab-proxy/Editor/Diff/Text/TextEditorSaveKeyBinding.cs - Importer: ScriptedImporter/UnityEditor.QuickSearchModule:UnityEditor.Search:ASIAI0B
Importing 'GUID: c61df8398d2e04d11a1155c1fdcde430 - Path: Packages/com.unity.collab-proxy/Editor/Diff/Text/TextEditorSaveKeyBinding.cs - Importer: ScriptedImporter/UnityEditor.QuickSearchModule:UnityEditor.Search:ASIAI0B' with importer (ScriptedImporter : UnityEditor.QuickSearchModule:UnityEditor.Search:ASIAI0B)
Imported 'GUID: c61df8398d2e04d11a1155c1fdcde430' -> (Import Result ID: '6f8b477d611b0030325357217b78b9f4') in 0.003 seconds [static and dynamic dependencies]. Details - ImportResultOutputID=ab2d387adf9406730e4a81821b45dc70 DependenciesID=6b759deeff41b6165ca30fb25179075b StaticDependenciesID=27a8df82159c510b3fe48ed21a4ce875 
Number of updated asset objects reloaded before import = 0
Number of asset objects unloaded after import = 0
========================================================================
Received Import Request.
  Time of request: 2026-09-19T15:00:40.9654658Z
  Time since last request: 0.0004163 seconds.
  importAddress: GUID: a10e1c4c9eb743c8a0de25afbbb65bcd - Path: Packages/com.unity.collab-proxy/Editor/Diff/Text/TextEditorPanel.cs - Importer: ScriptedImporter/UnityEditor.QuickSearchModule:UnityEditor.Search:ASIAI0B
Importing 'GUID: a10e1c4c9eb743c8a0de25afbbb65bcd - Path: Packages/com.unity.collab-proxy/Editor/Diff/Text/TextEditorPanel.cs - Importer: ScriptedImporter/UnityEditor.QuickSearchModule:UnityEditor.Search:ASIAI0B' with importer (ScriptedImporter : UnityEditor.QuickSearchModule:UnityEditor.Search:ASIAI0B)
Imported 'GUID: a10e1c4c9eb743c8a0de25afbbb65bcd' -> (Import Result ID: 'a3730d4bb949fa68fe7ab6747fc0ff8b') in 0.003 seconds [static and dynamic dependencies]. Details - ImportResultOutputID=ae711cb907c7723b2c37dbe0c7afd2e4 DependenciesID=75c839a670aeb3a1d61ef85515ae9581 StaticDependenciesID=27256eac39d34cd783c3b00f3c1771bf 
Number of updated asset objects reloaded before import = 0
Number of asset objects unloaded after import = 0
========================================================================
Received Import Request.
  Time of request: 2026-09-19T15:00:40.9847798Z
  Time since last request: 0.0006246 seconds.
  importAddress: GUID: accd743bce1c348e09dcf32352227a92 - Path: Packages/com.unity.collab-proxy/Editor/Diff/Text/ScrollSummaryView.cs - Importer: ScriptedImporter/UnityEditor.QuickSearchModule:UnityEditor.Search:ASIAI0B
Importing 'GUID: accd743bce1c348e09dcf32352227a92 - Path: Packages/com.unity.collab-proxy/Editor/Diff/Text/ScrollSummaryView.cs - Importer: ScriptedImporter/UnityEditor.QuickSearchModule:UnityEditor.Search:ASIAI0B' with importer (ScriptedImporter : UnityEditor.QuickSearchModule:UnityEditor.Search:ASIAI0B)
Imported 'GUID: accd743bce1c348e09dcf32352227a92' -> (Import Result ID: 'fee6483f8f88d1cd30c86f17c29d93b8') in 0.003 seconds [static and dynamic dependencies]. Details - ImportResultOutputID=3857f6d48924304e3066fe879900620e DependenciesID=4097b1a2524a22dc7f74d81fcc5c97ee StaticDependenciesID=3b81ea6bca4b874816b370524ab17e38 
Number of updated asset objects reloaded before import = 0
Number of asset objects unloaded after import = 0
========================================================================
Received Import Request.
  Time of request: 2026-09-19T15:00:41.0050564Z
  Time since last request: 0.0004444 seconds.
  importAddress: GUID: 595175d7af8f8234a9336a60e33b4f32 - Path: Packages/com.unity.collab-proxy/Editor/UI/Tree/DrawTreeViewItem.cs - Importer: ScriptedImporter/UnityEditor.QuickSearchModule:UnityEditor.Search:ASIAI0B
Importing 'GUID: 595175d7af8f8234a9336a60e33b4f32 - Path: Packages/com.unity.collab-proxy/Editor/UI/Tree/DrawTreeViewItem.cs - Importer: ScriptedImporter/UnityEditor.QuickSearchModule:UnityEditor.Search:ASIAI0B' with importer (ScriptedImporter : UnityEditor.QuickSearchModule:UnityEditor.Search:ASIAI0B)
Imported 'GUID: 595175d7af8f8234a9336a60e33b4f32' -> (Import Result ID: '32e1461e8398abc583131cbd3d92a085') in 0.003 seconds [static and dynamic dependencies]. Details - ImportResultOutputID=aedf975928376a6f7a24447cf8ff7f01 DependenciesID=a5026a805e8ebe89c4e95b320bbd0baa StaticDependenciesID=c2428e89150ab02e563a25c8c78e67d1 
Number of updated asset objects reloaded before import = 0
Number of asset objects unloaded after import = 0
========================================================================
Received Import Request.
  Time of request: 2026-09-19T15:00:41.0237117Z
  Time since last request: 0.0007295 seconds.
  importAddress: GUID: 41dd7b7717aad47a0b103026d4a51b75 - Path: Packages/com.unity.collab-proxy/Editor/Diff/Text/TextEditorCollapsedLinesProvider.cs - Importer: ScriptedImporter/UnityEditor.QuickSearchModule:UnityEditor.Search:ASIAI0B
Importing 'GUID: 41dd7b7717aad47a0b103026d4a51b75 - Path: Packages/com.unity.collab-proxy/Editor/Diff/Text/TextEditorCollapsedLinesProvider.cs - Importer: ScriptedImporter/UnityEditor.QuickSearchModule:UnityEditor.Search:ASIAI0B' with importer (ScriptedImporter : UnityEditor.QuickSearchModule:UnityEditor.Search:ASIAI0B)
Imported 'GUID: 41dd7b7717aad47a0b103026d4a51b75' -> (Import Result ID: 'a228fbd7e4c803fccc2e14395f7e2416') in 0.004 seconds [static and dynamic dependencies]. Details - ImportResultOutputID=bdfb456af2ec972a286ea7f39688899d DependenciesID=5c9686796554ad71e560eb65ae9c3eb1 StaticDependenciesID=f6e33b7ef713b8e1e3f6393430ed0ea5 
Number of updated asset objects reloaded before import = 0
Number of asset objects unloaded after import = 0
========================================================================
Received Import Request.
  Time of request: 2026-09-19T15:00:41.0443442Z
  Time since last request: 0.0007935 seconds.
  importAddress: GUID: 2986eff1677c33345b223bdaaee2d284 - Path: Packages/com.unity.collab-proxy/Editor/UI/Tree/TreeViewItemIds.cs - Importer: ScriptedImporter/UnityEditor.QuickSearchModule:UnityEditor.Search:ASIAI0B
Importing 'GUID: 2986eff1677c33345b223bdaaee2d284 - Path: Packages/com.unity.collab-proxy/Editor/UI/Tree/TreeViewItemIds.cs - Importer: ScriptedImporter/UnityEditor.QuickSearchModule:UnityEditor.Search:ASIAI0B' with importer (ScriptedImporter : UnityEditor.QuickSearchModule:UnityEditor.Search:ASIAI0B)
Imported 'GUID: 2986eff1677c33345b223bdaaee2d284' -> (Import Result ID: 'aa6630af632fbc2518eac5e21fa5a0cd') in 0.003 seconds [static and dynamic dependencies]. Details - ImportResultOutputID=a6f2493683232d2cb4d541928af6b14d DependenciesID=4e422d7492d8a1c699c64426a9103d8a StaticDependenciesID=9fb347c3ed2ecf92bb6a85e164f31d63 
Number of updated asset objects reloaded before import = 0
Number of asset objects unloaded after import = 0
========================================================================
Received Import Request.
  Time of request: 2026-09-19T15:00:41.0631499Z
  Time since last request: 0.0007624 seconds.
  importAddress: GUID: 608efd4e185fb9440bb8550d98e20ca4 - Path: Packages/com.unity.collab-proxy/Editor/Hub/Operations/DownloadRepository.cs - Importer: ScriptedImporter/UnityEditor.QuickSearchModule:UnityEditor.Search:ASIAI0B
Importing 'GUID: 608efd4e185fb9440bb8550d98e20ca4 - Path: Packages/com.unity.collab-proxy/Editor/Hub/Operations/DownloadRepository.cs - Importer: ScriptedImporter/UnityEditor.QuickSearchModule:UnityEditor.Search:ASIAI0B' with importer (ScriptedImporter : UnityEditor.QuickSearchModule:UnityEditor.Search:ASIAI0B)
Imported 'GUID: 608efd4e185fb9440bb8550d98e20ca4' -> (Import Result ID: '87e56ec5d10b93ffee017bf96761b934') in 0.003 seconds [static and dynamic dependencies]. Details - ImportResultOutputID=7960e4ea76486faacca26e3dacb49f42 DependenciesID=14f2faf272897451e988652d396e2e70 StaticDependenciesID=8e206713760075870bcfffec8020e065 
Number of updated asset objects reloaded before import = 0
Number of asset objects unloaded after import = 0
========================================================================
Received Import Request.
  Time of request: 2026-09-19T15:00:41.0806538Z
  Time since last request: 0.0006014 seconds.
  importAddress: GUID: e27c01b3192a4dcfbd46563a4acacd59 - Path: Packages/com.unity.collab-proxy/Editor/UI/Errors/ErrorsDialog.cs - Importer: ScriptedImporter/UnityEditor.QuickSearchModule:UnityEditor.Search:ASIAI0B
Importing 'GUID: e27c01b3192a4dcfbd46563a4acacd59 - Path: Packages/com.unity.collab-proxy/Editor/UI/Errors/ErrorsDialog.cs - Importer: ScriptedImporter/UnityEditor.QuickSearchModule:UnityEditor.Search:ASIAI0B' with importer (ScriptedImporter : UnityEditor.QuickSearchModule:UnityEditor.Search:ASIAI0B)
Imported 'GUID: e27c01b3192a4dcfbd46563a4acacd59' -> (Import Result ID: 'c3f432c821d9a9c92f972e5a8298587b') in 0.003 seconds [static and dynamic dependencies]. Details - ImportResultOutputID=6cb7ee0a1ad8d48777eb3d0b219a6535 DependenciesID=81abb530098c2ec31b901fd6f5cbcb02 StaticDependenciesID=e07e425fb99c8a16a84abc8f5941f6f2 
Number of updated asset objects reloaded before import = 0
Number of asset objects unloaded after import = 0
========================================================================
Received Import Request.
  Time of request: 2026-09-19T15:00:41.1026468Z
  Time since last request: 0.0006867 seconds.
  importAddress: GUID: f40a58028b39d3f4bbebe1f6cf919271 - Path: Packages/com.unity.collab-proxy/Editor/Gluon/UpdateReport/UpdateReportListHeaderState.cs - Importer: ScriptedImporter/UnityEditor.QuickSearchModule:UnityEditor.Search:ASIAI0B
Importing 'GUID: f40a58028b39d3f4bbebe1f6cf919271 - Path: Packages/com.unity.collab-proxy/Editor/Gluon/UpdateReport/UpdateReportListHeaderState.cs - Importer: ScriptedImporter/UnityEditor.QuickSearchModule:UnityEditor.Search:ASIAI0B' with importer (ScriptedImporter : UnityEditor.QuickSearchModule:UnityEditor.Search:ASIAI0B)
Imported 'GUID: f40a58028b39d3f4bbebe1f6cf919271' -> (Import Result ID: 'b17c7a38d8eb0a69883f0a1aeff4e736') in 0.003 seconds [static and dynamic dependencies]. Details - ImportResultOutputID=4244fca663803b026eb7660249a20b53 DependenciesID=c1d06c89b04891c5429470525d3affd0 StaticDependenciesID=22fe94d1fef2ab2548f5ae035217ecf3 
Number of updated asset objects reloaded before import = 0
Number of asset objects unloaded after import = 0
========================================================================
Received Import Request.
  Time of request: 2026-09-19T15:00:41.1225463Z
  Time since last request: 0.0005615 seconds.
  importAddress: GUID: 92adf24130b54e35b6b5830788e8150a - Path: Packages/com.unity.collab-proxy/Editor/UI/UIElements/CursorExtensions.cs - Importer: ScriptedImporter/UnityEditor.QuickSearchModule:UnityEditor.Search:ASIAI0B
Importing 'GUID: 92adf24130b54e35b6b5830788e8150a - Path: Packages/com.unity.collab-proxy/Editor/UI/UIElements/CursorExtensions.cs - Importer: ScriptedImporter/UnityEditor.QuickSearchModule:UnityEditor.Search:ASIAI0B' with importer (ScriptedImporter : UnityEditor.QuickSearchModule:UnityEditor.Search:ASIAI0B)
Imported 'GUID: 92adf24130b54e35b6b5830788e8150a' -> (Import Result ID: '523be2f54e0cc09badcd3c91c559badb') in 0.003 seconds [static and dynamic dependencies]. Details - ImportResultOutputID=f7b75be20a567a8140e4f06929fcc212 DependenciesID=6a123884fbe60d11b1fa95e56f4be28c StaticDependenciesID=0b9e79f519b98acacdf91cf5ba5b9d71 
Number of updated asset objects reloaded before import = 0
Number of asset objects unloaded after import = 0
========================================================================
Received Import Request.
  Time of request: 2026-09-19T15:00:41.1432382Z
  Time since last request: 0.000703 seconds.
  importAddress: GUID: 43c380b3a07cbf449a54619bb50096b1 - Path: Packages/com.unity.collab-proxy/Editor/UI/Avatar/AvatarImages.cs - Importer: ScriptedImporter/UnityEditor.QuickSearchModule:UnityEditor.Search:ASIAI0B
Importing 'GUID: 43c380b3a07cbf449a54619bb50096b1 - Path: Packages/com.unity.collab-proxy/Editor/UI/Avatar/AvatarImages.cs - Importer: ScriptedImporter/UnityEditor.QuickSearchModule:UnityEditor.Search:ASIAI0B' with importer (ScriptedImporter : UnityEditor.QuickSearchModule:UnityEditor.Search:ASIAI0B)
Imported 'GUID: 43c380b3a07cbf449a54619bb50096b1' -> (Import Result ID: 'cf041ad18db3ce6e3442bc0a88da1848') in 0.004 seconds [static and dynamic dependencies]. Details - ImportResultOutputID=24b290380f7003d2becf6bfea8585adc DependenciesID=550975af3be54cab081c4e7646ca7ebd StaticDependenciesID=3ed860daad983253b751949dcfc9da43 
Number of updated asset objects reloaded before import = 0
Number of asset objects unloaded after import = 0
========================================================================
Received Import Request.
  Time of request: 2026-09-19T15:00:41.1665954Z
  Time since last request: 0.0015819 seconds.
  importAddress: GUID: e25247e927f5487dadfb4ca0082dc22c - Path: Packages/com.unity.collab-proxy/Editor/Diff/Text/TextEditorExtensions.cs - Importer: ScriptedImporter/UnityEditor.QuickSearchModule:UnityEditor.Search:ASIAI0B
Importing 'GUID: e25247e927f5487dadfb4ca0082dc22c - Path: Packages/com.unity.collab-proxy/Editor/Diff/Text/TextEditorExtensions.cs - Importer: ScriptedImporter/UnityEditor.QuickSearchModule:UnityEditor.Search:ASIAI0B' with importer (ScriptedImporter : UnityEditor.QuickSearchModule:UnityEditor.Search:ASIAI0B)
Imported 'GUID: e25247e927f5487dadfb4ca0082dc22c' -> (Import Result ID: '50f84750019a3132836c46f92c075301') in 0.004 seconds [static and dynamic dependencies]. Details - ImportResultOutputID=5fd075a66f7f244403da438586577281 DependenciesID=e1d5f4044aad8c85244ca7738922b3d2 StaticDependenciesID=6c8f947187ae2a3a3e3642b4082aa155 
Number of updated asset objects reloaded before import = 0
Number of asset objects unloaded after import = 0
========================================================================
Received Import Request.
  Time of request: 2026-09-19T15:00:41.1866108Z
  Time since last request: 0.0006197 seconds.
  importAddress: GUID: 59491e42fa7743e193e65d5c778cd8b2 - Path: Packages/com.unity.collab-proxy/Editor/UI/UIElements/KeyboardEvents.cs - Importer: ScriptedImporter/UnityEditor.QuickSearchModule:UnityEditor.Search:ASIAI0B
Importing 'GUID: 59491e42fa7743e193e65d5c778cd8b2 - Path: Packages/com.unity.collab-proxy/Editor/UI/UIElements/KeyboardEvents.cs - Importer: ScriptedImporter/UnityEditor.QuickSearchModule:UnityEditor.Search:ASIAI0B' with importer (ScriptedImporter : UnityEditor.QuickSearchModule:UnityEditor.Search:ASIAI0B)
Imported 'GUID: 59491e42fa7743e193e65d5c778cd8b2' -> (Import Result ID: '5ad8e608ca75af1aeed52c69cfb405aa') in 0.003 seconds [static and dynamic dependencies]. Details - ImportResultOutputID=fa4aa01a03131727fa549a49a15bb49f DependenciesID=3029836503c4d75113034e7020313177 StaticDependenciesID=4dce077bc5966cf530afd8d0f34450ff 
Number of updated asset objects reloaded before import = 0
Number of asset objects unloaded after import = 0
========================================================================
Received Import Request.
  Time of request: 2026-09-19T15:00:41.2265716Z
  Time since last request: 0.0188222 seconds.
  importAddress: GUID: 02516f77f52743eeb912e608678868ef - Path: Packages/com.unity.collab-proxy/Editor/Views/BranchExplorer/BranchExplorerFocusListener.cs - Importer: ScriptedImporter/UnityEditor.QuickSearchModule:UnityEditor.Search:ASIAI0B
Importing 'GUID: 02516f77f52743eeb912e608678868ef - Path: Packages/com.unity.collab-proxy/Editor/Views/BranchExplorer/BranchExplorerFocusListener.cs - Importer: ScriptedImporter/UnityEditor.QuickSearchModule:UnityEditor.Search:ASIAI0B' with importer (ScriptedImporter : UnityEditor.QuickSearchModule:UnityEditor.Search:ASIAI0B)
Imported 'GUID: 02516f77f52743eeb912e608678868ef' -> (Import Result ID: '12704347fb1bd0582e0b7bf0cae1296a') in 0.004 seconds [static and dynamic dependencies]. Details - ImportResultOutputID=47a2984d89616af7b33e3965344881e7 DependenciesID=c183a4b735e49569ae83db17595f689b StaticDependenciesID=d440563936b930e9adcd5cb0970cc40b 
Number of updated asset objects reloaded before import = 0
Number of asset objects unloaded after import = 0
========================================================================
Received Import Request.
  Time of request: 2026-09-19T15:00:41.248094Z
  Time since last request: 0.0012853 seconds.
  importAddress: GUID: 3eddf2b2cdcd47828e17dacecc9395d8 - Path: Packages/com.unity.collab-proxy/Editor/Views/Changesets/CheckoutChangesetViewMenu.cs - Importer: ScriptedImporter/UnityEditor.QuickSearchModule:UnityEditor.Search:ASIAI0B
Importing 'GUID: 3eddf2b2cdcd47828e17dacecc9395d8 - Path: Packages/com.unity.collab-proxy/Editor/Views/Changesets/CheckoutChangesetViewMenu.cs - Importer: ScriptedImporter/UnityEditor.QuickSearchModule:UnityEditor.Search:ASIAI0B' with importer (ScriptedImporter : UnityEditor.QuickSearchModule:UnityEditor.Search:ASIAI0B)
Imported 'GUID: 3eddf2b2cdcd47828e17dacecc9395d8' -> (Import Result ID: 'fb6985ff402be9d20833a225a4fe39b0') in 0.004 seconds [static and dynamic dependencies]. Details - ImportResultOutputID=16d387661f60f5c01ceb42fea2d2a1d5 DependenciesID=7ed6ae7eb7b99ca37097afb3d5538959 StaticDependenciesID=defec8b005adc75f64f3674976889884 
Number of updated asset objects reloaded before import = 0
Number of asset objects unloaded after import = 0
========================================================================
Received Import Request.
  Time of request: 2026-09-19T15:00:41.2849778Z
  Time since last request: 0.0066752 seconds.
  importAddress: GUID: 2f1b1f864205414fb1d64a6c465e0378 - Path: Packages/com.unity.collab-proxy/Editor/UVCSToolbar/PopupWindow/ControlledPopupWindow.cs - Importer: ScriptedImporter/UnityEditor.QuickSearchModule:UnityEditor.Search:ASIAI0B
Importing 'GUID: 2f1b1f864205414fb1d64a6c465e0378 - Path: Packages/com.unity.collab-proxy/Editor/UVCSToolbar/PopupWindow/ControlledPopupWindow.cs - Importer: ScriptedImporter/UnityEditor.QuickSearchModule:UnityEditor.Search:ASIAI0B' with importer (ScriptedImporter : UnityEditor.QuickSearchModule:UnityEditor.Search:ASIAI0B)
Imported 'GUID: 2f1b1f864205414fb1d64a6c465e0378' -> (Import Result ID: '26c73a22a0291020a49472989ea6cd75') in 0.003 seconds [static and dynamic dependencies]. Details - ImportResultOutputID=a27b60c056278232792172ba97e6df7b DependenciesID=bbf28afbc99595f09b42db66cdea1770 StaticDependenciesID=1ddcc183cc3ffbe42806b94e60be76aa 
Number of updated asset objects reloaded before import = 0
Number of asset objects unloaded after import = 0
========================================================================
Received Import Request.
  Time of request: 2026-09-19T15:00:41.3126587Z
  Time since last request: 0.0009577 seconds.
  importAddress: GUID: ebbbce5f7ed39ab45b6f43340727ba5e - Path: Packages/com.unity.collab-proxy/Editor/Views/Branch/BranchListViewItem.cs - Importer: ScriptedImporter/UnityEditor.QuickSearchModule:UnityEditor.Search:ASIAI0B
Importing 'GUID: ebbbce5f7ed39ab45b6f43340727ba5e - Path: Packages/com.unity.collab-proxy/Editor/Views/Branch/BranchListViewItem.cs - Importer: ScriptedImporter/UnityEditor.QuickSearchModule:UnityEditor.Search:ASIAI0B' with importer (ScriptedImporter : UnityEditor.QuickSearchModule:UnityEditor.Search:ASIAI0B)
Imported 'GUID: ebbbce5f7ed39ab45b6f43340727ba5e' -> (Import Result ID: 'ceded2246416700d0a53c80b12082d4f') in 0.003 seconds [static and dynamic dependencies]. Details - ImportResultOutputID=bf1e89a0459fea990b0bf1fbc639afee DependenciesID=011b5c734d653c1edaa844fc4dbda023 StaticDependenciesID=5bc5e16d9731baa28b8b1ba5837d5af8 
Number of updated asset objects reloaded before import = 0
Number of asset objects unloaded after import = 0
========================================================================
Received Import Request.
  Time of request: 2026-09-19T15:00:41.3340664Z
  Time since last request: 0.0007604 seconds.
  importAddress: GUID: e89b1e9e9f1060b4f817977507831248 - Path: Packages/com.unity.collab-proxy/Editor/Views/Diff/UnityDiffTree.cs - Importer: ScriptedImporter/UnityEditor.QuickSearchModule:UnityEditor.Search:ASIAI0B
Importing 'GUID: e89b1e9e9f1060b4f817977507831248 - Path: Packages/com.unity.collab-proxy/Editor/Views/Diff/UnityDiffTree.cs - Importer: ScriptedImporter/UnityEditor.QuickSearchModule:UnityEditor.Search:ASIAI0B' with importer (ScriptedImporter : UnityEditor.QuickSearchModule:UnityEditor.Search:ASIAI0B)
Imported 'GUID: e89b1e9e9f1060b4f817977507831248' -> (Import Result ID: 'f03b6f49a992b33828ad60a14aedbad1') in 0.004 seconds [static and dynamic dependencies]. Details - ImportResultOutputID=f502969389a9932c8c2148080eecf669 DependenciesID=ef0eea8948cb0dad9a39c3d00599a16c StaticDependenciesID=9a743287170741220c91b2749e23b69f 
Number of updated asset objects reloaded before import = 0
Number of asset objects unloaded after import = 0
========================================================================
Received Import Request.
  Time of request: 2026-09-19T15:00:41.356779Z
  Time since last request: 0.0006741 seconds.
  importAddress: GUID: a14bb815cfde49609ae0abed939d849b - Path: Packages/com.unity.collab-proxy/Editor/Views/Attributes/AttributeDataDialog.cs - Importer: ScriptedImporter/UnityEditor.QuickSearchModule:UnityEditor.Search:ASIAI0B
Importing 'GUID: a14bb815cfde49609ae0abed939d849b - Path: Packages/com.unity.collab-proxy/Editor/Views/Attributes/AttributeDataDialog.cs - Importer: ScriptedImporter/UnityEditor.QuickSearchModule:UnityEditor.Search:ASIAI0B' with importer (ScriptedImporter : UnityEditor.QuickSearchModule:UnityEditor.Search:ASIAI0B)
Imported 'GUID: a14bb815cfde49609ae0abed939d849b' -> (Import Result ID: 'b73bc3c45c555af2f23bac2eaff5a1e8') in 0.003 seconds [static and dynamic dependencies]. Details - ImportResultOutputID=6b19037c01b911bcbaa6a34a79d72f24 DependenciesID=52e4a0ec1dc6dafc886e6b4fb9fcc6ad StaticDependenciesID=2915869e55769ebf95fa4e0a011e02b2 
Number of updated asset objects reloaded before import = 0
Number of asset objects unloaded after import = 0
========================================================================
Received Import Request.
  Time of request: 2026-09-19T15:00:41.3768811Z
  Time since last request: 0.0006179 seconds.
  importAddress: GUID: 19cfdd73a6f34b2db2d31238e87e09c5 - Path: Packages/com.unity.collab-proxy/Editor/Views/BranchExplorer/BranchExplorerViewer.cs - Importer: ScriptedImporter/UnityEditor.QuickSearchModule:UnityEditor.Search:ASIAI0B
Importing 'GUID: 19cfdd73a6f34b2db2d31238e87e09c5 - Path: Packages/com.unity.collab-proxy/Editor/Views/BranchExplorer/BranchExplorerViewer.cs - Importer: ScriptedImporter/UnityEditor.QuickSearchModule:UnityEditor.Search:ASIAI0B' with importer (ScriptedImporter : UnityEditor.QuickSearchModule:UnityEditor.Search:ASIAI0B)
Imported 'GUID: 19cfdd73a6f34b2db2d31238e87e09c5' -> (Import Result ID: 'd3839c571bce240f8e3f58ae48a755fd') in 0.003 seconds [static and dynamic dependencies]. Details - ImportResultOutputID=8332c9706a02928840eb9cd8c9360b9c DependenciesID=c391b332ad05fd9bdc5c53bac64bafad StaticDependenciesID=6cfa3bfd0d10baedeb168f5dd6acd858 
Number of updated asset objects reloaded before import = 0
Number of asset objects unloaded after import = 0
========================================================================
Received Import Request.
  Time of request: 2026-09-19T15:00:41.3992342Z
  Time since last request: 0.0006747 seconds.
  importAddress: GUID: 75c9f3ad270d332499854cfab52bb2d7 - Path: Packages/com.unity.collab-proxy/Editor/UI/UndoRedo/UndoRedoTextArea.cs - Importer: ScriptedImporter/UnityEditor.QuickSearchModule:UnityEditor.Search:ASIAI0B
Importing 'GUID: 75c9f3ad270d332499854cfab52bb2d7 - Path: Packages/com.unity.collab-proxy/Editor/UI/UndoRedo/UndoRedoTextArea.cs - Importer: ScriptedImporter/UnityEditor.QuickSearchModule:UnityEditor.Search:ASIAI0B' with importer (ScriptedImporter : UnityEditor.QuickSearchModule:UnityEditor.Search:ASIAI0B)
Imported 'GUID: 75c9f3ad270d332499854cfab52bb2d7' -> (Import Result ID: '840131e1b0e22eba7d571ca5ef03d1ce') in 0.003 seconds [static and dynamic dependencies]. Details - ImportResultOutputID=e21bf858e5a836dbbf0b35c50a7d47a9 DependenciesID=ed14a76a352581e784f52f033adf5788 StaticDependenciesID=f56ee54f7e8cc86fef64313cf36458e8 
Number of updated asset objects reloaded before import = 0
Number of asset objects unloaded after import = 0
========================================================================
Received Import Request.
  Time of request: 2026-09-19T15:00:41.4166419Z
  Time since last request: 0.0006076 seconds.
  importAddress: GUID: 06643e3404d14375af98fc02b7314141 - Path: Packages/com.unity.collab-proxy/Editor/Views/BranchExplorer/FindReferenceChangeset.cs - Importer: ScriptedImporter/UnityEditor.QuickSearchModule:UnityEditor.Search:ASIAI0B
Importing 'GUID: 06643e3404d14375af98fc02b7314141 - Path: Packages/com.unity.collab-proxy/Editor/Views/BranchExplorer/FindReferenceChangeset.cs - Importer: ScriptedImporter/UnityEditor.QuickSearchModule:UnityEditor.Search:ASIAI0B' with importer (ScriptedImporter : UnityEditor.QuickSearchModule:UnityEditor.Search:ASIAI0B)
Imported 'GUID: 06643e3404d14375af98fc02b7314141' -> (Import Result ID: '43d5fd02d943cf4c2736fd890b3aad40') in 0.003 seconds [static and dynamic dependencies]. Details - ImportResultOutputID=f40edee1206df4eff11dd140bc8dfecd DependenciesID=ba951331db570c57a685d3a1c005c2d6 StaticDependenciesID=0654016d59055fba6d7e1728f68ce750 
Number of updated asset objects reloaded before import = 0
Number of asset objects unloaded after import = 0
========================================================================
Received Import Request.
  Time of request: 2026-09-19T15:00:41.4384879Z
  Time since last request: 0.0005485 seconds.
  importAddress: GUID: 7d5374a12bef4020a4e16051c301ba71 - Path: Packages/com.unity.collab-proxy/Editor/Views/Attributes/AttributePanel.cs - Importer: ScriptedImporter/UnityEditor.QuickSearchModule:UnityEditor.Search:ASIAI0B
Importing 'GUID: 7d5374a12bef4020a4e16051c301ba71 - Path: Packages/com.unity.collab-proxy/Editor/Views/Attributes/AttributePanel.cs - Importer: ScriptedImporter/UnityEditor.QuickSearchModule:UnityEditor.Search:ASIAI0B' with importer (ScriptedImporter : UnityEditor.QuickSearchModule:UnityEditor.Search:ASIAI0B)
Imported 'GUID: 7d5374a12bef4020a4e16051c301ba71' -> (Import Result ID: '68ce8c8b48274406a645473914b07c6e') in 0.003 seconds [static and dynamic dependencies]. Details - ImportResultOutputID=5063e8b742ba057c62d99a4d4367d403 DependenciesID=5bc133f52fce486e218ffb03d6359906 StaticDependenciesID=73a3d5467e358a95e7448a56f4970381 
Number of updated asset objects reloaded before import = 0
Number of asset objects unloaded after import = 0
========================================================================
Received Import Request.
  Time of request: 2026-09-19T15:00:41.4605474Z
  Time since last request: 0.0007752 seconds.
  importAddress: GUID: 2c9c0041347ae4e4cb794a3da850fa79 - Path: Packages/com.unity.collab-proxy/Editor/Views/Diff/DiffTreeViewMenu.cs - Importer: ScriptedImporter/UnityEditor.QuickSearchModule:UnityEditor.Search:ASIAI0B
Importing 'GUID: 2c9c0041347ae4e4cb794a3da850fa79 - Path: Packages/com.unity.collab-proxy/Editor/Views/Diff/DiffTreeViewMenu.cs - Importer: ScriptedImporter/UnityEditor.QuickSearchModule:UnityEditor.Search:ASIAI0B' with importer (ScriptedImporter : UnityEditor.QuickSearchModule:UnityEditor.Search:ASIAI0B)
Imported 'GUID: 2c9c0041347ae4e4cb794a3da850fa79' -> (Import Result ID: '439224da260452ea5b6cabf8ddc9cdb8') in 0.003 seconds [static and dynamic dependencies]. Details - ImportResultOutputID=9e3f7950da92b060f06cf8d10448fbc9 DependenciesID=95b7f9a03e0dd2044144ad7a8677c2a1 StaticDependenciesID=8a3c4ae9077fbae248bb13eedacd1f6f 
Number of updated asset objects reloaded before import = 0
Number of asset objects unloaded after import = 0
========================================================================
Received Import Request.
  Time of request: 2026-09-19T15:00:41.4801485Z
  Time since last request: 0.0006616 seconds.
  importAddress: GUID: 08501ac9dc864ac3998d286a2a36aaf2 - Path: Packages/com.unity.collab-proxy/Editor/Views/BranchExplorer/BrExSearchField.cs - Importer: ScriptedImporter/UnityEditor.QuickSearchModule:UnityEditor.Search:ASIAI0B
Importing 'GUID: 08501ac9dc864ac3998d286a2a36aaf2 - Path: Packages/com.unity.collab-proxy/Editor/Views/BranchExplorer/BrExSearchField.cs - Importer: ScriptedImporter/UnityEditor.QuickSearchModule:UnityEditor.Search:ASIAI0B' with importer (ScriptedImporter : UnityEditor.QuickSearchModule:UnityEditor.Search:ASIAI0B)
Imported 'GUID: 08501ac9dc864ac3998d286a2a36aaf2' -> (Import Result ID: '4f9c79e2e63763ae584c968a51f39841') in 0.003 seconds [static and dynamic dependencies]. Details - ImportResultOutputID=e83c7c861ca548d9bcd086c6120a522e DependenciesID=62b00efe7b7651b0c290448a57bb48e2 StaticDependenciesID=7243a9adc251bcecad190690cc81533e 
Number of updated asset objects reloaded before import = 0
Number of asset objects unloaded after import = 0
========================================================================
Received Import Request.
  Time of request: 2026-09-19T15:00:41.5014564Z
  Time since last request: 0.0006535 seconds.
  importAddress: GUID: 73306fe71bf092d4495ff28ee02b766b - Path: Packages/com.unity.collab-proxy/Editor/Views/Branch/BranchesSelection.cs - Importer: ScriptedImporter/UnityEditor.QuickSearchModule:UnityEditor.Search:ASIAI0B
Importing 'GUID: 73306fe71bf092d4495ff28ee02b766b - Path: Packages/com.unity.collab-proxy/Editor/Views/Branch/BranchesSelection.cs - Importer: ScriptedImporter/UnityEditor.QuickSearchModule:UnityEditor.Search:ASIAI0B' with importer (ScriptedImporter : UnityEditor.QuickSearchModule:UnityEditor.Search:ASIAI0B)
Imported 'GUID: 73306fe71bf092d4495ff28ee02b766b' -> (Import Result ID: '74f1ae40b6dba90fe721e3b4e634865b') in 0.006 seconds [static and dynamic dependencies]. Details - ImportResultOutputID=32ca6dca125e20885377e98e2d117bc4 DependenciesID=5e04a9704bc91399449035350a137a85 StaticDependenciesID=73b8b00db0c8e76dcb03e94f8c39ae34 
Number of updated asset objects reloaded before import = 0
Number of asset objects unloaded after import = 0
========================================================================
Received Import Request.
  Time of request: 2026-09-19T15:00:41.5238139Z
  Time since last request: 0.0005065 seconds.
  importAddress: GUID: 156e16594aa6bd54cb77aa3f8eae5c82 - Path: Packages/com.unity.collab-proxy/Editor/Views/Diff/ChangeCategoryTreeViewItem.cs - Importer: ScriptedImporter/UnityEditor.QuickSearchModule:UnityEditor.Search:ASIAI0B
Importing 'GUID: 156e16594aa6bd54cb77aa3f8eae5c82 - Path: Packages/com.unity.collab-proxy/Editor/Views/Diff/ChangeCategoryTreeViewItem.cs - Importer: ScriptedImporter/UnityEditor.QuickSearchModule:UnityEditor.Search:ASIAI0B' with importer (ScriptedImporter : UnityEditor.QuickSearchModule:UnityEditor.Search:ASIAI0B)
Imported 'GUID: 156e16594aa6bd54cb77aa3f8eae5c82' -> (Import Result ID: '9bbc7bd74d53f017695aff5b64cdf3cc') in 0.004 seconds [static and dynamic dependencies]. Details - ImportResultOutputID=abe4a3898a03d6699875c4030ae2d620 DependenciesID=2f8414a6a46e2c651546f7e7eb6bee8b StaticDependenciesID=c60253ccfa78f0cc1955274c8d0ad9cc 
Number of updated asset objects reloaded before import = 0
Number of asset objects unloaded after import = 0
========================================================================
Received Import Request.
  Time of request: 2026-09-19T15:00:41.5454584Z
  Time since last request: 0.0005649 seconds.
  importAddress: GUID: 19731bf18cd0abd45955c297ff452044 - Path: Packages/com.unity.collab-proxy/Editor/Views/Changesets/ChangesetExplorerView.cs - Importer: ScriptedImporter/UnityEditor.QuickSearchModule:UnityEditor.Search:ASIAI0B
Importing 'GUID: 19731bf18cd0abd45955c297ff452044 - Path: Packages/com.unity.collab-proxy/Editor/Views/Changesets/ChangesetExplorerView.cs - Importer: ScriptedImporter/UnityEditor.QuickSearchModule:UnityEditor.Search:ASIAI0B' with importer (ScriptedImporter : UnityEditor.QuickSearchModule:UnityEditor.Search:ASIAI0B)
Imported 'GUID: 19731bf18cd0abd45955c297ff452044' -> (Import Result ID: '65387a479b4da525a609acba4b7bfca9') in 0.004 seconds [static and dynamic dependencies]. Details - ImportResultOutputID=9892cddaa0f3d26506ad9fe90d10cc86 DependenciesID=34e409cbbf10892e2e3411de9ff86623 StaticDependenciesID=9a47d722aacee1a2390074ccaaad7d36 
Number of updated asset objects reloaded before import = 0
Number of asset objects unloaded after import = 0
========================================================================
Received Import Request.
  Time of request: 2026-09-19T15:00:41.570875Z
  Time since last request: 0.000843 seconds.
  importAddress: GUID: 29e0becc4ce852c439ff3e642f0375bd - Path: Packages/com.unity.collab-proxy/Editor/Views/CreateWorkspace/PerformInitialCheckin.cs - Importer: ScriptedImporter/UnityEditor.QuickSearchModule:UnityEditor.Search:ASIAI0B
Importing 'GUID: 29e0becc4ce852c439ff3e642f0375bd - Path: Packages/com.unity.collab-proxy/Editor/Views/CreateWorkspace/PerformInitialCheckin.cs - Importer: ScriptedImporter/UnityEditor.QuickSearchModule:UnityEditor.Search:ASIAI0B' with importer (ScriptedImporter : UnityEditor.QuickSearchModule:UnityEditor.Search:ASIAI0B)
Imported 'GUID: 29e0becc4ce852c439ff3e642f0375bd' -> (Import Result ID: '57aa51178e80adb3ef934e958574a6d3') in 0.003 seconds [static and dynamic dependencies]. Details - ImportResultOutputID=624414232edeb17618396873f2391c86 DependenciesID=5f45ac4728ce83b6128bfc8787be1ec0 StaticDependenciesID=7715557ef12eaf0d7342d37c2d0bb4b3 
Number of updated asset objects reloaded before import = 0
Number of asset objects unloaded after import = 0
========================================================================
Received Import Request.
  Time of request: 2026-09-19T15:00:41.6110818Z
  Time since last request: 0.0214951 seconds.
  importAddress: GUID: e2ca16ee0b283be4f95ca8c96e549d3a - Path: Packages/com.unity.collab-proxy/Editor/Views/Shelves/ShelvesSelection.cs - Importer: ScriptedImporter/UnityEditor.QuickSearchModule:UnityEditor.Search:ASIAI0B
Importing 'GUID: e2ca16ee0b283be4f95ca8c96e549d3a - Path: Packages/com.unity.collab-proxy/Editor/Views/Shelves/ShelvesSelection.cs - Importer: ScriptedImporter/UnityEditor.QuickSearchModule:UnityEditor.Search:ASIAI0B' with importer (ScriptedImporter : UnityEditor.QuickSearchModule:UnityEditor.Search:ASIAI0B)
Imported 'GUID: e2ca16ee0b283be4f95ca8c96e549d3a' -> (Import Result ID: '46a556b8f3cee166fca9b1753e93c202') in 0.004 seconds [static and dynamic dependencies]. Details - ImportResultOutputID=6008ba7847a6bd059ba0fe1ff1fea364 DependenciesID=2aab72645d15f67a2ca57642c29130e6 StaticDependenciesID=879f6770927d3d8aadc592c3f0261a51 
Number of updated asset objects reloaded before import = 0
Number of asset objects unloaded after import = 0
========================================================================
Received Import Request.
  Time of request: 2026-09-19T15:00:41.6336291Z
  Time since last request: 0.0007319 seconds.
  importAddress: GUID: e4e6f1fad14d65f4b9e72a5675054db9 - Path: Packages/com.unity.collab-proxy/Editor/Views/PendingChanges/UnityPendingChangesTree.cs - Importer: ScriptedImporter/UnityEditor.QuickSearchModule:UnityEditor.Search:ASIAI0B
Importing 'GUID: e4e6f1fad14d65f4b9e72a5675054db9 - Path: Packages/com.unity.collab-proxy/Editor/Views/PendingChanges/UnityPendingChangesTree.cs - Importer: ScriptedImporter/UnityEditor.QuickSearchModule:UnityEditor.Search:ASIAI0B' with importer (ScriptedImporter : UnityEditor.QuickSearchModule:UnityEditor.Search:ASIAI0B)
Imported 'GUID: e4e6f1fad14d65f4b9e72a5675054db9' -> (Import Result ID: '3cbea8b9fa7b5bda2d4a8456394aec70') in 0.004 seconds [static and dynamic dependencies]. Details - ImportResultOutputID=61efdeb9958266744cf0dfbf49b2bf98 DependenciesID=c6fe47ed35dc0be78734ae3ad7de674e StaticDependenciesID=fb3bf7edbca0d52b19c3142e7e613de3 
Number of updated asset objects reloaded before import = 0
Number of asset objects unloaded after import = 0
========================================================================
Received Import Request.
  Time of request: 2026-09-19T15:00:41.6562655Z
  Time since last request: 0.0009065 seconds.
  importAddress: GUID: 7ff4088388844bb9bf6b1e832be44c0b - Path: Packages/com.unity.collab-proxy/Editor/Views/Properties/CommentsPanel.cs - Importer: ScriptedImporter/UnityEditor.QuickSearchModule:UnityEditor.Search:ASIAI0B
Importing 'GUID: 7ff4088388844bb9bf6b1e832be44c0b - Path: Packages/com.unity.collab-proxy/Editor/Views/Properties/CommentsPanel.cs - Importer: ScriptedImporter/UnityEditor.QuickSearchModule:UnityEditor.Search:ASIAI0B' with importer (ScriptedImporter : UnityEditor.QuickSearchModule:UnityEditor.Search:ASIAI0B)
Imported 'GUID: 7ff4088388844bb9bf6b1e832be44c0b' -> (Import Result ID: '2a1b9485a4a8cf3e20fb7c30ed92475f') in 0.003 seconds [static and dynamic dependencies]. Details - ImportResultOutputID=7ce87ca1a8cb99bf0468a1b6c609fccc DependenciesID=04f7cf8de13308d0594c34df5fedf3fe StaticDependenciesID=7ee0fb0a467c835c65c190bdcebf00b5 
Number of updated asset objects reloaded before import = 0
Number of asset objects unloaded after import = 0
========================================================================
Received Import Request.
  Time of request: 2026-09-19T15:00:41.6781582Z
  Time since last request: 0.000567 seconds.
  importAddress: GUID: d317dcbde3a2ce64dae19f49289c5285 - Path: Packages/com.unity.collab-proxy/Editor/_Deprecated/Settings/PlasticProjectSettingsProvider.cs - Importer: ScriptedImporter/UnityEditor.QuickSearchModule:UnityEditor.Search:ASIAI0B
Importing 'GUID: d317dcbde3a2ce64dae19f49289c5285 - Path: Packages/com.unity.collab-proxy/Editor/_Deprecated/Settings/PlasticProjectSettingsProvider.cs - Importer: ScriptedImporter/UnityEditor.QuickSearchModule:UnityEditor.Search:ASIAI0B' with importer (ScriptedImporter : UnityEditor.QuickSearchModule:UnityEditor.Search:ASIAI0B)
Imported 'GUID: d317dcbde3a2ce64dae19f49289c5285' -> (Import Result ID: 'a86057849c911e776a500dc3171681ac') in 0.004 seconds [static and dynamic dependencies]. Details - ImportResultOutputID=ce3785d692c9b7def1887f762026ef45 DependenciesID=6e87b16998db7dc4f44d07cf070ed042 StaticDependenciesID=712de758683684acbbe4645d47e7632a 
Number of updated asset objects reloaded before import = 0
Number of asset objects unloaded after import = 0
========================================================================
Received Import Request.
  Time of request: 2026-09-19T15:00:41.7000081Z
  Time since last request: 0.0006272 seconds.
  importAddress: GUID: 1b2dfd8c552c2468ca523d8dbb93ea5d - Path: Packages/com.unity.collab-proxy/Editor/Views/PendingChanges/PendingChangesTab.cs - Importer: ScriptedImporter/UnityEditor.QuickSearchModule:UnityEditor.Search:ASIAI0B
Importing 'GUID: 1b2dfd8c552c2468ca523d8dbb93ea5d - Path: Packages/com.unity.collab-proxy/Editor/Views/PendingChanges/PendingChangesTab.cs - Importer: ScriptedImporter/UnityEditor.QuickSearchModule:UnityEditor.Search:ASIAI0B' with importer (ScriptedImporter : UnityEditor.QuickSearchModule:UnityEditor.Search:ASIAI0B)
Imported 'GUID: 1b2dfd8c552c2468ca523d8dbb93ea5d' -> (Import Result ID: '5d463a8b1aaa7dc99ccd09842f1e5269') in 0.003 seconds [static and dynamic dependencies]. Details - ImportResultOutputID=67341e0987ce212d19112473ff69c034 DependenciesID=30bd08347cfc1ba0517d8e2a4a61a2b2 StaticDependenciesID=e21a644797bfd7be5d7bfacff2b6508c 
Number of updated asset objects reloaded before import = 0
Number of asset objects unloaded after import = 0
========================================================================
Received Import Request.
  Time of request: 2026-09-19T15:00:41.7227082Z
  Time since last request: 0.0005417 seconds.
  importAddress: GUID: 0092dcc3ac595ea43981eedc23012f72 - Path: Packages/com.unity.collab-proxy/Editor/Views/PendingChanges/PendingChangesViewPendingChangeMenu.cs - Importer: ScriptedImporter/UnityEditor.QuickSearchModule:UnityEditor.Search:ASIAI0B
Importing 'GUID: 0092dcc3ac595ea43981eedc23012f72 - Path: Packages/com.unity.collab-proxy/Editor/Views/PendingChanges/PendingChangesViewPendingChangeMenu.cs - Importer: ScriptedImporter/UnityEditor.QuickSearchModule:UnityEditor.Search:ASIAI0B' with importer (ScriptedImporter : UnityEditor.QuickSearchModule:UnityEditor.Search:ASIAI0B)
Imported 'GUID: 0092dcc3ac595ea43981eedc23012f72' -> (Import Result ID: '01ad0fa95845cdcc373c9c99c0bc0524') in 0.004 seconds [static and dynamic dependencies]. Details - ImportResultOutputID=292d63c84d7c6f37375d900ee6cc8951 DependenciesID=fe06796be6cca521abd0ac277b1dfc55 StaticDependenciesID=9b790296e2c8f3f7d4c9a71029bccf78 
Number of updated asset objects reloaded before import = 0
Number of asset objects unloaded after import = 0
========================================================================
Received Import Request.
  Time of request: 2026-09-19T15:00:41.7453873Z
  Time since last request: 0.0006204 seconds.
  importAddress: GUID: 4ad84899006a47b9b710662c93ec6448 - Path: Packages/com.unity.collab-proxy/Editor/Views/Locks/LocksListView.cs - Importer: ScriptedImporter/UnityEditor.QuickSearchModule:UnityEditor.Search:ASIAI0B
Importing 'GUID: 4ad84899006a47b9b710662c93ec6448 - Path: Packages/com.unity.collab-proxy/Editor/Views/Locks/LocksListView.cs - Importer: ScriptedImporter/UnityEditor.QuickSearchModule:UnityEditor.Search:ASIAI0B' with importer (ScriptedImporter : UnityEditor.QuickSearchModule:UnityEditor.Search:ASIAI0B)
Imported 'GUID: 4ad84899006a47b9b710662c93ec6448' -> (Import Result ID: '5133c0d970cdc245c4b6ae6e11dfe50a') in 0.003 seconds [static and dynamic dependencies]. Details - ImportResultOutputID=df732819ec1979125d43edc227b9ea4e DependenciesID=a8e669376cc137b3ba92c556b048127f StaticDependenciesID=d29347bd9fbad5d6d232cf20ab147951 
Number of updated asset objects reloaded before import = 0
Number of asset objects unloaded after import = 0
========================================================================
Received Import Request.
  Time of request: 2026-09-19T15:00:41.7662038Z
  Time since last request: 0.000559 seconds.
  importAddress: GUID: bc1e10ffb13c5b548948d8c725368507 - Path: Packages/com.unity.collab-proxy/Editor/Views/Welcome/MacOSConfigWorkaround.cs - Importer: ScriptedImporter/UnityEditor.QuickSearchModule:UnityEditor.Search:ASIAI0B
Importing 'GUID: bc1e10ffb13c5b548948d8c725368507 - Path: Packages/com.unity.collab-proxy/Editor/Views/Welcome/MacOSConfigWorkaround.cs - Importer: ScriptedImporter/UnityEditor.QuickSearchModule:UnityEditor.Search:ASIAI0B' with importer (ScriptedImporter : UnityEditor.QuickSearchModule:UnityEditor.Search:ASIAI0B)
Imported 'GUID: bc1e10ffb13c5b548948d8c725368507' -> (Import Result ID: 'b977a4a02916d1d05fa6ff41925b9c21') in 0.003 seconds [static and dynamic dependencies]. Details - ImportResultOutputID=cd08736ae5989a47f2a391f68c1d88cf DependenciesID=2e998b681cd89f3fe923f3016aaf76fb StaticDependenciesID=a2a4748bc78331718b654881230aee00 
Number of updated asset objects reloaded before import = 0
Number of asset objects unloaded after import = 0
========================================================================
Received Import Request.
  Time of request: 2026-09-19T15:00:41.7857303Z
  Time since last request: 0.0006482 seconds.
  importAddress: GUID: 135807053f9344668425b329212cc99c - Path: Packages/com.unity.collab-proxy/Editor/Views/Properties/CommentTextArea.cs - Importer: ScriptedImporter/UnityEditor.QuickSearchModule:UnityEditor.Search:ASIAI0B
Importing 'GUID: 135807053f9344668425b329212cc99c - Path: Packages/com.unity.collab-proxy/Editor/Views/Properties/CommentTextArea.cs - Importer: ScriptedImporter/UnityEditor.QuickSearchModule:UnityEditor.Search:ASIAI0B' with importer (ScriptedImporter : UnityEditor.QuickSearchModule:UnityEditor.Search:ASIAI0B)
Imported 'GUID: 135807053f9344668425b329212cc99c' -> (Import Result ID: '958844fc7ef73023411ca780bf04aa26') in 0.003 seconds [static and dynamic dependencies]. Details - ImportResultOutputID=5104a3f15e8df19b2f6da23f264803b8 DependenciesID=8068120ddb77cbcfbd9abe523d3e0900 StaticDependenciesID=18a1b095c1060c33c857f04cc8249054 
Number of updated asset objects reloaded before import = 0
Number of asset objects unloaded after import = 0
========================================================================
Received Import Request.
  Time of request: 2026-09-19T15:00:41.8076042Z
  Time since last request: 0.0005495 seconds.
  importAddress: GUID: c197d289bbe8d4e418c3de49a40fd1b5 - Path: Packages/com.unity.collab-proxy/Editor/Views/Shelves/ShelvesListHeaderState.cs - Importer: ScriptedImporter/UnityEditor.QuickSearchModule:UnityEditor.Search:ASIAI0B
Importing 'GUID: c197d289bbe8d4e418c3de49a40fd1b5 - Path: Packages/com.unity.collab-proxy/Editor/Views/Shelves/ShelvesListHeaderState.cs - Importer: ScriptedImporter/UnityEditor.QuickSearchModule:UnityEditor.Search:ASIAI0B' with importer (ScriptedImporter : UnityEditor.QuickSearchModule:UnityEditor.Search:ASIAI0B)
Imported 'GUID: c197d289bbe8d4e418c3de49a40fd1b5' -> (Import Result ID: '964eb36d2b2137ab4a2548fa4171723a') in 0.003 seconds [static and dynamic dependencies]. Details - ImportResultOutputID=a655533bdf977473e7b585bd86d8e50c DependenciesID=d8bed04a583c11e7b608c12b465049a5 StaticDependenciesID=5f622f31b1cc1e9d462371c65f001a93 
Number of updated asset objects reloaded before import = 0
Number of asset objects unloaded after import = 0
========================================================================
Received Import Request.
  Time of request: 2026-09-19T15:00:41.8270047Z
  Time since last request: 0.0009163 seconds.
  importAddress: GUID: 200cab728add43369c716237d4f7b451 - Path: Packages/com.unity.collab-proxy/Editor/Views/Locks/LocksListHeaderState.cs - Importer: ScriptedImporter/UnityEditor.QuickSearchModule:UnityEditor.Search:ASIAI0B
Importing 'GUID: 200cab728add43369c716237d4f7b451 - Path: Packages/com.unity.collab-proxy/Editor/Views/Locks/LocksListHeaderState.cs - Importer: ScriptedImporter/UnityEditor.QuickSearchModule:UnityEditor.Search:ASIAI0B' with importer (ScriptedImporter : UnityEditor.QuickSearchModule:UnityEditor.Search:ASIAI0B)
Imported 'GUID: 200cab728add43369c716237d4f7b451' -> (Import Result ID: 'be2a5cf104f6b1054bc9e79adec49775') in 0.004 seconds [static and dynamic dependencies]. Details - ImportResultOutputID=17aa2537d9e9fa6341e2d13e621bf4f4 DependenciesID=d362fb709136e90a208e45c0f38ed962 StaticDependenciesID=a1d36624a6a097d22e5e82263990370e 
Number of updated asset objects reloaded before import = 0
Number of asset objects unloaded after import = 0
========================================================================
Received Import Request.
  Time of request: 2026-09-19T15:00:41.8505389Z
  Time since last request: 0.0005674 seconds.
  importAddress: GUID: 1d07a35cc40845848b79fb78421cea19 - Path: Packages/com.unity.collab-proxy/Editor/Views/PendingChanges/CommentArea.cs - Importer: ScriptedImporter/UnityEditor.QuickSearchModule:UnityEditor.Search:ASIAI0B
Importing 'GUID: 1d07a35cc40845848b79fb78421cea19 - Path: Packages/com.unity.collab-proxy/Editor/Views/PendingChanges/CommentArea.cs - Importer: ScriptedImporter/UnityEditor.QuickSearchModule:UnityEditor.Search:ASIAI0B' with importer (ScriptedImporter : UnityEditor.QuickSearchModule:UnityEditor.Search:ASIAI0B)
Imported 'GUID: 1d07a35cc40845848b79fb78421cea19' -> (Import Result ID: 'cfccffebd495d167a883b89bf60b9769') in 0.003 seconds [static and dynamic dependencies]. Details - ImportResultOutputID=fc7efcba364fce14f62a1d6df0ba64ac DependenciesID=19f1a3d33d917955b987b2826a9d25d0 StaticDependenciesID=e092b683ab55e112ab59727a62c6d098 
Number of updated asset objects reloaded before import = 0
Number of asset objects unloaded after import = 0
========================================================================
Received Import Request.
  Time of request: 2026-09-19T15:00:41.8714238Z
  Time since last request: 0.0004731 seconds.
  importAddress: GUID: f8686930677b1f44d9ad7deab4888955 - Path: Packages/com.unity.collab-proxy/Editor/Views/Merge/DrawMergeOverview.cs - Importer: ScriptedImporter/UnityEditor.QuickSearchModule:UnityEditor.Search:ASIAI0B
Importing 'GUID: f8686930677b1f44d9ad7deab4888955 - Path: Packages/com.unity.collab-proxy/Editor/Views/Merge/DrawMergeOverview.cs - Importer: ScriptedImporter/UnityEditor.QuickSearchModule:UnityEditor.Search:ASIAI0B' with importer (ScriptedImporter : UnityEditor.QuickSearchModule:UnityEditor.Search:ASIAI0B)
Imported 'GUID: f8686930677b1f44d9ad7deab4888955' -> (Import Result ID: '82711f72200d26f4ed55afd21d3e668e') in 0.003 seconds [static and dynamic dependencies]. Details - ImportResultOutputID=90591816c9739cbdf28108acb69a71d2 DependenciesID=3b8eb2ebe9e2b5f95f1f2b700604eb7f StaticDependenciesID=d397450c063b432c3b09346b296d1f43 
Number of updated asset objects reloaded before import = 0
Number of asset objects unloaded after import = 0
========================================================================
Received Import Request.
  Time of request: 2026-09-19T15:00:41.8926074Z
  Time since last request: 0.0005064 seconds.
  importAddress: GUID: f00521067f54ce541951ab90047cc3f4 - Path: Packages/com.unity.collab-proxy/Editor/Views/Welcome/DownloadAndInstallOperation.cs - Importer: ScriptedImporter/UnityEditor.QuickSearchModule:UnityEditor.Search:ASIAI0B
Importing 'GUID: f00521067f54ce541951ab90047cc3f4 - Path: Packages/com.unity.collab-proxy/Editor/Views/Welcome/DownloadAndInstallOperation.cs - Importer: ScriptedImporter/UnityEditor.QuickSearchModule:UnityEditor.Search:ASIAI0B' with importer (ScriptedImporter : UnityEditor.QuickSearchModule:UnityEditor.Search:ASIAI0B)
Imported 'GUID: f00521067f54ce541951ab90047cc3f4' -> (Import Result ID: 'e0a98656af2297b4021eb8e5d21a1fe5') in 0.003 seconds [static and dynamic dependencies]. Details - ImportResultOutputID=625e6e6ee477f2b3e9858e39fbbda86a DependenciesID=4e098c5dd08254e75e852a52f3b7110b StaticDependenciesID=4c3a47d92c3f42cdd21db4d825eac253 
Number of updated asset objects reloaded before import = 0
Number of asset objects unloaded after import = 0
========================================================================
Received Import Request.
  Time of request: 2026-09-19T15:00:41.9132127Z
  Time since last request: 0.0005652 seconds.
  importAddress: GUID: 8456e83060fd4354a0695680eea6b3cd - Path: Packages/com.unity.collab-proxy/Editor/Views/Locks/LocksSelector.cs - Importer: ScriptedImporter/UnityEditor.QuickSearchModule:UnityEditor.Search:ASIAI0B
Importing 'GUID: 8456e83060fd4354a0695680eea6b3cd - Path: Packages/com.unity.collab-proxy/Editor/Views/Locks/LocksSelector.cs - Importer: ScriptedImporter/UnityEditor.QuickSearchModule:UnityEditor.Search:ASIAI0B' with importer (ScriptedImporter : UnityEditor.QuickSearchModule:UnityEditor.Search:ASIAI0B)
Imported 'GUID: 8456e83060fd4354a0695680eea6b3cd' -> (Import Result ID: '810642212d8e2a1250fc6184c4c2024a') in 0.002 seconds [static and dynamic dependencies]. Details - ImportResultOutputID=6cb8e75c0714970c6cb26070103ccc9d DependenciesID=6f5623d856e0eefd88edb86863880cf5 StaticDependenciesID=5c420ed7af8b6180525c12f40c4c64a3 
Number of updated asset objects reloaded before import = 0
Number of asset objects unloaded after import = 0
========================================================================
Received Import Request.
  Time of request: 2026-09-19T15:00:41.9297648Z
  Time since last request: 0.0005089 seconds.
  importAddress: GUID: 05d31e83a4093e448b45616d62a12790 - Path: Packages/com.unity.collab-proxy/Editor/Views/PendingChanges/FilesFilterPatternsMenuBuilder.cs - Importer: ScriptedImporter/UnityEditor.QuickSearchModule:UnityEditor.Search:ASIAI0B
Importing 'GUID: 05d31e83a4093e448b45616d62a12790 - Path: Packages/com.unity.collab-proxy/Editor/Views/PendingChanges/FilesFilterPatternsMenuBuilder.cs - Importer: ScriptedImporter/UnityEditor.QuickSearchModule:UnityEditor.Search:ASIAI0B' with importer (ScriptedImporter : UnityEditor.QuickSearchModule:UnityEditor.Search:ASIAI0B)
Imported 'GUID: 05d31e83a4093e448b45616d62a12790' -> (Import Result ID: 'cd55936be87696a9256c4f66d3b8073c') in 0.003 seconds [static and dynamic dependencies]. Details - ImportResultOutputID=b0bf29d26d50dac6db103b3d8d291417 DependenciesID=f1b1c5f981770a3f792811b158d600bf StaticDependenciesID=2edfe2e9178d995a17b511c418d8e86c 
Number of updated asset objects reloaded before import = 0
Number of asset objects unloaded after import = 0
========================================================================
Received Import Request.
  Time of request: 2026-09-19T15:00:41.9834384Z
  Time since last request: 0.0332281 seconds.
  importAddress: GUID: f415c70214a29428b9297efda0fa5867 - Path: Packages/com.unity.collab-proxy/Lib/Editor/Localization/clientcommon.es.txt - Importer: ScriptedImporter/UnityEditor.QuickSearchModule:UnityEditor.Search:ASIAI0B
Importing 'GUID: f415c70214a29428b9297efda0fa5867 - Path: Packages/com.unity.collab-proxy/Lib/Editor/Localization/clientcommon.es.txt - Importer: ScriptedImporter/UnityEditor.QuickSearchModule:UnityEditor.Search:ASIAI0B' with importer (ScriptedImporter : UnityEditor.QuickSearchModule:UnityEditor.Search:ASIAI0B)
Imported 'GUID: f415c70214a29428b9297efda0fa5867' -> (Import Result ID: '2d273c5678e51a33c78ce1e77fb541da') in 0.004 seconds [static and dynamic dependencies]. Details - ImportResultOutputID=d95a742f2017f62ab696080f19e4767f DependenciesID=91536723df525287c372e95f646cb481 StaticDependenciesID=28630f91da6fe55c58f86e593253b6ff 
Number of updated asset objects reloaded before import = 0
Number of asset objects unloaded after import = 1
========================================================================
Received Import Request.
  Time of request: 2026-09-19T15:00:42.0063853Z
  Time since last request: 0.0006592 seconds.
  importAddress: GUID: 4e6cae1e91a544050a661ae2855d2f47 - Path: Packages/com.unity.collab-proxy/Lib/Editor/Localization/basecommands.ko.txt - Importer: ScriptedImporter/UnityEditor.QuickSearchModule:UnityEditor.Search:ASIAI0B
Importing 'GUID: 4e6cae1e91a544050a661ae2855d2f47 - Path: Packages/com.unity.collab-proxy/Lib/Editor/Localization/basecommands.ko.txt - Importer: ScriptedImporter/UnityEditor.QuickSearchModule:UnityEditor.Search:ASIAI0B' with importer (ScriptedImporter : UnityEditor.QuickSearchModule:UnityEditor.Search:ASIAI0B)
Imported 'GUID: 4e6cae1e91a544050a661ae2855d2f47' -> (Import Result ID: 'dbfda076aa17f88680186bcfff3d6b92') in 0.004 seconds [static and dynamic dependencies]. Details - ImportResultOutputID=ead28743a201949ca1c29d5c109525f2 DependenciesID=84f203107b21e212ffce47c9b37046bd StaticDependenciesID=414d2d51494c574e4ee8cf6a62ff9085 
Number of updated asset objects reloaded before import = 0
Number of asset objects unloaded after import = 1
========================================================================
Received Import Request.
  Time of request: 2026-09-19T15:00:42.0284836Z
  Time since last request: 0.0004932 seconds.
  importAddress: GUID: 7434ec0f802604f68bee7449e1ab5673 - Path: Packages/com.unity.collab-proxy/Lib/Editor/Localization/common.en.txt - Importer: ScriptedImporter/UnityEditor.QuickSearchModule:UnityEditor.Search:ASIAI0B
Importing 'GUID: 7434ec0f802604f68bee7449e1ab5673 - Path: Packages/com.unity.collab-proxy/Lib/Editor/Localization/common.en.txt - Importer: ScriptedImporter/UnityEditor.QuickSearchModule:UnityEditor.Search:ASIAI0B' with importer (ScriptedImporter : UnityEditor.QuickSearchModule:UnityEditor.Search:ASIAI0B)
Imported 'GUID: 7434ec0f802604f68bee7449e1ab5673' -> (Import Result ID: '9c494a29d336f5e773a076e5612f5b87') in 0.003 seconds [static and dynamic dependencies]. Details - ImportResultOutputID=022306d83682d729a495ba567f1a89c7 DependenciesID=2de1d72bfbf606166a33f92c47b8a322 StaticDependenciesID=89a1c51bf0c453976f01f7facb85b31c 
Number of updated asset objects reloaded before import = 0
Number of asset objects unloaded after import = 1
========================================================================
Received Import Request.
  Time of request: 2026-09-19T15:00:42.047569Z
  Time since last request: 0.0007404 seconds.
  importAddress: GUID: d96c656f30ddc4678ad028fdb55449c3 - Path: Packages/com.unity.collab-proxy/Lib/Editor/Localization/mergetool.ko.txt - Importer: ScriptedImporter/UnityEditor.QuickSearchModule:UnityEditor.Search:ASIAI0B
Importing 'GUID: d96c656f30ddc4678ad028fdb55449c3 - Path: Packages/com.unity.collab-proxy/Lib/Editor/Localization/mergetool.ko.txt - Importer: ScriptedImporter/UnityEditor.QuickSearchModule:UnityEditor.Search:ASIAI0B' with importer (ScriptedImporter : UnityEditor.QuickSearchModule:UnityEditor.Search:ASIAI0B)
Imported 'GUID: d96c656f30ddc4678ad028fdb55449c3' -> (Import Result ID: '4386515f30a976eafb4f104e4b55f963') in 0.004 seconds [static and dynamic dependencies]. Details - ImportResultOutputID=836a41faa1856aed70f467de357491e7 DependenciesID=290a4a11f57eb4091023f9ea1575fad2 StaticDependenciesID=4daf914cd7627abbfe1ce65c264215ea 
Number of updated asset objects reloaded before import = 0
Number of asset objects unloaded after import = 1
========================================================================
Received Import Request.
  Time of request: 2026-09-19T15:00:42.0658739Z
  Time since last request: 0.0005799 seconds.
  importAddress: GUID: fea7dac218f7f4522a87a01a0c3c53d0 - Path: Packages/com.unity.collab-proxy/Lib/Editor/Localization/clientcommon.ko.txt - Importer: ScriptedImporter/UnityEditor.QuickSearchModule:UnityEditor.Search:ASIAI0B
Importing 'GUID: fea7dac218f7f4522a87a01a0c3c53d0 - Path: Packages/com.unity.collab-proxy/Lib/Editor/Localization/clientcommon.ko.txt - Importer: ScriptedImporter/UnityEditor.QuickSearchModule:UnityEditor.Search:ASIAI0B' with importer (ScriptedImporter : UnityEditor.QuickSearchModule:UnityEditor.Search:ASIAI0B)
Imported 'GUID: fea7dac218f7f4522a87a01a0c3c53d0' -> (Import Result ID: 'e8002f5923e1fb03a93d247b75c345c3') in 0.003 seconds [static and dynamic dependencies]. Details - ImportResultOutputID=ac8251ca5ed45bb9d9e80fc82db9b8a7 DependenciesID=b61f953915740689ed76c0738f85dafa StaticDependenciesID=8f55fbcc4d8507f776ead68ff5c648c9 
Number of updated asset objects reloaded before import = 0
Number of asset objects unloaded after import = 1
========================================================================
Received Import Request.
  Time of request: 2026-09-19T15:00:42.0875418Z
  Time since last request: 0.0004982 seconds.
  importAddress: GUID: e75e0df8dd2c8478ebfabe12247bb691 - Path: Packages/com.unity.collab-proxy/Lib/Editor/Localization/differences.ja.txt - Importer: ScriptedImporter/UnityEditor.QuickSearchModule:UnityEditor.Search:ASIAI0B
Importing 'GUID: e75e0df8dd2c8478ebfabe12247bb691 - Path: Packages/com.unity.collab-proxy/Lib/Editor/Localization/differences.ja.txt - Importer: ScriptedImporter/UnityEditor.QuickSearchModule:UnityEditor.Search:ASIAI0B' with importer (ScriptedImporter : UnityEditor.QuickSearchModule:UnityEditor.Search:ASIAI0B)
Imported 'GUID: e75e0df8dd2c8478ebfabe12247bb691' -> (Import Result ID: '9cc165f14c6d3ccb5e0583fe35c8ebd7') in 0.004 seconds [static and dynamic dependencies]. Details - ImportResultOutputID=a3bb6ba6376767a2129555e85f04d1f4 DependenciesID=554423105cf6bdde2cff4976c471ceef StaticDependenciesID=f82160c6aa3b70704349a23afd2a4909 
Number of updated asset objects reloaded before import = 0
Number of asset objects unloaded after import = 1
========================================================================
Received Import Request.
  Time of request: 2026-09-19T15:00:42.1117217Z
  Time since last request: 0.0005508 seconds.
  importAddress: GUID: 658d4b56a429c42dc82f506a2767b2e6 - Path: Packages/com.unity.collab-proxy/Lib/Editor/Localization/i3.ja.txt - Importer: ScriptedImporter/UnityEditor.QuickSearchModule:UnityEditor.Search:ASIAI0B
Importing 'GUID: 658d4b56a429c42dc82f506a2767b2e6 - Path: Packages/com.unity.collab-proxy/Lib/Editor/Localization/i3.ja.txt - Importer: ScriptedImporter/UnityEditor.QuickSearchModule:UnityEditor.Search:ASIAI0B' with importer (ScriptedImporter : UnityEditor.QuickSearchModule:UnityEditor.Search:ASIAI0B)
Imported 'GUID: 658d4b56a429c42dc82f506a2767b2e6' -> (Import Result ID: '4e2891368c5c780a534f1c9d7ed6c43f') in 0.003 seconds [static and dynamic dependencies]. Details - ImportResultOutputID=1680e4c4696c361c04957f9e087f16bd DependenciesID=64c88f87e701ff2224536886b5232ce6 StaticDependenciesID=5eb89bf765aee4579cda0f36fb69ff37 
Number of updated asset objects reloaded before import = 0
Number of asset objects unloaded after import = 1
========================================================================
Received Import Request.
  Time of request: 2026-09-19T15:00:42.1330447Z
  Time since last request: 0.0005853 seconds.
  importAddress: GUID: 32bf5760cae4a4399aedc5a0c0a20f23 - Path: Packages/com.unity.collab-proxy/Lib/Editor/Localization/common.es.txt - Importer: ScriptedImporter/UnityEditor.QuickSearchModule:UnityEditor.Search:ASIAI0B
Importing 'GUID: 32bf5760cae4a4399aedc5a0c0a20f23 - Path: Packages/com.unity.collab-proxy/Lib/Editor/Localization/common.es.txt - Importer: ScriptedImporter/UnityEditor.QuickSearchModule:UnityEditor.Search:ASIAI0B' with importer (ScriptedImporter : UnityEditor.QuickSearchModule:UnityEditor.Search:ASIAI0B)
Imported 'GUID: 32bf5760cae4a4399aedc5a0c0a20f23' -> (Import Result ID: 'a51be66a3b92683506ed18e926ef49f8') in 0.003 seconds [static and dynamic dependencies]. Details - ImportResultOutputID=e05d92788f4cca15bb9069c270ade454 DependenciesID=d114f6738d5e2d1700fdb9241f7224b1 StaticDependenciesID=5e0008a2c72d13448350ee3d08513036 
Number of updated asset objects reloaded before import = 0
Number of asset objects unloaded after import = 1
========================================================================
Received Import Request.
  Time of request: 2026-09-19T15:00:42.1545318Z
  Time since last request: 0.0006376 seconds.
  importAddress: GUID: b0045c9f87a3f487c883404b3257f747 - Path: Packages/com.unity.collab-proxy/Lib/Editor/Localization/cm.es.txt - Importer: ScriptedImporter/UnityEditor.QuickSearchModule:UnityEditor.Search:ASIAI0B
Importing 'GUID: b0045c9f87a3f487c883404b3257f747 - Path: Packages/com.unity.collab-proxy/Lib/Editor/Localization/cm.es.txt - Importer: ScriptedImporter/UnityEditor.QuickSearchModule:UnityEditor.Search:ASIAI0B' with importer (ScriptedImporter : UnityEditor.QuickSearchModule:UnityEditor.Search:ASIAI0B)
Imported 'GUID: b0045c9f87a3f487c883404b3257f747' -> (Import Result ID: '948a6db9f72a797a99c8fe5039259db6') in 0.003 seconds [static and dynamic dependencies]. Details - ImportResultOutputID=69047ef897eaf3c6458b76b1dbc0435a DependenciesID=fc7836944cb77342d40953356920d1ee StaticDependenciesID=2f6276e99af3c0cc3832f6594c92ad59 
Number of updated asset objects reloaded before import = 0
Number of asset objects unloaded after import = 1
========================================================================
Received Import Request.
  Time of request: 2026-09-19T15:00:42.175972Z
  Time since last request: 0.0005056 seconds.
  importAddress: GUID: f1b52905ca380454cb1eb270517534ee - Path: Packages/com.unity.collab-proxy/Lib/Editor/Localization/differences.ko.txt - Importer: ScriptedImporter/UnityEditor.QuickSearchModule:UnityEditor.Search:ASIAI0B
Importing 'GUID: f1b52905ca380454cb1eb270517534ee - Path: Packages/com.unity.collab-proxy/Lib/Editor/Localization/differences.ko.txt - Importer: ScriptedImporter/UnityEditor.QuickSearchModule:UnityEditor.Search:ASIAI0B' with importer (ScriptedImporter : UnityEditor.QuickSearchModule:UnityEditor.Search:ASIAI0B)
Imported 'GUID: f1b52905ca380454cb1eb270517534ee' -> (Import Result ID: '05d016c0d0d129d82d284699e3d36b3e') in 0.003 seconds [static and dynamic dependencies]. Details - ImportResultOutputID=d92394319270e43078edd703728bb3d4 DependenciesID=58f96b57a686c39f6ea5a7b03832cf2f StaticDependenciesID=34d8bcb477770bef79c371a0dabc6d4d 
Number of updated asset objects reloaded before import = 0
Number of asset objects unloaded after import = 1
========================================================================
Received Import Request.
  Time of request: 2026-09-19T15:00:42.196789Z
  Time since last request: 0.0004906 seconds.
  importAddress: GUID: 3422f2294d08c4f13915960a1f4a0808 - Path: Packages/com.unity.collab-proxy/Lib/Editor/Localization/guihelp.en.txt - Importer: ScriptedImporter/UnityEditor.QuickSearchModule:UnityEditor.Search:ASIAI0B
Importing 'GUID: 3422f2294d08c4f13915960a1f4a0808 - Path: Packages/com.unity.collab-proxy/Lib/Editor/Localization/guihelp.en.txt - Importer: ScriptedImporter/UnityEditor.QuickSearchModule:UnityEditor.Search:ASIAI0B' with importer (ScriptedImporter : UnityEditor.QuickSearchModule:UnityEditor.Search:ASIAI0B)
Imported 'GUID: 3422f2294d08c4f13915960a1f4a0808' -> (Import Result ID: 'd6840f1a911359183456e80afec04354') in 0.003 seconds [static and dynamic dependencies]. Details - ImportResultOutputID=bf11935758c0be4409d1b14036beba46 DependenciesID=85796abb4d39f246d4a828c7dc751dc5 StaticDependenciesID=2c41c747c99c7154659ab2d3b35b76b3 
Number of updated asset objects reloaded before import = 0
Number of asset objects unloaded after import = 1
========================================================================
Received Import Request.
  Time of request: 2026-09-19T15:00:42.2206923Z
  Time since last request: 0.0006158 seconds.
  importAddress: GUID: 949061f1e48b34bfea6207e70ea0a0f6 - Path: Packages/com.unity.collab-proxy/Lib/Editor/Localization/cm.zh-Hans.txt - Importer: ScriptedImporter/UnityEditor.QuickSearchModule:UnityEditor.Search:ASIAI0B
Importing 'GUID: 949061f1e48b34bfea6207e70ea0a0f6 - Path: Packages/com.unity.collab-proxy/Lib/Editor/Localization/cm.zh-Hans.txt - Importer: ScriptedImporter/UnityEditor.QuickSearchModule:UnityEditor.Search:ASIAI0B' with importer (ScriptedImporter : UnityEditor.QuickSearchModule:UnityEditor.Search:ASIAI0B)
Imported 'GUID: 949061f1e48b34bfea6207e70ea0a0f6' -> (Import Result ID: '255fbae1909bab76c3f344338237332b') in 0.003 seconds [static and dynamic dependencies]. Details - ImportResultOutputID=55bf29f6ba16b3b18853e217666063b3 DependenciesID=c3055fb2c62fbbdff5e0c4a7574092b7 StaticDependenciesID=0ea7de7545e2b2be1154ffae620abc3f 
Number of updated asset objects reloaded before import = 0
Number of asset objects unloaded after import = 1
========================================================================
Received Import Request.
  Time of request: 2026-09-19T15:00:42.2416065Z
  Time since last request: 0.0004946 seconds.
  importAddress: GUID: e13a556ff924042cbaec3e059d695a23 - Path: Packages/com.unity.collab-proxy/Lib/Editor/Localization/i3.en.txt - Importer: ScriptedImporter/UnityEditor.QuickSearchModule:UnityEditor.Search:ASIAI0B
Importing 'GUID: e13a556ff924042cbaec3e059d695a23 - Path: Packages/com.unity.collab-proxy/Lib/Editor/Localization/i3.en.txt - Importer: ScriptedImporter/UnityEditor.QuickSearchModule:UnityEditor.Search:ASIAI0B' with importer (ScriptedImporter : UnityEditor.QuickSearchModule:UnityEditor.Search:ASIAI0B)
Imported 'GUID: e13a556ff924042cbaec3e059d695a23' -> (Import Result ID: '2bea1c3d8525135440bfea1e45f7b4be') in 0.002 seconds [static and dynamic dependencies]. Details - ImportResultOutputID=7ded3c06fa6925c0a28dcb9f5f051263 DependenciesID=b5618e6170355b5371b712a80cd2699e StaticDependenciesID=7bfb9f981967dd26ea2503bcd640e9f6 
Number of updated asset objects reloaded before import = 0
Number of asset objects unloaded after import = 1
========================================================================
Received Import Request.
  Time of request: 2026-09-19T15:00:42.2597197Z
  Time since last request: 0.0004362 seconds.
  importAddress: GUID: 754c536771c1f404c8b3c600e2c1f38e - Path: Packages/com.unity.collab-proxy/Lib/Editor/Localization/cm.ko.txt - Importer: ScriptedImporter/UnityEditor.QuickSearchModule:UnityEditor.Search:ASIAI0B
Importing 'GUID: 754c536771c1f404c8b3c600e2c1f38e - Path: Packages/com.unity.collab-proxy/Lib/Editor/Localization/cm.ko.txt - Importer: ScriptedImporter/UnityEditor.QuickSearchModule:UnityEditor.Search:ASIAI0B' with importer (ScriptedImporter : UnityEditor.QuickSearchModule:UnityEditor.Search:ASIAI0B)
Imported 'GUID: 754c536771c1f404c8b3c600e2c1f38e' -> (Import Result ID: '8ffe14a8e2c8f873ae640f552a461294') in 0.004 seconds [static and dynamic dependencies]. Details - ImportResultOutputID=173ca37532a3d571e5e757b2753fbc3f DependenciesID=8610bf62a3512349322092e11d0e2c91 StaticDependenciesID=f3a3afb44a4c9a74f478e10ddae5ff4b 
Number of updated asset objects reloaded before import = 0
Number of asset objects unloaded after import = 1
========================================================================
Received Import Request.
  Time of request: 2026-09-19T15:00:42.2800388Z
  Time since last request: 0.0006647 seconds.
  importAddress: GUID: 6637a4e3859ff40ef8966ef15207c985 - Path: Packages/com.unity.collab-proxy/Lib/Editor/Localization/clientcommon.zh-Hans.txt - Importer: ScriptedImporter/UnityEditor.QuickSearchModule:UnityEditor.Search:ASIAI0B
Importing 'GUID: 6637a4e3859ff40ef8966ef15207c985 - Path: Packages/com.unity.collab-proxy/Lib/Editor/Localization/clientcommon.zh-Hans.txt - Importer: ScriptedImporter/UnityEditor.QuickSearchModule:UnityEditor.Search:ASIAI0B' with importer (ScriptedImporter : UnityEditor.QuickSearchModule:UnityEditor.Search:ASIAI0B)
Imported 'GUID: 6637a4e3859ff40ef8966ef15207c985' -> (Import Result ID: 'a89b74df61393b560bd6889fe4f763f3') in 0.003 seconds [static and dynamic dependencies]. Details - ImportResultOutputID=9aca0136fbe07ace5cf3459658aec682 DependenciesID=6a08018fd36eb67c979a57dad6720387 StaticDependenciesID=aa3c3e3d9d84e75afa8373598cd7710c 
Number of updated asset objects reloaded before import = 0
Number of asset objects unloaded after import = 1
========================================================================
Received Import Request.
  Time of request: 2026-09-19T15:00:42.2954464Z
  Time since last request: 0.0007835 seconds.
  importAddress: GUID: bd5f1c13809c1430398256ce75a55836 - Path: Packages/com.unity.collab-proxy/Lib/Editor/Localization/mergetool.en.txt - Importer: ScriptedImporter/UnityEditor.QuickSearchModule:UnityEditor.Search:ASIAI0B
Importing 'GUID: bd5f1c13809c1430398256ce75a55836 - Path: Packages/com.unity.collab-proxy/Lib/Editor/Localization/mergetool.en.txt - Importer: ScriptedImporter/UnityEditor.QuickSearchModule:UnityEditor.Search:ASIAI0B' with importer (ScriptedImporter : UnityEditor.QuickSearchModule:UnityEditor.Search:ASIAI0B)
Imported 'GUID: bd5f1c13809c1430398256ce75a55836' -> (Import Result ID: '43e4de849231c453c86f2bfa8c18a324') in 0.004 seconds [static and dynamic dependencies]. Details - ImportResultOutputID=2511628022d8d2f561ac99bf8d36ec92 DependenciesID=9c3a808b06364624037ad55566dccce6 StaticDependenciesID=bd8fbf3ee443949c1abb2f31949c35e0 
Number of updated asset objects reloaded before import = 0
Number of asset objects unloaded after import = 1
========================================================================
Received Import Request.
  Time of request: 2026-09-19T15:00:42.3304681Z
  Time since last request: 0.0116213 seconds.
  importAddress: GUID: 3a8f5c21be7674f6b8232ba08beedfa4 - Path: Packages/com.unity.collab-proxy/Lib/Editor/Localization/plastic-gui.zh-Hant.txt - Importer: ScriptedImporter/UnityEditor.QuickSearchModule:UnityEditor.Search:ASIAI0B
Importing 'GUID: 3a8f5c21be7674f6b8232ba08beedfa4 - Path: Packages/com.unity.collab-proxy/Lib/Editor/Localization/plastic-gui.zh-Hant.txt - Importer: ScriptedImporter/UnityEditor.QuickSearchModule:UnityEditor.Search:ASIAI0B' with importer (ScriptedImporter : UnityEditor.QuickSearchModule:UnityEditor.Search:ASIAI0B)
Imported 'GUID: 3a8f5c21be7674f6b8232ba08beedfa4' -> (Import Result ID: 'd3936ac7825454470cc57384b3c9acd7') in 0.004 seconds [static and dynamic dependencies]. Details - ImportResultOutputID=690d0e94115929c7c6a5786266e0fcac DependenciesID=d524185ac84b7bbb35df52458ea75942 StaticDependenciesID=0020d4cac5f8b1f42738e4cbe0703a97 
Number of updated asset objects reloaded before import = 0
Number of asset objects unloaded after import = 1
========================================================================
Received Import Request.
  Time of request: 2026-09-19T15:00:42.3506013Z
  Time since last request: 0.0009767 seconds.
  importAddress: GUID: 254f40821697f4cd0a87eafc8ffdd99a - Path: Packages/com.unity.collab-proxy/Lib/Editor/Localization/plastic-gui.ko.txt - Importer: ScriptedImporter/UnityEditor.QuickSearchModule:UnityEditor.Search:ASIAI0B
Importing 'GUID: 254f40821697f4cd0a87eafc8ffdd99a - Path: Packages/com.unity.collab-proxy/Lib/Editor/Localization/plastic-gui.ko.txt - Importer: ScriptedImporter/UnityEditor.QuickSearchModule:UnityEditor.Search:ASIAI0B' with importer (ScriptedImporter : UnityEditor.QuickSearchModule:UnityEditor.Search:ASIAI0B)
Imported 'GUID: 254f40821697f4cd0a87eafc8ffdd99a' -> (Import Result ID: '807cf8334ebdb1815dd1cc034d5b62dc') in 0.006 seconds [static and dynamic dependencies]. Details - ImportResultOutputID=d460237ef773609c2568f6b03801a34b DependenciesID=c6d0e1c78be441ac3d5b72892c736381 StaticDependenciesID=5e15cb57de6068dff496e890161893bb 
Number of updated asset objects reloaded before import = 0
Number of asset objects unloaded after import = 1
========================================================================
Received Import Request.
  Time of request: 2026-09-19T15:00:42.3732695Z
  Time since last request: 0.0010291 seconds.
  importAddress: GUID: 7f9122bc11da473eaa9082bf340c3047 - Path: Packages/com.unity.collab-proxy/Editor/CloudDrive/Workspaces/DirectoryContent/DirectoryContentPanel.cs - Importer: ScriptedImporter/UnityEditor.QuickSearchModule:UnityEditor.Search:ASIAI0B
Importing 'GUID: 7f9122bc11da473eaa9082bf340c3047 - Path: Packages/com.unity.collab-proxy/Editor/CloudDrive/Workspaces/DirectoryContent/DirectoryContentPanel.cs - Importer: ScriptedImporter/UnityEditor.QuickSearchModule:UnityEditor.Search:ASIAI0B' with importer (ScriptedImporter : UnityEditor.QuickSearchModule:UnityEditor.Search:ASIAI0B)
Imported 'GUID: 7f9122bc11da473eaa9082bf340c3047' -> (Import Result ID: '9fa27f50269a442632c16692d5012141') in 0.004 seconds [static and dynamic dependencies]. Details - ImportResultOutputID=f0c4a07cd99522c64d88972f3367efbb DependenciesID=3a0e3319d6d5c20e0f40195f4bbdef8d StaticDependenciesID=405b4508688d3026b0214aaefca67d7c 
Number of updated asset objects reloaded before import = 0
Number of asset objects unloaded after import = 0
========================================================================
Received Import Request.
  Time of request: 2026-09-19T15:00:42.399086Z
  Time since last request: 0.0004343 seconds.
  importAddress: GUID: 906bc1afa6344104953c1f8f08e54b11 - Path: Packages/com.unity.collab-proxy/Editor/CloudDrive/Workspaces/DirectoryContent/ProcessDragEvent.cs - Importer: ScriptedImporter/UnityEditor.QuickSearchModule:UnityEditor.Search:ASIAI0B
Importing 'GUID: 906bc1afa6344104953c1f8f08e54b11 - Path: Packages/com.unity.collab-proxy/Editor/CloudDrive/Workspaces/DirectoryContent/ProcessDragEvent.cs - Importer: ScriptedImporter/UnityEditor.QuickSearchModule:UnityEditor.Search:ASIAI0B' with importer (ScriptedImporter : UnityEditor.QuickSearchModule:UnityEditor.Search:ASIAI0B)
Imported 'GUID: 906bc1afa6344104953c1f8f08e54b11' -> (Import Result ID: 'cfbcd585a95a9f14e89de557e0c51bc9') in 0.004 seconds [static and dynamic dependencies]. Details - ImportResultOutputID=7bd81a05c067300b62b0b56deed7c4ef DependenciesID=9f88eb0ecebe01017187b192bf324880 StaticDependenciesID=b1e3e9c6d1f2682773cf3991bbf54e46 
Number of updated asset objects reloaded before import = 0
Number of asset objects unloaded after import = 0
========================================================================
Received Import Request.
  Time of request: 2026-09-19T15:00:42.4218827Z
  Time since last request: 0.0005317 seconds.
  importAddress: GUID: 6de94dccb9344367a5c94b087d3cc1e2 - Path: Packages/com.unity.collab-proxy/Editor/CloudDrive/Workspaces/DirectoryContent/ProcessItemsGridViewEvent.cs - Importer: ScriptedImporter/UnityEditor.QuickSearchModule:UnityEditor.Search:ASIAI0B
Importing 'GUID: 6de94dccb9344367a5c94b087d3cc1e2 - Path: Packages/com.unity.collab-proxy/Editor/CloudDrive/Workspaces/DirectoryContent/ProcessItemsGridViewEvent.cs - Importer: ScriptedImporter/UnityEditor.QuickSearchModule:UnityEditor.Search:ASIAI0B' with importer (ScriptedImporter : UnityEditor.QuickSearchModule:UnityEditor.Search:ASIAI0B)
Imported 'GUID: 6de94dccb9344367a5c94b087d3cc1e2' -> (Import Result ID: '691ccc9f2cf90f6646363f3eb2116b48') in 0.002 seconds [static and dynamic dependencies]. Details - ImportResultOutputID=7a8863b35cd5055450804c62709eb565 DependenciesID=7877ed10dd848a80ee8f4e62cd8c17c8 StaticDependenciesID=afb24346de375c362456e5fc4eb53d33 
Number of updated asset objects reloaded before import = 0
Number of asset objects unloaded after import = 0
========================================================================
Received Import Request.
  Time of request: 2026-09-19T15:00:42.4452432Z
  Time since last request: 0.0025486 seconds.
  importAddress: GUID: 209109a5fbc749468a4eb859dc531bd2 - Path: Packages/com.unity.collab-proxy/Editor/Diff/Asset/Common/ObjectExtensions.cs - Importer: ScriptedImporter/UnityEditor.QuickSearchModule:UnityEditor.Search:ASIAI0B
Importing 'GUID: 209109a5fbc749468a4eb859dc531bd2 - Path: Packages/com.unity.collab-proxy/Editor/Diff/Asset/Common/ObjectExtensions.cs - Importer: ScriptedImporter/UnityEditor.QuickSearchModule:UnityEditor.Search:ASIAI0B' with importer (ScriptedImporter : UnityEditor.QuickSearchModule:UnityEditor.Search:ASIAI0B)
Imported 'GUID: 209109a5fbc749468a4eb859dc531bd2' -> (Import Result ID: '7d494a634fdd07783c436b467a0a6335') in 0.004 seconds [static and dynamic dependencies]. Details - ImportResultOutputID=255d51d18212b9314c7cd3d3b6fb0701 DependenciesID=a186a337e7c77046f779b9c1bce7270c StaticDependenciesID=67d3fab1b1b1a1cc1941ef2ff0dc9779 
Number of updated asset objects reloaded before import = 0
Number of asset objects unloaded after import = 0
========================================================================
Received Import Request.
  Time of request: 2026-09-19T15:00:42.4768645Z
  Time since last request: 0.000593 seconds.
  importAddress: GUID: 88f256f2677614287b3dcc01ebaed742 - Path: Packages/com.unity.collab-proxy/Lib/Editor/Localization/plastic-gui.zh-Hans.txt - Importer: ScriptedImporter/UnityEditor.QuickSearchModule:UnityEditor.Search:ASIAI0B
Importing 'GUID: 88f256f2677614287b3dcc01ebaed742 - Path: Packages/com.unity.collab-proxy/Lib/Editor/Localization/plastic-gui.zh-Hans.txt - Importer: ScriptedImporter/UnityEditor.QuickSearchModule:UnityEditor.Search:ASIAI0B' with importer (ScriptedImporter : UnityEditor.QuickSearchModule:UnityEditor.Search:ASIAI0B)
Imported 'GUID: 88f256f2677614287b3dcc01ebaed742' -> (Import Result ID: '6f3f7acecf179eb9a10e33d2fa8cf96a') in 0.005 seconds [static and dynamic dependencies]. Details - ImportResultOutputID=bd58ee05f56d7caaccab511ca7b96dac DependenciesID=c287318b7733d625f990bf860155d661 StaticDependenciesID=e43e7d80790e8e4bd4fb7eb56d3bb682 
Number of updated asset objects reloaded before import = 0
Number of asset objects unloaded after import = 1
========================================================================
Received Import Request.
  Time of request: 2026-09-19T15:00:42.5079459Z
  Time since last request: 0.0014401 seconds.
  importAddress: GUID: da3b9e545e5e0475d952e5604aec2d20 - Path: Packages/com.unity.collab-proxy/Lib/Editor/Localization/workspaceserver.zh-Hans.txt - Importer: ScriptedImporter/UnityEditor.QuickSearchModule:UnityEditor.Search:ASIAI0B
Importing 'GUID: da3b9e545e5e0475d952e5604aec2d20 - Path: Packages/com.unity.collab-proxy/Lib/Editor/Localization/workspaceserver.zh-Hans.txt - Importer: ScriptedImporter/UnityEditor.QuickSearchModule:UnityEditor.Search:ASIAI0B' with importer (ScriptedImporter : UnityEditor.QuickSearchModule:UnityEditor.Search:ASIAI0B)
Imported 'GUID: da3b9e545e5e0475d952e5604aec2d20' -> (Import Result ID: '73527acda99dc80ea700925a184863a4') in 0.003 seconds [static and dynamic dependencies]. Details - ImportResultOutputID=99843fc8efe4730d2f75a0a85de058d8 DependenciesID=bfaa0d45c2424ba2f7e9f35afec68966 StaticDependenciesID=a4f893209ab72366beed96488372a78d 
Number of updated asset objects reloaded before import = 0
Number of asset objects unloaded after import = 1
========================================================================
Received Import Request.
  Time of request: 2026-09-19T15:00:42.5306016Z
  Time since last request: 0.0004307 seconds.
  importAddress: GUID: 8dc346ba856ba49aea0cae2c6fb63e9d - Path: Packages/com.unity.collab-proxy/Lib/Editor/Localization/plastic-gui.ja.txt - Importer: ScriptedImporter/UnityEditor.QuickSearchModule:UnityEditor.Search:ASIAI0B
Importing 'GUID: 8dc346ba856ba49aea0cae2c6fb63e9d - Path: Packages/com.unity.collab-proxy/Lib/Editor/Localization/plastic-gui.ja.txt - Importer: ScriptedImporter/UnityEditor.QuickSearchModule:UnityEditor.Search:ASIAI0B' with importer (ScriptedImporter : UnityEditor.QuickSearchModule:UnityEditor.Search:ASIAI0B)
Imported 'GUID: 8dc346ba856ba49aea0cae2c6fb63e9d' -> (Import Result ID: '17c5177a5b4d023823837031911cf2e2') in 0.004 seconds [static and dynamic dependencies]. Details - ImportResultOutputID=da9c22cba4155a93d4a000b1670f50b9 DependenciesID=70bcec2086c511fe7e001e3cc9574357 StaticDependenciesID=485b3e70b4e60d42d5099e2236169ef4 
Number of updated asset objects reloaded before import = 0
Number of asset objects unloaded after import = 1
========================================================================
Received Import Request.
  Time of request: 2026-09-19T15:00:42.5519052Z
  Time since last request: 0.0004994 seconds.
  importAddress: GUID: f14e29936e8d4feb9bb398b7cbb8fd5a - Path: Packages/com.unity.collab-proxy/Editor/CloudDrive/Workspaces/DirectoryContent/ItemsGridView.cs - Importer: ScriptedImporter/UnityEditor.QuickSearchModule:UnityEditor.Search:ASIAI0B
Importing 'GUID: f14e29936e8d4feb9bb398b7cbb8fd5a - Path: Packages/com.unity.collab-proxy/Editor/CloudDrive/Workspaces/DirectoryContent/ItemsGridView.cs - Importer: ScriptedImporter/UnityEditor.QuickSearchModule:UnityEditor.Search:ASIAI0B' with importer (ScriptedImporter : UnityEditor.QuickSearchModule:UnityEditor.Search:ASIAI0B)
Imported 'GUID: f14e29936e8d4feb9bb398b7cbb8fd5a' -> (Import Result ID: 'f78050abd3a1617b1f558bb28c68c091') in 0.003 seconds [static and dynamic dependencies]. Details - ImportResultOutputID=5f97ab6217a7ee798ad6b1653ea9871f DependenciesID=b61505a0f30f06f1ff516e496b670377 StaticDependenciesID=c6d6e67f56918034b9a45caeb315a137 
Number of updated asset objects reloaded before import = 0
Number of asset objects unloaded after import = 0
========================================================================
Received Import Request.
  Time of request: 2026-09-19T15:00:42.5721201Z
  Time since last request: 0.000472 seconds.
  importAddress: GUID: 1e6d3ecf959ad40459c4dce16a7b25c8 - Path: Packages/com.unity.collab-proxy/Lib/Editor/Localization/plastic-gui.en.txt - Importer: ScriptedImporter/UnityEditor.QuickSearchModule:UnityEditor.Search:ASIAI0B
Importing 'GUID: 1e6d3ecf959ad40459c4dce16a7b25c8 - Path: Packages/com.unity.collab-proxy/Lib/Editor/Localization/plastic-gui.en.txt - Importer: ScriptedImporter/UnityEditor.QuickSearchModule:UnityEditor.Search:ASIAI0B' with importer (ScriptedImporter : UnityEditor.QuickSearchModule:UnityEditor.Search:ASIAI0B)
Imported 'GUID: 1e6d3ecf959ad40459c4dce16a7b25c8' -> (Import Result ID: '2c2bcfb3b1f67c503279aa4be3140d39') in 0.004 seconds [static and dynamic dependencies]. Details - ImportResultOutputID=3b8153e69b3afee05c932eca54e0369d DependenciesID=2f25d4dd640fc63615fe71dd72927550 StaticDependenciesID=957f93674d5e202b4ddcd19f91610c1a 
Number of updated asset objects reloaded before import = 0
Number of asset objects unloaded after import = 1
========================================================================
Received Import Request.
  Time of request: 2026-09-19T15:00:42.5930834Z
  Time since last request: 0.0005961 seconds.
  importAddress: GUID: 4b51fa1c43534178b0b4bd9a425e187b - Path: Packages/com.unity.collab-proxy/Editor/CloudDrive/Workspaces/DirectoryContent/ImportInProjectDialog.cs - Importer: ScriptedImporter/UnityEditor.QuickSearchModule:UnityEditor.Search:ASIAI0B
Importing 'GUID: 4b51fa1c43534178b0b4bd9a425e187b - Path: Packages/com.unity.collab-proxy/Editor/CloudDrive/Workspaces/DirectoryContent/ImportInProjectDialog.cs - Importer: ScriptedImporter/UnityEditor.QuickSearchModule:UnityEditor.Search:ASIAI0B' with importer (ScriptedImporter : UnityEditor.QuickSearchModule:UnityEditor.Search:ASIAI0B)
Imported 'GUID: 4b51fa1c43534178b0b4bd9a425e187b' -> (Import Result ID: '6d3848602ade22614f027204d7d1f808') in 0.003 seconds [static and dynamic dependencies]. Details - ImportResultOutputID=6b72a9abcf42937a469319c6392acfc2 DependenciesID=e7e875448950c44292645ed5514b27fb StaticDependenciesID=9ecc84940359c9165f772cfc895fd0ed 
Number of updated asset objects reloaded before import = 0
Number of asset objects unloaded after import = 0
========================================================================
Received Import Request.
  Time of request: 2026-09-19T15:00:42.613353Z
  Time since last request: 0.0006318 seconds.
  importAddress: GUID: 1f47f388d466a499b9d9fa66f4eee75c - Path: Packages/com.unity.collab-proxy/Lib/Editor/Localization/xdiff.ja.txt - Importer: ScriptedImporter/UnityEditor.QuickSearchModule:UnityEditor.Search:ASIAI0B
Importing 'GUID: 1f47f388d466a499b9d9fa66f4eee75c - Path: Packages/com.unity.collab-proxy/Lib/Editor/Localization/xdiff.ja.txt - Importer: ScriptedImporter/UnityEditor.QuickSearchModule:UnityEditor.Search:ASIAI0B' with importer (ScriptedImporter : UnityEditor.QuickSearchModule:UnityEditor.Search:ASIAI0B)
Imported 'GUID: 1f47f388d466a499b9d9fa66f4eee75c' -> (Import Result ID: '7a522c4fee9c3e0d1c0b6701fb052bca') in 0.003 seconds [static and dynamic dependencies]. Details - ImportResultOutputID=4d50a89f90c1bbe2c2b6caffcd9f849a DependenciesID=d577986477dd77356aed8eca437a3e04 StaticDependenciesID=6c994f08162327ab2ee08589bd45c9ef 
Number of updated asset objects reloaded before import = 0
Number of asset objects unloaded after import = 1
========================================================================
Received Import Request.
  Time of request: 2026-09-19T15:00:42.6329335Z
  Time since last request: 0.0006592 seconds.
  importAddress: GUID: bc4f0ef4de664ad4db65a2ea866ffa47 - Path: Packages/com.unity.collab-proxy/Editor/CloudDrive/Workspaces/DirectoryContent/NewNameDialog.cs - Importer: ScriptedImporter/UnityEditor.QuickSearchModule:UnityEditor.Search:ASIAI0B
Importing 'GUID: bc4f0ef4de664ad4db65a2ea866ffa47 - Path: Packages/com.unity.collab-proxy/Editor/CloudDrive/Workspaces/DirectoryContent/NewNameDialog.cs - Importer: ScriptedImporter/UnityEditor.QuickSearchModule:UnityEditor.Search:ASIAI0B' with importer (ScriptedImporter : UnityEditor.QuickSearchModule:UnityEditor.Search:ASIAI0B)
Imported 'GUID: bc4f0ef4de664ad4db65a2ea866ffa47' -> (Import Result ID: 'c941e40aa876028bccabec6a5a4d6713') in 0.003 seconds [static and dynamic dependencies]. Details - ImportResultOutputID=38e9b431b4d15bbe57fdc8683fbb8e22 DependenciesID=83f6f12be265cafe7daa9c89e53f9743 StaticDependenciesID=0ef6b6f9d3771705cba3bbeb10344f0c 
Number of updated asset objects reloaded before import = 0
Number of asset objects unloaded after import = 0
========================================================================
Received Import Request.
  Time of request: 2026-09-19T15:00:42.6522941Z
  Time since last request: 0.0005085 seconds.
  importAddress: GUID: ebdd61faa5a2c45c787f1351a7adb665 - Path: Packages/com.unity.collab-proxy/Lib/Editor/Localization/xdiff.en.txt - Importer: ScriptedImporter/UnityEditor.QuickSearchModule:UnityEditor.Search:ASIAI0B
Importing 'GUID: ebdd61faa5a2c45c787f1351a7adb665 - Path: Packages/com.unity.collab-proxy/Lib/Editor/Localization/xdiff.en.txt - Importer: ScriptedImporter/UnityEditor.QuickSearchModule:UnityEditor.Search:ASIAI0B' with importer (ScriptedImporter : UnityEditor.QuickSearchModule:UnityEditor.Search:ASIAI0B)
Imported 'GUID: ebdd61faa5a2c45c787f1351a7adb665' -> (Import Result ID: 'f499856ccbb05544a0a6262183a0e62d') in 0.004 seconds [static and dynamic dependencies]. Details - ImportResultOutputID=47f9bc4b3f19cd3a3cf1b51496a9df47 DependenciesID=b69399047349921e29633d05d846ce1b StaticDependenciesID=a249bc5bf4bf3d567d147bdbab109c99 
Number of updated asset objects reloaded before import = 0
Number of asset objects unloaded after import = 1
========================================================================
Received Import Request.
  Time of request: 2026-09-19T15:00:42.7920558Z
  Time since last request: 0.1186152 seconds.
  importAddress: GUID: 1b0309336d5d24445a134e6864de91b8 - Path: Packages/com.unity.collab-proxy/Lib/Editor/Localization/semantic.ja.txt - Importer: ScriptedImporter/UnityEditor.QuickSearchModule:UnityEditor.Search:ASIAI0B
Importing 'GUID: 1b0309336d5d24445a134e6864de91b8 - Path: Packages/com.unity.collab-proxy/Lib/Editor/Localization/semantic.ja.txt - Importer: ScriptedImporter/UnityEditor.QuickSearchModule:UnityEditor.Search:ASIAI0B' with importer (ScriptedImporter : UnityEditor.QuickSearchModule:UnityEditor.Search:ASIAI0B)
Imported 'GUID: 1b0309336d5d24445a134e6864de91b8' -> (Import Result ID: '18eef00e3882ccec1cc53a4bbdf81e32') in 0.003 seconds [static and dynamic dependencies]. Details - ImportResultOutputID=2a1e9781d41d622e2a1300383c969851 DependenciesID=d1da1336ec05066a7a13c71d44c616f5 StaticDependenciesID=e2c8cacc1cf56b0af15b31d7e1bcf98d 
Number of updated asset objects reloaded before import = 0
Number of asset objects unloaded after import = 1
========================================================================
Received Prepare
AcceleratorClientConnectionCallback - disconnected - :0
Begin MonoManager ReloadAssembly
'Packages/com.unity.render-pipelines.core/Editor/Deprecated.cs' contains partial class of Unity.Object, exactly 1 of the partial classes needs to be in a file with the same filename. This is to know the one that can be referenced from ie. GameObjects
'Packages/com.unity.render-pipelines.core/Editor/Deprecated.cs' contains partial class of Unity.Object, exactly 1 of the partial classes needs to be in a file with the same filename. This is to know the one that can be referenced from ie. GameObjects
Refreshing native plugins compatible for Editor in 2.16 ms, found 4 plugins.
Native extension for WindowsStandalone target not found
[Package Manager] Failed to launch server process. Reason: Unity was launched with the -noUpm command-line argument
[Package Manager] Unable to send message (not connected to server process).
[Package Manager] Cannot connect to Unity Package Manager local server
[Package Manager] Failed to launch server process. Reason: Unity was launched with the -noUpm command-line argument
[Package Manager] Unable to send message (not connected to server process).
[Package Manager] Cannot connect to Unity Package Manager local server
ScheduleIndexationOnStartup MainProcess:False IndexOnStartup:True
Scripting: successfully reloaded assembly
- Finished resetting the current domain, in  1.698 seconds
Domain Reload Profiling: 3760ms
	BeginReloadAssembly (533ms)
		DisableScriptedObjects (26ms)
		CreateAndSetChildDomain (122ms)
	RebuildCommonClasses (18ms)
	RebuildNativeTypeToScriptingClass (41ms)
	initialDomainReloadingComplete (128ms)
	LoadAllAssembliesAndSetupDomain (1339ms)
		LoadAssemblies (769ms)
		TypeCache.Refresh (21ms)
			TypeCache.ScanAssembly (3ms)
		AnalyzeDomain (423ms)
			BuildScriptInfoCaches (409ms)
			ResolveRequiredComponents (11ms)
	FinalizeReload (1700ms)
		SetupLoadedEditorAssemblies (0ms)
			LogAssemblyErrors (4ms)
			InitializePlatformSupportModulesInManaged (3ms)
			BeforeProcessingInitializeOnLoad (228ms)
			ProcessInitializeOnLoadAttributes (493ms)
			ProcessInitializeOnLoadMethodAttributes (189ms)
			AfterProcessingInitializeOnLoad (18ms)
		AwakeInstancesAfterBackupRestoration (70ms)
Refreshing native plugins compatible for Editor in 3.59 ms, found 4 plugins.
Unloading 62 Unused Serialized files (Serialized files now loaded: 0)
Unloading 6623 unused Assets / (8.6 MB). Loaded Objects now: 7517.
Memory consumption went from 349.2 MB to 340.6 MB.
Total: 16.668500 ms (FindLiveObjects: 1.422200 ms CreateObjectMapping: 0.527700 ms MarkObjects: 9.375900 ms  DeleteObjects: 4.263400 ms)

Prepare: number of updated asset objects reloaded= 0
