Built from '6000.6/respin/6000.6.0f1-fa21a270ab12' branch; Version is '6000.6.0f1 (f7f8ed4d1e24) revision 16251117'; Using compiler version '194234433'; Build Type 'Release'
OS: 'Windows 11  (10.0.26200) Core' Language: 'en' Physical Memory: 32389 MB
BatchMode: 1, IsHumanControllingUs: 0, StartBugReporterOnCrash: 0, Is64bit: 1
System  architecture: x64
Process architecture: x64
Date: 2026-09-19T15:00:07Z
[Licensing::Module] Trying to connect to existing licensing client channel...
[Licensing::IpcConnector] Successfully connected to: "LicenseClient-laiet" at "2026-09-19T15:00:07.9875003Z"
[Licensing::Client] Code 10 while verifying Licensing Client signature (process Id: 21856, path: "C:/Program Files/Unity Hub/UnityLicensingClient_V1/Unity.Licensing.Client.exe")
[Licensing::Module] LicensingClient has failed validation; ignoring
[Licensing::Client] Error: HandshakeResponse reported an error:
	ResponseCode: 505
	ResponseStatus: Unsupported protocol version '1.18.3'.
[Licensing::Module] Error: Failed to handshake to channel: "LicenseClient-laiet"
[Licensing::IpcConnector] LicenseClient-laiet channel disconnected successfully.
[Licensing::IpcConnector] Successfully connected to: "LicenseClient-laiet-6000.6.0" at "2026-09-19T15:00:08.1020022Z"
[Licensing::Client] Code 10 while verifying Licensing Client signature (process Id: 5420, path: "C:/Program Files/Unity/Hub/Editor/6000.6.0f1/Editor/Data/Resources/Licensing/Client/Unity.Licensing.Client.exe")
[Licensing::Module] LicensingClient has failed validation; ignoring
[Licensing::Client] Handshaking with LicensingClient:
  Version:                 1.18.3+d7ffd15
  Session Id:              d38b277bdc93426eb5bea713fffd3bd1
  Correlation Id:          ab694d64c5537f87c0b7b88d6244bfd5
  External correlation Id: 654999981639422678
  Machine Id:              HCb8288S53yk6J8ODf7DAeTIerY=
[Licensing::Module] Successfully connected to LicensingClient on channel: "LicenseClient-laiet-6000.6.0" (connect: 0.00s, validation: 0.00s, handshake: 0.08s)
[Licensing::IpcConnector] Successfully connected to: "LicenseClient-laiet-6000.6.0-notifications" at "2026-09-19T15:00:08.1904988Z"
[Licensing::Module] Licensing Background thread has ended after 0.20s

COMMAND LINE ARGUMENTS:
C:\Program Files\Unity\Hub\Editor\6000.6.0f1\Editor\Unity.exe
-adb2
-batchMode
-noUpm
-name
AssetImportWorkerHW0
-projectPath
C:/Users/laiet/Desktop/Projects/bus-driver/BusDriver
-logFile
Logs/AssetImportWorkerHW0.log
-srvPort
58257
-parentPid
34340
-analyticsCloudUserId
anonymous
-analyticsLocalProjectId
9bb8911c4fbd0cd49aed397f86ff2d8a
-editorAnalyticsEnabled
1
-cbmEditorLicense
cee8404d656a25eda48dfaf9880f2cb50a205b1c
-cbmMachineId
HCb8288S53yk6J8ODf7DAeTIerY=
-noDiagnosticSwitchPersistentStore
-job-worker-count
9
-background-job-worker-count
8
-asset-garbage-collectors
1
-force-d3d12
-name
AssetImport
Successfully changed project path to: C:/Users/laiet/Desktop/Projects/bus-driver/BusDriver
C:/Users/laiet/Desktop/Projects/bus-driver/BusDriver
[UnityMemory] Configuration Parameters - Can be set up in boot.config
    "memorysetup-temp-allocator-size-gi-baking-worker=262144"
    "memorysetup-temp-allocator-size-gi-baking-worker=262144"
    "memorysetup-temp-allocator-size-gi-baking-worker=262144"
    "memorysetup-temp-allocator-size-gi-baking-worker=262144"
    "memorysetup-temp-allocator-size-gi-baking-worker=262144"
    "memorysetup-temp-allocator-size-nav-mesh-worker=65536"
    "memorysetup-temp-allocator-size-audio-worker=65536"
    "memorysetup-temp-allocator-size-cloud-worker=32768"
    "memorysetup-temp-allocator-size-gfx=262144"
    "memorysetup-remapper-allocator-initial-capacity=32768"
    "memorysetup-temp-allocator-size-preload-manager=33554432"
    "memorysetup-allocator-temp-initial-block-size-main=262144"
    "memorysetup-allocator-temp-initial-block-size-worker=262144"
    "memorysetup-temp-allocator-size-job-worker=262144"
    "memorysetup-temp-allocator-size-background-worker=32768"
    "memorysetup-bucket-allocator-granularity=16"
    "memorysetup-bucket-allocator-bucket-count=8"
    "memorysetup-bucket-allocator-block-size=33554432"
    "memorysetup-bucket-allocator-block-count=8"
    "memorysetup-main-allocator-block-size=16777216"
    "memorysetup-thread-allocator-block-size=16777216"
    "memorysetup-main-allocator-mimalloc-enabled=1"
    "memorysetup-gfx-main-allocator-block-size=16777216"
    "memorysetup-gfx-thread-allocator-block-size=16777216"
    "memorysetup-cache-allocator-block-size=4194304"
    "memorysetup-typetree-allocator-block-size=2097152"
    "memorysetup-profiler-bucket-allocator-granularity=16"
    "memorysetup-profiler-bucket-allocator-bucket-count=8"
    "memorysetup-profiler-bucket-allocator-block-size=33554432"
    "memorysetup-profiler-bucket-allocator-block-count=8"
    "memorysetup-profiler-allocator-block-size=16777216"
    "memorysetup-profiler-editor-allocator-block-size=1048576"
    "memorysetup-temp-allocator-size-main=16777216"
    "memorysetup-job-temp-allocator-block-size=2097152"
    "memorysetup-job-temp-allocator-block-size-background=1048576"
    "memorysetup-job-temp-allocator-reduction-small-platforms=262144"
Player connection [31820]  Target information:

Player connection [31820]  * "[IP] 10.24.32.72 [Port] 0 [Flags] 2 [Guid] 3576620388 [EditorId] 3576620388 [Version] 1048832 [Id] WindowsEditor(7,EthanLai_Laptop) [Debug] 1 [PackageName] WindowsEditor [ProjectName] Editor" 

Player connection [31820] Host joined multi-casting on [225.0.0.222:54997]...
Player connection [31820] Host joined alternative multi-casting on [225.0.0.222:34997]...
JobSystem: Creating JobQueue using job-worker-count value 9
Input System module state changed to: Initialized.
[Physics::Module] Initialized fallback backend.
[Physics::Module] Id: 0xdecafbad
Library Redirect Path: Library/
Initialising UDS system complete:
  - System type: Client
  - Resource namespace: b24de9cb9d8b4ae3cafebcc8690133fb
  - Shared memory size: 1073741824
  - Command buffer id: 1052576
  - Command buffer size: 8192
  - Hashmap size: 4194304
  - Service connected: true
  - Service working directory: Library/DataStore/
[Physics::Module] Selected backend.
[Physics::Module] Name: PhysX
[Physics::Module] Id: 0xf2b8ea05
[Physics::Module] SDK Version: 4.1.2
[Physics::Module] Integration Version: 1.0.0
[Physics::Module] Threading Mode: Multi-Threaded
Refreshing native plugins compatible for Editor in 9.18 ms, found 4 plugins.
Initialize engine version: 6000.6.0f1 (f7f8ed4d1e24)
[EntityIdStore] init: VM path (explicit commit), pageSize=4096, blockCount=1048576, entitiesPerBlock=256, slots reserved=4294967296 bytes
[Subsystems] Discovering subsystems at path C:/Program Files/Unity/Hub/Editor/6000.6.0f1/Editor/Data/Resources/UnitySubsystems
[Subsystems] Discovering subsystems at path C:/Users/laiet/Desktop/Projects/bus-driver/BusDriver/Assets
Forcing GfxDevice: Direct3D 12
GfxDevice: creating device client; kGfxThreadingModeNonThreaded
d3d12: failed to query info queue interface (0x80004002).
Direct3D:
    Version:         Direct3D 12 [level 12.2]
    Renderer:        NVIDIA GeForce RTX 4070 Laptop GPU (ID=0x2820)
    Vendor:          NVIDIA
    VRAM:            7948 MB
    App VRAM Budget: 7180 MB
    Driver:          32.0.15.6607
Initialize mono
Mono path[0] = 'C:/Program Files/Unity/Hub/Editor/6000.6.0f1/Editor/Data/Managed'
Mono path[1] = 'C:/Program Files/Unity/Hub/Editor/6000.6.0f1/Editor/Data/BCLExtensions/runtime/netstandard2.1'
Mono path[2] = 'C:/Program Files/Unity/Hub/Editor/6000.6.0f1/Editor/Data/MonoBleedingEdge/lib/mono/unityjit-win32'
Mono config path = 'C:/Program Files/Unity/Hub/Editor/6000.6.0f1/Editor/Data/MonoBleedingEdge/etc'
Using monoOptions --debugger-agent=transport=dt_socket,embedding=1,server=y,suspend=n,address=127.0.0.1:56796
CodeReloadManager initialized
Begin MonoManager ReloadAssembly
Registering precompiled unity dll's ...
Register platform support module: C:/Program Files/Unity/Hub/Editor/6000.6.0f1/Editor/Data/PlaybackEngines/WindowsStandaloneSupport/UnityEditor.WindowsStandalone.Extensions.dll
Registered in 0.002833 seconds.
Native extension for WindowsStandalone target not found
Package Manager log level set to [2]
[Package Manager] Failed to launch server process. Reason: Unity was launched with the -noUpm command-line argument
[Package Manager] Unable to send message (not connected to server process).
[Package Manager] Cannot connect to Unity Package Manager local server
ScheduleIndexationOnStartup MainProcess:False IndexOnStartup:False
Scripting: successfully reloaded assembly
- Finished resetting the current domain, in  2.007 seconds
Domain Reload Profiling: 3794ms
	BeginReloadAssembly (425ms)
	RebuildCommonClasses (8ms)
	RebuildNativeTypeToScriptingClass (41ms)
	initialDomainReloadingComplete (143ms)
	LoadAllAssembliesAndSetupDomain (1168ms)
		LoadAssemblies (416ms)
		TypeCache.Refresh (743ms)
			TypeCache.ScanAssembly (691ms)
		AnalyzeDomain (2ms)
	FinalizeReload (2010ms)
		SetupLoadedEditorAssemblies (0ms)
			LogAssemblyErrors (6ms)
			InitializePlatformSupportModulesInManaged (7ms)
			BeforeProcessingInitializeOnLoad (412ms)
			ProcessInitializeOnLoadAttributes (407ms)
			ProcessInitializeOnLoadMethodAttributes (749ms)
Initializing Unity extensions:
[Licensing::Client] Successfully resolved entitlement details
[Licensing::Module] License group:
  Id: F4-3WKU-2EDZ-P6WP-CPPR-XXXX
  Product: Unity Personal
  Type: ULF
  Expiration: Unlimited
========================================================================
Worker process is ready to serve import requests
Import Worker Mode flag is 0x00
Begin MonoManager ReloadAssembly
'Packages/com.unity.render-pipelines.core/Editor/Deprecated.cs' contains partial class of Unity.Object, exactly 1 of the partial classes needs to be in a file with the same filename. This is to know the one that can be referenced from ie. GameObjects
'Packages/com.unity.render-pipelines.core/Editor/Deprecated.cs' contains partial class of Unity.Object, exactly 1 of the partial classes needs to be in a file with the same filename. This is to know the one that can be referenced from ie. GameObjects
Refreshing native plugins compatible for Editor in 13.48 ms, found 4 plugins.
Native extension for WindowsStandalone target not found
[Package Manager] Failed to launch server process. Reason: Unity was launched with the -noUpm command-line argument
[Package Manager] Unable to send message (not connected to server process).
[Package Manager] Cannot connect to Unity Package Manager local server
[Package Manager] Failed to launch server process. Reason: Unity was launched with the -noUpm command-line argument
[Package Manager] Unable to send message (not connected to server process).
[Package Manager] Cannot connect to Unity Package Manager local server
ScheduleIndexationOnStartup MainProcess:False IndexOnStartup:True
Scripting: successfully reloaded assembly
- Finished resetting the current domain, in  1.888 seconds
Domain Reload Profiling: 5617ms
	BeginReloadAssembly (888ms)
		DisableScriptedObjects (45ms)
		CreateAndSetChildDomain (88ms)
	RebuildCommonClasses (36ms)
	RebuildNativeTypeToScriptingClass (71ms)
	initialDomainReloadingComplete (245ms)
	LoadAllAssembliesAndSetupDomain (2488ms)
		LoadAssemblies (1361ms)
		TypeCache.Refresh (709ms)
			TypeCache.ScanAssembly (670ms)
		AnalyzeDomain (310ms)
			BuildScriptInfoCaches (288ms)
			ResolveRequiredComponents (15ms)
	FinalizeReload (1890ms)
		SetupLoadedEditorAssemblies (0ms)
			LogAssemblyErrors (4ms)
			InitializePlatformSupportModulesInManaged (5ms)
			BeforeProcessingInitializeOnLoad (216ms)
			ProcessInitializeOnLoadAttributes (577ms)
			ProcessInitializeOnLoadMethodAttributes (167ms)
			AfterProcessingInitializeOnLoad (13ms)
		AwakeInstancesAfterBackupRestoration (16ms)
AcceleratorClientConnectionCallback - disconnected - :0
Launched and connected shader compiler UnityShaderCompiler.exe after 0.04 seconds
Refreshing native plugins compatible for Editor in 4.65 ms, found 4 plugins.
Unloading 65 Unused Serialized files (Serialized files now loaded: 0)
Unloading 6614 unused Assets / (10.9 MB). Loaded Objects now: 7448.
Memory consumption went from 334.1 MB to 323.2 MB.
Total: 17.111400 ms (FindLiveObjects: 0.810100 ms CreateObjectMapping: 0.420700 ms MarkObjects: 9.427900 ms  DeleteObjects: 5.989300 ms)

========================================================================
Received Prepare
AcceleratorClientConnectionCallback - disconnected - :0
Refreshing native plugins compatible for Editor in 4.06 ms, found 4 plugins.
Unloading 64 Unused Serialized files (Serialized files now loaded: 0)
Unloading 64 unused Assets / (6.1 MB). Loaded Objects now: 7448.
Memory consumption went from 326.1 MB to 320.0 MB.
Total: 15.065600 ms (FindLiveObjects: 0.861500 ms CreateObjectMapping: 0.441500 ms MarkObjects: 10.703100 ms  DeleteObjects: 2.521700 ms)

Prepare: number of updated asset objects reloaded= 0
========================================================================
Received Import Request.
  Time of request: 2026-09-19T15:00:22.2477251Z
  Time since last request: 365282.0334823000012 seconds.
  importAddress: GUID: 052faaac586de48259a63d0c4782560b - Path: Assets/InputSystem_Actions.inputactions - Importer: PreviewImporter
Importing 'GUID: 052faaac586de48259a63d0c4782560b - Path: Assets/InputSystem_Actions.inputactions - Importer: PreviewImporter' with importer (PreviewImporter)
Imported 'GUID: 052faaac586de48259a63d0c4782560b' -> (Import Result ID: '257a2ee0326124caa9f6719de2d6dccc') in 0.072 seconds [static and dynamic dependencies]. Details - ImportResultOutputID=4e6866f0f84aa3519782f1e548f633af DependenciesID=39cc8e40bd79ca09b235818d3015303c StaticDependenciesID=913369315914f078524f3016d2c45c57 
Number of updated asset objects reloaded before import = 0
Number of asset objects unloaded after import = 20
========================================================================
Received Import Request.
  Time of request: 2026-09-19T15:00:22.3407722Z
  Time since last request: 0.0004131 seconds.
  importAddress: GUID: 8105016687592461f977c054a80ce2f2 - Path: Assets/Readme.asset - Importer: PreviewImporter
Importing 'GUID: 8105016687592461f977c054a80ce2f2 - Path: Assets/Readme.asset - Importer: PreviewImporter' with importer (PreviewImporter)
Imported 'GUID: 8105016687592461f977c054a80ce2f2' -> (Import Result ID: '7ea86a10af4ec97c603c40316953aa5a') in 0.014 seconds [static and dynamic dependencies]. Details - ImportResultOutputID=5fbf3bb5365282751b95b2d7eaa99ea3 DependenciesID=2d223b7e02fa19cb6ff45698f2f55135 StaticDependenciesID=6bc4c2b327fa974a4ed2a3aa395ef82a 
Number of updated asset objects reloaded before import = 0
Number of asset objects unloaded after import = 5
========================================================================
Received Import Request.
  Time of request: 2026-09-19T15:00:22.4563685Z
  Time since last request: 0.0841597 seconds.
  importAddress: GUID: 149e37d5faf2b2a4099fb209bbd38113 - Path: Packages/com.unity.collab-proxy/Editor/ParentWindow.cs - Importer: ScriptedImporter/UnityEditor.QuickSearchModule:UnityEditor.Search:ASIAI0B
Importing 'GUID: 149e37d5faf2b2a4099fb209bbd38113 - Path: Packages/com.unity.collab-proxy/Editor/ParentWindow.cs - Importer: ScriptedImporter/UnityEditor.QuickSearchModule:UnityEditor.Search:ASIAI0B' with importer (ScriptedImporter : UnityEditor.QuickSearchModule:UnityEditor.Search:ASIAI0B)
Imported 'GUID: 149e37d5faf2b2a4099fb209bbd38113' -> (Import Result ID: '1dd4e03764e7dde4aa38936f69bcb211') in 0.206 seconds [static and dynamic dependencies]. Details - ImportResultOutputID=c32244324ba52abc8e6e316d5764dbdd DependenciesID=168d50d890ace14f1e36eec74aa086fd StaticDependenciesID=d5ff639d308e031ff14a2310a9632105 
Number of updated asset objects reloaded before import = 0
Number of asset objects unloaded after import = 0
========================================================================
Received Import Request.
  Time of request: 2026-09-19T15:00:22.678271Z
  Time since last request: 0.002096 seconds.
  importAddress: GUID: 7b85d37b2f076804f8b93f821d6ff88e - Path: Packages/com.unity.collab-proxy/Editor/SwitchUVCSPlugin.cs - Importer: ScriptedImporter/UnityEditor.QuickSearchModule:UnityEditor.Search:ASIAI0B
Importing 'GUID: 7b85d37b2f076804f8b93f821d6ff88e - Path: Packages/com.unity.collab-proxy/Editor/SwitchUVCSPlugin.cs - Importer: ScriptedImporter/UnityEditor.QuickSearchModule:UnityEditor.Search:ASIAI0B' with importer (ScriptedImporter : UnityEditor.QuickSearchModule:UnityEditor.Search:ASIAI0B)
Imported 'GUID: 7b85d37b2f076804f8b93f821d6ff88e' -> (Import Result ID: '23423a2797254bbfd19dad44ed44e490') in 0.003 seconds [static and dynamic dependencies]. Details - ImportResultOutputID=79a77bb12d060c42f659c10373387028 DependenciesID=acda3502ea9c16fbefd24b2f4c4e987c StaticDependenciesID=4115c647906fc61ec2c848251911e1ec 
Number of updated asset objects reloaded before import = 0
Number of asset objects unloaded after import = 0
========================================================================
Received Import Request.
  Time of request: 2026-09-19T15:00:22.7156976Z
  Time since last request: 0.0101307 seconds.
  importAddress: GUID: d7093db72592417cb57b7bd64a17ecff - Path: Packages/com.unity.collab-proxy/Editor/Execute.cs - Importer: ScriptedImporter/UnityEditor.QuickSearchModule:UnityEditor.Search:ASIAI0B
Importing 'GUID: d7093db72592417cb57b7bd64a17ecff - Path: Packages/com.unity.collab-proxy/Editor/Execute.cs - Importer: ScriptedImporter/UnityEditor.QuickSearchModule:UnityEditor.Search:ASIAI0B' with importer (ScriptedImporter : UnityEditor.QuickSearchModule:UnityEditor.Search:ASIAI0B)
Imported 'GUID: d7093db72592417cb57b7bd64a17ecff' -> (Import Result ID: 'e45c12e38cf14b4c9dfe38d9d9364cd8') in 0.003 seconds [static and dynamic dependencies]. Details - ImportResultOutputID=1beacf353902c67f158cd94369ee129c DependenciesID=bc6d2ae081f146b97f0c7507e3cce71c StaticDependenciesID=ac2533e2014828b46a17b3e549bc491a 
Number of updated asset objects reloaded before import = 0
Number of asset objects unloaded after import = 0
========================================================================
Received Import Request.
  Time of request: 2026-09-19T15:00:22.7482182Z
  Time since last request: 0.0006707 seconds.
  importAddress: GUID: b797ab877d324fafbfb2f81daee694ea - Path: Packages/com.unity.collab-proxy/Editor/StackTraceChecker.cs - Importer: ScriptedImporter/UnityEditor.QuickSearchModule:UnityEditor.Search:ASIAI0B
Importing 'GUID: b797ab877d324fafbfb2f81daee694ea - Path: Packages/com.unity.collab-proxy/Editor/StackTraceChecker.cs - Importer: ScriptedImporter/UnityEditor.QuickSearchModule:UnityEditor.Search:ASIAI0B' with importer (ScriptedImporter : UnityEditor.QuickSearchModule:UnityEditor.Search:ASIAI0B)
Imported 'GUID: b797ab877d324fafbfb2f81daee694ea' -> (Import Result ID: 'af6a5c9a75e702b31598a97805f0b4a3') in 0.004 seconds [static and dynamic dependencies]. Details - ImportResultOutputID=8e0faa4d42dc0489955171aee6ae456b DependenciesID=64218bac327a7d2ae138b53c5ee229bb StaticDependenciesID=f21359460aceb3353534f55e0c870508 
Number of updated asset objects reloaded before import = 0
Number of asset objects unloaded after import = 0
========================================================================
Received Import Request.
  Time of request: 2026-09-19T15:00:22.7708901Z
  Time since last request: 0.000546 seconds.
  importAddress: GUID: cd17bd02643083b43bac72747b7641ff - Path: Packages/com.unity.collab-proxy/Editor/IncomingChanges.cs - Importer: ScriptedImporter/UnityEditor.QuickSearchModule:UnityEditor.Search:ASIAI0B
Importing 'GUID: cd17bd02643083b43bac72747b7641ff - Path: Packages/com.unity.collab-proxy/Editor/IncomingChanges.cs - Importer: ScriptedImporter/UnityEditor.QuickSearchModule:UnityEditor.Search:ASIAI0B' with importer (ScriptedImporter : UnityEditor.QuickSearchModule:UnityEditor.Search:ASIAI0B)
Imported 'GUID: cd17bd02643083b43bac72747b7641ff' -> (Import Result ID: '973ec6d5f4c8875d15a11672c7e49f6f') in 0.003 seconds [static and dynamic dependencies]. Details - ImportResultOutputID=add4562fbaa3bf81550b8c2c069e9483 DependenciesID=001e8b4cc9ca5fd05571d7011004b893 StaticDependenciesID=fabcd410094a15197c5e6d134ac4255d 
Number of updated asset objects reloaded before import = 0
Number of asset objects unloaded after import = 0
========================================================================
Received Import Request.
  Time of request: 2026-09-19T15:00:22.7911297Z
  Time since last request: 0.0005376 seconds.
  importAddress: GUID: 0871efd99e5c46ed90fdb02d5e69df2d - Path: Packages/com.unity.collab-proxy/Editor/UnityObjectInstance.cs - Importer: ScriptedImporter/UnityEditor.QuickSearchModule:UnityEditor.Search:ASIAI0B
Importing 'GUID: 0871efd99e5c46ed90fdb02d5e69df2d - Path: Packages/com.unity.collab-proxy/Editor/UnityObjectInstance.cs - Importer: ScriptedImporter/UnityEditor.QuickSearchModule:UnityEditor.Search:ASIAI0B' with importer (ScriptedImporter : UnityEditor.QuickSearchModule:UnityEditor.Search:ASIAI0B)
Imported 'GUID: 0871efd99e5c46ed90fdb02d5e69df2d' -> (Import Result ID: 'f400f086f9d32f090f164aa664c2a2af') in 0.003 seconds [static and dynamic dependencies]. Details - ImportResultOutputID=a107b8659be07446c7e739cb517871a8 DependenciesID=fbad316d22e74c88d39f0ff2f623c249 StaticDependenciesID=a994089fe9becc73307961b3cc0b33ec 
Number of updated asset objects reloaded before import = 0
Number of asset objects unloaded after import = 0
========================================================================
Received Import Request.
  Time of request: 2026-09-19T15:00:22.8103004Z
  Time since last request: 0.0006903 seconds.
  importAddress: GUID: 4af85446b06bf694a966f280918beb31 - Path: Packages/com.unity.collab-proxy/Editor/GetRelativePath.cs - Importer: ScriptedImporter/UnityEditor.QuickSearchModule:UnityEditor.Search:ASIAI0B
Importing 'GUID: 4af85446b06bf694a966f280918beb31 - Path: Packages/com.unity.collab-proxy/Editor/GetRelativePath.cs - Importer: ScriptedImporter/UnityEditor.QuickSearchModule:UnityEditor.Search:ASIAI0B' with importer (ScriptedImporter : UnityEditor.QuickSearchModule:UnityEditor.Search:ASIAI0B)
Imported 'GUID: 4af85446b06bf694a966f280918beb31' -> (Import Result ID: '58ae2d6c3a9469d86160552458a8b716') in 0.004 seconds [static and dynamic dependencies]. Details - ImportResultOutputID=87c328a02b4f1b603af5ef888fc99ca8 DependenciesID=4b20d722251c0aacd0ed9eed3391953a StaticDependenciesID=b6aee5d23b014244edd502d4cb8beeb4 
Number of updated asset objects reloaded before import = 0
Number of asset objects unloaded after import = 0
========================================================================
Received Import Request.
  Time of request: 2026-09-19T15:00:22.8313127Z
  Time since last request: 0.0007072 seconds.
  importAddress: GUID: 69e7ab73923f93149821ac3a88b84856 - Path: Assets/TutorialInfo/StyleSheets/ReadmeEditorLight.uss - Importer: ScriptedImporter/UnityEditor.QuickSearchModule:UnityEditor.Search:ASIAI0B
Importing 'GUID: 69e7ab73923f93149821ac3a88b84856 - Path: Assets/TutorialInfo/StyleSheets/ReadmeEditorLight.uss - Importer: ScriptedImporter/UnityEditor.QuickSearchModule:UnityEditor.Search:ASIAI0B' with importer (ScriptedImporter : UnityEditor.QuickSearchModule:UnityEditor.Search:ASIAI0B)
Imported 'GUID: 69e7ab73923f93149821ac3a88b84856' -> (Import Result ID: '5d418f93a452b11f52c79cdd11383798') in 0.059 seconds [static and dynamic dependencies]. Details - ImportResultOutputID=c4c0b6a52a8957cfc1b53d626dff7c8f DependenciesID=8a7c4194fbd90c50df9c2ceab2dd8a83 StaticDependenciesID=8ee090c7842f9407858f95dc674a1c21 
Number of updated asset objects reloaded before import = 0
Number of asset objects unloaded after import = 1
========================================================================
Received Import Request.
  Time of request: 2026-09-19T15:00:22.9078138Z
  Time since last request: 0.0005495 seconds.
  importAddress: GUID: 339ab94297b6ceb4da9223a1504a917d - Path: Packages/com.unity.collab-proxy/Editor/ProjectPackages.cs - Importer: ScriptedImporter/UnityEditor.QuickSearchModule:UnityEditor.Search:ASIAI0B
Importing 'GUID: 339ab94297b6ceb4da9223a1504a917d - Path: Packages/com.unity.collab-proxy/Editor/ProjectPackages.cs - Importer: ScriptedImporter/UnityEditor.QuickSearchModule:UnityEditor.Search:ASIAI0B' with importer (ScriptedImporter : UnityEditor.QuickSearchModule:UnityEditor.Search:ASIAI0B)
Imported 'GUID: 339ab94297b6ceb4da9223a1504a917d' -> (Import Result ID: 'e1e03daeb579b739cf5e86b455ff7694') in 0.005 seconds [static and dynamic dependencies]. Details - ImportResultOutputID=9fca3f1568059b2f12479b36fa0559f5 DependenciesID=5caed98b554f50e6ce6ae625a53c9c40 StaticDependenciesID=a589abd4fc465b763a1319e4d15e2b9d 
Number of updated asset objects reloaded before import = 0
Number of asset objects unloaded after import = 0
========================================================================
Received Import Request.
  Time of request: 2026-09-19T15:00:22.9319115Z
  Time since last request: 0.0026468 seconds.
  importAddress: GUID: eabc9546105bf4accac1fd62a63e88e6 - Path: Assets/TutorialInfo/Layout.wlt - Importer: ScriptedImporter/UnityEditor.QuickSearchModule:UnityEditor.Search:ASIAI0B
Importing 'GUID: eabc9546105bf4accac1fd62a63e88e6 - Path: Assets/TutorialInfo/Layout.wlt - Importer: ScriptedImporter/UnityEditor.QuickSearchModule:UnityEditor.Search:ASIAI0B' with importer (ScriptedImporter : UnityEditor.QuickSearchModule:UnityEditor.Search:ASIAI0B)
Imported 'GUID: eabc9546105bf4accac1fd62a63e88e6' -> (Import Result ID: 'd5b460ed3f916b63070cb0c2abef2ae9') in 0.003 seconds [static and dynamic dependencies]. Details - ImportResultOutputID=4ba74bdddaad02fe2c0b9fef7e0885d5 DependenciesID=17ec7f799c78c988fb436434c88cbff4 StaticDependenciesID=f528167079197e92150a6dfffceb84a3 
Number of updated asset objects reloaded before import = 0
Number of asset objects unloaded after import = 1
========================================================================
Received Import Request.
  Time of request: 2026-09-19T15:00:22.9562299Z
  Time since last request: 0.0006073 seconds.
  importAddress: GUID: e7dc580933b555942b2f89a14ca659f1 - Path: Packages/com.unity.collab-proxy/Editor/IntSetting.cs - Importer: ScriptedImporter/UnityEditor.QuickSearchModule:UnityEditor.Search:ASIAI0B
Importing 'GUID: e7dc580933b555942b2f89a14ca659f1 - Path: Packages/com.unity.collab-proxy/Editor/IntSetting.cs - Importer: ScriptedImporter/UnityEditor.QuickSearchModule:UnityEditor.Search:ASIAI0B' with importer (ScriptedImporter : UnityEditor.QuickSearchModule:UnityEditor.Search:ASIAI0B)
Imported 'GUID: e7dc580933b555942b2f89a14ca659f1' -> (Import Result ID: '469749a151854d7dc43f5f39492aadf5') in 0.003 seconds [static and dynamic dependencies]. Details - ImportResultOutputID=1dc10eb3ffebbc7b58a0657ea1b4a203 DependenciesID=2ade88df9512980d50b4eff1b10fe7de StaticDependenciesID=cc2793115e44bd5d8945e310820f469a 
Number of updated asset objects reloaded before import = 0
Number of asset objects unloaded after import = 0
========================================================================
Received Import Request.
  Time of request: 2026-09-19T15:00:22.9749838Z
  Time since last request: 0.0006017 seconds.
  importAddress: GUID: fd38ef4911274f9987bb1282281fa3df - Path: Packages/com.unity.collab-proxy/Editor/LaunchPackageManager.cs - Importer: ScriptedImporter/UnityEditor.QuickSearchModule:UnityEditor.Search:ASIAI0B
Importing 'GUID: fd38ef4911274f9987bb1282281fa3df - Path: Packages/com.unity.collab-proxy/Editor/LaunchPackageManager.cs - Importer: ScriptedImporter/UnityEditor.QuickSearchModule:UnityEditor.Search:ASIAI0B' with importer (ScriptedImporter : UnityEditor.QuickSearchModule:UnityEditor.Search:ASIAI0B)
Imported 'GUID: fd38ef4911274f9987bb1282281fa3df' -> (Import Result ID: '7474e6d7076bacd14e2b2a2024728552') in 0.003 seconds [static and dynamic dependencies]. Details - ImportResultOutputID=79ed7c4e5596863fcca72d84264f97bc DependenciesID=7beac376e6a125b4af4b947296a7df36 StaticDependenciesID=6df6f480885e1f2c1fa80714315258c2 
Number of updated asset objects reloaded before import = 0
Number of asset objects unloaded after import = 0
========================================================================
Received Import Request.
  Time of request: 2026-09-19T15:00:22.9957121Z
  Time since last request: 0.0007075 seconds.
  importAddress: GUID: ab09877e2e707104187f6f83e2f62510 - Path: Assets/Settings/DefaultVolumeProfile.asset - Importer: ScriptedImporter/UnityEditor.QuickSearchModule:UnityEditor.Search:ASIAI0B
Importing 'GUID: ab09877e2e707104187f6f83e2f62510 - Path: Assets/Settings/DefaultVolumeProfile.asset - Importer: ScriptedImporter/UnityEditor.QuickSearchModule:UnityEditor.Search:ASIAI0B' with importer (ScriptedImporter : UnityEditor.QuickSearchModule:UnityEditor.Search:ASIAI0B)
Imported 'GUID: ab09877e2e707104187f6f83e2f62510' -> (Import Result ID: '413e3636741b821d9e45965b1faae86d') in 0.013 seconds [static and dynamic dependencies]. Details - ImportResultOutputID=616631cc316cf5600d9fa06e903d9303 DependenciesID=a2fadea2bb385c030276701ebf0755f1 StaticDependenciesID=ab70e7b902bbdef883fa6353e2e7897b 
Number of updated asset objects reloaded before import = 0
Number of asset objects unloaded after import = 1
========================================================================
Received Import Request.
  Time of request: 2026-09-19T15:00:23.0257889Z
  Time since last request: 0.0006404 seconds.
  importAddress: GUID: 193169bf9ce845319ec19a5beb1f3afb - Path: Packages/com.unity.collab-proxy/Editor/RecommendToEnableManualCheckout.cs - Importer: ScriptedImporter/UnityEditor.QuickSearchModule:UnityEditor.Search:ASIAI0B
Importing 'GUID: 193169bf9ce845319ec19a5beb1f3afb - Path: Packages/com.unity.collab-proxy/Editor/RecommendToEnableManualCheckout.cs - Importer: ScriptedImporter/UnityEditor.QuickSearchModule:UnityEditor.Search:ASIAI0B' with importer (ScriptedImporter : UnityEditor.QuickSearchModule:UnityEditor.Search:ASIAI0B)
Imported 'GUID: 193169bf9ce845319ec19a5beb1f3afb' -> (Import Result ID: '3d89e0335038807283be8877fd494385') in 0.004 seconds [static and dynamic dependencies]. Details - ImportResultOutputID=2dd944910323e92f37de2a887ee9ceb1 DependenciesID=45e8d23f17b99883cf568e516e59598e StaticDependenciesID=b18d39a65b3281ae356bdc4ee7a81cda 
Number of updated asset objects reloaded before import = 0
Number of asset objects unloaded after import = 0
========================================================================
Received Import Request.
  Time of request: 2026-09-19T15:00:23.0458473Z
  Time since last request: 0.0006304 seconds.
  importAddress: GUID: 12c73b1c758dc2d43adb107dadd988da - Path: Packages/com.unity.collab-proxy/Editor/UVCSPluginIsEnabledPreference.cs - Importer: ScriptedImporter/UnityEditor.QuickSearchModule:UnityEditor.Search:ASIAI0B
Importing 'GUID: 12c73b1c758dc2d43adb107dadd988da - Path: Packages/com.unity.collab-proxy/Editor/UVCSPluginIsEnabledPreference.cs - Importer: ScriptedImporter/UnityEditor.QuickSearchModule:UnityEditor.Search:ASIAI0B' with importer (ScriptedImporter : UnityEditor.QuickSearchModule:UnityEditor.Search:ASIAI0B)
Imported 'GUID: 12c73b1c758dc2d43adb107dadd988da' -> (Import Result ID: 'cebf903c64b061201dbc8cac04e2fb1f') in 0.003 seconds [static and dynamic dependencies]. Details - ImportResultOutputID=8eda9380fdc4dfcd3c1a7fd845bbd619 DependenciesID=07a5f84b025424630325d91f7b0499a0 StaticDependenciesID=c197cecbc3d79277a9544bffc2ce444a 
Number of updated asset objects reloaded before import = 0
Number of asset objects unloaded after import = 0
========================================================================
Received Import Request.
  Time of request: 2026-09-19T15:00:23.0658413Z
  Time since last request: 0.0005729 seconds.
  importAddress: GUID: ca17c170df6db5042b70adc65fbe770c - Path: Packages/com.unity.collab-proxy/Editor/UVCSMenuItem.cs - Importer: ScriptedImporter/UnityEditor.QuickSearchModule:UnityEditor.Search:ASIAI0B
Importing 'GUID: ca17c170df6db5042b70adc65fbe770c - Path: Packages/com.unity.collab-proxy/Editor/UVCSMenuItem.cs - Importer: ScriptedImporter/UnityEditor.QuickSearchModule:UnityEditor.Search:ASIAI0B' with importer (ScriptedImporter : UnityEditor.QuickSearchModule:UnityEditor.Search:ASIAI0B)
Imported 'GUID: ca17c170df6db5042b70adc65fbe770c' -> (Import Result ID: 'ff96ddc5df6f72fa0f4638674efe0698') in 0.003 seconds [static and dynamic dependencies]. Details - ImportResultOutputID=3b33cecf4b36064d19278167946accbd DependenciesID=6e3b784ee971d0b35a0c6840c5304d69 StaticDependenciesID=ab71a3d7e988b28788fbbb86fe6dace5 
Number of updated asset objects reloaded before import = 0
Number of asset objects unloaded after import = 0
========================================================================
Received Import Request.
  Time of request: 2026-09-19T15:00:23.0862632Z
  Time since last request: 0.0007055 seconds.
  importAddress: GUID: 52a2c019761d4f74ea3dbdaa0d889673 - Path: Packages/com.unity.collab-proxy/LICENSE.md - Importer: ScriptedImporter/UnityEditor.QuickSearchModule:UnityEditor.Search:ASIAI0B
Importing 'GUID: 52a2c019761d4f74ea3dbdaa0d889673 - Path: Packages/com.unity.collab-proxy/LICENSE.md - Importer: ScriptedImporter/UnityEditor.QuickSearchModule:UnityEditor.Search:ASIAI0B' with importer (ScriptedImporter : UnityEditor.QuickSearchModule:UnityEditor.Search:ASIAI0B)
Imported 'GUID: 52a2c019761d4f74ea3dbdaa0d889673' -> (Import Result ID: '05b714a0f89ffc97f591f4c1639790a0') in 0.009 seconds [static and dynamic dependencies]. Details - ImportResultOutputID=f416f626821ea42d5397dafba91cfa4c DependenciesID=94eeede2352ca25afa30d35ec2bd9574 StaticDependenciesID=e22d78d1ceba337b4f70d71dc85c5412 
Number of updated asset objects reloaded before import = 0
Number of asset objects unloaded after import = 1
========================================================================
Received Import Request.
  Time of request: 2026-09-19T15:00:23.113757Z
  Time since last request: 0.0005922 seconds.
  importAddress: GUID: 5be77ef41db4cc24a82cd1eca7456b5a - Path: Packages/com.unity.collab-proxy/Editor/BoolSetting.cs - Importer: ScriptedImporter/UnityEditor.QuickSearchModule:UnityEditor.Search:ASIAI0B
Importing 'GUID: 5be77ef41db4cc24a82cd1eca7456b5a - Path: Packages/com.unity.collab-proxy/Editor/BoolSetting.cs - Importer: ScriptedImporter/UnityEditor.QuickSearchModule:UnityEditor.Search:ASIAI0B' with importer (ScriptedImporter : UnityEditor.QuickSearchModule:UnityEditor.Search:ASIAI0B)
Imported 'GUID: 5be77ef41db4cc24a82cd1eca7456b5a' -> (Import Result ID: '4d028e8561dfd4be43493f5f12b3c8ac') in 0.004 seconds [static and dynamic dependencies]. Details - ImportResultOutputID=277d9392c401bb39f2a8e43e63bb507c DependenciesID=82f1d7489fe33fa649fba944563e389f StaticDependenciesID=36d937cff633956353f8a27cb07144b0 
Number of updated asset objects reloaded before import = 0
Number of asset objects unloaded after import = 0
========================================================================
Received Import Request.
  Time of request: 2026-09-19T15:00:23.135846Z
  Time since last request: 0.0006208 seconds.
  importAddress: GUID: d840e39b62104a49b973d5503477c555 - Path: Packages/com.unity.collab-proxy/Editor/OrganizationsInformation.cs - Importer: ScriptedImporter/UnityEditor.QuickSearchModule:UnityEditor.Search:ASIAI0B
Importing 'GUID: d840e39b62104a49b973d5503477c555 - Path: Packages/com.unity.collab-proxy/Editor/OrganizationsInformation.cs - Importer: ScriptedImporter/UnityEditor.QuickSearchModule:UnityEditor.Search:ASIAI0B' with importer (ScriptedImporter : UnityEditor.QuickSearchModule:UnityEditor.Search:ASIAI0B)
Imported 'GUID: d840e39b62104a49b973d5503477c555' -> (Import Result ID: '8abd124579020e933982f785f143e63d') in 0.003 seconds [static and dynamic dependencies]. Details - ImportResultOutputID=9e381b40a1b522bf1f179db0286f8cd0 DependenciesID=2135a9a45d5ba0b6f9f946d6029f3f73 StaticDependenciesID=b98e340bbd2f48dfd831fb0185a6767d 
Number of updated asset objects reloaded before import = 0
Number of asset objects unloaded after import = 0
========================================================================
Received Import Request.
  Time of request: 2026-09-19T15:00:23.1571064Z
  Time since last request: 0.0005847 seconds.
  importAddress: GUID: 476cc7d7cd9874016adc216baab94a0a - Path: Assets/TutorialInfo/Editor/ReadmeEditor.cs - Importer: ScriptedImporter/UnityEditor.QuickSearchModule:UnityEditor.Search:ASIAI0B
Importing 'GUID: 476cc7d7cd9874016adc216baab94a0a - Path: Assets/TutorialInfo/Editor/ReadmeEditor.cs - Importer: ScriptedImporter/UnityEditor.QuickSearchModule:UnityEditor.Search:ASIAI0B' with importer (ScriptedImporter : UnityEditor.QuickSearchModule:UnityEditor.Search:ASIAI0B)
Imported 'GUID: 476cc7d7cd9874016adc216baab94a0a' -> (Import Result ID: 'c6ce1ce9ab8dcf79b208479b0eea9166') in 0.003 seconds [static and dynamic dependencies]. Details - ImportResultOutputID=592cc61d7c07fe9fa9a9436c19db01e5 DependenciesID=1e7dc6e90635fce422d11da93a227c0e StaticDependenciesID=c315cf64e6beff3c36f872be974a499e 
Number of updated asset objects reloaded before import = 0
Number of asset objects unloaded after import = 0
========================================================================
Received Import Request.
  Time of request: 2026-09-19T15:00:23.1778293Z
  Time since last request: 0.000588 seconds.
  importAddress: GUID: 1e089ef91cc04ecda860ed0dda02a46f - Path: Packages/com.unity.collab-proxy/Editor/QueryVisualElementsExtensions.cs - Importer: ScriptedImporter/UnityEditor.QuickSearchModule:UnityEditor.Search:ASIAI0B
Importing 'GUID: 1e089ef91cc04ecda860ed0dda02a46f - Path: Packages/com.unity.collab-proxy/Editor/QueryVisualElementsExtensions.cs - Importer: ScriptedImporter/UnityEditor.QuickSearchModule:UnityEditor.Search:ASIAI0B' with importer (ScriptedImporter : UnityEditor.QuickSearchModule:UnityEditor.Search:ASIAI0B)
Imported 'GUID: 1e089ef91cc04ecda860ed0dda02a46f' -> (Import Result ID: '3a0379676b00a9c07f2b7a25409ec035') in 0.003 seconds [static and dynamic dependencies]. Details - ImportResultOutputID=89728bd1d9ad48375c746eed1123d76d DependenciesID=2b9978e7d9d3ef4ca2a2c3abc6eb22d9 StaticDependenciesID=cea9f67f5b50001ebc988eabdb2c84f4 
Number of updated asset objects reloaded before import = 0
Number of asset objects unloaded after import = 0
========================================================================
Received Import Request.
  Time of request: 2026-09-19T15:00:23.199807Z
  Time since last request: 0.0006458 seconds.
  importAddress: GUID: 699b33b09648b5641b12384ac691546d - Path: Packages/com.unity.collab-proxy/Editor/FindWorkspace.cs - Importer: ScriptedImporter/UnityEditor.QuickSearchModule:UnityEditor.Search:ASIAI0B
Importing 'GUID: 699b33b09648b5641b12384ac691546d - Path: Packages/com.unity.collab-proxy/Editor/FindWorkspace.cs - Importer: ScriptedImporter/UnityEditor.QuickSearchModule:UnityEditor.Search:ASIAI0B' with importer (ScriptedImporter : UnityEditor.QuickSearchModule:UnityEditor.Search:ASIAI0B)
Imported 'GUID: 699b33b09648b5641b12384ac691546d' -> (Import Result ID: '5d4829a58396b5e89c5f0579d594fb32') in 0.003 seconds [static and dynamic dependencies]. Details - ImportResultOutputID=78ed26a6925e38f7ebd4a68430397478 DependenciesID=9519cc96e4cf26db3b93b7e7fe18aa2c StaticDependenciesID=8ec5aa7beda592695783d0936d047162 
Number of updated asset objects reloaded before import = 0
Number of asset objects unloaded after import = 0
========================================================================
Received Import Request.
  Time of request: 2026-09-19T15:00:23.2202425Z
  Time since last request: 0.0005812 seconds.
  importAddress: GUID: 727a75301c3d24613a3ebcec4a24c2c8 - Path: Assets/TutorialInfo/Icons/URP.png - Importer: ScriptedImporter/UnityEditor.QuickSearchModule:UnityEditor.Search:ASIAI0B
Importing 'GUID: 727a75301c3d24613a3ebcec4a24c2c8 - Path: Assets/TutorialInfo/Icons/URP.png - Importer: ScriptedImporter/UnityEditor.QuickSearchModule:UnityEditor.Search:ASIAI0B' with importer (ScriptedImporter : UnityEditor.QuickSearchModule:UnityEditor.Search:ASIAI0B)
Imported 'GUID: 727a75301c3d24613a3ebcec4a24c2c8' -> (Import Result ID: 'cf8f32000250467dc3d81d60b80a32ec') in 0.070 seconds [static and dynamic dependencies]. Details - ImportResultOutputID=90eb8cd92c26220a734420d0d9c27dee DependenciesID=a785c6c8209dc024a293e787f7872707 StaticDependenciesID=b4263074613837617e94928885a17057 
Number of updated asset objects reloaded before import = 0
Number of asset objects unloaded after import = 1
========================================================================
Received Import Request.
  Time of request: 2026-09-19T15:00:23.3087328Z
  Time since last request: 0.000771 seconds.
  importAddress: GUID: 65bc7dbf4170f435aa868c779acfb082 - Path: Assets/Settings/Mobile_Renderer.asset - Importer: ScriptedImporter/UnityEditor.QuickSearchModule:UnityEditor.Search:ASIAI0B
Importing 'GUID: 65bc7dbf4170f435aa868c779acfb082 - Path: Assets/Settings/Mobile_Renderer.asset - Importer: ScriptedImporter/UnityEditor.QuickSearchModule:UnityEditor.Search:ASIAI0B' with importer (ScriptedImporter : UnityEditor.QuickSearchModule:UnityEditor.Search:ASIAI0B)
Imported 'GUID: 65bc7dbf4170f435aa868c779acfb082' -> (Import Result ID: '71ca4c6ed849bc5754224cf84d621b9c') in 0.053 seconds [static and dynamic dependencies]. Details - ImportResultOutputID=4ab56a2b4379893456d8433480f509ee DependenciesID=a7c730cd39f9d76d5117d7e538953845 StaticDependenciesID=b54131b62d32bd74915f63b401879614 
Number of updated asset objects reloaded before import = 0
Number of asset objects unloaded after import = 1
========================================================================
Received Import Request.
  Time of request: 2026-09-19T15:00:23.4017635Z
  Time since last request: 0.0006552 seconds.
  importAddress: GUID: 47777d81697d65f45befb6ccd55b2324 - Path: Packages/com.unity.collab-proxy/CHANGELOG.md - Importer: ScriptedImporter/UnityEditor.QuickSearchModule:UnityEditor.Search:ASIAI0B
Importing 'GUID: 47777d81697d65f45befb6ccd55b2324 - Path: Packages/com.unity.collab-proxy/CHANGELOG.md - Importer: ScriptedImporter/UnityEditor.QuickSearchModule:UnityEditor.Search:ASIAI0B' with importer (ScriptedImporter : UnityEditor.QuickSearchModule:UnityEditor.Search:ASIAI0B)
Imported 'GUID: 47777d81697d65f45befb6ccd55b2324' -> (Import Result ID: '3c9af5eaab0c83334ed8fa04cd8df764') in 0.010 seconds [static and dynamic dependencies]. Details - ImportResultOutputID=95f191ef3e3dbcc814e47d1aed53680d DependenciesID=b6bfd45a8cc831462408414f043b515e StaticDependenciesID=60858b75364c12205d38aefa12901a29 
Number of updated asset objects reloaded before import = 0
Number of asset objects unloaded after import = 1
========================================================================
Received Import Request.
  Time of request: 2026-09-19T15:00:23.4294102Z
  Time since last request: 0.0005203 seconds.
  importAddress: GUID: 9019d1f6d4a14cb49a269dbffb6ea011 - Path: Packages/com.unity.collab-proxy/Editor/UVCSConnectionMonitor.cs - Importer: ScriptedImporter/UnityEditor.QuickSearchModule:UnityEditor.Search:ASIAI0B
Importing 'GUID: 9019d1f6d4a14cb49a269dbffb6ea011 - Path: Packages/com.unity.collab-proxy/Editor/UVCSConnectionMonitor.cs - Importer: ScriptedImporter/UnityEditor.QuickSearchModule:UnityEditor.Search:ASIAI0B' with importer (ScriptedImporter : UnityEditor.QuickSearchModule:UnityEditor.Search:ASIAI0B)
Imported 'GUID: 9019d1f6d4a14cb49a269dbffb6ea011' -> (Import Result ID: 'c2366e65db0bb8dd2ee708ea5f656bbb') in 0.003 seconds [static and dynamic dependencies]. Details - ImportResultOutputID=fd8425d84aeed2dbd58536d5356cbdb1 DependenciesID=a54f66ebd9c679de6ed8a2bd74cc5681 StaticDependenciesID=f8992b649cfa636054f3a697ddc60247 
Number of updated asset objects reloaded before import = 0
Number of asset objects unloaded after import = 0
========================================================================
Received Import Request.
  Time of request: 2026-09-19T15:00:23.4477289Z
  Time since last request: 0.0008298 seconds.
  importAddress: GUID: d34814c3809c4b6a9d1514a2ec97f38b - Path: Packages/com.unity.collab-proxy/Editor/AppDomainHandler.cs - Importer: ScriptedImporter/UnityEditor.QuickSearchModule:UnityEditor.Search:ASIAI0B
Importing 'GUID: d34814c3809c4b6a9d1514a2ec97f38b - Path: Packages/com.unity.collab-proxy/Editor/AppDomainHandler.cs - Importer: ScriptedImporter/UnityEditor.QuickSearchModule:UnityEditor.Search:ASIAI0B' with importer (ScriptedImporter : UnityEditor.QuickSearchModule:UnityEditor.Search:ASIAI0B)
Imported 'GUID: d34814c3809c4b6a9d1514a2ec97f38b' -> (Import Result ID: 'ccba34bf87806fce4cc30ebff76a2bb5') in 0.003 seconds [static and dynamic dependencies]. Details - ImportResultOutputID=ca816f675b2030de794dc5002e0c432f DependenciesID=6778e8469ff5760d678fc005e57cefd4 StaticDependenciesID=e41d6859d24a2cd9a90bb765aa5891e3 
Number of updated asset objects reloaded before import = 0
Number of asset objects unloaded after import = 0
========================================================================
Received Import Request.
  Time of request: 2026-09-19T15:00:23.4727481Z
  Time since last request: 0.0005767 seconds.
  importAddress: GUID: c10740cd62ccaf54c8880da0a3f4d10f - Path: Packages/com.unity.collab-proxy/README.md - Importer: ScriptedImporter/UnityEditor.QuickSearchModule:UnityEditor.Search:ASIAI0B
Importing 'GUID: c10740cd62ccaf54c8880da0a3f4d10f - Path: Packages/com.unity.collab-proxy/README.md - Importer: ScriptedImporter/UnityEditor.QuickSearchModule:UnityEditor.Search:ASIAI0B' with importer (ScriptedImporter : UnityEditor.QuickSearchModule:UnityEditor.Search:ASIAI0B)
Imported 'GUID: c10740cd62ccaf54c8880da0a3f4d10f' -> (Import Result ID: '2e1576edc9bb34bf04b35110fde9416a') in 0.003 seconds [static and dynamic dependencies]. Details - ImportResultOutputID=6a9aaf5b5d0c47b4784a928f998c195d DependenciesID=4414a3991df6dee3978e920da6dcc684 StaticDependenciesID=e1ce094be7b37b161556fed976706221 
Number of updated asset objects reloaded before import = 0
Number of asset objects unloaded after import = 1
========================================================================
Received Import Request.
  Time of request: 2026-09-19T15:00:23.490457Z
  Time since last request: 0.0006769 seconds.
  importAddress: GUID: d50ac3212a7ff5a4795bf609a2a20350 - Path: Packages/com.unity.collab-proxy/Editor/AssemblyInfo.cs - Importer: ScriptedImporter/UnityEditor.QuickSearchModule:UnityEditor.Search:ASIAI0B
Importing 'GUID: d50ac3212a7ff5a4795bf609a2a20350 - Path: Packages/com.unity.collab-proxy/Editor/AssemblyInfo.cs - Importer: ScriptedImporter/UnityEditor.QuickSearchModule:UnityEditor.Search:ASIAI0B' with importer (ScriptedImporter : UnityEditor.QuickSearchModule:UnityEditor.Search:ASIAI0B)
Imported 'GUID: d50ac3212a7ff5a4795bf609a2a20350' -> (Import Result ID: 'dbd872963686254358927d564e8150cb') in 0.002 seconds [static and dynamic dependencies]. Details - ImportResultOutputID=c740fc4cd45741f8ad44464d08a1961e DependenciesID=16214c3a8061b58b52e36e94abd03bc9 StaticDependenciesID=0db0e0f488d20a223ae86da057a86ac2 
Number of updated asset objects reloaded before import = 0
Number of asset objects unloaded after import = 0
========================================================================
Received Import Request.
  Time of request: 2026-09-19T15:00:23.5063229Z
  Time since last request: 0.0005841 seconds.
  importAddress: GUID: f6aa8eca9e9e84840b73620eb177ea9e - Path: Packages/com.unity.collab-proxy/Editor/CheckWorkspaceTreeNodeStatus.cs - Importer: ScriptedImporter/UnityEditor.QuickSearchModule:UnityEditor.Search:ASIAI0B
Importing 'GUID: f6aa8eca9e9e84840b73620eb177ea9e - Path: Packages/com.unity.collab-proxy/Editor/CheckWorkspaceTreeNodeStatus.cs - Importer: ScriptedImporter/UnityEditor.QuickSearchModule:UnityEditor.Search:ASIAI0B' with importer (ScriptedImporter : UnityEditor.QuickSearchModule:UnityEditor.Search:ASIAI0B)
Imported 'GUID: f6aa8eca9e9e84840b73620eb177ea9e' -> (Import Result ID: 'a3ebc2e0c8a3d30bda9dd0571e2b47b9') in 0.003 seconds [static and dynamic dependencies]. Details - ImportResultOutputID=610c43c1028d41ba55bdcc4dda70e195 DependenciesID=8783c39d62b9641f97a533b8db0025c3 StaticDependenciesID=f61d0a3ac927425591b3fb6561b17927 
Number of updated asset objects reloaded before import = 0
Number of asset objects unloaded after import = 0
========================================================================
Received Import Request.
  Time of request: 2026-09-19T15:00:23.521456Z
  Time since last request: 0.0005997 seconds.
  importAddress: GUID: 10fc4df2da32a41aaa32d77bc913491c - Path: Assets/Settings/SampleSceneProfile.asset - Importer: ScriptedImporter/UnityEditor.QuickSearchModule:UnityEditor.Search:ASIAI0B
Importing 'GUID: 10fc4df2da32a41aaa32d77bc913491c - Path: Assets/Settings/SampleSceneProfile.asset - Importer: ScriptedImporter/UnityEditor.QuickSearchModule:UnityEditor.Search:ASIAI0B' with importer (ScriptedImporter : UnityEditor.QuickSearchModule:UnityEditor.Search:ASIAI0B)
Imported 'GUID: 10fc4df2da32a41aaa32d77bc913491c' -> (Import Result ID: 'bfc1fd2242cde8c49e8af93f4abd9b2a') in 0.006 seconds [static and dynamic dependencies]. Details - ImportResultOutputID=63b89e65084200f8ffb916c239ac5687 DependenciesID=9ce7d114b00c2e65e63e952bb859a6b7 StaticDependenciesID=03e0f380d0e013659de1fcd7c5e3a151 
Number of updated asset objects reloaded before import = 0
Number of asset objects unloaded after import = 1
========================================================================
Received Import Request.
  Time of request: 2026-09-19T15:00:23.5449542Z
  Time since last request: 0.0013634 seconds.
  importAddress: GUID: 0314dccd274f6d14b9aed2d661164330 - Path: Packages/com.unity.collab-proxy/Editor/TestingPreference.cs - Importer: ScriptedImporter/UnityEditor.QuickSearchModule:UnityEditor.Search:ASIAI0B
Importing 'GUID: 0314dccd274f6d14b9aed2d661164330 - Path: Packages/com.unity.collab-proxy/Editor/TestingPreference.cs - Importer: ScriptedImporter/UnityEditor.QuickSearchModule:UnityEditor.Search:ASIAI0B' with importer (ScriptedImporter : UnityEditor.QuickSearchModule:UnityEditor.Search:ASIAI0B)
Imported 'GUID: 0314dccd274f6d14b9aed2d661164330' -> (Import Result ID: '70adeda0c4570b1607a313acf9de7223') in 0.005 seconds [static and dynamic dependencies]. Details - ImportResultOutputID=7a9326445fbae93ab4013216b077f0e9 DependenciesID=e647b02b0da5934301445a4706bc06b3 StaticDependenciesID=12b0a7cd8ccab332673d57c901b80e7d 
Number of updated asset objects reloaded before import = 0
Number of asset objects unloaded after import = 0
========================================================================
Received Import Request.
  Time of request: 2026-09-19T15:00:23.5757495Z
  Time since last request: 0.0009169 seconds.
  importAddress: GUID: b43c91410e1046b58c07a72471ccfd85 - Path: Packages/com.unity.collab-proxy/Editor/HierarchyExtensions.cs - Importer: ScriptedImporter/UnityEditor.QuickSearchModule:UnityEditor.Search:ASIAI0B
Importing 'GUID: b43c91410e1046b58c07a72471ccfd85 - Path: Packages/com.unity.collab-proxy/Editor/HierarchyExtensions.cs - Importer: ScriptedImporter/UnityEditor.QuickSearchModule:UnityEditor.Search:ASIAI0B' with importer (ScriptedImporter : UnityEditor.QuickSearchModule:UnityEditor.Search:ASIAI0B)
Imported 'GUID: b43c91410e1046b58c07a72471ccfd85' -> (Import Result ID: 'd25085984914c5912bb19ecd95933e66') in 0.004 seconds [static and dynamic dependencies]. Details - ImportResultOutputID=930e0e3eeb4b8af6f41719ecb354a2fc DependenciesID=4dff24e1653cd8c830823e0c749aea9f StaticDependenciesID=11570b95ab5137bff0852bc387c7d790 
Number of updated asset objects reloaded before import = 0
Number of asset objects unloaded after import = 0
========================================================================
Received Import Request.
  Time of request: 2026-09-19T15:00:23.6125997Z
  Time since last request: 0.0106207 seconds.
  importAddress: GUID: 052faaac586de48259a63d0c4782560b - Path: Assets/InputSystem_Actions.inputactions - Importer: ScriptedImporter/UnityEditor.QuickSearchModule:UnityEditor.Search:ASIAI0B
Importing 'GUID: 052faaac586de48259a63d0c4782560b - Path: Assets/InputSystem_Actions.inputactions - Importer: ScriptedImporter/UnityEditor.QuickSearchModule:UnityEditor.Search:ASIAI0B' with importer (ScriptedImporter : UnityEditor.QuickSearchModule:UnityEditor.Search:ASIAI0B)
Imported 'GUID: 052faaac586de48259a63d0c4782560b' -> (Import Result ID: '941e1962c39097ee9b11fa1dc69d86b3') in 0.062 seconds [static and dynamic dependencies]. Details - ImportResultOutputID=7a25a894683897911410553534064614 DependenciesID=0440978953b266738fc45f2fcbb60ca2 StaticDependenciesID=772591a7b1a1ac02a381f5a45d64a787 
Number of updated asset objects reloaded before import = 0
Number of asset objects unloaded after import = 22
========================================================================
Received Import Request.
  Time of request: 2026-09-19T15:00:23.7053358Z
  Time since last request: 0.0000375 seconds.
  importAddress: GUID: addeb37e40c540f7be592c1e8198b190 - Path: Packages/com.unity.collab-proxy/Editor/SideBarTreeView.cs - Importer: ScriptedImporter/UnityEditor.QuickSearchModule:UnityEditor.Search:ASIAI0B
Importing 'GUID: addeb37e40c540f7be592c1e8198b190 - Path: Packages/com.unity.collab-proxy/Editor/SideBarTreeView.cs - Importer: ScriptedImporter/UnityEditor.QuickSearchModule:UnityEditor.Search:ASIAI0B' with importer (ScriptedImporter : UnityEditor.QuickSearchModule:UnityEditor.Search:ASIAI0B)
Imported 'GUID: addeb37e40c540f7be592c1e8198b190' -> (Import Result ID: '13c54116cf972f62ae49ed460cfb2e9a') in 0.021 seconds [static and dynamic dependencies]. Details - ImportResultOutputID=5ca0200f62da28b9cb556b608dd4793a DependenciesID=272cdb42348ff17d00c074c6fcb847f2 StaticDependenciesID=9becd61408a452ccff4ff2510918bd72 
Number of updated asset objects reloaded before import = 0
Number of asset objects unloaded after import = 0
========================================================================
Received Import Request.
  Time of request: 2026-09-19T15:00:23.7614328Z
  Time since last request: 0.0020054 seconds.
  importAddress: GUID: 861c52e49f0f474caaeb9f2254cecea3 - Path: Packages/com.unity.collab-proxy/Editor/UnityPlasticDllVersion.cs - Importer: ScriptedImporter/UnityEditor.QuickSearchModule:UnityEditor.Search:ASIAI0B
Importing 'GUID: 861c52e49f0f474caaeb9f2254cecea3 - Path: Packages/com.unity.collab-proxy/Editor/UnityPlasticDllVersion.cs - Importer: ScriptedImporter/UnityEditor.QuickSearchModule:UnityEditor.Search:ASIAI0B' with importer (ScriptedImporter : UnityEditor.QuickSearchModule:UnityEditor.Search:ASIAI0B)
Imported 'GUID: 861c52e49f0f474caaeb9f2254cecea3' -> (Import Result ID: '74547cb7c3d4c7c06cda6e2491979e50') in 0.004 seconds [static and dynamic dependencies]. Details - ImportResultOutputID=37f6932bc9af32e8186be60349f045e3 DependenciesID=72fa7bc6c574aa9bb1b97ea6dc016865 StaticDependenciesID=fc474dda61272f65a9666db0efe7db3b 
Number of updated asset objects reloaded before import = 0
Number of asset objects unloaded after import = 0
========================================================================
Received Import Request.
  Time of request: 2026-09-19T15:00:23.794659Z
  Time since last request: 0.0021834 seconds.
  importAddress: GUID: 4b84427fd7ace4b4cb623ef8a46124ed - Path: Packages/com.unity.collab-proxy/Editor/Unity.PlasticSCM.Editor.asmdef - Importer: ScriptedImporter/UnityEditor.QuickSearchModule:UnityEditor.Search:ASIAI0B
Importing 'GUID: 4b84427fd7ace4b4cb623ef8a46124ed - Path: Packages/com.unity.collab-proxy/Editor/Unity.PlasticSCM.Editor.asmdef - Importer: ScriptedImporter/UnityEditor.QuickSearchModule:UnityEditor.Search:ASIAI0B' with importer (ScriptedImporter : UnityEditor.QuickSearchModule:UnityEditor.Search:ASIAI0B)
Imported 'GUID: 4b84427fd7ace4b4cb623ef8a46124ed' -> (Import Result ID: 'fe7023bd8ab610ea84901741d0d5acd5') in 0.005 seconds [static and dynamic dependencies]. Details - ImportResultOutputID=6ef292446647a8b7c27af90bb4c8bbb2 DependenciesID=f25b5c84b530890ba4cb43d366a9e9e3 StaticDependenciesID=a0b2d0b11ee7355d783312dff17b9448 
Number of updated asset objects reloaded before import = 0
Number of asset objects unloaded after import = 1
========================================================================
Received Import Request.
  Time of request: 2026-09-19T15:00:23.8485492Z
  Time since last request: 0.0004644 seconds.
  importAddress: GUID: 1dc96db8ece508c4696f7e89c2cd11e3 - Path: Packages/com.unity.collab-proxy/Editor/UnityConfigurationChecker.cs - Importer: ScriptedImporter/UnityEditor.QuickSearchModule:UnityEditor.Search:ASIAI0B
Importing 'GUID: 1dc96db8ece508c4696f7e89c2cd11e3 - Path: Packages/com.unity.collab-proxy/Editor/UnityConfigurationChecker.cs - Importer: ScriptedImporter/UnityEditor.QuickSearchModule:UnityEditor.Search:ASIAI0B' with importer (ScriptedImporter : UnityEditor.QuickSearchModule:UnityEditor.Search:ASIAI0B)
Imported 'GUID: 1dc96db8ece508c4696f7e89c2cd11e3' -> (Import Result ID: '614269cd9daff884a4aa92496f17ee56') in 0.004 seconds [static and dynamic dependencies]. Details - ImportResultOutputID=90ea3b1f334240e9f2e038520631724e DependenciesID=51c1761f3f254d0826959561576a5dac StaticDependenciesID=99497fbfaaa6ebeaf7462ad9e9b83d4f 
Number of updated asset objects reloaded before import = 0
Number of asset objects unloaded after import = 0
========================================================================
Received Import Request.
  Time of request: 2026-09-19T15:00:23.8761878Z
  Time since last request: 0.0010253 seconds.
  importAddress: GUID: 8e956137d866cfc4797b1830930ed57e - Path: Packages/com.unity.collab-proxy/Editor/ExternalLink.cs - Importer: ScriptedImporter/UnityEditor.QuickSearchModule:UnityEditor.Search:ASIAI0B
Importing 'GUID: 8e956137d866cfc4797b1830930ed57e - Path: Packages/com.unity.collab-proxy/Editor/ExternalLink.cs - Importer: ScriptedImporter/UnityEditor.QuickSearchModule:UnityEditor.Search:ASIAI0B' with importer (ScriptedImporter : UnityEditor.QuickSearchModule:UnityEditor.Search:ASIAI0B)
Imported 'GUID: 8e956137d866cfc4797b1830930ed57e' -> (Import Result ID: '8ae105deac6892f60ec01466c452b34f') in 0.009 seconds [static and dynamic dependencies]. Details - ImportResultOutputID=b32955a12f193b73413b1fc5e41260b2 DependenciesID=f5aa8ddc2cf1c2692bd8a5d8fa2cb245 StaticDependenciesID=a4ad28f5017e4ef5441548d236500a93 
Number of updated asset objects reloaded before import = 0
Number of asset objects unloaded after import = 0
========================================================================
Received Import Request.
  Time of request: 2026-09-19T15:00:23.9104805Z
  Time since last request: 0.001809 seconds.
  importAddress: GUID: 50503d5b64dbddc48a0bcba68901b3d6 - Path: Packages/com.unity.collab-proxy/Editor/ApplicationDataPath.cs - Importer: ScriptedImporter/UnityEditor.QuickSearchModule:UnityEditor.Search:ASIAI0B
Importing 'GUID: 50503d5b64dbddc48a0bcba68901b3d6 - Path: Packages/com.unity.collab-proxy/Editor/ApplicationDataPath.cs - Importer: ScriptedImporter/UnityEditor.QuickSearchModule:UnityEditor.Search:ASIAI0B' with importer (ScriptedImporter : UnityEditor.QuickSearchModule:UnityEditor.Search:ASIAI0B)
Imported 'GUID: 50503d5b64dbddc48a0bcba68901b3d6' -> (Import Result ID: 'cfede9d3cd85a38de154cd20842a4e7a') in 0.005 seconds [static and dynamic dependencies]. Details - ImportResultOutputID=479454970107ed02ac12e8ec21fdafe2 DependenciesID=2f2219a318fb2e11cbd3082a64824137 StaticDependenciesID=06c19be6f847f76e6300e622fda6423c 
Number of updated asset objects reloaded before import = 0
Number of asset objects unloaded after import = 0
========================================================================
Received Import Request.
  Time of request: 2026-09-19T15:00:23.9471101Z
  Time since last request: 0.0060008 seconds.
  importAddress: GUID: f032fd1e0068a2642abd4fe8e1fd4241 - Path: Packages/com.unity.collab-proxy/Editor/EnumExtensions.cs - Importer: ScriptedImporter/UnityEditor.QuickSearchModule:UnityEditor.Search:ASIAI0B
Importing 'GUID: f032fd1e0068a2642abd4fe8e1fd4241 - Path: Packages/com.unity.collab-proxy/Editor/EnumExtensions.cs - Importer: ScriptedImporter/UnityEditor.QuickSearchModule:UnityEditor.Search:ASIAI0B' with importer (ScriptedImporter : UnityEditor.QuickSearchModule:UnityEditor.Search:ASIAI0B)
Imported 'GUID: f032fd1e0068a2642abd4fe8e1fd4241' -> (Import Result ID: '2ba921224426bca893a9726d231657f1') in 0.005 seconds [static and dynamic dependencies]. Details - ImportResultOutputID=2d9cb4aca2e21d4289281d72fe8a9a1c DependenciesID=1c49a81d3ef97b1a996ba005bbeac6c1 StaticDependenciesID=0a5a6ffa7df650d84fff626efc0a2dae 
Number of updated asset objects reloaded before import = 0
Number of asset objects unloaded after import = 0
========================================================================
Received Import Request.
  Time of request: 2026-09-19T15:00:23.9851595Z
  Time since last request: 0.0010861 seconds.
  importAddress: GUID: 99c9720ab356a0642a771bea13969a05 - Path: Assets/Scenes/SampleScene.unity - Importer: ScriptedImporter/UnityEditor.QuickSearchModule:UnityEditor.Search:ASIAI0B
Importing 'GUID: 99c9720ab356a0642a771bea13969a05 - Path: Assets/Scenes/SampleScene.unity - Importer: ScriptedImporter/UnityEditor.QuickSearchModule:UnityEditor.Search:ASIAI0B' with importer (ScriptedImporter : UnityEditor.QuickSearchModule:UnityEditor.Search:ASIAI0B)
Imported 'GUID: 99c9720ab356a0642a771bea13969a05' -> (Import Result ID: 'fe972b9706c2a1170c4d471760952d00') in 0.010 seconds [static and dynamic dependencies]. Details - ImportResultOutputID=261df6b3da3da06faef4a4c1a0614b25 DependenciesID=4e67accee26304f5ecb5cebc617547d9 StaticDependenciesID=1f5a6e9db91c8ef8b56ec587297c0dfe 
Number of updated asset objects reloaded before import = 0
Number of asset objects unloaded after import = 1
========================================================================
Received Import Request.
  Time of request: 2026-09-19T15:00:24.0186308Z
  Time since last request: 0.0006671 seconds.
  importAddress: GUID: 8c0d4be4ea44a684d957cde781ecb6cc - Path: Packages/com.unity.collab-proxy/Editor/MetaPath.cs - Importer: ScriptedImporter/UnityEditor.QuickSearchModule:UnityEditor.Search:ASIAI0B
Importing 'GUID: 8c0d4be4ea44a684d957cde781ecb6cc - Path: Packages/com.unity.collab-proxy/Editor/MetaPath.cs - Importer: ScriptedImporter/UnityEditor.QuickSearchModule:UnityEditor.Search:ASIAI0B' with importer (ScriptedImporter : UnityEditor.QuickSearchModule:UnityEditor.Search:ASIAI0B)
Imported 'GUID: 8c0d4be4ea44a684d957cde781ecb6cc' -> (Import Result ID: '6b35ff617d8310d9d6b87bd91cdbfaaa') in 0.004 seconds [static and dynamic dependencies]. Details - ImportResultOutputID=d8680aca4043ad428cc553265203312b DependenciesID=c139460a349ac090dda5b5b3186ae44b StaticDependenciesID=22bda3630dabfba2820850754dfbfb62 
Number of updated asset objects reloaded before import = 0
Number of asset objects unloaded after import = 0
========================================================================
Received Import Request.
  Time of request: 2026-09-19T15:00:24.047264Z
  Time since last request: 0.0008754 seconds.
  importAddress: GUID: 14c7ad7d838cc1d4691f5d9ca504f0ac - Path: Packages/com.unity.collab-proxy/Editor/DrawGuiModeSwitcher.cs - Importer: ScriptedImporter/UnityEditor.QuickSearchModule:UnityEditor.Search:ASIAI0B
Importing 'GUID: 14c7ad7d838cc1d4691f5d9ca504f0ac - Path: Packages/com.unity.collab-proxy/Editor/DrawGuiModeSwitcher.cs - Importer: ScriptedImporter/UnityEditor.QuickSearchModule:UnityEditor.Search:ASIAI0B' with importer (ScriptedImporter : UnityEditor.QuickSearchModule:UnityEditor.Search:ASIAI0B)
Imported 'GUID: 14c7ad7d838cc1d4691f5d9ca504f0ac' -> (Import Result ID: '4f9378e0ac98079f747f4aa9542d2d44') in 0.003 seconds [static and dynamic dependencies]. Details - ImportResultOutputID=312ed74a9ed0b4139cdf3aa127774ea8 DependenciesID=b04de917538fd5dce003b103c4c9c41a StaticDependenciesID=650e655c8d0d4535701d48ee2378e68b 
Number of updated asset objects reloaded before import = 0
Number of asset objects unloaded after import = 0
========================================================================
Received Import Request.
  Time of request: 2026-09-19T15:00:24.0720173Z
  Time since last request: 0.0006442 seconds.
  importAddress: GUID: 5e6cbd92db86f4b18aec3ed561671858 - Path: Assets/Settings/Mobile_RPAsset.asset - Importer: ScriptedImporter/UnityEditor.QuickSearchModule:UnityEditor.Search:ASIAI0B
Importing 'GUID: 5e6cbd92db86f4b18aec3ed561671858 - Path: Assets/Settings/Mobile_RPAsset.asset - Importer: ScriptedImporter/UnityEditor.QuickSearchModule:UnityEditor.Search:ASIAI0B' with importer (ScriptedImporter : UnityEditor.QuickSearchModule:UnityEditor.Search:ASIAI0B)
Imported 'GUID: 5e6cbd92db86f4b18aec3ed561671858' -> (Import Result ID: 'f21d7b9b8ac49719b6b882b9bfba9757') in 0.073 seconds [static and dynamic dependencies]. Details - ImportResultOutputID=8f6e45a2df633909445449dadee3e4ab DependenciesID=107332028a115ee96c102f389d3d24c3 StaticDependenciesID=6e94376bd46e5c26849f4221ba178023 
Number of updated asset objects reloaded before import = 0
Number of asset objects unloaded after import = 2
========================================================================
Received Import Request.
  Time of request: 2026-09-19T15:00:24.1627213Z
  Time since last request: 0.0007061 seconds.
  importAddress: GUID: a840d4787ba856c4dbaf61207189b00c - Path: Packages/com.unity.collab-proxy/Editor/AutoRefresh.cs - Importer: ScriptedImporter/UnityEditor.QuickSearchModule:UnityEditor.Search:ASIAI0B
Importing 'GUID: a840d4787ba856c4dbaf61207189b00c - Path: Packages/com.unity.collab-proxy/Editor/AutoRefresh.cs - Importer: ScriptedImporter/UnityEditor.QuickSearchModule:UnityEditor.Search:ASIAI0B' with importer (ScriptedImporter : UnityEditor.QuickSearchModule:UnityEditor.Search:ASIAI0B)
Imported 'GUID: a840d4787ba856c4dbaf61207189b00c' -> (Import Result ID: 'e28d0cb59d24e937f6bfe4e9d12abf4c') in 0.004 seconds [static and dynamic dependencies]. Details - ImportResultOutputID=f31162fee0fc9593550d2891d184d835 DependenciesID=c852e3beb789aba33b154aeb965e269a StaticDependenciesID=d157d4a404317a2d2b4e2bc452e35e5a 
Number of updated asset objects reloaded before import = 0
Number of asset objects unloaded after import = 0
========================================================================
Received Import Request.
  Time of request: 2026-09-19T15:00:24.1872399Z
  Time since last request: 0.0005147 seconds.
  importAddress: GUID: 1f902e57f049a7f47986618de93f5ee1 - Path: Assets/TutorialInfo/StyleSheets/ReadmeEditorDark.uss - Importer: ScriptedImporter/UnityEditor.QuickSearchModule:UnityEditor.Search:ASIAI0B
Importing 'GUID: 1f902e57f049a7f47986618de93f5ee1 - Path: Assets/TutorialInfo/StyleSheets/ReadmeEditorDark.uss - Importer: ScriptedImporter/UnityEditor.QuickSearchModule:UnityEditor.Search:ASIAI0B' with importer (ScriptedImporter : UnityEditor.QuickSearchModule:UnityEditor.Search:ASIAI0B)
Imported 'GUID: 1f902e57f049a7f47986618de93f5ee1' -> (Import Result ID: '91553096fda8237622a26a413fdaa7c1') in 0.005 seconds [static and dynamic dependencies]. Details - ImportResultOutputID=ad12dddc27055bf94033ba6feec77c1f DependenciesID=4ffdd60e7f96befb1a9b2186c6efb1e6 StaticDependenciesID=40eeed47c25f7911ba7abbe028b374ac 
Number of updated asset objects reloaded before import = 0
Number of asset objects unloaded after import = 1
========================================================================
Received Import Request.
  Time of request: 2026-09-19T15:00:24.2088891Z
  Time since last request: 0.0006988 seconds.
  importAddress: GUID: f288ae1f4751b564a96ac7587541f7a2 - Path: Assets/Settings/PC_Renderer.asset - Importer: ScriptedImporter/UnityEditor.QuickSearchModule:UnityEditor.Search:ASIAI0B
Importing 'GUID: f288ae1f4751b564a96ac7587541f7a2 - Path: Assets/Settings/PC_Renderer.asset - Importer: ScriptedImporter/UnityEditor.QuickSearchModule:UnityEditor.Search:ASIAI0B' with importer (ScriptedImporter : UnityEditor.QuickSearchModule:UnityEditor.Search:ASIAI0B)
Imported 'GUID: f288ae1f4751b564a96ac7587541f7a2' -> (Import Result ID: 'c99f99966bfb72410614b6453321577d') in 0.013 seconds [static and dynamic dependencies]. Details - ImportResultOutputID=5f3837d3b0a390d2acd4a196dcd7fe2b DependenciesID=7120b21bff11b68191ef283a118f3293 StaticDependenciesID=44cd59435bf8d71956ebe348a666c339 
Number of updated asset objects reloaded before import = 0
Number of asset objects unloaded after import = 1
========================================================================
Received Import Request.
  Time of request: 2026-09-19T15:00:24.247472Z
  Time since last request: 0.0009775 seconds.
  importAddress: GUID: 4d56de0c1ce671a4bb95fe9b9abe4fa5 - Path: Packages/com.unity.collab-proxy/Editor/PackageEntryPoint.cs - Importer: ScriptedImporter/UnityEditor.QuickSearchModule:UnityEditor.Search:ASIAI0B
Importing 'GUID: 4d56de0c1ce671a4bb95fe9b9abe4fa5 - Path: Packages/com.unity.collab-proxy/Editor/PackageEntryPoint.cs - Importer: ScriptedImporter/UnityEditor.QuickSearchModule:UnityEditor.Search:ASIAI0B' with importer (ScriptedImporter : UnityEditor.QuickSearchModule:UnityEditor.Search:ASIAI0B)
Imported 'GUID: 4d56de0c1ce671a4bb95fe9b9abe4fa5' -> (Import Result ID: '7564f331085344c753186b6aca9b9eaa') in 0.004 seconds [static and dynamic dependencies]. Details - ImportResultOutputID=3662a1fbec275ac4d1d28cebd1cd9023 DependenciesID=3d3ce38d648edf24c6c1ce2d2605af50 StaticDependenciesID=cd11c4007a4e4c56975ad3732dba4a8d 
Number of updated asset objects reloaded before import = 0
Number of asset objects unloaded after import = 0
========================================================================
Received Import Request.
  Time of request: 2026-09-19T15:00:24.2751782Z
  Time since last request: 0.0007808 seconds.
  importAddress: GUID: 18dc0cd2c080841dea60987a38ce93fa - Path: Assets/Settings/UniversalRenderPipelineGlobalSettings.asset - Importer: ScriptedImporter/UnityEditor.QuickSearchModule:UnityEditor.Search:ASIAI0B
Importing 'GUID: 18dc0cd2c080841dea60987a38ce93fa - Path: Assets/Settings/UniversalRenderPipelineGlobalSettings.asset - Importer: ScriptedImporter/UnityEditor.QuickSearchModule:UnityEditor.Search:ASIAI0B' with importer (ScriptedImporter : UnityEditor.QuickSearchModule:UnityEditor.Search:ASIAI0B)
Imported 'GUID: 18dc0cd2c080841dea60987a38ce93fa' -> (Import Result ID: 'af0427f93d4b1bb75356563833d75216') in 0.142 seconds [static and dynamic dependencies]. Details - ImportResultOutputID=3b6c056a8b737e945bb76e0a685b1125 DependenciesID=286728630a9e71db3005a4d85013c07a StaticDependenciesID=89565bb80d6d257449062a9469851a7b 
Number of updated asset objects reloaded before import = 0
Number of asset objects unloaded after import = 1
========================================================================
Received Import Request.
  Time of request: 2026-09-19T15:00:24.4369782Z
  Time since last request: 0.0005626 seconds.
  importAddress: GUID: 4b83569d67af61e458304325a23e5dfd - Path: Assets/Settings/PC_RPAsset.asset - Importer: ScriptedImporter/UnityEditor.QuickSearchModule:UnityEditor.Search:ASIAI0B
Importing 'GUID: 4b83569d67af61e458304325a23e5dfd - Path: Assets/Settings/PC_RPAsset.asset - Importer: ScriptedImporter/UnityEditor.QuickSearchModule:UnityEditor.Search:ASIAI0B' with importer (ScriptedImporter : UnityEditor.QuickSearchModule:UnityEditor.Search:ASIAI0B)
Imported 'GUID: 4b83569d67af61e458304325a23e5dfd' -> (Import Result ID: '1aec7d3224915ae52fd21cfdb2c9b7a3') in 0.013 seconds [static and dynamic dependencies]. Details - ImportResultOutputID=66196061a9793016259b2f1a71e3c753 DependenciesID=a4ff186e938ba9d784c71fdd1ccc2244 StaticDependenciesID=356d2a197957085d44daf2b8e27620d1 
Number of updated asset objects reloaded before import = 0
Number of asset objects unloaded after import = 1
========================================================================
Received Import Request.
  Time of request: 2026-09-19T15:00:24.4627658Z
  Time since last request: 0.0005435 seconds.
  importAddress: GUID: cf7c1a153f50c6548bfff5dfd2ef5dff - Path: Packages/com.unity.collab-proxy/Editor/SwitchModeConfirmationDialog.cs - Importer: ScriptedImporter/UnityEditor.QuickSearchModule:UnityEditor.Search:ASIAI0B
Importing 'GUID: cf7c1a153f50c6548bfff5dfd2ef5dff - Path: Packages/com.unity.collab-proxy/Editor/SwitchModeConfirmationDialog.cs - Importer: ScriptedImporter/UnityEditor.QuickSearchModule:UnityEditor.Search:ASIAI0B' with importer (ScriptedImporter : UnityEditor.QuickSearchModule:UnityEditor.Search:ASIAI0B)
Imported 'GUID: cf7c1a153f50c6548bfff5dfd2ef5dff' -> (Import Result ID: 'b6eb4f28f6213ceec3d2b3dc068013b8') in 0.002 seconds [static and dynamic dependencies]. Details - ImportResultOutputID=1360137b17f394a058d0daec5f158f0b DependenciesID=887e73f9f982e29981e64599272cdb29 StaticDependenciesID=aeb985a823538d10d510acab25f1c54d 
Number of updated asset objects reloaded before import = 0
Number of asset objects unloaded after import = 0
========================================================================
Received Import Request.
  Time of request: 2026-09-19T15:00:24.4810851Z
  Time since last request: 0.0005571 seconds.
  importAddress: GUID: e8b13064517f28443ac41883eb559c8f - Path: Packages/com.unity.collab-proxy/Editor/BuildGetEventExtraInfoFunction.cs - Importer: ScriptedImporter/UnityEditor.QuickSearchModule:UnityEditor.Search:ASIAI0B
Importing 'GUID: e8b13064517f28443ac41883eb559c8f - Path: Packages/com.unity.collab-proxy/Editor/BuildGetEventExtraInfoFunction.cs - Importer: ScriptedImporter/UnityEditor.QuickSearchModule:UnityEditor.Search:ASIAI0B' with importer (ScriptedImporter : UnityEditor.QuickSearchModule:UnityEditor.Search:ASIAI0B)
Imported 'GUID: e8b13064517f28443ac41883eb559c8f' -> (Import Result ID: 'b0b405c75d4644b2c559d254d3471b57') in 0.003 seconds [static and dynamic dependencies]. Details - ImportResultOutputID=dec20752ab6e346e7b9d00285440d644 DependenciesID=9400128d57f0b0ef26180ba2afbb6c7b StaticDependenciesID=25a977d823f2a5999ca57fd867ff818c 
Number of updated asset objects reloaded before import = 0
Number of asset objects unloaded after import = 0
========================================================================
Received Import Request.
  Time of request: 2026-09-19T15:00:24.4971266Z
  Time since last request: 0.0004855 seconds.
  importAddress: GUID: 608f66b5adac272459273ddaf3e4db5d - Path: Packages/com.unity.collab-proxy/Editor/PlasticApp.cs - Importer: ScriptedImporter/UnityEditor.QuickSearchModule:UnityEditor.Search:ASIAI0B
Importing 'GUID: 608f66b5adac272459273ddaf3e4db5d - Path: Packages/com.unity.collab-proxy/Editor/PlasticApp.cs - Importer: ScriptedImporter/UnityEditor.QuickSearchModule:UnityEditor.Search:ASIAI0B' with importer (ScriptedImporter : UnityEditor.QuickSearchModule:UnityEditor.Search:ASIAI0B)
Imported 'GUID: 608f66b5adac272459273ddaf3e4db5d' -> (Import Result ID: 'e3b66f227033e1098b155c83969259a2') in 0.002 seconds [static and dynamic dependencies]. Details - ImportResultOutputID=92c0f587aa7c0aa43742acb04b9b2410 DependenciesID=fe4c5a0b00214ff491265d45842c981e StaticDependenciesID=64b963301a5f48e6012f21b3baf06c08 
Number of updated asset objects reloaded before import = 0
Number of asset objects unloaded after import = 0
========================================================================
Received Import Request.
  Time of request: 2026-09-19T15:00:24.5111006Z
  Time since last request: 0.0005807 seconds.
  importAddress: GUID: 9bff32140d1498a4a9f6f18b09e8959c - Path: Packages/com.unity.collab-proxy/Third Party Notices.md - Importer: ScriptedImporter/UnityEditor.QuickSearchModule:UnityEditor.Search:ASIAI0B
Importing 'GUID: 9bff32140d1498a4a9f6f18b09e8959c - Path: Packages/com.unity.collab-proxy/Third Party Notices.md - Importer: ScriptedImporter/UnityEditor.QuickSearchModule:UnityEditor.Search:ASIAI0B' with importer (ScriptedImporter : UnityEditor.QuickSearchModule:UnityEditor.Search:ASIAI0B)
Imported 'GUID: 9bff32140d1498a4a9f6f18b09e8959c' -> (Import Result ID: '73cb7156af4e29b7369c44df43b08143') in 0.008 seconds [static and dynamic dependencies]. Details - ImportResultOutputID=2e285f85a8592916c4f6d095c9c03f47 DependenciesID=983b36969429c54553fdf5aacbf2e29a StaticDependenciesID=bae1730c876c2908e64ffa8946d1e25d 
Number of updated asset objects reloaded before import = 0
Number of asset objects unloaded after import = 1
========================================================================
Received Import Request.
  Time of request: 2026-09-19T15:00:24.53185Z
  Time since last request: 0.0007644 seconds.
  importAddress: GUID: fcf7219bab7fe46a1ad266029b2fee19 - Path: Assets/TutorialInfo/Readme.cs - Importer: ScriptedImporter/UnityEditor.QuickSearchModule:UnityEditor.Search:ASIAI0B
Importing 'GUID: fcf7219bab7fe46a1ad266029b2fee19 - Path: Assets/TutorialInfo/Readme.cs - Importer: ScriptedImporter/UnityEditor.QuickSearchModule:UnityEditor.Search:ASIAI0B' with importer (ScriptedImporter : UnityEditor.QuickSearchModule:UnityEditor.Search:ASIAI0B)
Imported 'GUID: fcf7219bab7fe46a1ad266029b2fee19' -> (Import Result ID: '492c3744c40012e1b5e83a246f279ed3') in 0.003 seconds [static and dynamic dependencies]. Details - ImportResultOutputID=d37afb453e29eb026465fdcea54ed0c7 DependenciesID=d5a7d5a412e1cc8f91c20fc303086159 StaticDependenciesID=08c5416f75f0e9bee8e4847cbaf69e87 
Number of updated asset objects reloaded before import = 0
Number of asset objects unloaded after import = 0
========================================================================
Received Import Request.
  Time of request: 2026-09-19T15:00:24.5521534Z
  Time since last request: 0.0007695 seconds.
  importAddress: GUID: 8105016687592461f977c054a80ce2f2 - Path: Assets/Readme.asset - Importer: ScriptedImporter/UnityEditor.QuickSearchModule:UnityEditor.Search:ASIAI0B
Importing 'GUID: 8105016687592461f977c054a80ce2f2 - Path: Assets/Readme.asset - Importer: ScriptedImporter/UnityEditor.QuickSearchModule:UnityEditor.Search:ASIAI0B' with importer (ScriptedImporter : UnityEditor.QuickSearchModule:UnityEditor.Search:ASIAI0B)
Imported 'GUID: 8105016687592461f977c054a80ce2f2' -> (Import Result ID: '02adf3ed654498811d35c9cbae9d6c8a') in 0.008 seconds [static and dynamic dependencies]. Details - ImportResultOutputID=32dfa97ea22f6022bf5e4030fa92c869 DependenciesID=b658d3380a1e83d32f5854eb1baeb920 StaticDependenciesID=bdf546950023942876cddc7bf42b7d64 
Number of updated asset objects reloaded before import = 0
Number of asset objects unloaded after import = 5
========================================================================
Received Import Request.
  Time of request: 2026-09-19T15:00:24.5764987Z
  Time since last request: 0.0010391 seconds.
  importAddress: GUID: 743fda8c4b219c8429fb5a77ede1c879 - Path: Packages/com.unity.collab-proxy/package.json - Importer: ScriptedImporter/UnityEditor.QuickSearchModule:UnityEditor.Search:ASIAI0B
Importing 'GUID: 743fda8c4b219c8429fb5a77ede1c879 - Path: Packages/com.unity.collab-proxy/package.json - Importer: ScriptedImporter/UnityEditor.QuickSearchModule:UnityEditor.Search:ASIAI0B' with importer (ScriptedImporter : UnityEditor.QuickSearchModule:UnityEditor.Search:ASIAI0B)
Imported 'GUID: 743fda8c4b219c8429fb5a77ede1c879' -> (Import Result ID: '3d2fb6c8292f3a4c36bde188fdf01c5c') in 0.006 seconds [static and dynamic dependencies]. Details - ImportResultOutputID=63e2ceba87b3f29e9573a0ad9c755d54 DependenciesID=abb2f77d1f540ea385921d25c531a847 StaticDependenciesID=4439f4fce8b241967fd9e715a9c47b9c 
Number of updated asset objects reloaded before import = 0
Number of asset objects unloaded after import = 1
========================================================================
Received Import Request.
  Time of request: 2026-09-19T15:00:24.6039829Z
  Time since last request: 0.0007045 seconds.
  importAddress: GUID: cb3c9f5ba9ced5e4b99de1b3dbd68d09 - Path: Packages/com.unity.collab-proxy/ValidationConfig.json - Importer: ScriptedImporter/UnityEditor.QuickSearchModule:UnityEditor.Search:ASIAI0B
Importing 'GUID: cb3c9f5ba9ced5e4b99de1b3dbd68d09 - Path: Packages/com.unity.collab-proxy/ValidationConfig.json - Importer: ScriptedImporter/UnityEditor.QuickSearchModule:UnityEditor.Search:ASIAI0B' with importer (ScriptedImporter : UnityEditor.QuickSearchModule:UnityEditor.Search:ASIAI0B)
Imported 'GUID: cb3c9f5ba9ced5e4b99de1b3dbd68d09' -> (Import Result ID: 'ca699eb94842552de08844e19cf2f541') in 0.004 seconds [static and dynamic dependencies]. Details - ImportResultOutputID=569eb8b03bad8df1b45f0f94dcb4dbfd DependenciesID=46900a647822768a17107fab839269de StaticDependenciesID=48a1e9c52554a24f3f15128aade7f918 
Number of updated asset objects reloaded before import = 0
Number of asset objects unloaded after import = 1
========================================================================
Received Import Request.
  Time of request: 2026-09-19T15:00:24.6251901Z
  Time since last request: 0.0005988 seconds.
  importAddress: GUID: 40771e457c113c441b7ec6c975584675 - Path: Packages/com.unity.collab-proxy/Editor/PackageInfo.cs - Importer: ScriptedImporter/UnityEditor.QuickSearchModule:UnityEditor.Search:ASIAI0B
Importing 'GUID: 40771e457c113c441b7ec6c975584675 - Path: Packages/com.unity.collab-proxy/Editor/PackageInfo.cs - Importer: ScriptedImporter/UnityEditor.QuickSearchModule:UnityEditor.Search:ASIAI0B' with importer (ScriptedImporter : UnityEditor.QuickSearchModule:UnityEditor.Search:ASIAI0B)
Imported 'GUID: 40771e457c113c441b7ec6c975584675' -> (Import Result ID: '6a2b872b7d70d9d861d8f7523a41022b') in 0.004 seconds [static and dynamic dependencies]. Details - ImportResultOutputID=9950db1efed10ca75518a3a8243baac9 DependenciesID=655505be24a21cb0965be245be0d7f6b StaticDependenciesID=bb38d98f598c6e0924bab5bfa9471e3c 
Number of updated asset objects reloaded before import = 0
Number of asset objects unloaded after import = 0
========================================================================
Received Import Request.
  Time of request: 2026-09-19T15:00:24.644172Z
  Time since last request: 0.0008158 seconds.
  importAddress: GUID: aebdb56b44622b2468b014e27e5e28e5 - Path: Packages/com.unity.collab-proxy/Editor/UVCSPlugin.cs - Importer: ScriptedImporter/UnityEditor.QuickSearchModule:UnityEditor.Search:ASIAI0B
Importing 'GUID: aebdb56b44622b2468b014e27e5e28e5 - Path: Packages/com.unity.collab-proxy/Editor/UVCSPlugin.cs - Importer: ScriptedImporter/UnityEditor.QuickSearchModule:UnityEditor.Search:ASIAI0B' with importer (ScriptedImporter : UnityEditor.QuickSearchModule:UnityEditor.Search:ASIAI0B)
Imported 'GUID: aebdb56b44622b2468b014e27e5e28e5' -> (Import Result ID: '6a74a17d5743323608cb869a030c8be1') in 0.003 seconds [static and dynamic dependencies]. Details - ImportResultOutputID=6009bb81906e9ec99cce95d55b968e7f DependenciesID=6eb38b346a6799ac9003f2669f310de3 StaticDependenciesID=203c850adcd83f7ec448072f207d1403 
Number of updated asset objects reloaded before import = 0
Number of asset objects unloaded after import = 0
========================================================================
Received Import Request.
  Time of request: 2026-09-19T15:00:24.667977Z
  Time since last request: 0.0005961 seconds.
  importAddress: GUID: ea0c99d9630e5ca40ba541545beec9b8 - Path: Packages/com.unity.collab-proxy/Editor/UVCSNotification.cs - Importer: ScriptedImporter/UnityEditor.QuickSearchModule:UnityEditor.Search:ASIAI0B
Importing 'GUID: ea0c99d9630e5ca40ba541545beec9b8 - Path: Packages/com.unity.collab-proxy/Editor/UVCSNotification.cs - Importer: ScriptedImporter/UnityEditor.QuickSearchModule:UnityEditor.Search:ASIAI0B' with importer (ScriptedImporter : UnityEditor.QuickSearchModule:UnityEditor.Search:ASIAI0B)
Imported 'GUID: ea0c99d9630e5ca40ba541545beec9b8' -> (Import Result ID: 'bfc4018753e8d0bedb9d5378ad94f092') in 0.003 seconds [static and dynamic dependencies]. Details - ImportResultOutputID=04bdb7da0b61b869198679173917b177 DependenciesID=6c56f298514370ed81c092335cc78cb8 StaticDependenciesID=9edfa26995ae5bbbe0c93c2c1ffd1b97 
Number of updated asset objects reloaded before import = 0
Number of asset objects unloaded after import = 0
========================================================================
Received Import Request.
  Time of request: 2026-09-19T15:00:24.6892452Z
  Time since last request: 0.000596 seconds.
  importAddress: GUID: d7ab4771a00b0cc4ab99301fc356de49 - Path: Packages/com.unity.collab-proxy/Editor/ProjectLoadedCounter.cs - Importer: ScriptedImporter/UnityEditor.QuickSearchModule:UnityEditor.Search:ASIAI0B
Importing 'GUID: d7ab4771a00b0cc4ab99301fc356de49 - Path: Packages/com.unity.collab-proxy/Editor/ProjectLoadedCounter.cs - Importer: ScriptedImporter/UnityEditor.QuickSearchModule:UnityEditor.Search:ASIAI0B' with importer (ScriptedImporter : UnityEditor.QuickSearchModule:UnityEditor.Search:ASIAI0B)
Imported 'GUID: d7ab4771a00b0cc4ab99301fc356de49' -> (Import Result ID: '7498fcb8fcd650ea8f7159d527d90d13') in 0.003 seconds [static and dynamic dependencies]. Details - ImportResultOutputID=3129e0029e121fe895d6bc2da1e58c99 DependenciesID=18cd4886a3ba0cf4f66bbe7434e7320d StaticDependenciesID=af32458d06905e2452fb962cd619eb99 
Number of updated asset objects reloaded before import = 0
Number of asset objects unloaded after import = 0
========================================================================
Received Import Request.
  Time of request: 2026-09-19T15:00:24.7088851Z
  Time since last request: 0.0005485 seconds.
  importAddress: GUID: d2c670ece470f4c4fa6712b8dc28a9bb - Path: Assets/TutorialInfo/StyleSheets/ReadmeEditor.uss - Importer: ScriptedImporter/UnityEditor.QuickSearchModule:UnityEditor.Search:ASIAI0B
Importing 'GUID: d2c670ece470f4c4fa6712b8dc28a9bb - Path: Assets/TutorialInfo/StyleSheets/ReadmeEditor.uss - Importer: ScriptedImporter/UnityEditor.QuickSearchModule:UnityEditor.Search:ASIAI0B' with importer (ScriptedImporter : UnityEditor.QuickSearchModule:UnityEditor.Search:ASIAI0B)
Imported 'GUID: d2c670ece470f4c4fa6712b8dc28a9bb' -> (Import Result ID: 'd29ed829793fdcd5bd5db3eaea4660fa') in 0.004 seconds [static and dynamic dependencies]. Details - ImportResultOutputID=d15db697b91e3d40044cc150a6ba188f DependenciesID=7e6eb1fa56c59f158d22dfce8f43770a StaticDependenciesID=3d207405081daafd58a27159dd8703ba 
Number of updated asset objects reloaded before import = 0
Number of asset objects unloaded after import = 1
========================================================================
Received Import Request.
  Time of request: 2026-09-19T15:00:24.7433376Z
  Time since last request: 0.0159889 seconds.
  importAddress: GUID: 9874d2fcd73d40b6940619e9cd482ad4 - Path: Packages/com.unity.collab-proxy/Editor/AssetMenu/ProjectViewCloudDriveAssetMenu.cs - Importer: ScriptedImporter/UnityEditor.QuickSearchModule:UnityEditor.Search:ASIAI0B
Importing 'GUID: 9874d2fcd73d40b6940619e9cd482ad4 - Path: Packages/com.unity.collab-proxy/Editor/AssetMenu/ProjectViewCloudDriveAssetMenu.cs - Importer: ScriptedImporter/UnityEditor.QuickSearchModule:UnityEditor.Search:ASIAI0B' with importer (ScriptedImporter : UnityEditor.QuickSearchModule:UnityEditor.Search:ASIAI0B)
Imported 'GUID: 9874d2fcd73d40b6940619e9cd482ad4' -> (Import Result ID: '0ba67985c6f64260b1a480c0926d76a9') in 0.003 seconds [static and dynamic dependencies]. Details - ImportResultOutputID=63c85c48af1fa970646af541dea8a6b7 DependenciesID=6117f9de5e4131418de33b25b5587f09 StaticDependenciesID=20f92651ed6be08c66d63824ecc43f4c 
Number of updated asset objects reloaded before import = 0
Number of asset objects unloaded after import = 0
========================================================================
Received Import Request.
  Time of request: 2026-09-19T15:00:24.7655436Z
  Time since last request: 0.0006871 seconds.
  importAddress: GUID: 68d5bb402c52edc48b494a59b8971758 - Path: Packages/com.unity.collab-proxy/Editor/Configuration/EncryptionConfigurationDialog.cs - Importer: ScriptedImporter/UnityEditor.QuickSearchModule:UnityEditor.Search:ASIAI0B
Importing 'GUID: 68d5bb402c52edc48b494a59b8971758 - Path: Packages/com.unity.collab-proxy/Editor/Configuration/EncryptionConfigurationDialog.cs - Importer: ScriptedImporter/UnityEditor.QuickSearchModule:UnityEditor.Search:ASIAI0B' with importer (ScriptedImporter : UnityEditor.QuickSearchModule:UnityEditor.Search:ASIAI0B)
Imported 'GUID: 68d5bb402c52edc48b494a59b8971758' -> (Import Result ID: '3a18b1ec49cf106e290bf768fcb1110f') in 0.003 seconds [static and dynamic dependencies]. Details - ImportResultOutputID=3c5c2846f0a792a24f74238037481c63 DependenciesID=e01ff30afd13da15bceb25d9552f76b2 StaticDependenciesID=047100fb8894b48e1625deabf3c74c39 
Number of updated asset objects reloaded before import = 0
Number of asset objects unloaded after import = 0
========================================================================
Received Import Request.
  Time of request: 2026-09-19T15:00:24.7878181Z
  Time since last request: 0.0006154 seconds.
  importAddress: GUID: 332442c8f4f7b1943bb9e12fc97356e4 - Path: Packages/com.unity.collab-proxy/Editor/Configuration/WriteLogConfiguration.cs - Importer: ScriptedImporter/UnityEditor.QuickSearchModule:UnityEditor.Search:ASIAI0B
Importing 'GUID: 332442c8f4f7b1943bb9e12fc97356e4 - Path: Packages/com.unity.collab-proxy/Editor/Configuration/WriteLogConfiguration.cs - Importer: ScriptedImporter/UnityEditor.QuickSearchModule:UnityEditor.Search:ASIAI0B' with importer (ScriptedImporter : UnityEditor.QuickSearchModule:UnityEditor.Search:ASIAI0B)
Imported 'GUID: 332442c8f4f7b1943bb9e12fc97356e4' -> (Import Result ID: '0c6debfe49c76982901bfa7de067ed27') in 0.004 seconds [static and dynamic dependencies]. Details - ImportResultOutputID=c5b5b585a8b31ab91e29c9530a373951 DependenciesID=231d3e4b49301ecfd26af47afaba0423 StaticDependenciesID=7fd66759e366603b7d1e6ea28be90189 
Number of updated asset objects reloaded before import = 0
Number of asset objects unloaded after import = 0
========================================================================
Received Import Request.
  Time of request: 2026-09-19T15:00:24.8162754Z
  Time since last request: 0.0007891 seconds.
  importAddress: GUID: 628bc1ed591aa164ab9124ac22e02d9a - Path: Packages/com.unity.collab-proxy/Editor/Configuration/ChannelCertificateUiImpl.cs - Importer: ScriptedImporter/UnityEditor.QuickSearchModule:UnityEditor.Search:ASIAI0B
Importing 'GUID: 628bc1ed591aa164ab9124ac22e02d9a - Path: Packages/com.unity.collab-proxy/Editor/Configuration/ChannelCertificateUiImpl.cs - Importer: ScriptedImporter/UnityEditor.QuickSearchModule:UnityEditor.Search:ASIAI0B' with importer (ScriptedImporter : UnityEditor.QuickSearchModule:UnityEditor.Search:ASIAI0B)
Imported 'GUID: 628bc1ed591aa164ab9124ac22e02d9a' -> (Import Result ID: '268e638d0f4678216b32248e17f6e5c3') in 0.003 seconds [static and dynamic dependencies]. Details - ImportResultOutputID=e31f44cb879901faea838716fe532a7e DependenciesID=6285f75c79f5fb501f8b51c21608575e StaticDependenciesID=da755526acdc59419ac7988229a4130d 
Number of updated asset objects reloaded before import = 0
Number of asset objects unloaded after import = 0
========================================================================
Received Import Request.
  Time of request: 2026-09-19T15:00:24.8432802Z
  Time since last request: 0.000764 seconds.
  importAddress: GUID: 30e9a0b4c58f24512803e160e0216686 - Path: Packages/com.unity.collab-proxy/Editor/WorkspaceWindow.cs - Importer: ScriptedImporter/UnityEditor.QuickSearchModule:UnityEditor.Search:ASIAI0B
Importing 'GUID: 30e9a0b4c58f24512803e160e0216686 - Path: Packages/com.unity.collab-proxy/Editor/WorkspaceWindow.cs - Importer: ScriptedImporter/UnityEditor.QuickSearchModule:UnityEditor.Search:ASIAI0B' with importer (ScriptedImporter : UnityEditor.QuickSearchModule:UnityEditor.Search:ASIAI0B)
Imported 'GUID: 30e9a0b4c58f24512803e160e0216686' -> (Import Result ID: '3f1ebaf800b0946819836bdf51c3d2be') in 0.003 seconds [static and dynamic dependencies]. Details - ImportResultOutputID=68c25782b501ea86195ede9f1d2034b3 DependenciesID=3969b50154c65460dcf6815080c3bc3e StaticDependenciesID=d71d9ab5a211a0a49c8ea5083f121d24 
Number of updated asset objects reloaded before import = 0
Number of asset objects unloaded after import = 0
========================================================================
Received Import Request.
  Time of request: 2026-09-19T15:00:24.8644559Z
  Time since last request: 0.0007478 seconds.
  importAddress: GUID: dc0cbec450c3bd54eb12276dcfdc27d3 - Path: Packages/com.unity.collab-proxy/Editor/Developer/GenericProgress.cs - Importer: ScriptedImporter/UnityEditor.QuickSearchModule:UnityEditor.Search:ASIAI0B
Importing 'GUID: dc0cbec450c3bd54eb12276dcfdc27d3 - Path: Packages/com.unity.collab-proxy/Editor/Developer/GenericProgress.cs - Importer: ScriptedImporter/UnityEditor.QuickSearchModule:UnityEditor.Search:ASIAI0B' with importer (ScriptedImporter : UnityEditor.QuickSearchModule:UnityEditor.Search:ASIAI0B)
Imported 'GUID: dc0cbec450c3bd54eb12276dcfdc27d3' -> (Import Result ID: 'ab7ef9e5997cb675afcc7c4d25091d5a') in 0.003 seconds [static and dynamic dependencies]. Details - ImportResultOutputID=54caf9b71d6fd91aa12915c8c8fa9ef7 DependenciesID=144b85617056270edcd38627b4cc0ecf StaticDependenciesID=aa197429c30b2e43fc6b147d4d0f8688 
Number of updated asset objects reloaded before import = 0
Number of asset objects unloaded after import = 0
========================================================================
Received Import Request.
  Time of request: 2026-09-19T15:00:24.8838365Z
  Time since last request: 0.0005549 seconds.
  importAddress: GUID: c50ac3c60fd045b38f5449bb43db257d - Path: Packages/com.unity.collab-proxy/Editor/AssetMenu/HierarchyViewAssetMenu.cs - Importer: ScriptedImporter/UnityEditor.QuickSearchModule:UnityEditor.Search:ASIAI0B
Importing 'GUID: c50ac3c60fd045b38f5449bb43db257d - Path: Packages/com.unity.collab-proxy/Editor/AssetMenu/HierarchyViewAssetMenu.cs - Importer: ScriptedImporter/UnityEditor.QuickSearchModule:UnityEditor.Search:ASIAI0B' with importer (ScriptedImporter : UnityEditor.QuickSearchModule:UnityEditor.Search:ASIAI0B)
Imported 'GUID: c50ac3c60fd045b38f5449bb43db257d' -> (Import Result ID: 'd034bd31af0ee46d8ed5dd62cb713ed4') in 0.005 seconds [static and dynamic dependencies]. Details - ImportResultOutputID=6607a3251feaeaba329333b05f7a994f DependenciesID=94cd3f12a0a4fc71de9fa4340607b070 StaticDependenciesID=72249f8fdbda60f281295b317408941c 
Number of updated asset objects reloaded before import = 0
Number of asset objects unloaded after import = 0
========================================================================
Received Import Request.
  Time of request: 2026-09-19T15:00:24.9041697Z
  Time since last request: 0.0004424 seconds.
  importAddress: GUID: f7ff74c84c0f48718770726c160f6689 - Path: Packages/com.unity.collab-proxy/Editor/XxHash128HashingAlgorithm.cs - Importer: ScriptedImporter/UnityEditor.QuickSearchModule:UnityEditor.Search:ASIAI0B
Importing 'GUID: f7ff74c84c0f48718770726c160f6689 - Path: Packages/com.unity.collab-proxy/Editor/XxHash128HashingAlgorithm.cs - Importer: ScriptedImporter/UnityEditor.QuickSearchModule:UnityEditor.Search:ASIAI0B' with importer (ScriptedImporter : UnityEditor.QuickSearchModule:UnityEditor.Search:ASIAI0B)
Imported 'GUID: f7ff74c84c0f48718770726c160f6689' -> (Import Result ID: 'e2f534135103f733b9c2b65c656c3871') in 0.004 seconds [static and dynamic dependencies]. Details - ImportResultOutputID=23c7f982609b508cf5e9705f4b644150 DependenciesID=c82da23d2d2a5debe74acfe71be5da55 StaticDependenciesID=1080fe52a5d893d07ec2fcc9337bfe6a 
Number of updated asset objects reloaded before import = 0
Number of asset objects unloaded after import = 0
========================================================================
Received Import Request.
  Time of request: 2026-09-19T15:00:24.9280072Z
  Time since last request: 0.0009022 seconds.
  importAddress: GUID: bdab12da216948e2a24b90b910e519c0 - Path: Packages/com.unity.collab-proxy/Editor/CloudDrive/WindowStatusBar.cs - Importer: ScriptedImporter/UnityEditor.QuickSearchModule:UnityEditor.Search:ASIAI0B
Importing 'GUID: bdab12da216948e2a24b90b910e519c0 - Path: Packages/com.unity.collab-proxy/Editor/CloudDrive/WindowStatusBar.cs - Importer: ScriptedImporter/UnityEditor.QuickSearchModule:UnityEditor.Search:ASIAI0B' with importer (ScriptedImporter : UnityEditor.QuickSearchModule:UnityEditor.Search:ASIAI0B)
Imported 'GUID: bdab12da216948e2a24b90b910e519c0' -> (Import Result ID: '7635e40dd28d2eca4e878166c6863431') in 0.003 seconds [static and dynamic dependencies]. Details - ImportResultOutputID=6c16fbf06678e71d54113dcdfb70c24f DependenciesID=d3b1bf9607138c20d01be686c34d065e StaticDependenciesID=75850950e9ca8f224cd61781e30808b7 
Number of updated asset objects reloaded before import = 0
Number of asset objects unloaded after import = 0
========================================================================
Received Import Request.
  Time of request: 2026-09-19T15:00:24.9492767Z
  Time since last request: 0.0007728 seconds.
  importAddress: GUID: b8a49294ba135a2408fd1b26bcda6f97 - Path: Packages/com.unity.collab-proxy/Editor/AssetMenu/ProjectViewAssetSelection.cs - Importer: ScriptedImporter/UnityEditor.QuickSearchModule:UnityEditor.Search:ASIAI0B
Importing 'GUID: b8a49294ba135a2408fd1b26bcda6f97 - Path: Packages/com.unity.collab-proxy/Editor/AssetMenu/ProjectViewAssetSelection.cs - Importer: ScriptedImporter/UnityEditor.QuickSearchModule:UnityEditor.Search:ASIAI0B' with importer (ScriptedImporter : UnityEditor.QuickSearchModule:UnityEditor.Search:ASIAI0B)
Imported 'GUID: b8a49294ba135a2408fd1b26bcda6f97' -> (Import Result ID: 'baf457c76e2368aa01a49afb17a11b1c') in 0.003 seconds [static and dynamic dependencies]. Details - ImportResultOutputID=8693a2a4dc8dd1cf95165e3abfe2c8d4 DependenciesID=96b09e3b4df88356633e454bac130b6b StaticDependenciesID=1ab7899043d34baeeb9f7d6b43c8ccf4 
Number of updated asset objects reloaded before import = 0
Number of asset objects unloaded after import = 0
========================================================================
Received Import Request.
  Time of request: 2026-09-19T15:00:24.968478Z
  Time since last request: 0.0007048 seconds.
  importAddress: GUID: 86522126cf0ce4a37aeac702343411cc - Path: Packages/com.unity.collab-proxy/Editor/CodeEditor/TextEditorOptions.cs - Importer: ScriptedImporter/UnityEditor.QuickSearchModule:UnityEditor.Search:ASIAI0B
Importing 'GUID: 86522126cf0ce4a37aeac702343411cc - Path: Packages/com.unity.collab-proxy/Editor/CodeEditor/TextEditorOptions.cs - Importer: ScriptedImporter/UnityEditor.QuickSearchModule:UnityEditor.Search:ASIAI0B' with importer (ScriptedImporter : UnityEditor.QuickSearchModule:UnityEditor.Search:ASIAI0B)
Imported 'GUID: 86522126cf0ce4a37aeac702343411cc' -> (Import Result ID: 'bb83890acb3c3a63de1e7583db692f31') in 0.003 seconds [static and dynamic dependencies]. Details - ImportResultOutputID=39aa3dcda1c457d8007d52fcba8a812d DependenciesID=cfd3111f673f77558309daae8dfb6e26 StaticDependenciesID=89e481a486c0e557010ab78f36a19e1a 
Number of updated asset objects reloaded before import = 0
Number of asset objects unloaded after import = 0
========================================================================
Received Import Request.
  Time of request: 2026-09-19T15:00:24.9901929Z
  Time since last request: 0.0005573 seconds.
  importAddress: GUID: 61e6de2fad294475faa26356ebfb7a4d - Path: Packages/com.unity.collab-proxy/Editor/CodeEditor/TextEditorColors.cs - Importer: ScriptedImporter/UnityEditor.QuickSearchModule:UnityEditor.Search:ASIAI0B
Importing 'GUID: 61e6de2fad294475faa26356ebfb7a4d - Path: Packages/com.unity.collab-proxy/Editor/CodeEditor/TextEditorColors.cs - Importer: ScriptedImporter/UnityEditor.QuickSearchModule:UnityEditor.Search:ASIAI0B' with importer (ScriptedImporter : UnityEditor.QuickSearchModule:UnityEditor.Search:ASIAI0B)
Imported 'GUID: 61e6de2fad294475faa26356ebfb7a4d' -> (Import Result ID: 'bd6d317763e9101c690fcd6ddd520472') in 0.003 seconds [static and dynamic dependencies]. Details - ImportResultOutputID=f69c1b413dc3ae6b6d08c96dbee98d5d DependenciesID=b16a77d3353e642308eef6b0053cd786 StaticDependenciesID=31793ae8d23b1a3e16052a851d74b4df 
Number of updated asset objects reloaded before import = 0
Number of asset objects unloaded after import = 0
========================================================================
Received Import Request.
  Time of request: 2026-09-19T15:00:25.0119924Z
  Time since last request: 0.0009022 seconds.
  importAddress: GUID: ee776820547bd654980004e8471df8e3 - Path: Packages/com.unity.collab-proxy/Editor/Configuration/ToolConfig.cs - Importer: ScriptedImporter/UnityEditor.QuickSearchModule:UnityEditor.Search:ASIAI0B
Importing 'GUID: ee776820547bd654980004e8471df8e3 - Path: Packages/com.unity.collab-proxy/Editor/Configuration/ToolConfig.cs - Importer: ScriptedImporter/UnityEditor.QuickSearchModule:UnityEditor.Search:ASIAI0B' with importer (ScriptedImporter : UnityEditor.QuickSearchModule:UnityEditor.Search:ASIAI0B)
Imported 'GUID: ee776820547bd654980004e8471df8e3' -> (Import Result ID: '19b427537a49c09fcb2be7ffe33eb919') in 0.003 seconds [static and dynamic dependencies]. Details - ImportResultOutputID=b6ba5b9b3ec823f8b0e1cc433250879b DependenciesID=9285a761a46a82b048740322fb9850e2 StaticDependenciesID=717d54e74adfd9f5ed7ba32b5ef7b7bc 
Number of updated asset objects reloaded before import = 0
Number of asset objects unloaded after import = 0
========================================================================
Received Import Request.
  Time of request: 2026-09-19T15:00:25.0323637Z
  Time since last request: 0.0005937 seconds.
  importAddress: GUID: 68f2f2587930106408dd3b00fb4974ff - Path: Packages/com.unity.collab-proxy/Editor/AssetOverlays/DrawHierarchyOverlay.cs - Importer: ScriptedImporter/UnityEditor.QuickSearchModule:UnityEditor.Search:ASIAI0B
Importing 'GUID: 68f2f2587930106408dd3b00fb4974ff - Path: Packages/com.unity.collab-proxy/Editor/AssetOverlays/DrawHierarchyOverlay.cs - Importer: ScriptedImporter/UnityEditor.QuickSearchModule:UnityEditor.Search:ASIAI0B' with importer (ScriptedImporter : UnityEditor.QuickSearchModule:UnityEditor.Search:ASIAI0B)
Imported 'GUID: 68f2f2587930106408dd3b00fb4974ff' -> (Import Result ID: '71102822b4a7d625ad194be7488ebb7f') in 0.003 seconds [static and dynamic dependencies]. Details - ImportResultOutputID=9b5d3919569923991af4b672eab9dad4 DependenciesID=bc432217e1a645fd993179f7d7982a02 StaticDependenciesID=359e73d6cd8781912e48eb550280392c 
Number of updated asset objects reloaded before import = 0
Number of asset objects unloaded after import = 0
========================================================================
Received Import Request.
  Time of request: 2026-09-19T15:00:25.054485Z
  Time since last request: 0.0005556 seconds.
  importAddress: GUID: e0ca5f7f9ce171a44a14d09d62ee6c8e - Path: Packages/com.unity.collab-proxy/Editor/CloudDrive/CloudDriveMenuItem.cs - Importer: ScriptedImporter/UnityEditor.QuickSearchModule:UnityEditor.Search:ASIAI0B
Importing 'GUID: e0ca5f7f9ce171a44a14d09d62ee6c8e - Path: Packages/com.unity.collab-proxy/Editor/CloudDrive/CloudDriveMenuItem.cs - Importer: ScriptedImporter/UnityEditor.QuickSearchModule:UnityEditor.Search:ASIAI0B' with importer (ScriptedImporter : UnityEditor.QuickSearchModule:UnityEditor.Search:ASIAI0B)
Imported 'GUID: e0ca5f7f9ce171a44a14d09d62ee6c8e' -> (Import Result ID: 'c5b17f1a285f62a578fcb868ffe71e2c') in 0.003 seconds [static and dynamic dependencies]. Details - ImportResultOutputID=ae5be0ed3ef6041dc5d5b0649334368d DependenciesID=04cb99bf7ffa88631c78586998caefb9 StaticDependenciesID=ebc74884d1260a63aae31858ddaf9918 
Number of updated asset objects reloaded before import = 0
Number of asset objects unloaded after import = 0
========================================================================
Received Import Request.
  Time of request: 2026-09-19T15:00:25.0737914Z
  Time since last request: 0.0006914 seconds.
  importAddress: GUID: 1686ac2e1d109ed43bf2dec74fed784f - Path: Packages/com.unity.collab-proxy/Editor/AssetMenu/AssetsSelection.cs - Importer: ScriptedImporter/UnityEditor.QuickSearchModule:UnityEditor.Search:ASIAI0B
Importing 'GUID: 1686ac2e1d109ed43bf2dec74fed784f - Path: Packages/com.unity.collab-proxy/Editor/AssetMenu/AssetsSelection.cs - Importer: ScriptedImporter/UnityEditor.QuickSearchModule:UnityEditor.Search:ASIAI0B' with importer (ScriptedImporter : UnityEditor.QuickSearchModule:UnityEditor.Search:ASIAI0B)
Imported 'GUID: 1686ac2e1d109ed43bf2dec74fed784f' -> (Import Result ID: '299817a38b3e1fd6fcc9f6dd642c5e2f') in 0.003 seconds [static and dynamic dependencies]. Details - ImportResultOutputID=4f39e3c4416ec840faec492aa999cf32 DependenciesID=7b1253d3b28b0a028edb83aedad8e6cf StaticDependenciesID=7b2705d4bfbec6df9fb44f467e4f8fb7 
Number of updated asset objects reloaded before import = 0
Number of asset objects unloaded after import = 0
========================================================================
Received Import Request.
  Time of request: 2026-09-19T15:00:25.0919295Z
  Time since last request: 0.0005607 seconds.
  importAddress: GUID: 7d9221bc32738c5498b01916d61a39b9 - Path: Packages/com.unity.collab-proxy/Editor/CodeEditor/Keyboard.cs - Importer: ScriptedImporter/UnityEditor.QuickSearchModule:UnityEditor.Search:ASIAI0B
Importing 'GUID: 7d9221bc32738c5498b01916d61a39b9 - Path: Packages/com.unity.collab-proxy/Editor/CodeEditor/Keyboard.cs - Importer: ScriptedImporter/UnityEditor.QuickSearchModule:UnityEditor.Search:ASIAI0B' with importer (ScriptedImporter : UnityEditor.QuickSearchModule:UnityEditor.Search:ASIAI0B)
Imported 'GUID: 7d9221bc32738c5498b01916d61a39b9' -> (Import Result ID: '0ddeefb6f43b9d7a3f1877cebe80f0a6') in 0.005 seconds [static and dynamic dependencies]. Details - ImportResultOutputID=6ffadc6c8ea79804d97e2894e2a7c45d DependenciesID=e1219474955532fecdfad4de111b3b80 StaticDependenciesID=2343c03aa17e50de45502009b37f7cdb 
Number of updated asset objects reloaded before import = 0
Number of asset objects unloaded after import = 0
========================================================================
Received Import Request.
  Time of request: 2026-09-19T15:00:25.1128477Z
  Time since last request: 0.0007652 seconds.
  importAddress: GUID: 6629f1bb292b749a18b5fff7994c8b19 - Path: Packages/com.unity.collab-proxy/Editor/UVCSWindow.cs - Importer: ScriptedImporter/UnityEditor.QuickSearchModule:UnityEditor.Search:ASIAI0B
Importing 'GUID: 6629f1bb292b749a18b5fff7994c8b19 - Path: Packages/com.unity.collab-proxy/Editor/UVCSWindow.cs - Importer: ScriptedImporter/UnityEditor.QuickSearchModule:UnityEditor.Search:ASIAI0B' with importer (ScriptedImporter : UnityEditor.QuickSearchModule:UnityEditor.Search:ASIAI0B)
Imported 'GUID: 6629f1bb292b749a18b5fff7994c8b19' -> (Import Result ID: '5f5b8c6631ad271d498b56c6729acf85') in 0.004 seconds [static and dynamic dependencies]. Details - ImportResultOutputID=896c66530948885373c235c198bb6348 DependenciesID=f25df3f637a78609086b3a7d385a6334 StaticDependenciesID=b11fff5f955ac0c5441ff72110112bc5 
Number of updated asset objects reloaded before import = 0
Number of asset objects unloaded after import = 0
========================================================================
Received Import Request.
  Time of request: 2026-09-19T15:00:25.1352236Z
  Time since last request: 0.0006687 seconds.
  importAddress: GUID: 83e93885de2840b5818ef68a76f7ebfc - Path: Packages/com.unity.collab-proxy/Editor/Api/UnityVersionControlApi.cs - Importer: ScriptedImporter/UnityEditor.QuickSearchModule:UnityEditor.Search:ASIAI0B
Importing 'GUID: 83e93885de2840b5818ef68a76f7ebfc - Path: Packages/com.unity.collab-proxy/Editor/Api/UnityVersionControlApi.cs - Importer: ScriptedImporter/UnityEditor.QuickSearchModule:UnityEditor.Search:ASIAI0B' with importer (ScriptedImporter : UnityEditor.QuickSearchModule:UnityEditor.Search:ASIAI0B)
Imported 'GUID: 83e93885de2840b5818ef68a76f7ebfc' -> (Import Result ID: 'fcca88b9f691f9839162ec2e2b07bf6e') in 0.003 seconds [static and dynamic dependencies]. Details - ImportResultOutputID=a6bb95e401d43fdf6bb8b5242f4cb19a DependenciesID=57c7642887c4806323d036f33d0c44a3 StaticDependenciesID=71aa2792af09badbb12c2fb1bfeed86c 
Number of updated asset objects reloaded before import = 0
Number of asset objects unloaded after import = 0
========================================================================
Received Import Request.
  Time of request: 2026-09-19T15:00:25.1550232Z
  Time since last request: 0.0008382 seconds.
  importAddress: GUID: 19397b4b199145c5bd9ee8c1c7d5938d - Path: Packages/com.unity.collab-proxy/Editor/AssetMenu/HierarchyViewAssetSelection.cs - Importer: ScriptedImporter/UnityEditor.QuickSearchModule:UnityEditor.Search:ASIAI0B
Importing 'GUID: 19397b4b199145c5bd9ee8c1c7d5938d - Path: Packages/com.unity.collab-proxy/Editor/AssetMenu/HierarchyViewAssetSelection.cs - Importer: ScriptedImporter/UnityEditor.QuickSearchModule:UnityEditor.Search:ASIAI0B' with importer (ScriptedImporter : UnityEditor.QuickSearchModule:UnityEditor.Search:ASIAI0B)
Imported 'GUID: 19397b4b199145c5bd9ee8c1c7d5938d' -> (Import Result ID: '7c77a1b95ea63cc06e15cd66410d0980') in 0.004 seconds [static and dynamic dependencies]. Details - ImportResultOutputID=0a13b7fc353122ee6a30830ffd4cf887 DependenciesID=4e780806f63e1e78085dc42a19a70a7b StaticDependenciesID=a8d1f16d0f2eeda3bf82bc7760001878 
Number of updated asset objects reloaded before import = 0
Number of asset objects unloaded after import = 0
========================================================================
Received Import Request.
  Time of request: 2026-09-19T15:00:25.1775299Z
  Time since last request: 0.0006618 seconds.
  importAddress: GUID: 3358a79a3123eed4baff54da855492e6 - Path: Packages/com.unity.collab-proxy/Editor/CloudDrive/GetProposedOrganizationProject.cs - Importer: ScriptedImporter/UnityEditor.QuickSearchModule:UnityEditor.Search:ASIAI0B
Importing 'GUID: 3358a79a3123eed4baff54da855492e6 - Path: Packages/com.unity.collab-proxy/Editor/CloudDrive/GetProposedOrganizationProject.cs - Importer: ScriptedImporter/UnityEditor.QuickSearchModule:UnityEditor.Search:ASIAI0B' with importer (ScriptedImporter : UnityEditor.QuickSearchModule:UnityEditor.Search:ASIAI0B)
Imported 'GUID: 3358a79a3123eed4baff54da855492e6' -> (Import Result ID: '8b4b70bde57cb8d9addb19d3a56690e8') in 0.003 seconds [static and dynamic dependencies]. Details - ImportResultOutputID=69695ef083af09eadbf31a67034bb32f DependenciesID=b978fa8a752c9fa7728d1744614b0796 StaticDependenciesID=c7453b8acaead45bc9f7fd9ec3ce7a08 
Number of updated asset objects reloaded before import = 0
Number of asset objects unloaded after import = 0
========================================================================
Received Import Request.
  Time of request: 2026-09-19T15:00:25.1981341Z
  Time since last request: 0.000591 seconds.
  importAddress: GUID: 7f1a149716724cc38b048572976de769 - Path: Packages/com.unity.collab-proxy/Editor/CodeEditor/ICodeEditorSettingsChangeListener.cs - Importer: ScriptedImporter/UnityEditor.QuickSearchModule:UnityEditor.Search:ASIAI0B
Importing 'GUID: 7f1a149716724cc38b048572976de769 - Path: Packages/com.unity.collab-proxy/Editor/CodeEditor/ICodeEditorSettingsChangeListener.cs - Importer: ScriptedImporter/UnityEditor.QuickSearchModule:UnityEditor.Search:ASIAI0B' with importer (ScriptedImporter : UnityEditor.QuickSearchModule:UnityEditor.Search:ASIAI0B)
Imported 'GUID: 7f1a149716724cc38b048572976de769' -> (Import Result ID: 'f0aa221743fcc765978243ea49d0f8bb') in 0.004 seconds [static and dynamic dependencies]. Details - ImportResultOutputID=4eba8f25094215c759bbe6f8679c3668 DependenciesID=6af1dbc3970b4946e1b4c5d2eaf34e62 StaticDependenciesID=2c57eda47e579e64052fbcdc4e7f2238 
Number of updated asset objects reloaded before import = 0
Number of asset objects unloaded after import = 0
========================================================================
Received Import Request.
  Time of request: 2026-09-19T15:00:25.2175428Z
  Time since last request: 0.0008045 seconds.
  importAddress: GUID: 91f74d588534bef42ac4b919a2ece84a - Path: Packages/com.unity.collab-proxy/Editor/AssetsUtils/LoadAsset.cs - Importer: ScriptedImporter/UnityEditor.QuickSearchModule:UnityEditor.Search:ASIAI0B
Importing 'GUID: 91f74d588534bef42ac4b919a2ece84a - Path: Packages/com.unity.collab-proxy/Editor/AssetsUtils/LoadAsset.cs - Importer: ScriptedImporter/UnityEditor.QuickSearchModule:UnityEditor.Search:ASIAI0B' with importer (ScriptedImporter : UnityEditor.QuickSearchModule:UnityEditor.Search:ASIAI0B)
Imported 'GUID: 91f74d588534bef42ac4b919a2ece84a' -> (Import Result ID: 'aaec2bca2b04df90bcba9f3a4263bc21') in 0.003 seconds [static and dynamic dependencies]. Details - ImportResultOutputID=51e6716f73ee9ef18e400d3169612459 DependenciesID=1b8529d7a896914d1d19964d0d1f146c StaticDependenciesID=b26b79b8b471ba6e46065f943fa92752 
Number of updated asset objects reloaded before import = 0
Number of asset objects unloaded after import = 0
========================================================================
Received Import Request.
  Time of request: 2026-09-19T15:00:25.2369534Z
  Time since last request: 0.0005551 seconds.
  importAddress: GUID: 2c8b452bcd72d8248a3297ff656f0a7a - Path: Packages/com.unity.collab-proxy/Editor/AssetMenu/AssetUVCSOperations.cs - Importer: ScriptedImporter/UnityEditor.QuickSearchModule:UnityEditor.Search:ASIAI0B
Importing 'GUID: 2c8b452bcd72d8248a3297ff656f0a7a - Path: Packages/com.unity.collab-proxy/Editor/AssetMenu/AssetUVCSOperations.cs - Importer: ScriptedImporter/UnityEditor.QuickSearchModule:UnityEditor.Search:ASIAI0B' with importer (ScriptedImporter : UnityEditor.QuickSearchModule:UnityEditor.Search:ASIAI0B)
Imported 'GUID: 2c8b452bcd72d8248a3297ff656f0a7a' -> (Import Result ID: 'a7844ac9101dd1fb52a7f942a4f5c48a') in 0.003 seconds [static and dynamic dependencies]. Details - ImportResultOutputID=003d8aed87e16ae204f376971af0b1bb DependenciesID=c09f20c3094135eef16aaf6e0fe8ccd6 StaticDependenciesID=fbc6fd56952ea7906f171879ecfc3ad3 
Number of updated asset objects reloaded before import = 0
Number of asset objects unloaded after import = 0
========================================================================
Received Import Request.
  Time of request: 2026-09-19T15:00:25.2584487Z
  Time since last request: 0.0005875 seconds.
  importAddress: GUID: e34298b6d08a46c4191e87726f21c0e5 - Path: Packages/com.unity.collab-proxy/Editor/CloudDrive/CloudDrivePlugin.cs - Importer: ScriptedImporter/UnityEditor.QuickSearchModule:UnityEditor.Search:ASIAI0B
Importing 'GUID: e34298b6d08a46c4191e87726f21c0e5 - Path: Packages/com.unity.collab-proxy/Editor/CloudDrive/CloudDrivePlugin.cs - Importer: ScriptedImporter/UnityEditor.QuickSearchModule:UnityEditor.Search:ASIAI0B' with importer (ScriptedImporter : UnityEditor.QuickSearchModule:UnityEditor.Search:ASIAI0B)
Imported 'GUID: e34298b6d08a46c4191e87726f21c0e5' -> (Import Result ID: '79310616477d8cdd093cde7218f50177') in 0.003 seconds [static and dynamic dependencies]. Details - ImportResultOutputID=ef246f5db446ecb6f0777710074333c4 DependenciesID=35c44db57d3ecad8d7b22707f206e098 StaticDependenciesID=6ab0fd28d1fc1e8ba853f7ec45bddc83 
Number of updated asset objects reloaded before import = 0
Number of asset objects unloaded after import = 0
========================================================================
Received Import Request.
  Time of request: 2026-09-19T15:00:25.2811723Z
  Time since last request: 0.0010774 seconds.
  importAddress: GUID: 062535eac3e5dd1409b6a50b0d043e2c - Path: Packages/com.unity.collab-proxy/Editor/AssetOverlays/AssetStatus.cs - Importer: ScriptedImporter/UnityEditor.QuickSearchModule:UnityEditor.Search:ASIAI0B
Importing 'GUID: 062535eac3e5dd1409b6a50b0d043e2c - Path: Packages/com.unity.collab-proxy/Editor/AssetOverlays/AssetStatus.cs - Importer: ScriptedImporter/UnityEditor.QuickSearchModule:UnityEditor.Search:ASIAI0B' with importer (ScriptedImporter : UnityEditor.QuickSearchModule:UnityEditor.Search:ASIAI0B)
Imported 'GUID: 062535eac3e5dd1409b6a50b0d043e2c' -> (Import Result ID: '8e628f5baf8f3ff3e92d8305cc65e0c2') in 0.005 seconds [static and dynamic dependencies]. Details - ImportResultOutputID=dcbcc9611c7a4ee83575be49ae55d493 DependenciesID=3bd47d0cb302350014badaa55c3b31e5 StaticDependenciesID=fb1e25773d89f5763cbedae09ff2c413 
Number of updated asset objects reloaded before import = 0
Number of asset objects unloaded after import = 0
========================================================================
Received Import Request.
  Time of request: 2026-09-19T15:00:25.3069114Z
  Time since last request: 0.0009889 seconds.
  importAddress: GUID: 6cad902920d2d0e448b4a307b199d8fd - Path: Packages/com.unity.collab-proxy/Editor/AssetsUtils/ProjectPath.cs - Importer: ScriptedImporter/UnityEditor.QuickSearchModule:UnityEditor.Search:ASIAI0B
Importing 'GUID: 6cad902920d2d0e448b4a307b199d8fd - Path: Packages/com.unity.collab-proxy/Editor/AssetsUtils/ProjectPath.cs - Importer: ScriptedImporter/UnityEditor.QuickSearchModule:UnityEditor.Search:ASIAI0B' with importer (ScriptedImporter : UnityEditor.QuickSearchModule:UnityEditor.Search:ASIAI0B)
Imported 'GUID: 6cad902920d2d0e448b4a307b199d8fd' -> (Import Result ID: '408c2fa83d7ab8ae189c3c2fe7c9e251') in 0.004 seconds [static and dynamic dependencies]. Details - ImportResultOutputID=c582d319e97feaa5255b37b8604b5d9a DependenciesID=3bee8e446372447198373209a87f5bae StaticDependenciesID=6ad7033e8e1ea4b604c8144c7a065fb0 
Number of updated asset objects reloaded before import = 0
Number of asset objects unloaded after import = 0
========================================================================
Received Import Request.
  Time of request: 2026-09-19T15:00:25.3307337Z
  Time since last request: 0.0007879 seconds.
  importAddress: GUID: 7aad121cec1867b4493b3b31bc5c8a26 - Path: Packages/com.unity.collab-proxy/Editor/VCSBuiltInPlugin.cs - Importer: ScriptedImporter/UnityEditor.QuickSearchModule:UnityEditor.Search:ASIAI0B
Importing 'GUID: 7aad121cec1867b4493b3b31bc5c8a26 - Path: Packages/com.unity.collab-proxy/Editor/VCSBuiltInPlugin.cs - Importer: ScriptedImporter/UnityEditor.QuickSearchModule:UnityEditor.Search:ASIAI0B' with importer (ScriptedImporter : UnityEditor.QuickSearchModule:UnityEditor.Search:ASIAI0B)
Imported 'GUID: 7aad121cec1867b4493b3b31bc5c8a26' -> (Import Result ID: '57e5e8e06c7b92a2a902143b73071889') in 0.004 seconds [static and dynamic dependencies]. Details - ImportResultOutputID=ae0afa8766f2478a31f40554d27a8aa1 DependenciesID=033adf02fbbc86adafb446c2618bcfb6 StaticDependenciesID=fbce1b5fb9444776b0139647b61aac32 
Number of updated asset objects reloaded before import = 0
Number of asset objects unloaded after import = 0
========================================================================
Received Import Request.
  Time of request: 2026-09-19T15:00:25.3546233Z
  Time since last request: 0.0007149 seconds.
  importAddress: GUID: 4064021de8c73d44f9d4a0f99d80d5b0 - Path: Packages/com.unity.collab-proxy/Editor/CloudDrive/CloudDriveWindow.cs - Importer: ScriptedImporter/UnityEditor.QuickSearchModule:UnityEditor.Search:ASIAI0B
Importing 'GUID: 4064021de8c73d44f9d4a0f99d80d5b0 - Path: Packages/com.unity.collab-proxy/Editor/CloudDrive/CloudDriveWindow.cs - Importer: ScriptedImporter/UnityEditor.QuickSearchModule:UnityEditor.Search:ASIAI0B' with importer (ScriptedImporter : UnityEditor.QuickSearchModule:UnityEditor.Search:ASIAI0B)
Imported 'GUID: 4064021de8c73d44f9d4a0f99d80d5b0' -> (Import Result ID: 'f9a4612541088440c2ee5cf745b2f245') in 0.002 seconds [static and dynamic dependencies]. Details - ImportResultOutputID=acf327823ab8b3f07d275d30120965d9 DependenciesID=47385241b0cf618ae9c63b996c44b95b StaticDependenciesID=c1caea4f55b6183433e633298df9fd33 
Number of updated asset objects reloaded before import = 0
Number of asset objects unloaded after import = 0
========================================================================
Received Import Request.
  Time of request: 2026-09-19T15:00:25.3721458Z
  Time since last request: 0.0005984 seconds.
  importAddress: GUID: 896223e567b01c747b4726ef429e31ea - Path: Packages/com.unity.collab-proxy/Editor/ViewSwitcher.cs - Importer: ScriptedImporter/UnityEditor.QuickSearchModule:UnityEditor.Search:ASIAI0B
Importing 'GUID: 896223e567b01c747b4726ef429e31ea - Path: Packages/com.unity.collab-proxy/Editor/ViewSwitcher.cs - Importer: ScriptedImporter/UnityEditor.QuickSearchModule:UnityEditor.Search:ASIAI0B' with importer (ScriptedImporter : UnityEditor.QuickSearchModule:UnityEditor.Search:ASIAI0B)
Imported 'GUID: 896223e567b01c747b4726ef429e31ea' -> (Import Result ID: 'c324a05eb283b288187c2573489f168c') in 0.003 seconds [static and dynamic dependencies]. Details - ImportResultOutputID=525831923d0093cd6fe15e412a3994e2 DependenciesID=df4d145ad9575d04c418ff3beae268ff StaticDependenciesID=96311109118e892571d83f6f2a257f94 
Number of updated asset objects reloaded before import = 0
Number of asset objects unloaded after import = 0
========================================================================
Received Import Request.
  Time of request: 2026-09-19T15:00:25.391125Z
  Time since last request: 0.0006044 seconds.
  importAddress: GUID: 2d63e236b259c9b4c8c5175cb624721f - Path: Packages/com.unity.collab-proxy/Editor/WaitForPendingOperations.cs - Importer: ScriptedImporter/UnityEditor.QuickSearchModule:UnityEditor.Search:ASIAI0B
Importing 'GUID: 2d63e236b259c9b4c8c5175cb624721f - Path: Packages/com.unity.collab-proxy/Editor/WaitForPendingOperations.cs - Importer: ScriptedImporter/UnityEditor.QuickSearchModule:UnityEditor.Search:ASIAI0B' with importer (ScriptedImporter : UnityEditor.QuickSearchModule:UnityEditor.Search:ASIAI0B)
Imported 'GUID: 2d63e236b259c9b4c8c5175cb624721f' -> (Import Result ID: '7711c479863880c7aaaccbe68c78006d') in 0.003 seconds [static and dynamic dependencies]. Details - ImportResultOutputID=55f6a15d19779941e9d37311c854c0dd DependenciesID=2daef07128d81245d1026708bae7a75f StaticDependenciesID=51dd58aa0e9f4df1d1a1161486adccdb 
Number of updated asset objects reloaded before import = 0
Number of asset objects unloaded after import = 0
========================================================================
Received Import Request.
  Time of request: 2026-09-19T15:00:25.4120241Z
  Time since last request: 0.0005996 seconds.
  importAddress: GUID: c456fa791a741a045a8a99ee73af2ae6 - Path: Packages/com.unity.collab-proxy/Editor/AssetMenu/AssetMenuOperations.cs - Importer: ScriptedImporter/UnityEditor.QuickSearchModule:UnityEditor.Search:ASIAI0B
Importing 'GUID: c456fa791a741a045a8a99ee73af2ae6 - Path: Packages/com.unity.collab-proxy/Editor/AssetMenu/AssetMenuOperations.cs - Importer: ScriptedImporter/UnityEditor.QuickSearchModule:UnityEditor.Search:ASIAI0B' with importer (ScriptedImporter : UnityEditor.QuickSearchModule:UnityEditor.Search:ASIAI0B)
Imported 'GUID: c456fa791a741a045a8a99ee73af2ae6' -> (Import Result ID: '395c283b54b2efa2c2f6cf28dfa89e0a') in 0.003 seconds [static and dynamic dependencies]. Details - ImportResultOutputID=901138d4a39e3be71f0bd6c66b44d84a DependenciesID=856506d633e4a05580ec5467798202a7 StaticDependenciesID=5e45ea22fd3917e35fff5031338bf828 
Number of updated asset objects reloaded before import = 0
Number of asset objects unloaded after import = 0
========================================================================
Received Import Request.
  Time of request: 2026-09-19T15:00:25.4324394Z
  Time since last request: 0.0006905 seconds.
  importAddress: GUID: 1a494b476833467f9df3a23e8804595b - Path: Packages/com.unity.collab-proxy/Editor/Assistant/Unity.PlasticSCM.Editor.Assistant.asmdef - Importer: ScriptedImporter/UnityEditor.QuickSearchModule:UnityEditor.Search:ASIAI0B
Importing 'GUID: 1a494b476833467f9df3a23e8804595b - Path: Packages/com.unity.collab-proxy/Editor/Assistant/Unity.PlasticSCM.Editor.Assistant.asmdef - Importer: ScriptedImporter/UnityEditor.QuickSearchModule:UnityEditor.Search:ASIAI0B' with importer (ScriptedImporter : UnityEditor.QuickSearchModule:UnityEditor.Search:ASIAI0B)
Imported 'GUID: 1a494b476833467f9df3a23e8804595b' -> (Import Result ID: 'a2a0193ba836513e2afae968219046d7') in 0.009 seconds [static and dynamic dependencies]. Details - ImportResultOutputID=8c849ed35387591795be4f92078e2a8b DependenciesID=2410668aac89f5379b94fce35abcc275 StaticDependenciesID=b7ed80ef50f89bb4ca7f8a617f4db875 
Number of updated asset objects reloaded before import = 0
Number of asset objects unloaded after import = 1
========================================================================
Received Import Request.
  Time of request: 2026-09-19T15:00:25.4594862Z
  Time since last request: 0.0006132 seconds.
  importAddress: GUID: 802adf99bdbb1a3439a0a09ae5664192 - Path: Packages/com.unity.collab-proxy/Editor/AssetsUtils/SaveAssets.cs - Importer: ScriptedImporter/UnityEditor.QuickSearchModule:UnityEditor.Search:ASIAI0B
Importing 'GUID: 802adf99bdbb1a3439a0a09ae5664192 - Path: Packages/com.unity.collab-proxy/Editor/AssetsUtils/SaveAssets.cs - Importer: ScriptedImporter/UnityEditor.QuickSearchModule:UnityEditor.Search:ASIAI0B' with importer (ScriptedImporter : UnityEditor.QuickSearchModule:UnityEditor.Search:ASIAI0B)
Imported 'GUID: 802adf99bdbb1a3439a0a09ae5664192' -> (Import Result ID: '8c2b19620f3d939669fda7b6d056db09') in 0.004 seconds [static and dynamic dependencies]. Details - ImportResultOutputID=762f850206712dc71240ba11907516fa DependenciesID=aca07e1025ec989db3f0d4115e662220 StaticDependenciesID=f04a1b2ed2194535db6f85a6fa42c03d 
Number of updated asset objects reloaded before import = 0
Number of asset objects unloaded after import = 0
========================================================================
Received Import Request.
  Time of request: 2026-09-19T15:00:25.4811289Z
  Time since last request: 0.0007854 seconds.
  importAddress: GUID: cc9b578c680471e41965738c85cbabbf - Path: Packages/com.unity.collab-proxy/Editor/Developer/IncomingChangesNotification.cs - Importer: ScriptedImporter/UnityEditor.QuickSearchModule:UnityEditor.Search:ASIAI0B
Importing 'GUID: cc9b578c680471e41965738c85cbabbf - Path: Packages/com.unity.collab-proxy/Editor/Developer/IncomingChangesNotification.cs - Importer: ScriptedImporter/UnityEditor.QuickSearchModule:UnityEditor.Search:ASIAI0B' with importer (ScriptedImporter : UnityEditor.QuickSearchModule:UnityEditor.Search:ASIAI0B)
Imported 'GUID: cc9b578c680471e41965738c85cbabbf' -> (Import Result ID: '78152b140d4741e484b818a70e4aab27') in 0.003 seconds [static and dynamic dependencies]. Details - ImportResultOutputID=aa64213f8c73a12333c1f747241df2ed DependenciesID=a2be7a4b62b8d5abdc109bd4cf54eaee StaticDependenciesID=7f81bd0e9cca1e6886a15f4947c033b9 
Number of updated asset objects reloaded before import = 0
Number of asset objects unloaded after import = 0
========================================================================
Received Import Request.
  Time of request: 2026-09-19T15:00:25.501976Z
  Time since last request: 0.0005894 seconds.
  importAddress: GUID: a92f7c4434405984a811b4e7c316594e - Path: Packages/com.unity.collab-proxy/Editor/AssetOverlays/DrawAssetOverlayIcon.cs - Importer: ScriptedImporter/UnityEditor.QuickSearchModule:UnityEditor.Search:ASIAI0B
Importing 'GUID: a92f7c4434405984a811b4e7c316594e - Path: Packages/com.unity.collab-proxy/Editor/AssetOverlays/DrawAssetOverlayIcon.cs - Importer: ScriptedImporter/UnityEditor.QuickSearchModule:UnityEditor.Search:ASIAI0B' with importer (ScriptedImporter : UnityEditor.QuickSearchModule:UnityEditor.Search:ASIAI0B)
Imported 'GUID: a92f7c4434405984a811b4e7c316594e' -> (Import Result ID: '425ba44b58c4af6ba1015209e7a8c39b') in 0.003 seconds [static and dynamic dependencies]. Details - ImportResultOutputID=3fac95af5759ac462a3dbeb22023fcf1 DependenciesID=e2e92b5f54441da1d7346429a8078830 StaticDependenciesID=30819f6f56ff2106c7e1d2a79d2e7e09 
Number of updated asset objects reloaded before import = 0
Number of asset objects unloaded after import = 0
========================================================================
Received Import Request.
  Time of request: 2026-09-19T15:00:25.5217908Z
  Time since last request: 0.0005751 seconds.
  importAddress: GUID: 50d82b3e371b7cc42abc2999039b19cb - Path: Packages/com.unity.collab-proxy/Editor/Configuration/CredentialsUIImpl.cs - Importer: ScriptedImporter/UnityEditor.QuickSearchModule:UnityEditor.Search:ASIAI0B
Importing 'GUID: 50d82b3e371b7cc42abc2999039b19cb - Path: Packages/com.unity.collab-proxy/Editor/Configuration/CredentialsUIImpl.cs - Importer: ScriptedImporter/UnityEditor.QuickSearchModule:UnityEditor.Search:ASIAI0B' with importer (ScriptedImporter : UnityEditor.QuickSearchModule:UnityEditor.Search:ASIAI0B)
Imported 'GUID: 50d82b3e371b7cc42abc2999039b19cb' -> (Import Result ID: 'fc476cbcafdcfdda98d2b60eb4ae2070') in 0.002 seconds [static and dynamic dependencies]. Details - ImportResultOutputID=d6d5ec59a9cca1d39757339d82a72393 DependenciesID=8d5bf97bed00e99b95198f8505135abd StaticDependenciesID=6d9c91b5920ec9b0d1115a7f837a44cb 
Number of updated asset objects reloaded before import = 0
Number of asset objects unloaded after import = 0
========================================================================
Received Import Request.
  Time of request: 2026-09-19T15:00:25.5385933Z
  Time since last request: 0.000566 seconds.
  importAddress: GUID: 10217cf897d5d554f959f089ba9d38d2 - Path: Packages/com.unity.collab-proxy/Editor/CodeEditor/TextEditorComponent.cs - Importer: ScriptedImporter/UnityEditor.QuickSearchModule:UnityEditor.Search:ASIAI0B
Importing 'GUID: 10217cf897d5d554f959f089ba9d38d2 - Path: Packages/com.unity.collab-proxy/Editor/CodeEditor/TextEditorComponent.cs - Importer: ScriptedImporter/UnityEditor.QuickSearchModule:UnityEditor.Search:ASIAI0B' with importer (ScriptedImporter : UnityEditor.QuickSearchModule:UnityEditor.Search:ASIAI0B)
Imported 'GUID: 10217cf897d5d554f959f089ba9d38d2' -> (Import Result ID: '9e44e9e8c486f5e594bf7ac58c4e4d2c') in 0.003 seconds [static and dynamic dependencies]. Details - ImportResultOutputID=503851cf86c4987f3110e4577b8509ef DependenciesID=bc2fe93632c59fb65461b7dbbbf3baab StaticDependenciesID=8ca2ac007b2afc6ab3e4655776f415ce 
Number of updated asset objects reloaded before import = 0
Number of asset objects unloaded after import = 0
========================================================================
Received Import Request.
  Time of request: 2026-09-19T15:00:25.5543755Z
  Time since last request: 0.000513 seconds.
  importAddress: GUID: 408f89d90a01494cbef838c7d21449a9 - Path: Packages/com.unity.collab-proxy/Editor/AssetOverlays/AssetOverlay.cs - Importer: ScriptedImporter/UnityEditor.QuickSearchModule:UnityEditor.Search:ASIAI0B
Importing 'GUID: 408f89d90a01494cbef838c7d21449a9 - Path: Packages/com.unity.collab-proxy/Editor/AssetOverlays/AssetOverlay.cs - Importer: ScriptedImporter/UnityEditor.QuickSearchModule:UnityEditor.Search:ASIAI0B' with importer (ScriptedImporter : UnityEditor.QuickSearchModule:UnityEditor.Search:ASIAI0B)
Imported 'GUID: 408f89d90a01494cbef838c7d21449a9' -> (Import Result ID: 'b3248d37b7f5854a94186063ceb32e11') in 0.002 seconds [static and dynamic dependencies]. Details - ImportResultOutputID=a711a8d82295491c0dcf5dec22d6c9e1 DependenciesID=41c775f82dfe5ad1bab9ba4d3e2fcef4 StaticDependenciesID=0eb5e21e0a2ee05f6c7844d38463edd6 
Number of updated asset objects reloaded before import = 0
Number of asset objects unloaded after import = 0
========================================================================
Received Import Request.
  Time of request: 2026-09-19T15:00:25.5696642Z
  Time since last request: 0.000504 seconds.
  importAddress: GUID: f1969c6a4a44a474983058896f48d9f5 - Path: Packages/com.unity.collab-proxy/Editor/Configuration/SSOCredentialsDialog.cs - Importer: ScriptedImporter/UnityEditor.QuickSearchModule:UnityEditor.Search:ASIAI0B
Importing 'GUID: f1969c6a4a44a474983058896f48d9f5 - Path: Packages/com.unity.collab-proxy/Editor/Configuration/SSOCredentialsDialog.cs - Importer: ScriptedImporter/UnityEditor.QuickSearchModule:UnityEditor.Search:ASIAI0B' with importer (ScriptedImporter : UnityEditor.QuickSearchModule:UnityEditor.Search:ASIAI0B)
Imported 'GUID: f1969c6a4a44a474983058896f48d9f5' -> (Import Result ID: '583d9d9c49a2be341cd142bda3daacd4') in 0.003 seconds [static and dynamic dependencies]. Details - ImportResultOutputID=622a13a909aeea3b74e2b2c4f3d960c8 DependenciesID=e40aa03392a32eb2f149367daa004862 StaticDependenciesID=5cd798d7ae547af649778aa23f5e8679 
Number of updated asset objects reloaded before import = 0
Number of asset objects unloaded after import = 0
========================================================================
Received Import Request.
  Time of request: 2026-09-19T15:00:25.5899126Z
  Time since last request: 0.0012703 seconds.
  importAddress: GUID: 4f6e4f3809c687045b21461609e2f78b - Path: Packages/com.unity.collab-proxy/Editor/Configuration/MissingEncryptionPasswordPromptHandler.cs - Importer: ScriptedImporter/UnityEditor.QuickSearchModule:UnityEditor.Search:ASIAI0B
Importing 'GUID: 4f6e4f3809c687045b21461609e2f78b - Path: Packages/com.unity.collab-proxy/Editor/Configuration/MissingEncryptionPasswordPromptHandler.cs - Importer: ScriptedImporter/UnityEditor.QuickSearchModule:UnityEditor.Search:ASIAI0B' with importer (ScriptedImporter : UnityEditor.QuickSearchModule:UnityEditor.Search:ASIAI0B)
Imported 'GUID: 4f6e4f3809c687045b21461609e2f78b' -> (Import Result ID: '6e58f073c1a61c6f2f53a80994d5a570') in 0.003 seconds [static and dynamic dependencies]. Details - ImportResultOutputID=2564cabee9cf619af5f25adc8508767f DependenciesID=7fafb84394ea6a007ccb31e37ee05a17 StaticDependenciesID=2d74c0793c0917faf7e5b4c7420f9efc 
Number of updated asset objects reloaded before import = 0
Number of asset objects unloaded after import = 0
========================================================================
Received Import Request.
  Time of request: 2026-09-19T15:00:25.6053702Z
  Time since last request: 0.000488 seconds.
  importAddress: GUID: f1b80531a496e644abedd795c21274cb - Path: Packages/com.unity.collab-proxy/Editor/Developer/ProgressOperationHandler.cs - Importer: ScriptedImporter/UnityEditor.QuickSearchModule:UnityEditor.Search:ASIAI0B
Importing 'GUID: f1b80531a496e644abedd795c21274cb - Path: Packages/com.unity.collab-proxy/Editor/Developer/ProgressOperationHandler.cs - Importer: ScriptedImporter/UnityEditor.QuickSearchModule:UnityEditor.Search:ASIAI0B' with importer (ScriptedImporter : UnityEditor.QuickSearchModule:UnityEditor.Search:ASIAI0B)
Imported 'GUID: f1b80531a496e644abedd795c21274cb' -> (Import Result ID: '368c3baea51347d7fca704a638e3a4a5') in 0.005 seconds [static and dynamic dependencies]. Details - ImportResultOutputID=47e1c33d7d2af4f803dcf34abda164b3 DependenciesID=5b6371aa0161e5fffd522dfdf5e71383 StaticDependenciesID=0b34ceb7e5195b70fec73f82bdf3139c 
Number of updated asset objects reloaded before import = 0
Number of asset objects unloaded after import = 0
========================================================================
Received Import Request.
  Time of request: 2026-09-19T15:00:25.6263344Z
  Time since last request: 0.0006973 seconds.
  importAddress: GUID: 1acfe7cc6c5909f4a954500ea46f9123 - Path: Packages/com.unity.collab-proxy/Editor/CodeEditor/TextViewPosition.cs - Importer: ScriptedImporter/UnityEditor.QuickSearchModule:UnityEditor.Search:ASIAI0B
Importing 'GUID: 1acfe7cc6c5909f4a954500ea46f9123 - Path: Packages/com.unity.collab-proxy/Editor/CodeEditor/TextViewPosition.cs - Importer: ScriptedImporter/UnityEditor.QuickSearchModule:UnityEditor.Search:ASIAI0B' with importer (ScriptedImporter : UnityEditor.QuickSearchModule:UnityEditor.Search:ASIAI0B)
Imported 'GUID: 1acfe7cc6c5909f4a954500ea46f9123' -> (Import Result ID: 'a3b22bc0afe2d5c82b74254690886918') in 0.004 seconds [static and dynamic dependencies]. Details - ImportResultOutputID=4c318e3b9d00405b295acfd09ef0e673 DependenciesID=ef93699492457843562e0abe22360daa StaticDependenciesID=5297ff0ba19af9eb488fb0801f964459 
Number of updated asset objects reloaded before import = 0
Number of asset objects unloaded after import = 0
========================================================================
Received Import Request.
  Time of request: 2026-09-19T15:00:25.6490778Z
  Time since last request: 0.0010343 seconds.
  importAddress: GUID: c46424c57c6462945b14ac0c95281406 - Path: Packages/com.unity.collab-proxy/Editor/Configuration/CredentialsDialog.cs - Importer: ScriptedImporter/UnityEditor.QuickSearchModule:UnityEditor.Search:ASIAI0B
Importing 'GUID: c46424c57c6462945b14ac0c95281406 - Path: Packages/com.unity.collab-proxy/Editor/Configuration/CredentialsDialog.cs - Importer: ScriptedImporter/UnityEditor.QuickSearchModule:UnityEditor.Search:ASIAI0B' with importer (ScriptedImporter : UnityEditor.QuickSearchModule:UnityEditor.Search:ASIAI0B)
Imported 'GUID: c46424c57c6462945b14ac0c95281406' -> (Import Result ID: '3317186c1a79f6beca3de36f48a23075') in 0.004 seconds [static and dynamic dependencies]. Details - ImportResultOutputID=56671bba91a9a1f0e273f797e6e1df09 DependenciesID=03b14b704d7240b6812f745c8c8b1adb StaticDependenciesID=b714336ac4059dff2cb18b6df3808e09 
Number of updated asset objects reloaded before import = 0
Number of asset objects unloaded after import = 0
========================================================================
Received Import Request.
  Time of request: 2026-09-19T15:00:25.675812Z
  Time since last request: 0.0008272 seconds.
  importAddress: GUID: 7a0528634c1324f47b7e2e59266dfa4c - Path: Packages/com.unity.collab-proxy/Editor/Developer/CheckinProgress.cs - Importer: ScriptedImporter/UnityEditor.QuickSearchModule:UnityEditor.Search:ASIAI0B
Importing 'GUID: 7a0528634c1324f47b7e2e59266dfa4c - Path: Packages/com.unity.collab-proxy/Editor/Developer/CheckinProgress.cs - Importer: ScriptedImporter/UnityEditor.QuickSearchModule:UnityEditor.Search:ASIAI0B' with importer (ScriptedImporter : UnityEditor.QuickSearchModule:UnityEditor.Search:ASIAI0B)
Imported 'GUID: 7a0528634c1324f47b7e2e59266dfa4c' -> (Import Result ID: 'c0fa2f98573023d66412a54e15fcdd96') in 0.003 seconds [static and dynamic dependencies]. Details - ImportResultOutputID=5741bbb5552a31aafcba20ca84101ef7 DependenciesID=8b61a5dbdeb11fdb71c42890eb90666a StaticDependenciesID=61db9532dc3d2fc51349263d34d60536 
Number of updated asset objects reloaded before import = 0
Number of asset objects unloaded after import = 0
========================================================================
Received Import Request.
  Time of request: 2026-09-19T15:00:25.698333Z
  Time since last request: 0.0007732 seconds.
  importAddress: GUID: 3ca37c23169aa469dbf15a7acb988d05 - Path: Packages/com.unity.collab-proxy/Editor/Assistant/AssemblyInfo.cs - Importer: ScriptedImporter/UnityEditor.QuickSearchModule:UnityEditor.Search:ASIAI0B
Importing 'GUID: 3ca37c23169aa469dbf15a7acb988d05 - Path: Packages/com.unity.collab-proxy/Editor/Assistant/AssemblyInfo.cs - Importer: ScriptedImporter/UnityEditor.QuickSearchModule:UnityEditor.Search:ASIAI0B' with importer (ScriptedImporter : UnityEditor.QuickSearchModule:UnityEditor.Search:ASIAI0B)
Imported 'GUID: 3ca37c23169aa469dbf15a7acb988d05' -> (Import Result ID: 'c45507d6df4bb550ec4a4358e0ae5ecc') in 0.004 seconds [static and dynamic dependencies]. Details - ImportResultOutputID=60bc3b424b565b33967fc1c6e92e574d DependenciesID=ce1c6fe68d84279bbdd353830346bd0a StaticDependenciesID=40903611a504acdee10b592904351b56 
Number of updated asset objects reloaded before import = 0
Number of asset objects unloaded after import = 0
========================================================================
Received Import Request.
  Time of request: 2026-09-19T15:00:25.7237291Z
  Time since last request: 0.0011331 seconds.
  importAddress: GUID: f32f865aa8b3e3341be18107db54b5cb - Path: Packages/com.unity.collab-proxy/Editor/UVCSToolbarButtonIsShownPreference.cs - Importer: ScriptedImporter/UnityEditor.QuickSearchModule:UnityEditor.Search:ASIAI0B
Importing 'GUID: f32f865aa8b3e3341be18107db54b5cb - Path: Packages/com.unity.collab-proxy/Editor/UVCSToolbarButtonIsShownPreference.cs - Importer: ScriptedImporter/UnityEditor.QuickSearchModule:UnityEditor.Search:ASIAI0B' with importer (ScriptedImporter : UnityEditor.QuickSearchModule:UnityEditor.Search:ASIAI0B)
Imported 'GUID: f32f865aa8b3e3341be18107db54b5cb' -> (Import Result ID: 'c6a773f0c6fba0be57e0e77db491e907') in 0.004 seconds [static and dynamic dependencies]. Details - ImportResultOutputID=7a6e49c21bdaba4483729fe36ae9b760 DependenciesID=9e7b86e5e5224dd8a3817f476b1832c3 StaticDependenciesID=bbb1c386e3612dd1336ed0be1cb6d14a 
Number of updated asset objects reloaded before import = 0
Number of asset objects unloaded after import = 0
========================================================================
Received Import Request.
  Time of request: 2026-09-19T15:00:25.765446Z
  Time since last request: 0.0120625 seconds.
  importAddress: GUID: 06527df79395b4dcc9e013234ed80bad - Path: Packages/com.unity.collab-proxy/Editor/Api/UnityVersionControlUiApi.cs - Importer: ScriptedImporter/UnityEditor.QuickSearchModule:UnityEditor.Search:ASIAI0B
Importing 'GUID: 06527df79395b4dcc9e013234ed80bad - Path: Packages/com.unity.collab-proxy/Editor/Api/UnityVersionControlUiApi.cs - Importer: ScriptedImporter/UnityEditor.QuickSearchModule:UnityEditor.Search:ASIAI0B' with importer (ScriptedImporter : UnityEditor.QuickSearchModule:UnityEditor.Search:ASIAI0B)
Imported 'GUID: 06527df79395b4dcc9e013234ed80bad' -> (Import Result ID: '27dd3c3e418ee7ccea9d55a3fae097f9') in 0.012 seconds [static and dynamic dependencies]. Details - ImportResultOutputID=e04a973ea459ad74cba25228767a3acd DependenciesID=1b21e6779453ae21974a28d5dd29db26 StaticDependenciesID=1b9c830655c63a7fc481d2e2738d6f17 
Number of updated asset objects reloaded before import = 0
Number of asset objects unloaded after import = 0
========================================================================
Received Import Request.
  Time of request: 2026-09-19T15:00:25.7994097Z
  Time since last request: 0.0011518 seconds.
  importAddress: GUID: b4eb3fe08d1dc86419dee5ddcc40baae - Path: Packages/com.unity.collab-proxy/Editor/AssetMenu/AssetFilesFilterPatternsMenuBuilder.cs - Importer: ScriptedImporter/UnityEditor.QuickSearchModule:UnityEditor.Search:ASIAI0B
Importing 'GUID: b4eb3fe08d1dc86419dee5ddcc40baae - Path: Packages/com.unity.collab-proxy/Editor/AssetMenu/AssetFilesFilterPatternsMenuBuilder.cs - Importer: ScriptedImporter/UnityEditor.QuickSearchModule:UnityEditor.Search:ASIAI0B' with importer (ScriptedImporter : UnityEditor.QuickSearchModule:UnityEditor.Search:ASIAI0B)
Imported 'GUID: b4eb3fe08d1dc86419dee5ddcc40baae' -> (Import Result ID: '3c7763bd6cc5aaa354831da8eb5c14cb') in 0.007 seconds [static and dynamic dependencies]. Details - ImportResultOutputID=cbfe3ca296c343cd4f26cfb67b97e2a1 DependenciesID=560a6504f0b5e75fe15ff653f758935d StaticDependenciesID=52690164834faf853c2b4db6601f9a11 
Number of updated asset objects reloaded before import = 0
Number of asset objects unloaded after import = 0
========================================================================
Received Import Request.
  Time of request: 2026-09-19T15:00:25.8282416Z
  Time since last request: 0.0015823 seconds.
  importAddress: GUID: 4a1d41c16a2a049f389fd9cb47230775 - Path: Packages/com.unity.collab-proxy/Editor/CodeEditor/TextEditor.cs - Importer: ScriptedImporter/UnityEditor.QuickSearchModule:UnityEditor.Search:ASIAI0B
Importing 'GUID: 4a1d41c16a2a049f389fd9cb47230775 - Path: Packages/com.unity.collab-proxy/Editor/CodeEditor/TextEditor.cs - Importer: ScriptedImporter/UnityEditor.QuickSearchModule:UnityEditor.Search:ASIAI0B' with importer (ScriptedImporter : UnityEditor.QuickSearchModule:UnityEditor.Search:ASIAI0B)
Imported 'GUID: 4a1d41c16a2a049f389fd9cb47230775' -> (Import Result ID: 'f0d5b9a4029fbc172a7d0b07e1562a95') in 0.005 seconds [static and dynamic dependencies]. Details - ImportResultOutputID=af1a230981eb7a2c4e21b2e6e773c292 DependenciesID=0c1a7fb4e713bbba8d88a0a2839553ea StaticDependenciesID=8137095e05b90f310bea5fccb04b1a4b 
Number of updated asset objects reloaded before import = 0
Number of asset objects unloaded after import = 0
========================================================================
Received Import Request.
  Time of request: 2026-09-19T15:00:25.8555458Z
  Time since last request: 0.0007986 seconds.
  importAddress: GUID: 7c21251ff4b7d844292a388e81e47e59 - Path: Packages/com.unity.collab-proxy/Editor/Configuration/AutoConfig.cs - Importer: ScriptedImporter/UnityEditor.QuickSearchModule:UnityEditor.Search:ASIAI0B
Importing 'GUID: 7c21251ff4b7d844292a388e81e47e59 - Path: Packages/com.unity.collab-proxy/Editor/Configuration/AutoConfig.cs - Importer: ScriptedImporter/UnityEditor.QuickSearchModule:UnityEditor.Search:ASIAI0B' with importer (ScriptedImporter : UnityEditor.QuickSearchModule:UnityEditor.Search:ASIAI0B)
Imported 'GUID: 7c21251ff4b7d844292a388e81e47e59' -> (Import Result ID: 'aeeea98cff20cd7f3be3026d6c36271a') in 0.004 seconds [static and dynamic dependencies]. Details - ImportResultOutputID=7dae2e16b68c862ea8923695709bded3 DependenciesID=6f268d62c40b045d60abc3c03affa178 StaticDependenciesID=8f467e28554f1b2716c31e7abfe7cfe9 
Number of updated asset objects reloaded before import = 0
Number of asset objects unloaded after import = 0
========================================================================
Received Import Request.
  Time of request: 2026-09-19T15:00:25.8850546Z
  Time since last request: 0.0008148 seconds.
  importAddress: GUID: d2a9f8ad3405465db8e62d36f2686b68 - Path: Packages/com.unity.collab-proxy/Editor/AssetMenu/AssetCopyPathOperation.cs - Importer: ScriptedImporter/UnityEditor.QuickSearchModule:UnityEditor.Search:ASIAI0B
Importing 'GUID: d2a9f8ad3405465db8e62d36f2686b68 - Path: Packages/com.unity.collab-proxy/Editor/AssetMenu/AssetCopyPathOperation.cs - Importer: ScriptedImporter/UnityEditor.QuickSearchModule:UnityEditor.Search:ASIAI0B' with importer (ScriptedImporter : UnityEditor.QuickSearchModule:UnityEditor.Search:ASIAI0B)
Imported 'GUID: d2a9f8ad3405465db8e62d36f2686b68' -> (Import Result ID: '902646bbfea19841dd56179afaa85f40') in 0.008 seconds [static and dynamic dependencies]. Details - ImportResultOutputID=d9f02ebe0016ed1648119f12ab078ac9 DependenciesID=7ebb6f62390370672bd9a7a2635947e3 StaticDependenciesID=685008d9fe990d1a503ffa4a759cc7c7 
Number of updated asset objects reloaded before import = 0
Number of asset objects unloaded after import = 0
========================================================================
Received Import Request.
  Time of request: 2026-09-19T15:00:25.9168899Z
  Time since last request: 0.0006716 seconds.
  importAddress: GUID: d30dfeb72257204458e1e8e1576b84ba - Path: Packages/com.unity.collab-proxy/Editor/AssetOverlays/DrawProjectOverlay.cs - Importer: ScriptedImporter/UnityEditor.QuickSearchModule:UnityEditor.Search:ASIAI0B
Importing 'GUID: d30dfeb72257204458e1e8e1576b84ba - Path: Packages/com.unity.collab-proxy/Editor/AssetOverlays/DrawProjectOverlay.cs - Importer: ScriptedImporter/UnityEditor.QuickSearchModule:UnityEditor.Search:ASIAI0B' with importer (ScriptedImporter : UnityEditor.QuickSearchModule:UnityEditor.Search:ASIAI0B)
Imported 'GUID: d30dfeb72257204458e1e8e1576b84ba' -> (Import Result ID: 'e763c09a580bc17143d5e03956208cab') in 0.003 seconds [static and dynamic dependencies]. Details - ImportResultOutputID=a863090ddc3eb408113a58c479a9f494 DependenciesID=6fc56d178664622a6f1da99ac39d628c StaticDependenciesID=8cf6aec0a1e772948bf576163fcd37b0 
Number of updated asset objects reloaded before import = 0
Number of asset objects unloaded after import = 0
========================================================================
Received Import Request.
  Time of request: 2026-09-19T15:00:25.9393718Z
  Time since last request: 0.0005582 seconds.
  importAddress: GUID: e9e00039daba468c8a0dbcffa3506c1d - Path: Packages/com.unity.collab-proxy/Editor/VisualElementExtensions.cs - Importer: ScriptedImporter/UnityEditor.QuickSearchModule:UnityEditor.Search:ASIAI0B
Importing 'GUID: e9e00039daba468c8a0dbcffa3506c1d - Path: Packages/com.unity.collab-proxy/Editor/VisualElementExtensions.cs - Importer: ScriptedImporter/UnityEditor.QuickSearchModule:UnityEditor.Search:ASIAI0B' with importer (ScriptedImporter : UnityEditor.QuickSearchModule:UnityEditor.Search:ASIAI0B)
Imported 'GUID: e9e00039daba468c8a0dbcffa3506c1d' -> (Import Result ID: '404bda891042497f6cdd341ea20cb22a') in 0.004 seconds [static and dynamic dependencies]. Details - ImportResultOutputID=45c37c9a3fe6becf81b6d17410eb6129 DependenciesID=e3ca42f8ae5e87cd8d373aea7cdc6397 StaticDependenciesID=92947a111b8d62acc3cdc22a600571d6 
Number of updated asset objects reloaded before import = 0
Number of asset objects unloaded after import = 0
========================================================================
Received Import Request.
  Time of request: 2026-09-19T15:00:25.9596799Z
  Time since last request: 0.0006889 seconds.
  importAddress: GUID: a077a49d9db9de74f827f0568f6e65c2 - Path: Packages/com.unity.collab-proxy/Editor/AssetsUtils/AssetsPath.cs - Importer: ScriptedImporter/UnityEditor.QuickSearchModule:UnityEditor.Search:ASIAI0B
Importing 'GUID: a077a49d9db9de74f827f0568f6e65c2 - Path: Packages/com.unity.collab-proxy/Editor/AssetsUtils/AssetsPath.cs - Importer: ScriptedImporter/UnityEditor.QuickSearchModule:UnityEditor.Search:ASIAI0B' with importer (ScriptedImporter : UnityEditor.QuickSearchModule:UnityEditor.Search:ASIAI0B)
Imported 'GUID: a077a49d9db9de74f827f0568f6e65c2' -> (Import Result ID: '035c82ffa018a8cfd48054ac4ce1de47') in 0.005 seconds [static and dynamic dependencies]. Details - ImportResultOutputID=cc89b46f185a2cd54a5bf48c94e1b1e3 DependenciesID=2a62bd7076d14126c90fb7ed4258f456 StaticDependenciesID=af180f59308becf0e1f4023a3569b616 
Number of updated asset objects reloaded before import = 0
Number of asset objects unloaded after import = 0
========================================================================
Received Import Request.
  Time of request: 2026-09-19T15:00:25.9839538Z
  Time since last request: 0.0006709 seconds.
  importAddress: GUID: 2b3223ee740687445a7e4bc793fa2aae - Path: Packages/com.unity.collab-proxy/Editor/Configuration/ConfigurePartialWorkspace.cs - Importer: ScriptedImporter/UnityEditor.QuickSearchModule:UnityEditor.Search:ASIAI0B
Importing 'GUID: 2b3223ee740687445a7e4bc793fa2aae - Path: Packages/com.unity.collab-proxy/Editor/Configuration/ConfigurePartialWorkspace.cs - Importer: ScriptedImporter/UnityEditor.QuickSearchModule:UnityEditor.Search:ASIAI0B' with importer (ScriptedImporter : UnityEditor.QuickSearchModule:UnityEditor.Search:ASIAI0B)
Imported 'GUID: 2b3223ee740687445a7e4bc793fa2aae' -> (Import Result ID: '8d81192632098c1c40c82f00714ba468') in 0.005 seconds [static and dynamic dependencies]. Details - ImportResultOutputID=9391c28f9f0bbb0b27c252dd878ae0b3 DependenciesID=1411ae612b8bfd60b1c0fd79228fde06 StaticDependenciesID=78f9f8bbbd974e5acd7466cce2eff38d 
Number of updated asset objects reloaded before import = 0
Number of asset objects unloaded after import = 0
========================================================================
Received Import Request.
  Time of request: 2026-09-19T15:00:26.0058547Z
  Time since last request: 0.0006582 seconds.
  importAddress: GUID: d9369fa547ca81b4fafa42a3e74c1b7a - Path: Packages/com.unity.collab-proxy/Editor/AssetsUtils/GetSelectedPaths.cs - Importer: ScriptedImporter/UnityEditor.QuickSearchModule:UnityEditor.Search:ASIAI0B
Importing 'GUID: d9369fa547ca81b4fafa42a3e74c1b7a - Path: Packages/com.unity.collab-proxy/Editor/AssetsUtils/GetSelectedPaths.cs - Importer: ScriptedImporter/UnityEditor.QuickSearchModule:UnityEditor.Search:ASIAI0B' with importer (ScriptedImporter : UnityEditor.QuickSearchModule:UnityEditor.Search:ASIAI0B)
Imported 'GUID: d9369fa547ca81b4fafa42a3e74c1b7a' -> (Import Result ID: '368facd7fd5a237c43f6daa134f6ce46') in 0.003 seconds [static and dynamic dependencies]. Details - ImportResultOutputID=47ca1e2883e96175d432e28b276c1c0b DependenciesID=992d4fd0a450c8b49a26984c6fce43e1 StaticDependenciesID=d2261b0005739018fde7200790e2e705 
Number of updated asset objects reloaded before import = 0
Number of asset objects unloaded after import = 0
========================================================================
Received Import Request.
  Time of request: 2026-09-19T15:00:26.0238861Z
  Time since last request: 0.0005126 seconds.
  importAddress: GUID: edf8d7a4bab748b4a77c198d33394e58 - Path: Packages/com.unity.collab-proxy/Editor/Configuration/ClientConfiguration.cs - Importer: ScriptedImporter/UnityEditor.QuickSearchModule:UnityEditor.Search:ASIAI0B
Importing 'GUID: edf8d7a4bab748b4a77c198d33394e58 - Path: Packages/com.unity.collab-proxy/Editor/Configuration/ClientConfiguration.cs - Importer: ScriptedImporter/UnityEditor.QuickSearchModule:UnityEditor.Search:ASIAI0B' with importer (ScriptedImporter : UnityEditor.QuickSearchModule:UnityEditor.Search:ASIAI0B)
Imported 'GUID: edf8d7a4bab748b4a77c198d33394e58' -> (Import Result ID: '9cbcd6bacb11814aa6173be9e75af0c6') in 0.003 seconds [static and dynamic dependencies]. Details - ImportResultOutputID=1a659db789f8a14976b333d31386ec33 DependenciesID=54648ff26068a9c04daac75e70efea8d StaticDependenciesID=dfaccf79e62088bf03e8943bf4ef466c 
Number of updated asset objects reloaded before import = 0
Number of asset objects unloaded after import = 0
========================================================================
Received Import Request.
  Time of request: 2026-09-19T15:00:26.0439861Z
  Time since last request: 0.000608 seconds.
  importAddress: GUID: 7c8a8e3e4456f9149905cf2c80aa41a9 - Path: Packages/com.unity.collab-proxy/Editor/AssetMenu/ProjectViewUVCSAssetMenu.cs - Importer: ScriptedImporter/UnityEditor.QuickSearchModule:UnityEditor.Search:ASIAI0B
Importing 'GUID: 7c8a8e3e4456f9149905cf2c80aa41a9 - Path: Packages/com.unity.collab-proxy/Editor/AssetMenu/ProjectViewUVCSAssetMenu.cs - Importer: ScriptedImporter/UnityEditor.QuickSearchModule:UnityEditor.Search:ASIAI0B' with importer (ScriptedImporter : UnityEditor.QuickSearchModule:UnityEditor.Search:ASIAI0B)
Imported 'GUID: 7c8a8e3e4456f9149905cf2c80aa41a9' -> (Import Result ID: '72ae99196f877f96f7ad6870f6aca666') in 0.003 seconds [static and dynamic dependencies]. Details - ImportResultOutputID=a462499d7aea8162f940d472a7aab633 DependenciesID=a3b69137a49472d95709786a4903759c StaticDependenciesID=08854a75bc7baf2f2754410f3d99ce17 
Number of updated asset objects reloaded before import = 0
Number of asset objects unloaded after import = 0
========================================================================
Received Import Request.
  Time of request: 2026-09-19T15:00:26.0625751Z
  Time since last request: 0.000358 seconds.
  importAddress: GUID: 7495e44f1cb132745a310485807e68f6 - Path: Packages/com.unity.collab-proxy/Editor/AssetsUtils/RefreshAsset.cs - Importer: ScriptedImporter/UnityEditor.QuickSearchModule:UnityEditor.Search:ASIAI0B
Importing 'GUID: 7495e44f1cb132745a310485807e68f6 - Path: Packages/com.unity.collab-proxy/Editor/AssetsUtils/RefreshAsset.cs - Importer: ScriptedImporter/UnityEditor.QuickSearchModule:UnityEditor.Search:ASIAI0B' with importer (ScriptedImporter : UnityEditor.QuickSearchModule:UnityEditor.Search:ASIAI0B)
Imported 'GUID: 7495e44f1cb132745a310485807e68f6' -> (Import Result ID: '3668387ddc83c64307eb6c82bdebbb96') in 0.006 seconds [static and dynamic dependencies]. Details - ImportResultOutputID=c1791d40bba1a098ec264470ae45f8b7 DependenciesID=1cf5a16773c2ff4fc4fd8c342ea9467f StaticDependenciesID=49b6628d2b6dbc08d81fbce71d2b22e1 
Number of updated asset objects reloaded before import = 0
Number of asset objects unloaded after import = 0
========================================================================
Received Import Request.
  Time of request: 2026-09-19T15:00:26.0833232Z
  Time since last request: 0.0005385 seconds.
  importAddress: GUID: 14df2a8f74d04d89a24fbbad8cf2037b - Path: Packages/com.unity.collab-proxy/Editor/CloudDrive/RefreshAsset.cs - Importer: ScriptedImporter/UnityEditor.QuickSearchModule:UnityEditor.Search:ASIAI0B
Importing 'GUID: 14df2a8f74d04d89a24fbbad8cf2037b - Path: Packages/com.unity.collab-proxy/Editor/CloudDrive/RefreshAsset.cs - Importer: ScriptedImporter/UnityEditor.QuickSearchModule:UnityEditor.Search:ASIAI0B' with importer (ScriptedImporter : UnityEditor.QuickSearchModule:UnityEditor.Search:ASIAI0B)
Imported 'GUID: 14df2a8f74d04d89a24fbbad8cf2037b' -> (Import Result ID: '81ff6d257003fb5b3cad0975e394ae33') in 0.004 seconds [static and dynamic dependencies]. Details - ImportResultOutputID=b11a266766bf07cc78b7e3ce47e51058 DependenciesID=e7ef62a75adde9e8d4563f1d04a15033 StaticDependenciesID=3ce689962b8b68443987703eee52fdf0 
Number of updated asset objects reloaded before import = 0
Number of asset objects unloaded after import = 0
========================================================================
Received Import Request.
  Time of request: 2026-09-19T15:00:26.1060793Z
  Time since last request: 0.0006305 seconds.
  importAddress: GUID: 9203e3f44c0ecfd42953709384a56c4d - Path: Packages/com.unity.collab-proxy/Editor/AssetsUtils/RepaintEditor.cs - Importer: ScriptedImporter/UnityEditor.QuickSearchModule:UnityEditor.Search:ASIAI0B
Importing 'GUID: 9203e3f44c0ecfd42953709384a56c4d - Path: Packages/com.unity.collab-proxy/Editor/AssetsUtils/RepaintEditor.cs - Importer: ScriptedImporter/UnityEditor.QuickSearchModule:UnityEditor.Search:ASIAI0B' with importer (ScriptedImporter : UnityEditor.QuickSearchModule:UnityEditor.Search:ASIAI0B)
Imported 'GUID: 9203e3f44c0ecfd42953709384a56c4d' -> (Import Result ID: '417d335a5e7b223ae57318eee42c9ebc') in 0.004 seconds [static and dynamic dependencies]. Details - ImportResultOutputID=6dd896385fa89c6f1235e7cff540ca4d DependenciesID=9eb30d11a858f299a50ca468f50a641f StaticDependenciesID=fde5cf71e5c7e79e6be63a05e6444d16 
Number of updated asset objects reloaded before import = 0
Number of asset objects unloaded after import = 0
========================================================================
Received Import Request.
  Time of request: 2026-09-19T15:00:26.1259752Z
  Time since last request: 0.0007051 seconds.
  importAddress: GUID: 69c93fadaeb340eca663fdeb3ba79614 - Path: Packages/com.unity.collab-proxy/Editor/CodeEditor/ScrollBarVisibility.cs - Importer: ScriptedImporter/UnityEditor.QuickSearchModule:UnityEditor.Search:ASIAI0B
Importing 'GUID: 69c93fadaeb340eca663fdeb3ba79614 - Path: Packages/com.unity.collab-proxy/Editor/CodeEditor/ScrollBarVisibility.cs - Importer: ScriptedImporter/UnityEditor.QuickSearchModule:UnityEditor.Search:ASIAI0B' with importer (ScriptedImporter : UnityEditor.QuickSearchModule:UnityEditor.Search:ASIAI0B)
Imported 'GUID: 69c93fadaeb340eca663fdeb3ba79614' -> (Import Result ID: 'e210084c8a0c09430499c78c8ce9f44f') in 0.002 seconds [static and dynamic dependencies]. Details - ImportResultOutputID=2995f0630769169d1e06bf249dba7aea DependenciesID=3a97a9ad7e0076df8d02506ae1f2218b StaticDependenciesID=7f119ee463ff351b3f86a211a406f0ca 
Number of updated asset objects reloaded before import = 0
Number of asset objects unloaded after import = 0
========================================================================
Received Import Request.
  Time of request: 2026-09-19T15:00:26.1444982Z
  Time since last request: 0.0006424 seconds.
  importAddress: GUID: ad736c857532f410a8814a8d5dd96a84 - Path: Packages/com.unity.collab-proxy/Editor/CodeEditor/SearchPanelLocalization.cs - Importer: ScriptedImporter/UnityEditor.QuickSearchModule:UnityEditor.Search:ASIAI0B
Importing 'GUID: ad736c857532f410a8814a8d5dd96a84 - Path: Packages/com.unity.collab-proxy/Editor/CodeEditor/SearchPanelLocalization.cs - Importer: ScriptedImporter/UnityEditor.QuickSearchModule:UnityEditor.Search:ASIAI0B' with importer (ScriptedImporter : UnityEditor.QuickSearchModule:UnityEditor.Search:ASIAI0B)
Imported 'GUID: ad736c857532f410a8814a8d5dd96a84' -> (Import Result ID: '06addf256296e257f546e10d9a71b2c8') in 0.003 seconds [static and dynamic dependencies]. Details - ImportResultOutputID=a062bf30bc4655c9deb4089e8422248e DependenciesID=5d3d6b0734b8c6d5710b58581ab0cb2e StaticDependenciesID=b2043dd3b304ff8ccb4e1c8d4336d09a 
Number of updated asset objects reloaded before import = 0
Number of asset objects unloaded after import = 0
========================================================================
Received Import Request.
  Time of request: 2026-09-19T15:00:26.3073975Z
  Time since last request: 0.1477515 seconds.
  importAddress: GUID: c00693f5365e54a4eb5f9ac96da13749 - Path: Packages/com.unity.collab-proxy/Editor/Headless/HeadlessWorkspaceStatusChangeListener.cs - Importer: ScriptedImporter/UnityEditor.QuickSearchModule:UnityEditor.Search:ASIAI0B
Importing 'GUID: c00693f5365e54a4eb5f9ac96da13749 - Path: Packages/com.unity.collab-proxy/Editor/Headless/HeadlessWorkspaceStatusChangeListener.cs - Importer: ScriptedImporter/UnityEditor.QuickSearchModule:UnityEditor.Search:ASIAI0B' with importer (ScriptedImporter : UnityEditor.QuickSearchModule:UnityEditor.Search:ASIAI0B)
Imported 'GUID: c00693f5365e54a4eb5f9ac96da13749' -> (Import Result ID: 'b64614582a668128eec18f804a82e5b2') in 0.003 seconds [static and dynamic dependencies]. Details - ImportResultOutputID=d3c9e1feb1604cb9bbe43e841499f52a DependenciesID=e78cc1bb5f20b0a7040d609d1bc37657 StaticDependenciesID=7f0e18c59c8e3402aeea4e09f6e4cc21 
Number of updated asset objects reloaded before import = 0
Number of asset objects unloaded after import = 0
========================================================================
Received Import Request.
  Time of request: 2026-09-19T15:00:26.3286967Z
  Time since last request: 0.000699 seconds.
  importAddress: GUID: c0fb4867bb584f229fb38202476e0ce5 - Path: Packages/com.unity.collab-proxy/Editor/Topbar/Breadcrumb.cs - Importer: ScriptedImporter/UnityEditor.QuickSearchModule:UnityEditor.Search:ASIAI0B
Importing 'GUID: c0fb4867bb584f229fb38202476e0ce5 - Path: Packages/com.unity.collab-proxy/Editor/Topbar/Breadcrumb.cs - Importer: ScriptedImporter/UnityEditor.QuickSearchModule:UnityEditor.Search:ASIAI0B' with importer (ScriptedImporter : UnityEditor.QuickSearchModule:UnityEditor.Search:ASIAI0B)
Imported 'GUID: c0fb4867bb584f229fb38202476e0ce5' -> (Import Result ID: 'c333891168917af67c19268349559075') in 0.003 seconds [static and dynamic dependencies]. Details - ImportResultOutputID=4e9b5eb3beb4ddc00f2152a1a9fc61ac DependenciesID=119c11341158a5a295ce2be4ff04efbd StaticDependenciesID=26a19cdaed52a87a591876f2e1a5e9ea 
Number of updated asset objects reloaded before import = 0
Number of asset objects unloaded after import = 0
========================================================================
Received Import Request.
  Time of request: 2026-09-19T15:00:26.3478103Z
  Time since last request: 0.0007421 seconds.
  importAddress: GUID: a863d083557069b458628045916c1724 - Path: Packages/com.unity.collab-proxy/Editor/Headless/HeadlessGluonViewHost.cs - Importer: ScriptedImporter/UnityEditor.QuickSearchModule:UnityEditor.Search:ASIAI0B
Importing 'GUID: a863d083557069b458628045916c1724 - Path: Packages/com.unity.collab-proxy/Editor/Headless/HeadlessGluonViewHost.cs - Importer: ScriptedImporter/UnityEditor.QuickSearchModule:UnityEditor.Search:ASIAI0B' with importer (ScriptedImporter : UnityEditor.QuickSearchModule:UnityEditor.Search:ASIAI0B)
Imported 'GUID: a863d083557069b458628045916c1724' -> (Import Result ID: '329d63350212600bc9d8eb23294bd5a8') in 0.003 seconds [static and dynamic dependencies]. Details - ImportResultOutputID=1d8fb1e57042ea860e3f5633ea9016d3 DependenciesID=313e44124f203cd6fc7c58e8f2303c13 StaticDependenciesID=658d08722b4ace57230ba1af6ea40c62 
Number of updated asset objects reloaded before import = 0
Number of asset objects unloaded after import = 0
========================================================================
Received Import Request.
  Time of request: 2026-09-19T15:00:26.3660986Z
  Time since last request: 0.0007064 seconds.
  importAddress: GUID: 3d2304fd911974785b2dd0bcde004980 - Path: Packages/com.unity.collab-proxy/Editor/Diff/RefreshAssetsPanel.cs - Importer: ScriptedImporter/UnityEditor.QuickSearchModule:UnityEditor.Search:ASIAI0B
Importing 'GUID: 3d2304fd911974785b2dd0bcde004980 - Path: Packages/com.unity.collab-proxy/Editor/Diff/RefreshAssetsPanel.cs - Importer: ScriptedImporter/UnityEditor.QuickSearchModule:UnityEditor.Search:ASIAI0B' with importer (ScriptedImporter : UnityEditor.QuickSearchModule:UnityEditor.Search:ASIAI0B)
Imported 'GUID: 3d2304fd911974785b2dd0bcde004980' -> (Import Result ID: '78ddfb867f4553d184ef9840ba023e4b') in 0.004 seconds [static and dynamic dependencies]. Details - ImportResultOutputID=eb435ff5ba38d67ee611088e22cb0300 DependenciesID=e7eac55f8bd27b224eb1572f8a9680cc StaticDependenciesID=ee0171094cb07bd0a12bb125965568b4 
Number of updated asset objects reloaded before import = 0
Number of asset objects unloaded after import = 0
========================================================================
Received Import Request.
  Time of request: 2026-09-19T15:00:26.3856216Z
  Time since last request: 0.0004624 seconds.
  importAddress: GUID: d8da5f578b092c047880b2897f1adf08 - Path: Packages/com.unity.collab-proxy/Editor/Headless/HeadlessGluonUpdateReport.cs - Importer: ScriptedImporter/UnityEditor.QuickSearchModule:UnityEditor.Search:ASIAI0B
Importing 'GUID: d8da5f578b092c047880b2897f1adf08 - Path: Packages/com.unity.collab-proxy/Editor/Headless/HeadlessGluonUpdateReport.cs - Importer: ScriptedImporter/UnityEditor.QuickSearchModule:UnityEditor.Search:ASIAI0B' with importer (ScriptedImporter : UnityEditor.QuickSearchModule:UnityEditor.Search:ASIAI0B)
Imported 'GUID: d8da5f578b092c047880b2897f1adf08' -> (Import Result ID: 'a0d24e78c049519f994f72515a2f82d8') in 0.003 seconds [static and dynamic dependencies]. Details - ImportResultOutputID=b599419c7886a8e508167db5cd8af17c DependenciesID=3e33ad5738444bb3b470025a7b9d3cb5 StaticDependenciesID=235154d2960bcf192e6aad4391e14f28 
Number of updated asset objects reloaded before import = 0
Number of asset objects unloaded after import = 0
========================================================================
Received Import Request.
  Time of request: 2026-09-19T15:00:26.40339Z
  Time since last request: 0.0007849 seconds.
  importAddress: GUID: db6cbe7586694d6fb3c944d67973d313 - Path: Packages/com.unity.collab-proxy/Editor/Developer/ShelvedChangesNotification.cs - Importer: ScriptedImporter/UnityEditor.QuickSearchModule:UnityEditor.Search:ASIAI0B
Importing 'GUID: db6cbe7586694d6fb3c944d67973d313 - Path: Packages/com.unity.collab-proxy/Editor/Developer/ShelvedChangesNotification.cs - Importer: ScriptedImporter/UnityEditor.QuickSearchModule:UnityEditor.Search:ASIAI0B' with importer (ScriptedImporter : UnityEditor.QuickSearchModule:UnityEditor.Search:ASIAI0B)
Imported 'GUID: db6cbe7586694d6fb3c944d67973d313' -> (Import Result ID: '3e1763593e3efe275b24a7e756a485af') in 0.004 seconds [static and dynamic dependencies]. Details - ImportResultOutputID=faece232329c778b7a0617c2b5087c21 DependenciesID=8f1061fd71780e437a9344344ab07dcf StaticDependenciesID=b41c8a89ee1b19af8fd6603c79f6ab05 
Number of updated asset objects reloaded before import = 0
Number of asset objects unloaded after import = 0
========================================================================
Received Import Request.
  Time of request: 2026-09-19T15:00:26.4243146Z
  Time since last request: 0.0006159 seconds.
  importAddress: GUID: 537d6b35c9cc8bd42a656dfc8cb64948 - Path: Packages/com.unity.collab-proxy/Editor/Tool/AuthToken.cs - Importer: ScriptedImporter/UnityEditor.QuickSearchModule:UnityEditor.Search:ASIAI0B
Importing 'GUID: 537d6b35c9cc8bd42a656dfc8cb64948 - Path: Packages/com.unity.collab-proxy/Editor/Tool/AuthToken.cs - Importer: ScriptedImporter/UnityEditor.QuickSearchModule:UnityEditor.Search:ASIAI0B' with importer (ScriptedImporter : UnityEditor.QuickSearchModule:UnityEditor.Search:ASIAI0B)
Imported 'GUID: 537d6b35c9cc8bd42a656dfc8cb64948' -> (Import Result ID: '80707c52f0407e38689350eaacc94a05') in 0.003 seconds [static and dynamic dependencies]. Details - ImportResultOutputID=b15ad189da6b4df4bff78710a7e57fec DependenciesID=8db90476a70267801763f8305a4e8aa7 StaticDependenciesID=3dd58b62e01e39e7e3be99fd08698439 
Number of updated asset objects reloaded before import = 0
Number of asset objects unloaded after import = 0
========================================================================
Received Import Request.
  Time of request: 2026-09-19T15:00:26.445931Z
  Time since last request: 0.0007903 seconds.
  importAddress: GUID: f957d659be9dee74fb0f993b67b2d044 - Path: Packages/com.unity.collab-proxy/Editor/Headless/HeadlessProgressControls.cs - Importer: ScriptedImporter/UnityEditor.QuickSearchModule:UnityEditor.Search:ASIAI0B
Importing 'GUID: f957d659be9dee74fb0f993b67b2d044 - Path: Packages/com.unity.collab-proxy/Editor/Headless/HeadlessProgressControls.cs - Importer: ScriptedImporter/UnityEditor.QuickSearchModule:UnityEditor.Search:ASIAI0B' with importer (ScriptedImporter : UnityEditor.QuickSearchModule:UnityEditor.Search:ASIAI0B)
Imported 'GUID: f957d659be9dee74fb0f993b67b2d044' -> (Import Result ID: '2f458ee382260036a33ec4b99d773444') in 0.003 seconds [static and dynamic dependencies]. Details - ImportResultOutputID=74bb02a3eeacc7ca02b88b29a79316f4 DependenciesID=8377aa2e015e925ab061bd529df05a51 StaticDependenciesID=a2bbc23e4d9c5812867d6d1c50732149 
Number of updated asset objects reloaded before import = 0
Number of asset objects unloaded after import = 0
========================================================================
Received Import Request.
  Time of request: 2026-09-19T15:00:26.4670059Z
  Time since last request: 0.0007355 seconds.
  importAddress: GUID: a4431274b9694af98cec7d089835c6a4 - Path: Packages/com.unity.collab-proxy/Editor/Topbar/TopbarButtons.cs - Importer: ScriptedImporter/UnityEditor.QuickSearchModule:UnityEditor.Search:ASIAI0B
Importing 'GUID: a4431274b9694af98cec7d089835c6a4 - Path: Packages/com.unity.collab-proxy/Editor/Topbar/TopbarButtons.cs - Importer: ScriptedImporter/UnityEditor.QuickSearchModule:UnityEditor.Search:ASIAI0B' with importer (ScriptedImporter : UnityEditor.QuickSearchModule:UnityEditor.Search:ASIAI0B)
Imported 'GUID: a4431274b9694af98cec7d089835c6a4' -> (Import Result ID: '326397ef86975c587cd433029d7dfd2a') in 0.003 seconds [static and dynamic dependencies]. Details - ImportResultOutputID=271fdc6a2b4dd5bc36a2c2d14dc81e10 DependenciesID=e5a533ec1f537099957a68f7970f8284 StaticDependenciesID=5821e7af96d39d1b210a27646d67548f 
Number of updated asset objects reloaded before import = 0
Number of asset objects unloaded after import = 0
========================================================================
Received Import Request.
  Time of request: 2026-09-19T15:00:26.4868375Z
  Time since last request: 0.0006407 seconds.
  importAddress: GUID: fd582245e61fe1f4dba625a9ba7ec139 - Path: Packages/com.unity.collab-proxy/Editor/Headless/HeadlessWorkspaceWindow.cs - Importer: ScriptedImporter/UnityEditor.QuickSearchModule:UnityEditor.Search:ASIAI0B
Importing 'GUID: fd582245e61fe1f4dba625a9ba7ec139 - Path: Packages/com.unity.collab-proxy/Editor/Headless/HeadlessWorkspaceWindow.cs - Importer: ScriptedImporter/UnityEditor.QuickSearchModule:UnityEditor.Search:ASIAI0B' with importer (ScriptedImporter : UnityEditor.QuickSearchModule:UnityEditor.Search:ASIAI0B)
Imported 'GUID: fd582245e61fe1f4dba625a9ba7ec139' -> (Import Result ID: '11318b6442a252b8dedff824b1555e5e') in 0.004 seconds [static and dynamic dependencies]. Details - ImportResultOutputID=e2480c3abf88041f60be281098f5163b DependenciesID=98b607bebfa9a59b386355be84e22677 StaticDependenciesID=06c64692e41b45a8f6c0354bf551f8b2 
Number of updated asset objects reloaded before import = 0
Number of asset objects unloaded after import = 0
========================================================================
Received Import Request.
  Time of request: 2026-09-19T15:00:26.5082417Z
  Time since last request: 0.0005911 seconds.
  importAddress: GUID: a2fdee6cdf66471f83f828b59955ed70 - Path: Packages/com.unity.collab-proxy/Editor/UI/AvatarColor.cs - Importer: ScriptedImporter/UnityEditor.QuickSearchModule:UnityEditor.Search:ASIAI0B
Importing 'GUID: a2fdee6cdf66471f83f828b59955ed70 - Path: Packages/com.unity.collab-proxy/Editor/UI/AvatarColor.cs - Importer: ScriptedImporter/UnityEditor.QuickSearchModule:UnityEditor.Search:ASIAI0B' with importer (ScriptedImporter : UnityEditor.QuickSearchModule:UnityEditor.Search:ASIAI0B)
Imported 'GUID: a2fdee6cdf66471f83f828b59955ed70' -> (Import Result ID: 'd91394ec3090a6b0206caf05553950d2') in 0.004 seconds [static and dynamic dependencies]. Details - ImportResultOutputID=cdc9616237c9caa0bd11a93bb01e4b59 DependenciesID=e59c0bef8f4731d76bd06d4517c6d101 StaticDependenciesID=fde459028489b3e93cf332a53c703c4b 
Number of updated asset objects reloaded before import = 0
Number of asset objects unloaded after import = 0
========================================================================
Received Import Request.
  Time of request: 2026-09-19T15:00:26.5300423Z
  Time since last request: 0.0006031 seconds.
  importAddress: GUID: ea76fa5a629244fa9ae3a8d3224aef02 - Path: Packages/com.unity.collab-proxy/Editor/Gluon/ShelvedChangesNotification.cs - Importer: ScriptedImporter/UnityEditor.QuickSearchModule:UnityEditor.Search:ASIAI0B
Importing 'GUID: ea76fa5a629244fa9ae3a8d3224aef02 - Path: Packages/com.unity.collab-proxy/Editor/Gluon/ShelvedChangesNotification.cs - Importer: ScriptedImporter/UnityEditor.QuickSearchModule:UnityEditor.Search:ASIAI0B' with importer (ScriptedImporter : UnityEditor.QuickSearchModule:UnityEditor.Search:ASIAI0B)
Imported 'GUID: ea76fa5a629244fa9ae3a8d3224aef02' -> (Import Result ID: 'c84934a03f431c1872aee3edbda90059') in 0.003 seconds [static and dynamic dependencies]. Details - ImportResultOutputID=921456512750da21ccd1d3cd041dc21e DependenciesID=04bba885adc96b33720227cdd6cab7d1 StaticDependenciesID=3d5143e780b7433eda846a482c130b58 
Number of updated asset objects reloaded before import = 0
Number of asset objects unloaded after import = 0
========================================================================
Received Import Request.
  Time of request: 2026-09-19T15:00:26.5516693Z
  Time since last request: 0.0008679 seconds.
  importAddress: GUID: ce652d891ad5ed540b0d6e474d00130c - Path: Packages/com.unity.collab-proxy/Editor/Developer/UpdateProgress.cs - Importer: ScriptedImporter/UnityEditor.QuickSearchModule:UnityEditor.Search:ASIAI0B
Importing 'GUID: ce652d891ad5ed540b0d6e474d00130c - Path: Packages/com.unity.collab-proxy/Editor/Developer/UpdateProgress.cs - Importer: ScriptedImporter/UnityEditor.QuickSearchModule:UnityEditor.Search:ASIAI0B' with importer (ScriptedImporter : UnityEditor.QuickSearchModule:UnityEditor.Search:ASIAI0B)
Imported 'GUID: ce652d891ad5ed540b0d6e474d00130c' -> (Import Result ID: '0a4fa4698bdbddf10fa0cae9d4afe25a') in 0.004 seconds [static and dynamic dependencies]. Details - ImportResultOutputID=d03375643a61aa4e71e1833e906a4ac6 DependenciesID=dcefba7deaabd06bf5e3468fb289f675 StaticDependenciesID=ba1a9c2948ba2679a11c219d1a199c6f 
Number of updated asset objects reloaded before import = 0
Number of asset objects unloaded after import = 0
========================================================================
Received Import Request.
  Time of request: 2026-09-19T15:00:26.5758666Z
  Time since last request: 0.0007582 seconds.
  importAddress: GUID: bc5c1fa3d4519114cb21f3fedfe6039d - Path: Packages/com.unity.collab-proxy/Editor/Tool/BringWindowToFront.cs - Importer: ScriptedImporter/UnityEditor.QuickSearchModule:UnityEditor.Search:ASIAI0B
Importing 'GUID: bc5c1fa3d4519114cb21f3fedfe6039d - Path: Packages/com.unity.collab-proxy/Editor/Tool/BringWindowToFront.cs - Importer: ScriptedImporter/UnityEditor.QuickSearchModule:UnityEditor.Search:ASIAI0B' with importer (ScriptedImporter : UnityEditor.QuickSearchModule:UnityEditor.Search:ASIAI0B)
Imported 'GUID: bc5c1fa3d4519114cb21f3fedfe6039d' -> (Import Result ID: '7d891b0c74dc54ca4e094afc82297f67') in 0.004 seconds [static and dynamic dependencies]. Details - ImportResultOutputID=0b7c359c0a934da559a531a53ed8ace9 DependenciesID=02dedd431a39fad58f31e6b9a1e2cd85 StaticDependenciesID=81ef61a5ac5a517d998348c742fbbfea 
Number of updated asset objects reloaded before import = 0
Number of asset objects unloaded after import = 0
========================================================================
Received Import Request.
  Time of request: 2026-09-19T15:00:26.6044142Z
  Time since last request: 0.0006901 seconds.
  importAddress: GUID: 201d30422af8ea34193a59b4254b8663 - Path: Packages/com.unity.collab-proxy/Editor/Gluon/CheckinProgress.cs - Importer: ScriptedImporter/UnityEditor.QuickSearchModule:UnityEditor.Search:ASIAI0B
Importing 'GUID: 201d30422af8ea34193a59b4254b8663 - Path: Packages/com.unity.collab-proxy/Editor/Gluon/CheckinProgress.cs - Importer: ScriptedImporter/UnityEditor.QuickSearchModule:UnityEditor.Search:ASIAI0B' with importer (ScriptedImporter : UnityEditor.QuickSearchModule:UnityEditor.Search:ASIAI0B)
Imported 'GUID: 201d30422af8ea34193a59b4254b8663' -> (Import Result ID: 'f38d4283226ad856d32e5d41fd607f9a') in 0.004 seconds [static and dynamic dependencies]. Details - ImportResultOutputID=57fb051989ffe2091053472630f39235 DependenciesID=e8b7f48d9fe745c25241ab9086d65269 StaticDependenciesID=26a3c1b2437aad2fc6e7638050a7e829 
Number of updated asset objects reloaded before import = 0
Number of asset objects unloaded after import = 0
========================================================================
Received Import Request.
  Time of request: 2026-09-19T15:00:26.6284985Z
  Time since last request: 0.0010562 seconds.
  importAddress: GUID: c24d342672367b243aff1910ea83a56d - Path: Packages/com.unity.collab-proxy/Editor/Entities/Unity.PlasticSCM.Editor.Entities.asmdef - Importer: ScriptedImporter/UnityEditor.QuickSearchModule:UnityEditor.Search:ASIAI0B
Importing 'GUID: c24d342672367b243aff1910ea83a56d - Path: Packages/com.unity.collab-proxy/Editor/Entities/Unity.PlasticSCM.Editor.Entities.asmdef - Importer: ScriptedImporter/UnityEditor.QuickSearchModule:UnityEditor.Search:ASIAI0B' with importer (ScriptedImporter : UnityEditor.QuickSearchModule:UnityEditor.Search:ASIAI0B)
Imported 'GUID: c24d342672367b243aff1910ea83a56d' -> (Import Result ID: '9eaa99e2631a1b4225e306deb03be199') in 0.009 seconds [static and dynamic dependencies]. Details - ImportResultOutputID=6205ada6184a986b3bfd3231f7d386ac DependenciesID=c9754cc204e7ae157ab8e6d3ca928155 StaticDependenciesID=06b9df6f5026b11d404a0e7fafa61fae 
Number of updated asset objects reloaded before import = 0
Number of asset objects unloaded after import = 1
========================================================================
Received Import Request.
  Time of request: 2026-09-19T15:00:26.6600226Z
  Time since last request: 0.0007719 seconds.
  importAddress: GUID: 9bef80072d106be4ea36de88adc0e985 - Path: Packages/com.unity.collab-proxy/Editor/Inspector/InspectorAssetSelection.cs - Importer: ScriptedImporter/UnityEditor.QuickSearchModule:UnityEditor.Search:ASIAI0B
Importing 'GUID: 9bef80072d106be4ea36de88adc0e985 - Path: Packages/com.unity.collab-proxy/Editor/Inspector/InspectorAssetSelection.cs - Importer: ScriptedImporter/UnityEditor.QuickSearchModule:UnityEditor.Search:ASIAI0B' with importer (ScriptedImporter : UnityEditor.QuickSearchModule:UnityEditor.Search:ASIAI0B)
Imported 'GUID: 9bef80072d106be4ea36de88adc0e985' -> (Import Result ID: '166d1694bb0484da8e37d1565397275b') in 0.003 seconds [static and dynamic dependencies]. Details - ImportResultOutputID=f2a95b783664de64728709c23ca26f64 DependenciesID=eb5226ee35ea0db31921ceff8ab34382 StaticDependenciesID=784b233ef3f6dd6287201a226a1491aa 
Number of updated asset objects reloaded before import = 0
Number of asset objects unloaded after import = 0
========================================================================
Received Import Request.
  Time of request: 2026-09-19T15:00:26.6796416Z
  Time since last request: 0.0007786 seconds.
  importAddress: GUID: 8642afe1b2639478e91ff46ccf3145d3 - Path: Packages/com.unity.collab-proxy/Editor/Hashing/XxHashShared.cs - Importer: ScriptedImporter/UnityEditor.QuickSearchModule:UnityEditor.Search:ASIAI0B
Importing 'GUID: 8642afe1b2639478e91ff46ccf3145d3 - Path: Packages/com.unity.collab-proxy/Editor/Hashing/XxHashShared.cs - Importer: ScriptedImporter/UnityEditor.QuickSearchModule:UnityEditor.Search:ASIAI0B' with importer (ScriptedImporter : UnityEditor.QuickSearchModule:UnityEditor.Search:ASIAI0B)
Imported 'GUID: 8642afe1b2639478e91ff46ccf3145d3' -> (Import Result ID: 'b36d817b52558f07fb8928ebcf047f67') in 0.003 seconds [static and dynamic dependencies]. Details - ImportResultOutputID=d87c73e7762283a775e8bbb034b46de3 DependenciesID=168a2b1e545f2c037a631214495feff7 StaticDependenciesID=b23b4b670786f5c368bfea7194377462 
Number of updated asset objects reloaded before import = 0
Number of asset objects unloaded after import = 0
========================================================================
Received Import Request.
  Time of request: 2026-09-19T15:00:26.7051467Z
  Time since last request: 0.0008202 seconds.
  importAddress: GUID: 1c9b352f456640c9925a381f736ecb5d - Path: Packages/com.unity.collab-proxy/Editor/Settings/DiffAndMergeOptionsFoldout.cs - Importer: ScriptedImporter/UnityEditor.QuickSearchModule:UnityEditor.Search:ASIAI0B
Importing 'GUID: 1c9b352f456640c9925a381f736ecb5d - Path: Packages/com.unity.collab-proxy/Editor/Settings/DiffAndMergeOptionsFoldout.cs - Importer: ScriptedImporter/UnityEditor.QuickSearchModule:UnityEditor.Search:ASIAI0B' with importer (ScriptedImporter : UnityEditor.QuickSearchModule:UnityEditor.Search:ASIAI0B)
Imported 'GUID: 1c9b352f456640c9925a381f736ecb5d' -> (Import Result ID: 'e5ff53774a79654fa1e92c1dcf5cb00d') in 0.004 seconds [static and dynamic dependencies]. Details - ImportResultOutputID=d7ecd5e7c92d86dea0e66a0ad34f7409 DependenciesID=e7492d99930d157b8b68ebbbc2e2bde3 StaticDependenciesID=a59348c867c785ed0316c9ef46a16c64 
Number of updated asset objects reloaded before import = 0
Number of asset objects unloaded after import = 0
========================================================================
Received Import Request.
  Time of request: 2026-09-19T15:00:26.7300689Z
  Time since last request: 0.0006205 seconds.
  importAddress: GUID: e5854d1a1c573e040afdbb54103decf3 - Path: Packages/com.unity.collab-proxy/Editor/Headless/HeadlessViewSwitcher.cs - Importer: ScriptedImporter/UnityEditor.QuickSearchModule:UnityEditor.Search:ASIAI0B
Importing 'GUID: e5854d1a1c573e040afdbb54103decf3 - Path: Packages/com.unity.collab-proxy/Editor/Headless/HeadlessViewSwitcher.cs - Importer: ScriptedImporter/UnityEditor.QuickSearchModule:UnityEditor.Search:ASIAI0B' with importer (ScriptedImporter : UnityEditor.QuickSearchModule:UnityEditor.Search:ASIAI0B)
Imported 'GUID: e5854d1a1c573e040afdbb54103decf3' -> (Import Result ID: 'ebdf63c6437c10572816a31fc86bcac2') in 0.003 seconds [static and dynamic dependencies]. Details - ImportResultOutputID=1c192272fa8920de7265367f134a04f7 DependenciesID=c58ee7a443e4b23dd8f17ccf9b382640 StaticDependenciesID=c371bc4ff4fb96a4894b0ee0b05fd4bd 
Number of updated asset objects reloaded before import = 0
Number of asset objects unloaded after import = 0
========================================================================
Received Import Request.
  Time of request: 2026-09-19T15:00:26.7513969Z
  Time since last request: 0.000674 seconds.
  importAddress: GUID: d7826644a043a9b4cb6b1f06c937cad7 - Path: Packages/com.unity.collab-proxy/Editor/Headless/HeadlessUpdateProgress.cs - Importer: ScriptedImporter/UnityEditor.QuickSearchModule:UnityEditor.Search:ASIAI0B
Importing 'GUID: d7826644a043a9b4cb6b1f06c937cad7 - Path: Packages/com.unity.collab-proxy/Editor/Headless/HeadlessUpdateProgress.cs - Importer: ScriptedImporter/UnityEditor.QuickSearchModule:UnityEditor.Search:ASIAI0B' with importer (ScriptedImporter : UnityEditor.QuickSearchModule:UnityEditor.Search:ASIAI0B)
Imported 'GUID: d7826644a043a9b4cb6b1f06c937cad7' -> (Import Result ID: '9e66f9eb99134e916bbfae031539a679') in 0.003 seconds [static and dynamic dependencies]. Details - ImportResultOutputID=04b3ce9ca979905652438e34140b8bd9 DependenciesID=ee0d32673d8f20b164b7b4abd60f6872 StaticDependenciesID=e0eff49c634a42894bb67651515290ff 
Number of updated asset objects reloaded before import = 0
Number of asset objects unloaded after import = 0
========================================================================
Received Import Request.
  Time of request: 2026-09-19T15:00:26.7714441Z
  Time since last request: 0.0006927 seconds.
  importAddress: GUID: 70d26390057f4174a01f658c74482272 - Path: Packages/com.unity.collab-proxy/Editor/Topbar/Topbar.cs - Importer: ScriptedImporter/UnityEditor.QuickSearchModule:UnityEditor.Search:ASIAI0B
Importing 'GUID: 70d26390057f4174a01f658c74482272 - Path: Packages/com.unity.collab-proxy/Editor/Topbar/Topbar.cs - Importer: ScriptedImporter/UnityEditor.QuickSearchModule:UnityEditor.Search:ASIAI0B' with importer (ScriptedImporter : UnityEditor.QuickSearchModule:UnityEditor.Search:ASIAI0B)
Imported 'GUID: 70d26390057f4174a01f658c74482272' -> (Import Result ID: 'efebee23bda6d0c0685b713f18140d78') in 0.004 seconds [static and dynamic dependencies]. Details - ImportResultOutputID=77da84e719f2665d7cefdfdd604aa97a DependenciesID=57646a3da5aaeeb969c9db626330b396 StaticDependenciesID=a4b35d900558ea05c6efe20007592144 
Number of updated asset objects reloaded before import = 0
Number of asset objects unloaded after import = 0
========================================================================
Received Import Request.
  Time of request: 2026-09-19T15:00:26.7930138Z
  Time since last request: 0.0006021 seconds.
  importAddress: GUID: 4646098fa06b7764b843d936862b4d71 - Path: Packages/com.unity.collab-proxy/Editor/Settings/PendingChangesOptionsFoldout.cs - Importer: ScriptedImporter/UnityEditor.QuickSearchModule:UnityEditor.Search:ASIAI0B
Importing 'GUID: 4646098fa06b7764b843d936862b4d71 - Path: Packages/com.unity.collab-proxy/Editor/Settings/PendingChangesOptionsFoldout.cs - Importer: ScriptedImporter/UnityEditor.QuickSearchModule:UnityEditor.Search:ASIAI0B' with importer (ScriptedImporter : UnityEditor.QuickSearchModule:UnityEditor.Search:ASIAI0B)
Imported 'GUID: 4646098fa06b7764b843d936862b4d71' -> (Import Result ID: '9ed1f97d50971a736547180707e09f93') in 0.003 seconds [static and dynamic dependencies]. Details - ImportResultOutputID=392e6b7514bde21795c5f8b04592c6ed DependenciesID=cf188237e25fbfce6a0f52b2cd9dda8c StaticDependenciesID=4e731b23d0aef121552d0491d9fa5b5f 
Number of updated asset objects reloaded before import = 0
Number of asset objects unloaded after import = 0
========================================================================
Received Import Request.
  Time of request: 2026-09-19T15:00:26.8149641Z
  Time since last request: 0.0006432 seconds.
  importAddress: GUID: f8b61564d80f4d16b3bf68e8dfe87c89 - Path: Packages/com.unity.collab-proxy/Editor/Tool/PlasticExeLauncher.cs - Importer: ScriptedImporter/UnityEditor.QuickSearchModule:UnityEditor.Search:ASIAI0B
Importing 'GUID: f8b61564d80f4d16b3bf68e8dfe87c89 - Path: Packages/com.unity.collab-proxy/Editor/Tool/PlasticExeLauncher.cs - Importer: ScriptedImporter/UnityEditor.QuickSearchModule:UnityEditor.Search:ASIAI0B' with importer (ScriptedImporter : UnityEditor.QuickSearchModule:UnityEditor.Search:ASIAI0B)
Imported 'GUID: f8b61564d80f4d16b3bf68e8dfe87c89' -> (Import Result ID: '63cc477867445f2d426ad33b407cf1e3') in 0.003 seconds [static and dynamic dependencies]. Details - ImportResultOutputID=c4e5259f6c33b16b2351f67edd814a07 DependenciesID=7599bef9a181278ca48f297a5e3f1dcc StaticDependenciesID=95244f2f4d21b4cb3d5b0c8c8bb981b2 
Number of updated asset objects reloaded before import = 0
Number of asset objects unloaded after import = 0
========================================================================
Received Import Request.
  Time of request: 2026-09-19T15:00:26.8358241Z
  Time since last request: 0.0006093 seconds.
  importAddress: GUID: e6c29999aff44b79938d04786d7b9373 - Path: Packages/com.unity.collab-proxy/Editor/Diff/AssetType.cs - Importer: ScriptedImporter/UnityEditor.QuickSearchModule:UnityEditor.Search:ASIAI0B
Importing 'GUID: e6c29999aff44b79938d04786d7b9373 - Path: Packages/com.unity.collab-proxy/Editor/Diff/AssetType.cs - Importer: ScriptedImporter/UnityEditor.QuickSearchModule:UnityEditor.Search:ASIAI0B' with importer (ScriptedImporter : UnityEditor.QuickSearchModule:UnityEditor.Search:ASIAI0B)
Imported 'GUID: e6c29999aff44b79938d04786d7b9373' -> (Import Result ID: 'ad35e5ab9784a98b4a464b97dbe5048e') in 0.003 seconds [static and dynamic dependencies]. Details - ImportResultOutputID=4cb7f1e5dfdbda9539fa4b3fb7b0fa1e DependenciesID=d0765fa7b01331cd32e0a2bf8c3734c4 StaticDependenciesID=93fd91ad0892d98becde1217730093c9 
Number of updated asset objects reloaded before import = 0
Number of asset objects unloaded after import = 0
========================================================================
Received Import Request.
  Time of request: 2026-09-19T15:00:26.8579998Z
  Time since last request: 0.0007245 seconds.
  importAddress: GUID: c13239fbea1666a42b26691afcd91e63 - Path: Packages/com.unity.collab-proxy/Editor/Gluon/UpdateProgress.cs - Importer: ScriptedImporter/UnityEditor.QuickSearchModule:UnityEditor.Search:ASIAI0B
Importing 'GUID: c13239fbea1666a42b26691afcd91e63 - Path: Packages/com.unity.collab-proxy/Editor/Gluon/UpdateProgress.cs - Importer: ScriptedImporter/UnityEditor.QuickSearchModule:UnityEditor.Search:ASIAI0B' with importer (ScriptedImporter : UnityEditor.QuickSearchModule:UnityEditor.Search:ASIAI0B)
Imported 'GUID: c13239fbea1666a42b26691afcd91e63' -> (Import Result ID: '53d49205c6ae40a797f970c3deb21b89') in 0.003 seconds [static and dynamic dependencies]. Details - ImportResultOutputID=0868fe21da20c7ce08683b4db913e09b DependenciesID=17024a73608ac736d111a5c5e50f479e StaticDependenciesID=dc635fc4c24b33a3a5c644e9f8c571a1 
Number of updated asset objects reloaded before import = 0
Number of asset objects unloaded after import = 0
========================================================================
Received Import Request.
  Time of request: 2026-09-19T15:00:26.8783747Z
  Time since last request: 0.0008675 seconds.
  importAddress: GUID: fe6ad6eb139a49f4a02d9794e934bd9c - Path: Packages/com.unity.collab-proxy/Editor/Entities/HierarchyExtensions.cs - Importer: ScriptedImporter/UnityEditor.QuickSearchModule:UnityEditor.Search:ASIAI0B
Importing 'GUID: fe6ad6eb139a49f4a02d9794e934bd9c - Path: Packages/com.unity.collab-proxy/Editor/Entities/HierarchyExtensions.cs - Importer: ScriptedImporter/UnityEditor.QuickSearchModule:UnityEditor.Search:ASIAI0B' with importer (ScriptedImporter : UnityEditor.QuickSearchModule:UnityEditor.Search:ASIAI0B)
Imported 'GUID: fe6ad6eb139a49f4a02d9794e934bd9c' -> (Import Result ID: '346c881b4128975a7d3a4f45e52ca111') in 0.003 seconds [static and dynamic dependencies]. Details - ImportResultOutputID=57d5569aee20d5bac439367020d45a3e DependenciesID=b89c9db9fdd3cd69ac464e22ad297d37 StaticDependenciesID=5dda700161237824e3e14bd9de8ae0bf 
Number of updated asset objects reloaded before import = 0
Number of asset objects unloaded after import = 0
========================================================================
Received Import Request.
  Time of request: 2026-09-19T15:00:26.8988276Z
  Time since last request: 0.0007067 seconds.
  importAddress: GUID: 4675673a75b20a14da0806d155b5680c - Path: Packages/com.unity.collab-proxy/Editor/Hub/CommandLineArguments.cs - Importer: ScriptedImporter/UnityEditor.QuickSearchModule:UnityEditor.Search:ASIAI0B
Importing 'GUID: 4675673a75b20a14da0806d155b5680c - Path: Packages/com.unity.collab-proxy/Editor/Hub/CommandLineArguments.cs - Importer: ScriptedImporter/UnityEditor.QuickSearchModule:UnityEditor.Search:ASIAI0B' with importer (ScriptedImporter : UnityEditor.QuickSearchModule:UnityEditor.Search:ASIAI0B)
Imported 'GUID: 4675673a75b20a14da0806d155b5680c' -> (Import Result ID: '28917a9ab09004fcb879266e8c0e064a') in 0.003 seconds [static and dynamic dependencies]. Details - ImportResultOutputID=51a12028a84f4057312f8fcacec62d1b DependenciesID=2b8c63670e60e589d17be04ae35e1d8d StaticDependenciesID=d226ac2700fd5aa6a652eb8437a5e176 
Number of updated asset objects reloaded before import = 0
Number of asset objects unloaded after import = 0
========================================================================
Received Import Request.
  Time of request: 2026-09-19T15:00:26.9200449Z
  Time since last request: 0.0005836 seconds.
  importAddress: GUID: 82c390af6cf64e9aaa35f2cfe24178a7 - Path: Packages/com.unity.collab-proxy/Editor/Diff/UnityBigFileChecker.cs - Importer: ScriptedImporter/UnityEditor.QuickSearchModule:UnityEditor.Search:ASIAI0B
Importing 'GUID: 82c390af6cf64e9aaa35f2cfe24178a7 - Path: Packages/com.unity.collab-proxy/Editor/Diff/UnityBigFileChecker.cs - Importer: ScriptedImporter/UnityEditor.QuickSearchModule:UnityEditor.Search:ASIAI0B' with importer (ScriptedImporter : UnityEditor.QuickSearchModule:UnityEditor.Search:ASIAI0B)
Imported 'GUID: 82c390af6cf64e9aaa35f2cfe24178a7' -> (Import Result ID: '83612424de3e5dba21cee2675f8b1720') in 0.005 seconds [static and dynamic dependencies]. Details - ImportResultOutputID=e7066625896b978fe5aee2a59a62f45b DependenciesID=f83ded7e1b9a1de5c310df11b4ec99b8 StaticDependenciesID=284568d1f0a6fcae903a2f9005dfeb7e 
Number of updated asset objects reloaded before import = 0
Number of asset objects unloaded after import = 0
========================================================================
Received Import Request.
  Time of request: 2026-09-19T15:00:26.940878Z
  Time since last request: 0.0006122 seconds.
  importAddress: GUID: f6b5d170f39144847822c10b478f25e5 - Path: Packages/com.unity.collab-proxy/Editor/Hub/ParseArguments.cs - Importer: ScriptedImporter/UnityEditor.QuickSearchModule:UnityEditor.Search:ASIAI0B
Importing 'GUID: f6b5d170f39144847822c10b478f25e5 - Path: Packages/com.unity.collab-proxy/Editor/Hub/ParseArguments.cs - Importer: ScriptedImporter/UnityEditor.QuickSearchModule:UnityEditor.Search:ASIAI0B' with importer (ScriptedImporter : UnityEditor.QuickSearchModule:UnityEditor.Search:ASIAI0B)
Imported 'GUID: f6b5d170f39144847822c10b478f25e5' -> (Import Result ID: '28e97bada3cedeb3c7cdb0da57c400b8') in 0.004 seconds [static and dynamic dependencies]. Details - ImportResultOutputID=aeebe68158062c15dc5d63c63968d443 DependenciesID=b731f21a76b4588fdc681722f1fee4e7 StaticDependenciesID=e16bfd41d1f596ceb90be92536c20b7a 
Number of updated asset objects reloaded before import = 0
Number of asset objects unloaded after import = 0
========================================================================
Received Import Request.
  Time of request: 2026-09-19T15:00:26.9625225Z
  Time since last request: 0.0010491 seconds.
  importAddress: GUID: c64851962d9c48068897eb736be4bed1 - Path: Packages/com.unity.collab-proxy/Editor/Settings/ShelveAndSwitchOptionsFoldout.cs - Importer: ScriptedImporter/UnityEditor.QuickSearchModule:UnityEditor.Search:ASIAI0B
Importing 'GUID: c64851962d9c48068897eb736be4bed1 - Path: Packages/com.unity.collab-proxy/Editor/Settings/ShelveAndSwitchOptionsFoldout.cs - Importer: ScriptedImporter/UnityEditor.QuickSearchModule:UnityEditor.Search:ASIAI0B' with importer (ScriptedImporter : UnityEditor.QuickSearchModule:UnityEditor.Search:ASIAI0B)
Imported 'GUID: c64851962d9c48068897eb736be4bed1' -> (Import Result ID: 'bd4b8d298e5eb2996a190dbc3d4b4079') in 0.004 seconds [static and dynamic dependencies]. Details - ImportResultOutputID=3e61422b1573fca5f7161d244973a4db DependenciesID=10d2999021e3ded343eb554a3430e147 StaticDependenciesID=3cbb30e0b32cf07e92dd42088f212673 
Number of updated asset objects reloaded before import = 0
Number of asset objects unloaded after import = 0
========================================================================
Received Import Request.
  Time of request: 2026-09-19T15:00:26.9852434Z
  Time since last request: 0.0012266 seconds.
  importAddress: GUID: 9c41da65bf0c4ef2bcf303f406d8e2c8 - Path: Packages/com.unity.collab-proxy/Editor/Topbar/NotificationsArea.cs - Importer: ScriptedImporter/UnityEditor.QuickSearchModule:UnityEditor.Search:ASIAI0B
Importing 'GUID: 9c41da65bf0c4ef2bcf303f406d8e2c8 - Path: Packages/com.unity.collab-proxy/Editor/Topbar/NotificationsArea.cs - Importer: ScriptedImporter/UnityEditor.QuickSearchModule:UnityEditor.Search:ASIAI0B' with importer (ScriptedImporter : UnityEditor.QuickSearchModule:UnityEditor.Search:ASIAI0B)
Imported 'GUID: 9c41da65bf0c4ef2bcf303f406d8e2c8' -> (Import Result ID: '6e4f1874ea02561158ea6c152fd9f51e') in 0.003 seconds [static and dynamic dependencies]. Details - ImportResultOutputID=1134fc6bcf82d0e44939ed0959cd7e22 DependenciesID=2961b8d158fd0a50e5801a3e1eaf89f4 StaticDependenciesID=7809a513df70b97566c9d76c294847d9 
Number of updated asset objects reloaded before import = 0
Number of asset objects unloaded after import = 0
========================================================================
Received Import Request.
  Time of request: 2026-09-19T15:00:27.0058234Z
  Time since last request: 0.0006665 seconds.
  importAddress: GUID: 08c46e1f56d34c62ba9e0107516e21db - Path: Packages/com.unity.collab-proxy/Editor/Diff/UnityDiffWindow.cs - Importer: ScriptedImporter/UnityEditor.QuickSearchModule:UnityEditor.Search:ASIAI0B
Importing 'GUID: 08c46e1f56d34c62ba9e0107516e21db - Path: Packages/com.unity.collab-proxy/Editor/Diff/UnityDiffWindow.cs - Importer: ScriptedImporter/UnityEditor.QuickSearchModule:UnityEditor.Search:ASIAI0B' with importer (ScriptedImporter : UnityEditor.QuickSearchModule:UnityEditor.Search:ASIAI0B)
Imported 'GUID: 08c46e1f56d34c62ba9e0107516e21db' -> (Import Result ID: '09d6092920d7488be18c8128671fb635') in 0.003 seconds [static and dynamic dependencies]. Details - ImportResultOutputID=d7615484a10b8fa967da21b9f2e37c7c DependenciesID=cb007885a859dbf68a979a2ca643050c StaticDependenciesID=d5ebe2b1d73b7bde671f35c26f106f4a 
Number of updated asset objects reloaded before import = 0
Number of asset objects unloaded after import = 0
========================================================================
Received Import Request.
  Time of request: 2026-09-19T15:00:27.02593Z
  Time since last request: 0.0006596 seconds.
  importAddress: GUID: f8fb5a27b8554a74b8c566355a3c50f9 - Path: Packages/com.unity.collab-proxy/Editor/StatusBar/NotificationBar.cs - Importer: ScriptedImporter/UnityEditor.QuickSearchModule:UnityEditor.Search:ASIAI0B
Importing 'GUID: f8fb5a27b8554a74b8c566355a3c50f9 - Path: Packages/com.unity.collab-proxy/Editor/StatusBar/NotificationBar.cs - Importer: ScriptedImporter/UnityEditor.QuickSearchModule:UnityEditor.Search:ASIAI0B' with importer (ScriptedImporter : UnityEditor.QuickSearchModule:UnityEditor.Search:ASIAI0B)
Imported 'GUID: f8fb5a27b8554a74b8c566355a3c50f9' -> (Import Result ID: 'bc1002390c3930b57d4ba3d25570e2b2') in 0.002 seconds [static and dynamic dependencies]. Details - ImportResultOutputID=c607da0494bf9c2566b9536383596f94 DependenciesID=69fb5fcd60e01613867188737fa65b96 StaticDependenciesID=abd575c01ae4ed14e184cde1f97e6e48 
Number of updated asset objects reloaded before import = 0
Number of asset objects unloaded after import = 0
========================================================================
Received Import Request.
  Time of request: 2026-09-19T15:00:27.046309Z
  Time since last request: 0.0005549 seconds.
  importAddress: GUID: d097a5d507694ba7ac97bc9a9f2942e3 - Path: Packages/com.unity.collab-proxy/Editor/Settings/UVCSProjectSettingsProvider.cs - Importer: ScriptedImporter/UnityEditor.QuickSearchModule:UnityEditor.Search:ASIAI0B
Importing 'GUID: d097a5d507694ba7ac97bc9a9f2942e3 - Path: Packages/com.unity.collab-proxy/Editor/Settings/UVCSProjectSettingsProvider.cs - Importer: ScriptedImporter/UnityEditor.QuickSearchModule:UnityEditor.Search:ASIAI0B' with importer (ScriptedImporter : UnityEditor.QuickSearchModule:UnityEditor.Search:ASIAI0B)
Imported 'GUID: d097a5d507694ba7ac97bc9a9f2942e3' -> (Import Result ID: '39ca27e0424a39a6d3b0f7744364bc4f') in 0.003 seconds [static and dynamic dependencies]. Details - ImportResultOutputID=f6ba6a06b61223f5cd511aaa226c757f DependenciesID=a49de89de223678eec6dcf1e7a7e3a45 StaticDependenciesID=ef8594c8d673de5500b9afa578b247b2 
Number of updated asset objects reloaded before import = 0
Number of asset objects unloaded after import = 0
========================================================================
Received Import Request.
  Time of request: 2026-09-19T15:00:27.067281Z
  Time since last request: 0.0006857 seconds.
  importAddress: GUID: 27cd9a46f12b440d8a4e4a0524330db8 - Path: Packages/com.unity.collab-proxy/Editor/Headless/HeadlessHistoryViewLauncher.cs - Importer: ScriptedImporter/UnityEditor.QuickSearchModule:UnityEditor.Search:ASIAI0B
Importing 'GUID: 27cd9a46f12b440d8a4e4a0524330db8 - Path: Packages/com.unity.collab-proxy/Editor/Headless/HeadlessHistoryViewLauncher.cs - Importer: ScriptedImporter/UnityEditor.QuickSearchModule:UnityEditor.Search:ASIAI0B' with importer (ScriptedImporter : UnityEditor.QuickSearchModule:UnityEditor.Search:ASIAI0B)
Imported 'GUID: 27cd9a46f12b440d8a4e4a0524330db8' -> (Import Result ID: 'a5c3c6f7bf2a2399d1070ad39575cc69') in 0.004 seconds [static and dynamic dependencies]. Details - ImportResultOutputID=c1a84a229b114f7a554e35d1e18541b8 DependenciesID=9e87b2b9cb90b86cecd88aa9889e9c5b StaticDependenciesID=8d539dd24a7c332f5f05822eeafd88b7 
Number of updated asset objects reloaded before import = 0
Number of asset objects unloaded after import = 0
========================================================================
Received Import Request.
  Time of request: 2026-09-19T15:00:27.0902096Z
  Time since last request: 0.0007 seconds.
  importAddress: GUID: ece87ac87e134800b8fcec1a55ec6e9f - Path: Packages/com.unity.collab-proxy/Editor/Diff/SaveChangeInfo.cs - Importer: ScriptedImporter/UnityEditor.QuickSearchModule:UnityEditor.Search:ASIAI0B
Importing 'GUID: ece87ac87e134800b8fcec1a55ec6e9f - Path: Packages/com.unity.collab-proxy/Editor/Diff/SaveChangeInfo.cs - Importer: ScriptedImporter/UnityEditor.QuickSearchModule:UnityEditor.Search:ASIAI0B' with importer (ScriptedImporter : UnityEditor.QuickSearchModule:UnityEditor.Search:ASIAI0B)
Imported 'GUID: ece87ac87e134800b8fcec1a55ec6e9f' -> (Import Result ID: 'db2b3e45abd53bccc616d331c67bf627') in 0.004 seconds [static and dynamic dependencies]. Details - ImportResultOutputID=98e8eb23f09fb8359f5e265e348434fe DependenciesID=12a021e23cc33e21b68dcf39cabd7a63 StaticDependenciesID=2da94b0138c09ca9458a1073e8fe0e14 
Number of updated asset objects reloaded before import = 0
Number of asset objects unloaded after import = 0
========================================================================
Received Import Request.
  Time of request: 2026-09-19T15:00:27.1157982Z
  Time since last request: 0.0034167 seconds.
  importAddress: GUID: 204b6e52ab6164e478f852a359e0c0c0 - Path: Packages/com.unity.collab-proxy/Editor/SceneView/DrawSceneOperations.cs - Importer: ScriptedImporter/UnityEditor.QuickSearchModule:UnityEditor.Search:ASIAI0B
Importing 'GUID: 204b6e52ab6164e478f852a359e0c0c0 - Path: Packages/com.unity.collab-proxy/Editor/SceneView/DrawSceneOperations.cs - Importer: ScriptedImporter/UnityEditor.QuickSearchModule:UnityEditor.Search:ASIAI0B' with importer (ScriptedImporter : UnityEditor.QuickSearchModule:UnityEditor.Search:ASIAI0B)
Imported 'GUID: 204b6e52ab6164e478f852a359e0c0c0' -> (Import Result ID: '2e4bf24889476d251f7c094451a9a021') in 0.004 seconds [static and dynamic dependencies]. Details - ImportResultOutputID=9fed0b26359396f429709e8959971093 DependenciesID=a8b1d573d96d53bb52a68df9630295d1 StaticDependenciesID=ef0e99be620b15dd599b747e1ff3925b 
Number of updated asset objects reloaded before import = 0
Number of asset objects unloaded after import = 0
========================================================================
Received Import Request.
  Time of request: 2026-09-19T15:00:27.143125Z
  Time since last request: 0.0038531 seconds.
  importAddress: GUID: ccc9f105224248edbf0b807faa2bcba9 - Path: Packages/com.unity.collab-proxy/Editor/UI/AttributeColor.cs - Importer: ScriptedImporter/UnityEditor.QuickSearchModule:UnityEditor.Search:ASIAI0B
Importing 'GUID: ccc9f105224248edbf0b807faa2bcba9 - Path: Packages/com.unity.collab-proxy/Editor/UI/AttributeColor.cs - Importer: ScriptedImporter/UnityEditor.QuickSearchModule:UnityEditor.Search:ASIAI0B' with importer (ScriptedImporter : UnityEditor.QuickSearchModule:UnityEditor.Search:ASIAI0B)
Imported 'GUID: ccc9f105224248edbf0b807faa2bcba9' -> (Import Result ID: 'ce051617e30ea9b81c16e85118ba2613') in 0.004 seconds [static and dynamic dependencies]. Details - ImportResultOutputID=a91cf55c349bbf8c6935238e63a71d8d DependenciesID=e321fbdf4f318a4a4ec80e5d6ee9ea07 StaticDependenciesID=39322f4c3357bb42ee8489ef23390937 
Number of updated asset objects reloaded before import = 0
Number of asset objects unloaded after import = 0
========================================================================
Received Import Request.
  Time of request: 2026-09-19T15:00:27.1650513Z
  Time since last request: 0.0007043 seconds.
  importAddress: GUID: 09b199e86de5d1944ab9106ca2c11f75 - Path: Packages/com.unity.collab-proxy/Editor/Gluon/ProgressOperationHandler.cs - Importer: ScriptedImporter/UnityEditor.QuickSearchModule:UnityEditor.Search:ASIAI0B
Importing 'GUID: 09b199e86de5d1944ab9106ca2c11f75 - Path: Packages/com.unity.collab-proxy/Editor/Gluon/ProgressOperationHandler.cs - Importer: ScriptedImporter/UnityEditor.QuickSearchModule:UnityEditor.Search:ASIAI0B' with importer (ScriptedImporter : UnityEditor.QuickSearchModule:UnityEditor.Search:ASIAI0B)
Imported 'GUID: 09b199e86de5d1944ab9106ca2c11f75' -> (Import Result ID: '6d9c2cacd2eb5c482d8fc96b3bd1fba6') in 0.003 seconds [static and dynamic dependencies]. Details - ImportResultOutputID=30a1eebe12601b27b6a5067c7c365e34 DependenciesID=745e5b88759740580d98a1215f9d2670 StaticDependenciesID=4345fdcbc2b475337b0e5ed5ad7e50d0 
Number of updated asset objects reloaded before import = 0
Number of asset objects unloaded after import = 0
========================================================================
Received Import Request.
  Time of request: 2026-09-19T15:00:27.1874494Z
  Time since last request: 0.0006236 seconds.
  importAddress: GUID: a7785ffd4a2444038c73d694d2bf3a80 - Path: Packages/com.unity.collab-proxy/Editor/Entities/GetSubScenePathFromInstance.cs - Importer: ScriptedImporter/UnityEditor.QuickSearchModule:UnityEditor.Search:ASIAI0B
Importing 'GUID: a7785ffd4a2444038c73d694d2bf3a80 - Path: Packages/com.unity.collab-proxy/Editor/Entities/GetSubScenePathFromInstance.cs - Importer: ScriptedImporter/UnityEditor.QuickSearchModule:UnityEditor.Search:ASIAI0B' with importer (ScriptedImporter : UnityEditor.QuickSearchModule:UnityEditor.Search:ASIAI0B)
Imported 'GUID: a7785ffd4a2444038c73d694d2bf3a80' -> (Import Result ID: '7c6cb1a3d78ff0a4ddda50fec51430ab') in 0.012 seconds [static and dynamic dependencies]. Details - ImportResultOutputID=b2b6f5f3dff62cbfe4c5d421284b0a35 DependenciesID=5f7e48f7f0b6c1f9f96e241cb77cb366 StaticDependenciesID=21af12eab8ced504ccba37a00846c774 
Number of updated asset objects reloaded before import = 0
Number of asset objects unloaded after import = 0
========================================================================
Received Import Request.
  Time of request: 2026-09-19T15:00:27.2192514Z
  Time since last request: 0.0014102 seconds.
  importAddress: GUID: 7b405b01c6be83742bc000fb416b4dbf - Path: Packages/com.unity.collab-proxy/Editor/Tool/LaunchInstaller.cs - Importer: ScriptedImporter/UnityEditor.QuickSearchModule:UnityEditor.Search:ASIAI0B
Importing 'GUID: 7b405b01c6be83742bc000fb416b4dbf - Path: Packages/com.unity.collab-proxy/Editor/Tool/LaunchInstaller.cs - Importer: ScriptedImporter/UnityEditor.QuickSearchModule:UnityEditor.Search:ASIAI0B' with importer (ScriptedImporter : UnityEditor.QuickSearchModule:UnityEditor.Search:ASIAI0B)
Imported 'GUID: 7b405b01c6be83742bc000fb416b4dbf' -> (Import Result ID: '7d4b50fcfa80f4c254e0a120d53a2684') in 0.004 seconds [static and dynamic dependencies]. Details - ImportResultOutputID=ac76adbab7c78c697b19eacbee0f8407 DependenciesID=d6db79a19658ca8fb53cf108b0bc8fce StaticDependenciesID=9a8ce9b94befcdb1da6f221b189abab2 
Number of updated asset objects reloaded before import = 0
Number of asset objects unloaded after import = 0
========================================================================
Received Import Request.
  Time of request: 2026-09-19T15:00:27.2423881Z
  Time since last request: 0.0009415 seconds.
  importAddress: GUID: a6d05b29e607e62478df26227566e1b9 - Path: Packages/com.unity.collab-proxy/Editor/Tool/LaunchTool.cs - Importer: ScriptedImporter/UnityEditor.QuickSearchModule:UnityEditor.Search:ASIAI0B
Importing 'GUID: a6d05b29e607e62478df26227566e1b9 - Path: Packages/com.unity.collab-proxy/Editor/Tool/LaunchTool.cs - Importer: ScriptedImporter/UnityEditor.QuickSearchModule:UnityEditor.Search:ASIAI0B' with importer (ScriptedImporter : UnityEditor.QuickSearchModule:UnityEditor.Search:ASIAI0B)
Imported 'GUID: a6d05b29e607e62478df26227566e1b9' -> (Import Result ID: '326ff08c1daadded65b4d45a6bc1394e') in 0.003 seconds [static and dynamic dependencies]. Details - ImportResultOutputID=ddf1bfd12afbbf95066e12b35e58b6f8 DependenciesID=b1e1be73ce19147b643068d7d3095325 StaticDependenciesID=755d5f3dae3293a1c099193fc787807b 
Number of updated asset objects reloaded before import = 0
Number of asset objects unloaded after import = 0
========================================================================
Received Import Request.
  Time of request: 2026-09-19T15:00:27.2638877Z
  Time since last request: 0.000635 seconds.
  importAddress: GUID: 318741862274d44d7a9e24a21a14fd8d - Path: Packages/com.unity.collab-proxy/Editor/Hashing/XxHash128.cs - Importer: ScriptedImporter/UnityEditor.QuickSearchModule:UnityEditor.Search:ASIAI0B
Importing 'GUID: 318741862274d44d7a9e24a21a14fd8d - Path: Packages/com.unity.collab-proxy/Editor/Hashing/XxHash128.cs - Importer: ScriptedImporter/UnityEditor.QuickSearchModule:UnityEditor.Search:ASIAI0B' with importer (ScriptedImporter : UnityEditor.QuickSearchModule:UnityEditor.Search:ASIAI0B)
Imported 'GUID: 318741862274d44d7a9e24a21a14fd8d' -> (Import Result ID: '3beabf3dd67d220296b3f2e3488ab9d5') in 0.003 seconds [static and dynamic dependencies]. Details - ImportResultOutputID=ba61e17c91a69ec14c5275dfac35b9f3 DependenciesID=67be0b9b68fca53aed28cdcbb6c57947 StaticDependenciesID=6f5fef641c4373b47105be49fa1ee301 
Number of updated asset objects reloaded before import = 0
Number of asset objects unloaded after import = 0
========================================================================
Received Import Request.
  Time of request: 2026-09-19T15:00:27.2855076Z
  Time since last request: 0.0005669 seconds.
  importAddress: GUID: cdd5bec613c44cd3b5fcd57177754bb9 - Path: Packages/com.unity.collab-proxy/Editor/Tool/IsExeVersion.cs - Importer: ScriptedImporter/UnityEditor.QuickSearchModule:UnityEditor.Search:ASIAI0B
Importing 'GUID: cdd5bec613c44cd3b5fcd57177754bb9 - Path: Packages/com.unity.collab-proxy/Editor/Tool/IsExeVersion.cs - Importer: ScriptedImporter/UnityEditor.QuickSearchModule:UnityEditor.Search:ASIAI0B' with importer (ScriptedImporter : UnityEditor.QuickSearchModule:UnityEditor.Search:ASIAI0B)
Imported 'GUID: cdd5bec613c44cd3b5fcd57177754bb9' -> (Import Result ID: 'fea6f9d8d0791728255f6c4a6c2284a4') in 0.003 seconds [static and dynamic dependencies]. Details - ImportResultOutputID=771c896da7ec3cdbf33fa5809e4e783f DependenciesID=a0ddd7d64b48978d1f29a5b2d6fb55ee StaticDependenciesID=e8ec50e59ace56953036d4601b444792 
Number of updated asset objects reloaded before import = 0
Number of asset objects unloaded after import = 0
========================================================================
Received Import Request.
  Time of request: 2026-09-19T15:00:27.3061056Z
  Time since last request: 0.0008737 seconds.
  importAddress: GUID: d1c8ba8f08844ab3ad8c0ef45536941e - Path: Packages/com.unity.collab-proxy/Editor/Hashing/NonCryptographicHashAlgorithm.cs - Importer: ScriptedImporter/UnityEditor.QuickSearchModule:UnityEditor.Search:ASIAI0B
Importing 'GUID: d1c8ba8f08844ab3ad8c0ef45536941e - Path: Packages/com.unity.collab-proxy/Editor/Hashing/NonCryptographicHashAlgorithm.cs - Importer: ScriptedImporter/UnityEditor.QuickSearchModule:UnityEditor.Search:ASIAI0B' with importer (ScriptedImporter : UnityEditor.QuickSearchModule:UnityEditor.Search:ASIAI0B)
Imported 'GUID: d1c8ba8f08844ab3ad8c0ef45536941e' -> (Import Result ID: '460a3ae36204564e19e44934bbff0038') in 0.005 seconds [static and dynamic dependencies]. Details - ImportResultOutputID=282c41df8e0730c9447d7e47e91fcb53 DependenciesID=d0ce544349a89f1dbf0d1cb807e00c9b StaticDependenciesID=f499d3dd9c80faa25e19d60dd2a6359b 
Number of updated asset objects reloaded before import = 0
Number of asset objects unloaded after import = 0
========================================================================
Received Import Request.
  Time of request: 2026-09-19T15:00:27.3304461Z
  Time since last request: 0.0008348 seconds.
  importAddress: GUID: 26e3da9604f1418d8da4a0b39108d6e7 - Path: Packages/com.unity.collab-proxy/Editor/Diff/DiffMessagePanel.cs - Importer: ScriptedImporter/UnityEditor.QuickSearchModule:UnityEditor.Search:ASIAI0B
Importing 'GUID: 26e3da9604f1418d8da4a0b39108d6e7 - Path: Packages/com.unity.collab-proxy/Editor/Diff/DiffMessagePanel.cs - Importer: ScriptedImporter/UnityEditor.QuickSearchModule:UnityEditor.Search:ASIAI0B' with importer (ScriptedImporter : UnityEditor.QuickSearchModule:UnityEditor.Search:ASIAI0B)
Imported 'GUID: 26e3da9604f1418d8da4a0b39108d6e7' -> (Import Result ID: '8b21cfa966a3a1ea7a8f5a7590e28a9a') in 0.004 seconds [static and dynamic dependencies]. Details - ImportResultOutputID=dff26117039b700a6e0cda006af5a5a0 DependenciesID=c13f064e86179475f67f292c642199de StaticDependenciesID=77dfdd2e01e05cabbb277e690a591cac 
Number of updated asset objects reloaded before import = 0
Number of asset objects unloaded after import = 0
========================================================================
Received Import Request.
  Time of request: 2026-09-19T15:00:27.353513Z
  Time since last request: 0.0006667 seconds.
  importAddress: GUID: 2dae17e8419667e46a2a476dd2cd18e0 - Path: Packages/com.unity.collab-proxy/Editor/StatusBar/WindowStatusBar.cs - Importer: ScriptedImporter/UnityEditor.QuickSearchModule:UnityEditor.Search:ASIAI0B
Importing 'GUID: 2dae17e8419667e46a2a476dd2cd18e0 - Path: Packages/com.unity.collab-proxy/Editor/StatusBar/WindowStatusBar.cs - Importer: ScriptedImporter/UnityEditor.QuickSearchModule:UnityEditor.Search:ASIAI0B' with importer (ScriptedImporter : UnityEditor.QuickSearchModule:UnityEditor.Search:ASIAI0B)
Imported 'GUID: 2dae17e8419667e46a2a476dd2cd18e0' -> (Import Result ID: '752f7e4a09ed504e6a2ac30908815108') in 0.002 seconds [static and dynamic dependencies]. Details - ImportResultOutputID=f3500cae60c1a1c3390ce585cc78d4bb DependenciesID=6ba4d1f4a5946541d1a8a7dd428f8e2d StaticDependenciesID=fd6936f080254dc7e08a857ae61ca06b 
Number of updated asset objects reloaded before import = 0
Number of asset objects unloaded after import = 0
========================================================================
Received Import Request.
  Time of request: 2026-09-19T15:00:27.3732362Z
  Time since last request: 0.0006579 seconds.
  importAddress: GUID: 05c0641719e74f058e7530b150336e82 - Path: Packages/com.unity.collab-proxy/Editor/Settings/OtherOptionsFoldout.cs - Importer: ScriptedImporter/UnityEditor.QuickSearchModule:UnityEditor.Search:ASIAI0B
Importing 'GUID: 05c0641719e74f058e7530b150336e82 - Path: Packages/com.unity.collab-proxy/Editor/Settings/OtherOptionsFoldout.cs - Importer: ScriptedImporter/UnityEditor.QuickSearchModule:UnityEditor.Search:ASIAI0B' with importer (ScriptedImporter : UnityEditor.QuickSearchModule:UnityEditor.Search:ASIAI0B)
Imported 'GUID: 05c0641719e74f058e7530b150336e82' -> (Import Result ID: '995ffaaa79c1b854487a64b443c725b1') in 0.003 seconds [static and dynamic dependencies]. Details - ImportResultOutputID=c65d20cbca3ef1801ff21dd4e401a038 DependenciesID=3614010a9a07307516640542ce3ece14 StaticDependenciesID=bff3855fb8a974a24c7e23bafc717a94 
Number of updated asset objects reloaded before import = 0
Number of asset objects unloaded after import = 0
========================================================================
Received Import Request.
  Time of request: 2026-09-19T15:00:27.3906759Z
  Time since last request: 0.0006197 seconds.
  importAddress: GUID: f25df29da91c45449ada5f3da8cf20ea - Path: Packages/com.unity.collab-proxy/Editor/Tool/IsExeAvailable.cs - Importer: ScriptedImporter/UnityEditor.QuickSearchModule:UnityEditor.Search:ASIAI0B
Importing 'GUID: f25df29da91c45449ada5f3da8cf20ea - Path: Packages/com.unity.collab-proxy/Editor/Tool/IsExeAvailable.cs - Importer: ScriptedImporter/UnityEditor.QuickSearchModule:UnityEditor.Search:ASIAI0B' with importer (ScriptedImporter : UnityEditor.QuickSearchModule:UnityEditor.Search:ASIAI0B)
Imported 'GUID: f25df29da91c45449ada5f3da8cf20ea' -> (Import Result ID: '6dfbec47e6bedd8f55ea19528bdd64a7') in 0.003 seconds [static and dynamic dependencies]. Details - ImportResultOutputID=81fd432c2f2e8853f95b031a1628fb48 DependenciesID=a6e9412e8cb29f94be99fe36c9fcb9db StaticDependenciesID=84138502873b6ba46ceb6300b2ca38ca 
Number of updated asset objects reloaded before import = 0
Number of asset objects unloaded after import = 0
========================================================================
Received Import Request.
  Time of request: 2026-09-19T15:00:27.4108644Z
  Time since last request: 0.0005858 seconds.
  importAddress: GUID: 9b17ac8ceb35dc74fbf646862e01a782 - Path: Packages/com.unity.collab-proxy/Editor/Gluon/IncomingChangesNotification.cs - Importer: ScriptedImporter/UnityEditor.QuickSearchModule:UnityEditor.Search:ASIAI0B
Importing 'GUID: 9b17ac8ceb35dc74fbf646862e01a782 - Path: Packages/com.unity.collab-proxy/Editor/Gluon/IncomingChangesNotification.cs - Importer: ScriptedImporter/UnityEditor.QuickSearchModule:UnityEditor.Search:ASIAI0B' with importer (ScriptedImporter : UnityEditor.QuickSearchModule:UnityEditor.Search:ASIAI0B)
Imported 'GUID: 9b17ac8ceb35dc74fbf646862e01a782' -> (Import Result ID: '6afa2cdcb6e3e16542ac5eb6ae3e7b2f') in 0.004 seconds [static and dynamic dependencies]. Details - ImportResultOutputID=c1aad703fa2a70efc58a6e47ffe0d949 DependenciesID=b2e28b227952af3b86d0860770ec645a StaticDependenciesID=3bdc04abf509dd2c4bdff99347f5f820 
Number of updated asset objects reloaded before import = 0
Number of asset objects unloaded after import = 0
========================================================================
Received Import Request.
  Time of request: 2026-09-19T15:00:27.430893Z
  Time since last request: 0.0005897 seconds.
  importAddress: GUID: 2e0d1d689c88f76448cad390443d7ba3 - Path: Packages/com.unity.collab-proxy/Editor/Tool/FindTool.cs - Importer: ScriptedImporter/UnityEditor.QuickSearchModule:UnityEditor.Search:ASIAI0B
Importing 'GUID: 2e0d1d689c88f76448cad390443d7ba3 - Path: Packages/com.unity.collab-proxy/Editor/Tool/FindTool.cs - Importer: ScriptedImporter/UnityEditor.QuickSearchModule:UnityEditor.Search:ASIAI0B' with importer (ScriptedImporter : UnityEditor.QuickSearchModule:UnityEditor.Search:ASIAI0B)
Imported 'GUID: 2e0d1d689c88f76448cad390443d7ba3' -> (Import Result ID: '3b1408299df2b3842768d1dd3fbc7319') in 0.003 seconds [static and dynamic dependencies]. Details - ImportResultOutputID=6ba15f888a05d1a0b64a6bded157b618 DependenciesID=957b47cc981ccce8788e32926619748f StaticDependenciesID=010977ac5c90a6ed17369255e62b38c1 
Number of updated asset objects reloaded before import = 0
Number of asset objects unloaded after import = 0
========================================================================
Received Import Request.
  Time of request: 2026-09-19T15:00:27.4530751Z
  Time since last request: 0.000785 seconds.
  importAddress: GUID: 22904cb954eb4a2e9bcae493741b96e6 - Path: Packages/com.unity.collab-proxy/Editor/Diff/DiffTextViewBuilder.cs - Importer: ScriptedImporter/UnityEditor.QuickSearchModule:UnityEditor.Search:ASIAI0B
Importing 'GUID: 22904cb954eb4a2e9bcae493741b96e6 - Path: Packages/com.unity.collab-proxy/Editor/Diff/DiffTextViewBuilder.cs - Importer: ScriptedImporter/UnityEditor.QuickSearchModule:UnityEditor.Search:ASIAI0B' with importer (ScriptedImporter : UnityEditor.QuickSearchModule:UnityEditor.Search:ASIAI0B)
Imported 'GUID: 22904cb954eb4a2e9bcae493741b96e6' -> (Import Result ID: '4cdf99a2048daad4b99da4c79061664f') in 0.003 seconds [static and dynamic dependencies]. Details - ImportResultOutputID=36612232a86d3ba84f6d04967b45d1a0 DependenciesID=9bc122a2068ea9ca92ae973af3bbf228 StaticDependenciesID=9e24f7776561b6b9d05561b7c4cea996 
Number of updated asset objects reloaded before import = 0
Number of asset objects unloaded after import = 0
========================================================================
Received Import Request.
  Time of request: 2026-09-19T15:00:27.472679Z
  Time since last request: 0.0005471 seconds.
  importAddress: GUID: 3c1571ec0b185dc428a1df774086a310 - Path: Packages/com.unity.collab-proxy/Editor/Headless/HeadlessUpdateReport.cs - Importer: ScriptedImporter/UnityEditor.QuickSearchModule:UnityEditor.Search:ASIAI0B
Importing 'GUID: 3c1571ec0b185dc428a1df774086a310 - Path: Packages/com.unity.collab-proxy/Editor/Headless/HeadlessUpdateReport.cs - Importer: ScriptedImporter/UnityEditor.QuickSearchModule:UnityEditor.Search:ASIAI0B' with importer (ScriptedImporter : UnityEditor.QuickSearchModule:UnityEditor.Search:ASIAI0B)
Imported 'GUID: 3c1571ec0b185dc428a1df774086a310' -> (Import Result ID: 'ac17f59092eee11ad5ed10a350addfd3') in 0.003 seconds [static and dynamic dependencies]. Details - ImportResultOutputID=b689070a510d7059c49b6834289ab75e DependenciesID=7b3f4555bdf08d116beb27a4f75d35e2 StaticDependenciesID=1b30e7b29efa7f891ca6728da67494d4 
Number of updated asset objects reloaded before import = 0
Number of asset objects unloaded after import = 0
========================================================================
Received Import Request.
  Time of request: 2026-09-19T15:00:27.4935082Z
  Time since last request: 0.0010569 seconds.
  importAddress: GUID: 1b0473213bc885840bb309ebce32b6fb - Path: Packages/com.unity.collab-proxy/Editor/Headless/HeadlessMergeViewLauncher.cs - Importer: ScriptedImporter/UnityEditor.QuickSearchModule:UnityEditor.Search:ASIAI0B
Importing 'GUID: 1b0473213bc885840bb309ebce32b6fb - Path: Packages/com.unity.collab-proxy/Editor/Headless/HeadlessMergeViewLauncher.cs - Importer: ScriptedImporter/UnityEditor.QuickSearchModule:UnityEditor.Search:ASIAI0B' with importer (ScriptedImporter : UnityEditor.QuickSearchModule:UnityEditor.Search:ASIAI0B)
Imported 'GUID: 1b0473213bc885840bb309ebce32b6fb' -> (Import Result ID: '1f1a3282fa79e17e0e182b75c61fda32') in 0.005 seconds [static and dynamic dependencies]. Details - ImportResultOutputID=779dbcc09d0340a3b0e3aef7e3f5fc20 DependenciesID=5174dfff4ecfa8fc62b705296a14e5ff StaticDependenciesID=fed2a69b08cbabda71738e2450308f52 
Number of updated asset objects reloaded before import = 0
Number of asset objects unloaded after import = 0
========================================================================
Received Import Request.
  Time of request: 2026-09-19T15:00:27.5259252Z
  Time since last request: 0.0006232 seconds.
  importAddress: GUID: d9f7fbcfec44541f38ad555a93fad564 - Path: Packages/com.unity.collab-proxy/Editor/Hashing/XxHash64.cs - Importer: ScriptedImporter/UnityEditor.QuickSearchModule:UnityEditor.Search:ASIAI0B
Importing 'GUID: d9f7fbcfec44541f38ad555a93fad564 - Path: Packages/com.unity.collab-proxy/Editor/Hashing/XxHash64.cs - Importer: ScriptedImporter/UnityEditor.QuickSearchModule:UnityEditor.Search:ASIAI0B' with importer (ScriptedImporter : UnityEditor.QuickSearchModule:UnityEditor.Search:ASIAI0B)
Imported 'GUID: d9f7fbcfec44541f38ad555a93fad564' -> (Import Result ID: '77e85d907b1fa5a796951f3f7767d5fa') in 0.003 seconds [static and dynamic dependencies]. Details - ImportResultOutputID=9369d002f1182aa9c8b156c16cd090dd DependenciesID=2a36a02dd02bc89b2820e7e6164d57a2 StaticDependenciesID=67846e79ea641e47f03199ea7f6cd6a3 
Number of updated asset objects reloaded before import = 0
Number of asset objects unloaded after import = 0
========================================================================
Received Import Request.
  Time of request: 2026-09-19T15:00:27.5473635Z
  Time since last request: 0.0007514 seconds.
  importAddress: GUID: f111698d5aafb61479afc143e389a014 - Path: Packages/com.unity.collab-proxy/Editor/Headless/HeadlessGluonUpdateProgress.cs - Importer: ScriptedImporter/UnityEditor.QuickSearchModule:UnityEditor.Search:ASIAI0B
Importing 'GUID: f111698d5aafb61479afc143e389a014 - Path: Packages/com.unity.collab-proxy/Editor/Headless/HeadlessGluonUpdateProgress.cs - Importer: ScriptedImporter/UnityEditor.QuickSearchModule:UnityEditor.Search:ASIAI0B' with importer (ScriptedImporter : UnityEditor.QuickSearchModule:UnityEditor.Search:ASIAI0B)
Imported 'GUID: f111698d5aafb61479afc143e389a014' -> (Import Result ID: 'd665d4a4c6ffb82930166d7358fb0186') in 0.004 seconds [static and dynamic dependencies]. Details - ImportResultOutputID=4e1e2bd6904bc40ddb00213ae68571d8 DependenciesID=f381a7da257a8e436278e80b819d86dc StaticDependenciesID=3f106e43acb2f678dd506d6f3475f03a 
Number of updated asset objects reloaded before import = 0
Number of asset objects unloaded after import = 0
========================================================================
Received Import Request.
  Time of request: 2026-09-19T15:00:27.5670418Z
  Time since last request: 0.000655 seconds.
  importAddress: GUID: de6e8913aefd69d4ca90a7216d225d3a - Path: Packages/com.unity.collab-proxy/Editor/Tool/ToolConstants.cs - Importer: ScriptedImporter/UnityEditor.QuickSearchModule:UnityEditor.Search:ASIAI0B
Importing 'GUID: de6e8913aefd69d4ca90a7216d225d3a - Path: Packages/com.unity.collab-proxy/Editor/Tool/ToolConstants.cs - Importer: ScriptedImporter/UnityEditor.QuickSearchModule:UnityEditor.Search:ASIAI0B' with importer (ScriptedImporter : UnityEditor.QuickSearchModule:UnityEditor.Search:ASIAI0B)
Imported 'GUID: de6e8913aefd69d4ca90a7216d225d3a' -> (Import Result ID: '1e1a80ec02c7416adb8d023855362012') in 0.003 seconds [static and dynamic dependencies]. Details - ImportResultOutputID=d5dc64f655fa34e6e582c0a339cf3b5c DependenciesID=e93e117c2eeb30c326f377999b680763 StaticDependenciesID=a432de536c8e2fd6853d59fa7d64d864 
Number of updated asset objects reloaded before import = 0
Number of asset objects unloaded after import = 0
========================================================================
Received Import Request.
  Time of request: 2026-09-19T15:00:27.5858298Z
  Time since last request: 0.0007129 seconds.
  importAddress: GUID: 2225873219944bac82cbf7bb0a2b5153 - Path: Packages/com.unity.collab-proxy/Editor/Diff/DiffMergeColorThemeSetter.cs - Importer: ScriptedImporter/UnityEditor.QuickSearchModule:UnityEditor.Search:ASIAI0B
Importing 'GUID: 2225873219944bac82cbf7bb0a2b5153 - Path: Packages/com.unity.collab-proxy/Editor/Diff/DiffMergeColorThemeSetter.cs - Importer: ScriptedImporter/UnityEditor.QuickSearchModule:UnityEditor.Search:ASIAI0B' with importer (ScriptedImporter : UnityEditor.QuickSearchModule:UnityEditor.Search:ASIAI0B)
Imported 'GUID: 2225873219944bac82cbf7bb0a2b5153' -> (Import Result ID: '89ffa6415e53c5f393c30018775af722') in 0.003 seconds [static and dynamic dependencies]. Details - ImportResultOutputID=be069aa97d6770614565e1b125fcfa15 DependenciesID=34e6db3379e45bb348e268e96105b077 StaticDependenciesID=b8b6f1e7fa0af2621db773078ecd1bf3 
Number of updated asset objects reloaded before import = 0
Number of asset objects unloaded after import = 0
========================================================================
Received Import Request.
  Time of request: 2026-09-19T15:00:27.6084843Z
  Time since last request: 0.0008452 seconds.
  importAddress: GUID: 0a4d51d508394143b7023452d44f5a6a - Path: Packages/com.unity.collab-proxy/Editor/Headless/HeadlessRefreshView.cs - Importer: ScriptedImporter/UnityEditor.QuickSearchModule:UnityEditor.Search:ASIAI0B
Importing 'GUID: 0a4d51d508394143b7023452d44f5a6a - Path: Packages/com.unity.collab-proxy/Editor/Headless/HeadlessRefreshView.cs - Importer: ScriptedImporter/UnityEditor.QuickSearchModule:UnityEditor.Search:ASIAI0B' with importer (ScriptedImporter : UnityEditor.QuickSearchModule:UnityEditor.Search:ASIAI0B)
Imported 'GUID: 0a4d51d508394143b7023452d44f5a6a' -> (Import Result ID: 'bd80776401819466073e54e97bde0dcb') in 0.005 seconds [static and dynamic dependencies]. Details - ImportResultOutputID=a629c37b0d02f757fe0394e9bff73316 DependenciesID=bc49d6c389f0f3e51ddbfed851bd0186 StaticDependenciesID=f292ec7ee373c21f06d6ee2ef0479e86 
Number of updated asset objects reloaded before import = 0
Number of asset objects unloaded after import = 0
========================================================================
Received Import Request.
  Time of request: 2026-09-19T15:00:27.6291725Z
  Time since last request: 0.0005827 seconds.
  importAddress: GUID: 9731678ff16392a4d822454ca1052818 - Path: Packages/com.unity.collab-proxy/Editor/Settings/OpenUVCSProjectSettings.cs - Importer: ScriptedImporter/UnityEditor.QuickSearchModule:UnityEditor.Search:ASIAI0B
Importing 'GUID: 9731678ff16392a4d822454ca1052818 - Path: Packages/com.unity.collab-proxy/Editor/Settings/OpenUVCSProjectSettings.cs - Importer: ScriptedImporter/UnityEditor.QuickSearchModule:UnityEditor.Search:ASIAI0B' with importer (ScriptedImporter : UnityEditor.QuickSearchModule:UnityEditor.Search:ASIAI0B)
Imported 'GUID: 9731678ff16392a4d822454ca1052818' -> (Import Result ID: 'd037057d4e0d1d7973551d8e6cf07351') in 0.003 seconds [static and dynamic dependencies]. Details - ImportResultOutputID=d011ae0596337d864e2bd285ff8d2480 DependenciesID=62c5f7e91161103bfa00acf4c70ea32d StaticDependenciesID=67c0e30cc1efcc23ddbcc57718183497 
Number of updated asset objects reloaded before import = 0
Number of asset objects unloaded after import = 0
========================================================================
Received Import Request.
  Time of request: 2026-09-19T15:00:27.649301Z
  Time since last request: 0.0006006 seconds.
  importAddress: GUID: fe8d056c7f649402c8690ade1bc20eb5 - Path: Packages/com.unity.collab-proxy/Editor/Diff/EditedTextBlockMarker.cs - Importer: ScriptedImporter/UnityEditor.QuickSearchModule:UnityEditor.Search:ASIAI0B
Importing 'GUID: fe8d056c7f649402c8690ade1bc20eb5 - Path: Packages/com.unity.collab-proxy/Editor/Diff/EditedTextBlockMarker.cs - Importer: ScriptedImporter/UnityEditor.QuickSearchModule:UnityEditor.Search:ASIAI0B' with importer (ScriptedImporter : UnityEditor.QuickSearchModule:UnityEditor.Search:ASIAI0B)
Imported 'GUID: fe8d056c7f649402c8690ade1bc20eb5' -> (Import Result ID: 'aee78f57dcdcd0d2e12ce4e286f5b663') in 0.003 seconds [static and dynamic dependencies]. Details - ImportResultOutputID=e180a24e7a897506da385542f4ea28d3 DependenciesID=04b9824d037d6e9eb51a96eee1ba7ec4 StaticDependenciesID=8df0155913fa8853e804e65bc560c1ff 
Number of updated asset objects reloaded before import = 0
Number of asset objects unloaded after import = 0
========================================================================
Received Import Request.
  Time of request: 2026-09-19T15:00:27.6705157Z
  Time since last request: 0.0007072 seconds.
  importAddress: GUID: 94a5d27698bed3d42beabebcedbf1f23 - Path: Packages/com.unity.collab-proxy/Editor/Hub/ProcessHubCommand.cs - Importer: ScriptedImporter/UnityEditor.QuickSearchModule:UnityEditor.Search:ASIAI0B
Importing 'GUID: 94a5d27698bed3d42beabebcedbf1f23 - Path: Packages/com.unity.collab-proxy/Editor/Hub/ProcessHubCommand.cs - Importer: ScriptedImporter/UnityEditor.QuickSearchModule:UnityEditor.Search:ASIAI0B' with importer (ScriptedImporter : UnityEditor.QuickSearchModule:UnityEditor.Search:ASIAI0B)
Imported 'GUID: 94a5d27698bed3d42beabebcedbf1f23' -> (Import Result ID: '262d1384752a974594766c3053b6208a') in 0.006 seconds [static and dynamic dependencies]. Details - ImportResultOutputID=3392f5c5dc8e85fabb479ba18c1e372c DependenciesID=8a329fb1f0ec6e8e825854492bcf6e8b StaticDependenciesID=f47ca5ac283f5dff59cd6aaeb4e88a61 
Number of updated asset objects reloaded before import = 0
Number of asset objects unloaded after import = 0
========================================================================
Received Import Request.
  Time of request: 2026-09-19T15:00:27.6960584Z
  Time since last request: 0.000544 seconds.
  importAddress: GUID: 28ce2dedf734c7c4e8ad114c00173d65 - Path: Packages/com.unity.collab-proxy/Editor/Inspector/DrawInspectorOperations.cs - Importer: ScriptedImporter/UnityEditor.QuickSearchModule:UnityEditor.Search:ASIAI0B
Importing 'GUID: 28ce2dedf734c7c4e8ad114c00173d65 - Path: Packages/com.unity.collab-proxy/Editor/Inspector/DrawInspectorOperations.cs - Importer: ScriptedImporter/UnityEditor.QuickSearchModule:UnityEditor.Search:ASIAI0B' with importer (ScriptedImporter : UnityEditor.QuickSearchModule:UnityEditor.Search:ASIAI0B)
Imported 'GUID: 28ce2dedf734c7c4e8ad114c00173d65' -> (Import Result ID: '942c7c6578b40d01824335b8ae90e2be') in 0.003 seconds [static and dynamic dependencies]. Details - ImportResultOutputID=31ed0326766e87f9ee566c76e83fa908 DependenciesID=e2a4d1df58326e991ffff06f195c994f StaticDependenciesID=8cc022802fa58aa6292594e085485c98 
Number of updated asset objects reloaded before import = 0
Number of asset objects unloaded after import = 0
========================================================================
Received Import Request.
  Time of request: 2026-09-19T15:00:27.7355822Z
  Time since last request: 0.0201428 seconds.
  importAddress: GUID: 30c4cfa3209d4a44480017a19ec5b3b8 - Path: Packages/com.unity.collab-proxy/Editor/UI/DrawActionHelpBox.cs - Importer: ScriptedImporter/UnityEditor.QuickSearchModule:UnityEditor.Search:ASIAI0B
Importing 'GUID: 30c4cfa3209d4a44480017a19ec5b3b8 - Path: Packages/com.unity.collab-proxy/Editor/UI/DrawActionHelpBox.cs - Importer: ScriptedImporter/UnityEditor.QuickSearchModule:UnityEditor.Search:ASIAI0B' with importer (ScriptedImporter : UnityEditor.QuickSearchModule:UnityEditor.Search:ASIAI0B)
Imported 'GUID: 30c4cfa3209d4a44480017a19ec5b3b8' -> (Import Result ID: '2843641cfeb701ec35a6c81adb4893e5') in 0.003 seconds [static and dynamic dependencies]. Details - ImportResultOutputID=35f1f782ae0dea2847a875a738e263eb DependenciesID=5c26abe5654b0273104cc83c38af589b StaticDependenciesID=a02e4cd9dfd4d031b68530935605f08d 
Number of updated asset objects reloaded before import = 0
Number of asset objects unloaded after import = 0
========================================================================
Received Import Request.
  Time of request: 2026-09-19T15:00:27.7569479Z
  Time since last request: 0.0006775 seconds.
  importAddress: GUID: bf4c80d864854f97a4b2f1dcad326904 - Path: Packages/com.unity.collab-proxy/Editor/UI/DialogWithCheckBox.cs - Importer: ScriptedImporter/UnityEditor.QuickSearchModule:UnityEditor.Search:ASIAI0B
Importing 'GUID: bf4c80d864854f97a4b2f1dcad326904 - Path: Packages/com.unity.collab-proxy/Editor/UI/DialogWithCheckBox.cs - Importer: ScriptedImporter/UnityEditor.QuickSearchModule:UnityEditor.Search:ASIAI0B' with importer (ScriptedImporter : UnityEditor.QuickSearchModule:UnityEditor.Search:ASIAI0B)
Imported 'GUID: bf4c80d864854f97a4b2f1dcad326904' -> (Import Result ID: 'c0f6ba94ae35853fee28146986da385b') in 0.003 seconds [static and dynamic dependencies]. Details - ImportResultOutputID=15cb1fc17208f0448529687c481271f1 DependenciesID=81614d2e56ff5c96d4650c5c81c6a66a StaticDependenciesID=ec9477466accee40eb37695550e69c9f 
Number of updated asset objects reloaded before import = 0
Number of asset objects unloaded after import = 0
========================================================================
Received Import Request.
  Time of request: 2026-09-19T15:00:27.7748239Z
  Time since last request: 0.0006027 seconds.
  importAddress: GUID: 01023c055f6f08e408b78d36d5f7a803 - Path: Packages/com.unity.collab-proxy/Editor/UI/HandleMenuItem.cs - Importer: ScriptedImporter/UnityEditor.QuickSearchModule:UnityEditor.Search:ASIAI0B
Importing 'GUID: 01023c055f6f08e408b78d36d5f7a803 - Path: Packages/com.unity.collab-proxy/Editor/UI/HandleMenuItem.cs - Importer: ScriptedImporter/UnityEditor.QuickSearchModule:UnityEditor.Search:ASIAI0B' with importer (ScriptedImporter : UnityEditor.QuickSearchModule:UnityEditor.Search:ASIAI0B)
Imported 'GUID: 01023c055f6f08e408b78d36d5f7a803' -> (Import Result ID: 'ac1a2aebd4e51aabe44d70c11b372500') in 0.003 seconds [static and dynamic dependencies]. Details - ImportResultOutputID=bb26abb0973b1f88f320ce3e690a0456 DependenciesID=8b5142dbfed0dc9a99efb770c17dd390 StaticDependenciesID=38e2748b3384bfebe553fd7b208a18de 
Number of updated asset objects reloaded before import = 0
Number of asset objects unloaded after import = 0
========================================================================
Received Import Request.
  Time of request: 2026-09-19T15:00:27.794714Z
  Time since last request: 0.0006776 seconds.
  importAddress: GUID: 1ea55c972a804304b2c7212f93c6bc4e - Path: Packages/com.unity.collab-proxy/Editor/UI/OverlayProgress.cs - Importer: ScriptedImporter/UnityEditor.QuickSearchModule:UnityEditor.Search:ASIAI0B
Importing 'GUID: 1ea55c972a804304b2c7212f93c6bc4e - Path: Packages/com.unity.collab-proxy/Editor/UI/OverlayProgress.cs - Importer: ScriptedImporter/UnityEditor.QuickSearchModule:UnityEditor.Search:ASIAI0B' with importer (ScriptedImporter : UnityEditor.QuickSearchModule:UnityEditor.Search:ASIAI0B)
Imported 'GUID: 1ea55c972a804304b2c7212f93c6bc4e' -> (Import Result ID: '36fd6d9c6378804223ea03f15d4f0498') in 0.003 seconds [static and dynamic dependencies]. Details - ImportResultOutputID=5f4e20de832686693498cfab11eedf74 DependenciesID=14dd9b1c99a464a1834f4ebaf14b0739 StaticDependenciesID=15c4a0aafc397b74d637d351ae51f311 
Number of updated asset objects reloaded before import = 0
Number of asset objects unloaded after import = 0
========================================================================
Received Import Request.
  Time of request: 2026-09-19T15:00:27.8134163Z
  Time since last request: 0.0006856 seconds.
  importAddress: GUID: 5eeef8c7e006fbe49ab66c960691f11e - Path: Packages/com.unity.collab-proxy/Editor/UI/MeasureMaxWidth.cs - Importer: ScriptedImporter/UnityEditor.QuickSearchModule:UnityEditor.Search:ASIAI0B
Importing 'GUID: 5eeef8c7e006fbe49ab66c960691f11e - Path: Packages/com.unity.collab-proxy/Editor/UI/MeasureMaxWidth.cs - Importer: ScriptedImporter/UnityEditor.QuickSearchModule:UnityEditor.Search:ASIAI0B' with importer (ScriptedImporter : UnityEditor.QuickSearchModule:UnityEditor.Search:ASIAI0B)
Imported 'GUID: 5eeef8c7e006fbe49ab66c960691f11e' -> (Import Result ID: '91e0ac5955759d788e1252a1632033a4') in 0.003 seconds [static and dynamic dependencies]. Details - ImportResultOutputID=908b569e94245f4747da1a2eb25ea3fc DependenciesID=f35e86426a261c7059aab2ac44f281f4 StaticDependenciesID=961c135011d0b2fbcdb4fc86ebaa7cf0 
Number of updated asset objects reloaded before import = 0
Number of asset objects unloaded after import = 0
========================================================================
Received Import Request.
  Time of request: 2026-09-19T15:00:27.8347516Z
  Time since last request: 0.0006911 seconds.
  importAddress: GUID: e09919744ef75bc4eaa3181b195375bd - Path: Packages/com.unity.collab-proxy/Editor/UnityInternals/UVCSToolbarBoostrap.cs - Importer: ScriptedImporter/UnityEditor.QuickSearchModule:UnityEditor.Search:ASIAI0B
Importing 'GUID: e09919744ef75bc4eaa3181b195375bd - Path: Packages/com.unity.collab-proxy/Editor/UnityInternals/UVCSToolbarBoostrap.cs - Importer: ScriptedImporter/UnityEditor.QuickSearchModule:UnityEditor.Search:ASIAI0B' with importer (ScriptedImporter : UnityEditor.QuickSearchModule:UnityEditor.Search:ASIAI0B)
Imported 'GUID: e09919744ef75bc4eaa3181b195375bd' -> (Import Result ID: '611ba9c5d1544b6b9ad203de9c4a8e3c') in 0.003 seconds [static and dynamic dependencies]. Details - ImportResultOutputID=2e5b3b9055c1d8656fc29dd9d415340f DependenciesID=58260224f5cc72c55a8b49967d093916 StaticDependenciesID=2bb93e1d3f5266f50e16b5e163b2d014 
Number of updated asset objects reloaded before import = 0
Number of asset objects unloaded after import = 0
========================================================================
Received Import Request.
  Time of request: 2026-09-19T15:00:27.8567274Z
  Time since last request: 0.0005674 seconds.
  importAddress: GUID: 3a4d828da4d125740924da08b5fbe1cb - Path: Packages/com.unity.collab-proxy/Editor/UI/GuiEnabled.cs - Importer: ScriptedImporter/UnityEditor.QuickSearchModule:UnityEditor.Search:ASIAI0B
Importing 'GUID: 3a4d828da4d125740924da08b5fbe1cb - Path: Packages/com.unity.collab-proxy/Editor/UI/GuiEnabled.cs - Importer: ScriptedImporter/UnityEditor.QuickSearchModule:UnityEditor.Search:ASIAI0B' with importer (ScriptedImporter : UnityEditor.QuickSearchModule:UnityEditor.Search:ASIAI0B)
Imported 'GUID: 3a4d828da4d125740924da08b5fbe1cb' -> (Import Result ID: 'ddde3e6599f79dbf7b1930bb2ceaaa2e') in 0.004 seconds [static and dynamic dependencies]. Details - ImportResultOutputID=8e68dc5ae00a07af8c64914dc343d62d DependenciesID=cf8883b06de1fa904bd7a012b47e4a2c StaticDependenciesID=26fd4fdeda3b0bc900fae37f1da7573d 
Number of updated asset objects reloaded before import = 0
Number of asset objects unloaded after import = 0
========================================================================
Received Import Request.
  Time of request: 2026-09-19T15:00:27.8800009Z
  Time since last request: 0.0007937 seconds.
  importAddress: GUID: 3c3253f17b35cd14ab618b470fb0e52a - Path: Packages/com.unity.collab-proxy/Editor/UI/DrawActionToolbar.cs - Importer: ScriptedImporter/UnityEditor.QuickSearchModule:UnityEditor.Search:ASIAI0B
Importing 'GUID: 3c3253f17b35cd14ab618b470fb0e52a - Path: Packages/com.unity.collab-proxy/Editor/UI/DrawActionToolbar.cs - Importer: ScriptedImporter/UnityEditor.QuickSearchModule:UnityEditor.Search:ASIAI0B' with importer (ScriptedImporter : UnityEditor.QuickSearchModule:UnityEditor.Search:ASIAI0B)
Imported 'GUID: 3c3253f17b35cd14ab618b470fb0e52a' -> (Import Result ID: 'd185640885c8b4176c0be9725ef316f7') in 0.003 seconds [static and dynamic dependencies]. Details - ImportResultOutputID=56673fc2c3e2fde61121fa23e0d16e3a DependenciesID=08ce3c882ea493b40a76e2e73c8e945e StaticDependenciesID=48b7d12dbf80af2be031bb09f1462dba 
Number of updated asset objects reloaded before import = 0
Number of asset objects unloaded after import = 0
========================================================================
Received Import Request.
  Time of request: 2026-09-19T15:00:27.8980435Z
  Time since last request: 0.0005201 seconds.
  importAddress: GUID: c60feb8f0f5f57c4393eae9a43529616 - Path: Packages/com.unity.collab-proxy/Editor/UI/UnityConstants.cs - Importer: ScriptedImporter/UnityEditor.QuickSearchModule:UnityEditor.Search:ASIAI0B
Importing 'GUID: c60feb8f0f5f57c4393eae9a43529616 - Path: Packages/com.unity.collab-proxy/Editor/UI/UnityConstants.cs - Importer: ScriptedImporter/UnityEditor.QuickSearchModule:UnityEditor.Search:ASIAI0B' with importer (ScriptedImporter : UnityEditor.QuickSearchModule:UnityEditor.Search:ASIAI0B)
Imported 'GUID: c60feb8f0f5f57c4393eae9a43529616' -> (Import Result ID: '481f9bc6b4ec67da718eae25996cf0ab') in 0.003 seconds [static and dynamic dependencies]. Details - ImportResultOutputID=0eda3c32e995e3391c4e35e35c25996b DependenciesID=0c3cae650d62bc63e2317ba8cd59b8a7 StaticDependenciesID=b4c6b07f9df75aa2a3f242d9f1726311 
Number of updated asset objects reloaded before import = 0
Number of asset objects unloaded after import = 0
========================================================================
Received Import Request.
  Time of request: 2026-09-19T15:00:27.9183819Z
  Time since last request: 0.0005776 seconds.
  importAddress: GUID: b3b18600c13f447a90bf04fc2a6dc2d5 - Path: Packages/com.unity.collab-proxy/Editor/UI/SplitterSettings.cs - Importer: ScriptedImporter/UnityEditor.QuickSearchModule:UnityEditor.Search:ASIAI0B
Importing 'GUID: b3b18600c13f447a90bf04fc2a6dc2d5 - Path: Packages/com.unity.collab-proxy/Editor/UI/SplitterSettings.cs - Importer: ScriptedImporter/UnityEditor.QuickSearchModule:UnityEditor.Search:ASIAI0B' with importer (ScriptedImporter : UnityEditor.QuickSearchModule:UnityEditor.Search:ASIAI0B)
Imported 'GUID: b3b18600c13f447a90bf04fc2a6dc2d5' -> (Import Result ID: '0d502c55cd4f88e42ec025cadd832fac') in 0.003 seconds [static and dynamic dependencies]. Details - ImportResultOutputID=f24c35697b66f7a9b24059086acff3f9 DependenciesID=36a83313d49a8628c3661045926ba713 StaticDependenciesID=00d53a56795e91e0277f8267149d7635 
Number of updated asset objects reloaded before import = 0
Number of asset objects unloaded after import = 0
========================================================================
Received Import Request.
  Time of request: 2026-09-19T15:00:27.9406024Z
  Time since last request: 0.0006963 seconds.
  importAddress: GUID: e269ac752b6af4e40bc8fbf471ece79b - Path: Packages/com.unity.collab-proxy/Editor/UI/InputTextDialog.cs - Importer: ScriptedImporter/UnityEditor.QuickSearchModule:UnityEditor.Search:ASIAI0B
Importing 'GUID: e269ac752b6af4e40bc8fbf471ece79b - Path: Packages/com.unity.collab-proxy/Editor/UI/InputTextDialog.cs - Importer: ScriptedImporter/UnityEditor.QuickSearchModule:UnityEditor.Search:ASIAI0B' with importer (ScriptedImporter : UnityEditor.QuickSearchModule:UnityEditor.Search:ASIAI0B)
Imported 'GUID: e269ac752b6af4e40bc8fbf471ece79b' -> (Import Result ID: '777ae30835d037b10e7977dd78407669') in 0.003 seconds [static and dynamic dependencies]. Details - ImportResultOutputID=a9ee78b4cf378e7f0bb8f461d1b4c4f4 DependenciesID=fda5e55f8239b64f390df33952a58859 StaticDependenciesID=1d066f0d65b079d886c9df5665fc7d89 
Number of updated asset objects reloaded before import = 0
Number of asset objects unloaded after import = 0
========================================================================
Received Import Request.
  Time of request: 2026-09-19T15:00:27.9594772Z
  Time since last request: 0.00054 seconds.
  importAddress: GUID: 25e3b426e5be4f64db3f9184fd625379 - Path: Packages/com.unity.collab-proxy/Editor/UI/CloseWindowIfOpened.cs - Importer: ScriptedImporter/UnityEditor.QuickSearchModule:UnityEditor.Search:ASIAI0B
Importing 'GUID: 25e3b426e5be4f64db3f9184fd625379 - Path: Packages/com.unity.collab-proxy/Editor/UI/CloseWindowIfOpened.cs - Importer: ScriptedImporter/UnityEditor.QuickSearchModule:UnityEditor.Search:ASIAI0B' with importer (ScriptedImporter : UnityEditor.QuickSearchModule:UnityEditor.Search:ASIAI0B)
Imported 'GUID: 25e3b426e5be4f64db3f9184fd625379' -> (Import Result ID: '7898014f50d33a36d23cc38db202be22') in 0.003 seconds [static and dynamic dependencies]. Details - ImportResultOutputID=a405dabb9d5b12d53351f4785da50c13 DependenciesID=2e4a6f47fec2795fdeab46a807d2eb4d StaticDependenciesID=74733ac8f9dcd97f665189df306b6dc2 
Number of updated asset objects reloaded before import = 0
Number of asset objects unloaded after import = 0
========================================================================
Received Import Request.
  Time of request: 2026-09-19T15:00:27.9786509Z
  Time since last request: 0.0007461 seconds.
  importAddress: GUID: e4830608cb1ca7f4289f521d7578de88 - Path: Packages/com.unity.collab-proxy/Editor/UI/GetOverlayRect.cs - Importer: ScriptedImporter/UnityEditor.QuickSearchModule:UnityEditor.Search:ASIAI0B
Importing 'GUID: e4830608cb1ca7f4289f521d7578de88 - Path: Packages/com.unity.collab-proxy/Editor/UI/GetOverlayRect.cs - Importer: ScriptedImporter/UnityEditor.QuickSearchModule:UnityEditor.Search:ASIAI0B' with importer (ScriptedImporter : UnityEditor.QuickSearchModule:UnityEditor.Search:ASIAI0B)
Imported 'GUID: e4830608cb1ca7f4289f521d7578de88' -> (Import Result ID: '34ad0571abc11275333714d0cbd82e17') in 0.003 seconds [static and dynamic dependencies]. Details - ImportResultOutputID=78ba4097fbef6e462f057fe403504c74 DependenciesID=b5f5a3baa24f76b8e7611dfa1a377349 StaticDependenciesID=4cdcc322230537751ea4b324ba5d06b1 
Number of updated asset objects reloaded before import = 0
Number of asset objects unloaded after import = 0
========================================================================
Received Import Request.
  Time of request: 2026-09-19T15:00:27.9985215Z
  Time since last request: 0.0006465 seconds.
  importAddress: GUID: 023009af66be2da4d84bf23700528308 - Path: Packages/com.unity.collab-proxy/Editor/UI/UnityEvents.cs - Importer: ScriptedImporter/UnityEditor.QuickSearchModule:UnityEditor.Search:ASIAI0B
Importing 'GUID: 023009af66be2da4d84bf23700528308 - Path: Packages/com.unity.collab-proxy/Editor/UI/UnityEvents.cs - Importer: ScriptedImporter/UnityEditor.QuickSearchModule:UnityEditor.Search:ASIAI0B' with importer (ScriptedImporter : UnityEditor.QuickSearchModule:UnityEditor.Search:ASIAI0B)
Imported 'GUID: 023009af66be2da4d84bf23700528308' -> (Import Result ID: 'da3efe3865334d09442bf7ac5c1faa50') in 0.004 seconds [static and dynamic dependencies]. Details - ImportResultOutputID=d688c56bb1e29e4ff7d3613b613a3068 DependenciesID=08b6c3a3a2735b40bb13fa484403f260 StaticDependenciesID=1a92a2bbd161b10460e867cb1d26a179 
Number of updated asset objects reloaded before import = 0
Number of asset objects unloaded after import = 0
========================================================================
Received Import Request.
  Time of request: 2026-09-19T15:00:28.0201226Z
  Time since last request: 0.0006619 seconds.
  importAddress: GUID: 660c279d5b14417c81d49ee4152e99a7 - Path: Packages/com.unity.collab-proxy/Editor/UnityInternals/UnityInternalsInjector.cs - Importer: ScriptedImporter/UnityEditor.QuickSearchModule:UnityEditor.Search:ASIAI0B
Importing 'GUID: 660c279d5b14417c81d49ee4152e99a7 - Path: Packages/com.unity.collab-proxy/Editor/UnityInternals/UnityInternalsInjector.cs - Importer: ScriptedImporter/UnityEditor.QuickSearchModule:UnityEditor.Search:ASIAI0B' with importer (ScriptedImporter : UnityEditor.QuickSearchModule:UnityEditor.Search:ASIAI0B)
Imported 'GUID: 660c279d5b14417c81d49ee4152e99a7' -> (Import Result ID: 'ab9ba2a947d7f7372b42ef7bf6b58812') in 0.004 seconds [static and dynamic dependencies]. Details - ImportResultOutputID=f4ddcb156e9384afd17f2ef25b627d10 DependenciesID=a137729164b5d1de26b819bcc17a4304 StaticDependenciesID=831a071ac0c13ac4001c53d343fd3aa3 
Number of updated asset objects reloaded before import = 0
Number of asset objects unloaded after import = 0
========================================================================
Received Import Request.
  Time of request: 2026-09-19T15:00:28.0408147Z
  Time since last request: 0.0007809 seconds.
  importAddress: GUID: 84ce5571ebc476e45b6c9bc6644599c2 - Path: Packages/com.unity.collab-proxy/Editor/UI/EditorWindowFocus.cs - Importer: ScriptedImporter/UnityEditor.QuickSearchModule:UnityEditor.Search:ASIAI0B
Importing 'GUID: 84ce5571ebc476e45b6c9bc6644599c2 - Path: Packages/com.unity.collab-proxy/Editor/UI/EditorWindowFocus.cs - Importer: ScriptedImporter/UnityEditor.QuickSearchModule:UnityEditor.Search:ASIAI0B' with importer (ScriptedImporter : UnityEditor.QuickSearchModule:UnityEditor.Search:ASIAI0B)
Imported 'GUID: 84ce5571ebc476e45b6c9bc6644599c2' -> (Import Result ID: 'cee2591f5a829bf0b74738dc7fb8139f') in 0.003 seconds [static and dynamic dependencies]. Details - ImportResultOutputID=0db6974f73229ab0c17276a4df02f342 DependenciesID=db94dfc676cf7ca02e3fd146dc4a01e7 StaticDependenciesID=5bbc9ceef67dc2ec0b94d6d2ce24f8a3 
Number of updated asset objects reloaded before import = 0
Number of asset objects unloaded after import = 0
========================================================================
Received Import Request.
  Time of request: 2026-09-19T15:00:28.0631246Z
  Time since last request: 0.0007931 seconds.
  importAddress: GUID: d765c78b18a58b14a986b34841ae9c52 - Path: Packages/com.unity.collab-proxy/Editor/UI/Images.cs - Importer: ScriptedImporter/UnityEditor.QuickSearchModule:UnityEditor.Search:ASIAI0B
Importing 'GUID: d765c78b18a58b14a986b34841ae9c52 - Path: Packages/com.unity.collab-proxy/Editor/UI/Images.cs - Importer: ScriptedImporter/UnityEditor.QuickSearchModule:UnityEditor.Search:ASIAI0B' with importer (ScriptedImporter : UnityEditor.QuickSearchModule:UnityEditor.Search:ASIAI0B)
Imported 'GUID: d765c78b18a58b14a986b34841ae9c52' -> (Import Result ID: '898885a91c8ebdf2bf1c07cbe135998a') in 0.004 seconds [static and dynamic dependencies]. Details - ImportResultOutputID=64e2a47d56a1c1c065d32eac8e99c9bd DependenciesID=29d3c1ee4eeed71c743e76ba1a247d1a StaticDependenciesID=4154a3a10d140c7a49a88a9d4fad1e4b 
Number of updated asset objects reloaded before import = 0
Number of asset objects unloaded after import = 0
========================================================================
Received Import Request.
  Time of request: 2026-09-19T15:00:28.0861502Z
  Time since last request: 0.0006318 seconds.
  importAddress: GUID: 0a3ad267026374439be70d4b4cd3d4f7 - Path: Packages/com.unity.collab-proxy/Editor/UI/UnityStyles.cs - Importer: ScriptedImporter/UnityEditor.QuickSearchModule:UnityEditor.Search:ASIAI0B
Importing 'GUID: 0a3ad267026374439be70d4b4cd3d4f7 - Path: Packages/com.unity.collab-proxy/Editor/UI/UnityStyles.cs - Importer: ScriptedImporter/UnityEditor.QuickSearchModule:UnityEditor.Search:ASIAI0B' with importer (ScriptedImporter : UnityEditor.QuickSearchModule:UnityEditor.Search:ASIAI0B)
Imported 'GUID: 0a3ad267026374439be70d4b4cd3d4f7' -> (Import Result ID: '0790bf7eced9f66a76ee27c858ae5412') in 0.003 seconds [static and dynamic dependencies]. Details - ImportResultOutputID=354712627c0c82b11f17b3131298fdb4 DependenciesID=de1a477d4ae468ef2f46fb7376428e3c StaticDependenciesID=456f259179a43485de6570985288fd8c 
Number of updated asset objects reloaded before import = 0
Number of asset objects unloaded after import = 0
========================================================================
Received Import Request.
  Time of request: 2026-09-19T15:00:28.1059879Z
  Time since last request: 0.0005312 seconds.
  importAddress: GUID: 54390afd4066b724d9a802ff75bed13b - Path: Packages/com.unity.collab-proxy/Editor/UI/DrawTextBlockWithLink.cs - Importer: ScriptedImporter/UnityEditor.QuickSearchModule:UnityEditor.Search:ASIAI0B
Importing 'GUID: 54390afd4066b724d9a802ff75bed13b - Path: Packages/com.unity.collab-proxy/Editor/UI/DrawTextBlockWithLink.cs - Importer: ScriptedImporter/UnityEditor.QuickSearchModule:UnityEditor.Search:ASIAI0B' with importer (ScriptedImporter : UnityEditor.QuickSearchModule:UnityEditor.Search:ASIAI0B)
Imported 'GUID: 54390afd4066b724d9a802ff75bed13b' -> (Import Result ID: '5d5771d3e6c22edebcc984c3ea73bdd4') in 0.003 seconds [static and dynamic dependencies]. Details - ImportResultOutputID=037959a5a719c56aa0a44646de5766bc DependenciesID=74644c5e5cb8a260ac4984ccbd1c1b23 StaticDependenciesID=01bdf4e5bf978b3d271b360227bb76f1 
Number of updated asset objects reloaded before import = 0
Number of asset objects unloaded after import = 0
========================================================================
Received Import Request.
  Time of request: 2026-09-19T15:00:28.1290318Z
  Time since last request: 0.000829 seconds.
  importAddress: GUID: 75e502da07ff345528edbecd094b5cb5 - Path: Packages/com.unity.collab-proxy/Editor/UI/DelayedActionBySecondsRunner.cs - Importer: ScriptedImporter/UnityEditor.QuickSearchModule:UnityEditor.Search:ASIAI0B
Importing 'GUID: 75e502da07ff345528edbecd094b5cb5 - Path: Packages/com.unity.collab-proxy/Editor/UI/DelayedActionBySecondsRunner.cs - Importer: ScriptedImporter/UnityEditor.QuickSearchModule:UnityEditor.Search:ASIAI0B' with importer (ScriptedImporter : UnityEditor.QuickSearchModule:UnityEditor.Search:ASIAI0B)
Imported 'GUID: 75e502da07ff345528edbecd094b5cb5' -> (Import Result ID: '193d0e2182637a08d2711989dc7759a0') in 0.004 seconds [static and dynamic dependencies]. Details - ImportResultOutputID=1d17cad1d0bdc9745a97ea2d13c520b2 DependenciesID=1de9766e3f4b26cb3fe1d5e436a14b49 StaticDependenciesID=9aac07d2ca5d3a976d5ca45a270fd0c7 
Number of updated asset objects reloaded before import = 0
Number of asset objects unloaded after import = 0
========================================================================
Received Import Request.
  Time of request: 2026-09-19T15:00:28.1499279Z
  Time since last request: 0.0004272 seconds.
  importAddress: GUID: c08cfcfc4c2c46c46940ed103538acae - Path: Packages/com.unity.collab-proxy/Editor/UI/DrawActionButton.cs - Importer: ScriptedImporter/UnityEditor.QuickSearchModule:UnityEditor.Search:ASIAI0B
Importing 'GUID: c08cfcfc4c2c46c46940ed103538acae - Path: Packages/com.unity.collab-proxy/Editor/UI/DrawActionButton.cs - Importer: ScriptedImporter/UnityEditor.QuickSearchModule:UnityEditor.Search:ASIAI0B' with importer (ScriptedImporter : UnityEditor.QuickSearchModule:UnityEditor.Search:ASIAI0B)
Imported 'GUID: c08cfcfc4c2c46c46940ed103538acae' -> (Import Result ID: 'c1fbabebf17300883ece5dd2023e17c4') in 0.003 seconds [static and dynamic dependencies]. Details - ImportResultOutputID=32e3bb210b2a6541615d12e12a0fe9b5 DependenciesID=449520b568bd4a4229e52e3f44cbddf8 StaticDependenciesID=ed4b58d539b1ab8fc88c21a411f9663f 
Number of updated asset objects reloaded before import = 0
Number of asset objects unloaded after import = 0
========================================================================
Received Import Request.
  Time of request: 2026-09-19T15:00:28.1705555Z
  Time since last request: 0.0005173 seconds.
  importAddress: GUID: 2bd4f044bfa05a14ebd7f4e6dcd0fb74 - Path: Packages/com.unity.collab-proxy/Editor/UI/INotificationContent.cs - Importer: ScriptedImporter/UnityEditor.QuickSearchModule:UnityEditor.Search:ASIAI0B
Importing 'GUID: 2bd4f044bfa05a14ebd7f4e6dcd0fb74 - Path: Packages/com.unity.collab-proxy/Editor/UI/INotificationContent.cs - Importer: ScriptedImporter/UnityEditor.QuickSearchModule:UnityEditor.Search:ASIAI0B' with importer (ScriptedImporter : UnityEditor.QuickSearchModule:UnityEditor.Search:ASIAI0B)
Imported 'GUID: 2bd4f044bfa05a14ebd7f4e6dcd0fb74' -> (Import Result ID: '2827f712a9e256c6458a3133f21702df') in 0.003 seconds [static and dynamic dependencies]. Details - ImportResultOutputID=0e51b47cf989dcb9a4a3ac1668e63b69 DependenciesID=c2f23a7282a4ca281eebfe962de67d00 StaticDependenciesID=76eb270e22a3df95fd50704961ae800b 
Number of updated asset objects reloaded before import = 0
Number of asset objects unloaded after import = 0
========================================================================
Received Import Request.
  Time of request: 2026-09-19T15:00:28.1904274Z
  Time since last request: 0.000616 seconds.
  importAddress: GUID: 97b51e80cfabfe341958267f3d6c2ed6 - Path: Packages/com.unity.collab-proxy/Editor/UI/EntryBuilder.cs - Importer: ScriptedImporter/UnityEditor.QuickSearchModule:UnityEditor.Search:ASIAI0B
Importing 'GUID: 97b51e80cfabfe341958267f3d6c2ed6 - Path: Packages/com.unity.collab-proxy/Editor/UI/EntryBuilder.cs - Importer: ScriptedImporter/UnityEditor.QuickSearchModule:UnityEditor.Search:ASIAI0B' with importer (ScriptedImporter : UnityEditor.QuickSearchModule:UnityEditor.Search:ASIAI0B)
Imported 'GUID: 97b51e80cfabfe341958267f3d6c2ed6' -> (Import Result ID: '7dde51f17cfd01575110f3de9fb41910') in 0.003 seconds [static and dynamic dependencies]. Details - ImportResultOutputID=71674047855f0f75533d61dd8ecc50a2 DependenciesID=015b97b7b4afaf0a5ed42a8f108dca0d StaticDependenciesID=461656da55907fa4997c21f81f59dde2 
Number of updated asset objects reloaded before import = 0
Number of asset objects unloaded after import = 0
========================================================================
Received Import Request.
  Time of request: 2026-09-19T15:00:28.211498Z
  Time since last request: 0.0006145 seconds.
  importAddress: GUID: 70bf1fe1bcd44b64b43910da6487eab4 - Path: Packages/com.unity.collab-proxy/Editor/UI/DrawStaticElement.cs - Importer: ScriptedImporter/UnityEditor.QuickSearchModule:UnityEditor.Search:ASIAI0B
Importing 'GUID: 70bf1fe1bcd44b64b43910da6487eab4 - Path: Packages/com.unity.collab-proxy/Editor/UI/DrawStaticElement.cs - Importer: ScriptedImporter/UnityEditor.QuickSearchModule:UnityEditor.Search:ASIAI0B' with importer (ScriptedImporter : UnityEditor.QuickSearchModule:UnityEditor.Search:ASIAI0B)
Imported 'GUID: 70bf1fe1bcd44b64b43910da6487eab4' -> (Import Result ID: '491c1b1888a7f2730d4f93ea592b9cf3') in 0.003 seconds [static and dynamic dependencies]. Details - ImportResultOutputID=2846a96ea15d39d44583677e7b6816f0 DependenciesID=093022e66798d389060a0b81d1addafc StaticDependenciesID=593c6969322e82688f86ddfc443c9547 
Number of updated asset objects reloaded before import = 0
Number of asset objects unloaded after import = 0
========================================================================
Received Import Request.
  Time of request: 2026-09-19T15:00:28.2316516Z
  Time since last request: 0.0006294 seconds.
  importAddress: GUID: 0f222cc01be81b842b1333c92fb7355c - Path: Packages/com.unity.collab-proxy/Editor/UI/DrawUserIcon.cs - Importer: ScriptedImporter/UnityEditor.QuickSearchModule:UnityEditor.Search:ASIAI0B
Importing 'GUID: 0f222cc01be81b842b1333c92fb7355c - Path: Packages/com.unity.collab-proxy/Editor/UI/DrawUserIcon.cs - Importer: ScriptedImporter/UnityEditor.QuickSearchModule:UnityEditor.Search:ASIAI0B' with importer (ScriptedImporter : UnityEditor.QuickSearchModule:UnityEditor.Search:ASIAI0B)
Imported 'GUID: 0f222cc01be81b842b1333c92fb7355c' -> (Import Result ID: '2d15b4a7304e38bf30392295b4162080') in 0.003 seconds [static and dynamic dependencies]. Details - ImportResultOutputID=06ee37ff94cc6c331544d4c9dfd09fa2 DependenciesID=b5bd8032040e1360dfb54e9694099d83 StaticDependenciesID=d9a670f7da7f08c2f9175e1c9ade2d5a 
Number of updated asset objects reloaded before import = 0
Number of asset objects unloaded after import = 0
========================================================================
Received Import Request.
  Time of request: 2026-09-19T15:00:28.250802Z
  Time since last request: 0.0005961 seconds.
  importAddress: GUID: 2bdca37e8ede38949a186765fa1eefc6 - Path: Packages/com.unity.collab-proxy/Editor/UI/ShowWindow.cs - Importer: ScriptedImporter/UnityEditor.QuickSearchModule:UnityEditor.Search:ASIAI0B
Importing 'GUID: 2bdca37e8ede38949a186765fa1eefc6 - Path: Packages/com.unity.collab-proxy/Editor/UI/ShowWindow.cs - Importer: ScriptedImporter/UnityEditor.QuickSearchModule:UnityEditor.Search:ASIAI0B' with importer (ScriptedImporter : UnityEditor.QuickSearchModule:UnityEditor.Search:ASIAI0B)
Imported 'GUID: 2bdca37e8ede38949a186765fa1eefc6' -> (Import Result ID: '2a4736dfe43eb36eb9ba56e3adba2bd7') in 0.002 seconds [static and dynamic dependencies]. Details - ImportResultOutputID=84e293280dc2519c895c47d7dc92cc27 DependenciesID=c3728eaaa17488a477850368f0e13bbd StaticDependenciesID=186ce85dd64c147df926e4ddcd3ed6b2 
Number of updated asset objects reloaded before import = 0
Number of asset objects unloaded after import = 0
========================================================================
Received Import Request.
  Time of request: 2026-09-19T15:00:28.2699684Z
  Time since last request: 0.0005961 seconds.
  importAddress: GUID: 0e1e2d80d9c79b042ab42fdf0b5c0b65 - Path: Packages/com.unity.collab-proxy/Editor/UI/EditorVersion.cs - Importer: ScriptedImporter/UnityEditor.QuickSearchModule:UnityEditor.Search:ASIAI0B
Importing 'GUID: 0e1e2d80d9c79b042ab42fdf0b5c0b65 - Path: Packages/com.unity.collab-proxy/Editor/UI/EditorVersion.cs - Importer: ScriptedImporter/UnityEditor.QuickSearchModule:UnityEditor.Search:ASIAI0B' with importer (ScriptedImporter : UnityEditor.QuickSearchModule:UnityEditor.Search:ASIAI0B)
Imported 'GUID: 0e1e2d80d9c79b042ab42fdf0b5c0b65' -> (Import Result ID: 'e3e64d4312b8ed83ec3c1559cfa8da93') in 0.003 seconds [static and dynamic dependencies]. Details - ImportResultOutputID=567d59b2a3193fea12c301b940d89760 DependenciesID=84d42f0d2893d0f820bd79e5b9f48ea1 StaticDependenciesID=771efe3479d3bf7dbdcfb0a6865f2019 
Number of updated asset objects reloaded before import = 0
Number of asset objects unloaded after import = 0
========================================================================
Received Import Request.
  Time of request: 2026-09-19T15:00:28.2877382Z
  Time since last request: 0.0006659 seconds.
  importAddress: GUID: ddfa6de84251ce4448a66bad9e7d326e - Path: Packages/com.unity.collab-proxy/Editor/UI/DrawSplitter.cs - Importer: ScriptedImporter/UnityEditor.QuickSearchModule:UnityEditor.Search:ASIAI0B
Importing 'GUID: ddfa6de84251ce4448a66bad9e7d326e - Path: Packages/com.unity.collab-proxy/Editor/UI/DrawSplitter.cs - Importer: ScriptedImporter/UnityEditor.QuickSearchModule:UnityEditor.Search:ASIAI0B' with importer (ScriptedImporter : UnityEditor.QuickSearchModule:UnityEditor.Search:ASIAI0B)
Imported 'GUID: ddfa6de84251ce4448a66bad9e7d326e' -> (Import Result ID: '862cd1977b77b09f8a3728a62b606435') in 0.003 seconds [static and dynamic dependencies]. Details - ImportResultOutputID=1744bc8f054d3c4c7c39b95fb818f833 DependenciesID=fb55b9670c29c9e5053b8112b909e38a StaticDependenciesID=e77c3eb09b85fa049eb7616e2414f20d 
Number of updated asset objects reloaded before import = 0
Number of asset objects unloaded after import = 0
========================================================================
Received Import Request.
  Time of request: 2026-09-19T15:00:28.3056312Z
  Time since last request: 0.0006585 seconds.
  importAddress: GUID: 83e946775d0516c4aba77860a60ed6e6 - Path: Packages/com.unity.collab-proxy/Editor/UI/UnityThreadWaiter.cs - Importer: ScriptedImporter/UnityEditor.QuickSearchModule:UnityEditor.Search:ASIAI0B
Importing 'GUID: 83e946775d0516c4aba77860a60ed6e6 - Path: Packages/com.unity.collab-proxy/Editor/UI/UnityThreadWaiter.cs - Importer: ScriptedImporter/UnityEditor.QuickSearchModule:UnityEditor.Search:ASIAI0B' with importer (ScriptedImporter : UnityEditor.QuickSearchModule:UnityEditor.Search:ASIAI0B)
Imported 'GUID: 83e946775d0516c4aba77860a60ed6e6' -> (Import Result ID: '7a34ffa434ac9d48572c8931f2f5d56a') in 0.004 seconds [static and dynamic dependencies]. Details - ImportResultOutputID=2df05fadabf5fa535e7adfa6a9058277 DependenciesID=ee008ecf5e3855fcd18e3669fc688824 StaticDependenciesID=1c4c33109dc88322967cf3b3ef1621c5 
Number of updated asset objects reloaded before import = 0
Number of asset objects unloaded after import = 0
========================================================================
Received Import Request.
  Time of request: 2026-09-19T15:00:28.3293722Z
  Time since last request: 0.0006903 seconds.
  importAddress: GUID: ac908610ab768459d9be962750408b43 - Path: Packages/com.unity.collab-proxy/Editor/UI/PlasticDialog.cs - Importer: ScriptedImporter/UnityEditor.QuickSearchModule:UnityEditor.Search:ASIAI0B
Importing 'GUID: ac908610ab768459d9be962750408b43 - Path: Packages/com.unity.collab-proxy/Editor/UI/PlasticDialog.cs - Importer: ScriptedImporter/UnityEditor.QuickSearchModule:UnityEditor.Search:ASIAI0B' with importer (ScriptedImporter : UnityEditor.QuickSearchModule:UnityEditor.Search:ASIAI0B)
Imported 'GUID: ac908610ab768459d9be962750408b43' -> (Import Result ID: '83df69fff05a788809ac674dbb70b8eb') in 0.004 seconds [static and dynamic dependencies]. Details - ImportResultOutputID=03d19814db592ec84e3624609fc65672 DependenciesID=b621ec7a95e0277b169fe062316150d8 StaticDependenciesID=97751d4cbd93d5d2370658e4997df805 
Number of updated asset objects reloaded before import = 0
Number of asset objects unloaded after import = 0
========================================================================
Received Import Request.
  Time of request: 2026-09-19T15:00:28.3517676Z
  Time since last request: 0.0006065 seconds.
  importAddress: GUID: d2e4782a922433041be291edaf12421a - Path: Packages/com.unity.collab-proxy/Editor/UI/DropDownTextField.cs - Importer: ScriptedImporter/UnityEditor.QuickSearchModule:UnityEditor.Search:ASIAI0B
Importing 'GUID: d2e4782a922433041be291edaf12421a - Path: Packages/com.unity.collab-proxy/Editor/UI/DropDownTextField.cs - Importer: ScriptedImporter/UnityEditor.QuickSearchModule:UnityEditor.Search:ASIAI0B' with importer (ScriptedImporter : UnityEditor.QuickSearchModule:UnityEditor.Search:ASIAI0B)
Imported 'GUID: d2e4782a922433041be291edaf12421a' -> (Import Result ID: 'e51be951edb1c572852b76c7d7344be0') in 0.003 seconds [static and dynamic dependencies]. Details - ImportResultOutputID=30b38677f96b7574abcda3d07ce42179 DependenciesID=81b8017319e7c099aed3b37bcf8fc801 StaticDependenciesID=f0e1204be85a47f9a2bf5b80a8412c19 
Number of updated asset objects reloaded before import = 0
Number of asset objects unloaded after import = 0
========================================================================
Received Import Request.
  Time of request: 2026-09-19T15:00:28.373083Z
  Time since last request: 0.0007896 seconds.
  importAddress: GUID: d09e9a1cd2c8d457790c3c2161996c59 - Path: Packages/com.unity.collab-proxy/Editor/UI/EditorWindowHost.cs - Importer: ScriptedImporter/UnityEditor.QuickSearchModule:UnityEditor.Search:ASIAI0B
Importing 'GUID: d09e9a1cd2c8d457790c3c2161996c59 - Path: Packages/com.unity.collab-proxy/Editor/UI/EditorWindowHost.cs - Importer: ScriptedImporter/UnityEditor.QuickSearchModule:UnityEditor.Search:ASIAI0B' with importer (ScriptedImporter : UnityEditor.QuickSearchModule:UnityEditor.Search:ASIAI0B)
Imported 'GUID: d09e9a1cd2c8d457790c3c2161996c59' -> (Import Result ID: 'd7f70ec1be8a7318f993e6d10cdf8434') in 0.004 seconds [static and dynamic dependencies]. Details - ImportResultOutputID=d33887b065e45fdf7cd6a13a6097177e DependenciesID=493aa9b8f2c9a5250e7a91fbaf96a98d StaticDependenciesID=03f1ea30fd2dc760d7550964a803ed74 
Number of updated asset objects reloaded before import = 0
Number of asset objects unloaded after import = 0
========================================================================
Received Import Request.
  Time of request: 2026-09-19T15:00:28.3967138Z
  Time since last request: 0.0008922 seconds.
  importAddress: GUID: 792f2bf6e6d57db4f93253a322673bc7 - Path: Packages/com.unity.collab-proxy/Editor/UVCSToolbar/ToolbarController.cs - Importer: ScriptedImporter/UnityEditor.QuickSearchModule:UnityEditor.Search:ASIAI0B
Importing 'GUID: 792f2bf6e6d57db4f93253a322673bc7 - Path: Packages/com.unity.collab-proxy/Editor/UVCSToolbar/ToolbarController.cs - Importer: ScriptedImporter/UnityEditor.QuickSearchModule:UnityEditor.Search:ASIAI0B' with importer (ScriptedImporter : UnityEditor.QuickSearchModule:UnityEditor.Search:ASIAI0B)
Imported 'GUID: 792f2bf6e6d57db4f93253a322673bc7' -> (Import Result ID: '021a7d3444c6386bee203b4acaa38c4e') in 0.004 seconds [static and dynamic dependencies]. Details - ImportResultOutputID=9597b9ea17d551a069a714e3d2bd841a DependenciesID=905ecc586767746a2c9a84c091a7d5d9 StaticDependenciesID=7a16e6051f8a05bf8cb3a292a604d8de 
Number of updated asset objects reloaded before import = 0
Number of asset objects unloaded after import = 0
========================================================================
Received Import Request.
  Time of request: 2026-09-19T15:00:28.4184417Z
  Time since last request: 0.0007091 seconds.
  importAddress: GUID: ccc33cdb0ce54f878e30b674fe635381 - Path: Packages/com.unity.collab-proxy/Editor/UI/RectExtensions.cs - Importer: ScriptedImporter/UnityEditor.QuickSearchModule:UnityEditor.Search:ASIAI0B
Importing 'GUID: ccc33cdb0ce54f878e30b674fe635381 - Path: Packages/com.unity.collab-proxy/Editor/UI/RectExtensions.cs - Importer: ScriptedImporter/UnityEditor.QuickSearchModule:UnityEditor.Search:ASIAI0B' with importer (ScriptedImporter : UnityEditor.QuickSearchModule:UnityEditor.Search:ASIAI0B)
Imported 'GUID: ccc33cdb0ce54f878e30b674fe635381' -> (Import Result ID: '8eaee0129290889330f24b866282421f') in 0.004 seconds [static and dynamic dependencies]. Details - ImportResultOutputID=c657bdae5bade2f57a5202dad46d5cbc DependenciesID=dee97082fa30840463b2b286dc4b5a0b StaticDependenciesID=d458fbe1e5814533e927be8cc51ace14 
Number of updated asset objects reloaded before import = 0
Number of asset objects unloaded after import = 0
========================================================================
Received Import Request.
  Time of request: 2026-09-19T15:00:28.4418124Z
  Time since last request: 0.0005379 seconds.
  importAddress: GUID: 17b36165d09634a48bf5a0e4bb27f4bd - Path: Packages/com.unity.collab-proxy/Editor/UnityInternals/Unity.CollabProxy.Editor.asmdef - Importer: ScriptedImporter/UnityEditor.QuickSearchModule:UnityEditor.Search:ASIAI0B
Importing 'GUID: 17b36165d09634a48bf5a0e4bb27f4bd - Path: Packages/com.unity.collab-proxy/Editor/UnityInternals/Unity.CollabProxy.Editor.asmdef - Importer: ScriptedImporter/UnityEditor.QuickSearchModule:UnityEditor.Search:ASIAI0B' with importer (ScriptedImporter : UnityEditor.QuickSearchModule:UnityEditor.Search:ASIAI0B)
Imported 'GUID: 17b36165d09634a48bf5a0e4bb27f4bd' -> (Import Result ID: 'b8eb8376972deac5ac72ca3502366460') in 0.006 seconds [static and dynamic dependencies]. Details - ImportResultOutputID=55b6593af5443027e426cea3262dede3 DependenciesID=61f3888e673321bf6549034df046b363 StaticDependenciesID=884afe6b281eae4f2d16424ebb8e6608 
Number of updated asset objects reloaded before import = 0
Number of asset objects unloaded after import = 1
========================================================================
Received Import Request.
  Time of request: 2026-09-19T15:00:28.4678768Z
  Time since last request: 0.0005207 seconds.
  importAddress: GUID: 5474cb78511de04459cac50d50b9d9e0 - Path: Packages/com.unity.collab-proxy/Editor/UI/DrawSearchField.cs - Importer: ScriptedImporter/UnityEditor.QuickSearchModule:UnityEditor.Search:ASIAI0B
Importing 'GUID: 5474cb78511de04459cac50d50b9d9e0 - Path: Packages/com.unity.collab-proxy/Editor/UI/DrawSearchField.cs - Importer: ScriptedImporter/UnityEditor.QuickSearchModule:UnityEditor.Search:ASIAI0B' with importer (ScriptedImporter : UnityEditor.QuickSearchModule:UnityEditor.Search:ASIAI0B)
Imported 'GUID: 5474cb78511de04459cac50d50b9d9e0' -> (Import Result ID: '0ec6ec8a2ea1675179d22b8f99ef6a1e') in 0.002 seconds [static and dynamic dependencies]. Details - ImportResultOutputID=6bb5aed6d34e89df78364fd1a9a20046 DependenciesID=da05b5908359977621f2900cdd192573 StaticDependenciesID=f3b1eb4e77bbf04f2eb55d45de2399ab 
Number of updated asset objects reloaded before import = 0
Number of asset objects unloaded after import = 0
========================================================================
Received Import Request.
  Time of request: 2026-09-19T15:00:28.4878095Z
  Time since last request: 0.0005855 seconds.
  importAddress: GUID: 923089d9a5486b545bfc5f70e781d4e1 - Path: Packages/com.unity.collab-proxy/Editor/UI/SortOrderComparer.cs - Importer: ScriptedImporter/UnityEditor.QuickSearchModule:UnityEditor.Search:ASIAI0B
Importing 'GUID: 923089d9a5486b545bfc5f70e781d4e1 - Path: Packages/com.unity.collab-proxy/Editor/UI/SortOrderComparer.cs - Importer: ScriptedImporter/UnityEditor.QuickSearchModule:UnityEditor.Search:ASIAI0B' with importer (ScriptedImporter : UnityEditor.QuickSearchModule:UnityEditor.Search:ASIAI0B)
Imported 'GUID: 923089d9a5486b545bfc5f70e781d4e1' -> (Import Result ID: '8840c353d59b8e51ab24e2a2abc037f0') in 0.003 seconds [static and dynamic dependencies]. Details - ImportResultOutputID=39f8e1a8ca09810e6dd0c9cb6683127d DependenciesID=027d9ec7d3a3cb007c550af30e4315c2 StaticDependenciesID=f83280220b67f12f98d5eec8c94cc7f7 
Number of updated asset objects reloaded before import = 0
Number of asset objects unloaded after import = 0
========================================================================
Received Import Request.
  Time of request: 2026-09-19T15:00:28.5073932Z
  Time since last request: 0.0005396 seconds.
  importAddress: GUID: ee61022c90cce0b49bb0e459b11ec2ee - Path: Packages/com.unity.collab-proxy/Editor/UI/UnityPlasticGuiMessage.cs - Importer: ScriptedImporter/UnityEditor.QuickSearchModule:UnityEditor.Search:ASIAI0B
Importing 'GUID: ee61022c90cce0b49bb0e459b11ec2ee - Path: Packages/com.unity.collab-proxy/Editor/UI/UnityPlasticGuiMessage.cs - Importer: ScriptedImporter/UnityEditor.QuickSearchModule:UnityEditor.Search:ASIAI0B' with importer (ScriptedImporter : UnityEditor.QuickSearchModule:UnityEditor.Search:ASIAI0B)
Imported 'GUID: ee61022c90cce0b49bb0e459b11ec2ee' -> (Import Result ID: '12a909a5e16c9099b07380e22c474ede') in 0.003 seconds [static and dynamic dependencies]. Details - ImportResultOutputID=58fef3746d4bdedc2529976f090302dc DependenciesID=b6757466a63e60b7430c1eac6ae6c9a8 StaticDependenciesID=df7f033e19fbd9554be462647626ac22 
Number of updated asset objects reloaded before import = 0
Number of asset objects unloaded after import = 0
========================================================================
Received Import Request.
  Time of request: 2026-09-19T15:00:28.530059Z
  Time since last request: 0.00066 seconds.
  importAddress: GUID: 3320b7341e4731842a6fd50ae97c96f5 - Path: Packages/com.unity.collab-proxy/Editor/UI/GetWindowIfOpened.cs - Importer: ScriptedImporter/UnityEditor.QuickSearchModule:UnityEditor.Search:ASIAI0B
Importing 'GUID: 3320b7341e4731842a6fd50ae97c96f5 - Path: Packages/com.unity.collab-proxy/Editor/UI/GetWindowIfOpened.cs - Importer: ScriptedImporter/UnityEditor.QuickSearchModule:UnityEditor.Search:ASIAI0B' with importer (ScriptedImporter : UnityEditor.QuickSearchModule:UnityEditor.Search:ASIAI0B)
Imported 'GUID: 3320b7341e4731842a6fd50ae97c96f5' -> (Import Result ID: 'ca937aa4a7d3d5433cbe91137a158a27') in 0.004 seconds [static and dynamic dependencies]. Details - ImportResultOutputID=d2055a7b78d854ff6a0183134e48f80d DependenciesID=40a0d85d65515488391cdd0fe7d94663 StaticDependenciesID=ff97117202cd789b97c39d4da6558d9a 
Number of updated asset objects reloaded before import = 0
Number of asset objects unloaded after import = 0
========================================================================
Received Import Request.
  Time of request: 2026-09-19T15:00:28.5536815Z
  Time since last request: 0.0006261 seconds.
  importAddress: GUID: 701a688f3cb0245579bf46b63d0b7134 - Path: Packages/com.unity.collab-proxy/Editor/UI/RunModal.cs - Importer: ScriptedImporter/UnityEditor.QuickSearchModule:UnityEditor.Search:ASIAI0B
Importing 'GUID: 701a688f3cb0245579bf46b63d0b7134 - Path: Packages/com.unity.collab-proxy/Editor/UI/RunModal.cs - Importer: ScriptedImporter/UnityEditor.QuickSearchModule:UnityEditor.Search:ASIAI0B' with importer (ScriptedImporter : UnityEditor.QuickSearchModule:UnityEditor.Search:ASIAI0B)
Imported 'GUID: 701a688f3cb0245579bf46b63d0b7134' -> (Import Result ID: 'aa4066ab9c5281c68f2c2ec2fd117c19') in 0.003 seconds [static and dynamic dependencies]. Details - ImportResultOutputID=63018e267b0c10036dedec0f315d80f0 DependenciesID=fba48453d8da79c7a6325a9f5b2a07ef StaticDependenciesID=f551770ec3f1f69805ef59f0756e01c9 
Number of updated asset objects reloaded before import = 0
Number of asset objects unloaded after import = 0
========================================================================
Received Import Request.
  Time of request: 2026-09-19T15:00:28.5768351Z
  Time since last request: 0.0006162 seconds.
  importAddress: GUID: e436e24eba68eff48b3fb264ad0ab953 - Path: Packages/com.unity.collab-proxy/Editor/UI/EditorProgressControls.cs - Importer: ScriptedImporter/UnityEditor.QuickSearchModule:UnityEditor.Search:ASIAI0B
Importing 'GUID: e436e24eba68eff48b3fb264ad0ab953 - Path: Packages/com.unity.collab-proxy/Editor/UI/EditorProgressControls.cs - Importer: ScriptedImporter/UnityEditor.QuickSearchModule:UnityEditor.Search:ASIAI0B' with importer (ScriptedImporter : UnityEditor.QuickSearchModule:UnityEditor.Search:ASIAI0B)
Imported 'GUID: e436e24eba68eff48b3fb264ad0ab953' -> (Import Result ID: '0803e079c8ce2250d5069e7f760aa69f') in 0.003 seconds [static and dynamic dependencies]. Details - ImportResultOutputID=329681c793b22bec1668c81690d9d044 DependenciesID=a2d5425ae1eefc363f73f93c0d81e095 StaticDependenciesID=2ffaddc3d53f78fddef88615f3b56131 
Number of updated asset objects reloaded before import = 0
Number of asset objects unloaded after import = 0
========================================================================
Received Import Request.
  Time of request: 2026-09-19T15:00:28.6085095Z
  Time since last request: 0.0092944 seconds.
  importAddress: GUID: de396a7891b8b7f4f9649c3ccee67421 - Path: Packages/com.unity.collab-proxy/Editor/UI/EnumPopupSetting.cs - Importer: ScriptedImporter/UnityEditor.QuickSearchModule:UnityEditor.Search:ASIAI0B
Importing 'GUID: de396a7891b8b7f4f9649c3ccee67421 - Path: Packages/com.unity.collab-proxy/Editor/UI/EnumPopupSetting.cs - Importer: ScriptedImporter/UnityEditor.QuickSearchModule:UnityEditor.Search:ASIAI0B' with importer (ScriptedImporter : UnityEditor.QuickSearchModule:UnityEditor.Search:ASIAI0B)
Imported 'GUID: de396a7891b8b7f4f9649c3ccee67421' -> (Import Result ID: 'b0d9126c0a0a1bb079a7007c5573d740') in 0.002 seconds [static and dynamic dependencies]. Details - ImportResultOutputID=3879e6e5d513af0291517299e5284994 DependenciesID=7b356e4cd07bd3560d194789b71b521d StaticDependenciesID=30841bb0a0717af5abff1a4c93c241ff 
Number of updated asset objects reloaded before import = 0
Number of asset objects unloaded after import = 0
========================================================================
Received Import Request.
  Time of request: 2026-09-19T15:00:28.6349259Z
  Time since last request: 0.0012666 seconds.
  importAddress: GUID: ad0c4895dbf7aeb459c1d136884a7998 - Path: Packages/com.unity.collab-proxy/Editor/UI/UnityMenuItem.cs - Importer: ScriptedImporter/UnityEditor.QuickSearchModule:UnityEditor.Search:ASIAI0B
Importing 'GUID: ad0c4895dbf7aeb459c1d136884a7998 - Path: Packages/com.unity.collab-proxy/Editor/UI/UnityMenuItem.cs - Importer: ScriptedImporter/UnityEditor.QuickSearchModule:UnityEditor.Search:ASIAI0B' with importer (ScriptedImporter : UnityEditor.QuickSearchModule:UnityEditor.Search:ASIAI0B)
Imported 'GUID: ad0c4895dbf7aeb459c1d136884a7998' -> (Import Result ID: 'da33839da1b2b93be47810830279be5d') in 0.004 seconds [static and dynamic dependencies]. Details - ImportResultOutputID=a45e1ff8618078ccb17da063b645610a DependenciesID=56a54acead93bf70b54b7cbef4fcde7f StaticDependenciesID=0bc75188ebd63a069604abcae5217187 
Number of updated asset objects reloaded before import = 0
Number of asset objects unloaded after import = 0
========================================================================
Received Import Request.
  Time of request: 2026-09-19T15:00:28.6605781Z
  Time since last request: 0.0018284 seconds.
  importAddress: GUID: 61c9e0bcd840dcb4f907e8cc9b89772a - Path: Packages/com.unity.collab-proxy/Editor/UI/GUIContentNotification.cs - Importer: ScriptedImporter/UnityEditor.QuickSearchModule:UnityEditor.Search:ASIAI0B
Importing 'GUID: 61c9e0bcd840dcb4f907e8cc9b89772a - Path: Packages/com.unity.collab-proxy/Editor/UI/GUIContentNotification.cs - Importer: ScriptedImporter/UnityEditor.QuickSearchModule:UnityEditor.Search:ASIAI0B' with importer (ScriptedImporter : UnityEditor.QuickSearchModule:UnityEditor.Search:ASIAI0B)
Imported 'GUID: 61c9e0bcd840dcb4f907e8cc9b89772a' -> (Import Result ID: '3225c35aa4ec0754518602a1dbd409ee') in 0.002 seconds [static and dynamic dependencies]. Details - ImportResultOutputID=dd60caca42ad272a979f0c5373814c68 DependenciesID=3bef2433b4962e17154b739d9cc82f28 StaticDependenciesID=0e066a514aa7ddc7422adb8802899bf9 
Number of updated asset objects reloaded before import = 0
Number of asset objects unloaded after import = 0
========================================================================
Received Import Request.
  Time of request: 2026-09-19T15:00:28.6786528Z
  Time since last request: 0.0007244 seconds.
  importAddress: GUID: 278463514ca704271b228ad4ddc32e6b - Path: Packages/com.unity.collab-proxy/Editor/UI/ThreadWaiterRegistry.cs - Importer: ScriptedImporter/UnityEditor.QuickSearchModule:UnityEditor.Search:ASIAI0B
Importing 'GUID: 278463514ca704271b228ad4ddc32e6b - Path: Packages/com.unity.collab-proxy/Editor/UI/ThreadWaiterRegistry.cs - Importer: ScriptedImporter/UnityEditor.QuickSearchModule:UnityEditor.Search:ASIAI0B' with importer (ScriptedImporter : UnityEditor.QuickSearchModule:UnityEditor.Search:ASIAI0B)
Imported 'GUID: 278463514ca704271b228ad4ddc32e6b' -> (Import Result ID: '04d0712f221886cda6573e735d8016e4') in 0.004 seconds [static and dynamic dependencies]. Details - ImportResultOutputID=fe8068ce780954ebdf89a7ee65386352 DependenciesID=f1edd3ca32d489e0e659e521182c48cd StaticDependenciesID=19e105b82066b762f3ffd633d73b7684 
Number of updated asset objects reloaded before import = 0
Number of asset objects unloaded after import = 0
========================================================================
Received Import Request.
  Time of request: 2026-09-19T15:00:28.7007591Z
  Time since last request: 0.0007455 seconds.
  importAddress: GUID: de4aea75bc204d14cb432cf1708548f1 - Path: Packages/com.unity.collab-proxy/Editor/UI/EditorDispatcher.cs - Importer: ScriptedImporter/UnityEditor.QuickSearchModule:UnityEditor.Search:ASIAI0B
Importing 'GUID: de4aea75bc204d14cb432cf1708548f1 - Path: Packages/com.unity.collab-proxy/Editor/UI/EditorDispatcher.cs - Importer: ScriptedImporter/UnityEditor.QuickSearchModule:UnityEditor.Search:ASIAI0B' with importer (ScriptedImporter : UnityEditor.QuickSearchModule:UnityEditor.Search:ASIAI0B)
Imported 'GUID: de4aea75bc204d14cb432cf1708548f1' -> (Import Result ID: 'de4a54345a213d8b2053e9a4e7df0900') in 0.003 seconds [static and dynamic dependencies]. Details - ImportResultOutputID=c9237d723403a518089c9b55540f945d DependenciesID=efa00c4b61f3dea3ccf6ef386cd47f54 StaticDependenciesID=514ac1b7a81f6fd37e06d5c220f9673d 
Number of updated asset objects reloaded before import = 0
Number of asset objects unloaded after import = 0
========================================================================
Received Import Request.
  Time of request: 2026-09-19T15:00:28.7263672Z
  Time since last request: 0.0005799 seconds.
  importAddress: GUID: c0faad526f5548c1a53c288b045580b0 - Path: Packages/com.unity.collab-proxy/Editor/UI/DelayedActionByFramesRunner.cs - Importer: ScriptedImporter/UnityEditor.QuickSearchModule:UnityEditor.Search:ASIAI0B
Importing 'GUID: c0faad526f5548c1a53c288b045580b0 - Path: Packages/com.unity.collab-proxy/Editor/UI/DelayedActionByFramesRunner.cs - Importer: ScriptedImporter/UnityEditor.QuickSearchModule:UnityEditor.Search:ASIAI0B' with importer (ScriptedImporter : UnityEditor.QuickSearchModule:UnityEditor.Search:ASIAI0B)
Imported 'GUID: c0faad526f5548c1a53c288b045580b0' -> (Import Result ID: '93669a96914a4060ff74c2bba0f4bda5') in 0.004 seconds [static and dynamic dependencies]. Details - ImportResultOutputID=dfede99b1ccde4355eab594856a2129e DependenciesID=825d296a699545535f1b07efcf620e77 StaticDependenciesID=f0faa697dedcd8287418854d86e46065 
Number of updated asset objects reloaded before import = 0
Number of asset objects unloaded after import = 0
========================================================================
Received Import Request.
  Time of request: 2026-09-19T15:00:28.7457099Z
  Time since last request: 0.0005788 seconds.
  importAddress: GUID: 90a94ffd2947aab4d9da12dee0175a7a - Path: Packages/com.unity.collab-proxy/Editor/UI/UnityPlasticTimer.cs - Importer: ScriptedImporter/UnityEditor.QuickSearchModule:UnityEditor.Search:ASIAI0B
Importing 'GUID: 90a94ffd2947aab4d9da12dee0175a7a - Path: Packages/com.unity.collab-proxy/Editor/UI/UnityPlasticTimer.cs - Importer: ScriptedImporter/UnityEditor.QuickSearchModule:UnityEditor.Search:ASIAI0B' with importer (ScriptedImporter : UnityEditor.QuickSearchModule:UnityEditor.Search:ASIAI0B)
Imported 'GUID: 90a94ffd2947aab4d9da12dee0175a7a' -> (Import Result ID: '6fcedad30846caafbf3e75dc06e95219') in 0.005 seconds [static and dynamic dependencies]. Details - ImportResultOutputID=31921e96e5a632926f84e20785b57e3e DependenciesID=6cae841f7163a4a773d0c331ca644c90 StaticDependenciesID=b23d8dddc5d7dea3dd4ac82e2e095e3a 
Number of updated asset objects reloaded before import = 0
Number of asset objects unloaded after import = 0
========================================================================
Received Import Request.
  Time of request: 2026-09-19T15:00:28.7665437Z
  Time since last request: 0.000859 seconds.
  importAddress: GUID: 0f5401cd5ff8fc4409bf9540072b14bc - Path: Packages/com.unity.collab-proxy/Editor/UI/FindEditorWindow.cs - Importer: ScriptedImporter/UnityEditor.QuickSearchModule:UnityEditor.Search:ASIAI0B
Importing 'GUID: 0f5401cd5ff8fc4409bf9540072b14bc - Path: Packages/com.unity.collab-proxy/Editor/UI/FindEditorWindow.cs - Importer: ScriptedImporter/UnityEditor.QuickSearchModule:UnityEditor.Search:ASIAI0B' with importer (ScriptedImporter : UnityEditor.QuickSearchModule:UnityEditor.Search:ASIAI0B)
Imported 'GUID: 0f5401cd5ff8fc4409bf9540072b14bc' -> (Import Result ID: '11f4e307ad2ae15065744e3d999d2031') in 0.003 seconds [static and dynamic dependencies]. Details - ImportResultOutputID=0af8d3f3f62288cb36df7e1b4284bbea DependenciesID=4c0c9251fc1513c30f86d8efb10599ee StaticDependenciesID=ab751b8ad638d04663276db99c67244b 
Number of updated asset objects reloaded before import = 0
Number of asset objects unloaded after import = 0
========================================================================
Received Import Request.
  Time of request: 2026-09-19T15:00:28.788711Z
  Time since last request: 0.0005085 seconds.
  importAddress: GUID: 6dbc54b503a79034d9c544e39451fd10 - Path: Packages/com.unity.collab-proxy/Editor/UI/GUIActionRunner.cs - Importer: ScriptedImporter/UnityEditor.QuickSearchModule:UnityEditor.Search:ASIAI0B
Importing 'GUID: 6dbc54b503a79034d9c544e39451fd10 - Path: Packages/com.unity.collab-proxy/Editor/UI/GUIActionRunner.cs - Importer: ScriptedImporter/UnityEditor.QuickSearchModule:UnityEditor.Search:ASIAI0B' with importer (ScriptedImporter : UnityEditor.QuickSearchModule:UnityEditor.Search:ASIAI0B)
Imported 'GUID: 6dbc54b503a79034d9c544e39451fd10' -> (Import Result ID: '9a9a4789c801ed9be6fea08403c5d429') in 0.003 seconds [static and dynamic dependencies]. Details - ImportResultOutputID=a8e8ea3abcea2c97e43d53c9d23d8881 DependenciesID=cbbf26e024c388c835aefa7d1b76260d StaticDependenciesID=24e1a33d651bdd4cb2b13dfe6b092564 
Number of updated asset objects reloaded before import = 0
Number of asset objects unloaded after import = 0
========================================================================
Received Import Request.
  Time of request: 2026-09-19T15:00:28.8089977Z
  Time since last request: 0.0005672 seconds.
  importAddress: GUID: 3a6fba741cdd5fb4982a73a4d791754f - Path: Packages/com.unity.collab-proxy/Editor/UI/DockEditorWindow.cs - Importer: ScriptedImporter/UnityEditor.QuickSearchModule:UnityEditor.Search:ASIAI0B
Importing 'GUID: 3a6fba741cdd5fb4982a73a4d791754f - Path: Packages/com.unity.collab-proxy/Editor/UI/DockEditorWindow.cs - Importer: ScriptedImporter/UnityEditor.QuickSearchModule:UnityEditor.Search:ASIAI0B' with importer (ScriptedImporter : UnityEditor.QuickSearchModule:UnityEditor.Search:ASIAI0B)
Imported 'GUID: 3a6fba741cdd5fb4982a73a4d791754f' -> (Import Result ID: 'c663ffd074117a5559a1cfb4d8ab282d') in 0.004 seconds [static and dynamic dependencies]. Details - ImportResultOutputID=c709d3cbaf7554cb46434321eee1fe23 DependenciesID=27cdafc55baa2d6e12f9967ea2d0bf0c StaticDependenciesID=d6ecf8ed979b53c975f16ff7cdf505ba 
Number of updated asset objects reloaded before import = 0
Number of asset objects unloaded after import = 0
========================================================================
Received Import Request.
  Time of request: 2026-09-19T15:00:28.8324902Z
  Time since last request: 0.0006035 seconds.
  importAddress: GUID: eda42d85846dab04a81db79ea2ab5e12 - Path: Packages/com.unity.collab-proxy/Editor/UI/DrawCopyableLabel.cs - Importer: ScriptedImporter/UnityEditor.QuickSearchModule:UnityEditor.Search:ASIAI0B
Importing 'GUID: eda42d85846dab04a81db79ea2ab5e12 - Path: Packages/com.unity.collab-proxy/Editor/UI/DrawCopyableLabel.cs - Importer: ScriptedImporter/UnityEditor.QuickSearchModule:UnityEditor.Search:ASIAI0B' with importer (ScriptedImporter : UnityEditor.QuickSearchModule:UnityEditor.Search:ASIAI0B)
Imported 'GUID: eda42d85846dab04a81db79ea2ab5e12' -> (Import Result ID: 'ba6e340fe20526bebb44a1baa2e13a84') in 0.004 seconds [static and dynamic dependencies]. Details - ImportResultOutputID=af37bd34c7c5664488ac8e6095324d05 DependenciesID=99d7e47474459fc894984e3d3587669b StaticDependenciesID=6970d9b21abf2d3d158f57f4557c81df 
Number of updated asset objects reloaded before import = 0
Number of asset objects unloaded after import = 0
========================================================================
Received Import Request.
  Time of request: 2026-09-19T15:00:28.8567357Z
  Time since last request: 0.0006336 seconds.
  importAddress: GUID: 217d1c918b0005940b43c6099bbad952 - Path: Packages/com.unity.collab-proxy/Editor/UnityInternals/UVCSToolbarBoostrap_Legacy.cs - Importer: ScriptedImporter/UnityEditor.QuickSearchModule:UnityEditor.Search:ASIAI0B
Importing 'GUID: 217d1c918b0005940b43c6099bbad952 - Path: Packages/com.unity.collab-proxy/Editor/UnityInternals/UVCSToolbarBoostrap_Legacy.cs - Importer: ScriptedImporter/UnityEditor.QuickSearchModule:UnityEditor.Search:ASIAI0B' with importer (ScriptedImporter : UnityEditor.QuickSearchModule:UnityEditor.Search:ASIAI0B)
Imported 'GUID: 217d1c918b0005940b43c6099bbad952' -> (Import Result ID: '3d5a4e6c47eaf06450c1f48b76bb2d9e') in 0.003 seconds [static and dynamic dependencies]. Details - ImportResultOutputID=16fd08f6da714db83c2e670899bf7590 DependenciesID=ca2d706a1b2c8e1f387bc73231ae9893 StaticDependenciesID=e119c2fbaf303b549139992576dfb58d 
Number of updated asset objects reloaded before import = 0
Number of asset objects unloaded after import = 0
========================================================================
Received Import Request.
  Time of request: 2026-09-19T15:00:28.8775795Z
  Time since last request: 0.0006878 seconds.
  importAddress: GUID: 245d2c4b912b39a4784287979ea8cfd9 - Path: Packages/com.unity.collab-proxy/Editor/UI/EditorProgressBar.cs - Importer: ScriptedImporter/UnityEditor.QuickSearchModule:UnityEditor.Search:ASIAI0B
Importing 'GUID: 245d2c4b912b39a4784287979ea8cfd9 - Path: Packages/com.unity.collab-proxy/Editor/UI/EditorProgressBar.cs - Importer: ScriptedImporter/UnityEditor.QuickSearchModule:UnityEditor.Search:ASIAI0B' with importer (ScriptedImporter : UnityEditor.QuickSearchModule:UnityEditor.Search:ASIAI0B)
Imported 'GUID: 245d2c4b912b39a4784287979ea8cfd9' -> (Import Result ID: 'f2be0010395f579696d0e98d22cdb837') in 0.003 seconds [static and dynamic dependencies]. Details - ImportResultOutputID=c2b77a2f788a70db20faaddc301b0faa DependenciesID=0e41ea8ddc12db9bdde468a0179743c0 StaticDependenciesID=f960e442a52a4ddeef7e6ed837c9e10a 
Number of updated asset objects reloaded before import = 0
Number of asset objects unloaded after import = 0
========================================================================
Received Import Request.
  Time of request: 2026-09-19T15:00:28.8977086Z
  Time since last request: 0.0008225 seconds.
  importAddress: GUID: f79c84772bc81844fb9e662249f1e400 - Path: Packages/com.unity.collab-proxy/Editor/UI/CheckUnityException.cs - Importer: ScriptedImporter/UnityEditor.QuickSearchModule:UnityEditor.Search:ASIAI0B
Importing 'GUID: f79c84772bc81844fb9e662249f1e400 - Path: Packages/com.unity.collab-proxy/Editor/UI/CheckUnityException.cs - Importer: ScriptedImporter/UnityEditor.QuickSearchModule:UnityEditor.Search:ASIAI0B' with importer (ScriptedImporter : UnityEditor.QuickSearchModule:UnityEditor.Search:ASIAI0B)
Imported 'GUID: f79c84772bc81844fb9e662249f1e400' -> (Import Result ID: 'b1240d84e2f1c8fd4af48098df02f632') in 0.003 seconds [static and dynamic dependencies]. Details - ImportResultOutputID=8061b1380fff83733d92dd5df0e62e9f DependenciesID=098916142a21873d0feca972dba077cf StaticDependenciesID=4d811c3b94529e3b8003a9fa7d46cf18 
Number of updated asset objects reloaded before import = 0
Number of asset objects unloaded after import = 0
========================================================================
Received Import Request.
  Time of request: 2026-09-19T15:00:28.9203655Z
  Time since last request: 0.0007227 seconds.
  importAddress: GUID: 04d3d047cf80496fa3fb23c00962ad18 - Path: Packages/com.unity.collab-proxy/Editor/UI/Fonts.cs - Importer: ScriptedImporter/UnityEditor.QuickSearchModule:UnityEditor.Search:ASIAI0B
Importing 'GUID: 04d3d047cf80496fa3fb23c00962ad18 - Path: Packages/com.unity.collab-proxy/Editor/UI/Fonts.cs - Importer: ScriptedImporter/UnityEditor.QuickSearchModule:UnityEditor.Search:ASIAI0B' with importer (ScriptedImporter : UnityEditor.QuickSearchModule:UnityEditor.Search:ASIAI0B)
Imported 'GUID: 04d3d047cf80496fa3fb23c00962ad18' -> (Import Result ID: '467a7bad29a863569e7df5c8c33cbd6b') in 0.003 seconds [static and dynamic dependencies]. Details - ImportResultOutputID=50459ebecf49c12d1bf6adb8ddcb612b DependenciesID=5b5bc7017b010910e898d0f30e093302 StaticDependenciesID=6d2115970c6b6edd45fc5c6bc727478b 
Number of updated asset objects reloaded before import = 0
Number of asset objects unloaded after import = 0
========================================================================
Received Import Request.
  Time of request: 2026-09-19T15:00:28.9385881Z
  Time since last request: 0.0007808 seconds.
  importAddress: GUID: e26dd2ea146011948b8e7518465ea71a - Path: Packages/com.unity.collab-proxy/Editor/UI/DialogWithCheckBox_Legacy.cs - Importer: ScriptedImporter/UnityEditor.QuickSearchModule:UnityEditor.Search:ASIAI0B
Importing 'GUID: e26dd2ea146011948b8e7518465ea71a - Path: Packages/com.unity.collab-proxy/Editor/UI/DialogWithCheckBox_Legacy.cs - Importer: ScriptedImporter/UnityEditor.QuickSearchModule:UnityEditor.Search:ASIAI0B' with importer (ScriptedImporter : UnityEditor.QuickSearchModule:UnityEditor.Search:ASIAI0B)
Imported 'GUID: e26dd2ea146011948b8e7518465ea71a' -> (Import Result ID: 'f47b129128c6ef03d6b158a055555caa') in 0.003 seconds [static and dynamic dependencies]. Details - ImportResultOutputID=5f6f04ccfe61f4657f8246b3e450ce4a DependenciesID=cee52e9ef7f95298a025db35669d75e9 StaticDependenciesID=f99e4532a3c965b7b9cf0e660ceba38b 
Number of updated asset objects reloaded before import = 0
Number of asset objects unloaded after import = 0
========================================================================
Received Import Request.
  Time of request: 2026-09-19T15:00:28.9836377Z
  Time since last request: 0.0265851 seconds.
  importAddress: GUID: 3086d66a563317b40a20a20da2c64ac0 - Path: Packages/com.unity.collab-proxy/Editor/Assets/Images/d_buttonssosigninemail.png - Importer: ScriptedImporter/UnityEditor.QuickSearchModule:UnityEditor.Search:ASIAI0B
Importing 'GUID: 3086d66a563317b40a20a20da2c64ac0 - Path: Packages/com.unity.collab-proxy/Editor/Assets/Images/d_buttonssosigninemail.png - Importer: ScriptedImporter/UnityEditor.QuickSearchModule:UnityEditor.Search:ASIAI0B' with importer (ScriptedImporter : UnityEditor.QuickSearchModule:UnityEditor.Search:ASIAI0B)
Imported 'GUID: 3086d66a563317b40a20a20da2c64ac0' -> (Import Result ID: 'fd93af8af7cc2cbbfadcb0bf6dcce996') in 0.008 seconds [static and dynamic dependencies]. Details - ImportResultOutputID=d1274b0b670ceb3df3e6d7b67e5a86f8 DependenciesID=d98f883cdbb9ce967287703f6ef9d2ae StaticDependenciesID=0040c0672ee2820327369e31798a8a3c 
Number of updated asset objects reloaded before import = 0
Number of asset objects unloaded after import = 1
========================================================================
Received Import Request.
  Time of request: 2026-09-19T15:00:29.0068622Z
  Time since last request: 0.0006627 seconds.
  importAddress: GUID: da54c27b153842f8b52711ef467ad986 - Path: Packages/com.unity.collab-proxy/Editor/Views/ApplyShelveWithConflictsQuestionerBuilder.cs - Importer: ScriptedImporter/UnityEditor.QuickSearchModule:UnityEditor.Search:ASIAI0B
Importing 'GUID: da54c27b153842f8b52711ef467ad986 - Path: Packages/com.unity.collab-proxy/Editor/Views/ApplyShelveWithConflictsQuestionerBuilder.cs - Importer: ScriptedImporter/UnityEditor.QuickSearchModule:UnityEditor.Search:ASIAI0B' with importer (ScriptedImporter : UnityEditor.QuickSearchModule:UnityEditor.Search:ASIAI0B)
Imported 'GUID: da54c27b153842f8b52711ef467ad986' -> (Import Result ID: '3d1f2c1c1f96171d0b89ac971b62303c') in 0.002 seconds [static and dynamic dependencies]. Details - ImportResultOutputID=e19d15dcd990a662099146805c59e0c9 DependenciesID=557f50c77e235a7e4028d9067d2d92e1 StaticDependenciesID=2e586348fb43296a0fccde978c240126 
Number of updated asset objects reloaded before import = 0
Number of asset objects unloaded after import = 0
========================================================================
Received Import Request.
  Time of request: 2026-09-19T15:00:29.0259611Z
  Time since last request: 0.0005414 seconds.
  importAddress: GUID: af5dbec545ddf41e7b15fef8a3cfb75b - Path: Packages/com.unity.collab-proxy/Editor/Assets/Images/ArrowCaretRight.png - Importer: ScriptedImporter/UnityEditor.QuickSearchModule:UnityEditor.Search:ASIAI0B
Importing 'GUID: af5dbec545ddf41e7b15fef8a3cfb75b - Path: Packages/com.unity.collab-proxy/Editor/Assets/Images/ArrowCaretRight.png - Importer: ScriptedImporter/UnityEditor.QuickSearchModule:UnityEditor.Search:ASIAI0B' with importer (ScriptedImporter : UnityEditor.QuickSearchModule:UnityEditor.Search:ASIAI0B)
Imported 'GUID: af5dbec545ddf41e7b15fef8a3cfb75b' -> (Import Result ID: 'f7fcc22e3ff5608923f9ff928e704573') in 0.020 seconds [static and dynamic dependencies]. Details - ImportResultOutputID=68f7f168af3bc2206bcbe0a2d8b12a93 DependenciesID=795fa166fdedeb0dd68e2bbfabaee826 StaticDependenciesID=7a53c8007fd6556a8f48f314a96a50cb 
Number of updated asset objects reloaded before import = 0
Number of asset objects unloaded after import = 3
========================================================================
Received Import Request.
  Time of request: 2026-09-19T15:00:29.0609063Z
  Time since last request: 0.0006925 seconds.
  importAddress: GUID: 144aa74618b85974a9a50f612c2fa8fd - Path: Packages/com.unity.collab-proxy/Editor/Assets/Images/d_buttonssosigninemail@2x.png - Importer: ScriptedImporter/UnityEditor.QuickSearchModule:UnityEditor.Search:ASIAI0B
Importing 'GUID: 144aa74618b85974a9a50f612c2fa8fd - Path: Packages/com.unity.collab-proxy/Editor/Assets/Images/d_buttonssosigninemail@2x.png - Importer: ScriptedImporter/UnityEditor.QuickSearchModule:UnityEditor.Search:ASIAI0B' with importer (ScriptedImporter : UnityEditor.QuickSearchModule:UnityEditor.Search:ASIAI0B)
Imported 'GUID: 144aa74618b85974a9a50f612c2fa8fd' -> (Import Result ID: '5d643461abc073a3c47edd8b7ed49d48') in 0.008 seconds [static and dynamic dependencies]. Details - ImportResultOutputID=f11842c3251246607f8da47776925821 DependenciesID=a83228b3bffa6e3191ad1f02c0f27ab6 StaticDependenciesID=c3ee085c5dc972f78843682bc093586f 
Number of updated asset objects reloaded before import = 0
Number of asset objects unloaded after import = 1
========================================================================
Received Import Request.
  Time of request: 2026-09-19T15:00:29.085786Z
  Time since last request: 0.0006896 seconds.
  importAddress: GUID: 2f0909bef14cc58438d6fcea85ba8555 - Path: Packages/com.unity.collab-proxy/Lib/Editor/zlib64Plastic.dll - Importer: ScriptedImporter/UnityEditor.QuickSearchModule:UnityEditor.Search:ASIAI0B
Importing 'GUID: 2f0909bef14cc58438d6fcea85ba8555 - Path: Packages/com.unity.collab-proxy/Lib/Editor/zlib64Plastic.dll - Importer: ScriptedImporter/UnityEditor.QuickSearchModule:UnityEditor.Search:ASIAI0B' with importer (ScriptedImporter : UnityEditor.QuickSearchModule:UnityEditor.Search:ASIAI0B)
Imported 'GUID: 2f0909bef14cc58438d6fcea85ba8555' -> (Import Result ID: 'e7a63a9b45e9a953e996757a3e95fe46') in 0.009 seconds [static and dynamic dependencies]. Details - ImportResultOutputID=d296689472017f4645243aa8878cc144 DependenciesID=11bd4ed766d8ada63011551399aaa466 StaticDependenciesID=6e1a0fbf5a9a34c0a3d8e3e613a18a8d 
Number of updated asset objects reloaded before import = 0
Number of asset objects unloaded after import = 0
========================================================================
Received Import Request.
  Time of request: 2026-09-19T15:00:29.1125949Z
  Time since last request: 0.0017388 seconds.
  importAddress: GUID: b3e01e80c420d4ac9a425a6abf8c99ec - Path: Packages/com.unity.collab-proxy/Editor/Assets/Images/d_ArrowCaretLeft@2x.png - Importer: ScriptedImporter/UnityEditor.QuickSearchModule:UnityEditor.Search:ASIAI0B
Importing 'GUID: b3e01e80c420d4ac9a425a6abf8c99ec - Path: Packages/com.unity.collab-proxy/Editor/Assets/Images/d_ArrowCaretLeft@2x.png - Importer: ScriptedImporter/UnityEditor.QuickSearchModule:UnityEditor.Search:ASIAI0B' with importer (ScriptedImporter : UnityEditor.QuickSearchModule:UnityEditor.Search:ASIAI0B)
Imported 'GUID: b3e01e80c420d4ac9a425a6abf8c99ec' -> (Import Result ID: 'fb9ddfacc6607b56dbb2d03e6e37c5eb') in 0.011 seconds [static and dynamic dependencies]. Details - ImportResultOutputID=d48ce3acefe4c0cdc4c377595ef3b5ce DependenciesID=df2e636949da7642556ef5b3a265bfa0 StaticDependenciesID=3619b0750a54c326cdb335d0ea6e73b4 
Number of updated asset objects reloaded before import = 0
Number of asset objects unloaded after import = 3
========================================================================
Received Import Request.
  Time of request: 2026-09-19T15:00:29.1471746Z
  Time since last request: 0.0004689 seconds.
  importAddress: GUID: 9229ae5dbc38f488d921156ff75869e9 - Path: Packages/com.unity.collab-proxy/Editor/Assets/Fonts/Cascadia.ttf - Importer: ScriptedImporter/UnityEditor.QuickSearchModule:UnityEditor.Search:ASIAI0B
Importing 'GUID: 9229ae5dbc38f488d921156ff75869e9 - Path: Packages/com.unity.collab-proxy/Editor/Assets/Fonts/Cascadia.ttf - Importer: ScriptedImporter/UnityEditor.QuickSearchModule:UnityEditor.Search:ASIAI0B' with importer (ScriptedImporter : UnityEditor.QuickSearchModule:UnityEditor.Search:ASIAI0B)
Imported 'GUID: 9229ae5dbc38f488d921156ff75869e9' -> (Import Result ID: '19a7ef49d93f78745843609978706e7e') in 0.021 seconds [static and dynamic dependencies]. Details - ImportResultOutputID=761c75d7fd20e082b55178fb3d2fc8cb DependenciesID=532c8d90e094ade6b4b76c75dd1bb6c9 StaticDependenciesID=bd35fda2ee971f80e86d49c1d4ee7fc7 
Number of updated asset objects reloaded before import = 0
Number of asset objects unloaded after import = 3
========================================================================
Received Import Request.
  Time of request: 2026-09-19T15:00:29.1811121Z
  Time since last request: 0.0004723 seconds.
  importAddress: GUID: 4932f8b3d8c26804bb16dc5cb5b766ce - Path: Packages/com.unity.collab-proxy/Editor/WebApi/TokenExchangeResponse.cs - Importer: ScriptedImporter/UnityEditor.QuickSearchModule:UnityEditor.Search:ASIAI0B
Importing 'GUID: 4932f8b3d8c26804bb16dc5cb5b766ce - Path: Packages/com.unity.collab-proxy/Editor/WebApi/TokenExchangeResponse.cs - Importer: ScriptedImporter/UnityEditor.QuickSearchModule:UnityEditor.Search:ASIAI0B' with importer (ScriptedImporter : UnityEditor.QuickSearchModule:UnityEditor.Search:ASIAI0B)
Imported 'GUID: 4932f8b3d8c26804bb16dc5cb5b766ce' -> (Import Result ID: 'f56ab5a394aa27ce0e8e9f431e303c77') in 0.003 seconds [static and dynamic dependencies]. Details - ImportResultOutputID=be967059e8073a02964b093fea10255a DependenciesID=1494a836ed1fa81090fb573439c1aded StaticDependenciesID=8ba4a99ae32d51b1248c3b97f8b68951 
Number of updated asset objects reloaded before import = 0
Number of asset objects unloaded after import = 0
========================================================================
Received Import Request.
  Time of request: 2026-09-19T15:00:29.2025153Z
  Time since last request: 0.0007078 seconds.
  importAddress: GUID: e60bdd1e4f6314d2382f323172110798 - Path: Packages/com.unity.collab-proxy/Lib/Editor/log4netPlastic.dll - Importer: ScriptedImporter/UnityEditor.QuickSearchModule:UnityEditor.Search:ASIAI0B
Importing 'GUID: e60bdd1e4f6314d2382f323172110798 - Path: Packages/com.unity.collab-proxy/Lib/Editor/log4netPlastic.dll - Importer: ScriptedImporter/UnityEditor.QuickSearchModule:UnityEditor.Search:ASIAI0B' with importer (ScriptedImporter : UnityEditor.QuickSearchModule:UnityEditor.Search:ASIAI0B)
Imported 'GUID: e60bdd1e4f6314d2382f323172110798' -> (Import Result ID: 'b06c89a260466267a44b74d5219f8c5e') in 0.003 seconds [static and dynamic dependencies]. Details - ImportResultOutputID=1c58ff8ad996955f0f9d43c83888875a DependenciesID=d6b254b7eb62f84935d8ac89b73a5763 StaticDependenciesID=6464677dd5fbda98d04a4e11efaa2ffd 
Number of updated asset objects reloaded before import = 0
Number of asset objects unloaded after import = 0
========================================================================
Received Import Request.
  Time of request: 2026-09-19T15:00:29.2230267Z
  Time since last request: 0.0008492 seconds.
  importAddress: GUID: 3943479b9e27741a78451950ae5841f6 - Path: Packages/com.unity.collab-proxy/Editor/Assets/Images/d_ArrowCaretRight@2x.png - Importer: ScriptedImporter/UnityEditor.QuickSearchModule:UnityEditor.Search:ASIAI0B
Importing 'GUID: 3943479b9e27741a78451950ae5841f6 - Path: Packages/com.unity.collab-proxy/Editor/Assets/Images/d_ArrowCaretRight@2x.png - Importer: ScriptedImporter/UnityEditor.QuickSearchModule:UnityEditor.Search:ASIAI0B' with importer (ScriptedImporter : UnityEditor.QuickSearchModule:UnityEditor.Search:ASIAI0B)
Imported 'GUID: 3943479b9e27741a78451950ae5841f6' -> (Import Result ID: '1647e7fb1692a5c430b789c31e665800') in 0.017 seconds [static and dynamic dependencies]. Details - ImportResultOutputID=47f61bee4aa5e4693fc65b9a53c9b05e DependenciesID=ed43a17f851e888dc6cccfbaac75dbf3 StaticDependenciesID=1e8db9f405bd2ebb8b81e73ed709a556 
Number of updated asset objects reloaded before import = 0
Number of asset objects unloaded after import = 3
========================================================================
Received Import Request.
  Time of request: 2026-09-19T15:00:29.2544355Z
  Time since last request: 0.0004826 seconds.
  importAddress: GUID: db9d246046f68df409cf1f58ea3dcc68 - Path: Packages/com.unity.collab-proxy/Editor/_Deprecated/PlasticPlugin.cs - Importer: ScriptedImporter/UnityEditor.QuickSearchModule:UnityEditor.Search:ASIAI0B
Importing 'GUID: db9d246046f68df409cf1f58ea3dcc68 - Path: Packages/com.unity.collab-proxy/Editor/_Deprecated/PlasticPlugin.cs - Importer: ScriptedImporter/UnityEditor.QuickSearchModule:UnityEditor.Search:ASIAI0B' with importer (ScriptedImporter : UnityEditor.QuickSearchModule:UnityEditor.Search:ASIAI0B)
Imported 'GUID: db9d246046f68df409cf1f58ea3dcc68' -> (Import Result ID: 'eb1418ce4717b3bc4caf0bfa460d29db') in 0.003 seconds [static and dynamic dependencies]. Details - ImportResultOutputID=7119d03a8b5b68f4ba4a48be77cffef5 DependenciesID=734bdebb6403cd5562dcd763c0dd2e37 StaticDependenciesID=9681306ff9249f7b5e5d7f20391dd8ec 
Number of updated asset objects reloaded before import = 0
Number of asset objects unloaded after import = 0
========================================================================
Received Import Request.
  Time of request: 2026-09-19T15:00:29.2701057Z
  Time since last request: 0.0005574 seconds.
  importAddress: GUID: 78de972b7bcb2424e8560a8c310a6d10 - Path: Packages/com.unity.collab-proxy/Editor/Assets/Images/d_exclusionrule@2x.png - Importer: ScriptedImporter/UnityEditor.QuickSearchModule:UnityEditor.Search:ASIAI0B
Importing 'GUID: 78de972b7bcb2424e8560a8c310a6d10 - Path: Packages/com.unity.collab-proxy/Editor/Assets/Images/d_exclusionrule@2x.png - Importer: ScriptedImporter/UnityEditor.QuickSearchModule:UnityEditor.Search:ASIAI0B' with importer (ScriptedImporter : UnityEditor.QuickSearchModule:UnityEditor.Search:ASIAI0B)
Imported 'GUID: 78de972b7bcb2424e8560a8c310a6d10' -> (Import Result ID: '8820329adb305886e04c0998417fd5bc') in 0.011 seconds [static and dynamic dependencies]. Details - ImportResultOutputID=a9b1b051b8dc6e9898e7788d9ed6f5e7 DependenciesID=3b5c217a428981eb90273489943f582e StaticDependenciesID=8868c4c403855c018c242834aa5060b3 
Number of updated asset objects reloaded before import = 0
Number of asset objects unloaded after import = 3
========================================================================
Received Import Request.
  Time of request: 2026-09-19T15:00:29.2959472Z
  Time since last request: 0.0005161 seconds.
  importAddress: GUID: f5eff45d4f0cc5e478e6724c378098eb - Path: Packages/com.unity.collab-proxy/Editor/Views/FileSystemOperation.cs - Importer: ScriptedImporter/UnityEditor.QuickSearchModule:UnityEditor.Search:ASIAI0B
Importing 'GUID: f5eff45d4f0cc5e478e6724c378098eb - Path: Packages/com.unity.collab-proxy/Editor/Views/FileSystemOperation.cs - Importer: ScriptedImporter/UnityEditor.QuickSearchModule:UnityEditor.Search:ASIAI0B' with importer (ScriptedImporter : UnityEditor.QuickSearchModule:UnityEditor.Search:ASIAI0B)
Imported 'GUID: f5eff45d4f0cc5e478e6724c378098eb' -> (Import Result ID: 'dd1962bf5cda284b7d420b63b1fde6b1') in 0.003 seconds [static and dynamic dependencies]. Details - ImportResultOutputID=7d17b87b4c4f733931ca10868fc48012 DependenciesID=d2d2b9beb72b2c4feab1904410ec5472 StaticDependenciesID=ad3558b67f5898f5712d907706052642 
Number of updated asset objects reloaded before import = 0
Number of asset objects unloaded after import = 0
========================================================================
Received Import Request.
  Time of request: 2026-09-19T15:00:29.3162275Z
  Time since last request: 0.0004827 seconds.
  importAddress: GUID: c41381829109cd84786a392ea6e3db60 - Path: Packages/com.unity.collab-proxy/Editor/Assets/Images/d_iconadd@2x.png - Importer: ScriptedImporter/UnityEditor.QuickSearchModule:UnityEditor.Search:ASIAI0B
Importing 'GUID: c41381829109cd84786a392ea6e3db60 - Path: Packages/com.unity.collab-proxy/Editor/Assets/Images/d_iconadd@2x.png - Importer: ScriptedImporter/UnityEditor.QuickSearchModule:UnityEditor.Search:ASIAI0B' with importer (ScriptedImporter : UnityEditor.QuickSearchModule:UnityEditor.Search:ASIAI0B)
Imported 'GUID: c41381829109cd84786a392ea6e3db60' -> (Import Result ID: 'a5852f294b9ba263c5c021f959469ef8') in 0.008 seconds [static and dynamic dependencies]. Details - ImportResultOutputID=6ad1875b1d8a60f6b884908c9a6bb8fe DependenciesID=51b262200d49c5c67ea4c8a79871d32c StaticDependenciesID=a1644b630fe5a43ba204020905d04472 
Number of updated asset objects reloaded before import = 0
Number of asset objects unloaded after import = 3
========================================================================
Received Import Request.
  Time of request: 2026-09-19T15:00:29.3409802Z
  Time since last request: 0.0006532 seconds.
  importAddress: GUID: 0c6a2a64ca9f9c946a7dbbd1674cf5bd - Path: Packages/com.unity.collab-proxy/Editor/Assets/Images/d_iconaddedlocal.png - Importer: ScriptedImporter/UnityEditor.QuickSearchModule:UnityEditor.Search:ASIAI0B
Importing 'GUID: 0c6a2a64ca9f9c946a7dbbd1674cf5bd - Path: Packages/com.unity.collab-proxy/Editor/Assets/Images/d_iconaddedlocal.png - Importer: ScriptedImporter/UnityEditor.QuickSearchModule:UnityEditor.Search:ASIAI0B' with importer (ScriptedImporter : UnityEditor.QuickSearchModule:UnityEditor.Search:ASIAI0B)
Imported 'GUID: 0c6a2a64ca9f9c946a7dbbd1674cf5bd' -> (Import Result ID: '534b495169197de81d64e0cc1ac4d01e') in 0.009 seconds [static and dynamic dependencies]. Details - ImportResultOutputID=ed6aa211a6200fe5e6fefc25e487b47e DependenciesID=d1b2e01e58a9452a81b5ca1e6f5634fb StaticDependenciesID=97b3c9b1e028f2d5de4a366f7d5aa345 
Number of updated asset objects reloaded before import = 0
Number of asset objects unloaded after import = 1
========================================================================
Received Import Request.
  Time of request: 2026-09-19T15:00:29.3660665Z
  Time since last request: 0.0005006 seconds.
  importAddress: GUID: e57a1c5d3e1c8844eb3893fed51c9727 - Path: Packages/com.unity.collab-proxy/Editor/WebApi/WebRestApiClient.cs - Importer: ScriptedImporter/UnityEditor.QuickSearchModule:UnityEditor.Search:ASIAI0B
Importing 'GUID: e57a1c5d3e1c8844eb3893fed51c9727 - Path: Packages/com.unity.collab-proxy/Editor/WebApi/WebRestApiClient.cs - Importer: ScriptedImporter/UnityEditor.QuickSearchModule:UnityEditor.Search:ASIAI0B' with importer (ScriptedImporter : UnityEditor.QuickSearchModule:UnityEditor.Search:ASIAI0B)
Imported 'GUID: e57a1c5d3e1c8844eb3893fed51c9727' -> (Import Result ID: '1e79a9a6758d9c3583a5f27f29e16c65') in 0.003 seconds [static and dynamic dependencies]. Details - ImportResultOutputID=ae7ac310979b55ec89f14748ef4bb0df DependenciesID=c8489e7f2340af250d3eaf7664e18bd7 StaticDependenciesID=f4609cb81612e9cbf34089ef23eecf12 
Number of updated asset objects reloaded before import = 0
Number of asset objects unloaded after import = 0
========================================================================
Received Import Request.
  Time of request: 2026-09-19T15:00:29.3845006Z
  Time since last request: 0.000707 seconds.
  importAddress: GUID: 5717b3e29bf6a2b48be2cf9d0707c505 - Path: Packages/com.unity.collab-proxy/Editor/UVCSToolbar/UVCSToolbar.cs - Importer: ScriptedImporter/UnityEditor.QuickSearchModule:UnityEditor.Search:ASIAI0B
Importing 'GUID: 5717b3e29bf6a2b48be2cf9d0707c505 - Path: Packages/com.unity.collab-proxy/Editor/UVCSToolbar/UVCSToolbar.cs - Importer: ScriptedImporter/UnityEditor.QuickSearchModule:UnityEditor.Search:ASIAI0B' with importer (ScriptedImporter : UnityEditor.QuickSearchModule:UnityEditor.Search:ASIAI0B)
Imported 'GUID: 5717b3e29bf6a2b48be2cf9d0707c505' -> (Import Result ID: '4f38a216adabb430840e724eb06b3361') in 0.003 seconds [static and dynamic dependencies]. Details - ImportResultOutputID=866fe72bee72006b9ec0a81d4b9eb064 DependenciesID=f358bf0a73edc49bf0817dd993609179 StaticDependenciesID=bdd7e5e12be6e5856246c32f7f932785 
Number of updated asset objects reloaded before import = 0
Number of asset objects unloaded after import = 0
========================================================================
Received Import Request.
  Time of request: 2026-09-19T15:00:29.404487Z
  Time since last request: 0.0004765 seconds.
  importAddress: GUID: 6483fd05e8bf42a47aee5e11dbf6db8a - Path: Packages/com.unity.collab-proxy/Editor/Views/LaunchDiffOperations.cs - Importer: ScriptedImporter/UnityEditor.QuickSearchModule:UnityEditor.Search:ASIAI0B
Importing 'GUID: 6483fd05e8bf42a47aee5e11dbf6db8a - Path: Packages/com.unity.collab-proxy/Editor/Views/LaunchDiffOperations.cs - Importer: ScriptedImporter/UnityEditor.QuickSearchModule:UnityEditor.Search:ASIAI0B' with importer (ScriptedImporter : UnityEditor.QuickSearchModule:UnityEditor.Search:ASIAI0B)
Imported 'GUID: 6483fd05e8bf42a47aee5e11dbf6db8a' -> (Import Result ID: '19a9cddfcdde529ed7ff8e355a720dbd') in 0.003 seconds [static and dynamic dependencies]. Details - ImportResultOutputID=2a441b4db72b5b92edeb65f17c17e592 DependenciesID=ed0abd6cc674a6ebd7813d6222c41ac4 StaticDependenciesID=47e8637a95f38e2c0b66c97cb1a932fd 
Number of updated asset objects reloaded before import = 0
Number of asset objects unloaded after import = 0
========================================================================
Received Import Request.
  Time of request: 2026-09-19T15:00:29.424595Z
  Time since last request: 0.0006976 seconds.
  importAddress: GUID: f09eae8c0ea04254b90c5386a034a225 - Path: Packages/com.unity.collab-proxy/Editor/Assets/Images/buttonssosigningoogle.png - Importer: ScriptedImporter/UnityEditor.QuickSearchModule:UnityEditor.Search:ASIAI0B
Importing 'GUID: f09eae8c0ea04254b90c5386a034a225 - Path: Packages/com.unity.collab-proxy/Editor/Assets/Images/buttonssosigningoogle.png - Importer: ScriptedImporter/UnityEditor.QuickSearchModule:UnityEditor.Search:ASIAI0B' with importer (ScriptedImporter : UnityEditor.QuickSearchModule:UnityEditor.Search:ASIAI0B)
Imported 'GUID: f09eae8c0ea04254b90c5386a034a225' -> (Import Result ID: '2ff6ac5eb606d5c7fa919773d0904c96') in 0.010 seconds [static and dynamic dependencies]. Details - ImportResultOutputID=f55037ead8263e3399e38cb2f901e1b9 DependenciesID=e2333d51eca6acd353b6f3b2564e604d StaticDependenciesID=fe51492bc7b666b34e91a0002f53961c 
Number of updated asset objects reloaded before import = 0
Number of asset objects unloaded after import = 1
========================================================================
Received Import Request.
  Time of request: 2026-09-19T15:00:29.4500406Z
  Time since last request: 0.0003869 seconds.
  importAddress: GUID: e2c5ee46f6b0148afbe40d935c70faee - Path: Packages/com.unity.collab-proxy/Editor/Assets/Images/d_ArrowCaretLeft.png - Importer: ScriptedImporter/UnityEditor.QuickSearchModule:UnityEditor.Search:ASIAI0B
Importing 'GUID: e2c5ee46f6b0148afbe40d935c70faee - Path: Packages/com.unity.collab-proxy/Editor/Assets/Images/d_ArrowCaretLeft.png - Importer: ScriptedImporter/UnityEditor.QuickSearchModule:UnityEditor.Search:ASIAI0B' with importer (ScriptedImporter : UnityEditor.QuickSearchModule:UnityEditor.Search:ASIAI0B)
Imported 'GUID: e2c5ee46f6b0148afbe40d935c70faee' -> (Import Result ID: 'ccf369ac928e19f03a078a60902e6469') in 0.010 seconds [static and dynamic dependencies]. Details - ImportResultOutputID=795cabc1d0e244e5e89922ebf7d06ad4 DependenciesID=ae051ef4136277a6f3ca138f45095597 StaticDependenciesID=fd7525b4094c6521db9e57d0ed362c9f 
Number of updated asset objects reloaded before import = 0
Number of asset objects unloaded after import = 3
========================================================================
Received Import Request.
  Time of request: 2026-09-19T15:00:29.4787942Z
  Time since last request: 0.0009467 seconds.
  importAddress: GUID: 1c16a099b53fd4712b2d4cdb8fecd9f8 - Path: Packages/com.unity.collab-proxy/Editor/Assets/Images/ArrowCaretLeft.png - Importer: ScriptedImporter/UnityEditor.QuickSearchModule:UnityEditor.Search:ASIAI0B
Importing 'GUID: 1c16a099b53fd4712b2d4cdb8fecd9f8 - Path: Packages/com.unity.collab-proxy/Editor/Assets/Images/ArrowCaretLeft.png - Importer: ScriptedImporter/UnityEditor.QuickSearchModule:UnityEditor.Search:ASIAI0B' with importer (ScriptedImporter : UnityEditor.QuickSearchModule:UnityEditor.Search:ASIAI0B)
Imported 'GUID: 1c16a099b53fd4712b2d4cdb8fecd9f8' -> (Import Result ID: 'd1065bdfac0364f09f04b6557ada906a') in 0.010 seconds [static and dynamic dependencies]. Details - ImportResultOutputID=993ca64a2867abafe9724236040f1488 DependenciesID=b5f88d567ebb5c2a621e25a8ae09f08c StaticDependenciesID=c41d4a044b43c3294a198fa68e1f7e25 
Number of updated asset objects reloaded before import = 0
Number of asset objects unloaded after import = 3
========================================================================
Received Import Request.
  Time of request: 2026-09-19T15:00:29.5047658Z
  Time since last request: 0.0004335 seconds.
  importAddress: GUID: 5de67bf0a3c601f4bab93b4fd3314ab1 - Path: Packages/com.unity.collab-proxy/Editor/Assets/Images/d_hideversioncontrol@2x.png - Importer: ScriptedImporter/UnityEditor.QuickSearchModule:UnityEditor.Search:ASIAI0B
Importing 'GUID: 5de67bf0a3c601f4bab93b4fd3314ab1 - Path: Packages/com.unity.collab-proxy/Editor/Assets/Images/d_hideversioncontrol@2x.png - Importer: ScriptedImporter/UnityEditor.QuickSearchModule:UnityEditor.Search:ASIAI0B' with importer (ScriptedImporter : UnityEditor.QuickSearchModule:UnityEditor.Search:ASIAI0B)
Imported 'GUID: 5de67bf0a3c601f4bab93b4fd3314ab1' -> (Import Result ID: 'c6148eedc5d2982a2a6d73742c53b4fd') in 0.009 seconds [static and dynamic dependencies]. Details - ImportResultOutputID=a66ae6cc50eafef46cd8c6ff5ccad497 DependenciesID=f9586b41e4f39be8bf00aa3e07abd0d2 StaticDependenciesID=042fdeacf33d4ea1a79f0b82aef7607e 
Number of updated asset objects reloaded before import = 0
Number of asset objects unloaded after import = 3
========================================================================
Received Import Request.
  Time of request: 2026-09-19T15:00:29.5296892Z
  Time since last request: 0.0006416 seconds.
  importAddress: GUID: 63860c9f5f91cbb4ea813deafa1327a0 - Path: Packages/com.unity.collab-proxy/Editor/WebApi/SubscriptionDetailsResponse.cs - Importer: ScriptedImporter/UnityEditor.QuickSearchModule:UnityEditor.Search:ASIAI0B
Importing 'GUID: 63860c9f5f91cbb4ea813deafa1327a0 - Path: Packages/com.unity.collab-proxy/Editor/WebApi/SubscriptionDetailsResponse.cs - Importer: ScriptedImporter/UnityEditor.QuickSearchModule:UnityEditor.Search:ASIAI0B' with importer (ScriptedImporter : UnityEditor.QuickSearchModule:UnityEditor.Search:ASIAI0B)
Imported 'GUID: 63860c9f5f91cbb4ea813deafa1327a0' -> (Import Result ID: '9e2b17692a5c276341e0199c8321d164') in 0.003 seconds [static and dynamic dependencies]. Details - ImportResultOutputID=f44d3830b45a0550d23515a22f1efa17 DependenciesID=c74915403f06f4a30231e790b68f0d69 StaticDependenciesID=83afdad13aeb4b55dc1b99a9beb0026c 
Number of updated asset objects reloaded before import = 0
Number of asset objects unloaded after import = 0
========================================================================
Received Import Request.
  Time of request: 2026-09-19T15:00:29.5486925Z
  Time since last request: 0.0005964 seconds.
  importAddress: GUID: d616c78aaf225437199c9ac8c4f2197b - Path: Packages/com.unity.collab-proxy/Editor/Assets/Images/d_exclusionrule.png - Importer: ScriptedImporter/UnityEditor.QuickSearchModule:UnityEditor.Search:ASIAI0B
Importing 'GUID: d616c78aaf225437199c9ac8c4f2197b - Path: Packages/com.unity.collab-proxy/Editor/Assets/Images/d_exclusionrule.png - Importer: ScriptedImporter/UnityEditor.QuickSearchModule:UnityEditor.Search:ASIAI0B' with importer (ScriptedImporter : UnityEditor.QuickSearchModule:UnityEditor.Search:ASIAI0B)
Imported 'GUID: d616c78aaf225437199c9ac8c4f2197b' -> (Import Result ID: 'b05975fcc3d0d6146c5a56aafb95bfe5') in 0.011 seconds [static and dynamic dependencies]. Details - ImportResultOutputID=42804a6783392480cbcb4565998e11cc DependenciesID=90c681b65235768d95402be926c90a1d StaticDependenciesID=9ef9f0de99eee011de3fe63ce67d0cc1 
Number of updated asset objects reloaded before import = 0
Number of asset objects unloaded after import = 3
========================================================================
Received Import Request.
  Time of request: 2026-09-19T15:00:29.5744752Z
  Time since last request: 0.0004647 seconds.
  importAddress: GUID: 421fea03dd9d4ac089ca279ee87c573b - Path: Packages/com.unity.collab-proxy/Editor/Views/EnableSwitchAndShelveFeatureDialog.cs - Importer: ScriptedImporter/UnityEditor.QuickSearchModule:UnityEditor.Search:ASIAI0B
Importing 'GUID: 421fea03dd9d4ac089ca279ee87c573b - Path: Packages/com.unity.collab-proxy/Editor/Views/EnableSwitchAndShelveFeatureDialog.cs - Importer: ScriptedImporter/UnityEditor.QuickSearchModule:UnityEditor.Search:ASIAI0B' with importer (ScriptedImporter : UnityEditor.QuickSearchModule:UnityEditor.Search:ASIAI0B)
Imported 'GUID: 421fea03dd9d4ac089ca279ee87c573b' -> (Import Result ID: '11b14ce1071d65836534850b59129d99') in 0.002 seconds [static and dynamic dependencies]. Details - ImportResultOutputID=54bed2bc91cd798f0dc5a4a4f5524dfc DependenciesID=9584ec3cdc7eac99985b58880463adb4 StaticDependenciesID=5cd69e9a068f4d357e75e9c260a1ff95 
Number of updated asset objects reloaded before import = 0
Number of asset objects unloaded after import = 0
========================================================================
Received Import Request.
  Time of request: 2026-09-19T15:00:29.5932206Z
  Time since last request: 0.0009419 seconds.
  importAddress: GUID: 864f64164beae6141b39879e1b6f4031 - Path: Packages/com.unity.collab-proxy/Editor/Assets/Images/d_iconadd.png - Importer: ScriptedImporter/UnityEditor.QuickSearchModule:UnityEditor.Search:ASIAI0B
Importing 'GUID: 864f64164beae6141b39879e1b6f4031 - Path: Packages/com.unity.collab-proxy/Editor/Assets/Images/d_iconadd.png - Importer: ScriptedImporter/UnityEditor.QuickSearchModule:UnityEditor.Search:ASIAI0B' with importer (ScriptedImporter : UnityEditor.QuickSearchModule:UnityEditor.Search:ASIAI0B)
Imported 'GUID: 864f64164beae6141b39879e1b6f4031' -> (Import Result ID: 'b8082a57232a6003d8a716caee7a24d2') in 0.010 seconds [static and dynamic dependencies]. Details - ImportResultOutputID=a68bebd353c187a88ad8af6a4d64b75b DependenciesID=7afac7fa2a9cce25e7cb6539029efb5d StaticDependenciesID=7d2cfe7f5e22105489d01f49c0bdd0c8 
Number of updated asset objects reloaded before import = 0
Number of asset objects unloaded after import = 3
========================================================================
Received Import Request.
  Time of request: 2026-09-19T15:00:29.618043Z
  Time since last request: 0.000415 seconds.
  importAddress: GUID: d24e7e0b75e1a244bb9687d6fd4315ef - Path: Packages/com.unity.collab-proxy/Editor/Assets/Images/buttonssosigninemail.png - Importer: ScriptedImporter/UnityEditor.QuickSearchModule:UnityEditor.Search:ASIAI0B
Importing 'GUID: d24e7e0b75e1a244bb9687d6fd4315ef - Path: Packages/com.unity.collab-proxy/Editor/Assets/Images/buttonssosigninemail.png - Importer: ScriptedImporter/UnityEditor.QuickSearchModule:UnityEditor.Search:ASIAI0B' with importer (ScriptedImporter : UnityEditor.QuickSearchModule:UnityEditor.Search:ASIAI0B)
Imported 'GUID: d24e7e0b75e1a244bb9687d6fd4315ef' -> (Import Result ID: '3ea9b3fca404386d5bcbe0eeae4756ec') in 0.009 seconds [static and dynamic dependencies]. Details - ImportResultOutputID=f1e5208d88393cfaa916f49aa03def0a DependenciesID=0564ed06b71deee07aa52105bce28a58 StaticDependenciesID=464e5e205ff042a39f5ecde59961166a 
Number of updated asset objects reloaded before import = 0
Number of asset objects unloaded after import = 1
========================================================================
Received Import Request.
  Time of request: 2026-09-19T15:00:29.640646Z
  Time since last request: 0.0006178 seconds.
  importAddress: GUID: 9c963b5d17c74314eb7105e71377cdb8 - Path: Packages/com.unity.collab-proxy/Editor/AssetOverlays/Cache/BuildPathDictionary.cs - Importer: ScriptedImporter/UnityEditor.QuickSearchModule:UnityEditor.Search:ASIAI0B
Importing 'GUID: 9c963b5d17c74314eb7105e71377cdb8 - Path: Packages/com.unity.collab-proxy/Editor/AssetOverlays/Cache/BuildPathDictionary.cs - Importer: ScriptedImporter/UnityEditor.QuickSearchModule:UnityEditor.Search:ASIAI0B' with importer (ScriptedImporter : UnityEditor.QuickSearchModule:UnityEditor.Search:ASIAI0B)
Imported 'GUID: 9c963b5d17c74314eb7105e71377cdb8' -> (Import Result ID: '3b32450d2c39e958d4b2eb2d623d8593') in 0.004 seconds [static and dynamic dependencies]. Details - ImportResultOutputID=969c43e0c167d27c8bf4484854cf2e32 DependenciesID=0bc621a3e7b5cc5488d93d1e7e93f452 StaticDependenciesID=48d3621e94a66b9593fc2581c50ff53d 
Number of updated asset objects reloaded before import = 0
Number of asset objects unloaded after import = 0
========================================================================
Received Import Request.
  Time of request: 2026-09-19T15:00:29.6630582Z
  Time since last request: 0.0006633 seconds.
  importAddress: GUID: 8a6ec1abdba94827a2f174dae33832d2 - Path: Packages/com.unity.collab-proxy/Editor/Views/ShelvePendingChangesDialog.cs - Importer: ScriptedImporter/UnityEditor.QuickSearchModule:UnityEditor.Search:ASIAI0B
Importing 'GUID: 8a6ec1abdba94827a2f174dae33832d2 - Path: Packages/com.unity.collab-proxy/Editor/Views/ShelvePendingChangesDialog.cs - Importer: ScriptedImporter/UnityEditor.QuickSearchModule:UnityEditor.Search:ASIAI0B' with importer (ScriptedImporter : UnityEditor.QuickSearchModule:UnityEditor.Search:ASIAI0B)
Imported 'GUID: 8a6ec1abdba94827a2f174dae33832d2' -> (Import Result ID: '661a6e6bbd040c1e94cb3a5642af75f0') in 0.004 seconds [static and dynamic dependencies]. Details - ImportResultOutputID=cd4686cdb2ddbc10afcc7d01b1b9f0be DependenciesID=4c1c0a8c16dceb5050ca399c0ef94455 StaticDependenciesID=c91d83e3ed0012338d7fbdc8d03c8ec5 
Number of updated asset objects reloaded before import = 0
Number of asset objects unloaded after import = 0
========================================================================
Received Import Request.
  Time of request: 2026-09-19T15:00:29.6893072Z
  Time since last request: 0.0007927 seconds.
  importAddress: GUID: a4362cb806af7495c834c5267b90e574 - Path: Packages/com.unity.collab-proxy/Lib/Editor/unityplastic.dll - Importer: ScriptedImporter/UnityEditor.QuickSearchModule:UnityEditor.Search:ASIAI0B
Importing 'GUID: a4362cb806af7495c834c5267b90e574 - Path: Packages/com.unity.collab-proxy/Lib/Editor/unityplastic.dll - Importer: ScriptedImporter/UnityEditor.QuickSearchModule:UnityEditor.Search:ASIAI0B' with importer (ScriptedImporter : UnityEditor.QuickSearchModule:UnityEditor.Search:ASIAI0B)
Imported 'GUID: a4362cb806af7495c834c5267b90e574' -> (Import Result ID: 'bdc5955e48fbd2196530b0b6b0f4e404') in 0.004 seconds [static and dynamic dependencies]. Details - ImportResultOutputID=7a2f3c53d15c6b0d5c25f595a3b8d8a0 DependenciesID=af039afaaf03b63fd0b7b517936aef5b StaticDependenciesID=7fd9535de70bf9c1a476bb24eaa37cdf 
Number of updated asset objects reloaded before import = 0
Number of asset objects unloaded after import = 0
========================================================================
Received Import Request.
  Time of request: 2026-09-19T15:00:29.714105Z
  Time since last request: 0.0007583 seconds.
  importAddress: GUID: e5fb93667cf08524f94b12181dbe3546 - Path: Packages/com.unity.collab-proxy/Lib/Editor/Unity.Plastic.Newtonsoft.Json.dll - Importer: ScriptedImporter/UnityEditor.QuickSearchModule:UnityEditor.Search:ASIAI0B
Importing 'GUID: e5fb93667cf08524f94b12181dbe3546 - Path: Packages/com.unity.collab-proxy/Lib/Editor/Unity.Plastic.Newtonsoft.Json.dll - Importer: ScriptedImporter/UnityEditor.QuickSearchModule:UnityEditor.Search:ASIAI0B' with importer (ScriptedImporter : UnityEditor.QuickSearchModule:UnityEditor.Search:ASIAI0B)
Imported 'GUID: e5fb93667cf08524f94b12181dbe3546' -> (Import Result ID: 'f7900c32f77d080d7579f80b17e09d4e') in 0.004 seconds [static and dynamic dependencies]. Details - ImportResultOutputID=547b454990f46ffbee7079568087a736 DependenciesID=b3a2dc59246deb413a1c7a962565582f StaticDependenciesID=f8f4c2dd4a938d9027fb9138a334fd25 
Number of updated asset objects reloaded before import = 0
Number of asset objects unloaded after import = 0
========================================================================
Received Import Request.
  Time of request: 2026-09-19T15:00:29.7371033Z
  Time since last request: 0.0006751 seconds.
  importAddress: GUID: 08dbb8d51633f2f4bab9912fbce3e247 - Path: Packages/com.unity.collab-proxy/Editor/Views/DownloadPlasticExeDialog.cs - Importer: ScriptedImporter/UnityEditor.QuickSearchModule:UnityEditor.Search:ASIAI0B
Importing 'GUID: 08dbb8d51633f2f4bab9912fbce3e247 - Path: Packages/com.unity.collab-proxy/Editor/Views/DownloadPlasticExeDialog.cs - Importer: ScriptedImporter/UnityEditor.QuickSearchModule:UnityEditor.Search:ASIAI0B' with importer (ScriptedImporter : UnityEditor.QuickSearchModule:UnityEditor.Search:ASIAI0B)
Imported 'GUID: 08dbb8d51633f2f4bab9912fbce3e247' -> (Import Result ID: '3bf189b5ff655079c5dd9df4507371f5') in 0.003 seconds [static and dynamic dependencies]. Details - ImportResultOutputID=64394640ee0abc484c92d344429ec3d9 DependenciesID=e301005012e453a481ec7d392fb9606a StaticDependenciesID=685077482a9a6ba4e39651b9c1aa0999 
Number of updated asset objects reloaded before import = 0
Number of asset objects unloaded after import = 0
========================================================================
Received Import Request.
  Time of request: 2026-09-19T15:00:29.7585698Z
  Time since last request: 0.0004797 seconds.
  importAddress: GUID: 2ab28149ef514131a59b505412f5bb87 - Path: Packages/com.unity.collab-proxy/Editor/Views/SummaryTextArea.cs - Importer: ScriptedImporter/UnityEditor.QuickSearchModule:UnityEditor.Search:ASIAI0B
Importing 'GUID: 2ab28149ef514131a59b505412f5bb87 - Path: Packages/com.unity.collab-proxy/Editor/Views/SummaryTextArea.cs - Importer: ScriptedImporter/UnityEditor.QuickSearchModule:UnityEditor.Search:ASIAI0B' with importer (ScriptedImporter : UnityEditor.QuickSearchModule:UnityEditor.Search:ASIAI0B)
Imported 'GUID: 2ab28149ef514131a59b505412f5bb87' -> (Import Result ID: '6fbe4b7c5fe52887e9169ac6329e4a4d') in 0.004 seconds [static and dynamic dependencies]. Details - ImportResultOutputID=9b94a0658f6276a1ff7f31f129686962 DependenciesID=f25e738bc7a4110962ebfabc60f3692a StaticDependenciesID=44d7893b5fd25ccd36ba45fc3c4f3087 
Number of updated asset objects reloaded before import = 0
Number of asset objects unloaded after import = 0
========================================================================
Received Import Request.
  Time of request: 2026-09-19T15:00:29.7999399Z
  Time since last request: 0.0180846 seconds.
  importAddress: GUID: 3f65802f2a170a145bd30ab3801b8d80 - Path: Packages/com.unity.collab-proxy/Editor/Assets/Images/d_iconclipboard.png - Importer: ScriptedImporter/UnityEditor.QuickSearchModule:UnityEditor.Search:ASIAI0B
Importing 'GUID: 3f65802f2a170a145bd30ab3801b8d80 - Path: Packages/com.unity.collab-proxy/Editor/Assets/Images/d_iconclipboard.png - Importer: ScriptedImporter/UnityEditor.QuickSearchModule:UnityEditor.Search:ASIAI0B' with importer (ScriptedImporter : UnityEditor.QuickSearchModule:UnityEditor.Search:ASIAI0B)
Imported 'GUID: 3f65802f2a170a145bd30ab3801b8d80' -> (Import Result ID: 'd6d56d62b3a99961117933f903afdf47') in 0.009 seconds [static and dynamic dependencies]. Details - ImportResultOutputID=3a50c02afefb074fce1f7a8a7f7bc8ec DependenciesID=464bf6338ba821713519505b3e081c4b StaticDependenciesID=1ecda835599c95cc970e7acc9fe76c71 
Number of updated asset objects reloaded before import = 0
Number of asset objects unloaded after import = 3
========================================================================
Received Import Request.
  Time of request: 2026-09-19T15:00:29.8335127Z
  Time since last request: 0.0006804 seconds.
  importAddress: GUID: c115023c6a2060d4da6a7684bd40c5c0 - Path: Packages/com.unity.collab-proxy/Editor/Assets/Images/d_iconclipboard@2x.png - Importer: ScriptedImporter/UnityEditor.QuickSearchModule:UnityEditor.Search:ASIAI0B
Importing 'GUID: c115023c6a2060d4da6a7684bd40c5c0 - Path: Packages/com.unity.collab-proxy/Editor/Assets/Images/d_iconclipboard@2x.png - Importer: ScriptedImporter/UnityEditor.QuickSearchModule:UnityEditor.Search:ASIAI0B' with importer (ScriptedImporter : UnityEditor.QuickSearchModule:UnityEditor.Search:ASIAI0B)
Imported 'GUID: c115023c6a2060d4da6a7684bd40c5c0' -> (Import Result ID: '0c40b2cd952e65d4d4d4ffb03ee5e122') in 0.019 seconds [static and dynamic dependencies]. Details - ImportResultOutputID=f99a8ccee5382b366441179d6db54e1f DependenciesID=5bdae26c8ee3c7bc04bb08d4c9cd4507 StaticDependenciesID=7fcf4d81393ce9362f69568dbfbf2c50 
Number of updated asset objects reloaded before import = 0
Number of asset objects unloaded after import = 3
========================================================================
Received Import Request.
  Time of request: 2026-09-19T15:00:29.8709869Z
  Time since last request: 0.000566 seconds.
  importAddress: GUID: 3de8a0634e55df8499c88204001cb0dd - Path: Packages/com.unity.collab-proxy/Editor/Assets/Images/d_icondeletedremoteoverlay.png - Importer: ScriptedImporter/UnityEditor.QuickSearchModule:UnityEditor.Search:ASIAI0B
Importing 'GUID: 3de8a0634e55df8499c88204001cb0dd - Path: Packages/com.unity.collab-proxy/Editor/Assets/Images/d_icondeletedremoteoverlay.png - Importer: ScriptedImporter/UnityEditor.QuickSearchModule:UnityEditor.Search:ASIAI0B' with importer (ScriptedImporter : UnityEditor.QuickSearchModule:UnityEditor.Search:ASIAI0B)
Imported 'GUID: 3de8a0634e55df8499c88204001cb0dd' -> (Import Result ID: 'ece0f74f2b9772433e1121e660bb00a8') in 0.011 seconds [static and dynamic dependencies]. Details - ImportResultOutputID=ddbc04f58cdc28d2e1a2bc9e82b58143 DependenciesID=73ee5588593f35eba2b2854c24651a1a StaticDependenciesID=547326cd7571fc93e31587f65bd15a2e 
Number of updated asset objects reloaded before import = 0
Number of asset objects unloaded after import = 1
========================================================================
Received Import Request.
  Time of request: 2026-09-19T15:00:29.9054481Z
  Time since last request: 0.0010967 seconds.
  importAddress: GUID: 3cf8ae89579fd29479f4269d09600e16 - Path: Packages/com.unity.collab-proxy/Editor/Assets/Images/d_iconinfobellnotification@2x.png - Importer: ScriptedImporter/UnityEditor.QuickSearchModule:UnityEditor.Search:ASIAI0B
Importing 'GUID: 3cf8ae89579fd29479f4269d09600e16 - Path: Packages/com.unity.collab-proxy/Editor/Assets/Images/d_iconinfobellnotification@2x.png - Importer: ScriptedImporter/UnityEditor.QuickSearchModule:UnityEditor.Search:ASIAI0B' with importer (ScriptedImporter : UnityEditor.QuickSearchModule:UnityEditor.Search:ASIAI0B)
Imported 'GUID: 3cf8ae89579fd29479f4269d09600e16' -> (Import Result ID: '97bbd5ff987dbbc1f7361ccaa871a2fc') in 0.016 seconds [static and dynamic dependencies]. Details - ImportResultOutputID=a16d2bdb6467da6efce060fd1f79b93e DependenciesID=51e6325bcf8b3ef4d5b6fa58b480a783 StaticDependenciesID=ad093e8d924ec67d42d2166d0ad919e1 
Number of updated asset objects reloaded before import = 0
Number of asset objects unloaded after import = 3
========================================================================
Received Import Request.
  Time of request: 2026-09-19T15:00:29.9408317Z
  Time since last request: 0.0006721 seconds.
  importAddress: GUID: 056ee72c467a4e24d87541d42839ca72 - Path: Packages/com.unity.collab-proxy/Editor/Assets/Images/d_iconconflictresolvedoverlay.png - Importer: ScriptedImporter/UnityEditor.QuickSearchModule:UnityEditor.Search:ASIAI0B
Importing 'GUID: 056ee72c467a4e24d87541d42839ca72 - Path: Packages/com.unity.collab-proxy/Editor/Assets/Images/d_iconconflictresolvedoverlay.png - Importer: ScriptedImporter/UnityEditor.QuickSearchModule:UnityEditor.Search:ASIAI0B' with importer (ScriptedImporter : UnityEditor.QuickSearchModule:UnityEditor.Search:ASIAI0B)
Imported 'GUID: 056ee72c467a4e24d87541d42839ca72' -> (Import Result ID: '05c70d72e5734125d2d5a4fb269e92c4') in 0.011 seconds [static and dynamic dependencies]. Details - ImportResultOutputID=7023e0debf507a71e1e4e5375220325d DependenciesID=186e81c448c2d808d696aa859ccf62c3 StaticDependenciesID=22fffb41ba36637b0fffd8b0b254679a 
Number of updated asset objects reloaded before import = 0
Number of asset objects unloaded after import = 1
========================================================================
Received Import Request.
  Time of request: 2026-09-19T15:00:29.970076Z
  Time since last request: 0.0005296 seconds.
  importAddress: GUID: 2cfbf6619eb047545a425e8a31732c83 - Path: Packages/com.unity.collab-proxy/Editor/Assets/Images/d_icondeletedremoteoverlay@2x.png - Importer: ScriptedImporter/UnityEditor.QuickSearchModule:UnityEditor.Search:ASIAI0B
Importing 'GUID: 2cfbf6619eb047545a425e8a31732c83 - Path: Packages/com.unity.collab-proxy/Editor/Assets/Images/d_icondeletedremoteoverlay@2x.png - Importer: ScriptedImporter/UnityEditor.QuickSearchModule:UnityEditor.Search:ASIAI0B' with importer (ScriptedImporter : UnityEditor.QuickSearchModule:UnityEditor.Search:ASIAI0B)
Imported 'GUID: 2cfbf6619eb047545a425e8a31732c83' -> (Import Result ID: '5ebc54f8962c444b941d6800f61fb12d') in 0.013 seconds [static and dynamic dependencies]. Details - ImportResultOutputID=85f5dff8d2a7dff23dbe3e86060929d6 DependenciesID=57d2b38fe88415a0f74b26a016fdc626 StaticDependenciesID=33fce1c76ad7f58a386362c7b08f394d 
Number of updated asset objects reloaded before import = 0
Number of asset objects unloaded after import = 1
========================================================================
Received Import Request.
  Time of request: 2026-09-19T15:00:30.0010469Z
  Time since last request: 0.000837 seconds.
  importAddress: GUID: bb1928aff4fd4cf44af1f629dc14ef9b - Path: Packages/com.unity.collab-proxy/Editor/Assets/Images/d_iconcheckedoutlocaloverlay.png - Importer: ScriptedImporter/UnityEditor.QuickSearchModule:UnityEditor.Search:ASIAI0B
Importing 'GUID: bb1928aff4fd4cf44af1f629dc14ef9b - Path: Packages/com.unity.collab-proxy/Editor/Assets/Images/d_iconcheckedoutlocaloverlay.png - Importer: ScriptedImporter/UnityEditor.QuickSearchModule:UnityEditor.Search:ASIAI0B' with importer (ScriptedImporter : UnityEditor.QuickSearchModule:UnityEditor.Search:ASIAI0B)
Imported 'GUID: bb1928aff4fd4cf44af1f629dc14ef9b' -> (Import Result ID: '0c2a088e7507125dd119b4759abeafd9') in 0.012 seconds [static and dynamic dependencies]. Details - ImportResultOutputID=6cadb1ac51dee6ff1ae00417e3947895 DependenciesID=c9b0f3d0ec9f5686b5e0be557db716b9 StaticDependenciesID=1de6f183e6a9f8377f780e99f5538b27 
Number of updated asset objects reloaded before import = 0
Number of asset objects unloaded after import = 1
========================================================================
Received Import Request.
  Time of request: 2026-09-19T15:00:30.0341147Z
  Time since last request: 0.0006058 seconds.
  importAddress: GUID: 4a231ba0e81e63849a8f985c228e8acd - Path: Packages/com.unity.collab-proxy/Editor/Assets/Images/d_iconconflictresolvedoverlay@2x.png - Importer: ScriptedImporter/UnityEditor.QuickSearchModule:UnityEditor.Search:ASIAI0B
Importing 'GUID: 4a231ba0e81e63849a8f985c228e8acd - Path: Packages/com.unity.collab-proxy/Editor/Assets/Images/d_iconconflictresolvedoverlay@2x.png - Importer: ScriptedImporter/UnityEditor.QuickSearchModule:UnityEditor.Search:ASIAI0B' with importer (ScriptedImporter : UnityEditor.QuickSearchModule:UnityEditor.Search:ASIAI0B)
Imported 'GUID: 4a231ba0e81e63849a8f985c228e8acd' -> (Import Result ID: 'e79ddbf3cf78b5fb33ced05ab7155749') in 0.011 seconds [static and dynamic dependencies]. Details - ImportResultOutputID=92da81dd8482fbd9f3a4367de7f02b13 DependenciesID=79d09618d54c1db06c5fbd2866479a1b StaticDependenciesID=b2de69d917f66d55a5e89d4c72528f65 
Number of updated asset objects reloaded before import = 0
Number of asset objects unloaded after import = 1
========================================================================
Received Import Request.
  Time of request: 2026-09-19T15:00:30.059899Z
  Time since last request: 0.0006556 seconds.
  importAddress: GUID: f94d06b5a7fc94387a1a212b8dc9b2a5 - Path: Packages/com.unity.collab-proxy/Editor/Assets/Images/d_iconfirst@2x.png - Importer: ScriptedImporter/UnityEditor.QuickSearchModule:UnityEditor.Search:ASIAI0B
Importing 'GUID: f94d06b5a7fc94387a1a212b8dc9b2a5 - Path: Packages/com.unity.collab-proxy/Editor/Assets/Images/d_iconfirst@2x.png - Importer: ScriptedImporter/UnityEditor.QuickSearchModule:UnityEditor.Search:ASIAI0B' with importer (ScriptedImporter : UnityEditor.QuickSearchModule:UnityEditor.Search:ASIAI0B)
Imported 'GUID: f94d06b5a7fc94387a1a212b8dc9b2a5' -> (Import Result ID: 'cba0260d05b8065000099552e8aa1b87') in 0.010 seconds [static and dynamic dependencies]. Details - ImportResultOutputID=5c6891e0bc647698bd8b53859a0df470 DependenciesID=f2eb0281e692595f16c2abd1b18072f8 StaticDependenciesID=a74a5f441621b86f5e8a4499572e2a32 
Number of updated asset objects reloaded before import = 0
Number of asset objects unloaded after import = 3
========================================================================
Received Import Request.
  Time of request: 2026-09-19T15:00:30.0840488Z
  Time since last request: 0.0004701 seconds.
  importAddress: GUID: 3094096a150921c409ef35579f2ada0f - Path: Packages/com.unity.collab-proxy/Editor/Assets/Images/d_iconinviteusers.png - Importer: ScriptedImporter/UnityEditor.QuickSearchModule:UnityEditor.Search:ASIAI0B
Importing 'GUID: 3094096a150921c409ef35579f2ada0f - Path: Packages/com.unity.collab-proxy/Editor/Assets/Images/d_iconinviteusers.png - Importer: ScriptedImporter/UnityEditor.QuickSearchModule:UnityEditor.Search:ASIAI0B' with importer (ScriptedImporter : UnityEditor.QuickSearchModule:UnityEditor.Search:ASIAI0B)
Imported 'GUID: 3094096a150921c409ef35579f2ada0f' -> (Import Result ID: 'b2c98a523151e44f435b23c1e4a67346') in 0.009 seconds [static and dynamic dependencies]. Details - ImportResultOutputID=8685a13ef2d37b6de9c1b8a7096e29bd DependenciesID=183a97944dfee1bbab14c52e8288825b StaticDependenciesID=be7677f73bef8a87b064dad64902ca1c 
Number of updated asset objects reloaded before import = 0
Number of asset objects unloaded after import = 3
========================================================================
Received Import Request.
  Time of request: 2026-09-19T15:00:30.1111522Z
  Time since last request: 0.0006275 seconds.
  importAddress: GUID: 59eedc7f076ac5749993ec0e94b87af3 - Path: Packages/com.unity.collab-proxy/Editor/Assets/Images/d_iconclouddriveview@2x.png - Importer: ScriptedImporter/UnityEditor.QuickSearchModule:UnityEditor.Search:ASIAI0B
Importing 'GUID: 59eedc7f076ac5749993ec0e94b87af3 - Path: Packages/com.unity.collab-proxy/Editor/Assets/Images/d_iconclouddriveview@2x.png - Importer: ScriptedImporter/UnityEditor.QuickSearchModule:UnityEditor.Search:ASIAI0B' with importer (ScriptedImporter : UnityEditor.QuickSearchModule:UnityEditor.Search:ASIAI0B)
Imported 'GUID: 59eedc7f076ac5749993ec0e94b87af3' -> (Import Result ID: '0000d65c62277c844172c393c0fba943') in 0.008 seconds [static and dynamic dependencies]. Details - ImportResultOutputID=845a12af8bf2e705f378445e3841377b DependenciesID=50cee1799c76318f98a69488d335e85e StaticDependenciesID=c731821990c15f34b034848b00634d85 
Number of updated asset objects reloaded before import = 0
Number of asset objects unloaded after import = 3
========================================================================
Received Import Request.
  Time of request: 2026-09-19T15:00:30.1341553Z
  Time since last request: 0.0005192 seconds.
  importAddress: GUID: eb5eaf673b49645f88e72f5122b40988 - Path: Packages/com.unity.collab-proxy/Editor/Assets/Images/d_iconarrowdown@2x.png - Importer: ScriptedImporter/UnityEditor.QuickSearchModule:UnityEditor.Search:ASIAI0B
Importing 'GUID: eb5eaf673b49645f88e72f5122b40988 - Path: Packages/com.unity.collab-proxy/Editor/Assets/Images/d_iconarrowdown@2x.png - Importer: ScriptedImporter/UnityEditor.QuickSearchModule:UnityEditor.Search:ASIAI0B' with importer (ScriptedImporter : UnityEditor.QuickSearchModule:UnityEditor.Search:ASIAI0B)
Imported 'GUID: eb5eaf673b49645f88e72f5122b40988' -> (Import Result ID: '42f4ecb5909a1766dba1854212b2c230') in 0.010 seconds [static and dynamic dependencies]. Details - ImportResultOutputID=0c626382a69fe90fbe1f0febd2e37d0e DependenciesID=55fc585526748e36207d7cf6d664b57e StaticDependenciesID=c333c92ac2d62da15d26ae4813a2948c 
Number of updated asset objects reloaded before import = 0
Number of asset objects unloaded after import = 3
========================================================================
Received Import Request.
  Time of request: 2026-09-19T15:00:30.1573817Z
  Time since last request: 0.0004972 seconds.
  importAddress: GUID: d44f9c7a4044e1845b5b3627ba32fb10 - Path: Packages/com.unity.collab-proxy/Editor/Assets/Images/d_iconbrex.png - Importer: ScriptedImporter/UnityEditor.QuickSearchModule:UnityEditor.Search:ASIAI0B
Importing 'GUID: d44f9c7a4044e1845b5b3627ba32fb10 - Path: Packages/com.unity.collab-proxy/Editor/Assets/Images/d_iconbrex.png - Importer: ScriptedImporter/UnityEditor.QuickSearchModule:UnityEditor.Search:ASIAI0B' with importer (ScriptedImporter : UnityEditor.QuickSearchModule:UnityEditor.Search:ASIAI0B)
Imported 'GUID: d44f9c7a4044e1845b5b3627ba32fb10' -> (Import Result ID: '3443b3cdd95fc02fac6432da58324da5') in 0.013 seconds [static and dynamic dependencies]. Details - ImportResultOutputID=440c68930e12bf4beae837e8b5ec25e3 DependenciesID=2ad7d2501988ffded964b557af3c4da9 StaticDependenciesID=40006c48a25618cbec770edd05676d8d 
Number of updated asset objects reloaded before import = 0
Number of asset objects unloaded after import = 3
========================================================================
Received Import Request.
  Time of request: 2026-09-19T15:00:30.188548Z
  Time since last request: 0.000691 seconds.
  importAddress: GUID: 0a02e43184c7e9c4c9c59b601100b705 - Path: Packages/com.unity.collab-proxy/Editor/Assets/Images/d_iconcurrentbranch.png - Importer: ScriptedImporter/UnityEditor.QuickSearchModule:UnityEditor.Search:ASIAI0B
Importing 'GUID: 0a02e43184c7e9c4c9c59b601100b705 - Path: Packages/com.unity.collab-proxy/Editor/Assets/Images/d_iconcurrentbranch.png - Importer: ScriptedImporter/UnityEditor.QuickSearchModule:UnityEditor.Search:ASIAI0B' with importer (ScriptedImporter : UnityEditor.QuickSearchModule:UnityEditor.Search:ASIAI0B)
Imported 'GUID: 0a02e43184c7e9c4c9c59b601100b705' -> (Import Result ID: '692f3da87f29e05a965d7fc7b4cf551c') in 0.009 seconds [static and dynamic dependencies]. Details - ImportResultOutputID=3b71289f66c2cc5c7f03176ca39cec6a DependenciesID=df3a2440b52e32d5e284b7fdb3f8e3a2 StaticDependenciesID=d8b0c044b7cc83b3021b0cc69804d109 
Number of updated asset objects reloaded before import = 0
Number of asset objects unloaded after import = 3
========================================================================
Received Import Request.
  Time of request: 2026-09-19T15:00:30.2158304Z
  Time since last request: 0.0006445 seconds.
  importAddress: GUID: 92b204cca46037444ab18ba6701f86f7 - Path: Packages/com.unity.collab-proxy/Editor/Assets/Images/d_icondeletedlocaloverlay@2x.png - Importer: ScriptedImporter/UnityEditor.QuickSearchModule:UnityEditor.Search:ASIAI0B
Importing 'GUID: 92b204cca46037444ab18ba6701f86f7 - Path: Packages/com.unity.collab-proxy/Editor/Assets/Images/d_icondeletedlocaloverlay@2x.png - Importer: ScriptedImporter/UnityEditor.QuickSearchModule:UnityEditor.Search:ASIAI0B' with importer (ScriptedImporter : UnityEditor.QuickSearchModule:UnityEditor.Search:ASIAI0B)
Imported 'GUID: 92b204cca46037444ab18ba6701f86f7' -> (Import Result ID: 'ce529c6e969222081eee2ac80a53cf85') in 0.010 seconds [static and dynamic dependencies]. Details - ImportResultOutputID=09ca462d85f1c72b1dd2683b79e14ced DependenciesID=614a3250372ed6632ed78210ba5a2386 StaticDependenciesID=d6e4b479c32f28024572d59dc16f5ed1 
Number of updated asset objects reloaded before import = 0
Number of asset objects unloaded after import = 1
========================================================================
Received Import Request.
  Time of request: 2026-09-19T15:00:30.2438316Z
  Time since last request: 0.0007463 seconds.
  importAddress: GUID: 02800fb9cff14da47a04572790384d8b - Path: Packages/com.unity.collab-proxy/Editor/Assets/Images/d_iconaddedlocal@2x.png - Importer: ScriptedImporter/UnityEditor.QuickSearchModule:UnityEditor.Search:ASIAI0B
Importing 'GUID: 02800fb9cff14da47a04572790384d8b - Path: Packages/com.unity.collab-proxy/Editor/Assets/Images/d_iconaddedlocal@2x.png - Importer: ScriptedImporter/UnityEditor.QuickSearchModule:UnityEditor.Search:ASIAI0B' with importer (ScriptedImporter : UnityEditor.QuickSearchModule:UnityEditor.Search:ASIAI0B)
Imported 'GUID: 02800fb9cff14da47a04572790384d8b' -> (Import Result ID: 'c28cc68d7471db6bae368792d0006566') in 0.009 seconds [static and dynamic dependencies]. Details - ImportResultOutputID=4b08156dc86c242ab20dfab397fc99ac DependenciesID=9cdd9347d54c2a357292efe1fb12a967 StaticDependenciesID=666821fdb854a8c169480b3384588ebb 
Number of updated asset objects reloaded before import = 0
Number of asset objects unloaded after import = 1
========================================================================
Received Import Request.
  Time of request: 2026-09-19T15:00:30.2711572Z
  Time since last request: 0.000605 seconds.
  importAddress: GUID: 71c45f80bffdb9145ad2c456254c862e - Path: Packages/com.unity.collab-proxy/Editor/Assets/Images/d_iconlockedlocaloverlay.png - Importer: ScriptedImporter/UnityEditor.QuickSearchModule:UnityEditor.Search:ASIAI0B
Importing 'GUID: 71c45f80bffdb9145ad2c456254c862e - Path: Packages/com.unity.collab-proxy/Editor/Assets/Images/d_iconlockedlocaloverlay.png - Importer: ScriptedImporter/UnityEditor.QuickSearchModule:UnityEditor.Search:ASIAI0B' with importer (ScriptedImporter : UnityEditor.QuickSearchModule:UnityEditor.Search:ASIAI0B)
Imported 'GUID: 71c45f80bffdb9145ad2c456254c862e' -> (Import Result ID: 'b208efe9701fbe305a3acfd83015232c') in 0.009 seconds [static and dynamic dependencies]. Details - ImportResultOutputID=7071b1627cd1dabf6c736ca2c05dde89 DependenciesID=52c8b0e4945bc0dc8f02e86d06b07362 StaticDependenciesID=2e9a08df8f2e8562999a569088626c34 
Number of updated asset objects reloaded before import = 0
Number of asset objects unloaded after import = 1
========================================================================
Received Import Request.
  Time of request: 2026-09-19T15:00:30.2970182Z
  Time since last request: 0.0006511 seconds.
  importAddress: GUID: f7adc828ed70a485db62c459bdf09525 - Path: Packages/com.unity.collab-proxy/Editor/Assets/Images/d_iconlock.png - Importer: ScriptedImporter/UnityEditor.QuickSearchModule:UnityEditor.Search:ASIAI0B
Importing 'GUID: f7adc828ed70a485db62c459bdf09525 - Path: Packages/com.unity.collab-proxy/Editor/Assets/Images/d_iconlock.png - Importer: ScriptedImporter/UnityEditor.QuickSearchModule:UnityEditor.Search:ASIAI0B' with importer (ScriptedImporter : UnityEditor.QuickSearchModule:UnityEditor.Search:ASIAI0B)
Imported 'GUID: f7adc828ed70a485db62c459bdf09525' -> (Import Result ID: 'bdeb76606a685b81c5c5127814e26089') in 0.011 seconds [static and dynamic dependencies]. Details - ImportResultOutputID=530949ca493785333ac4545d4de241ca DependenciesID=b43f6c2c7d404e5ca5ad559005daad38 StaticDependenciesID=3fd02a8461b3325ee31da87ae6878917 
Number of updated asset objects reloaded before import = 0
Number of asset objects unloaded after import = 3
========================================================================
Received Import Request.
  Time of request: 2026-09-19T15:00:30.3301711Z
  Time since last request: 0.0004477 seconds.
  importAddress: GUID: 23e66f7264c74424889342127f229577 - Path: Packages/com.unity.collab-proxy/Editor/Assets/Images/d_icondeletedremote.png - Importer: ScriptedImporter/UnityEditor.QuickSearchModule:UnityEditor.Search:ASIAI0B
Importing 'GUID: 23e66f7264c74424889342127f229577 - Path: Packages/com.unity.collab-proxy/Editor/Assets/Images/d_icondeletedremote.png - Importer: ScriptedImporter/UnityEditor.QuickSearchModule:UnityEditor.Search:ASIAI0B' with importer (ScriptedImporter : UnityEditor.QuickSearchModule:UnityEditor.Search:ASIAI0B)
Imported 'GUID: 23e66f7264c74424889342127f229577' -> (Import Result ID: 'def95dab2f182ca0d09ab22812b42780') in 0.010 seconds [static and dynamic dependencies]. Details - ImportResultOutputID=ed496ec430e54267a4e79a15b608fee6 DependenciesID=126f4b51bbce9b2c00da00aebb51884d StaticDependenciesID=355b0ed645dabeb0a6a30aefef89ed99 
Number of updated asset objects reloaded before import = 0
Number of asset objects unloaded after import = 1
========================================================================
Received Import Request.
  Time of request: 2026-09-19T15:00:30.3560762Z
  Time since last request: 0.0005634 seconds.
  importAddress: GUID: 9b76c79563c3a274aa48b0dbdf009693 - Path: Packages/com.unity.collab-proxy/Editor/Assets/Images/d_iconbrex@2x.png - Importer: ScriptedImporter/UnityEditor.QuickSearchModule:UnityEditor.Search:ASIAI0B
Importing 'GUID: 9b76c79563c3a274aa48b0dbdf009693 - Path: Packages/com.unity.collab-proxy/Editor/Assets/Images/d_iconbrex@2x.png - Importer: ScriptedImporter/UnityEditor.QuickSearchModule:UnityEditor.Search:ASIAI0B' with importer (ScriptedImporter : UnityEditor.QuickSearchModule:UnityEditor.Search:ASIAI0B)
Imported 'GUID: 9b76c79563c3a274aa48b0dbdf009693' -> (Import Result ID: '83849e4c8ee4ed99289a440ca7f67b55') in 0.008 seconds [static and dynamic dependencies]. Details - ImportResultOutputID=9ed3c67d84574a05c3af2eacfc9542fc DependenciesID=fa31d7daf1d36a64cd47287ca3192ef0 StaticDependenciesID=997abff036fb11103106870eaecba995 
Number of updated asset objects reloaded before import = 0
Number of asset objects unloaded after import = 3
========================================================================
Received Import Request.
  Time of request: 2026-09-19T15:00:30.3797779Z
  Time since last request: 0.0006747 seconds.
  importAddress: GUID: e1e64e28e7631534d8408668bcb82502 - Path: Packages/com.unity.collab-proxy/Editor/Assets/Images/d_iconlabel.png - Importer: ScriptedImporter/UnityEditor.QuickSearchModule:UnityEditor.Search:ASIAI0B
Importing 'GUID: e1e64e28e7631534d8408668bcb82502 - Path: Packages/com.unity.collab-proxy/Editor/Assets/Images/d_iconlabel.png - Importer: ScriptedImporter/UnityEditor.QuickSearchModule:UnityEditor.Search:ASIAI0B' with importer (ScriptedImporter : UnityEditor.QuickSearchModule:UnityEditor.Search:ASIAI0B)
Imported 'GUID: e1e64e28e7631534d8408668bcb82502' -> (Import Result ID: '3e24016c63c2ae5a152a068a0440c4a7') in 0.011 seconds [static and dynamic dependencies]. Details - ImportResultOutputID=5a5378cae925cf7932f276ef93122f3f DependenciesID=c8cd8d18329180aa9a1e6b847977cdb0 StaticDependenciesID=2e294c6f834714467f1534e8b183ddac 
Number of updated asset objects reloaded before import = 0
Number of asset objects unloaded after import = 3
========================================================================
Received Import Request.
  Time of request: 2026-09-19T15:00:30.4079595Z
  Time since last request: 0.000476 seconds.
  importAddress: GUID: f6ea7eb320af940f6ade67ef3befef89 - Path: Packages/com.unity.collab-proxy/Editor/Assets/Images/d_iconincomingchangesview.png - Importer: ScriptedImporter/UnityEditor.QuickSearchModule:UnityEditor.Search:ASIAI0B
Importing 'GUID: f6ea7eb320af940f6ade67ef3befef89 - Path: Packages/com.unity.collab-proxy/Editor/Assets/Images/d_iconincomingchangesview.png - Importer: ScriptedImporter/UnityEditor.QuickSearchModule:UnityEditor.Search:ASIAI0B' with importer (ScriptedImporter : UnityEditor.QuickSearchModule:UnityEditor.Search:ASIAI0B)
Imported 'GUID: f6ea7eb320af940f6ade67ef3befef89' -> (Import Result ID: '13ccc572f01c33df7406121304eee3e4') in 0.009 seconds [static and dynamic dependencies]. Details - ImportResultOutputID=3bea64beead2dc2e6616c95c7febea57 DependenciesID=e339a5218be79dacd9465cb399ad5b53 StaticDependenciesID=9fa21772aaa8d7dfb5342cec165caa65 
Number of updated asset objects reloaded before import = 0
Number of asset objects unloaded after import = 3
========================================================================
Received Import Request.
  Time of request: 2026-09-19T15:00:30.4339577Z
  Time since last request: 0.0007424 seconds.
  importAddress: GUID: 881798b77426a8f47b533dcc4767e9e5 - Path: Packages/com.unity.collab-proxy/Editor/Assets/Images/d_iconconflicted.png - Importer: ScriptedImporter/UnityEditor.QuickSearchModule:UnityEditor.Search:ASIAI0B
Importing 'GUID: 881798b77426a8f47b533dcc4767e9e5 - Path: Packages/com.unity.collab-proxy/Editor/Assets/Images/d_iconconflicted.png - Importer: ScriptedImporter/UnityEditor.QuickSearchModule:UnityEditor.Search:ASIAI0B' with importer (ScriptedImporter : UnityEditor.QuickSearchModule:UnityEditor.Search:ASIAI0B)
Imported 'GUID: 881798b77426a8f47b533dcc4767e9e5' -> (Import Result ID: 'ab0124ad16926e8e3b291a1b272a6bea') in 0.009 seconds [static and dynamic dependencies]. Details - ImportResultOutputID=e507391b0a6492af2efe6dae682d184b DependenciesID=3627234db4de10c444eabcabd0cd3dcf StaticDependenciesID=3cd43942be538fffa41f5bcb161538d4 
Number of updated asset objects reloaded before import = 0
Number of asset objects unloaded after import = 1
========================================================================
Received Import Request.
  Time of request: 2026-09-19T15:00:30.4562099Z
  Time since last request: 0.0006238 seconds.
  importAddress: GUID: 079f562959995344baea4cd40a9ecea6 - Path: Packages/com.unity.collab-proxy/Editor/Assets/Images/d_iconignoredoverlay@2x.png - Importer: ScriptedImporter/UnityEditor.QuickSearchModule:UnityEditor.Search:ASIAI0B
Importing 'GUID: 079f562959995344baea4cd40a9ecea6 - Path: Packages/com.unity.collab-proxy/Editor/Assets/Images/d_iconignoredoverlay@2x.png - Importer: ScriptedImporter/UnityEditor.QuickSearchModule:UnityEditor.Search:ASIAI0B' with importer (ScriptedImporter : UnityEditor.QuickSearchModule:UnityEditor.Search:ASIAI0B)
Imported 'GUID: 079f562959995344baea4cd40a9ecea6' -> (Import Result ID: '547c6b0f79407134c9e5c7fffc8895d8') in 0.011 seconds [static and dynamic dependencies]. Details - ImportResultOutputID=cc95ddd2e0723e8ca54d212f88751f55 DependenciesID=2c73e9ced970668bfeec86329cba23de StaticDependenciesID=38c1ca960751de92a33cc5fc1140d5f0 
Number of updated asset objects reloaded before import = 0
Number of asset objects unloaded after import = 3
========================================================================
Received Import Request.
  Time of request: 2026-09-19T15:00:30.4839357Z
  Time since last request: 0.0005167 seconds.
  importAddress: GUID: 73d124bf77e463c45942d14136745d9f - Path: Packages/com.unity.collab-proxy/Editor/Assets/Images/d_iconaddedoverlay.png - Importer: ScriptedImporter/UnityEditor.QuickSearchModule:UnityEditor.Search:ASIAI0B
Importing 'GUID: 73d124bf77e463c45942d14136745d9f - Path: Packages/com.unity.collab-proxy/Editor/Assets/Images/d_iconaddedoverlay.png - Importer: ScriptedImporter/UnityEditor.QuickSearchModule:UnityEditor.Search:ASIAI0B' with importer (ScriptedImporter : UnityEditor.QuickSearchModule:UnityEditor.Search:ASIAI0B)
Imported 'GUID: 73d124bf77e463c45942d14136745d9f' -> (Import Result ID: '042cbf11e798267ed8d4c94fe1f5d009') in 0.008 seconds [static and dynamic dependencies]. Details - ImportResultOutputID=36268deab109848de47ea09acc5c26bc DependenciesID=98699097312cd706dd9db599079415cf StaticDependenciesID=8e12d4bc770041efee5683b23152d32f 
Number of updated asset objects reloaded before import = 0
Number of asset objects unloaded after import = 1
========================================================================
Received Import Request.
  Time of request: 2026-09-19T15:00:30.5087023Z
  Time since last request: 0.0006656 seconds.
  importAddress: GUID: 428f6dbb540e04806b5f7de85468b51a - Path: Packages/com.unity.collab-proxy/Editor/Assets/Images/d_icondiff@2x.png - Importer: ScriptedImporter/UnityEditor.QuickSearchModule:UnityEditor.Search:ASIAI0B
Importing 'GUID: 428f6dbb540e04806b5f7de85468b51a - Path: Packages/com.unity.collab-proxy/Editor/Assets/Images/d_icondiff@2x.png - Importer: ScriptedImporter/UnityEditor.QuickSearchModule:UnityEditor.Search:ASIAI0B' with importer (ScriptedImporter : UnityEditor.QuickSearchModule:UnityEditor.Search:ASIAI0B)
Imported 'GUID: 428f6dbb540e04806b5f7de85468b51a' -> (Import Result ID: '926df56681f3702ba0b87ebf4a766b03') in 0.010 seconds [static and dynamic dependencies]. Details - ImportResultOutputID=49e71f9cda53a12295cefa0bdfc3070e DependenciesID=773d8623209523f8621ead02d1327217 StaticDependenciesID=d3648c3f16f6333f2be19284b60b8fc1 
Number of updated asset objects reloaded before import = 0
Number of asset objects unloaded after import = 3
========================================================================
Received Import Request.
  Time of request: 2026-09-19T15:00:30.5326655Z
  Time since last request: 0.0004324 seconds.
  importAddress: GUID: a892bcc7ae1871447926b3c44d158763 - Path: Packages/com.unity.collab-proxy/Editor/Assets/Images/d_iconconflictedoverlay.png - Importer: ScriptedImporter/UnityEditor.QuickSearchModule:UnityEditor.Search:ASIAI0B
Importing 'GUID: a892bcc7ae1871447926b3c44d158763 - Path: Packages/com.unity.collab-proxy/Editor/Assets/Images/d_iconconflictedoverlay.png - Importer: ScriptedImporter/UnityEditor.QuickSearchModule:UnityEditor.Search:ASIAI0B' with importer (ScriptedImporter : UnityEditor.QuickSearchModule:UnityEditor.Search:ASIAI0B)
Imported 'GUID: a892bcc7ae1871447926b3c44d158763' -> (Import Result ID: 'c2016fb1a39fdf15cdf3976bf531f5d8') in 0.009 seconds [static and dynamic dependencies]. Details - ImportResultOutputID=5580132f80d453c34ec6cdcfb4fcc8f4 DependenciesID=8a40bf5c9fed5d73bf5887cc7f48dc9e StaticDependenciesID=f1cb909fe3c4a5e72a8a4de58056f637 
Number of updated asset objects reloaded before import = 0
Number of asset objects unloaded after import = 1
========================================================================
Received Import Request.
  Time of request: 2026-09-19T15:00:30.5563463Z
  Time since last request: 0.0004903 seconds.
  importAddress: GUID: 6768dd39d3740af429fb2d88f53390c2 - Path: Packages/com.unity.collab-proxy/Editor/Assets/Images/d_iconignoredoverlay.png - Importer: ScriptedImporter/UnityEditor.QuickSearchModule:UnityEditor.Search:ASIAI0B
Importing 'GUID: 6768dd39d3740af429fb2d88f53390c2 - Path: Packages/com.unity.collab-proxy/Editor/Assets/Images/d_iconignoredoverlay.png - Importer: ScriptedImporter/UnityEditor.QuickSearchModule:UnityEditor.Search:ASIAI0B' with importer (ScriptedImporter : UnityEditor.QuickSearchModule:UnityEditor.Search:ASIAI0B)
Imported 'GUID: 6768dd39d3740af429fb2d88f53390c2' -> (Import Result ID: 'f4d00737c9e89c5e93ef9b90e3a09333') in 0.009 seconds [static and dynamic dependencies]. Details - ImportResultOutputID=b3079a3e233fc59d7be9de0b572cbcb7 DependenciesID=21542a4b27d8cd9e9a5a0404caac91e4 StaticDependenciesID=8a5683198939263bb403ca6a9bae6d66 
Number of updated asset objects reloaded before import = 0
Number of asset objects unloaded after import = 3
========================================================================
Received Import Request.
  Time of request: 2026-09-19T15:00:30.5802349Z
  Time since last request: 0.000488 seconds.
  importAddress: GUID: 0525793900d728a42936791a8a6de63b - Path: Packages/com.unity.collab-proxy/Editor/Assets/Images/d_iconclosebutton@2x.png - Importer: ScriptedImporter/UnityEditor.QuickSearchModule:UnityEditor.Search:ASIAI0B
Importing 'GUID: 0525793900d728a42936791a8a6de63b - Path: Packages/com.unity.collab-proxy/Editor/Assets/Images/d_iconclosebutton@2x.png - Importer: ScriptedImporter/UnityEditor.QuickSearchModule:UnityEditor.Search:ASIAI0B' with importer (ScriptedImporter : UnityEditor.QuickSearchModule:UnityEditor.Search:ASIAI0B)
Imported 'GUID: 0525793900d728a42936791a8a6de63b' -> (Import Result ID: '23bd902b88c54c6cf84e7f263a831d8a') in 0.011 seconds [static and dynamic dependencies]. Details - ImportResultOutputID=0f601e4be564fdb5ed4df45114d97156 DependenciesID=428b7748c345428f4ad5aaaeb2f78cfe StaticDependenciesID=9ddcce343dd91fbd0f589b2bea3d8511 
Number of updated asset objects reloaded before import = 0
Number of asset objects unloaded after import = 1
========================================================================
Received Import Request.
  Time of request: 2026-09-19T15:00:30.6055328Z
  Time since last request: 0.00046 seconds.
  importAddress: GUID: a6fbd5a181bc51e42a61a73fe8d727c8 - Path: Packages/com.unity.collab-proxy/Editor/Assets/Images/d_iconaddedoverlay@2x.png - Importer: ScriptedImporter/UnityEditor.QuickSearchModule:UnityEditor.Search:ASIAI0B
Importing 'GUID: a6fbd5a181bc51e42a61a73fe8d727c8 - Path: Packages/com.unity.collab-proxy/Editor/Assets/Images/d_iconaddedoverlay@2x.png - Importer: ScriptedImporter/UnityEditor.QuickSearchModule:UnityEditor.Search:ASIAI0B' with importer (ScriptedImporter : UnityEditor.QuickSearchModule:UnityEditor.Search:ASIAI0B)
Imported 'GUID: a6fbd5a181bc51e42a61a73fe8d727c8' -> (Import Result ID: '24f5bd579c2c86bb1f36dd4d90263731') in 0.009 seconds [static and dynamic dependencies]. Details - ImportResultOutputID=149c9461deb4f94340161d57ac5d725a DependenciesID=e8eb5983879cb28d5712caa7054f2539 StaticDependenciesID=9ecee6d23c7c98c446d89eaad1fab2e7 
Number of updated asset objects reloaded before import = 0
Number of asset objects unloaded after import = 1
========================================================================
Received Import Request.
  Time of request: 2026-09-19T15:00:30.6308612Z
  Time since last request: 0.0005933 seconds.
  importAddress: GUID: 9c53962885c2c4f449125a979d6ad240 - Path: Assets/Scenes - Importer: PreviewImporter
Importing 'GUID: 9c53962885c2c4f449125a979d6ad240 - Path: Assets/Scenes - Importer: PreviewImporter' with importer (PreviewImporter)
Imported 'GUID: 9c53962885c2c4f449125a979d6ad240' -> (Import Result ID: '5564a76921880800cb70ccb99edc2f9c') in 0.001 seconds [static and dynamic dependencies]. Details - ImportResultOutputID=350f5c5e13b2998d53017bdd858ee510 DependenciesID=fe1394fd63357ffba2a9061d7f302132 StaticDependenciesID=27ddc89e5381effa93e03a4ae8fc50ac 
Number of updated asset objects reloaded before import = 0
Number of asset objects unloaded after import = 0
========================================================================
Received Import Request.
  Time of request: 2026-09-19T15:00:30.6492163Z
  Time since last request: 0.0006083 seconds.
  importAddress: GUID: 9cadde7a0d5f9024ab3f2cd5f6a740d6 - Path: Packages/com.unity.collab-proxy/Editor/Assets/Images/d_iconclosebutton.png - Importer: ScriptedImporter/UnityEditor.QuickSearchModule:UnityEditor.Search:ASIAI0B
Importing 'GUID: 9cadde7a0d5f9024ab3f2cd5f6a740d6 - Path: Packages/com.unity.collab-proxy/Editor/Assets/Images/d_iconclosebutton.png - Importer: ScriptedImporter/UnityEditor.QuickSearchModule:UnityEditor.Search:ASIAI0B' with importer (ScriptedImporter : UnityEditor.QuickSearchModule:UnityEditor.Search:ASIAI0B)
Imported 'GUID: 9cadde7a0d5f9024ab3f2cd5f6a740d6' -> (Import Result ID: '6364b8fa3b7117c02094a9d468082dc8') in 0.009 seconds [static and dynamic dependencies]. Details - ImportResultOutputID=b5e35b2e0ffb78f846fe2c081de582cc DependenciesID=599d7740f136cd622af0b5081726adf1 StaticDependenciesID=a3bb604786119c06b7108dbae9f440ae 
Number of updated asset objects reloaded before import = 0
Number of asset objects unloaded after import = 1
========================================================================
Received Import Request.
  Time of request: 2026-09-19T15:00:30.6758668Z
  Time since last request: 0.0005346 seconds.
  importAddress: GUID: 229e2995d63f84938880b35fec07c4b2 - Path: Packages/com.unity.collab-proxy/Editor/Assets/Images/d_iconlast@2x.png - Importer: ScriptedImporter/UnityEditor.QuickSearchModule:UnityEditor.Search:ASIAI0B
Importing 'GUID: 229e2995d63f84938880b35fec07c4b2 - Path: Packages/com.unity.collab-proxy/Editor/Assets/Images/d_iconlast@2x.png - Importer: ScriptedImporter/UnityEditor.QuickSearchModule:UnityEditor.Search:ASIAI0B' with importer (ScriptedImporter : UnityEditor.QuickSearchModule:UnityEditor.Search:ASIAI0B)
Imported 'GUID: 229e2995d63f84938880b35fec07c4b2' -> (Import Result ID: 'fd6275328332822c6740ec1d05617fd3') in 0.012 seconds [static and dynamic dependencies]. Details - ImportResultOutputID=c7afc6cdd8208c6db2e4cdc03286b700 DependenciesID=716a4955f4f6bb5033913beebe3e1cbf StaticDependenciesID=3ea30e56a9b6d2ffc223f8464665131c 
Number of updated asset objects reloaded before import = 0
Number of asset objects unloaded after import = 3
========================================================================
Received Import Request.
  Time of request: 2026-09-19T15:00:30.7131784Z
  Time since last request: 0.0088116 seconds.
  importAddress: GUID: eb56188e070e442c4b93b8856b5c1ab0 - Path: Packages/com.unity.collab-proxy/Editor/Assets/Images/d_iconprivateoverlay@2x.png - Importer: ScriptedImporter/UnityEditor.QuickSearchModule:UnityEditor.Search:ASIAI0B
Importing 'GUID: eb56188e070e442c4b93b8856b5c1ab0 - Path: Packages/com.unity.collab-proxy/Editor/Assets/Images/d_iconprivateoverlay@2x.png - Importer: ScriptedImporter/UnityEditor.QuickSearchModule:UnityEditor.Search:ASIAI0B' with importer (ScriptedImporter : UnityEditor.QuickSearchModule:UnityEditor.Search:ASIAI0B)
Imported 'GUID: eb56188e070e442c4b93b8856b5c1ab0' -> (Import Result ID: '7949b2505b12e51507b53878bdb9257b') in 0.011 seconds [static and dynamic dependencies]. Details - ImportResultOutputID=5bfcd18e00f35a4f42a454928fd04eda DependenciesID=4b04c096842aa68c83d907a46c369f3a StaticDependenciesID=87768e9272512afb2e476fc4fa3907a3 
Number of updated asset objects reloaded before import = 0
Number of asset objects unloaded after import = 3
========================================================================
Received Import Request.
  Time of request: 2026-09-19T15:00:30.7403355Z
  Time since last request: 0.0005598 seconds.
  importAddress: GUID: e64bde76852ee8247b40b50ef8880632 - Path: Packages/com.unity.collab-proxy/Editor/Assets/Images/d_iconplasticnotifypendingchanges.png - Importer: ScriptedImporter/UnityEditor.QuickSearchModule:UnityEditor.Search:ASIAI0B
Importing 'GUID: e64bde76852ee8247b40b50ef8880632 - Path: Packages/com.unity.collab-proxy/Editor/Assets/Images/d_iconplasticnotifypendingchanges.png - Importer: ScriptedImporter/UnityEditor.QuickSearchModule:UnityEditor.Search:ASIAI0B' with importer (ScriptedImporter : UnityEditor.QuickSearchModule:UnityEditor.Search:ASIAI0B)
Imported 'GUID: e64bde76852ee8247b40b50ef8880632' -> (Import Result ID: '98c68523393618ca915951b89ea5b886') in 0.009 seconds [static and dynamic dependencies]. Details - ImportResultOutputID=5be74cc9f119dca8518a27fdf824ce9c DependenciesID=b76c0021da87a1b7269de5aea31699a0 StaticDependenciesID=b6b5b21c4cb126bf1f9bb570257f4cfc 
Number of updated asset objects reloaded before import = 0
Number of asset objects unloaded after import = 3
========================================================================
Received Import Request.
  Time of request: 2026-09-19T15:00:30.7647964Z
  Time since last request: 0.0005287 seconds.
  importAddress: GUID: 39ea418026f63417da6b3e259222f850 - Path: Packages/com.unity.collab-proxy/Editor/Assets/Images/d_iconoriginalsize@2x.png - Importer: ScriptedImporter/UnityEditor.QuickSearchModule:UnityEditor.Search:ASIAI0B
Importing 'GUID: 39ea418026f63417da6b3e259222f850 - Path: Packages/com.unity.collab-proxy/Editor/Assets/Images/d_iconoriginalsize@2x.png - Importer: ScriptedImporter/UnityEditor.QuickSearchModule:UnityEditor.Search:ASIAI0B' with importer (ScriptedImporter : UnityEditor.QuickSearchModule:UnityEditor.Search:ASIAI0B)
Imported 'GUID: 39ea418026f63417da6b3e259222f850' -> (Import Result ID: 'be377a4ca1d0f34124bd6e311258ace3') in 0.009 seconds [static and dynamic dependencies]. Details - ImportResultOutputID=707f7c4061d994703032e090067c3cb0 DependenciesID=ed2e435dea13a28e9ad6f3228e261d5d StaticDependenciesID=c83c6d0d834675669ddd371e475793da 
Number of updated asset objects reloaded before import = 0
Number of asset objects unloaded after import = 3
========================================================================
Received Import Request.
  Time of request: 2026-09-19T15:00:30.7906172Z
  Time since last request: 0.000482 seconds.
  importAddress: GUID: 4a4dfcc81b0e1214fbbd0003c8ab4070 - Path: Packages/com.unity.collab-proxy/Editor/Assets/Images/d_iconrepository.png - Importer: ScriptedImporter/UnityEditor.QuickSearchModule:UnityEditor.Search:ASIAI0B
Importing 'GUID: 4a4dfcc81b0e1214fbbd0003c8ab4070 - Path: Packages/com.unity.collab-proxy/Editor/Assets/Images/d_iconrepository.png - Importer: ScriptedImporter/UnityEditor.QuickSearchModule:UnityEditor.Search:ASIAI0B' with importer (ScriptedImporter : UnityEditor.QuickSearchModule:UnityEditor.Search:ASIAI0B)
Imported 'GUID: 4a4dfcc81b0e1214fbbd0003c8ab4070' -> (Import Result ID: '664cd8e1d8142080f30459372884ceed') in 0.008 seconds [static and dynamic dependencies]. Details - ImportResultOutputID=7580b8b7dba803b3066ef5b990594a78 DependenciesID=6dc1e7a94641adff381f00554a2466f0 StaticDependenciesID=499f98ff96e7282a7afab4d28bdf22b4 
Number of updated asset objects reloaded before import = 0
Number of asset objects unloaded after import = 3
========================================================================
Received Import Request.
  Time of request: 2026-09-19T15:00:30.81553Z
  Time since last request: 0.0005411 seconds.
  importAddress: GUID: 691dc543ff5b9ca44bf846657ba04161 - Path: Packages/com.unity.collab-proxy/Editor/Assets/Images/d_iconundo.png - Importer: ScriptedImporter/UnityEditor.QuickSearchModule:UnityEditor.Search:ASIAI0B
Importing 'GUID: 691dc543ff5b9ca44bf846657ba04161 - Path: Packages/com.unity.collab-proxy/Editor/Assets/Images/d_iconundo.png - Importer: ScriptedImporter/UnityEditor.QuickSearchModule:UnityEditor.Search:ASIAI0B' with importer (ScriptedImporter : UnityEditor.QuickSearchModule:UnityEditor.Search:ASIAI0B)
Imported 'GUID: 691dc543ff5b9ca44bf846657ba04161' -> (Import Result ID: 'fe7c4a006aced817a84482fb1cc84a38') in 0.008 seconds [static and dynamic dependencies]. Details - ImportResultOutputID=1ba008c45141b6ce1c968b4866fad0d3 DependenciesID=2340e710cd87d632fa6c1208be80b855 StaticDependenciesID=22eaa0de0d7f029c1266083994f03b25 
Number of updated asset objects reloaded before import = 0
Number of asset objects unloaded after import = 1
========================================================================
Received Import Request.
  Time of request: 2026-09-19T15:00:30.8384052Z
  Time since last request: 0.0006254 seconds.
  importAddress: GUID: 6d6088174bb906b49ad8428526ee337b - Path: Packages/com.unity.collab-proxy/Editor/Assets/Images/d_iconundo@2x.png - Importer: ScriptedImporter/UnityEditor.QuickSearchModule:UnityEditor.Search:ASIAI0B
Importing 'GUID: 6d6088174bb906b49ad8428526ee337b - Path: Packages/com.unity.collab-proxy/Editor/Assets/Images/d_iconundo@2x.png - Importer: ScriptedImporter/UnityEditor.QuickSearchModule:UnityEditor.Search:ASIAI0B' with importer (ScriptedImporter : UnityEditor.QuickSearchModule:UnityEditor.Search:ASIAI0B)
Imported 'GUID: 6d6088174bb906b49ad8428526ee337b' -> (Import Result ID: '2866d65734fd264fccd08cbab8da102d') in 0.010 seconds [static and dynamic dependencies]. Details - ImportResultOutputID=5207811d7055ae06427aa056f04ebf60 DependenciesID=4df5dd0464e804ee2aa8e1043ec28dc6 StaticDependenciesID=11cbdeb2fac10b66dd400472d4c00f0c 
Number of updated asset objects reloaded before import = 0
Number of asset objects unloaded after import = 1
========================================================================
Received Import Request.
  Time of request: 2026-09-19T15:00:30.8641911Z
  Time since last request: 0.0006082 seconds.
  importAddress: GUID: 3cf3224ba1fae41148f493488b5ac83e - Path: Packages/com.unity.collab-proxy/Editor/Assets/Images/d_iconnext@2x.png - Importer: ScriptedImporter/UnityEditor.QuickSearchModule:UnityEditor.Search:ASIAI0B
Importing 'GUID: 3cf3224ba1fae41148f493488b5ac83e - Path: Packages/com.unity.collab-proxy/Editor/Assets/Images/d_iconnext@2x.png - Importer: ScriptedImporter/UnityEditor.QuickSearchModule:UnityEditor.Search:ASIAI0B' with importer (ScriptedImporter : UnityEditor.QuickSearchModule:UnityEditor.Search:ASIAI0B)
Imported 'GUID: 3cf3224ba1fae41148f493488b5ac83e' -> (Import Result ID: 'a64a870ed46f6a60062c2f2b81bc2ebe') in 0.010 seconds [static and dynamic dependencies]. Details - ImportResultOutputID=73799d46c71fff28b1fc8cefbdf82ab8 DependenciesID=7a6be4fd29485e43fb4eaf7e2a0191b2 StaticDependenciesID=9a0a139a98556c86763523972d26f465 
Number of updated asset objects reloaded before import = 0
Number of asset objects unloaded after import = 3
========================================================================
Received Import Request.
  Time of request: 2026-09-19T15:00:30.8919397Z
  Time since last request: 0.0006789 seconds.
  importAddress: GUID: 73d87bc3a27171144985c68fbbd54380 - Path: Packages/com.unity.collab-proxy/Editor/Assets/Images/d_iconzoomin@2x.png - Importer: ScriptedImporter/UnityEditor.QuickSearchModule:UnityEditor.Search:ASIAI0B
Importing 'GUID: 73d87bc3a27171144985c68fbbd54380 - Path: Packages/com.unity.collab-proxy/Editor/Assets/Images/d_iconzoomin@2x.png - Importer: ScriptedImporter/UnityEditor.QuickSearchModule:UnityEditor.Search:ASIAI0B' with importer (ScriptedImporter : UnityEditor.QuickSearchModule:UnityEditor.Search:ASIAI0B)
Imported 'GUID: 73d87bc3a27171144985c68fbbd54380' -> (Import Result ID: '4b2fde0800cb463f3fdee8183c32e6f0') in 0.012 seconds [static and dynamic dependencies]. Details - ImportResultOutputID=28bd4361d5a9f26f2d9e54d4e7d48977 DependenciesID=7f5fb2015a4fed3028c311585ef97470 StaticDependenciesID=23cef1f5f8d61035fb9e566f7742c899 
Number of updated asset objects reloaded before import = 0
Number of asset objects unloaded after import = 3
========================================================================
Received Import Request.
  Time of request: 2026-09-19T15:00:30.9213031Z
  Time since last request: 0.0005002 seconds.
  importAddress: GUID: 292bae633fda01e41b8847fad37495c2 - Path: Packages/com.unity.collab-proxy/Editor/Assets/Images/d_iconshelve.png - Importer: ScriptedImporter/UnityEditor.QuickSearchModule:UnityEditor.Search:ASIAI0B
Importing 'GUID: 292bae633fda01e41b8847fad37495c2 - Path: Packages/com.unity.collab-proxy/Editor/Assets/Images/d_iconshelve.png - Importer: ScriptedImporter/UnityEditor.QuickSearchModule:UnityEditor.Search:ASIAI0B' with importer (ScriptedImporter : UnityEditor.QuickSearchModule:UnityEditor.Search:ASIAI0B)
Imported 'GUID: 292bae633fda01e41b8847fad37495c2' -> (Import Result ID: '0bbe60304a27fcabdc5985bac96245ad') in 0.010 seconds [static and dynamic dependencies]. Details - ImportResultOutputID=06350aca88511590653920501410ac33 DependenciesID=b5651e2c5e75f17e54526e82ecd365d1 StaticDependenciesID=64e73f05fccf3c03695478f15a8fdfa8 
Number of updated asset objects reloaded before import = 0
Number of asset objects unloaded after import = 3
========================================================================
Received Import Request.
  Time of request: 2026-09-19T15:00:30.9498225Z
  Time since last request: 0.0008411 seconds.
  importAddress: GUID: 19b06b801c204604290761788cf6e125 - Path: Packages/com.unity.collab-proxy/Editor/Assets/Images/d_iconpackageupdateavailable@2x.png - Importer: ScriptedImporter/UnityEditor.QuickSearchModule:UnityEditor.Search:ASIAI0B
Importing 'GUID: 19b06b801c204604290761788cf6e125 - Path: Packages/com.unity.collab-proxy/Editor/Assets/Images/d_iconpackageupdateavailable@2x.png - Importer: ScriptedImporter/UnityEditor.QuickSearchModule:UnityEditor.Search:ASIAI0B' with importer (ScriptedImporter : UnityEditor.QuickSearchModule:UnityEditor.Search:ASIAI0B)
Imported 'GUID: 19b06b801c204604290761788cf6e125' -> (Import Result ID: '28c634071498e3d9bf80db7204dcfe67') in 0.012 seconds [static and dynamic dependencies]. Details - ImportResultOutputID=763154ea612cdf706d6aaa359a232638 DependenciesID=ba0bdb45626e47cc3506c9011c518761 StaticDependenciesID=9da55dada4cf19c21f7f63245661decc 
Number of updated asset objects reloaded before import = 0
Number of asset objects unloaded after import = 3
========================================================================
Received Import Request.
  Time of request: 2026-09-19T15:00:30.9809411Z
  Time since last request: 0.0005623 seconds.
  importAddress: GUID: 277242a6729244ec1915c31e00f364a3 - Path: Packages/com.unity.collab-proxy/Editor/Assets/Images/d_iconprev.png - Importer: ScriptedImporter/UnityEditor.QuickSearchModule:UnityEditor.Search:ASIAI0B
Importing 'GUID: 277242a6729244ec1915c31e00f364a3 - Path: Packages/com.unity.collab-proxy/Editor/Assets/Images/d_iconprev.png - Importer: ScriptedImporter/UnityEditor.QuickSearchModule:UnityEditor.Search:ASIAI0B' with importer (ScriptedImporter : UnityEditor.QuickSearchModule:UnityEditor.Search:ASIAI0B)
Imported 'GUID: 277242a6729244ec1915c31e00f364a3' -> (Import Result ID: '44db2e8cd1936220ae84543811448cd8') in 0.011 seconds [static and dynamic dependencies]. Details - ImportResultOutputID=01586726424643c4c4844b62058be92f DependenciesID=44aa4c7a2eac7ed233d600d257b5ece3 StaticDependenciesID=596f057b3070aa4673622234b0ac23bf 
Number of updated asset objects reloaded before import = 0
Number of asset objects unloaded after import = 3
========================================================================
Received Import Request.
  Time of request: 2026-09-19T15:00:31.0108002Z
  Time since last request: 0.0004687 seconds.
  importAddress: GUID: 7ee48c5fba4919649a8a6094cbead669 - Path: Packages/com.unity.collab-proxy/Editor/Assets/Images/d_loading@2x.png - Importer: ScriptedImporter/UnityEditor.QuickSearchModule:UnityEditor.Search:ASIAI0B
Importing 'GUID: 7ee48c5fba4919649a8a6094cbead669 - Path: Packages/com.unity.collab-proxy/Editor/Assets/Images/d_loading@2x.png - Importer: ScriptedImporter/UnityEditor.QuickSearchModule:UnityEditor.Search:ASIAI0B' with importer (ScriptedImporter : UnityEditor.QuickSearchModule:UnityEditor.Search:ASIAI0B)
Imported 'GUID: 7ee48c5fba4919649a8a6094cbead669' -> (Import Result ID: 'ae13f4bf73fe361b246f0c376e6f120b') in 0.016 seconds [static and dynamic dependencies]. Details - ImportResultOutputID=40a1066b3a8ccbd1f284f9dfd76c8dc2 DependenciesID=5457dd6c891e388f318fcc2bdf06b290 StaticDependenciesID=f681bdc2ba80986991aba8e467cfe388 
Number of updated asset objects reloaded before import = 0
Number of asset objects unloaded after import = 1
========================================================================
Received Import Request.
  Time of request: 2026-09-19T15:00:31.0455756Z
  Time since last request: 0.0006757 seconds.
  importAddress: GUID: 9b17bb516dcde4f24a6183d3f09501e4 - Path: Packages/com.unity.collab-proxy/Editor/Assets/Images/d_iconzoomtofit.png - Importer: ScriptedImporter/UnityEditor.QuickSearchModule:UnityEditor.Search:ASIAI0B
Importing 'GUID: 9b17bb516dcde4f24a6183d3f09501e4 - Path: Packages/com.unity.collab-proxy/Editor/Assets/Images/d_iconzoomtofit.png - Importer: ScriptedImporter/UnityEditor.QuickSearchModule:UnityEditor.Search:ASIAI0B' with importer (ScriptedImporter : UnityEditor.QuickSearchModule:UnityEditor.Search:ASIAI0B)
Imported 'GUID: 9b17bb516dcde4f24a6183d3f09501e4' -> (Import Result ID: 'dd33d7ad886470612a87bf8caac4700a') in 0.011 seconds [static and dynamic dependencies]. Details - ImportResultOutputID=078a6ba8f41389084134a1f0b53d9214 DependenciesID=ea877f9ae907e66f09ff81330d2f9fbb StaticDependenciesID=d143314b240e1011494319aeb45a46f2 
Number of updated asset objects reloaded before import = 0
Number of asset objects unloaded after import = 3
========================================================================
Received Import Request.
  Time of request: 2026-09-19T15:00:31.0762323Z
  Time since last request: 0.0005796 seconds.
  importAddress: GUID: c5fc116b3271b5947808130b2212cd60 - Path: Packages/com.unity.collab-proxy/Editor/Assets/Images/d_iconplasticnotifyincoming@2x.png - Importer: ScriptedImporter/UnityEditor.QuickSearchModule:UnityEditor.Search:ASIAI0B
Importing 'GUID: c5fc116b3271b5947808130b2212cd60 - Path: Packages/com.unity.collab-proxy/Editor/Assets/Images/d_iconplasticnotifyincoming@2x.png - Importer: ScriptedImporter/UnityEditor.QuickSearchModule:UnityEditor.Search:ASIAI0B' with importer (ScriptedImporter : UnityEditor.QuickSearchModule:UnityEditor.Search:ASIAI0B)
Imported 'GUID: c5fc116b3271b5947808130b2212cd60' -> (Import Result ID: '3861f0155102e89f7a795f2eed227d48') in 0.010 seconds [static and dynamic dependencies]. Details - ImportResultOutputID=783abc1f905d1af4686db7d43b465e46 DependenciesID=965ec4479f6cf8ebfea63b7527729b62 StaticDependenciesID=48076c9df2b48f9605c1c0272bedb4b1 
Number of updated asset objects reloaded before import = 0
Number of asset objects unloaded after import = 1
========================================================================
Received Import Request.
  Time of request: 2026-09-19T15:00:31.0995571Z
  Time since last request: 0.0005523 seconds.
  importAddress: GUID: 1d3607c28f2ac434d8e003c4934b2a3b - Path: Packages/com.unity.collab-proxy/Editor/Assets/Images/d_RGBAlpha.png - Importer: ScriptedImporter/UnityEditor.QuickSearchModule:UnityEditor.Search:ASIAI0B
Importing 'GUID: 1d3607c28f2ac434d8e003c4934b2a3b - Path: Packages/com.unity.collab-proxy/Editor/Assets/Images/d_RGBAlpha.png - Importer: ScriptedImporter/UnityEditor.QuickSearchModule:UnityEditor.Search:ASIAI0B' with importer (ScriptedImporter : UnityEditor.QuickSearchModule:UnityEditor.Search:ASIAI0B)
Imported 'GUID: 1d3607c28f2ac434d8e003c4934b2a3b' -> (Import Result ID: 'a1cb08b5e3f926d22a8a232ea3fa5a8c') in 0.008 seconds [static and dynamic dependencies]. Details - ImportResultOutputID=f3d1ca164609bf061b3ca5984a7c1be8 DependenciesID=bd421ca29401602ea8242bde33ed93d3 StaticDependenciesID=dd123484efbdf6825650f058e47b54cd 
Number of updated asset objects reloaded before import = 0
Number of asset objects unloaded after import = 3
========================================================================
Received Import Request.
  Time of request: 2026-09-19T15:00:31.1238792Z
  Time since last request: 0.0005337 seconds.
  importAddress: GUID: f82dfc5fc3c5a8f4080a3550427019c8 - Path: Packages/com.unity.collab-proxy/Editor/Assets/Images/d_iconoutofsync@2x.png - Importer: ScriptedImporter/UnityEditor.QuickSearchModule:UnityEditor.Search:ASIAI0B
Importing 'GUID: f82dfc5fc3c5a8f4080a3550427019c8 - Path: Packages/com.unity.collab-proxy/Editor/Assets/Images/d_iconoutofsync@2x.png - Importer: ScriptedImporter/UnityEditor.QuickSearchModule:UnityEditor.Search:ASIAI0B' with importer (ScriptedImporter : UnityEditor.QuickSearchModule:UnityEditor.Search:ASIAI0B)
Imported 'GUID: f82dfc5fc3c5a8f4080a3550427019c8' -> (Import Result ID: '03caf4f10467ad3fe3e6321372b78e06') in 0.008 seconds [static and dynamic dependencies]. Details - ImportResultOutputID=257d1a55b3bb3c44a7b73554160be883 DependenciesID=1b1d8f72a668fd6da0eb4b458fe493ea StaticDependenciesID=24e1dae767cf71f4bece5342c99b734c 
Number of updated asset objects reloaded before import = 0
Number of asset objects unloaded after import = 1
========================================================================
Received Import Request.
  Time of request: 2026-09-19T15:00:31.1501042Z
  Time since last request: 0.0004821 seconds.
  importAddress: GUID: 16e2437bc79d04055b65b968f4eba9c0 - Path: Packages/com.unity.collab-proxy/Editor/Assets/Images/d_iconpendingchangesview@2x.png - Importer: ScriptedImporter/UnityEditor.QuickSearchModule:UnityEditor.Search:ASIAI0B
Importing 'GUID: 16e2437bc79d04055b65b968f4eba9c0 - Path: Packages/com.unity.collab-proxy/Editor/Assets/Images/d_iconpendingchangesview@2x.png - Importer: ScriptedImporter/UnityEditor.QuickSearchModule:UnityEditor.Search:ASIAI0B' with importer (ScriptedImporter : UnityEditor.QuickSearchModule:UnityEditor.Search:ASIAI0B)
Imported 'GUID: 16e2437bc79d04055b65b968f4eba9c0' -> (Import Result ID: '2c5b9ef0cdf863e9865368d2c86d5a94') in 0.011 seconds [static and dynamic dependencies]. Details - ImportResultOutputID=6d0658cb077128e9bca6c058cd96cf5e DependenciesID=a02c20860fa76f3a7b250c142f8fdf40 StaticDependenciesID=0f64677e272b0915e934cf6cc316ccd8 
Number of updated asset objects reloaded before import = 0
Number of asset objects unloaded after import = 3
========================================================================
Received Import Request.
  Time of request: 2026-09-19T15:00:31.1793254Z
  Time since last request: 0.0007062 seconds.
  importAddress: GUID: 4d7e6e570e9d65a4c9a994783a0652e2 - Path: Packages/com.unity.collab-proxy/Editor/Assets/Images/d_iconoutofsyncoverlay@2x.png - Importer: ScriptedImporter/UnityEditor.QuickSearchModule:UnityEditor.Search:ASIAI0B
Importing 'GUID: 4d7e6e570e9d65a4c9a994783a0652e2 - Path: Packages/com.unity.collab-proxy/Editor/Assets/Images/d_iconoutofsyncoverlay@2x.png - Importer: ScriptedImporter/UnityEditor.QuickSearchModule:UnityEditor.Search:ASIAI0B' with importer (ScriptedImporter : UnityEditor.QuickSearchModule:UnityEditor.Search:ASIAI0B)
Imported 'GUID: 4d7e6e570e9d65a4c9a994783a0652e2' -> (Import Result ID: '5e4db18eefa0661e696a012958e8f7ab') in 0.012 seconds [static and dynamic dependencies]. Details - ImportResultOutputID=74a78412087a0bcd7fcc3d68393971dc DependenciesID=cd3fae3af8bb4b91cd24f2bf1227e808 StaticDependenciesID=968f524bcead7f5a0f41c985162a5ec8 
Number of updated asset objects reloaded before import = 0
Number of asset objects unloaded after import = 1
========================================================================
Received Import Request.
  Time of request: 2026-09-19T15:00:31.2084804Z
  Time since last request: 0.0006521 seconds.
  importAddress: GUID: 602b72d4617c3694aa94419fc1b68e04 - Path: Packages/com.unity.collab-proxy/Editor/Assets/Images/d_refresh@2x.png - Importer: ScriptedImporter/UnityEditor.QuickSearchModule:UnityEditor.Search:ASIAI0B
Importing 'GUID: 602b72d4617c3694aa94419fc1b68e04 - Path: Packages/com.unity.collab-proxy/Editor/Assets/Images/d_refresh@2x.png - Importer: ScriptedImporter/UnityEditor.QuickSearchModule:UnityEditor.Search:ASIAI0B' with importer (ScriptedImporter : UnityEditor.QuickSearchModule:UnityEditor.Search:ASIAI0B)
Imported 'GUID: 602b72d4617c3694aa94419fc1b68e04' -> (Import Result ID: 'bc356f217f7a37d733b868de9f9f66e2') in 0.007 seconds [static and dynamic dependencies]. Details - ImportResultOutputID=c198e55d213fe23ead26b2c81605781f DependenciesID=8c5c965e5e832511b618298df35f3e48 StaticDependenciesID=775ae6454902dc7b6899a23885545ab7 
Number of updated asset objects reloaded before import = 0
Number of asset objects unloaded after import = 1
========================================================================
Received Import Request.
  Time of request: 2026-09-19T15:00:31.2325589Z
  Time since last request: 0.0006618 seconds.
  importAddress: GUID: f0c047e73e3b41341822a9e31da81877 - Path: Packages/com.unity.collab-proxy/Editor/Assets/Images/d_iconplasticnotifypendingchanges@2x.png - Importer: ScriptedImporter/UnityEditor.QuickSearchModule:UnityEditor.Search:ASIAI0B
Importing 'GUID: f0c047e73e3b41341822a9e31da81877 - Path: Packages/com.unity.collab-proxy/Editor/Assets/Images/d_iconplasticnotifypendingchanges@2x.png - Importer: ScriptedImporter/UnityEditor.QuickSearchModule:UnityEditor.Search:ASIAI0B' with importer (ScriptedImporter : UnityEditor.QuickSearchModule:UnityEditor.Search:ASIAI0B)
Imported 'GUID: f0c047e73e3b41341822a9e31da81877' -> (Import Result ID: 'f55f7d248b3a1971c2ec8173755f57b3') in 0.010 seconds [static and dynamic dependencies]. Details - ImportResultOutputID=1e9addb933d05d5782eea1ea592d90c2 DependenciesID=6a987f255d29d5f46c49580a1ab93e63 StaticDependenciesID=83b390e1db04f2b2fa87e55b246c5993 
Number of updated asset objects reloaded before import = 0
Number of asset objects unloaded after import = 3
========================================================================
Received Import Request.
  Time of request: 2026-09-19T15:00:31.2586332Z
  Time since last request: 0.0005542 seconds.
  importAddress: GUID: d58e94bfb1bac774dbb8ca9c2597ef2e - Path: Packages/com.unity.collab-proxy/Editor/Assets/Images/d_loading.png - Importer: ScriptedImporter/UnityEditor.QuickSearchModule:UnityEditor.Search:ASIAI0B
Importing 'GUID: d58e94bfb1bac774dbb8ca9c2597ef2e - Path: Packages/com.unity.collab-proxy/Editor/Assets/Images/d_loading.png - Importer: ScriptedImporter/UnityEditor.QuickSearchModule:UnityEditor.Search:ASIAI0B' with importer (ScriptedImporter : UnityEditor.QuickSearchModule:UnityEditor.Search:ASIAI0B)
Imported 'GUID: d58e94bfb1bac774dbb8ca9c2597ef2e' -> (Import Result ID: 'f8e1cc9dc3bdfd47a181de62b533e326') in 0.009 seconds [static and dynamic dependencies]. Details - ImportResultOutputID=81cd3109e270c39bc06a0bee27df383a DependenciesID=cd80460c20869bf0fe174bd70da6d434 StaticDependenciesID=b4825ca30f7a463a66f78991d7ab99eb 
Number of updated asset objects reloaded before import = 0
Number of asset objects unloaded after import = 1
========================================================================
Received Import Request.
  Time of request: 2026-09-19T15:00:31.2838121Z
  Time since last request: 0.0006824 seconds.
  importAddress: GUID: 5bc0112babc1a49bdbd1f6e5d9c13c7b - Path: Packages/com.unity.collab-proxy/Editor/Assets/Images/d_iconmergeview@2x.png - Importer: ScriptedImporter/UnityEditor.QuickSearchModule:UnityEditor.Search:ASIAI0B
Importing 'GUID: 5bc0112babc1a49bdbd1f6e5d9c13c7b - Path: Packages/com.unity.collab-proxy/Editor/Assets/Images/d_iconmergeview@2x.png - Importer: ScriptedImporter/UnityEditor.QuickSearchModule:UnityEditor.Search:ASIAI0B' with importer (ScriptedImporter : UnityEditor.QuickSearchModule:UnityEditor.Search:ASIAI0B)
Imported 'GUID: 5bc0112babc1a49bdbd1f6e5d9c13c7b' -> (Import Result ID: '313ae4d55f0f7f17c7e083e0ba3c5230') in 0.011 seconds [static and dynamic dependencies]. Details - ImportResultOutputID=7d9dc29f981ff9d9d6e031bc1be11cca DependenciesID=7036d215cdb0c6ccd047fbbdbf256b09 StaticDependenciesID=d06a6ebb1bda9c56c4ad2b37a83c5862 
Number of updated asset objects reloaded before import = 0
Number of asset objects unloaded after import = 3
========================================================================
Received Import Request.
  Time of request: 2026-09-19T15:00:31.3118881Z
  Time since last request: 0.0005311 seconds.
  importAddress: GUID: 2bb4e96f5d0b02c468932d665a015c54 - Path: Packages/com.unity.collab-proxy/Editor/Assets/Images/d_iconlockedremoteoverlay@2x.png - Importer: ScriptedImporter/UnityEditor.QuickSearchModule:UnityEditor.Search:ASIAI0B
Importing 'GUID: 2bb4e96f5d0b02c468932d665a015c54 - Path: Packages/com.unity.collab-proxy/Editor/Assets/Images/d_iconlockedremoteoverlay@2x.png - Importer: ScriptedImporter/UnityEditor.QuickSearchModule:UnityEditor.Search:ASIAI0B' with importer (ScriptedImporter : UnityEditor.QuickSearchModule:UnityEditor.Search:ASIAI0B)
Imported 'GUID: 2bb4e96f5d0b02c468932d665a015c54' -> (Import Result ID: '5bcddc88b41852639ee0cf448596b9dd') in 0.009 seconds [static and dynamic dependencies]. Details - ImportResultOutputID=74444da28eda0747bdd8ced7d5584169 DependenciesID=8dc3a7d18979d8015d2bc8b69a561705 StaticDependenciesID=95872d567fc11e570ba6f2aeef317a7c 
Number of updated asset objects reloaded before import = 0
Number of asset objects unloaded after import = 1
========================================================================
Received Import Request.
  Time of request: 2026-09-19T15:00:31.3344311Z
  Time since last request: 0.0005245 seconds.
  importAddress: GUID: aa56ed15cc1254489866c414e4d3c7ba - Path: Packages/com.unity.collab-proxy/Editor/Assets/Images/d_iconmovedoverlay.png - Importer: ScriptedImporter/UnityEditor.QuickSearchModule:UnityEditor.Search:ASIAI0B
Importing 'GUID: aa56ed15cc1254489866c414e4d3c7ba - Path: Packages/com.unity.collab-proxy/Editor/Assets/Images/d_iconmovedoverlay.png - Importer: ScriptedImporter/UnityEditor.QuickSearchModule:UnityEditor.Search:ASIAI0B' with importer (ScriptedImporter : UnityEditor.QuickSearchModule:UnityEditor.Search:ASIAI0B)
Imported 'GUID: aa56ed15cc1254489866c414e4d3c7ba' -> (Import Result ID: 'b05eba06d46cb1444227a9ad0d62c922') in 0.013 seconds [static and dynamic dependencies]. Details - ImportResultOutputID=fced9fb03fbc9577dfe879eaa8d5f98c DependenciesID=4c6074836c0efbb7b78515652a99349e StaticDependenciesID=cbbf6a24f43515ed85d02082e85cbcc8 
Number of updated asset objects reloaded before import = 0
Number of asset objects unloaded after import = 3
========================================================================
Received Import Request.
  Time of request: 2026-09-19T15:00:31.3643981Z
  Time since last request: 0.0004041 seconds.
  importAddress: GUID: 7f8cc7cc9d461433f943c59487385f04 - Path: Packages/com.unity.collab-proxy/Editor/Assets/Images/d_RGBAGreen.png - Importer: ScriptedImporter/UnityEditor.QuickSearchModule:UnityEditor.Search:ASIAI0B
Importing 'GUID: 7f8cc7cc9d461433f943c59487385f04 - Path: Packages/com.unity.collab-proxy/Editor/Assets/Images/d_RGBAGreen.png - Importer: ScriptedImporter/UnityEditor.QuickSearchModule:UnityEditor.Search:ASIAI0B' with importer (ScriptedImporter : UnityEditor.QuickSearchModule:UnityEditor.Search:ASIAI0B)
Imported 'GUID: 7f8cc7cc9d461433f943c59487385f04' -> (Import Result ID: 'b982dd9111abc2fe453ed86469ac69b6') in 0.011 seconds [static and dynamic dependencies]. Details - ImportResultOutputID=970bd0b4fc3c68478d4b1a3eb79c7468 DependenciesID=0fb789b48fefc6149ce72eeab42dcf8b StaticDependenciesID=15e2f379cbeb58d36cad3f9c38bfce50 
Number of updated asset objects reloaded before import = 0
Number of asset objects unloaded after import = 3
========================================================================
Received Import Request.
  Time of request: 2026-09-19T15:00:31.3924325Z
  Time since last request: 0.0005063 seconds.
  importAddress: GUID: 02102e2fc09aa45bf8be0a509170d07f - Path: Packages/com.unity.collab-proxy/Editor/Assets/Images/d_RGBAlpha@2x.png - Importer: ScriptedImporter/UnityEditor.QuickSearchModule:UnityEditor.Search:ASIAI0B
Importing 'GUID: 02102e2fc09aa45bf8be0a509170d07f - Path: Packages/com.unity.collab-proxy/Editor/Assets/Images/d_RGBAlpha@2x.png - Importer: ScriptedImporter/UnityEditor.QuickSearchModule:UnityEditor.Search:ASIAI0B' with importer (ScriptedImporter : UnityEditor.QuickSearchModule:UnityEditor.Search:ASIAI0B)
Imported 'GUID: 02102e2fc09aa45bf8be0a509170d07f' -> (Import Result ID: '73a564885bb3fa1c2048616061e67d53') in 0.008 seconds [static and dynamic dependencies]. Details - ImportResultOutputID=5e68503095ca4f473460d5e9e656289e DependenciesID=087a60ab4ccde4cb48f11f5434838d7b StaticDependenciesID=30155c42f075889cfb421cc83b685cb2 
Number of updated asset objects reloaded before import = 0
Number of asset objects unloaded after import = 3
========================================================================
Received Import Request.
  Time of request: 2026-09-19T15:00:31.4171249Z
  Time since last request: 0.0004698 seconds.
  importAddress: GUID: bcc1ec3ffeb1c46f7abd19daa3e05f49 - Path: Packages/com.unity.collab-proxy/Editor/Assets/Images/d_inclusionrule@2x.png - Importer: ScriptedImporter/UnityEditor.QuickSearchModule:UnityEditor.Search:ASIAI0B
Importing 'GUID: bcc1ec3ffeb1c46f7abd19daa3e05f49 - Path: Packages/com.unity.collab-proxy/Editor/Assets/Images/d_inclusionrule@2x.png - Importer: ScriptedImporter/UnityEditor.QuickSearchModule:UnityEditor.Search:ASIAI0B' with importer (ScriptedImporter : UnityEditor.QuickSearchModule:UnityEditor.Search:ASIAI0B)
Imported 'GUID: bcc1ec3ffeb1c46f7abd19daa3e05f49' -> (Import Result ID: 'd64f721c5e2259351a4c401e1ac2645b') in 0.009 seconds [static and dynamic dependencies]. Details - ImportResultOutputID=32d6db5f41aaadaf613b1b753c98ec5b DependenciesID=020ea6261946dead848519a62ef66e7d StaticDependenciesID=fe6926c6fcfc65f1c56167846a10d16c 
Number of updated asset objects reloaded before import = 0
Number of asset objects unloaded after import = 3
========================================================================
Received Import Request.
  Time of request: 2026-09-19T15:00:31.4407939Z
  Time since last request: 0.0004719 seconds.
  importAddress: GUID: 92b8c447daf4d4b41a0ec148d1091261 - Path: Packages/com.unity.collab-proxy/Editor/Assets/Images/d_refresh.png - Importer: ScriptedImporter/UnityEditor.QuickSearchModule:UnityEditor.Search:ASIAI0B
Importing 'GUID: 92b8c447daf4d4b41a0ec148d1091261 - Path: Packages/com.unity.collab-proxy/Editor/Assets/Images/d_refresh.png - Importer: ScriptedImporter/UnityEditor.QuickSearchModule:UnityEditor.Search:ASIAI0B' with importer (ScriptedImporter : UnityEditor.QuickSearchModule:UnityEditor.Search:ASIAI0B)
Imported 'GUID: 92b8c447daf4d4b41a0ec148d1091261' -> (Import Result ID: '10ef1a6e4fe29650283a0da4b6eb29e8') in 0.008 seconds [static and dynamic dependencies]. Details - ImportResultOutputID=89626a742287dbfb1fadcf57f4d79118 DependenciesID=9a8d673b5981d7b34cc51134c99456d5 StaticDependenciesID=eaec3754c57d8e09f6fdd51d7af0623e 
Number of updated asset objects reloaded before import = 0
Number of asset objects unloaded after import = 1
========================================================================
Received Import Request.
  Time of request: 2026-09-19T15:00:31.4657695Z
  Time since last request: 0.0006743 seconds.
  importAddress: GUID: 519d97e745e55f041b609f3666cbc037 - Path: Packages/com.unity.collab-proxy/Editor/Assets/Images/d_iconplasticview.png - Importer: ScriptedImporter/UnityEditor.QuickSearchModule:UnityEditor.Search:ASIAI0B
Importing 'GUID: 519d97e745e55f041b609f3666cbc037 - Path: Packages/com.unity.collab-proxy/Editor/Assets/Images/d_iconplasticview.png - Importer: ScriptedImporter/UnityEditor.QuickSearchModule:UnityEditor.Search:ASIAI0B' with importer (ScriptedImporter : UnityEditor.QuickSearchModule:UnityEditor.Search:ASIAI0B)
Imported 'GUID: 519d97e745e55f041b609f3666cbc037' -> (Import Result ID: '457d5d8a5be4b8f879dfb5c1166da038') in 0.011 seconds [static and dynamic dependencies]. Details - ImportResultOutputID=4a5c2cd0866c855acd2904f01eef5d6a DependenciesID=92ff31322858ad1000db378099fb1a6a StaticDependenciesID=0538a7be57cede7c7cb23780e79b7613 
Number of updated asset objects reloaded before import = 0
Number of asset objects unloaded after import = 1
========================================================================
Received Import Request.
  Time of request: 2026-09-19T15:00:31.4897711Z
  Time since last request: 0.0004975 seconds.
  importAddress: GUID: dc633de6e6e7415448c7568418239a9d - Path: Packages/com.unity.collab-proxy/Editor/Assets/Images/d_iconoutofsyncoverlay.png - Importer: ScriptedImporter/UnityEditor.QuickSearchModule:UnityEditor.Search:ASIAI0B
Importing 'GUID: dc633de6e6e7415448c7568418239a9d - Path: Packages/com.unity.collab-proxy/Editor/Assets/Images/d_iconoutofsyncoverlay.png - Importer: ScriptedImporter/UnityEditor.QuickSearchModule:UnityEditor.Search:ASIAI0B' with importer (ScriptedImporter : UnityEditor.QuickSearchModule:UnityEditor.Search:ASIAI0B)
Imported 'GUID: dc633de6e6e7415448c7568418239a9d' -> (Import Result ID: '8ffcc06f0468cad83c577dfe54bee649') in 0.007 seconds [static and dynamic dependencies]. Details - ImportResultOutputID=a8b79107aba6372dc436af9117da7095 DependenciesID=ca185ad7632fba997fc6c6b976494d9e StaticDependenciesID=26419644a691a883c166e33bdb37f12f 
Number of updated asset objects reloaded before import = 0
Number of asset objects unloaded after import = 1
========================================================================
Received Import Request.
  Time of request: 2026-09-19T15:00:31.5111407Z
  Time since last request: 0.0005101 seconds.
  importAddress: GUID: 450a5bff12481484c862ad1ab592a858 - Path: Packages/com.unity.collab-proxy/Editor/Assets/Images/d_iconnext.png - Importer: ScriptedImporter/UnityEditor.QuickSearchModule:UnityEditor.Search:ASIAI0B
Importing 'GUID: 450a5bff12481484c862ad1ab592a858 - Path: Packages/com.unity.collab-proxy/Editor/Assets/Images/d_iconnext.png - Importer: ScriptedImporter/UnityEditor.QuickSearchModule:UnityEditor.Search:ASIAI0B' with importer (ScriptedImporter : UnityEditor.QuickSearchModule:UnityEditor.Search:ASIAI0B)
Imported 'GUID: 450a5bff12481484c862ad1ab592a858' -> (Import Result ID: '335ee73c05d59db5328bdf8e3b409fd0') in 0.008 seconds [static and dynamic dependencies]. Details - ImportResultOutputID=88d78fc323386bb94936a68bb6fa4efc DependenciesID=40009484ebba86256112b5386092f2ef StaticDependenciesID=a0e29d57591ee47bdb75f70677f23ca9 
Number of updated asset objects reloaded before import = 0
Number of asset objects unloaded after import = 3
========================================================================
Received Import Request.
  Time of request: 2026-09-19T15:00:31.5335752Z
  Time since last request: 0.0004958 seconds.
  importAddress: GUID: 36564eb85f1bdf2409df96325231cb6c - Path: Packages/com.unity.collab-proxy/Editor/Assets/Images/d_iconrepository@2x.png - Importer: ScriptedImporter/UnityEditor.QuickSearchModule:UnityEditor.Search:ASIAI0B
Importing 'GUID: 36564eb85f1bdf2409df96325231cb6c - Path: Packages/com.unity.collab-proxy/Editor/Assets/Images/d_iconrepository@2x.png - Importer: ScriptedImporter/UnityEditor.QuickSearchModule:UnityEditor.Search:ASIAI0B' with importer (ScriptedImporter : UnityEditor.QuickSearchModule:UnityEditor.Search:ASIAI0B)
Imported 'GUID: 36564eb85f1bdf2409df96325231cb6c' -> (Import Result ID: '1096db8488a0472879d1f1a0d80bd35a') in 0.009 seconds [static and dynamic dependencies]. Details - ImportResultOutputID=4955526ab67205d2f71a152417459724 DependenciesID=0340d6a53bd61563b2d6d029663716c1 StaticDependenciesID=9bb2947d9195720db272981d9bdf2361 
Number of updated asset objects reloaded before import = 0
Number of asset objects unloaded after import = 3
========================================================================
Received Import Request.
  Time of request: 2026-09-19T15:00:31.5581499Z
  Time since last request: 0.0005053 seconds.
  importAddress: GUID: e27bb56b83f03421880673ee2b951102 - Path: Packages/com.unity.collab-proxy/Editor/Assets/Images/d_iconmovedoverlay@2x.png - Importer: ScriptedImporter/UnityEditor.QuickSearchModule:UnityEditor.Search:ASIAI0B
Importing 'GUID: e27bb56b83f03421880673ee2b951102 - Path: Packages/com.unity.collab-proxy/Editor/Assets/Images/d_iconmovedoverlay@2x.png - Importer: ScriptedImporter/UnityEditor.QuickSearchModule:UnityEditor.Search:ASIAI0B' with importer (ScriptedImporter : UnityEditor.QuickSearchModule:UnityEditor.Search:ASIAI0B)
Imported 'GUID: e27bb56b83f03421880673ee2b951102' -> (Import Result ID: '3dac976a5845dc7ac67622c7ab340427') in 0.010 seconds [static and dynamic dependencies]. Details - ImportResultOutputID=52505aebbc800d86904770e1c53db527 DependenciesID=bfa831fbfb5d979e3e96f4d8833612fe StaticDependenciesID=d7eadbf3d51a21f59196874e54a145ca 
Number of updated asset objects reloaded before import = 0
Number of asset objects unloaded after import = 3
========================================================================
Received Import Request.
  Time of request: 2026-09-19T15:00:37.8941156Z
  Time since last request: 6.3039921 seconds.
  importAddress: GUID: 59d17703fae374169bc28ce046728590 - Path: Packages/com.unity.collab-proxy/Editor/Assets/Images/iconchangesets@2x.png - Importer: ScriptedImporter/UnityEditor.QuickSearchModule:UnityEditor.Search:ASIAI0B
Importing 'GUID: 59d17703fae374169bc28ce046728590 - Path: Packages/com.unity.collab-proxy/Editor/Assets/Images/iconchangesets@2x.png - Importer: ScriptedImporter/UnityEditor.QuickSearchModule:UnityEditor.Search:ASIAI0B' with importer (ScriptedImporter : UnityEditor.QuickSearchModule:UnityEditor.Search:ASIAI0B)
Imported 'GUID: 59d17703fae374169bc28ce046728590' -> (Import Result ID: '3d36449b754ed2422d6303d0bac0a5d8') in 0.028 seconds [static and dynamic dependencies]. Details - ImportResultOutputID=0264fbfa5fe14623a775637c88abf53a DependenciesID=69b3488d81c8e1e2a2afae61731ad2a5 StaticDependenciesID=4043010817d11a0b51c33cfa0ece6eea 
Number of updated asset objects reloaded before import = 0
Number of asset objects unloaded after import = 3
========================================================================
Received Import Request.
  Time of request: 2026-09-19T15:00:37.9431952Z
  Time since last request: 0.0011051 seconds.
  importAddress: GUID: 6975ee4c1f40caf4da8dd733ee2cfeaf - Path: Packages/com.unity.collab-proxy/Editor/Assets/Images/d_secondarytabclose.png - Importer: ScriptedImporter/UnityEditor.QuickSearchModule:UnityEditor.Search:ASIAI0B
Importing 'GUID: 6975ee4c1f40caf4da8dd733ee2cfeaf - Path: Packages/com.unity.collab-proxy/Editor/Assets/Images/d_secondarytabclose.png - Importer: ScriptedImporter/UnityEditor.QuickSearchModule:UnityEditor.Search:ASIAI0B' with importer (ScriptedImporter : UnityEditor.QuickSearchModule:UnityEditor.Search:ASIAI0B)
Imported 'GUID: 6975ee4c1f40caf4da8dd733ee2cfeaf' -> (Import Result ID: 'de75ec0d99e5921daac575715f850d82') in 0.010 seconds [static and dynamic dependencies]. Details - ImportResultOutputID=82636b6676a71bf9fd6ecc7cb4f08b30 DependenciesID=dc6a1d18c04967213114c5761042202a StaticDependenciesID=eed67021df3cdd27124618e5e4e23a21 
Number of updated asset objects reloaded before import = 0
Number of asset objects unloaded after import = 1
========================================================================
Received Import Request.
  Time of request: 2026-09-19T15:00:37.9878009Z
  Time since last request: 0.0013068 seconds.
  importAddress: GUID: ead32eef98d0a664fb5b025c4bf013d4 - Path: Packages/com.unity.collab-proxy/Editor/Assets/Images/iconcurrentbranch@2x.png - Importer: ScriptedImporter/UnityEditor.QuickSearchModule:UnityEditor.Search:ASIAI0B
Importing 'GUID: ead32eef98d0a664fb5b025c4bf013d4 - Path: Packages/com.unity.collab-proxy/Editor/Assets/Images/iconcurrentbranch@2x.png - Importer: ScriptedImporter/UnityEditor.QuickSearchModule:UnityEditor.Search:ASIAI0B' with importer (ScriptedImporter : UnityEditor.QuickSearchModule:UnityEditor.Search:ASIAI0B)
Imported 'GUID: ead32eef98d0a664fb5b025c4bf013d4' -> (Import Result ID: 'eee7cfbb3f0bc91c63a041c670cf39c0') in 0.024 seconds [static and dynamic dependencies]. Details - ImportResultOutputID=bc4fba014ce5c9ccc1d98cd9d229e06e DependenciesID=d9d8bb7166885119625d39d874495c26 StaticDependenciesID=66bc1912c553b6338a4158f15233f8b2 
Number of updated asset objects reloaded before import = 0
Number of asset objects unloaded after import = 3
========================================================================
Received Import Request.
  Time of request: 2026-09-19T15:00:38.0363563Z
  Time since last request: 0.0006002 seconds.
  importAddress: GUID: fbfdd7d489e0bd54f946ebc8e19db8bd - Path: Packages/com.unity.collab-proxy/Editor/Assets/Images/hideversioncontrol@2x.png - Importer: ScriptedImporter/UnityEditor.QuickSearchModule:UnityEditor.Search:ASIAI0B
Importing 'GUID: fbfdd7d489e0bd54f946ebc8e19db8bd - Path: Packages/com.unity.collab-proxy/Editor/Assets/Images/hideversioncontrol@2x.png - Importer: ScriptedImporter/UnityEditor.QuickSearchModule:UnityEditor.Search:ASIAI0B' with importer (ScriptedImporter : UnityEditor.QuickSearchModule:UnityEditor.Search:ASIAI0B)
Imported 'GUID: fbfdd7d489e0bd54f946ebc8e19db8bd' -> (Import Result ID: '6450b287bdbd3efd72edb76507bfd166') in 0.011 seconds [static and dynamic dependencies]. Details - ImportResultOutputID=cd2ec6a1c787fa591ab359da42b5a73d DependenciesID=bcfa7028374b30d56c9914b57ea17bbe StaticDependenciesID=231d7b0ef8c057444416aac3320d22dc 
Number of updated asset objects reloaded before import = 0
Number of asset objects unloaded after import = 3
========================================================================
Received Import Request.
  Time of request: 2026-09-19T15:00:38.0659178Z
  Time since last request: 0.0004593 seconds.
  importAddress: GUID: c9ed6d6ea2f9657409bfa068d4846139 - Path: Packages/com.unity.collab-proxy/Editor/Assets/Images/d_step3@2x.png - Importer: ScriptedImporter/UnityEditor.QuickSearchModule:UnityEditor.Search:ASIAI0B
Importing 'GUID: c9ed6d6ea2f9657409bfa068d4846139 - Path: Packages/com.unity.collab-proxy/Editor/Assets/Images/d_step3@2x.png - Importer: ScriptedImporter/UnityEditor.QuickSearchModule:UnityEditor.Search:ASIAI0B' with importer (ScriptedImporter : UnityEditor.QuickSearchModule:UnityEditor.Search:ASIAI0B)
Imported 'GUID: c9ed6d6ea2f9657409bfa068d4846139' -> (Import Result ID: 'db688c19057880e73d8b02ea2ff148d6') in 0.008 seconds [static and dynamic dependencies]. Details - ImportResultOutputID=0a4f5cf982464370c2e674ccebcbff1e DependenciesID=f3b460984c1dfd9853ee5a32dd7d813e StaticDependenciesID=90fedc7044fc1a8ad8709a581ff74b8b 
Number of updated asset objects reloaded before import = 0
Number of asset objects unloaded after import = 1
========================================================================
Received Import Request.
  Time of request: 2026-09-19T15:00:38.0945427Z
  Time since last request: 0.0017425 seconds.
  importAddress: GUID: 3494dc956dfd7174abc07060940a2848 - Path: Packages/com.unity.collab-proxy/Editor/Assets/Images/d_stepok@2x.png - Importer: ScriptedImporter/UnityEditor.QuickSearchModule:UnityEditor.Search:ASIAI0B
Importing 'GUID: 3494dc956dfd7174abc07060940a2848 - Path: Packages/com.unity.collab-proxy/Editor/Assets/Images/d_stepok@2x.png - Importer: ScriptedImporter/UnityEditor.QuickSearchModule:UnityEditor.Search:ASIAI0B' with importer (ScriptedImporter : UnityEditor.QuickSearchModule:UnityEditor.Search:ASIAI0B)
Imported 'GUID: 3494dc956dfd7174abc07060940a2848' -> (Import Result ID: '57e1af362d4844384ee46f8e6802a4a0') in 0.010 seconds [static and dynamic dependencies]. Details - ImportResultOutputID=b804e1db43de41b62d69d7e0589fc183 DependenciesID=6422d884ffd9c2815bafa374e12b4112 StaticDependenciesID=ff43996c0cd64f6909e8b4d0f04de42d 
Number of updated asset objects reloaded before import = 0
Number of asset objects unloaded after import = 1
========================================================================
Received Import Request.
  Time of request: 2026-09-19T15:00:38.1398593Z
  Time since last request: 0.0006323 seconds.
  importAddress: GUID: 0e3e607c04fbd4d4090157ea31abb634 - Path: Packages/com.unity.collab-proxy/Editor/Assets/Images/iconedit@2x.png - Importer: ScriptedImporter/UnityEditor.QuickSearchModule:UnityEditor.Search:ASIAI0B
Importing 'GUID: 0e3e607c04fbd4d4090157ea31abb634 - Path: Packages/com.unity.collab-proxy/Editor/Assets/Images/iconedit@2x.png - Importer: ScriptedImporter/UnityEditor.QuickSearchModule:UnityEditor.Search:ASIAI0B' with importer (ScriptedImporter : UnityEditor.QuickSearchModule:UnityEditor.Search:ASIAI0B)
Imported 'GUID: 0e3e607c04fbd4d4090157ea31abb634' -> (Import Result ID: '970f0e2e2dd65fd4b3dcb341fb8a89a3') in 0.013 seconds [static and dynamic dependencies]. Details - ImportResultOutputID=60b572698ae245ef7741db88e8a5e475 DependenciesID=520b5947951e07e233160551ee8f6b9c StaticDependenciesID=3ae440f5b4093345092e4df6ce3737cf 
Number of updated asset objects reloaded before import = 0
Number of asset objects unloaded after import = 3
========================================================================
Received Import Request.
  Time of request: 2026-09-19T15:00:38.1711347Z
  Time since last request: 0.0008683 seconds.
  importAddress: GUID: efa87fc6a7693ac48844726c5391e3ab - Path: Packages/com.unity.collab-proxy/Editor/Assets/Images/iconadd@2x.png - Importer: ScriptedImporter/UnityEditor.QuickSearchModule:UnityEditor.Search:ASIAI0B
Importing 'GUID: efa87fc6a7693ac48844726c5391e3ab - Path: Packages/com.unity.collab-proxy/Editor/Assets/Images/iconadd@2x.png - Importer: ScriptedImporter/UnityEditor.QuickSearchModule:UnityEditor.Search:ASIAI0B' with importer (ScriptedImporter : UnityEditor.QuickSearchModule:UnityEditor.Search:ASIAI0B)
Imported 'GUID: efa87fc6a7693ac48844726c5391e3ab' -> (Import Result ID: 'efa4087f96b96a82061c192d9861af6d') in 0.015 seconds [static and dynamic dependencies]. Details - ImportResultOutputID=b6552b4f11839a0f90c6db69ff625936 DependenciesID=8b1013c78040f6661222b22f880cc209 StaticDependenciesID=09d18b3e3ffa448b97de376b36389493 
Number of updated asset objects reloaded before import = 0
Number of asset objects unloaded after import = 3
========================================================================
Received Import Request.
  Time of request: 2026-09-19T15:00:38.2042182Z
  Time since last request: 0.0005451 seconds.
  importAddress: GUID: 309b1d5a294fd6c43ae9cf77656c1852 - Path: Packages/com.unity.collab-proxy/Editor/Assets/Images/iconconflictresolvedoverlay@2x.png - Importer: ScriptedImporter/UnityEditor.QuickSearchModule:UnityEditor.Search:ASIAI0B
Importing 'GUID: 309b1d5a294fd6c43ae9cf77656c1852 - Path: Packages/com.unity.collab-proxy/Editor/Assets/Images/iconconflictresolvedoverlay@2x.png - Importer: ScriptedImporter/UnityEditor.QuickSearchModule:UnityEditor.Search:ASIAI0B' with importer (ScriptedImporter : UnityEditor.QuickSearchModule:UnityEditor.Search:ASIAI0B)
Imported 'GUID: 309b1d5a294fd6c43ae9cf77656c1852' -> (Import Result ID: 'edba0849b158690b86dd674c990a9b6d') in 0.013 seconds [static and dynamic dependencies]. Details - ImportResultOutputID=cf2bc9dff7f3493eabe720b203dcda04 DependenciesID=9cbed92c04401c42924621bba83ee38e StaticDependenciesID=b595ba1d321018a63e3ed2885207f4ee 
Number of updated asset objects reloaded before import = 0
Number of asset objects unloaded after import = 1
========================================================================
Received Import Request.
  Time of request: 2026-09-19T15:00:38.2365795Z
  Time since last request: 0.001344 seconds.
  importAddress: GUID: e45389a8a97044d4caf408f252370632 - Path: Packages/com.unity.collab-proxy/Editor/Assets/Images/iconbranches@2x.png - Importer: ScriptedImporter/UnityEditor.QuickSearchModule:UnityEditor.Search:ASIAI0B
Importing 'GUID: e45389a8a97044d4caf408f252370632 - Path: Packages/com.unity.collab-proxy/Editor/Assets/Images/iconbranches@2x.png - Importer: ScriptedImporter/UnityEditor.QuickSearchModule:UnityEditor.Search:ASIAI0B' with importer (ScriptedImporter : UnityEditor.QuickSearchModule:UnityEditor.Search:ASIAI0B)
Imported 'GUID: e45389a8a97044d4caf408f252370632' -> (Import Result ID: '6100df6d2a7548ebd945a4f8a4c49604') in 0.012 seconds [static and dynamic dependencies]. Details - ImportResultOutputID=4dea00cf37cce09841f77372dd2aa745 DependenciesID=cfad50addba2242f5f9c259e1d9d0cef StaticDependenciesID=c5dadea1c6ce9a113b8508be74099cfb 
Number of updated asset objects reloaded before import = 0
Number of asset objects unloaded after import = 1
========================================================================
Received Import Request.
  Time of request: 2026-09-19T15:00:38.2712997Z
  Time since last request: 0.0004388 seconds.
  importAddress: GUID: 8c6487f945627471fb8a5adb32901fe8 - Path: Packages/com.unity.collab-proxy/Editor/Assets/Images/iconfirst@2x.png - Importer: ScriptedImporter/UnityEditor.QuickSearchModule:UnityEditor.Search:ASIAI0B
Importing 'GUID: 8c6487f945627471fb8a5adb32901fe8 - Path: Packages/com.unity.collab-proxy/Editor/Assets/Images/iconfirst@2x.png - Importer: ScriptedImporter/UnityEditor.QuickSearchModule:UnityEditor.Search:ASIAI0B' with importer (ScriptedImporter : UnityEditor.QuickSearchModule:UnityEditor.Search:ASIAI0B)
Imported 'GUID: 8c6487f945627471fb8a5adb32901fe8' -> (Import Result ID: 'dee771cfb62e6c6ab05f383027f67b75') in 0.011 seconds [static and dynamic dependencies]. Details - ImportResultOutputID=1109cd7ba3b4527e0e406d44787e4459 DependenciesID=1912653ac6674f86bfb9d587575e126a StaticDependenciesID=75a0d54e81e348f16aa364f01f2452ee 
Number of updated asset objects reloaded before import = 0
Number of asset objects unloaded after import = 3
========================================================================
Received Import Request.
  Time of request: 2026-09-19T15:00:38.3009541Z
  Time since last request: 0.0005323 seconds.
  importAddress: GUID: fea4bd4d5cc294ea59798fa81207b6d9 - Path: Packages/com.unity.collab-proxy/Editor/Assets/Images/iconclosebutton@2x.png - Importer: ScriptedImporter/UnityEditor.QuickSearchModule:UnityEditor.Search:ASIAI0B
Importing 'GUID: fea4bd4d5cc294ea59798fa81207b6d9 - Path: Packages/com.unity.collab-proxy/Editor/Assets/Images/iconclosebutton@2x.png - Importer: ScriptedImporter/UnityEditor.QuickSearchModule:UnityEditor.Search:ASIAI0B' with importer (ScriptedImporter : UnityEditor.QuickSearchModule:UnityEditor.Search:ASIAI0B)
Imported 'GUID: fea4bd4d5cc294ea59798fa81207b6d9' -> (Import Result ID: '0d1e91be29135ae8541876a1ef8202c2') in 0.013 seconds [static and dynamic dependencies]. Details - ImportResultOutputID=1c916d258453b022b0c30dd46f61d468 DependenciesID=da9757933a293f0100da2a9bb331b2f7 StaticDependenciesID=ec2aec858191667ada65036d06351512 
Number of updated asset objects reloaded before import = 0
Number of asset objects unloaded after import = 3
========================================================================
Received Import Request.
  Time of request: 2026-09-19T15:00:38.3345192Z
  Time since last request: 0.0029232 seconds.
  importAddress: GUID: 155b8a0cbfb7948baab0167cb548c0f6 - Path: Packages/com.unity.collab-proxy/Editor/Assets/Images/iconcheckmark@2x.png - Importer: ScriptedImporter/UnityEditor.QuickSearchModule:UnityEditor.Search:ASIAI0B
Importing 'GUID: 155b8a0cbfb7948baab0167cb548c0f6 - Path: Packages/com.unity.collab-proxy/Editor/Assets/Images/iconcheckmark@2x.png - Importer: ScriptedImporter/UnityEditor.QuickSearchModule:UnityEditor.Search:ASIAI0B' with importer (ScriptedImporter : UnityEditor.QuickSearchModule:UnityEditor.Search:ASIAI0B)
Imported 'GUID: 155b8a0cbfb7948baab0167cb548c0f6' -> (Import Result ID: '7f56aae756080e2c0746a76043f878e6') in 0.012 seconds [static and dynamic dependencies]. Details - ImportResultOutputID=172753c4b41fc34cab0c3e4c5f3b022f DependenciesID=7a611c62045637be86ade1271710b506 StaticDependenciesID=2a7a94f1754a77842e4dcf378093b01a 
Number of updated asset objects reloaded before import = 0
Number of asset objects unloaded after import = 3
========================================================================
Received Import Request.
  Time of request: 2026-09-19T15:00:38.3663851Z
  Time since last request: 0.0007195 seconds.
  importAddress: GUID: 981b1c6358520f245a69c070270eca96 - Path: Packages/com.unity.collab-proxy/Editor/Assets/Images/iconbranch.png - Importer: ScriptedImporter/UnityEditor.QuickSearchModule:UnityEditor.Search:ASIAI0B
Importing 'GUID: 981b1c6358520f245a69c070270eca96 - Path: Packages/com.unity.collab-proxy/Editor/Assets/Images/iconbranch.png - Importer: ScriptedImporter/UnityEditor.QuickSearchModule:UnityEditor.Search:ASIAI0B' with importer (ScriptedImporter : UnityEditor.QuickSearchModule:UnityEditor.Search:ASIAI0B)
Imported 'GUID: 981b1c6358520f245a69c070270eca96' -> (Import Result ID: '9d8828bcb6641200610846d8a493ef39') in 0.012 seconds [static and dynamic dependencies]. Details - ImportResultOutputID=82c01cd71eccda6302c348281c7b8533 DependenciesID=890c51727547cb73400641001013ca0b StaticDependenciesID=dcb261dd850b77109a564dfbf4ec6a1f 
Number of updated asset objects reloaded before import = 0
Number of asset objects unloaded after import = 3
========================================================================
Received Import Request.
  Time of request: 2026-09-19T15:00:38.3996646Z
  Time since last request: 0.0006769 seconds.
  importAddress: GUID: d5c3277b1dbad9448b46c2ec87a2cef8 - Path: Packages/com.unity.collab-proxy/Editor/Assets/Images/icondeletedremoteoverlay@2x.png - Importer: ScriptedImporter/UnityEditor.QuickSearchModule:UnityEditor.Search:ASIAI0B
Importing 'GUID: d5c3277b1dbad9448b46c2ec87a2cef8 - Path: Packages/com.unity.collab-proxy/Editor/Assets/Images/icondeletedremoteoverlay@2x.png - Importer: ScriptedImporter/UnityEditor.QuickSearchModule:UnityEditor.Search:ASIAI0B' with importer (ScriptedImporter : UnityEditor.QuickSearchModule:UnityEditor.Search:ASIAI0B)
Imported 'GUID: d5c3277b1dbad9448b46c2ec87a2cef8' -> (Import Result ID: '4ea670d90f26fdcfc1ce9a45c7d42dad') in 0.009 seconds [static and dynamic dependencies]. Details - ImportResultOutputID=aabdfde13ed12af811ddc983b481d9bb DependenciesID=c5a3f4ee22bb9c4c26c9b047fe3e35ab StaticDependenciesID=dbeaf533db50a6144833e21edd6fd17e 
Number of updated asset objects reloaded before import = 0
Number of asset objects unloaded after import = 1
========================================================================
Received Import Request.
  Time of request: 2026-09-19T15:00:38.4300742Z
  Time since last request: 0.0007913 seconds.
  importAddress: GUID: 6a9d211bea1bc4a429d86cbb2d0b0a3e - Path: Packages/com.unity.collab-proxy/Editor/Assets/Images/d_secondarytabclosehover.png - Importer: ScriptedImporter/UnityEditor.QuickSearchModule:UnityEditor.Search:ASIAI0B
Importing 'GUID: 6a9d211bea1bc4a429d86cbb2d0b0a3e - Path: Packages/com.unity.collab-proxy/Editor/Assets/Images/d_secondarytabclosehover.png - Importer: ScriptedImporter/UnityEditor.QuickSearchModule:UnityEditor.Search:ASIAI0B' with importer (ScriptedImporter : UnityEditor.QuickSearchModule:UnityEditor.Search:ASIAI0B)
Imported 'GUID: 6a9d211bea1bc4a429d86cbb2d0b0a3e' -> (Import Result ID: 'acddab5d45effc78fdcc64d32505bacd') in 0.010 seconds [static and dynamic dependencies]. Details - ImportResultOutputID=d03d0d5035ddd6a62d9855e848ea80ee DependenciesID=ac734628388e8b33ccf4c70ae83e6370 StaticDependenciesID=eb42981370ac70d255720eecdb238fa3 
Number of updated asset objects reloaded before import = 0
Number of asset objects unloaded after import = 1
========================================================================
Received Import Request.
  Time of request: 2026-09-19T15:00:38.4561794Z
  Time since last request: 0.0005632 seconds.
  importAddress: GUID: a3e491f99ea3ad74f8731ca93e84c497 - Path: Packages/com.unity.collab-proxy/Editor/Assets/Images/icondeletedlocaloverlay@2x.png - Importer: ScriptedImporter/UnityEditor.QuickSearchModule:UnityEditor.Search:ASIAI0B
Importing 'GUID: a3e491f99ea3ad74f8731ca93e84c497 - Path: Packages/com.unity.collab-proxy/Editor/Assets/Images/icondeletedlocaloverlay@2x.png - Importer: ScriptedImporter/UnityEditor.QuickSearchModule:UnityEditor.Search:ASIAI0B' with importer (ScriptedImporter : UnityEditor.QuickSearchModule:UnityEditor.Search:ASIAI0B)
Imported 'GUID: a3e491f99ea3ad74f8731ca93e84c497' -> (Import Result ID: 'f92048f319ecda8c261d009bdc9c9993') in 0.008 seconds [static and dynamic dependencies]. Details - ImportResultOutputID=39841af5b6a96e8a0f08974da67bd2f4 DependenciesID=3dbcf1cfa14d61a9c675055860f5fd13 StaticDependenciesID=74040cf037c573cd8edc8a01c639e69d 
Number of updated asset objects reloaded before import = 0
Number of asset objects unloaded after import = 1
========================================================================
Received Import Request.
  Time of request: 2026-09-19T15:00:38.4830459Z
  Time since last request: 0.000336 seconds.
  importAddress: GUID: 425970578f3342a43b40545d1ac8a25d - Path: Packages/com.unity.collab-proxy/Editor/Assets/Images/iconbranch@2x.png - Importer: ScriptedImporter/UnityEditor.QuickSearchModule:UnityEditor.Search:ASIAI0B
Importing 'GUID: 425970578f3342a43b40545d1ac8a25d - Path: Packages/com.unity.collab-proxy/Editor/Assets/Images/iconbranch@2x.png - Importer: ScriptedImporter/UnityEditor.QuickSearchModule:UnityEditor.Search:ASIAI0B' with importer (ScriptedImporter : UnityEditor.QuickSearchModule:UnityEditor.Search:ASIAI0B)
Imported 'GUID: 425970578f3342a43b40545d1ac8a25d' -> (Import Result ID: '0afb28fd5d2a3c6bb881f0bcec336c6e') in 0.007 seconds [static and dynamic dependencies]. Details - ImportResultOutputID=9171b9b80ddd52f1001dbc1593584f20 DependenciesID=5ef0a6552dbe111f340a57c7c6997ca0 StaticDependenciesID=8001cf59ec4b44b81a3383ea0a893cf5 
Number of updated asset objects reloaded before import = 0
Number of asset objects unloaded after import = 3
========================================================================
Received Import Request.
  Time of request: 2026-09-19T15:00:38.5058477Z
  Time since last request: 0.0005946 seconds.
  importAddress: GUID: 6f11428fb25804d439c7d1c42803828a - Path: Packages/com.unity.collab-proxy/Editor/Assets/Images/iconarrowdown.png - Importer: ScriptedImporter/UnityEditor.QuickSearchModule:UnityEditor.Search:ASIAI0B
Importing 'GUID: 6f11428fb25804d439c7d1c42803828a - Path: Packages/com.unity.collab-proxy/Editor/Assets/Images/iconarrowdown.png - Importer: ScriptedImporter/UnityEditor.QuickSearchModule:UnityEditor.Search:ASIAI0B' with importer (ScriptedImporter : UnityEditor.QuickSearchModule:UnityEditor.Search:ASIAI0B)
Imported 'GUID: 6f11428fb25804d439c7d1c42803828a' -> (Import Result ID: 'f80ef9672092b7e76a9241794ff079b7') in 0.012 seconds [static and dynamic dependencies]. Details - ImportResultOutputID=3df664afc67c4a1920917001a4ecda04 DependenciesID=12c370875a1f7a0d103fbf882cf77d85 StaticDependenciesID=390da863a8f0fddf9558c36ba0f238a9 
Number of updated asset objects reloaded before import = 0
Number of asset objects unloaded after import = 3
========================================================================
Received Import Request.
  Time of request: 2026-09-19T15:00:38.5342494Z
  Time since last request: 0.0002538 seconds.
  importAddress: GUID: 70e3ce8ad01f39248a3ea97a35bcf238 - Path: Packages/com.unity.collab-proxy/Editor/Assets/Images/icondeletedremote@2x.png - Importer: ScriptedImporter/UnityEditor.QuickSearchModule:UnityEditor.Search:ASIAI0B
Importing 'GUID: 70e3ce8ad01f39248a3ea97a35bcf238 - Path: Packages/com.unity.collab-proxy/Editor/Assets/Images/icondeletedremote@2x.png - Importer: ScriptedImporter/UnityEditor.QuickSearchModule:UnityEditor.Search:ASIAI0B' with importer (ScriptedImporter : UnityEditor.QuickSearchModule:UnityEditor.Search:ASIAI0B)
Imported 'GUID: 70e3ce8ad01f39248a3ea97a35bcf238' -> (Import Result ID: 'c43eb383cd144b6ac5e9e16a1d2ebb17') in 0.008 seconds [static and dynamic dependencies]. Details - ImportResultOutputID=c864cbb3abc14b37a76b9cb4cc750851 DependenciesID=32298de2562c97f2d4e230131dcc048f StaticDependenciesID=1d8515a8d3f1726dfaaa65de5a94a09a 
Number of updated asset objects reloaded before import = 0
Number of asset objects unloaded after import = 1
========================================================================
Received Import Request.
  Time of request: 2026-09-19T15:00:38.5571073Z
  Time since last request: 0.0006358 seconds.
  importAddress: GUID: 5679a74364f6b4440ab7e7aed55cd95e - Path: Packages/com.unity.collab-proxy/Editor/Assets/Images/iconconflictedoverlay@2x.png - Importer: ScriptedImporter/UnityEditor.QuickSearchModule:UnityEditor.Search:ASIAI0B
Importing 'GUID: 5679a74364f6b4440ab7e7aed55cd95e - Path: Packages/com.unity.collab-proxy/Editor/Assets/Images/iconconflictedoverlay@2x.png - Importer: ScriptedImporter/UnityEditor.QuickSearchModule:UnityEditor.Search:ASIAI0B' with importer (ScriptedImporter : UnityEditor.QuickSearchModule:UnityEditor.Search:ASIAI0B)
Imported 'GUID: 5679a74364f6b4440ab7e7aed55cd95e' -> (Import Result ID: '2fb3659de5934c9b3857a5a15f069ce6') in 0.009 seconds [static and dynamic dependencies]. Details - ImportResultOutputID=1e9a354d9492a4ef466d102bf00b5694 DependenciesID=090b5b9d839d6067584425d007d023c0 StaticDependenciesID=ebbd26d9881e7c1546727531acc71cf1 
Number of updated asset objects reloaded before import = 0
Number of asset objects unloaded after import = 1
========================================================================
Received Import Request.
  Time of request: 2026-09-19T15:00:38.5824299Z
  Time since last request: 0.0006167 seconds.
  importAddress: GUID: 74ef721fef79c44489d4e3edb0ab0c01 - Path: Packages/com.unity.collab-proxy/Editor/Assets/Images/iconaddedoverlay@2x.png - Importer: ScriptedImporter/UnityEditor.QuickSearchModule:UnityEditor.Search:ASIAI0B
Importing 'GUID: 74ef721fef79c44489d4e3edb0ab0c01 - Path: Packages/com.unity.collab-proxy/Editor/Assets/Images/iconaddedoverlay@2x.png - Importer: ScriptedImporter/UnityEditor.QuickSearchModule:UnityEditor.Search:ASIAI0B' with importer (ScriptedImporter : UnityEditor.QuickSearchModule:UnityEditor.Search:ASIAI0B)
Imported 'GUID: 74ef721fef79c44489d4e3edb0ab0c01' -> (Import Result ID: 'ed2df3c22a14dd47c754d5da6c8f20d7') in 0.009 seconds [static and dynamic dependencies]. Details - ImportResultOutputID=990051f828f0f3fb3df593e5f334d5e5 DependenciesID=1b514d0323b4dc87007428aca9fc7d8c StaticDependenciesID=62b2ebee9c66c25911b6e1c982baf032 
Number of updated asset objects reloaded before import = 0
Number of asset objects unloaded after import = 1
========================================================================
Received Import Request.
  Time of request: 2026-09-19T15:00:38.6199754Z
  Time since last request: 0.0140774 seconds.
  importAddress: GUID: a01087ce1455c7e4c8f2410c26afcfd2 - Path: Packages/com.unity.collab-proxy/Editor/Assets/Images/iconretainedoverlay@2x.png - Importer: ScriptedImporter/UnityEditor.QuickSearchModule:UnityEditor.Search:ASIAI0B
Importing 'GUID: a01087ce1455c7e4c8f2410c26afcfd2 - Path: Packages/com.unity.collab-proxy/Editor/Assets/Images/iconretainedoverlay@2x.png - Importer: ScriptedImporter/UnityEditor.QuickSearchModule:UnityEditor.Search:ASIAI0B' with importer (ScriptedImporter : UnityEditor.QuickSearchModule:UnityEditor.Search:ASIAI0B)
Imported 'GUID: a01087ce1455c7e4c8f2410c26afcfd2' -> (Import Result ID: 'bad2c1e3dd8f723274a8ffc53581edd4') in 0.010 seconds [static and dynamic dependencies]. Details - ImportResultOutputID=fe78feb8507527019407f4b2834a6bb0 DependenciesID=9456f03af895a765def58fe2f6af0e4c StaticDependenciesID=482ec0ea2821dbcb2d4a5b47aec77a0e 
Number of updated asset objects reloaded before import = 0
Number of asset objects unloaded after import = 3
========================================================================
Received Import Request.
  Time of request: 2026-09-19T15:00:38.6477061Z
  Time since last request: 0.0003394 seconds.
  importAddress: GUID: 569cb7c654ca242978cdc7428c2881a3 - Path: Packages/com.unity.collab-proxy/Editor/Assets/Images/iconmergeview.png - Importer: ScriptedImporter/UnityEditor.QuickSearchModule:UnityEditor.Search:ASIAI0B
Importing 'GUID: 569cb7c654ca242978cdc7428c2881a3 - Path: Packages/com.unity.collab-proxy/Editor/Assets/Images/iconmergeview.png - Importer: ScriptedImporter/UnityEditor.QuickSearchModule:UnityEditor.Search:ASIAI0B' with importer (ScriptedImporter : UnityEditor.QuickSearchModule:UnityEditor.Search:ASIAI0B)
Imported 'GUID: 569cb7c654ca242978cdc7428c2881a3' -> (Import Result ID: 'bdf91c977a9ed6ca6da26437b32d8796') in 0.016 seconds [static and dynamic dependencies]. Details - ImportResultOutputID=12f4efeb3df404a3dc458b96cb722774 DependenciesID=548acb3aff1822f7273bb7150f87e9cc StaticDependenciesID=f2f05126e045a6420cd16876f726f9f4 
Number of updated asset objects reloaded before import = 0
Number of asset objects unloaded after import = 3
========================================================================
Received Import Request.
  Time of request: 2026-09-19T15:00:38.6826558Z
  Time since last request: 0.0019629 seconds.
  importAddress: GUID: b43651fb085b38445ade3f9de3ab0636 - Path: Packages/com.unity.collab-proxy/Editor/Assets/Images/iconinviteusers@2x.png - Importer: ScriptedImporter/UnityEditor.QuickSearchModule:UnityEditor.Search:ASIAI0B
Importing 'GUID: b43651fb085b38445ade3f9de3ab0636 - Path: Packages/com.unity.collab-proxy/Editor/Assets/Images/iconinviteusers@2x.png - Importer: ScriptedImporter/UnityEditor.QuickSearchModule:UnityEditor.Search:ASIAI0B' with importer (ScriptedImporter : UnityEditor.QuickSearchModule:UnityEditor.Search:ASIAI0B)
Imported 'GUID: b43651fb085b38445ade3f9de3ab0636' -> (Import Result ID: 'e78707b8d95b16d9c9f42cb0144a4326') in 0.011 seconds [static and dynamic dependencies]. Details - ImportResultOutputID=1d74767dc80229d7482e6713244e6b01 DependenciesID=917c5c2467c9644d075c1710d51d1074 StaticDependenciesID=6204e22764946959b6852c2260238fb5 
Number of updated asset objects reloaded before import = 0
Number of asset objects unloaded after import = 3
========================================================================
Received Import Request.
  Time of request: 2026-09-19T15:00:38.713169Z
  Time since last request: 0.0005055 seconds.
  importAddress: GUID: 6e0a54826ffc3ee46b0aa3e1c1575a69 - Path: Packages/com.unity.collab-proxy/Editor/Assets/Images/iconplasticnotifyconflict@2x.png - Importer: ScriptedImporter/UnityEditor.QuickSearchModule:UnityEditor.Search:ASIAI0B
Importing 'GUID: 6e0a54826ffc3ee46b0aa3e1c1575a69 - Path: Packages/com.unity.collab-proxy/Editor/Assets/Images/iconplasticnotifyconflict@2x.png - Importer: ScriptedImporter/UnityEditor.QuickSearchModule:UnityEditor.Search:ASIAI0B' with importer (ScriptedImporter : UnityEditor.QuickSearchModule:UnityEditor.Search:ASIAI0B)
Imported 'GUID: 6e0a54826ffc3ee46b0aa3e1c1575a69' -> (Import Result ID: 'd505f2b57d863fe9c823373cfbed5cdf') in 0.009 seconds [static and dynamic dependencies]. Details - ImportResultOutputID=ab7a88c51ce7a01c9fb3bc2c8309bc30 DependenciesID=91b71c2cfe0469c2ce601dfd7334a31f StaticDependenciesID=466b98a575c06d1ee2574b6dee911232 
Number of updated asset objects reloaded before import = 0
Number of asset objects unloaded after import = 1
========================================================================
Received Import Request.
  Time of request: 2026-09-19T15:00:38.7399103Z
  Time since last request: 0.0005831 seconds.
  importAddress: GUID: ed64f3a17f2ede646be21ed6edc9161a - Path: Packages/com.unity.collab-proxy/Editor/Assets/Images/iconrepository.png - Importer: ScriptedImporter/UnityEditor.QuickSearchModule:UnityEditor.Search:ASIAI0B
Importing 'GUID: ed64f3a17f2ede646be21ed6edc9161a - Path: Packages/com.unity.collab-proxy/Editor/Assets/Images/iconrepository.png - Importer: ScriptedImporter/UnityEditor.QuickSearchModule:UnityEditor.Search:ASIAI0B' with importer (ScriptedImporter : UnityEditor.QuickSearchModule:UnityEditor.Search:ASIAI0B)
Imported 'GUID: ed64f3a17f2ede646be21ed6edc9161a' -> (Import Result ID: '24ec87f05b9837ace06c5a568a384ee1') in 0.010 seconds [static and dynamic dependencies]. Details - ImportResultOutputID=e95dded6723464fda7cce2f9a030be3e DependenciesID=527b810448d528a66c9951dd0f0b4fa7 StaticDependenciesID=68e0fd4744124f87d60362eecf22c336 
Number of updated asset objects reloaded before import = 0
Number of asset objects unloaded after import = 1
========================================================================
Received Import Request.
  Time of request: 2026-09-19T15:00:38.7705381Z
  Time since last request: 0.0008212 seconds.
  importAddress: GUID: 84f696eaa6e195043b22f318aa59b058 - Path: Packages/com.unity.collab-proxy/Editor/Assets/Images/iconrepository@2x.png - Importer: ScriptedImporter/UnityEditor.QuickSearchModule:UnityEditor.Search:ASIAI0B
Importing 'GUID: 84f696eaa6e195043b22f318aa59b058 - Path: Packages/com.unity.collab-proxy/Editor/Assets/Images/iconrepository@2x.png - Importer: ScriptedImporter/UnityEditor.QuickSearchModule:UnityEditor.Search:ASIAI0B' with importer (ScriptedImporter : UnityEditor.QuickSearchModule:UnityEditor.Search:ASIAI0B)
Imported 'GUID: 84f696eaa6e195043b22f318aa59b058' -> (Import Result ID: '3aa152ec55dc13f6661f2a6cc79ec3d2') in 0.010 seconds [static and dynamic dependencies]. Details - ImportResultOutputID=087436b7cc17e77c7fac259fa4f8803a DependenciesID=5239900e8e91e32c4f3bd09d39207a06 StaticDependenciesID=70dab76fc19b61bd626bcb536d9b5c70 
Number of updated asset objects reloaded before import = 0
Number of asset objects unloaded after import = 3
========================================================================
Received Import Request.
  Time of request: 2026-09-19T15:00:38.7965653Z
  Time since last request: 0.0004608 seconds.
  importAddress: GUID: 1844d3d99090a0b43b60a5f1ff821467 - Path: Packages/com.unity.collab-proxy/Editor/Assets/Images/iconlockretained@2x.png - Importer: ScriptedImporter/UnityEditor.QuickSearchModule:UnityEditor.Search:ASIAI0B
Importing 'GUID: 1844d3d99090a0b43b60a5f1ff821467 - Path: Packages/com.unity.collab-proxy/Editor/Assets/Images/iconlockretained@2x.png - Importer: ScriptedImporter/UnityEditor.QuickSearchModule:UnityEditor.Search:ASIAI0B' with importer (ScriptedImporter : UnityEditor.QuickSearchModule:UnityEditor.Search:ASIAI0B)
Imported 'GUID: 1844d3d99090a0b43b60a5f1ff821467' -> (Import Result ID: '95fb587dc7c46682cf09ff47419b2da0') in 0.009 seconds [static and dynamic dependencies]. Details - ImportResultOutputID=36519527e8316f9a3cf476352bb7c816 DependenciesID=1d0875a3b3263ff86850c8ccec1f719b StaticDependenciesID=992e57e115ad45cd9a9f61905b12ab66 
Number of updated asset objects reloaded before import = 0
Number of asset objects unloaded after import = 3
========================================================================
Received Import Request.
  Time of request: 2026-09-19T15:00:38.8235859Z
  Time since last request: 0.0009271 seconds.
  importAddress: GUID: 42d4aab7d8dc3481eb811bb48a8c8485 - Path: Packages/com.unity.collab-proxy/Editor/Assets/Images/iconprev.png - Importer: ScriptedImporter/UnityEditor.QuickSearchModule:UnityEditor.Search:ASIAI0B
Importing 'GUID: 42d4aab7d8dc3481eb811bb48a8c8485 - Path: Packages/com.unity.collab-proxy/Editor/Assets/Images/iconprev.png - Importer: ScriptedImporter/UnityEditor.QuickSearchModule:UnityEditor.Search:ASIAI0B' with importer (ScriptedImporter : UnityEditor.QuickSearchModule:UnityEditor.Search:ASIAI0B)
Imported 'GUID: 42d4aab7d8dc3481eb811bb48a8c8485' -> (Import Result ID: 'e8d3128737ad2258e9554c9726f81a85') in 0.012 seconds [static and dynamic dependencies]. Details - ImportResultOutputID=ac39982d1685b0640dcc7aa657dee401 DependenciesID=12e5d4bd97264ebb9c2c141fd196d877 StaticDependenciesID=6c2b25872c5c0a686540396ba0694bb2 
Number of updated asset objects reloaded before import = 0
Number of asset objects unloaded after import = 3
========================================================================
Received Import Request.
  Time of request: 2026-09-19T15:00:38.8475036Z
  Time since last request: 0.0005564 seconds.
  importAddress: GUID: 120bf54dff785a0429b068b814e9c12a - Path: Packages/com.unity.collab-proxy/Editor/Assets/Images/iconmergelink.png - Importer: ScriptedImporter/UnityEditor.QuickSearchModule:UnityEditor.Search:ASIAI0B
Importing 'GUID: 120bf54dff785a0429b068b814e9c12a - Path: Packages/com.unity.collab-proxy/Editor/Assets/Images/iconmergelink.png - Importer: ScriptedImporter/UnityEditor.QuickSearchModule:UnityEditor.Search:ASIAI0B' with importer (ScriptedImporter : UnityEditor.QuickSearchModule:UnityEditor.Search:ASIAI0B)
Imported 'GUID: 120bf54dff785a0429b068b814e9c12a' -> (Import Result ID: 'a1fa220e602ec05e2effbc1ba35e9886') in 0.010 seconds [static and dynamic dependencies]. Details - ImportResultOutputID=133e87653906a9dbb04d52e767f1efea DependenciesID=758af2d2257d8b7d66977d23f6597ba9 StaticDependenciesID=6b452014f763f9f71328356799422f96 
Number of updated asset objects reloaded before import = 0
Number of asset objects unloaded after import = 1
========================================================================
Received Import Request.
  Time of request: 2026-09-19T15:00:38.8731171Z
  Time since last request: 0.0006795 seconds.
  importAddress: GUID: 94fe868620119564f9474f40cd6145aa - Path: Packages/com.unity.collab-proxy/Editor/Assets/Images/iconpressedclosebutton.png - Importer: ScriptedImporter/UnityEditor.QuickSearchModule:UnityEditor.Search:ASIAI0B
Importing 'GUID: 94fe868620119564f9474f40cd6145aa - Path: Packages/com.unity.collab-proxy/Editor/Assets/Images/iconpressedclosebutton.png - Importer: ScriptedImporter/UnityEditor.QuickSearchModule:UnityEditor.Search:ASIAI0B' with importer (ScriptedImporter : UnityEditor.QuickSearchModule:UnityEditor.Search:ASIAI0B)
Imported 'GUID: 94fe868620119564f9474f40cd6145aa' -> (Import Result ID: '17992baf87a290e51b632f164f405d21') in 0.008 seconds [static and dynamic dependencies]. Details - ImportResultOutputID=be7a077c61ca50125cdf70fc8b814203 DependenciesID=894983e0b03e563e61ae359fe9153a37 StaticDependenciesID=45232eff34e6b47f40aab30d5b196d88 
Number of updated asset objects reloaded before import = 0
Number of asset objects unloaded after import = 1
========================================================================
Received Import Request.
  Time of request: 2026-09-19T15:00:38.8988365Z
  Time since last request: 0.0007296 seconds.
  importAddress: GUID: 3728580c149181a44b359e89f6edacae - Path: Packages/com.unity.collab-proxy/Editor/Assets/Images/iconoutofsyncoverlay@2x.png - Importer: ScriptedImporter/UnityEditor.QuickSearchModule:UnityEditor.Search:ASIAI0B
Importing 'GUID: 3728580c149181a44b359e89f6edacae - Path: Packages/com.unity.collab-proxy/Editor/Assets/Images/iconoutofsyncoverlay@2x.png - Importer: ScriptedImporter/UnityEditor.QuickSearchModule:UnityEditor.Search:ASIAI0B' with importer (ScriptedImporter : UnityEditor.QuickSearchModule:UnityEditor.Search:ASIAI0B)
Imported 'GUID: 3728580c149181a44b359e89f6edacae' -> (Import Result ID: '3326c6564e258add50468b517cfbf8be') in 0.009 seconds [static and dynamic dependencies]. Details - ImportResultOutputID=ecb1d208b9f27589a96099830bb22304 DependenciesID=3e2bfd5378978e5025951ab9552abe82 StaticDependenciesID=cc96738675e104e1cfb53ab10466d2ac 
Number of updated asset objects reloaded before import = 0
Number of asset objects unloaded after import = 1
========================================================================
Received Import Request.
  Time of request: 2026-09-19T15:00:38.9282358Z
  Time since last request: 0.0006264 seconds.
  importAddress: GUID: 52a825037e457964f9c91a99d4522f14 - Path: Packages/com.unity.collab-proxy/Editor/Assets/Images/iconignoredoverlay.png - Importer: ScriptedImporter/UnityEditor.QuickSearchModule:UnityEditor.Search:ASIAI0B
Importing 'GUID: 52a825037e457964f9c91a99d4522f14 - Path: Packages/com.unity.collab-proxy/Editor/Assets/Images/iconignoredoverlay.png - Importer: ScriptedImporter/UnityEditor.QuickSearchModule:UnityEditor.Search:ASIAI0B' with importer (ScriptedImporter : UnityEditor.QuickSearchModule:UnityEditor.Search:ASIAI0B)
Imported 'GUID: 52a825037e457964f9c91a99d4522f14' -> (Import Result ID: 'c19c857d314aedcd98c2951d761f12f7') in 0.010 seconds [static and dynamic dependencies]. Details - ImportResultOutputID=27319eb014af055ea0d5db802f494543 DependenciesID=9ef38a8dafafef792ba0799f98e32517 StaticDependenciesID=2a26e987223e10d060ef6a2ce8d695f9 
Number of updated asset objects reloaded before import = 0
Number of asset objects unloaded after import = 3
========================================================================
Received Import Request.
  Time of request: 2026-09-19T15:00:38.9540425Z
  Time since last request: 0.0006025 seconds.
  importAddress: GUID: d937bd39ca592471b942d16ee8094535 - Path: Packages/com.unity.collab-proxy/Editor/Assets/Images/iconprev@2x.png - Importer: ScriptedImporter/UnityEditor.QuickSearchModule:UnityEditor.Search:ASIAI0B
Importing 'GUID: d937bd39ca592471b942d16ee8094535 - Path: Packages/com.unity.collab-proxy/Editor/Assets/Images/iconprev@2x.png - Importer: ScriptedImporter/UnityEditor.QuickSearchModule:UnityEditor.Search:ASIAI0B' with importer (ScriptedImporter : UnityEditor.QuickSearchModule:UnityEditor.Search:ASIAI0B)
Imported 'GUID: d937bd39ca592471b942d16ee8094535' -> (Import Result ID: '54b4ee38c16ec3c2585af3d97b300aa9') in 0.015 seconds [static and dynamic dependencies]. Details - ImportResultOutputID=ed87e61bad220db08b3da894f735ccec DependenciesID=e437a8ddd2acc3da6a466bd289fed4bd StaticDependenciesID=25670dad3b1904b3e24727065f50efc3 
Number of updated asset objects reloaded before import = 0
Number of asset objects unloaded after import = 3
========================================================================
Received Import Request.
  Time of request: 2026-09-19T15:00:38.9886001Z
  Time since last request: 0.0004449 seconds.
  importAddress: GUID: a916ed6819efd014588f58e3cfc48196 - Path: Packages/com.unity.collab-proxy/Editor/Assets/Images/iconplasticnotifyconflict.png - Importer: ScriptedImporter/UnityEditor.QuickSearchModule:UnityEditor.Search:ASIAI0B
Importing 'GUID: a916ed6819efd014588f58e3cfc48196 - Path: Packages/com.unity.collab-proxy/Editor/Assets/Images/iconplasticnotifyconflict.png - Importer: ScriptedImporter/UnityEditor.QuickSearchModule:UnityEditor.Search:ASIAI0B' with importer (ScriptedImporter : UnityEditor.QuickSearchModule:UnityEditor.Search:ASIAI0B)
Imported 'GUID: a916ed6819efd014588f58e3cfc48196' -> (Import Result ID: '8af208a99cc841b3a117c7ba8c70ab06') in 0.008 seconds [static and dynamic dependencies]. Details - ImportResultOutputID=c68979ea662014ddf9dfdd5a927396d0 DependenciesID=ae8e0d456b4e4ff9ee2390acc3017f30 StaticDependenciesID=47e96c32d802a8be794527a92e723139 
Number of updated asset objects reloaded before import = 0
Number of asset objects unloaded after import = 1
========================================================================
Received Import Request.
  Time of request: 2026-09-19T15:00:39.014262Z
  Time since last request: 0.0005339 seconds.
  importAddress: GUID: 98773313eabe35543bfdbf542ccea271 - Path: Packages/com.unity.collab-proxy/Editor/Assets/Images/iconundo.png - Importer: ScriptedImporter/UnityEditor.QuickSearchModule:UnityEditor.Search:ASIAI0B
Importing 'GUID: 98773313eabe35543bfdbf542ccea271 - Path: Packages/com.unity.collab-proxy/Editor/Assets/Images/iconundo.png - Importer: ScriptedImporter/UnityEditor.QuickSearchModule:UnityEditor.Search:ASIAI0B' with importer (ScriptedImporter : UnityEditor.QuickSearchModule:UnityEditor.Search:ASIAI0B)
Imported 'GUID: 98773313eabe35543bfdbf542ccea271' -> (Import Result ID: '4328d7b805fa859dc1336f041ccbbdda') in 0.009 seconds [static and dynamic dependencies]. Details - ImportResultOutputID=2ddbfe2f0e303d93b3524f1ec70c63dd DependenciesID=17055721730eda3a94a78d386ec9cb35 StaticDependenciesID=44bf3d8abfe54038466ebb849f133938 
Number of updated asset objects reloaded before import = 0
Number of asset objects unloaded after import = 1
========================================================================
Received Import Request.
  Time of request: 2026-09-19T15:00:39.0406022Z
  Time since last request: 0.0005225 seconds.
  importAddress: GUID: ca9343b72095cb846be99d76d069dfc0 - Path: Packages/com.unity.collab-proxy/Editor/Assets/Images/iconinfobellnotification.png - Importer: ScriptedImporter/UnityEditor.QuickSearchModule:UnityEditor.Search:ASIAI0B
Importing 'GUID: ca9343b72095cb846be99d76d069dfc0 - Path: Packages/com.unity.collab-proxy/Editor/Assets/Images/iconinfobellnotification.png - Importer: ScriptedImporter/UnityEditor.QuickSearchModule:UnityEditor.Search:ASIAI0B' with importer (ScriptedImporter : UnityEditor.QuickSearchModule:UnityEditor.Search:ASIAI0B)
Imported 'GUID: ca9343b72095cb846be99d76d069dfc0' -> (Import Result ID: 'd5cb0e67e5cd7f1f7477470ece5460ad') in 0.010 seconds [static and dynamic dependencies]. Details - ImportResultOutputID=2fd376899368401250f9820158ac3f00 DependenciesID=12e588aa2e840820dece2576e6df1cff StaticDependenciesID=ab91ff7be62e2a0641eaf5e7b388da30 
Number of updated asset objects reloaded before import = 0
Number of asset objects unloaded after import = 3
========================================================================
Received Import Request.
  Time of request: 2026-09-19T15:00:39.0989479Z
  Time since last request: 0.0296662 seconds.
  importAddress: GUID: c53c624438663f74ab67fbdf8869ae18 - Path: Packages/com.unity.collab-proxy/Editor/AssetsUtils/Processor/UVCSAssetModificationProcessor.cs - Importer: ScriptedImporter/UnityEditor.QuickSearchModule:UnityEditor.Search:ASIAI0B
Importing 'GUID: c53c624438663f74ab67fbdf8869ae18 - Path: Packages/com.unity.collab-proxy/Editor/AssetsUtils/Processor/UVCSAssetModificationProcessor.cs - Importer: ScriptedImporter/UnityEditor.QuickSearchModule:UnityEditor.Search:ASIAI0B' with importer (ScriptedImporter : UnityEditor.QuickSearchModule:UnityEditor.Search:ASIAI0B)
Imported 'GUID: c53c624438663f74ab67fbdf8869ae18' -> (Import Result ID: '662dbad319d27dde6f25b831e9ae45cb') in 0.006 seconds [static and dynamic dependencies]. Details - ImportResultOutputID=97b5ee9aa3ee132f86155a8e6409ff11 DependenciesID=73e9600590fc4f2d1fa62a389500e3d1 StaticDependenciesID=e5d78e63a862e3cbed24be45a28c66b3 
Number of updated asset objects reloaded before import = 0
Number of asset objects unloaded after import = 0
========================================================================
Received Import Request.
  Time of request: 2026-09-19T15:00:39.1299754Z
  Time since last request: 0.0006711 seconds.
  importAddress: GUID: 9a15ddcc5fd3d46d3b97dd236d6d9720 - Path: Packages/com.unity.collab-proxy/Editor/Assets/Images/RGBAlpha@2x.png - Importer: ScriptedImporter/UnityEditor.QuickSearchModule:UnityEditor.Search:ASIAI0B
Importing 'GUID: 9a15ddcc5fd3d46d3b97dd236d6d9720 - Path: Packages/com.unity.collab-proxy/Editor/Assets/Images/RGBAlpha@2x.png - Importer: ScriptedImporter/UnityEditor.QuickSearchModule:UnityEditor.Search:ASIAI0B' with importer (ScriptedImporter : UnityEditor.QuickSearchModule:UnityEditor.Search:ASIAI0B)
Imported 'GUID: 9a15ddcc5fd3d46d3b97dd236d6d9720' -> (Import Result ID: '403c7024eac453633e9071fd0569f15b') in 0.009 seconds [static and dynamic dependencies]. Details - ImportResultOutputID=e827d88d754a0e137430eb01fbbd6048 DependenciesID=6b3539ab0692862c8c8bdd3585390a8d StaticDependenciesID=c08dffab9f03db03b23f64aec9c47edb 
Number of updated asset objects reloaded before import = 0
Number of asset objects unloaded after import = 3
========================================================================
Received Import Request.
  Time of request: 2026-09-19T15:00:39.1555446Z
  Time since last request: 0.0008638 seconds.
  importAddress: GUID: 93298c6fcbff047f8aca0c4c8420f143 - Path: Packages/com.unity.collab-proxy/Editor/Assets/Images/iconçlast@2x.png - Importer: ScriptedImporter/UnityEditor.QuickSearchModule:UnityEditor.Search:ASIAI0B
Importing 'GUID: 93298c6fcbff047f8aca0c4c8420f143 - Path: Packages/com.unity.collab-proxy/Editor/Assets/Images/iconçlast@2x.png - Importer: ScriptedImporter/UnityEditor.QuickSearchModule:UnityEditor.Search:ASIAI0B' with importer (ScriptedImporter : UnityEditor.QuickSearchModule:UnityEditor.Search:ASIAI0B)
Imported 'GUID: 93298c6fcbff047f8aca0c4c8420f143' -> (Import Result ID: 'c0e86aa402f1d91c94541fe6b2631fa0') in 0.011 seconds [static and dynamic dependencies]. Details - ImportResultOutputID=43b17dea81819c1d07b9537538b12dec DependenciesID=feae77f662229e7f4c95e48c6d11a232 StaticDependenciesID=ee18cea815663e6f22d2e62863a108a2 
Number of updated asset objects reloaded before import = 0
Number of asset objects unloaded after import = 3
========================================================================
Received Import Request.
  Time of request: 2026-09-19T15:00:39.1862671Z
  Time since last request: 0.0006902 seconds.
  importAddress: GUID: b77071fd36e946809b40d79e6ba9fe8a - Path: Packages/com.unity.collab-proxy/Editor/AssetsUtils/Processor/UnityCloudProjectLinkMonitor.cs - Importer: ScriptedImporter/UnityEditor.QuickSearchModule:UnityEditor.Search:ASIAI0B
Importing 'GUID: b77071fd36e946809b40d79e6ba9fe8a - Path: Packages/com.unity.collab-proxy/Editor/AssetsUtils/Processor/UnityCloudProjectLinkMonitor.cs - Importer: ScriptedImporter/UnityEditor.QuickSearchModule:UnityEditor.Search:ASIAI0B' with importer (ScriptedImporter : UnityEditor.QuickSearchModule:UnityEditor.Search:ASIAI0B)
Imported 'GUID: b77071fd36e946809b40d79e6ba9fe8a' -> (Import Result ID: 'c36e8b9568470f896c3d73d38634ba14') in 0.003 seconds [static and dynamic dependencies]. Details - ImportResultOutputID=5937369d43f6492b382a180c88be101b DependenciesID=ede7d2cde8cbcda28ba55ec456d33e5e StaticDependenciesID=f512f7e94e809919f8af3307f1970575 
Number of updated asset objects reloaded before import = 0
Number of asset objects unloaded after import = 0
========================================================================
Received Import Request.
  Time of request: 2026-09-19T15:00:39.20948Z
  Time since last request: 0.0007281 seconds.
  importAddress: GUID: 0247a919add89e04aad63b6657886901 - Path: Packages/com.unity.collab-proxy/Editor/Assets/Images/iconzoomin@2x.png - Importer: ScriptedImporter/UnityEditor.QuickSearchModule:UnityEditor.Search:ASIAI0B
Importing 'GUID: 0247a919add89e04aad63b6657886901 - Path: Packages/com.unity.collab-proxy/Editor/Assets/Images/iconzoomin@2x.png - Importer: ScriptedImporter/UnityEditor.QuickSearchModule:UnityEditor.Search:ASIAI0B' with importer (ScriptedImporter : UnityEditor.QuickSearchModule:UnityEditor.Search:ASIAI0B)
Imported 'GUID: 0247a919add89e04aad63b6657886901' -> (Import Result ID: '3e9ae53c8a130ec04d978a7309c15a23') in 0.011 seconds [static and dynamic dependencies]. Details - ImportResultOutputID=dba146a1635f1dfd6b3d9567495d9f00 DependenciesID=d7a6063e778a396902394771d89157be StaticDependenciesID=a90f96432001ff8051caf9396c63fc81 
Number of updated asset objects reloaded before import = 0
Number of asset objects unloaded after import = 3
========================================================================
Received Import Request.
  Time of request: 2026-09-19T15:00:39.2504037Z
  Time since last request: 0.0004687 seconds.
  importAddress: GUID: 3da0c7cf51d8e4b40a5af55a4ca63e4e - Path: Packages/com.unity.collab-proxy/Editor/Assets/Layouts/DownloadPlasticExeDialog.uxml - Importer: ScriptedImporter/UnityEditor.QuickSearchModule:UnityEditor.Search:ASIAI0B
Importing 'GUID: 3da0c7cf51d8e4b40a5af55a4ca63e4e - Path: Packages/com.unity.collab-proxy/Editor/Assets/Layouts/DownloadPlasticExeDialog.uxml - Importer: ScriptedImporter/UnityEditor.QuickSearchModule:UnityEditor.Search:ASIAI0B' with importer (ScriptedImporter : UnityEditor.QuickSearchModule:UnityEditor.Search:ASIAI0B)
Imported 'GUID: 3da0c7cf51d8e4b40a5af55a4ca63e4e' -> (Import Result ID: '90e7f4ac2ad8b056da91a3fd5bc86b2e') in 0.024 seconds [static and dynamic dependencies]. Details - ImportResultOutputID=df489fdf63bc8ea029b07236be4a690f DependenciesID=df45883126a399aeed55a94054ca0234 StaticDependenciesID=716bfcd6eb70b24a3e6e019ab0fb6a31 
Number of updated asset objects reloaded before import = 0
Number of asset objects unloaded after import = 2
========================================================================
Received Import Request.
  Time of request: 2026-09-19T15:00:39.2929261Z
  Time since last request: 0.0006528 seconds.
  importAddress: GUID: 0727168a534af3641a8e744834225825 - Path: Packages/com.unity.collab-proxy/Editor/Assets/Images/iconzoomout.png - Importer: ScriptedImporter/UnityEditor.QuickSearchModule:UnityEditor.Search:ASIAI0B
Importing 'GUID: 0727168a534af3641a8e744834225825 - Path: Packages/com.unity.collab-proxy/Editor/Assets/Images/iconzoomout.png - Importer: ScriptedImporter/UnityEditor.QuickSearchModule:UnityEditor.Search:ASIAI0B' with importer (ScriptedImporter : UnityEditor.QuickSearchModule:UnityEditor.Search:ASIAI0B)
Imported 'GUID: 0727168a534af3641a8e744834225825' -> (Import Result ID: 'ab2c174a60722cff8a588519632f7b38') in 0.020 seconds [static and dynamic dependencies]. Details - ImportResultOutputID=ae3cfe8f4c95038b8aff5164b6104f16 DependenciesID=f38c157246fd4564b45664e7565c870c StaticDependenciesID=886c67f562a9a5f689c27d1b48bf1f70 
Number of updated asset objects reloaded before import = 0
Number of asset objects unloaded after import = 3
========================================================================
Received Import Request.
  Time of request: 2026-09-19T15:00:39.3306705Z
  Time since last request: 0.0009855 seconds.
  importAddress: GUID: bdf4f3d05dd541fa829ffa06bfbc8d0c - Path: Packages/com.unity.collab-proxy/Editor/Assets/Styles/Base.uss - Importer: ScriptedImporter/UnityEditor.QuickSearchModule:UnityEditor.Search:ASIAI0B
Importing 'GUID: bdf4f3d05dd541fa829ffa06bfbc8d0c - Path: Packages/com.unity.collab-proxy/Editor/Assets/Styles/Base.uss - Importer: ScriptedImporter/UnityEditor.QuickSearchModule:UnityEditor.Search:ASIAI0B' with importer (ScriptedImporter : UnityEditor.QuickSearchModule:UnityEditor.Search:ASIAI0B)
Imported 'GUID: bdf4f3d05dd541fa829ffa06bfbc8d0c' -> (Import Result ID: '7424d06bf46d7afdab1d589c55d3ff63') in 0.008 seconds [static and dynamic dependencies]. Details - ImportResultOutputID=3fb9d3d55a05df2008f846078fa36a89 DependenciesID=f5481fdbef655c037d4c42c510031323 StaticDependenciesID=4a23fc4afda35d471e346a58ee99b478 
Number of updated asset objects reloaded before import = 0
Number of asset objects unloaded after import = 1
========================================================================
Received Import Request.
  Time of request: 2026-09-19T15:00:39.3618198Z
  Time since last request: 0.0010427 seconds.
  importAddress: GUID: affeade9874cf2347abb155e8d0db4d8 - Path: Packages/com.unity.collab-proxy/Editor/Assets/Images/step1@2x.png - Importer: ScriptedImporter/UnityEditor.QuickSearchModule:UnityEditor.Search:ASIAI0B
Importing 'GUID: affeade9874cf2347abb155e8d0db4d8 - Path: Packages/com.unity.collab-proxy/Editor/Assets/Images/step1@2x.png - Importer: ScriptedImporter/UnityEditor.QuickSearchModule:UnityEditor.Search:ASIAI0B' with importer (ScriptedImporter : UnityEditor.QuickSearchModule:UnityEditor.Search:ASIAI0B)
Imported 'GUID: affeade9874cf2347abb155e8d0db4d8' -> (Import Result ID: '8fde380fef786acd724552224d666b0e') in 0.010 seconds [static and dynamic dependencies]. Details - ImportResultOutputID=e37605d055e2d66c82df10f55e0a5ae7 DependenciesID=32d20a040312a573ca4c4bb8a0f57ff4 StaticDependenciesID=388bb4f87891e65eb3db9104436d1bd3 
Number of updated asset objects reloaded before import = 0
Number of asset objects unloaded after import = 1
========================================================================
Received Import Request.
  Time of request: 2026-09-19T15:00:39.3931968Z
  Time since last request: 0.0006277 seconds.
  importAddress: GUID: 6d3851656b2e5439e8fe29130782469b - Path: Packages/com.unity.collab-proxy/Editor/Assets/Images/iconzoomtofit.png - Importer: ScriptedImporter/UnityEditor.QuickSearchModule:UnityEditor.Search:ASIAI0B
Importing 'GUID: 6d3851656b2e5439e8fe29130782469b - Path: Packages/com.unity.collab-proxy/Editor/Assets/Images/iconzoomtofit.png - Importer: ScriptedImporter/UnityEditor.QuickSearchModule:UnityEditor.Search:ASIAI0B' with importer (ScriptedImporter : UnityEditor.QuickSearchModule:UnityEditor.Search:ASIAI0B)
Imported 'GUID: 6d3851656b2e5439e8fe29130782469b' -> (Import Result ID: '6682b3eaeaa5b39ffe9fd300a9f6641e') in 0.018 seconds [static and dynamic dependencies]. Details - ImportResultOutputID=186429b425c77cc175f6f44afc59543d DependenciesID=df63bb8a4a20dd8e21ff1b431fc23a31 StaticDependenciesID=e2288a6cbe26daa59482d9f2eea1f0b8 
Number of updated asset objects reloaded before import = 0
Number of asset objects unloaded after import = 3
========================================================================
Received Import Request.
  Time of request: 2026-09-19T15:00:39.4327956Z
  Time since last request: 0.0010083 seconds.
  importAddress: GUID: c673e4e20ea67ab40a4661592f51aa99 - Path: Packages/com.unity.collab-proxy/Editor/Assets/Styles/SignInPanel.uss - Importer: ScriptedImporter/UnityEditor.QuickSearchModule:UnityEditor.Search:ASIAI0B
Importing 'GUID: c673e4e20ea67ab40a4661592f51aa99 - Path: Packages/com.unity.collab-proxy/Editor/Assets/Styles/SignInPanel.uss - Importer: ScriptedImporter/UnityEditor.QuickSearchModule:UnityEditor.Search:ASIAI0B' with importer (ScriptedImporter : UnityEditor.QuickSearchModule:UnityEditor.Search:ASIAI0B)
Imported 'GUID: c673e4e20ea67ab40a4661592f51aa99' -> (Import Result ID: '011b6107c55cb1030427e3b53b60fbeb') in 0.010 seconds [static and dynamic dependencies]. Details - ImportResultOutputID=a0069c40c384eb192f9c01b0edd7bed7 DependenciesID=8971ec1364a1047e3683fd0171b2ba3c StaticDependenciesID=7430a978f009f985e0c1fcfc32c55abf 
Number of updated asset objects reloaded before import = 0
Number of asset objects unloaded after import = 2
========================================================================
Received Import Request.
  Time of request: 2026-09-19T15:00:39.4708094Z
  Time since last request: 0.0012382 seconds.
  importAddress: GUID: e05b9be8556f5ae41aa78140b83146d5 - Path: Packages/com.unity.collab-proxy/Editor/Assets/Styles/ProgressControlsForDialogs.uss - Importer: ScriptedImporter/UnityEditor.QuickSearchModule:UnityEditor.Search:ASIAI0B
Importing 'GUID: e05b9be8556f5ae41aa78140b83146d5 - Path: Packages/com.unity.collab-proxy/Editor/Assets/Styles/ProgressControlsForDialogs.uss - Importer: ScriptedImporter/UnityEditor.QuickSearchModule:UnityEditor.Search:ASIAI0B' with importer (ScriptedImporter : UnityEditor.QuickSearchModule:UnityEditor.Search:ASIAI0B)
Imported 'GUID: e05b9be8556f5ae41aa78140b83146d5' -> (Import Result ID: '32ff9a80632b69552ebd5a6e7ace3e69') in 0.005 seconds [static and dynamic dependencies]. Details - ImportResultOutputID=33518417deae2791786183ed300f9176 DependenciesID=54ae70a8d01a8566af7f4b8b9d220e5a StaticDependenciesID=338a292a79f124a0ba98e641d331665c 
Number of updated asset objects reloaded before import = 0
Number of asset objects unloaded after import = 2
========================================================================
Received Import Request.
  Time of request: 2026-09-19T15:00:39.4947164Z
  Time since last request: 0.0004713 seconds.
  importAddress: GUID: 913c727eecab25c489fa2adbad9c9ab8 - Path: Packages/com.unity.collab-proxy/Editor/Assets/Layouts/WaitingSignInPanel.uxml - Importer: ScriptedImporter/UnityEditor.QuickSearchModule:UnityEditor.Search:ASIAI0B
Importing 'GUID: 913c727eecab25c489fa2adbad9c9ab8 - Path: Packages/com.unity.collab-proxy/Editor/Assets/Layouts/WaitingSignInPanel.uxml - Importer: ScriptedImporter/UnityEditor.QuickSearchModule:UnityEditor.Search:ASIAI0B' with importer (ScriptedImporter : UnityEditor.QuickSearchModule:UnityEditor.Search:ASIAI0B)
Imported 'GUID: 913c727eecab25c489fa2adbad9c9ab8' -> (Import Result ID: 'af849bf8ddb9126e4b36db492e37d224') in 0.007 seconds [static and dynamic dependencies]. Details - ImportResultOutputID=3c7c9f375aae250bf7844c77cc7d6e06 DependenciesID=b9ea5c164c257a6aaccfe99bbc71252b StaticDependenciesID=80a8765b29e2f5c6b98386960aa06ead 
Number of updated asset objects reloaded before import = 0
Number of asset objects unloaded after import = 2
========================================================================
Received Import Request.
  Time of request: 2026-09-19T15:00:39.518657Z
  Time since last request: 0.0006122 seconds.
  importAddress: GUID: b37675bc656348c429a6c56b2eda1345 - Path: Packages/com.unity.collab-proxy/Editor/Assets/Styles/SignInWithEmailPanel.uss - Importer: ScriptedImporter/UnityEditor.QuickSearchModule:UnityEditor.Search:ASIAI0B
Importing 'GUID: b37675bc656348c429a6c56b2eda1345 - Path: Packages/com.unity.collab-proxy/Editor/Assets/Styles/SignInWithEmailPanel.uss - Importer: ScriptedImporter/UnityEditor.QuickSearchModule:UnityEditor.Search:ASIAI0B' with importer (ScriptedImporter : UnityEditor.QuickSearchModule:UnityEditor.Search:ASIAI0B)
Imported 'GUID: b37675bc656348c429a6c56b2eda1345' -> (Import Result ID: '31e3081d26776ffe980784881860b3ff') in 0.007 seconds [static and dynamic dependencies]. Details - ImportResultOutputID=911cffa0348629a7a0f14af611d547d9 DependenciesID=3838920d0efe51dfc3b058180feb1b65 StaticDependenciesID=2c51d71b2527f6f114d82924ab1abcb3 
Number of updated asset objects reloaded before import = 0
Number of asset objects unloaded after import = 2
========================================================================
Received Import Request.
  Time of request: 2026-09-19T15:00:39.5410214Z
  Time since last request: 0.0005664 seconds.
  importAddress: GUID: fdec637f96aaa6546ad88a90cae5dcf1 - Path: Packages/com.unity.collab-proxy/Editor/AssetsUtils/Processor/WorkspaceOperationsMonitor.cs - Importer: ScriptedImporter/UnityEditor.QuickSearchModule:UnityEditor.Search:ASIAI0B
Importing 'GUID: fdec637f96aaa6546ad88a90cae5dcf1 - Path: Packages/com.unity.collab-proxy/Editor/AssetsUtils/Processor/WorkspaceOperationsMonitor.cs - Importer: ScriptedImporter/UnityEditor.QuickSearchModule:UnityEditor.Search:ASIAI0B' with importer (ScriptedImporter : UnityEditor.QuickSearchModule:UnityEditor.Search:ASIAI0B)
Imported 'GUID: fdec637f96aaa6546ad88a90cae5dcf1' -> (Import Result ID: 'c55a6c54a86a007f8b0c1740f35e9e7d') in 0.003 seconds [static and dynamic dependencies]. Details - ImportResultOutputID=e3fa4373a23304f0a8d27464203ac537 DependenciesID=1618140c4ef319b86f6fe33b9327a8b7 StaticDependenciesID=6d10978d1e2de017750f68b4c85a2353 
Number of updated asset objects reloaded before import = 0
Number of asset objects unloaded after import = 0
========================================================================
Received Import Request.
  Time of request: 2026-09-19T15:00:39.5580021Z
  Time since last request: 0.0004342 seconds.
  importAddress: GUID: d3daa94b5fca9a648b12f6ef2aae752f - Path: Packages/com.unity.collab-proxy/Editor/AssetsUtils/Processor/UVCSAssetsProcessor.cs - Importer: ScriptedImporter/UnityEditor.QuickSearchModule:UnityEditor.Search:ASIAI0B
Importing 'GUID: d3daa94b5fca9a648b12f6ef2aae752f - Path: Packages/com.unity.collab-proxy/Editor/AssetsUtils/Processor/UVCSAssetsProcessor.cs - Importer: ScriptedImporter/UnityEditor.QuickSearchModule:UnityEditor.Search:ASIAI0B' with importer (ScriptedImporter : UnityEditor.QuickSearchModule:UnityEditor.Search:ASIAI0B)
Imported 'GUID: d3daa94b5fca9a648b12f6ef2aae752f' -> (Import Result ID: 'cdeb4a8a452c1635e63d3a5ef57ae7e2') in 0.003 seconds [static and dynamic dependencies]. Details - ImportResultOutputID=d96d153f04171c3db83e91c06db3463d DependenciesID=f1a07e08765434bcf9f9e461507d22c3 StaticDependenciesID=f50aa0f4075410d034f40b5ca6c74b5a 
Number of updated asset objects reloaded before import = 0
Number of asset objects unloaded after import = 0
========================================================================
Received Import Request.
  Time of request: 2026-09-19T15:00:39.5748732Z
  Time since last request: 0.0006289 seconds.
  importAddress: GUID: 8b317c5d61224f9d9a2210d02cd11fc5 - Path: Packages/com.unity.collab-proxy/Editor/Assistant/Tools/BranchTools.cs - Importer: ScriptedImporter/UnityEditor.QuickSearchModule:UnityEditor.Search:ASIAI0B
Importing 'GUID: 8b317c5d61224f9d9a2210d02cd11fc5 - Path: Packages/com.unity.collab-proxy/Editor/Assistant/Tools/BranchTools.cs - Importer: ScriptedImporter/UnityEditor.QuickSearchModule:UnityEditor.Search:ASIAI0B' with importer (ScriptedImporter : UnityEditor.QuickSearchModule:UnityEditor.Search:ASIAI0B)
Imported 'GUID: 8b317c5d61224f9d9a2210d02cd11fc5' -> (Import Result ID: 'ce218e27480a5e9882534cc83713110a') in 0.003 seconds [static and dynamic dependencies]. Details - ImportResultOutputID=8544f2caa440c48ef00b5a1d5887fc39 DependenciesID=6b5050a23cfc73ec314ee0f0ec93074a StaticDependenciesID=e6e5e435dc6e29ae41552b2cdb752a5b 
Number of updated asset objects reloaded before import = 0
Number of asset objects unloaded after import = 0
========================================================================
Received Import Request.
  Time of request: 2026-09-19T15:00:39.5915356Z
  Time since last request: 0.0004952 seconds.
  importAddress: GUID: 1e961af35726543d789225d3bf55d9cf - Path: Packages/com.unity.collab-proxy/Editor/Assets/Images/RGBAAll.png - Importer: ScriptedImporter/UnityEditor.QuickSearchModule:UnityEditor.Search:ASIAI0B
Importing 'GUID: 1e961af35726543d789225d3bf55d9cf - Path: Packages/com.unity.collab-proxy/Editor/Assets/Images/RGBAAll.png - Importer: ScriptedImporter/UnityEditor.QuickSearchModule:UnityEditor.Search:ASIAI0B' with importer (ScriptedImporter : UnityEditor.QuickSearchModule:UnityEditor.Search:ASIAI0B)
Imported 'GUID: 1e961af35726543d789225d3bf55d9cf' -> (Import Result ID: '8c4a5c74e3568c003a2e54c4e062de8f') in 0.014 seconds [static and dynamic dependencies]. Details - ImportResultOutputID=04bd34aa7cf46e97942f117175ffedf2 DependenciesID=67765fcef9852bd20a3dabd74faa151e StaticDependenciesID=5f59289d30ecfcdac84100f5638e671a 
Number of updated asset objects reloaded before import = 0
Number of asset objects unloaded after import = 3
========================================================================
Received Import Request.
  Time of request: 2026-09-19T15:00:39.6236146Z
  Time since last request: 0.0014482 seconds.
  importAddress: GUID: af0b1b09645584728aee1e67a2308ae2 - Path: Packages/com.unity.collab-proxy/Editor/Assistant/Tools/HistoryTools.cs - Importer: ScriptedImporter/UnityEditor.QuickSearchModule:UnityEditor.Search:ASIAI0B
Importing 'GUID: af0b1b09645584728aee1e67a2308ae2 - Path: Packages/com.unity.collab-proxy/Editor/Assistant/Tools/HistoryTools.cs - Importer: ScriptedImporter/UnityEditor.QuickSearchModule:UnityEditor.Search:ASIAI0B' with importer (ScriptedImporter : UnityEditor.QuickSearchModule:UnityEditor.Search:ASIAI0B)
Imported 'GUID: af0b1b09645584728aee1e67a2308ae2' -> (Import Result ID: '781a81696a71930b0afe2801b6fb4681') in 0.003 seconds [static and dynamic dependencies]. Details - ImportResultOutputID=cb9dc6514e3fe3e2d1f65d366804dffd DependenciesID=9ae578052fe9961f9a54fca00130791b StaticDependenciesID=2ef1c682dfe78c93163e8dc4e576b7db 
Number of updated asset objects reloaded before import = 0
Number of asset objects unloaded after import = 0
========================================================================
Received Import Request.
  Time of request: 2026-09-19T15:00:39.6457665Z
  Time since last request: 0.0006707 seconds.
  importAddress: GUID: 71cb30384b5f8d64ea7df220cff88d0c - Path: Packages/com.unity.collab-proxy/Editor/AssetsUtils/Processor/AssetsProcessor.cs - Importer: ScriptedImporter/UnityEditor.QuickSearchModule:UnityEditor.Search:ASIAI0B
Importing 'GUID: 71cb30384b5f8d64ea7df220cff88d0c - Path: Packages/com.unity.collab-proxy/Editor/AssetsUtils/Processor/AssetsProcessor.cs - Importer: ScriptedImporter/UnityEditor.QuickSearchModule:UnityEditor.Search:ASIAI0B' with importer (ScriptedImporter : UnityEditor.QuickSearchModule:UnityEditor.Search:ASIAI0B)
Imported 'GUID: 71cb30384b5f8d64ea7df220cff88d0c' -> (Import Result ID: 'e69a49c2fab3ab6d704f7dfe916f733f') in 0.003 seconds [static and dynamic dependencies]. Details - ImportResultOutputID=80f773e27dace35ad1586e593bad7612 DependenciesID=df7c767fbf8eb4eb4ed4044750cb5249 StaticDependenciesID=2d49a82dde515a487329c945e42c8e30 
Number of updated asset objects reloaded before import = 0
Number of asset objects unloaded after import = 0
========================================================================
Received Import Request.
  Time of request: 2026-09-19T15:00:39.6637918Z
  Time since last request: 0.0005718 seconds.
  importAddress: GUID: 63387a17b866347b390227e10a2b1f2e - Path: Packages/com.unity.collab-proxy/Editor/Assets/Images/inclusionrule.png - Importer: ScriptedImporter/UnityEditor.QuickSearchModule:UnityEditor.Search:ASIAI0B
Importing 'GUID: 63387a17b866347b390227e10a2b1f2e - Path: Packages/com.unity.collab-proxy/Editor/Assets/Images/inclusionrule.png - Importer: ScriptedImporter/UnityEditor.QuickSearchModule:UnityEditor.Search:ASIAI0B' with importer (ScriptedImporter : UnityEditor.QuickSearchModule:UnityEditor.Search:ASIAI0B)
Imported 'GUID: 63387a17b866347b390227e10a2b1f2e' -> (Import Result ID: 'eaa531c3956ee5cd2ea6f57b062ecfb5') in 0.008 seconds [static and dynamic dependencies]. Details - ImportResultOutputID=61e68f8dd3b7ba5425dd1462951493cb DependenciesID=5ecb97d0aa78e20d3dfcbc9dff21d6ff StaticDependenciesID=1b3e4af66fa9c7f29b96fb9ee5a7fafd 
Number of updated asset objects reloaded before import = 0
Number of asset objects unloaded after import = 3
========================================================================
Received Import Request.
  Time of request: 2026-09-19T15:00:39.838882Z
  Time since last request: 0.1498698 seconds.
  importAddress: GUID: c75b18825b89d4e2485182ab4ea5ddda - Path: Packages/com.unity.collab-proxy/Editor/CodeEditor/Document/OffsetChangeMap.cs - Importer: ScriptedImporter/UnityEditor.QuickSearchModule:UnityEditor.Search:ASIAI0B
Importing 'GUID: c75b18825b89d4e2485182ab4ea5ddda - Path: Packages/com.unity.collab-proxy/Editor/CodeEditor/Document/OffsetChangeMap.cs - Importer: ScriptedImporter/UnityEditor.QuickSearchModule:UnityEditor.Search:ASIAI0B' with importer (ScriptedImporter : UnityEditor.QuickSearchModule:UnityEditor.Search:ASIAI0B)
Imported 'GUID: c75b18825b89d4e2485182ab4ea5ddda' -> (Import Result ID: '6dccce2716203aaa45fca04bbf116e24') in 0.003 seconds [static and dynamic dependencies]. Details - ImportResultOutputID=2d7b097f8c37ccfe164deabcac694aaf DependenciesID=39a16e37d1bfb2559ccdee612374a57b StaticDependenciesID=8653f7bdd158868841db8df92fb4720e 
Number of updated asset objects reloaded before import = 0
Number of asset objects unloaded after import = 0
========================================================================
Received Import Request.
  Time of request: 2026-09-19T15:00:39.8614224Z
  Time since last request: 0.0003603 seconds.
  importAddress: GUID: 5f56e27ecc3894d8db9d599e039eab01 - Path: Packages/com.unity.collab-proxy/Editor/Assistant/Tools/UITools.cs - Importer: ScriptedImporter/UnityEditor.QuickSearchModule:UnityEditor.Search:ASIAI0B
Importing 'GUID: 5f56e27ecc3894d8db9d599e039eab01 - Path: Packages/com.unity.collab-proxy/Editor/Assistant/Tools/UITools.cs - Importer: ScriptedImporter/UnityEditor.QuickSearchModule:UnityEditor.Search:ASIAI0B' with importer (ScriptedImporter : UnityEditor.QuickSearchModule:UnityEditor.Search:ASIAI0B)
Imported 'GUID: 5f56e27ecc3894d8db9d599e039eab01' -> (Import Result ID: '04f221fd525069be087181b1fc08d1c9') in 0.004 seconds [static and dynamic dependencies]. Details - ImportResultOutputID=1ae1defe5db2ebe6c7addd07a1cddf6e DependenciesID=a7ff623c380ae575ad69c998620ece21 StaticDependenciesID=d0ae97975a60f9551bd46c7148012cb0 
Number of updated asset objects reloaded before import = 0
Number of asset objects unloaded after import = 0
========================================================================
Received Import Request.
  Time of request: 2026-09-19T15:00:39.8818527Z
  Time since last request: 0.0002615 seconds.
  importAddress: GUID: 45287be3ac9444c08ec6fa91021df881 - Path: Packages/com.unity.collab-proxy/Editor/CodeEditor/Editing/Caret.cs - Importer: ScriptedImporter/UnityEditor.QuickSearchModule:UnityEditor.Search:ASIAI0B
Importing 'GUID: 45287be3ac9444c08ec6fa91021df881 - Path: Packages/com.unity.collab-proxy/Editor/CodeEditor/Editing/Caret.cs - Importer: ScriptedImporter/UnityEditor.QuickSearchModule:UnityEditor.Search:ASIAI0B' with importer (ScriptedImporter : UnityEditor.QuickSearchModule:UnityEditor.Search:ASIAI0B)
Imported 'GUID: 45287be3ac9444c08ec6fa91021df881' -> (Import Result ID: '082cc316893b016eddffbf13392a836c') in 0.007 seconds [static and dynamic dependencies]. Details - ImportResultOutputID=c1677ca389c83287e3f1630c372549b4 DependenciesID=374f227735a64b8fa50d9602d748bda7 StaticDependenciesID=673598a6237c3ed664a26430e0314242 
Number of updated asset objects reloaded before import = 0
Number of asset objects unloaded after import = 0
========================================================================
Received Import Request.
  Time of request: 2026-09-19T15:00:39.9076782Z
  Time since last request: 0.0007454 seconds.
  importAddress: GUID: eb0dcdae5773e44869a9ea2b87f7d8a1 - Path: Packages/com.unity.collab-proxy/Editor/CodeEditor/Document/DocumentChangeEventArgs.cs - Importer: ScriptedImporter/UnityEditor.QuickSearchModule:UnityEditor.Search:ASIAI0B
Importing 'GUID: eb0dcdae5773e44869a9ea2b87f7d8a1 - Path: Packages/com.unity.collab-proxy/Editor/CodeEditor/Document/DocumentChangeEventArgs.cs - Importer: ScriptedImporter/UnityEditor.QuickSearchModule:UnityEditor.Search:ASIAI0B' with importer (ScriptedImporter : UnityEditor.QuickSearchModule:UnityEditor.Search:ASIAI0B)
Imported 'GUID: eb0dcdae5773e44869a9ea2b87f7d8a1' -> (Import Result ID: '92594e001f13f6c858baf6e806200714') in 0.003 seconds [static and dynamic dependencies]. Details - ImportResultOutputID=eec251f9a6cc0fa953bbc3a65fca153c DependenciesID=1fe0000fc2402259db052a7d0f8f13fc StaticDependenciesID=cd6bd2a9218026973ae8966443be18ac 
Number of updated asset objects reloaded before import = 0
Number of asset objects unloaded after import = 0
========================================================================
Received Import Request.
  Time of request: 2026-09-19T15:00:39.9296526Z
  Time since last request: 0.0010093 seconds.
  importAddress: GUID: e76f45abe6dcffe438b00d78c0aca721 - Path: Packages/com.unity.collab-proxy/Editor/CodeEditor/Editing/CaretWeakEventHandler.cs - Importer: ScriptedImporter/UnityEditor.QuickSearchModule:UnityEditor.Search:ASIAI0B
Importing 'GUID: e76f45abe6dcffe438b00d78c0aca721 - Path: Packages/com.unity.collab-proxy/Editor/CodeEditor/Editing/CaretWeakEventHandler.cs - Importer: ScriptedImporter/UnityEditor.QuickSearchModule:UnityEditor.Search:ASIAI0B' with importer (ScriptedImporter : UnityEditor.QuickSearchModule:UnityEditor.Search:ASIAI0B)
Imported 'GUID: e76f45abe6dcffe438b00d78c0aca721' -> (Import Result ID: 'd7f4a2816768e5952589f5306e2c3387') in 0.004 seconds [static and dynamic dependencies]. Details - ImportResultOutputID=0310af6c177b05310d887fa11ef8f293 DependenciesID=43b841296a4b57884ffabda8a6b5ee72 StaticDependenciesID=0a4684c29cfd98bfc9481a00bcf56199 
Number of updated asset objects reloaded before import = 0
Number of asset objects unloaded after import = 0
========================================================================
Received Import Request.
  Time of request: 2026-09-19T15:00:39.9517655Z
  Time since last request: 0.0006585 seconds.
  importAddress: GUID: 3fdd4fc558bf14e809d9ede79af274da - Path: Packages/com.unity.collab-proxy/Editor/CodeEditor/Document/DocumentChangeOperation.cs - Importer: ScriptedImporter/UnityEditor.QuickSearchModule:UnityEditor.Search:ASIAI0B
Importing 'GUID: 3fdd4fc558bf14e809d9ede79af274da - Path: Packages/com.unity.collab-proxy/Editor/CodeEditor/Document/DocumentChangeOperation.cs - Importer: ScriptedImporter/UnityEditor.QuickSearchModule:UnityEditor.Search:ASIAI0B' with importer (ScriptedImporter : UnityEditor.QuickSearchModule:UnityEditor.Search:ASIAI0B)
Imported 'GUID: 3fdd4fc558bf14e809d9ede79af274da' -> (Import Result ID: '68fab1d09a34a0054bb7798cf7711b72') in 0.004 seconds [static and dynamic dependencies]. Details - ImportResultOutputID=ce7b3dd51cacb5ee42d8ba74f829cd13 DependenciesID=e8372820710a4e9604accb79163e1ae8 StaticDependenciesID=88de34f0d944af845e4158aaf1df9b5d 
Number of updated asset objects reloaded before import = 0
Number of asset objects unloaded after import = 0
========================================================================
Received Import Request.
  Time of request: 2026-09-19T15:00:39.9746066Z
  Time since last request: 0.0005767 seconds.
  importAddress: GUID: 224736fab6ec4e119f1f69e2c1d7b554 - Path: Packages/com.unity.collab-proxy/Editor/CloudDrive/CreateWorkspace/CollaboratorsMultiColumnHeader.cs - Importer: ScriptedImporter/UnityEditor.QuickSearchModule:UnityEditor.Search:ASIAI0B
Importing 'GUID: 224736fab6ec4e119f1f69e2c1d7b554 - Path: Packages/com.unity.collab-proxy/Editor/CloudDrive/CreateWorkspace/CollaboratorsMultiColumnHeader.cs - Importer: ScriptedImporter/UnityEditor.QuickSearchModule:UnityEditor.Search:ASIAI0B' with importer (ScriptedImporter : UnityEditor.QuickSearchModule:UnityEditor.Search:ASIAI0B)
Imported 'GUID: 224736fab6ec4e119f1f69e2c1d7b554' -> (Import Result ID: '5a2997d970279383b5f11a9405538675') in 0.003 seconds [static and dynamic dependencies]. Details - ImportResultOutputID=6ddecf01aee96684f3cc4d87889b8721 DependenciesID=01760b53b58ec99ecccbd2d0e0c01636 StaticDependenciesID=fc88f977b2c5ff37d60361c57a4ff913 
Number of updated asset objects reloaded before import = 0
Number of asset objects unloaded after import = 0
========================================================================
Received Import Request.
  Time of request: 2026-09-19T15:00:39.993928Z
  Time since last request: 0.0006458 seconds.
  importAddress: GUID: 5dfac2b13e9764409aa8a40c87c86404 - Path: Packages/com.unity.collab-proxy/Editor/Assistant/Tools/UVCSExecuteTool.cs - Importer: ScriptedImporter/UnityEditor.QuickSearchModule:UnityEditor.Search:ASIAI0B
Importing 'GUID: 5dfac2b13e9764409aa8a40c87c86404 - Path: Packages/com.unity.collab-proxy/Editor/Assistant/Tools/UVCSExecuteTool.cs - Importer: ScriptedImporter/UnityEditor.QuickSearchModule:UnityEditor.Search:ASIAI0B' with importer (ScriptedImporter : UnityEditor.QuickSearchModule:UnityEditor.Search:ASIAI0B)
Imported 'GUID: 5dfac2b13e9764409aa8a40c87c86404' -> (Import Result ID: '5e8008db489d47915a6a42bf7858cfb9') in 0.003 seconds [static and dynamic dependencies]. Details - ImportResultOutputID=45faf71308cbb502e7a04fcc4fff8684 DependenciesID=b1d495db11e84d9d086aab38da8b34f7 StaticDependenciesID=ee911fc8b895923124c68403648dd620 
Number of updated asset objects reloaded before import = 0
Number of asset objects unloaded after import = 0
========================================================================
Received Import Request.
  Time of request: 2026-09-19T15:00:40.0131788Z
  Time since last request: 0.0006033 seconds.
  importAddress: GUID: f053b65364b4545b38e5a456af79939e - Path: Packages/com.unity.collab-proxy/Editor/CodeEditor/Document/RopeTextSource.cs - Importer: ScriptedImporter/UnityEditor.QuickSearchModule:UnityEditor.Search:ASIAI0B
Importing 'GUID: f053b65364b4545b38e5a456af79939e - Path: Packages/com.unity.collab-proxy/Editor/CodeEditor/Document/RopeTextSource.cs - Importer: ScriptedImporter/UnityEditor.QuickSearchModule:UnityEditor.Search:ASIAI0B' with importer (ScriptedImporter : UnityEditor.QuickSearchModule:UnityEditor.Search:ASIAI0B)
Imported 'GUID: f053b65364b4545b38e5a456af79939e' -> (Import Result ID: '24e0a17dc9af9bca85c91ce03a70f371') in 0.004 seconds [static and dynamic dependencies]. Details - ImportResultOutputID=18dc53337182753d1b2f3a2f91949823 DependenciesID=1aa45653c56d8f36a9b25687e6bf97d8 StaticDependenciesID=48e9c113b0e98016a2de95191ab1adef 
Number of updated asset objects reloaded before import = 0
Number of asset objects unloaded after import = 0
========================================================================
Received Import Request.
  Time of request: 2026-09-19T15:00:40.0337749Z
  Time since last request: 0.0004978 seconds.
  importAddress: GUID: c63e2acf5cfd4816b950cf4bf6381b6f - Path: Packages/com.unity.collab-proxy/Editor/CloudDrive/Workspaces/CloudWorkspacesView.cs - Importer: ScriptedImporter/UnityEditor.QuickSearchModule:UnityEditor.Search:ASIAI0B
Importing 'GUID: c63e2acf5cfd4816b950cf4bf6381b6f - Path: Packages/com.unity.collab-proxy/Editor/CloudDrive/Workspaces/CloudWorkspacesView.cs - Importer: ScriptedImporter/UnityEditor.QuickSearchModule:UnityEditor.Search:ASIAI0B' with importer (ScriptedImporter : UnityEditor.QuickSearchModule:UnityEditor.Search:ASIAI0B)
Imported 'GUID: c63e2acf5cfd4816b950cf4bf6381b6f' -> (Import Result ID: 'df58a1b7dc80b6d971a29472aba57f7b') in 0.003 seconds [static and dynamic dependencies]. Details - ImportResultOutputID=e3dbb6d8b3a3e07fe3b3066316597620 DependenciesID=6d73e57c1e4a52e333d5215b84dd8890 StaticDependenciesID=d00eb58f9288b197a72bcaa95f681d87 
Number of updated asset objects reloaded before import = 0
Number of asset objects unloaded after import = 0
========================================================================
Received Import Request.
  Time of request: 2026-09-19T15:00:40.0528714Z
  Time since last request: 0.0006948 seconds.
  importAddress: GUID: 3a70b5eaccc1e42a99eadc319fa45595 - Path: Packages/com.unity.collab-proxy/Editor/CodeEditor/Document/TextSegment.cs - Importer: ScriptedImporter/UnityEditor.QuickSearchModule:UnityEditor.Search:ASIAI0B
Importing 'GUID: 3a70b5eaccc1e42a99eadc319fa45595 - Path: Packages/com.unity.collab-proxy/Editor/CodeEditor/Document/TextSegment.cs - Importer: ScriptedImporter/UnityEditor.QuickSearchModule:UnityEditor.Search:ASIAI0B' with importer (ScriptedImporter : UnityEditor.QuickSearchModule:UnityEditor.Search:ASIAI0B)
Imported 'GUID: 3a70b5eaccc1e42a99eadc319fa45595' -> (Import Result ID: 'e44f85f92a479b7c2ed87a3ac011ff50') in 0.003 seconds [static and dynamic dependencies]. Details - ImportResultOutputID=afc219e6a403490ceea491f4d888783b DependenciesID=c98de1cec86edc70d5b57e2110857181 StaticDependenciesID=46e1760ec79e53c38ca2df051f853282 
Number of updated asset objects reloaded before import = 0
Number of asset objects unloaded after import = 0
========================================================================
Received Import Request.
  Time of request: 2026-09-19T15:00:40.0715213Z
  Time since last request: 0.0005238 seconds.
  importAddress: GUID: abdd7cad9f7d58546ac746130105711a - Path: Packages/com.unity.collab-proxy/Editor/CloudDrive/CreateWorkspace/CreateWorkspacePanel.cs - Importer: ScriptedImporter/UnityEditor.QuickSearchModule:UnityEditor.Search:ASIAI0B
Importing 'GUID: abdd7cad9f7d58546ac746130105711a - Path: Packages/com.unity.collab-proxy/Editor/CloudDrive/CreateWorkspace/CreateWorkspacePanel.cs - Importer: ScriptedImporter/UnityEditor.QuickSearchModule:UnityEditor.Search:ASIAI0B' with importer (ScriptedImporter : UnityEditor.QuickSearchModule:UnityEditor.Search:ASIAI0B)
Imported 'GUID: abdd7cad9f7d58546ac746130105711a' -> (Import Result ID: '9aa929e5ee31a37da8ab608f4be6d9c5') in 0.003 seconds [static and dynamic dependencies]. Details - ImportResultOutputID=926f444bd3bb5fc0e9b64f13e74b37ac DependenciesID=cb009eb6bf205c1312bce7615fb583bf StaticDependenciesID=0c5fd3bda5f3a23eca71b857440b7a13 
Number of updated asset objects reloaded before import = 0
Number of asset objects unloaded after import = 0
========================================================================
Received Import Request.
  Time of request: 2026-09-19T15:00:40.0912284Z
  Time since last request: 0.0006187 seconds.
  importAddress: GUID: 7d8e4407573404e26af41eacb660eb3e - Path: Packages/com.unity.collab-proxy/Editor/CodeEditor/Document/DocumentLineTree.cs - Importer: ScriptedImporter/UnityEditor.QuickSearchModule:UnityEditor.Search:ASIAI0B
Importing 'GUID: 7d8e4407573404e26af41eacb660eb3e - Path: Packages/com.unity.collab-proxy/Editor/CodeEditor/Document/DocumentLineTree.cs - Importer: ScriptedImporter/UnityEditor.QuickSearchModule:UnityEditor.Search:ASIAI0B' with importer (ScriptedImporter : UnityEditor.QuickSearchModule:UnityEditor.Search:ASIAI0B)
Imported 'GUID: 7d8e4407573404e26af41eacb660eb3e' -> (Import Result ID: 'fd59859ef63a5783c9877432736f716a') in 0.002 seconds [static and dynamic dependencies]. Details - ImportResultOutputID=56f75e5f3df3008c738ec2c2dcaf5483 DependenciesID=7958f00970d8eb950054ac6a5b195576 StaticDependenciesID=7064245be950550c8678d74610f11cca 
Number of updated asset objects reloaded before import = 0
Number of asset objects unloaded after import = 0
========================================================================
Received Import Request.
  Time of request: 2026-09-19T15:00:40.1088923Z
  Time since last request: 0.0005311 seconds.
  importAddress: GUID: 420fb70569c5a44e19076a23cf7a7cce - Path: Packages/com.unity.collab-proxy/Editor/CodeEditor/Document/UndoOperationGroup.cs - Importer: ScriptedImporter/UnityEditor.QuickSearchModule:UnityEditor.Search:ASIAI0B
Importing 'GUID: 420fb70569c5a44e19076a23cf7a7cce - Path: Packages/com.unity.collab-proxy/Editor/CodeEditor/Document/UndoOperationGroup.cs - Importer: ScriptedImporter/UnityEditor.QuickSearchModule:UnityEditor.Search:ASIAI0B' with importer (ScriptedImporter : UnityEditor.QuickSearchModule:UnityEditor.Search:ASIAI0B)
Imported 'GUID: 420fb70569c5a44e19076a23cf7a7cce' -> (Import Result ID: 'ec642a5ca11bce980a2cddae0cbc2191') in 0.003 seconds [static and dynamic dependencies]. Details - ImportResultOutputID=91b24fce4152b3c3218bfa2d760a6f9f DependenciesID=e6eaad917431fa1818e1edde55f6ec62 StaticDependenciesID=7137795e636565dc086df146068ccc6a 
Number of updated asset objects reloaded before import = 0
Number of asset objects unloaded after import = 0
========================================================================
Received Import Request.
  Time of request: 2026-09-19T15:00:40.1278678Z
  Time since last request: 0.0005367 seconds.
  importAddress: GUID: 6fa7f4f386ba74571bc126c89255222e - Path: Packages/com.unity.collab-proxy/Editor/CodeEditor/Document/TextAnchor.cs - Importer: ScriptedImporter/UnityEditor.QuickSearchModule:UnityEditor.Search:ASIAI0B
Importing 'GUID: 6fa7f4f386ba74571bc126c89255222e - Path: Packages/com.unity.collab-proxy/Editor/CodeEditor/Document/TextAnchor.cs - Importer: ScriptedImporter/UnityEditor.QuickSearchModule:UnityEditor.Search:ASIAI0B' with importer (ScriptedImporter : UnityEditor.QuickSearchModule:UnityEditor.Search:ASIAI0B)
Imported 'GUID: 6fa7f4f386ba74571bc126c89255222e' -> (Import Result ID: '8ede6c7146fa3cd02cbaf24c9cf313d6') in 0.003 seconds [static and dynamic dependencies]. Details - ImportResultOutputID=7d0fd504788eb75985f0874303591f33 DependenciesID=431752a293efe3c444a1ed363370d02a StaticDependenciesID=391d466524271f42f571475c5da28b09 
Number of updated asset objects reloaded before import = 0
Number of asset objects unloaded after import = 0
========================================================================
Received Import Request.
  Time of request: 2026-09-19T15:00:40.1486749Z
  Time since last request: 0.000611 seconds.
  importAddress: GUID: 7289a765b886748bcb6d677f6977fc52 - Path: Packages/com.unity.collab-proxy/Editor/CodeEditor/Document/TextSegmentCollection.cs - Importer: ScriptedImporter/UnityEditor.QuickSearchModule:UnityEditor.Search:ASIAI0B
Importing 'GUID: 7289a765b886748bcb6d677f6977fc52 - Path: Packages/com.unity.collab-proxy/Editor/CodeEditor/Document/TextSegmentCollection.cs - Importer: ScriptedImporter/UnityEditor.QuickSearchModule:UnityEditor.Search:ASIAI0B' with importer (ScriptedImporter : UnityEditor.QuickSearchModule:UnityEditor.Search:ASIAI0B)
Imported 'GUID: 7289a765b886748bcb6d677f6977fc52' -> (Import Result ID: '14ba7eb595662a42692d6796562facd4') in 0.003 seconds [static and dynamic dependencies]. Details - ImportResultOutputID=81b40203b92a9220dab795cf8a9a33b5 DependenciesID=38a9a20438a8dfdee76a6bd74922f4a0 StaticDependenciesID=91c1a8ed717879bc62e910ebb888010c 
Number of updated asset objects reloaded before import = 0
Number of asset objects unloaded after import = 0
========================================================================
Received Import Request.
  Time of request: 2026-09-19T15:00:40.1965474Z
  Time since last request: 0.0291237 seconds.
  importAddress: GUID: f7bef4518e6241d5b7ef35e385385335 - Path: Packages/com.unity.collab-proxy/Editor/CodeEditor/Rendering/CharacterHit.cs - Importer: ScriptedImporter/UnityEditor.QuickSearchModule:UnityEditor.Search:ASIAI0B
Importing 'GUID: f7bef4518e6241d5b7ef35e385385335 - Path: Packages/com.unity.collab-proxy/Editor/CodeEditor/Rendering/CharacterHit.cs - Importer: ScriptedImporter/UnityEditor.QuickSearchModule:UnityEditor.Search:ASIAI0B' with importer (ScriptedImporter : UnityEditor.QuickSearchModule:UnityEditor.Search:ASIAI0B)
Imported 'GUID: f7bef4518e6241d5b7ef35e385385335' -> (Import Result ID: '8b5fb19cc28a212848efea5cd4789df9') in 0.003 seconds [static and dynamic dependencies]. Details - ImportResultOutputID=6a0ac271e6dbe9b5fbbaab4011821307 DependenciesID=b0a1e9eeef849762035e5af02d762709 StaticDependenciesID=cb6c7ad70e6070b52240a075c26e9f4d 
Number of updated asset objects reloaded before import = 0
Number of asset objects unloaded after import = 0
========================================================================
Received Import Request.
  Time of request: 2026-09-19T15:00:40.2168836Z
  Time since last request: 0.0011513 seconds.
  importAddress: GUID: ec14ec41eccdd49fe93e6e4e0191c287 - Path: Packages/com.unity.collab-proxy/Editor/CodeEditor/Search/SearchResultBackgroundRenderer.cs - Importer: ScriptedImporter/UnityEditor.QuickSearchModule:UnityEditor.Search:ASIAI0B
Importing 'GUID: ec14ec41eccdd49fe93e6e4e0191c287 - Path: Packages/com.unity.collab-proxy/Editor/CodeEditor/Search/SearchResultBackgroundRenderer.cs - Importer: ScriptedImporter/UnityEditor.QuickSearchModule:UnityEditor.Search:ASIAI0B' with importer (ScriptedImporter : UnityEditor.QuickSearchModule:UnityEditor.Search:ASIAI0B)
Imported 'GUID: ec14ec41eccdd49fe93e6e4e0191c287' -> (Import Result ID: '764dca2f98e894eb006247fd68ea3fba') in 0.004 seconds [static and dynamic dependencies]. Details - ImportResultOutputID=1ddff0b29db6260467211f6943ac4a6c DependenciesID=3c0363a536686677bd70dabbc521f38c StaticDependenciesID=482fad0c59e083d2ecf1c0ff5f9c66db 
Number of updated asset objects reloaded before import = 0
Number of asset objects unloaded after import = 0
========================================================================
Received Import Request.
  Time of request: 2026-09-19T15:00:40.2378264Z
  Time since last request: 0.0006663 seconds.
  importAddress: GUID: c46fba980ad348788e35c490b31b1330 - Path: Packages/com.unity.collab-proxy/Editor/CodeEditor/Rendering/Layer.cs - Importer: ScriptedImporter/UnityEditor.QuickSearchModule:UnityEditor.Search:ASIAI0B
Importing 'GUID: c46fba980ad348788e35c490b31b1330 - Path: Packages/com.unity.collab-proxy/Editor/CodeEditor/Rendering/Layer.cs - Importer: ScriptedImporter/UnityEditor.QuickSearchModule:UnityEditor.Search:ASIAI0B' with importer (ScriptedImporter : UnityEditor.QuickSearchModule:UnityEditor.Search:ASIAI0B)
Imported 'GUID: c46fba980ad348788e35c490b31b1330' -> (Import Result ID: '7a064e751eea14e2f363d69d4a3fbb3d') in 0.003 seconds [static and dynamic dependencies]. Details - ImportResultOutputID=0e0d8d6152970b10dc7140ef4863f390 DependenciesID=32c8655bd89c6a9680f3c5069e50db48 StaticDependenciesID=2c91a56b525097adec05f056fc729b63 
Number of updated asset objects reloaded before import = 0
Number of asset objects unloaded after import = 0
========================================================================
Received Import Request.
  Time of request: 2026-09-19T15:00:40.2559262Z
  Time since last request: 0.0006385 seconds.
  importAddress: GUID: e50698d1043640dc8ef26d6236f48f1b - Path: Packages/com.unity.collab-proxy/Editor/CodeEditor/Rendering/SingleCharacterElementGenerator.cs - Importer: ScriptedImporter/UnityEditor.QuickSearchModule:UnityEditor.Search:ASIAI0B
Importing 'GUID: e50698d1043640dc8ef26d6236f48f1b - Path: Packages/com.unity.collab-proxy/Editor/CodeEditor/Rendering/SingleCharacterElementGenerator.cs - Importer: ScriptedImporter/UnityEditor.QuickSearchModule:UnityEditor.Search:ASIAI0B' with importer (ScriptedImporter : UnityEditor.QuickSearchModule:UnityEditor.Search:ASIAI0B)
Imported 'GUID: e50698d1043640dc8ef26d6236f48f1b' -> (Import Result ID: '5de20b3d3ac3df231601a8438bb59c8d') in 0.003 seconds [static and dynamic dependencies]. Details - ImportResultOutputID=aa977a35b8f3829a7da7a49fa151cc30 DependenciesID=04c17ea9abf6f2b03459894ba09b7cf0 StaticDependenciesID=1f50d431a144ed9c1cbb25f5de034998 
Number of updated asset objects reloaded before import = 0
Number of asset objects unloaded after import = 0
========================================================================
Received Import Request.
  Time of request: 2026-09-19T15:00:40.2771129Z
  Time since last request: 0.0006188 seconds.
  importAddress: GUID: 999512b3c047453981fd61b8533ac1fd - Path: Packages/com.unity.collab-proxy/Editor/CodeEditor/Rendering/IBackgroundRenderer.cs - Importer: ScriptedImporter/UnityEditor.QuickSearchModule:UnityEditor.Search:ASIAI0B
Importing 'GUID: 999512b3c047453981fd61b8533ac1fd - Path: Packages/com.unity.collab-proxy/Editor/CodeEditor/Rendering/IBackgroundRenderer.cs - Importer: ScriptedImporter/UnityEditor.QuickSearchModule:UnityEditor.Search:ASIAI0B' with importer (ScriptedImporter : UnityEditor.QuickSearchModule:UnityEditor.Search:ASIAI0B)
Imported 'GUID: 999512b3c047453981fd61b8533ac1fd' -> (Import Result ID: '6ff727d16f68c934935e6b06aa32d2f9') in 0.003 seconds [static and dynamic dependencies]. Details - ImportResultOutputID=a5694c531b519981b74893d90d3e06d3 DependenciesID=186d71b31e7d358e5367688681370bd0 StaticDependenciesID=3368d58b15e7960eef6be1025ebe7148 
Number of updated asset objects reloaded before import = 0
Number of asset objects unloaded after import = 0
========================================================================
Received Import Request.
  Time of request: 2026-09-19T15:00:40.2946876Z
  Time since last request: 0.0006286 seconds.
  importAddress: GUID: d90fa08383d64773aa221be3f519db0d - Path: Packages/com.unity.collab-proxy/Editor/CodeEditor/Rendering/VisualLineElement.cs - Importer: ScriptedImporter/UnityEditor.QuickSearchModule:UnityEditor.Search:ASIAI0B
Importing 'GUID: d90fa08383d64773aa221be3f519db0d - Path: Packages/com.unity.collab-proxy/Editor/CodeEditor/Rendering/VisualLineElement.cs - Importer: ScriptedImporter/UnityEditor.QuickSearchModule:UnityEditor.Search:ASIAI0B' with importer (ScriptedImporter : UnityEditor.QuickSearchModule:UnityEditor.Search:ASIAI0B)
Imported 'GUID: d90fa08383d64773aa221be3f519db0d' -> (Import Result ID: '20cfcc5c4cb1c30b73fd12b6f0b97e2e') in 0.003 seconds [static and dynamic dependencies]. Details - ImportResultOutputID=a10fcf6ebf2e56a97e3d935ddf2905c5 DependenciesID=79a084d3ad1a302eb34afb1da6fe4796 StaticDependenciesID=ade679edfa6da3e23e8d80fd090251c5 
Number of updated asset objects reloaded before import = 0
Number of asset objects unloaded after import = 0
========================================================================
Received Import Request.
  Time of request: 2026-09-19T15:00:40.3139287Z
  Time since last request: 0.0006886 seconds.
  importAddress: GUID: 3d90656409b04b918d9e0abfefbc39df - Path: Packages/com.unity.collab-proxy/Editor/CodeEditor/Rendering/SimpleTextSource.cs - Importer: ScriptedImporter/UnityEditor.QuickSearchModule:UnityEditor.Search:ASIAI0B
Importing 'GUID: 3d90656409b04b918d9e0abfefbc39df - Path: Packages/com.unity.collab-proxy/Editor/CodeEditor/Rendering/SimpleTextSource.cs - Importer: ScriptedImporter/UnityEditor.QuickSearchModule:UnityEditor.Search:ASIAI0B' with importer (ScriptedImporter : UnityEditor.QuickSearchModule:UnityEditor.Search:ASIAI0B)
Imported 'GUID: 3d90656409b04b918d9e0abfefbc39df' -> (Import Result ID: '7bcf0f9fd8dadb4b9d9c5ecd7fb8d5da') in 0.003 seconds [static and dynamic dependencies]. Details - ImportResultOutputID=f237e66fd6ed38133c63ba8cc6afabf0 DependenciesID=257fa89173f62cfe2ee4a9a98ce0d319 StaticDependenciesID=ed3ccc34cbc6637fbc323761041a147c 
Number of updated asset objects reloaded before import = 0
Number of asset objects unloaded after import = 0
========================================================================
Received Import Request.
  Time of request: 2026-09-19T15:00:40.3309331Z
  Time since last request: 0.0005997 seconds.
  importAddress: GUID: 804b447ae94d4867aaebc623b9e491f6 - Path: Packages/com.unity.collab-proxy/Editor/CodeEditor/Rendering/HeightTreeNode.cs - Importer: ScriptedImporter/UnityEditor.QuickSearchModule:UnityEditor.Search:ASIAI0B
Importing 'GUID: 804b447ae94d4867aaebc623b9e491f6 - Path: Packages/com.unity.collab-proxy/Editor/CodeEditor/Rendering/HeightTreeNode.cs - Importer: ScriptedImporter/UnityEditor.QuickSearchModule:UnityEditor.Search:ASIAI0B' with importer (ScriptedImporter : UnityEditor.QuickSearchModule:UnityEditor.Search:ASIAI0B)
Imported 'GUID: 804b447ae94d4867aaebc623b9e491f6' -> (Import Result ID: '6eb05ebb6299c2736711b46abeac1bc3') in 0.002 seconds [static and dynamic dependencies]. Details - ImportResultOutputID=5624e5204a60948abb90367d8bae6772 DependenciesID=057c63a9b18cd04ef4984782d601ead1 StaticDependenciesID=1e893fc39605562de769df05d6dece7d 
Number of updated asset objects reloaded before import = 0
Number of asset objects unloaded after import = 0
========================================================================
Received Import Request.
  Time of request: 2026-09-19T15:00:40.345636Z
  Time since last request: 0.0004364 seconds.
  importAddress: GUID: e1d8413c77dcb4c14951e8f7cdaa4b4d - Path: Packages/com.unity.collab-proxy/Editor/CodeEditor/Search/SearchStrategyFactory.cs - Importer: ScriptedImporter/UnityEditor.QuickSearchModule:UnityEditor.Search:ASIAI0B
Importing 'GUID: e1d8413c77dcb4c14951e8f7cdaa4b4d - Path: Packages/com.unity.collab-proxy/Editor/CodeEditor/Search/SearchStrategyFactory.cs - Importer: ScriptedImporter/UnityEditor.QuickSearchModule:UnityEditor.Search:ASIAI0B' with importer (ScriptedImporter : UnityEditor.QuickSearchModule:UnityEditor.Search:ASIAI0B)
Imported 'GUID: e1d8413c77dcb4c14951e8f7cdaa4b4d' -> (Import Result ID: '9e7e49147043c0ab2780c0af2b0d3922') in 0.003 seconds [static and dynamic dependencies]. Details - ImportResultOutputID=3bc3c2c6835f6a90122b5ad73a81922c DependenciesID=5179ca77877143a523938d644f0221d4 StaticDependenciesID=d1d05ef50bc64beda61144b6dbe64c32 
Number of updated asset objects reloaded before import = 0
Number of asset objects unloaded after import = 0
========================================================================
Received Import Request.
  Time of request: 2026-09-19T15:00:40.3651867Z
  Time since last request: 0.000558 seconds.
  importAddress: GUID: fc13de587ae0f4da9a3daaff87f980e9 - Path: Packages/com.unity.collab-proxy/Editor/CodeEditor/Search/ISearchStrategy.cs - Importer: ScriptedImporter/UnityEditor.QuickSearchModule:UnityEditor.Search:ASIAI0B
Importing 'GUID: fc13de587ae0f4da9a3daaff87f980e9 - Path: Packages/com.unity.collab-proxy/Editor/CodeEditor/Search/ISearchStrategy.cs - Importer: ScriptedImporter/UnityEditor.QuickSearchModule:UnityEditor.Search:ASIAI0B' with importer (ScriptedImporter : UnityEditor.QuickSearchModule:UnityEditor.Search:ASIAI0B)
Imported 'GUID: fc13de587ae0f4da9a3daaff87f980e9' -> (Import Result ID: '2cb4aacd7159d048cfd00ed6d5c46306') in 0.003 seconds [static and dynamic dependencies]. Details - ImportResultOutputID=b5661d24ce34453e1eb66ef729441599 DependenciesID=91df1e922f29716cb8419f16c2018c03 StaticDependenciesID=1eca188ed21cc47e084f3f97fb1dbee5 
Number of updated asset objects reloaded before import = 0
Number of asset objects unloaded after import = 0
========================================================================
Received Import Request.
  Time of request: 2026-09-19T15:00:40.3868482Z
  Time since last request: 0.0007904 seconds.
  importAddress: GUID: 17983278f10d4455a8b77556019ab3b1 - Path: Packages/com.unity.collab-proxy/Editor/CodeEditor/Rendering/VisualLinesInvalidException.cs - Importer: ScriptedImporter/UnityEditor.QuickSearchModule:UnityEditor.Search:ASIAI0B
Importing 'GUID: 17983278f10d4455a8b77556019ab3b1 - Path: Packages/com.unity.collab-proxy/Editor/CodeEditor/Rendering/VisualLinesInvalidException.cs - Importer: ScriptedImporter/UnityEditor.QuickSearchModule:UnityEditor.Search:ASIAI0B' with importer (ScriptedImporter : UnityEditor.QuickSearchModule:UnityEditor.Search:ASIAI0B)
Imported 'GUID: 17983278f10d4455a8b77556019ab3b1' -> (Import Result ID: 'ffd3a242f046415ea8330a5e9c1ae332') in 0.003 seconds [static and dynamic dependencies]. Details - ImportResultOutputID=93f76af10604d160489253ce0d7e8bba DependenciesID=81422564c859c9aaa9d8ff0c85d516e5 StaticDependenciesID=00af3ec8f3c3dc01341782c6e52f363b 
Number of updated asset objects reloaded before import = 0
Number of asset objects unloaded after import = 0
========================================================================
Received Import Request.
  Time of request: 2026-09-19T15:00:40.4051178Z
  Time since last request: 0.0004635 seconds.
  importAddress: GUID: 3caade91a0f84e08b049f6bdff64becc - Path: Packages/com.unity.collab-proxy/Editor/CodeEditor/Text/TextRun.cs - Importer: ScriptedImporter/UnityEditor.QuickSearchModule:UnityEditor.Search:ASIAI0B
Importing 'GUID: 3caade91a0f84e08b049f6bdff64becc - Path: Packages/com.unity.collab-proxy/Editor/CodeEditor/Text/TextRun.cs - Importer: ScriptedImporter/UnityEditor.QuickSearchModule:UnityEditor.Search:ASIAI0B' with importer (ScriptedImporter : UnityEditor.QuickSearchModule:UnityEditor.Search:ASIAI0B)
Imported 'GUID: 3caade91a0f84e08b049f6bdff64becc' -> (Import Result ID: 'ea4495796b07776b95e2259e6a17e243') in 0.002 seconds [static and dynamic dependencies]. Details - ImportResultOutputID=51de1f8b5e16cc4be2757258af64025d DependenciesID=dfac7f5924109dffe60984cf95252639 StaticDependenciesID=2517fc2df7bc15c85c7992741085d4c1 
Number of updated asset objects reloaded before import = 0
Number of asset objects unloaded after import = 0
========================================================================
Received Import Request.
  Time of request: 2026-09-19T15:00:40.4196103Z
  Time since last request: 0.0006148 seconds.
  importAddress: GUID: 7289f88fb8294b549b7bc6d75d95d475 - Path: Packages/com.unity.collab-proxy/Editor/CodeEditor/Editing/Selection.cs - Importer: ScriptedImporter/UnityEditor.QuickSearchModule:UnityEditor.Search:ASIAI0B
Importing 'GUID: 7289f88fb8294b549b7bc6d75d95d475 - Path: Packages/com.unity.collab-proxy/Editor/CodeEditor/Editing/Selection.cs - Importer: ScriptedImporter/UnityEditor.QuickSearchModule:UnityEditor.Search:ASIAI0B' with importer (ScriptedImporter : UnityEditor.QuickSearchModule:UnityEditor.Search:ASIAI0B)
Imported 'GUID: 7289f88fb8294b549b7bc6d75d95d475' -> (Import Result ID: '9ae4bcbbb126bb9b8aa0d6aa18188817') in 0.003 seconds [static and dynamic dependencies]. Details - ImportResultOutputID=4f5e238c8d921952bec85aee10f5d102 DependenciesID=1e860876be870f9dd3a2631e0b0c73cd StaticDependenciesID=39f14d6d2c5027dd00022853aafc263a 
Number of updated asset objects reloaded before import = 0
Number of asset objects unloaded after import = 0
========================================================================
Received Import Request.
  Time of request: 2026-09-19T15:00:40.4351682Z
  Time since last request: 0.000789 seconds.
  importAddress: GUID: 06d2ae5c2afa4cd5b639f474ecacbd5c - Path: Packages/com.unity.collab-proxy/Editor/CodeEditor/Platform/KeyGesture.cs - Importer: ScriptedImporter/UnityEditor.QuickSearchModule:UnityEditor.Search:ASIAI0B
Importing 'GUID: 06d2ae5c2afa4cd5b639f474ecacbd5c - Path: Packages/com.unity.collab-proxy/Editor/CodeEditor/Platform/KeyGesture.cs - Importer: ScriptedImporter/UnityEditor.QuickSearchModule:UnityEditor.Search:ASIAI0B' with importer (ScriptedImporter : UnityEditor.QuickSearchModule:UnityEditor.Search:ASIAI0B)
Imported 'GUID: 06d2ae5c2afa4cd5b639f474ecacbd5c' -> (Import Result ID: '4e4ad6b9525139a6555392cb567ca110') in 0.002 seconds [static and dynamic dependencies]. Details - ImportResultOutputID=f9a59d5332c6f130e4e46d477b5dbc97 DependenciesID=6b9ea03b77ad9d5f63c5b317cbe92eba StaticDependenciesID=43195cda9c4e36e28fcbfa5c4ca19993 
Number of updated asset objects reloaded before import = 0
Number of asset objects unloaded after import = 0
========================================================================
Received Import Request.
  Time of request: 2026-09-19T15:00:40.4546583Z
  Time since last request: 0.0006728 seconds.
  importAddress: GUID: dcf41b8eb4864b26940bbaae32dedbb4 - Path: Packages/com.unity.collab-proxy/Editor/CodeEditor/Rendering/VisualLineConstructionStartEventArgs.cs - Importer: ScriptedImporter/UnityEditor.QuickSearchModule:UnityEditor.Search:ASIAI0B
Importing 'GUID: dcf41b8eb4864b26940bbaae32dedbb4 - Path: Packages/com.unity.collab-proxy/Editor/CodeEditor/Rendering/VisualLineConstructionStartEventArgs.cs - Importer: ScriptedImporter/UnityEditor.QuickSearchModule:UnityEditor.Search:ASIAI0B' with importer (ScriptedImporter : UnityEditor.QuickSearchModule:UnityEditor.Search:ASIAI0B)
Imported 'GUID: dcf41b8eb4864b26940bbaae32dedbb4' -> (Import Result ID: '4f3913cf48677e29c1b43cb73a282131') in 0.003 seconds [static and dynamic dependencies]. Details - ImportResultOutputID=296ce859cd71f66e8ea772bd2552c707 DependenciesID=2fac98b29a651b928b73617ac33e2a6b StaticDependenciesID=b6f4a9bbfebe5e4bd2eb5b03d8d48965 
Number of updated asset objects reloaded before import = 0
Number of asset objects unloaded after import = 0
========================================================================
Received Import Request.
  Time of request: 2026-09-19T15:00:40.4749413Z
  Time since last request: 0.0006399 seconds.
  importAddress: GUID: 76f83e4befc84169b2dab9ee2cc3545f - Path: Packages/com.unity.collab-proxy/Editor/CodeEditor/Editing/TextArea.cs - Importer: ScriptedImporter/UnityEditor.QuickSearchModule:UnityEditor.Search:ASIAI0B
Importing 'GUID: 76f83e4befc84169b2dab9ee2cc3545f - Path: Packages/com.unity.collab-proxy/Editor/CodeEditor/Editing/TextArea.cs - Importer: ScriptedImporter/UnityEditor.QuickSearchModule:UnityEditor.Search:ASIAI0B' with importer (ScriptedImporter : UnityEditor.QuickSearchModule:UnityEditor.Search:ASIAI0B)
Imported 'GUID: 76f83e4befc84169b2dab9ee2cc3545f' -> (Import Result ID: 'db7f45f300b5418751eba5db72fb8712') in 0.003 seconds [static and dynamic dependencies]. Details - ImportResultOutputID=55990ba3848a63619d2fa0da416d91db DependenciesID=b99c9ef0852f15df187a8f7486437036 StaticDependenciesID=91ddb587bdaeab83ffa20e201882f5a6 
Number of updated asset objects reloaded before import = 0
Number of asset objects unloaded after import = 0
========================================================================
Received Import Request.
  Time of request: 2026-09-19T15:00:40.4948368Z
  Time since last request: 0.0007197 seconds.
  importAddress: GUID: 9bcb62e10f5c4f029b5bc5046ed41d51 - Path: Packages/com.unity.collab-proxy/Editor/CodeEditor/TextMate/TextEditorModel.cs - Importer: ScriptedImporter/UnityEditor.QuickSearchModule:UnityEditor.Search:ASIAI0B
Importing 'GUID: 9bcb62e10f5c4f029b5bc5046ed41d51 - Path: Packages/com.unity.collab-proxy/Editor/CodeEditor/TextMate/TextEditorModel.cs - Importer: ScriptedImporter/UnityEditor.QuickSearchModule:UnityEditor.Search:ASIAI0B' with importer (ScriptedImporter : UnityEditor.QuickSearchModule:UnityEditor.Search:ASIAI0B)
Imported 'GUID: 9bcb62e10f5c4f029b5bc5046ed41d51' -> (Import Result ID: 'e0d0cf6c3a879cbad2413e1f910510b8') in 0.006 seconds [static and dynamic dependencies]. Details - ImportResultOutputID=3483ac302935f5be526245b91ce5e50c DependenciesID=dd8a6b7cf0ef261f8f72b1ad0933265d StaticDependenciesID=617a9cab48153e4d7e72f2781cf77b9c 
Number of updated asset objects reloaded before import = 0
Number of asset objects unloaded after import = 0
========================================================================
Received Import Request.
  Time of request: 2026-09-19T15:00:40.5281028Z
  Time since last request: 0.0124133 seconds.
  importAddress: GUID: 89746a1ec28f4d248db98c44578f0d25 - Path: Packages/com.unity.collab-proxy/Editor/Diff/Text/DiffSplitter.cs - Importer: ScriptedImporter/UnityEditor.QuickSearchModule:UnityEditor.Search:ASIAI0B
Importing 'GUID: 89746a1ec28f4d248db98c44578f0d25 - Path: Packages/com.unity.collab-proxy/Editor/Diff/Text/DiffSplitter.cs - Importer: ScriptedImporter/UnityEditor.QuickSearchModule:UnityEditor.Search:ASIAI0B' with importer (ScriptedImporter : UnityEditor.QuickSearchModule:UnityEditor.Search:ASIAI0B)
Imported 'GUID: 89746a1ec28f4d248db98c44578f0d25' -> (Import Result ID: '4144511d60989b6f63b349e0046079be') in 0.003 seconds [static and dynamic dependencies]. Details - ImportResultOutputID=78cc49803e6d0cc1a8b7e7461e0b822e DependenciesID=378aa95d064fe62b81112eb1bd3b52af StaticDependenciesID=2bc222666eb2262318f107308cb2c499 
Number of updated asset objects reloaded before import = 0
Number of asset objects unloaded after import = 0
========================================================================
Received Import Request.
  Time of request: 2026-09-19T15:00:40.5486416Z
  Time since last request: 0.0007717 seconds.
  importAddress: GUID: 49e8281cb9a76452484efab10014acf8 - Path: Packages/com.unity.collab-proxy/Editor/CodeEditor/Utils/WeakEventManagerBase.cs - Importer: ScriptedImporter/UnityEditor.QuickSearchModule:UnityEditor.Search:ASIAI0B
Importing 'GUID: 49e8281cb9a76452484efab10014acf8 - Path: Packages/com.unity.collab-proxy/Editor/CodeEditor/Utils/WeakEventManagerBase.cs - Importer: ScriptedImporter/UnityEditor.QuickSearchModule:UnityEditor.Search:ASIAI0B' with importer (ScriptedImporter : UnityEditor.QuickSearchModule:UnityEditor.Search:ASIAI0B)
Imported 'GUID: 49e8281cb9a76452484efab10014acf8' -> (Import Result ID: 'cb551d83e2f2683f817cd8fda13a17ee') in 0.003 seconds [static and dynamic dependencies]. Details - ImportResultOutputID=8865aee16b6e9ca6f6f237149dc110ec DependenciesID=3b71c6b69140c96a36869530ec5e5b7f StaticDependenciesID=cae9513a1397ffcb49af8744fcbd0728 
Number of updated asset objects reloaded before import = 0
Number of asset objects unloaded after import = 0
========================================================================
Received Import Request.
  Time of request: 2026-09-19T15:00:40.5690784Z
  Time since last request: 0.0009631 seconds.
  importAddress: GUID: 142569639f8140bc940d47246b763636 - Path: Packages/com.unity.collab-proxy/Editor/Diff/Text/EditorDiffContent.cs - Importer: ScriptedImporter/UnityEditor.QuickSearchModule:UnityEditor.Search:ASIAI0B
Importing 'GUID: 142569639f8140bc940d47246b763636 - Path: Packages/com.unity.collab-proxy/Editor/Diff/Text/EditorDiffContent.cs - Importer: ScriptedImporter/UnityEditor.QuickSearchModule:UnityEditor.Search:ASIAI0B' with importer (ScriptedImporter : UnityEditor.QuickSearchModule:UnityEditor.Search:ASIAI0B)
Imported 'GUID: 142569639f8140bc940d47246b763636' -> (Import Result ID: '02a0e557b55d431b50afbc5eff39cce3') in 0.003 seconds [static and dynamic dependencies]. Details - ImportResultOutputID=0150a5999fa331dbeddf68967089715e DependenciesID=fb0d999c6c7af89ca6594817a7326088 StaticDependenciesID=08989cdde4eaab41414f6f33d5847469 
Number of updated asset objects reloaded before import = 0
Number of asset objects unloaded after import = 0
========================================================================
Received Import Request.
  Time of request: 2026-09-19T15:00:40.58817Z
  Time since last request: 0.000677 seconds.
  importAddress: GUID: 349b06c38da6e4ca6b9ad2664e384144 - Path: Packages/com.unity.collab-proxy/Editor/Diff/Image/TextureLoader.cs - Importer: ScriptedImporter/UnityEditor.QuickSearchModule:UnityEditor.Search:ASIAI0B
Importing 'GUID: 349b06c38da6e4ca6b9ad2664e384144 - Path: Packages/com.unity.collab-proxy/Editor/Diff/Image/TextureLoader.cs - Importer: ScriptedImporter/UnityEditor.QuickSearchModule:UnityEditor.Search:ASIAI0B' with importer (ScriptedImporter : UnityEditor.QuickSearchModule:UnityEditor.Search:ASIAI0B)
Imported 'GUID: 349b06c38da6e4ca6b9ad2664e384144' -> (Import Result ID: 'e0030c355457f122f01b1e25e766f06a') in 0.003 seconds [static and dynamic dependencies]. Details - ImportResultOutputID=03caca2a8eeb3949574ab96e7d5185f5 DependenciesID=23e4e5c26d6c73ffd085ae150c92be78 StaticDependenciesID=ff45c9c4a3c2a0ea43f47328514bd482 
Number of updated asset objects reloaded before import = 0
Number of asset objects unloaded after import = 0
========================================================================
Received Import Request.
  Time of request: 2026-09-19T15:00:40.6103426Z
  Time since last request: 0.0008215 seconds.
  importAddress: GUID: be335b59f9a9647afa183fd170bab963 - Path: Packages/com.unity.collab-proxy/Editor/CodeEditor/Utils/Rope.cs - Importer: ScriptedImporter/UnityEditor.QuickSearchModule:UnityEditor.Search:ASIAI0B
Importing 'GUID: be335b59f9a9647afa183fd170bab963 - Path: Packages/com.unity.collab-proxy/Editor/CodeEditor/Utils/Rope.cs - Importer: ScriptedImporter/UnityEditor.QuickSearchModule:UnityEditor.Search:ASIAI0B' with importer (ScriptedImporter : UnityEditor.QuickSearchModule:UnityEditor.Search:ASIAI0B)
Imported 'GUID: be335b59f9a9647afa183fd170bab963' -> (Import Result ID: '5012d94d6f31030632996e3d538fa8c9') in 0.003 seconds [static and dynamic dependencies]. Details - ImportResultOutputID=955152f7ef0e1e03274c78b4a8431a06 DependenciesID=171b8f2c8d9b17c92378f11364228057 StaticDependenciesID=1d3aaf7af2a93442f68c7d883c6492c1 
Number of updated asset objects reloaded before import = 0
Number of asset objects unloaded after import = 0
========================================================================
Received Import Request.
  Time of request: 2026-09-19T15:00:40.6331513Z
  Time since last request: 0.0010853 seconds.
  importAddress: GUID: 9a4d188e15adc423c97c9ae0164fbf84 - Path: Packages/com.unity.collab-proxy/Editor/Diff/Text/LineNumbersView.cs - Importer: ScriptedImporter/UnityEditor.QuickSearchModule:UnityEditor.Search:ASIAI0B
Importing 'GUID: 9a4d188e15adc423c97c9ae0164fbf84 - Path: Packages/com.unity.collab-proxy/Editor/Diff/Text/LineNumbersView.cs - Importer: ScriptedImporter/UnityEditor.QuickSearchModule:UnityEditor.Search:ASIAI0B' with importer (ScriptedImporter : UnityEditor.QuickSearchModule:UnityEditor.Search:ASIAI0B)
Imported 'GUID: 9a4d188e15adc423c97c9ae0164fbf84' -> (Import Result ID: '989eea3c353685aa2b803cf5bc3902c8') in 0.004 seconds [static and dynamic dependencies]. Details - ImportResultOutputID=689a88c1c379cc00b4b9464e2c4ba3c1 DependenciesID=7cf8a6368af6b87b4f91391b77c4b5a6 StaticDependenciesID=aec04b8505163ca8236ec20e04a73b4e 
Number of updated asset objects reloaded before import = 0
Number of asset objects unloaded after import = 0
========================================================================
Received Import Request.
  Time of request: 2026-09-19T15:00:40.6545998Z
  Time since last request: 0.0006373 seconds.
  importAddress: GUID: 02ba7e098ec0b453280d7fe1ae463bb7 - Path: Packages/com.unity.collab-proxy/Editor/Diff/Text/ActionBar.cs - Importer: ScriptedImporter/UnityEditor.QuickSearchModule:UnityEditor.Search:ASIAI0B
Importing 'GUID: 02ba7e098ec0b453280d7fe1ae463bb7 - Path: Packages/com.unity.collab-proxy/Editor/Diff/Text/ActionBar.cs - Importer: ScriptedImporter/UnityEditor.QuickSearchModule:UnityEditor.Search:ASIAI0B' with importer (ScriptedImporter : UnityEditor.QuickSearchModule:UnityEditor.Search:ASIAI0B)
Imported 'GUID: 02ba7e098ec0b453280d7fe1ae463bb7' -> (Import Result ID: '0591c3d866309a8f2f2142a4082bbadf') in 0.003 seconds [static and dynamic dependencies]. Details - ImportResultOutputID=97a1fe779db8176d6ab56fe2b455cc1d DependenciesID=a75e6ce3d840ce1a12dfa12c98c7290d StaticDependenciesID=c2dec8386ea1803ebb5e351d382379f1 
Number of updated asset objects reloaded before import = 0
Number of asset objects unloaded after import = 0
========================================================================
Received Import Request.
  Time of request: 2026-09-19T15:00:40.6746878Z
  Time since last request: 0.0007221 seconds.
  importAddress: GUID: 9887c425b1adc4e3895315e3eec339ba - Path: Packages/com.unity.collab-proxy/Editor/Diff/Image/IImageDiffToolbar.cs - Importer: ScriptedImporter/UnityEditor.QuickSearchModule:UnityEditor.Search:ASIAI0B
Importing 'GUID: 9887c425b1adc4e3895315e3eec339ba - Path: Packages/com.unity.collab-proxy/Editor/Diff/Image/IImageDiffToolbar.cs - Importer: ScriptedImporter/UnityEditor.QuickSearchModule:UnityEditor.Search:ASIAI0B' with importer (ScriptedImporter : UnityEditor.QuickSearchModule:UnityEditor.Search:ASIAI0B)
Imported 'GUID: 9887c425b1adc4e3895315e3eec339ba' -> (Import Result ID: '5bf660eb25b626557787ba8fe01755e5') in 0.003 seconds [static and dynamic dependencies]. Details - ImportResultOutputID=a38aece547df70582eb404bde18286fc DependenciesID=b53da267e0453acda9db0d138f727619 StaticDependenciesID=b20c960bb3686bbd807e74f9bf3fecaf 
Number of updated asset objects reloaded before import = 0
Number of asset objects unloaded after import = 0
========================================================================
Received Import Request.
  Time of request: 2026-09-19T15:00:40.6922882Z
  Time since last request: 0.0005898 seconds.
  importAddress: GUID: ecc5ac4574bce451b921424ef632b971 - Path: Packages/com.unity.collab-proxy/Editor/Diff/Text/ContentControlOptionsContextMenu.cs - Importer: ScriptedImporter/UnityEditor.QuickSearchModule:UnityEditor.Search:ASIAI0B
Importing 'GUID: ecc5ac4574bce451b921424ef632b971 - Path: Packages/com.unity.collab-proxy/Editor/Diff/Text/ContentControlOptionsContextMenu.cs - Importer: ScriptedImporter/UnityEditor.QuickSearchModule:UnityEditor.Search:ASIAI0B' with importer (ScriptedImporter : UnityEditor.QuickSearchModule:UnityEditor.Search:ASIAI0B)
Imported 'GUID: ecc5ac4574bce451b921424ef632b971' -> (Import Result ID: '5e526f3ab8d41e26b9e8293084e7a62f') in 0.003 seconds [static and dynamic dependencies]. Details - ImportResultOutputID=b31e8e06939aed70f61841be8f42b966 DependenciesID=c0c54c56ff91a85e75eca1254d089d2b StaticDependenciesID=9df55d87e686ef02a93a7257e8f73044 
Number of updated asset objects reloaded before import = 0
Number of asset objects unloaded after import = 0
========================================================================
Received Import Request.
  Time of request: 2026-09-19T15:00:40.713592Z
  Time since last request: 0.0006811 seconds.
  importAddress: GUID: d534c175e106046ea9874a961d0cf1e0 - Path: Packages/com.unity.collab-proxy/Editor/Diff/Image/ImageDiffMode.cs - Importer: ScriptedImporter/UnityEditor.QuickSearchModule:UnityEditor.Search:ASIAI0B
Importing 'GUID: d534c175e106046ea9874a961d0cf1e0 - Path: Packages/com.unity.collab-proxy/Editor/Diff/Image/ImageDiffMode.cs - Importer: ScriptedImporter/UnityEditor.QuickSearchModule:UnityEditor.Search:ASIAI0B' with importer (ScriptedImporter : UnityEditor.QuickSearchModule:UnityEditor.Search:ASIAI0B)
Imported 'GUID: d534c175e106046ea9874a961d0cf1e0' -> (Import Result ID: 'dd350bb4a713274d5034db912813b439') in 0.003 seconds [static and dynamic dependencies]. Details - ImportResultOutputID=dd645456ef120763d2bd332d4349a298 DependenciesID=d5c3cef6ce5c0ff876b4f7c82c5ee387 StaticDependenciesID=5beca4506d82612e1dbe6d0a2922875c 
Number of updated asset objects reloaded before import = 0
Number of asset objects unloaded after import = 0
========================================================================
Received Import Request.
  Time of request: 2026-09-19T15:00:40.7316658Z
  Time since last request: 0.0006038 seconds.
  importAddress: GUID: 3fcf00e98ccc48b9beb80ae65c586683 - Path: Packages/com.unity.collab-proxy/Editor/CodeEditor/Utils/PixelSnapHelpers.cs - Importer: ScriptedImporter/UnityEditor.QuickSearchModule:UnityEditor.Search:ASIAI0B
Importing 'GUID: 3fcf00e98ccc48b9beb80ae65c586683 - Path: Packages/com.unity.collab-proxy/Editor/CodeEditor/Utils/PixelSnapHelpers.cs - Importer: ScriptedImporter/UnityEditor.QuickSearchModule:UnityEditor.Search:ASIAI0B' with importer (ScriptedImporter : UnityEditor.QuickSearchModule:UnityEditor.Search:ASIAI0B)
Imported 'GUID: 3fcf00e98ccc48b9beb80ae65c586683' -> (Import Result ID: 'e9631eeee856945eea2bbca0df1d1404') in 0.004 seconds [static and dynamic dependencies]. Details - ImportResultOutputID=ff9f60682754ba355b513ef5ebf08af1 DependenciesID=5f132a590e65f088542d61bdc4ae2b75 StaticDependenciesID=a242d7abed456fe17cb27c1678dec287 
Number of updated asset objects reloaded before import = 0
Number of asset objects unloaded after import = 0
========================================================================
Received Import Request.
  Time of request: 2026-09-19T15:00:40.752151Z
  Time since last request: 0.0005494 seconds.
  importAddress: GUID: 0641486b650184309b79f60e69b8a796 - Path: Packages/com.unity.collab-proxy/Editor/CodeEditor/Utils/RopeNode.cs - Importer: ScriptedImporter/UnityEditor.QuickSearchModule:UnityEditor.Search:ASIAI0B
Importing 'GUID: 0641486b650184309b79f60e69b8a796 - Path: Packages/com.unity.collab-proxy/Editor/CodeEditor/Utils/RopeNode.cs - Importer: ScriptedImporter/UnityEditor.QuickSearchModule:UnityEditor.Search:ASIAI0B' with importer (ScriptedImporter : UnityEditor.QuickSearchModule:UnityEditor.Search:ASIAI0B)
Imported 'GUID: 0641486b650184309b79f60e69b8a796' -> (Import Result ID: 'b0f137537f8b832bffcf2c07cb295448') in 0.003 seconds [static and dynamic dependencies]. Details - ImportResultOutputID=9a09400e7cb8c49c93086f08f36b46e9 DependenciesID=2f5fb2f57bec67830ee4b0d2185160b6 StaticDependenciesID=c79419b1b55bf4a3b57ddf2b7feb6c7d 
Number of updated asset objects reloaded before import = 0
Number of asset objects unloaded after import = 0
========================================================================
Received Import Request.
  Time of request: 2026-09-19T15:00:40.771606Z
  Time since last request: 0.0004998 seconds.
  importAddress: GUID: 216ed3a0f59e467dabfeace5c550c123 - Path: Packages/com.unity.collab-proxy/Editor/Diff/Image/ImageContentControl.cs - Importer: ScriptedImporter/UnityEditor.QuickSearchModule:UnityEditor.Search:ASIAI0B
Importing 'GUID: 216ed3a0f59e467dabfeace5c550c123 - Path: Packages/com.unity.collab-proxy/Editor/Diff/Image/ImageContentControl.cs - Importer: ScriptedImporter/UnityEditor.QuickSearchModule:UnityEditor.Search:ASIAI0B' with importer (ScriptedImporter : UnityEditor.QuickSearchModule:UnityEditor.Search:ASIAI0B)
Imported 'GUID: 216ed3a0f59e467dabfeace5c550c123' -> (Import Result ID: 'b728e7b4b460ba3e2504113c6784bef0') in 0.003 seconds [static and dynamic dependencies]. Details - ImportResultOutputID=3ce562ef58428473b43c03e6d84f724c DependenciesID=d20ea6009a833f6fd83fa28916183650 StaticDependenciesID=c39bf11fa5c0d66aa5fa8e615126cfc8 
Number of updated asset objects reloaded before import = 0
Number of asset objects unloaded after import = 0
========================================================================
Received Import Request.
  Time of request: 2026-09-19T15:00:40.7917241Z
  Time since last request: 0.0005736 seconds.
  importAddress: GUID: cee4113f2adf40328acbf5a10ff90fb4 - Path: Packages/com.unity.collab-proxy/Editor/Diff/Text/DiffControlOperations.cs - Importer: ScriptedImporter/UnityEditor.QuickSearchModule:UnityEditor.Search:ASIAI0B
Importing 'GUID: cee4113f2adf40328acbf5a10ff90fb4 - Path: Packages/com.unity.collab-proxy/Editor/Diff/Text/DiffControlOperations.cs - Importer: ScriptedImporter/UnityEditor.QuickSearchModule:UnityEditor.Search:ASIAI0B' with importer (ScriptedImporter : UnityEditor.QuickSearchModule:UnityEditor.Search:ASIAI0B)
Imported 'GUID: cee4113f2adf40328acbf5a10ff90fb4' -> (Import Result ID: 'be408abf9c7832552517ee3885cba969') in 0.003 seconds [static and dynamic dependencies]. Details - ImportResultOutputID=a54136837604446df9c05cbb09a8b54c DependenciesID=06877909eb29e1750449bbd15c261183 StaticDependenciesID=bbce6cfa8fb7ac9cb454c329abcd8f9d 
Number of updated asset objects reloaded before import = 0
Number of asset objects unloaded after import = 0
========================================================================
Received Import Request.
  Time of request: 2026-09-19T15:00:40.810022Z
  Time since last request: 0.0006503 seconds.
  importAddress: GUID: 9df21e4f2a9474a43b81a73c697c1d88 - Path: Packages/com.unity.collab-proxy/Editor/Diff/Text/ChangeFontDialog.cs - Importer: ScriptedImporter/UnityEditor.QuickSearchModule:UnityEditor.Search:ASIAI0B
Importing 'GUID: 9df21e4f2a9474a43b81a73c697c1d88 - Path: Packages/com.unity.collab-proxy/Editor/Diff/Text/ChangeFontDialog.cs - Importer: ScriptedImporter/UnityEditor.QuickSearchModule:UnityEditor.Search:ASIAI0B' with importer (ScriptedImporter : UnityEditor.QuickSearchModule:UnityEditor.Search:ASIAI0B)
Imported 'GUID: 9df21e4f2a9474a43b81a73c697c1d88' -> (Import Result ID: 'b620a4905296a63e3b36297638ecc395') in 0.003 seconds [static and dynamic dependencies]. Details - ImportResultOutputID=6be8efc78ad17e5eacea7765842dd1a7 DependenciesID=64e95e5fe39940e9ac5c4870e5c51242 StaticDependenciesID=9ec0477abde4e147f5813b79c4758c3b 
Number of updated asset objects reloaded before import = 0
Number of asset objects unloaded after import = 0
========================================================================
Received Import Request.
  Time of request: 2026-09-19T15:00:40.8293674Z
  Time since last request: 0.0003917 seconds.
  importAddress: GUID: 48d605d0c652a4a558fdd582270767d6 - Path: Packages/com.unity.collab-proxy/Editor/Diff/Text/ChangeFont.cs - Importer: ScriptedImporter/UnityEditor.QuickSearchModule:UnityEditor.Search:ASIAI0B
Importing 'GUID: 48d605d0c652a4a558fdd582270767d6 - Path: Packages/com.unity.collab-proxy/Editor/Diff/Text/ChangeFont.cs - Importer: ScriptedImporter/UnityEditor.QuickSearchModule:UnityEditor.Search:ASIAI0B' with importer (ScriptedImporter : UnityEditor.QuickSearchModule:UnityEditor.Search:ASIAI0B)
Imported 'GUID: 48d605d0c652a4a558fdd582270767d6' -> (Import Result ID: '1a15995c528cc4a537296d94cfe12f39') in 0.003 seconds [static and dynamic dependencies]. Details - ImportResultOutputID=67400618c4aa0e18e83f79d02e1b45f7 DependenciesID=156c6ac032652a2a40dca660f321eba9 StaticDependenciesID=5dcd7fafbc8b4ef8923dd5ab0c60b999 
Number of updated asset objects reloaded before import = 0
Number of asset objects unloaded after import = 0
========================================================================
Received Import Request.
  Time of request: 2026-09-19T15:00:40.885009Z
  Time since last request: 0.0355496 seconds.
  importAddress: GUID: c3c7b1998f264b443a5b5c67a189149a - Path: Packages/com.unity.collab-proxy/Editor/UI/Tree/TreeHeaderColumns.cs - Importer: ScriptedImporter/UnityEditor.QuickSearchModule:UnityEditor.Search:ASIAI0B
Importing 'GUID: c3c7b1998f264b443a5b5c67a189149a - Path: Packages/com.unity.collab-proxy/Editor/UI/Tree/TreeHeaderColumns.cs - Importer: ScriptedImporter/UnityEditor.QuickSearchModule:UnityEditor.Search:ASIAI0B' with importer (ScriptedImporter : UnityEditor.QuickSearchModule:UnityEditor.Search:ASIAI0B)
Imported 'GUID: c3c7b1998f264b443a5b5c67a189149a' -> (Import Result ID: '32ec719343094496df23ab2f6e97d1d1') in 0.003 seconds [static and dynamic dependencies]. Details - ImportResultOutputID=0445aacc9d3adf5046c9649c04376a6b DependenciesID=5f974ee982703734e31ba99bf45426f8 StaticDependenciesID=d42e38031eab2baf31301596c2a26753 
Number of updated asset objects reloaded before import = 0
Number of asset objects unloaded after import = 0
========================================================================
Received Import Request.
  Time of request: 2026-09-19T15:00:40.9039198Z
  Time since last request: 0.0011803 seconds.
  importAddress: GUID: 89c8459035a34dab8b0141d4c4e3e3db - Path: Packages/com.unity.collab-proxy/Editor/Inspector/Properties/PropertiesViewer.cs - Importer: ScriptedImporter/UnityEditor.QuickSearchModule:UnityEditor.Search:ASIAI0B
Importing 'GUID: 89c8459035a34dab8b0141d4c4e3e3db - Path: Packages/com.unity.collab-proxy/Editor/Inspector/Properties/PropertiesViewer.cs - Importer: ScriptedImporter/UnityEditor.QuickSearchModule:UnityEditor.Search:ASIAI0B' with importer (ScriptedImporter : UnityEditor.QuickSearchModule:UnityEditor.Search:ASIAI0B)
Imported 'GUID: 89c8459035a34dab8b0141d4c4e3e3db' -> (Import Result ID: 'f386182a72adf175286a3751da72ebf9') in 0.004 seconds [static and dynamic dependencies]. Details - ImportResultOutputID=fea7ffb113666976d31ece370603be34 DependenciesID=172f4b1aab04a7f3b8d09c3261c7ce0d StaticDependenciesID=c98e5c2bc9d7a14b7acda24dfef3ca55 
Number of updated asset objects reloaded before import = 0
Number of asset objects unloaded after import = 0
========================================================================
Received Import Request.
  Time of request: 2026-09-19T15:00:40.924781Z
  Time since last request: 0.0008786 seconds.
  importAddress: GUID: f9d58876c2d749779ce6effdf684cc02 - Path: Packages/com.unity.collab-proxy/Editor/Diff/Text/TextEditorDrawing.cs - Importer: ScriptedImporter/UnityEditor.QuickSearchModule:UnityEditor.Search:ASIAI0B
Importing 'GUID: f9d58876c2d749779ce6effdf684cc02 - Path: Packages/com.unity.collab-proxy/Editor/Diff/Text/TextEditorDrawing.cs - Importer: ScriptedImporter/UnityEditor.QuickSearchModule:UnityEditor.Search:ASIAI0B' with importer (ScriptedImporter : UnityEditor.QuickSearchModule:UnityEditor.Search:ASIAI0B)
Imported 'GUID: f9d58876c2d749779ce6effdf684cc02' -> (Import Result ID: 'd6787ed87ec31e1056f34acdf95ea18e') in 0.003 seconds [static and dynamic dependencies]. Details - ImportResultOutputID=6e3d6b58ed0deb71bd82e78dda86c755 DependenciesID=c53f56b69bf2b4799411b3841b2242ba StaticDependenciesID=e41f0c15c4e74189eaf42a6c1ea59b98 
Number of updated asset objects reloaded before import = 0
Number of asset objects unloaded after import = 0
========================================================================
Received Import Request.
  Time of request: 2026-09-19T15:00:40.944485Z
  Time since last request: 0.0007607 seconds.
  importAddress: GUID: a109fc3d4a8b46b9820d8af6f60bc215 - Path: Packages/com.unity.collab-proxy/Editor/Diff/Text/TextEditorDiffBackgroundRenderer.cs - Importer: ScriptedImporter/UnityEditor.QuickSearchModule:UnityEditor.Search:ASIAI0B
Importing 'GUID: a109fc3d4a8b46b9820d8af6f60bc215 - Path: Packages/com.unity.collab-proxy/Editor/Diff/Text/TextEditorDiffBackgroundRenderer.cs - Importer: ScriptedImporter/UnityEditor.QuickSearchModule:UnityEditor.Search:ASIAI0B' with importer (ScriptedImporter : UnityEditor.QuickSearchModule:UnityEditor.Search:ASIAI0B)
Imported 'GUID: a109fc3d4a8b46b9820d8af6f60bc215' -> (Import Result ID: '07d2b39aacaef03e51176444f9379c75') in 0.003 seconds [static and dynamic dependencies]. Details - ImportResultOutputID=246cba1236ff5d7597384ecfbcff3bd6 DependenciesID=3c8d80126dc4b38f5bed9894bdcc9fa4 StaticDependenciesID=7b99021fb95d5a59009d63ccbf7ae7d2 
Number of updated asset objects reloaded before import = 0
Number of asset objects unloaded after import = 0
========================================================================
Received Import Request.
  Time of request: 2026-09-19T15:00:40.9628146Z
  Time since last request: 0.0008276 seconds.
  importAddress: GUID: 19dca01e5c6a4d808cee50ff17837de5 - Path: Packages/com.unity.collab-proxy/Editor/UI/Tree/CenteredContentPanel.cs - Importer: ScriptedImporter/UnityEditor.QuickSearchModule:UnityEditor.Search:ASIAI0B
Importing 'GUID: 19dca01e5c6a4d808cee50ff17837de5 - Path: Packages/com.unity.collab-proxy/Editor/UI/Tree/CenteredContentPanel.cs - Importer: ScriptedImporter/UnityEditor.QuickSearchModule:UnityEditor.Search:ASIAI0B' with importer (ScriptedImporter : UnityEditor.QuickSearchModule:UnityEditor.Search:ASIAI0B)
Imported 'GUID: 19dca01e5c6a4d808cee50ff17837de5' -> (Import Result ID: 'fd04d73b56bfa3c84943cd14acfd279d') in 0.003 seconds [static and dynamic dependencies]. Details - ImportResultOutputID=4301cd8d3048d19466293105b539d9a8 DependenciesID=57b8de30f8a00e19199172c85dcdc963 StaticDependenciesID=e8d8222f56f40ab83c5b49099f1b6c38 
Number of updated asset objects reloaded before import = 0
Number of asset objects unloaded after import = 0
========================================================================
Received Import Request.
  Time of request: 2026-09-19T15:00:40.9835926Z
  Time since last request: 0.0008242 seconds.
  importAddress: GUID: 250ef17e19e621047851bfae85fd84c8 - Path: Packages/com.unity.collab-proxy/Editor/UI/Tree/TreeViewItemExtensions.cs - Importer: ScriptedImporter/UnityEditor.QuickSearchModule:UnityEditor.Search:ASIAI0B
Importing 'GUID: 250ef17e19e621047851bfae85fd84c8 - Path: Packages/com.unity.collab-proxy/Editor/UI/Tree/TreeViewItemExtensions.cs - Importer: ScriptedImporter/UnityEditor.QuickSearchModule:UnityEditor.Search:ASIAI0B' with importer (ScriptedImporter : UnityEditor.QuickSearchModule:UnityEditor.Search:ASIAI0B)
Imported 'GUID: 250ef17e19e621047851bfae85fd84c8' -> (Import Result ID: 'f1291387cbb58a452310c3308cae72da') in 0.003 seconds [static and dynamic dependencies]. Details - ImportResultOutputID=4b3469a9f32c452bb497d5a8bf20543b DependenciesID=29342d6e33bf843ef42ac8e2e34aea82 StaticDependenciesID=eadf3a74c3cbc0003bc172c5f80c25e9 
Number of updated asset objects reloaded before import = 0
Number of asset objects unloaded after import = 0
========================================================================
Received Import Request.
  Time of request: 2026-09-19T15:00:41.0045225Z
  Time since last request: 0.0007206 seconds.
  importAddress: GUID: 6c2c294ec1f6040b696b24c9a835d140 - Path: Packages/com.unity.collab-proxy/Editor/Diff/Text/TextEditorOptionsMenu.cs - Importer: ScriptedImporter/UnityEditor.QuickSearchModule:UnityEditor.Search:ASIAI0B
Importing 'GUID: 6c2c294ec1f6040b696b24c9a835d140 - Path: Packages/com.unity.collab-proxy/Editor/Diff/Text/TextEditorOptionsMenu.cs - Importer: ScriptedImporter/UnityEditor.QuickSearchModule:UnityEditor.Search:ASIAI0B' with importer (ScriptedImporter : UnityEditor.QuickSearchModule:UnityEditor.Search:ASIAI0B)
Imported 'GUID: 6c2c294ec1f6040b696b24c9a835d140' -> (Import Result ID: 'bff3f7bf4b63a382086c489b7cfaaf2c') in 0.003 seconds [static and dynamic dependencies]. Details - ImportResultOutputID=52a530d6cc6981b91bad1f4123bc79f8 DependenciesID=803125385a042a1126dce8fa87422d61 StaticDependenciesID=fd9bc778a3b0abe4d20e5a930b33858c 
Number of updated asset objects reloaded before import = 0
Number of asset objects unloaded after import = 0
========================================================================
Received Import Request.
  Time of request: 2026-09-19T15:00:41.0244525Z
  Time since last request: 0.0008972 seconds.
  importAddress: GUID: daa34ff7d97bebd41866fd45e507c80e - Path: Packages/com.unity.collab-proxy/Editor/UI/UIElements/UIElementsExtensions.cs - Importer: ScriptedImporter/UnityEditor.QuickSearchModule:UnityEditor.Search:ASIAI0B
Importing 'GUID: daa34ff7d97bebd41866fd45e507c80e - Path: Packages/com.unity.collab-proxy/Editor/UI/UIElements/UIElementsExtensions.cs - Importer: ScriptedImporter/UnityEditor.QuickSearchModule:UnityEditor.Search:ASIAI0B' with importer (ScriptedImporter : UnityEditor.QuickSearchModule:UnityEditor.Search:ASIAI0B)
Imported 'GUID: daa34ff7d97bebd41866fd45e507c80e' -> (Import Result ID: '3ec48b16d6520f56ca6f315a89e7f5e7') in 0.003 seconds [static and dynamic dependencies]. Details - ImportResultOutputID=11cd87a5a1266e10142f108561c38bec DependenciesID=e16ecd044a97cfff635d89baa0d99f1c StaticDependenciesID=2b9487870d177ae3c0eacf187fb782e8 
Number of updated asset objects reloaded before import = 0
Number of asset objects unloaded after import = 0
========================================================================
Received Import Request.
  Time of request: 2026-09-19T15:00:41.0438458Z
  Time since last request: 0.000558 seconds.
  importAddress: GUID: 79a84f5f92624d57ae40a84a53bd9d24 - Path: Packages/com.unity.collab-proxy/Editor/UI/Errors/ErrorsPanel.cs - Importer: ScriptedImporter/UnityEditor.QuickSearchModule:UnityEditor.Search:ASIAI0B
Importing 'GUID: 79a84f5f92624d57ae40a84a53bd9d24 - Path: Packages/com.unity.collab-proxy/Editor/UI/Errors/ErrorsPanel.cs - Importer: ScriptedImporter/UnityEditor.QuickSearchModule:UnityEditor.Search:ASIAI0B' with importer (ScriptedImporter : UnityEditor.QuickSearchModule:UnityEditor.Search:ASIAI0B)
Imported 'GUID: 79a84f5f92624d57ae40a84a53bd9d24' -> (Import Result ID: 'a3c02711b8631b3e7eb1a24a2425d95a') in 0.003 seconds [static and dynamic dependencies]. Details - ImportResultOutputID=e07c3836e32b105e80b935ac8312921a DependenciesID=129a09779ec407ae02700a722de4c878 StaticDependenciesID=d328ca362fa323e1ada6606d776f3a47 
Number of updated asset objects reloaded before import = 0
Number of asset objects unloaded after import = 0
========================================================================
Received Import Request.
  Time of request: 2026-09-19T15:00:41.0641305Z
  Time since last request: 0.0005471 seconds.
  importAddress: GUID: 869a0fefec364e959e534cc842837d91 - Path: Packages/com.unity.collab-proxy/Editor/UI/Tree/PlasticTreeView.cs - Importer: ScriptedImporter/UnityEditor.QuickSearchModule:UnityEditor.Search:ASIAI0B
Importing 'GUID: 869a0fefec364e959e534cc842837d91 - Path: Packages/com.unity.collab-proxy/Editor/UI/Tree/PlasticTreeView.cs - Importer: ScriptedImporter/UnityEditor.QuickSearchModule:UnityEditor.Search:ASIAI0B' with importer (ScriptedImporter : UnityEditor.QuickSearchModule:UnityEditor.Search:ASIAI0B)
Imported 'GUID: 869a0fefec364e959e534cc842837d91' -> (Import Result ID: 'f730774fe79a173f5209961a5ede52b7') in 0.003 seconds [static and dynamic dependencies]. Details - ImportResultOutputID=9c55ec77210ea874b9f1889200a2cb8f DependenciesID=d462478e53205deb6c3492cd2b3e8326 StaticDependenciesID=84688e1882b9d182b3226b153689077c 
Number of updated asset objects reloaded before import = 0
Number of asset objects unloaded after import = 0
========================================================================
Received Import Request.
  Time of request: 2026-09-19T15:00:41.0836422Z
  Time since last request: 0.0005189 seconds.
  importAddress: GUID: 3787875fc84246d0a47d8c123d4ea5fc - Path: Packages/com.unity.collab-proxy/Editor/UI/Tree/EmptyStatePanel.cs - Importer: ScriptedImporter/UnityEditor.QuickSearchModule:UnityEditor.Search:ASIAI0B
Importing 'GUID: 3787875fc84246d0a47d8c123d4ea5fc - Path: Packages/com.unity.collab-proxy/Editor/UI/Tree/EmptyStatePanel.cs - Importer: ScriptedImporter/UnityEditor.QuickSearchModule:UnityEditor.Search:ASIAI0B' with importer (ScriptedImporter : UnityEditor.QuickSearchModule:UnityEditor.Search:ASIAI0B)
Imported 'GUID: 3787875fc84246d0a47d8c123d4ea5fc' -> (Import Result ID: 'db0c806ac6e49b12d6ce19e52f3d5218') in 0.003 seconds [static and dynamic dependencies]. Details - ImportResultOutputID=28caac3018a883193aab713d4a1b9757 DependenciesID=4d1786a1d0426eb41184800ec6850b81 StaticDependenciesID=b3288340bb2427f8d5ec8d3f867a9cbb 
Number of updated asset objects reloaded before import = 0
Number of asset objects unloaded after import = 0
========================================================================
Received Import Request.
  Time of request: 2026-09-19T15:00:41.1024017Z
  Time since last request: 0.000555 seconds.
  importAddress: GUID: 0afb4c6d979970647841ee14a55b8d25 - Path: Packages/com.unity.collab-proxy/Editor/UI/Avatar/GetAvatar.cs - Importer: ScriptedImporter/UnityEditor.QuickSearchModule:UnityEditor.Search:ASIAI0B
Importing 'GUID: 0afb4c6d979970647841ee14a55b8d25 - Path: Packages/com.unity.collab-proxy/Editor/UI/Avatar/GetAvatar.cs - Importer: ScriptedImporter/UnityEditor.QuickSearchModule:UnityEditor.Search:ASIAI0B' with importer (ScriptedImporter : UnityEditor.QuickSearchModule:UnityEditor.Search:ASIAI0B)
Imported 'GUID: 0afb4c6d979970647841ee14a55b8d25' -> (Import Result ID: '5530531203060b56c7f012d4845d16e8') in 0.003 seconds [static and dynamic dependencies]. Details - ImportResultOutputID=ada4f8f6bf2c1fb092505ef251345cca DependenciesID=b2c3cf27efcbb8ffeac3c16f88d05fea StaticDependenciesID=2aacf8850a62435952aae4aabf8e6fc8 
Number of updated asset objects reloaded before import = 0
Number of asset objects unloaded after import = 0
========================================================================
Received Import Request.
  Time of request: 2026-09-19T15:00:41.119223Z
  Time since last request: 0.0006803 seconds.
  importAddress: GUID: 8cee66aefde0415886a851167a19c933 - Path: Packages/com.unity.collab-proxy/Editor/UI/Progress/LoadingSpinner.cs - Importer: ScriptedImporter/UnityEditor.QuickSearchModule:UnityEditor.Search:ASIAI0B
Importing 'GUID: 8cee66aefde0415886a851167a19c933 - Path: Packages/com.unity.collab-proxy/Editor/UI/Progress/LoadingSpinner.cs - Importer: ScriptedImporter/UnityEditor.QuickSearchModule:UnityEditor.Search:ASIAI0B' with importer (ScriptedImporter : UnityEditor.QuickSearchModule:UnityEditor.Search:ASIAI0B)
Imported 'GUID: 8cee66aefde0415886a851167a19c933' -> (Import Result ID: 'b26f38e137b0ac26ff672f9e4b3128db') in 0.003 seconds [static and dynamic dependencies]. Details - ImportResultOutputID=b1dd908eb9921f0076d0ab2dd4f1f2de DependenciesID=9a2f87dedaac95bc94529591585e1302 StaticDependenciesID=e22e295ef15cb1330c7acb83f4ab2af1 
Number of updated asset objects reloaded before import = 0
Number of asset objects unloaded after import = 0
========================================================================
Received Import Request.
  Time of request: 2026-09-19T15:00:41.1394117Z
  Time since last request: 0.0006074 seconds.
  importAddress: GUID: b6b94b53391e4873a684f61c6f109710 - Path: Packages/com.unity.collab-proxy/Editor/Inspector/Properties/SelectedRepObjectInfoData.cs - Importer: ScriptedImporter/UnityEditor.QuickSearchModule:UnityEditor.Search:ASIAI0B
Importing 'GUID: b6b94b53391e4873a684f61c6f109710 - Path: Packages/com.unity.collab-proxy/Editor/Inspector/Properties/SelectedRepObjectInfoData.cs - Importer: ScriptedImporter/UnityEditor.QuickSearchModule:UnityEditor.Search:ASIAI0B' with importer (ScriptedImporter : UnityEditor.QuickSearchModule:UnityEditor.Search:ASIAI0B)
Imported 'GUID: b6b94b53391e4873a684f61c6f109710' -> (Import Result ID: '51b1f0bf5f6aa1c742583db92506359a') in 0.003 seconds [static and dynamic dependencies]. Details - ImportResultOutputID=863459c07ee709d2d6618be4aafeedf4 DependenciesID=e7a8f38a4dab23bda0418f368d6220c7 StaticDependenciesID=5a413129354e30d3963e4e96e16578dd 
Number of updated asset objects reloaded before import = 0
Number of asset objects unloaded after import = 0
========================================================================
Received Import Request.
  Time of request: 2026-09-19T15:00:41.161255Z
  Time since last request: 0.0006394 seconds.
  importAddress: GUID: e76ce7703143a924b9c0693ee66ebee7 - Path: Packages/com.unity.collab-proxy/Editor/UI/Avatar/ApplyCircleMask.cs - Importer: ScriptedImporter/UnityEditor.QuickSearchModule:UnityEditor.Search:ASIAI0B
Importing 'GUID: e76ce7703143a924b9c0693ee66ebee7 - Path: Packages/com.unity.collab-proxy/Editor/UI/Avatar/ApplyCircleMask.cs - Importer: ScriptedImporter/UnityEditor.QuickSearchModule:UnityEditor.Search:ASIAI0B' with importer (ScriptedImporter : UnityEditor.QuickSearchModule:UnityEditor.Search:ASIAI0B)
Imported 'GUID: e76ce7703143a924b9c0693ee66ebee7' -> (Import Result ID: 'b805abea0825701094735235b73c3005') in 0.003 seconds [static and dynamic dependencies]. Details - ImportResultOutputID=2308f28649c7605f45a8d91d2f43d63f DependenciesID=946b02b16a94373482f35e781ce20fc4 StaticDependenciesID=208dc5bc7028fc76052d60815897005f 
Number of updated asset objects reloaded before import = 0
Number of asset objects unloaded after import = 0
========================================================================
Received Import Request.
  Time of request: 2026-09-19T15:00:41.1826958Z
  Time since last request: 0.0005738 seconds.
  importAddress: GUID: aa3f399d17e1dcf4c9e417ffce5eb905 - Path: Packages/com.unity.collab-proxy/Editor/UI/Progress/ProgressControlsForDialogs.cs - Importer: ScriptedImporter/UnityEditor.QuickSearchModule:UnityEditor.Search:ASIAI0B
Importing 'GUID: aa3f399d17e1dcf4c9e417ffce5eb905 - Path: Packages/com.unity.collab-proxy/Editor/UI/Progress/ProgressControlsForDialogs.cs - Importer: ScriptedImporter/UnityEditor.QuickSearchModule:UnityEditor.Search:ASIAI0B' with importer (ScriptedImporter : UnityEditor.QuickSearchModule:UnityEditor.Search:ASIAI0B)
Imported 'GUID: aa3f399d17e1dcf4c9e417ffce5eb905' -> (Import Result ID: '226200f09c7261477c91d38ebe67a2b4') in 0.003 seconds [static and dynamic dependencies]. Details - ImportResultOutputID=41e38d6923b54eec6ee1e70e95646cd4 DependenciesID=e02271ac39057e29453b425867c749be StaticDependenciesID=43eef62c3558d6a737f2492ea296c0d5 
Number of updated asset objects reloaded before import = 0
Number of asset objects unloaded after import = 0
========================================================================
Received Import Request.
  Time of request: 2026-09-19T15:00:41.2266556Z
  Time since last request: 0.0258119 seconds.
  importAddress: GUID: ba4e6e12f66973142a87299287cb34dc - Path: Packages/com.unity.collab-proxy/Editor/Views/Diff/DiffTreeView.cs - Importer: ScriptedImporter/UnityEditor.QuickSearchModule:UnityEditor.Search:ASIAI0B
Importing 'GUID: ba4e6e12f66973142a87299287cb34dc - Path: Packages/com.unity.collab-proxy/Editor/Views/Diff/DiffTreeView.cs - Importer: ScriptedImporter/UnityEditor.QuickSearchModule:UnityEditor.Search:ASIAI0B' with importer (ScriptedImporter : UnityEditor.QuickSearchModule:UnityEditor.Search:ASIAI0B)
Imported 'GUID: ba4e6e12f66973142a87299287cb34dc' -> (Import Result ID: 'e45cc1e26c2565bdd7e17193f39303bd') in 0.004 seconds [static and dynamic dependencies]. Details - ImportResultOutputID=9c2439ec50943a028a1fb3b5a030a854 DependenciesID=6f87a1dd550d94f924080fc45eedab3c StaticDependenciesID=64ded7537b26c232833165868bd64bb0 
Number of updated asset objects reloaded before import = 0
Number of asset objects unloaded after import = 0
========================================================================
Received Import Request.
  Time of request: 2026-09-19T15:00:41.2452681Z
  Time since last request: 0.0008235 seconds.
  importAddress: GUID: e542f43e3279a52408997f8ab7dca7c0 - Path: Packages/com.unity.collab-proxy/Editor/UVCSToolbar/PopupWindow/ToolbarMouseBoundary.cs - Importer: ScriptedImporter/UnityEditor.QuickSearchModule:UnityEditor.Search:ASIAI0B
Importing 'GUID: e542f43e3279a52408997f8ab7dca7c0 - Path: Packages/com.unity.collab-proxy/Editor/UVCSToolbar/PopupWindow/ToolbarMouseBoundary.cs - Importer: ScriptedImporter/UnityEditor.QuickSearchModule:UnityEditor.Search:ASIAI0B' with importer (ScriptedImporter : UnityEditor.QuickSearchModule:UnityEditor.Search:ASIAI0B)
Imported 'GUID: e542f43e3279a52408997f8ab7dca7c0' -> (Import Result ID: '805981c1ea4bdeacfbaae95d91e1e0bd') in 0.002 seconds [static and dynamic dependencies]. Details - ImportResultOutputID=fb9f8be14ad37cc006bdf2e768e79880 DependenciesID=82862efe741885731c1e18643a0eb00a StaticDependenciesID=1613fc8c3e21d90759de1f1b7f7d4b98 
Number of updated asset objects reloaded before import = 0
Number of asset objects unloaded after import = 0
========================================================================
Received Import Request.
  Time of request: 2026-09-19T15:00:41.2709911Z
  Time since last request: 0.0007001 seconds.
  importAddress: GUID: 4ef5fb54cd29b40468eaf5a14e9845ed - Path: Packages/com.unity.collab-proxy/Editor/Views/Diff/DiffSelection.cs - Importer: ScriptedImporter/UnityEditor.QuickSearchModule:UnityEditor.Search:ASIAI0B
Importing 'GUID: 4ef5fb54cd29b40468eaf5a14e9845ed - Path: Packages/com.unity.collab-proxy/Editor/Views/Diff/DiffSelection.cs - Importer: ScriptedImporter/UnityEditor.QuickSearchModule:UnityEditor.Search:ASIAI0B' with importer (ScriptedImporter : UnityEditor.QuickSearchModule:UnityEditor.Search:ASIAI0B)
Imported 'GUID: 4ef5fb54cd29b40468eaf5a14e9845ed' -> (Import Result ID: 'b11b3c6ece333a3125d2de1bdeb688f2') in 0.005 seconds [static and dynamic dependencies]. Details - ImportResultOutputID=7b625eb370579bcef85c90785a36874d DependenciesID=d855157b15eda9b96907f8c89c4f5ebf StaticDependenciesID=9c22efe10b9b30624e6ac58e85ba1bd0 
Number of updated asset objects reloaded before import = 0
Number of asset objects unloaded after import = 0
========================================================================
Received Import Request.
  Time of request: 2026-09-19T15:00:41.3062287Z
  Time since last request: 0.0053062 seconds.
  importAddress: GUID: 88f7d95ce0bbb004d8b7fb2d5c2b3a64 - Path: Packages/com.unity.collab-proxy/Editor/Views/Diff/ChangesetByChangesetDiffPanel.cs - Importer: ScriptedImporter/UnityEditor.QuickSearchModule:UnityEditor.Search:ASIAI0B
Importing 'GUID: 88f7d95ce0bbb004d8b7fb2d5c2b3a64 - Path: Packages/com.unity.collab-proxy/Editor/Views/Diff/ChangesetByChangesetDiffPanel.cs - Importer: ScriptedImporter/UnityEditor.QuickSearchModule:UnityEditor.Search:ASIAI0B' with importer (ScriptedImporter : UnityEditor.QuickSearchModule:UnityEditor.Search:ASIAI0B)
Imported 'GUID: 88f7d95ce0bbb004d8b7fb2d5c2b3a64' -> (Import Result ID: '624e123293bd07378b59e3d67ed81673') in 0.003 seconds [static and dynamic dependencies]. Details - ImportResultOutputID=0947bbe7865bf338acf8f2868f4f8f36 DependenciesID=cbe911175b50c1f885da10e6acb17098 StaticDependenciesID=fc63bf7121b84991f907a246e5db40ed 
Number of updated asset objects reloaded before import = 0
Number of asset objects unloaded after import = 0
========================================================================
Received Import Request.
  Time of request: 2026-09-19T15:00:41.3255504Z
  Time since last request: 0.0005116 seconds.
  importAddress: GUID: ed6af67100cc4771885346e6963669f6 - Path: Packages/com.unity.collab-proxy/Editor/Views/Attributes/AttributesPanel.cs - Importer: ScriptedImporter/UnityEditor.QuickSearchModule:UnityEditor.Search:ASIAI0B
Importing 'GUID: ed6af67100cc4771885346e6963669f6 - Path: Packages/com.unity.collab-proxy/Editor/Views/Attributes/AttributesPanel.cs - Importer: ScriptedImporter/UnityEditor.QuickSearchModule:UnityEditor.Search:ASIAI0B' with importer (ScriptedImporter : UnityEditor.QuickSearchModule:UnityEditor.Search:ASIAI0B)
Imported 'GUID: ed6af67100cc4771885346e6963669f6' -> (Import Result ID: '40b5dc3be0d146f997655e07ac84a9d7') in 0.003 seconds [static and dynamic dependencies]. Details - ImportResultOutputID=9cf85e10a22ff2ecf9399aca90a28545 DependenciesID=beb9bf7fb49d718f668e3be963a2dbce StaticDependenciesID=d0937d7d9c59ea0a05cf926db55a836d 
Number of updated asset objects reloaded before import = 0
Number of asset objects unloaded after import = 0
========================================================================
Received Import Request.
  Time of request: 2026-09-19T15:00:41.3457176Z
  Time since last request: 0.0011599 seconds.
  importAddress: GUID: 5b6e8a80709e2264eb383ef6b40e181f - Path: Packages/com.unity.collab-proxy/Editor/Views/History/HistoryListHeaderState.cs - Importer: ScriptedImporter/UnityEditor.QuickSearchModule:UnityEditor.Search:ASIAI0B
Importing 'GUID: 5b6e8a80709e2264eb383ef6b40e181f - Path: Packages/com.unity.collab-proxy/Editor/Views/History/HistoryListHeaderState.cs - Importer: ScriptedImporter/UnityEditor.QuickSearchModule:UnityEditor.Search:ASIAI0B' with importer (ScriptedImporter : UnityEditor.QuickSearchModule:UnityEditor.Search:ASIAI0B)
Imported 'GUID: 5b6e8a80709e2264eb383ef6b40e181f' -> (Import Result ID: 'ac1809ca7d28c329f924040618633df3') in 0.004 seconds [static and dynamic dependencies]. Details - ImportResultOutputID=9a2cf704b7ab158382e1e7c166f10743 DependenciesID=8f98c5dcb6b9a524a68f8b1f17c1ef7b StaticDependenciesID=4d62cedcd458071c3c68ae58abb6315d 
Number of updated asset objects reloaded before import = 0
Number of asset objects unloaded after import = 0
========================================================================
Received Import Request.
  Time of request: 2026-09-19T15:00:41.3685834Z
  Time since last request: 0.0007248 seconds.
  importAddress: GUID: 60f5fb7fb3626214f9d97215fe186cbf - Path: Packages/com.unity.collab-proxy/Editor/Views/CreateWorkspace/ValidRepositoryName.cs - Importer: ScriptedImporter/UnityEditor.QuickSearchModule:UnityEditor.Search:ASIAI0B
Importing 'GUID: 60f5fb7fb3626214f9d97215fe186cbf - Path: Packages/com.unity.collab-proxy/Editor/Views/CreateWorkspace/ValidRepositoryName.cs - Importer: ScriptedImporter/UnityEditor.QuickSearchModule:UnityEditor.Search:ASIAI0B' with importer (ScriptedImporter : UnityEditor.QuickSearchModule:UnityEditor.Search:ASIAI0B)
Imported 'GUID: 60f5fb7fb3626214f9d97215fe186cbf' -> (Import Result ID: '898f1d1e224a7bb4fdf2270736f0a434') in 0.002 seconds [static and dynamic dependencies]. Details - ImportResultOutputID=23dad07d420135791f9f9923f0502d6c DependenciesID=24e317f17b04b964756c9295c8238557 StaticDependenciesID=cdd5a3b1207f6c8b06d2c547786aa2e4 
Number of updated asset objects reloaded before import = 0
Number of asset objects unloaded after import = 0
========================================================================
Received Import Request.
  Time of request: 2026-09-19T15:00:41.3881913Z
  Time since last request: 0.0006438 seconds.
  importAddress: GUID: 2350e7d7f6d79024da24dea8f15a6881 - Path: Packages/com.unity.collab-proxy/Editor/Views/Branch/BranchesTab.cs - Importer: ScriptedImporter/UnityEditor.QuickSearchModule:UnityEditor.Search:ASIAI0B
Importing 'GUID: 2350e7d7f6d79024da24dea8f15a6881 - Path: Packages/com.unity.collab-proxy/Editor/Views/Branch/BranchesTab.cs - Importer: ScriptedImporter/UnityEditor.QuickSearchModule:UnityEditor.Search:ASIAI0B' with importer (ScriptedImporter : UnityEditor.QuickSearchModule:UnityEditor.Search:ASIAI0B)
Imported 'GUID: 2350e7d7f6d79024da24dea8f15a6881' -> (Import Result ID: '4b22a05f300cec7748765de5bff29684') in 0.003 seconds [static and dynamic dependencies]. Details - ImportResultOutputID=c5d2914b6f0654808a80762a919bcfe4 DependenciesID=f1b9d99299927ae1c1265a27747ea507 StaticDependenciesID=9ad3f303e1b4efa5e71475f419c2e15b 
Number of updated asset objects reloaded before import = 0
Number of asset objects unloaded after import = 0
========================================================================
Received Import Request.
  Time of request: 2026-09-19T15:00:41.4063727Z
  Time since last request: 0.0005664 seconds.
  importAddress: GUID: 20341761c2011b441b2a3af227beeb71 - Path: Packages/com.unity.collab-proxy/Editor/Views/Changesets/ChangesetsSelection.cs - Importer: ScriptedImporter/UnityEditor.QuickSearchModule:UnityEditor.Search:ASIAI0B
Importing 'GUID: 20341761c2011b441b2a3af227beeb71 - Path: Packages/com.unity.collab-proxy/Editor/Views/Changesets/ChangesetsSelection.cs - Importer: ScriptedImporter/UnityEditor.QuickSearchModule:UnityEditor.Search:ASIAI0B' with importer (ScriptedImporter : UnityEditor.QuickSearchModule:UnityEditor.Search:ASIAI0B)
Imported 'GUID: 20341761c2011b441b2a3af227beeb71' -> (Import Result ID: 'c642e467107550dc79a83b05894267ee') in 0.002 seconds [static and dynamic dependencies]. Details - ImportResultOutputID=32c5439ccdbbe6587473a3804f1b024d DependenciesID=abe7f74c7868a63371a4188f7bc25a5c StaticDependenciesID=fdafad5ed33cee7cdd40f860c4db7a4a 
Number of updated asset objects reloaded before import = 0
Number of asset objects unloaded after import = 0
========================================================================
Received Import Request.
  Time of request: 2026-09-19T15:00:41.4228254Z
  Time since last request: 0.0006461 seconds.
  importAddress: GUID: 1ba537cc779f0474bb8c90d5315bbc74 - Path: Packages/com.unity.collab-proxy/Editor/UVCSToolbar/PopupWindow/UncontrolledPopupWindow.cs - Importer: ScriptedImporter/UnityEditor.QuickSearchModule:UnityEditor.Search:ASIAI0B
Importing 'GUID: 1ba537cc779f0474bb8c90d5315bbc74 - Path: Packages/com.unity.collab-proxy/Editor/UVCSToolbar/PopupWindow/UncontrolledPopupWindow.cs - Importer: ScriptedImporter/UnityEditor.QuickSearchModule:UnityEditor.Search:ASIAI0B' with importer (ScriptedImporter : UnityEditor.QuickSearchModule:UnityEditor.Search:ASIAI0B)
Imported 'GUID: 1ba537cc779f0474bb8c90d5315bbc74' -> (Import Result ID: 'b443ab420fdc2824ccfc39264f78b184') in 0.002 seconds [static and dynamic dependencies]. Details - ImportResultOutputID=e928dcbcd9db1ae63765799e00291704 DependenciesID=e3bc89d8c53d8272dd77b76d06e5f6e7 StaticDependenciesID=845fa77a50c5f70d3a8b8a14bd16f0f1 
Number of updated asset objects reloaded before import = 0
Number of asset objects unloaded after import = 0
========================================================================
Received Import Request.
  Time of request: 2026-09-19T15:00:41.4407404Z
  Time since last request: 0.0005322 seconds.
  importAddress: GUID: b05368a4ef1a4635b2e0337c41502e63 - Path: Packages/com.unity.collab-proxy/Editor/Views/BranchExplorer/BranchExplorerView.cs - Importer: ScriptedImporter/UnityEditor.QuickSearchModule:UnityEditor.Search:ASIAI0B
Importing 'GUID: b05368a4ef1a4635b2e0337c41502e63 - Path: Packages/com.unity.collab-proxy/Editor/Views/BranchExplorer/BranchExplorerView.cs - Importer: ScriptedImporter/UnityEditor.QuickSearchModule:UnityEditor.Search:ASIAI0B' with importer (ScriptedImporter : UnityEditor.QuickSearchModule:UnityEditor.Search:ASIAI0B)
Imported 'GUID: b05368a4ef1a4635b2e0337c41502e63' -> (Import Result ID: '0a6275103cf018714fabf76daf8fd822') in 0.006 seconds [static and dynamic dependencies]. Details - ImportResultOutputID=160d3ec081c3a99ee83893cb7961a370 DependenciesID=a640026ae44360503484153b4a859c39 StaticDependenciesID=45ed75112fd57cc7b8427e2bac53502f 
Number of updated asset objects reloaded before import = 0
Number of asset objects unloaded after import = 0
========================================================================
Received Import Request.
  Time of request: 2026-09-19T15:00:41.4625571Z
  Time since last request: 0.0006281 seconds.
  importAddress: GUID: 3fdd86a000d1ef04094416eefed53087 - Path: Packages/com.unity.collab-proxy/Editor/Views/Diff/ClientDiffTreeViewItem.cs - Importer: ScriptedImporter/UnityEditor.QuickSearchModule:UnityEditor.Search:ASIAI0B
Importing 'GUID: 3fdd86a000d1ef04094416eefed53087 - Path: Packages/com.unity.collab-proxy/Editor/Views/Diff/ClientDiffTreeViewItem.cs - Importer: ScriptedImporter/UnityEditor.QuickSearchModule:UnityEditor.Search:ASIAI0B' with importer (ScriptedImporter : UnityEditor.QuickSearchModule:UnityEditor.Search:ASIAI0B)
Imported 'GUID: 3fdd86a000d1ef04094416eefed53087' -> (Import Result ID: 'ee5ed9e411abf06c21dbcb62c9ae33de') in 0.003 seconds [static and dynamic dependencies]. Details - ImportResultOutputID=597593d11b63b009918f8af1a903a205 DependenciesID=cd035badfad2c9123cb9f8804d58996c StaticDependenciesID=ca8db6676fc818c874d9517330dff0ab 
Number of updated asset objects reloaded before import = 0
Number of asset objects unloaded after import = 0
========================================================================
Received Import Request.
  Time of request: 2026-09-19T15:00:41.4830484Z
  Time since last request: 0.0005459 seconds.
  importAddress: GUID: 5294f667272fcb2438a79369c92cc7e7 - Path: Packages/com.unity.collab-proxy/Editor/Views/CreateWorkspace/CreateWorkspaceView.cs - Importer: ScriptedImporter/UnityEditor.QuickSearchModule:UnityEditor.Search:ASIAI0B
Importing 'GUID: 5294f667272fcb2438a79369c92cc7e7 - Path: Packages/com.unity.collab-proxy/Editor/Views/CreateWorkspace/CreateWorkspaceView.cs - Importer: ScriptedImporter/UnityEditor.QuickSearchModule:UnityEditor.Search:ASIAI0B' with importer (ScriptedImporter : UnityEditor.QuickSearchModule:UnityEditor.Search:ASIAI0B)
Imported 'GUID: 5294f667272fcb2438a79369c92cc7e7' -> (Import Result ID: '6264ace6b886079d8ab30b093febdb72') in 0.004 seconds [static and dynamic dependencies]. Details - ImportResultOutputID=a0d1210d93bbc9da0cd7c1d7a2a56542 DependenciesID=5dd4cbd4c9d6965952c1a39d41ff4c3b StaticDependenciesID=ac813cd01eb58f0ba734ae4d74aad5f7 
Number of updated asset objects reloaded before import = 0
Number of asset objects unloaded after import = 0
========================================================================
Received Import Request.
  Time of request: 2026-09-19T15:00:41.5029825Z
  Time since last request: 0.0004399 seconds.
  importAddress: GUID: b1b8657301e8ead4a9389eda02c15883 - Path: Packages/com.unity.collab-proxy/Editor/Views/History/HistoryListViewItem.cs - Importer: ScriptedImporter/UnityEditor.QuickSearchModule:UnityEditor.Search:ASIAI0B
Importing 'GUID: b1b8657301e8ead4a9389eda02c15883 - Path: Packages/com.unity.collab-proxy/Editor/Views/History/HistoryListViewItem.cs - Importer: ScriptedImporter/UnityEditor.QuickSearchModule:UnityEditor.Search:ASIAI0B' with importer (ScriptedImporter : UnityEditor.QuickSearchModule:UnityEditor.Search:ASIAI0B)
Imported 'GUID: b1b8657301e8ead4a9389eda02c15883' -> (Import Result ID: '2976b6429532d2e26ed3777eda1ce16f') in 0.003 seconds [static and dynamic dependencies]. Details - ImportResultOutputID=a2f0d00c9541e4e730e634b4fffb8960 DependenciesID=523c8d6c3abd1ab2a0a5e8e488143a29 StaticDependenciesID=10406e742204a8e0397d4678f493d726 
Number of updated asset objects reloaded before import = 0
Number of asset objects unloaded after import = 0
========================================================================
Received Import Request.
  Time of request: 2026-09-19T15:00:41.5197991Z
  Time since last request: 0.0006465 seconds.
  importAddress: GUID: 06e8f2c592322e640ae99a833427b552 - Path: Packages/com.unity.collab-proxy/Editor/Views/Changesets/ChangesetsTab_Operations.cs - Importer: ScriptedImporter/UnityEditor.QuickSearchModule:UnityEditor.Search:ASIAI0B
Importing 'GUID: 06e8f2c592322e640ae99a833427b552 - Path: Packages/com.unity.collab-proxy/Editor/Views/Changesets/ChangesetsTab_Operations.cs - Importer: ScriptedImporter/UnityEditor.QuickSearchModule:UnityEditor.Search:ASIAI0B' with importer (ScriptedImporter : UnityEditor.QuickSearchModule:UnityEditor.Search:ASIAI0B)
Imported 'GUID: 06e8f2c592322e640ae99a833427b552' -> (Import Result ID: 'd37b40750e76d1762293d747871956a8') in 0.002 seconds [static and dynamic dependencies]. Details - ImportResultOutputID=6cbc22379a3b5c82727a2a50c5029d27 DependenciesID=fa24692d66fae4bec86bacd04ccce92a StaticDependenciesID=bd343d3ba4b36308d994d602c4ad6b38 
Number of updated asset objects reloaded before import = 0
Number of asset objects unloaded after import = 0
========================================================================
Received Import Request.
  Time of request: 2026-09-19T15:00:41.5378174Z
  Time since last request: 0.0005169 seconds.
  importAddress: GUID: c296f9dc5d327e24398979cca08c62c9 - Path: Packages/com.unity.collab-proxy/Editor/Views/BrowseRepository/BrowseRepositoryTreeView.cs - Importer: ScriptedImporter/UnityEditor.QuickSearchModule:UnityEditor.Search:ASIAI0B
Importing 'GUID: c296f9dc5d327e24398979cca08c62c9 - Path: Packages/com.unity.collab-proxy/Editor/Views/BrowseRepository/BrowseRepositoryTreeView.cs - Importer: ScriptedImporter/UnityEditor.QuickSearchModule:UnityEditor.Search:ASIAI0B' with importer (ScriptedImporter : UnityEditor.QuickSearchModule:UnityEditor.Search:ASIAI0B)
Imported 'GUID: c296f9dc5d327e24398979cca08c62c9' -> (Import Result ID: '2be692e1924fe81d194c4fa3438a5fec') in 0.004 seconds [static and dynamic dependencies]. Details - ImportResultOutputID=92d046e40fbce81cd9dc64422d6401d1 DependenciesID=b26b9b52506273ef93162d67d5a4f5b7 StaticDependenciesID=b86245af93fe3c1a100341bff6075517 
Number of updated asset objects reloaded before import = 0
Number of asset objects unloaded after import = 0
========================================================================
Received Import Request.
  Time of request: 2026-09-19T15:00:41.5594096Z
  Time since last request: 0.0006033 seconds.
  importAddress: GUID: 10358899f0bd35840af31b6f9f5b4ac0 - Path: Packages/com.unity.collab-proxy/Editor/Views/BrowseRepository/BrowseRepositoryViewItem.cs - Importer: ScriptedImporter/UnityEditor.QuickSearchModule:UnityEditor.Search:ASIAI0B
Importing 'GUID: 10358899f0bd35840af31b6f9f5b4ac0 - Path: Packages/com.unity.collab-proxy/Editor/Views/BrowseRepository/BrowseRepositoryViewItem.cs - Importer: ScriptedImporter/UnityEditor.QuickSearchModule:UnityEditor.Search:ASIAI0B' with importer (ScriptedImporter : UnityEditor.QuickSearchModule:UnityEditor.Search:ASIAI0B)
Imported 'GUID: 10358899f0bd35840af31b6f9f5b4ac0' -> (Import Result ID: '02cbd729001fd11339ccd23b877eb18a') in 0.004 seconds [static and dynamic dependencies]. Details - ImportResultOutputID=163611a6701e84e08eb722b9d29edf17 DependenciesID=9b072b1e45d497b58a4c9c668c226474 StaticDependenciesID=c5e71add2d23fdcef18b00b90e34a7ae 
Number of updated asset objects reloaded before import = 0
Number of asset objects unloaded after import = 0
========================================================================
Received Import Request.
  Time of request: 2026-09-19T15:00:41.6111564Z
  Time since last request: 0.0272536 seconds.
  importAddress: GUID: a9298a2c04dfc944bbc6ea156f4e2104 - Path: Packages/com.unity.collab-proxy/Editor/Views/Welcome/WelcomeView.cs - Importer: ScriptedImporter/UnityEditor.QuickSearchModule:UnityEditor.Search:ASIAI0B
Importing 'GUID: a9298a2c04dfc944bbc6ea156f4e2104 - Path: Packages/com.unity.collab-proxy/Editor/Views/Welcome/WelcomeView.cs - Importer: ScriptedImporter/UnityEditor.QuickSearchModule:UnityEditor.Search:ASIAI0B' with importer (ScriptedImporter : UnityEditor.QuickSearchModule:UnityEditor.Search:ASIAI0B)
Imported 'GUID: a9298a2c04dfc944bbc6ea156f4e2104' -> (Import Result ID: 'e4819ef70130e278705561c2b17197f7') in 0.003 seconds [static and dynamic dependencies]. Details - ImportResultOutputID=e0a43c19ac423c2b5ba6e47004bbba9a DependenciesID=1648cdf7241645685fc609da29f504ba StaticDependenciesID=72d1ee4d17c6cb3c0c97f11a22109b4b 
Number of updated asset objects reloaded before import = 0
Number of asset objects unloaded after import = 0
========================================================================
Received Import Request.
  Time of request: 2026-09-19T15:00:41.6288155Z
  Time since last request: 0.0007424 seconds.
  importAddress: GUID: 3a49359b59c12b74386ca6816923ec2c - Path: Packages/com.unity.collab-proxy/Editor/Views/History/HistoryTab.cs - Importer: ScriptedImporter/UnityEditor.QuickSearchModule:UnityEditor.Search:ASIAI0B
Importing 'GUID: 3a49359b59c12b74386ca6816923ec2c - Path: Packages/com.unity.collab-proxy/Editor/Views/History/HistoryTab.cs - Importer: ScriptedImporter/UnityEditor.QuickSearchModule:UnityEditor.Search:ASIAI0B' with importer (ScriptedImporter : UnityEditor.QuickSearchModule:UnityEditor.Search:ASIAI0B)
Imported 'GUID: 3a49359b59c12b74386ca6816923ec2c' -> (Import Result ID: 'f7fd3d48c5f803e042c4a738911043aa') in 0.003 seconds [static and dynamic dependencies]. Details - ImportResultOutputID=aa84c61cadbdf5c336edb452e1bfb822 DependenciesID=661fd06b89483626fa5fc0d9f1f23734 StaticDependenciesID=6ec0c5fcb420a6f20217e25b2d75013b 
Number of updated asset objects reloaded before import = 0
Number of asset objects unloaded after import = 0
========================================================================
Received Import Request.
  Time of request: 2026-09-19T15:00:41.6487215Z
  Time since last request: 0.0007659 seconds.
  importAddress: GUID: 23471c5c18843794fba363cb093b5a05 - Path: Packages/com.unity.collab-proxy/Editor/Views/PendingChanges/DrawCommentTextArea.cs - Importer: ScriptedImporter/UnityEditor.QuickSearchModule:UnityEditor.Search:ASIAI0B
Importing 'GUID: 23471c5c18843794fba363cb093b5a05 - Path: Packages/com.unity.collab-proxy/Editor/Views/PendingChanges/DrawCommentTextArea.cs - Importer: ScriptedImporter/UnityEditor.QuickSearchModule:UnityEditor.Search:ASIAI0B' with importer (ScriptedImporter : UnityEditor.QuickSearchModule:UnityEditor.Search:ASIAI0B)
Imported 'GUID: 23471c5c18843794fba363cb093b5a05' -> (Import Result ID: 'b87a847425e6bd74f5fee57e76d02729') in 0.003 seconds [static and dynamic dependencies]. Details - ImportResultOutputID=fcebb1d00ab7f6f7aca8d38f15305cfc DependenciesID=022e3468c6f6548175ef4eedef50b7e1 StaticDependenciesID=38322f51034aa2228123b2f9bd33d5f4 
Number of updated asset objects reloaded before import = 0
Number of asset objects unloaded after import = 0
========================================================================
Received Import Request.
  Time of request: 2026-09-19T15:00:41.6691158Z
  Time since last request: 0.0009905 seconds.
  importAddress: GUID: bcc8e3fcf0e9fb0478604e86fa679bcd - Path: Packages/com.unity.collab-proxy/Editor/Views/Shelves/ShelveListViewItem.cs - Importer: ScriptedImporter/UnityEditor.QuickSearchModule:UnityEditor.Search:ASIAI0B
Importing 'GUID: bcc8e3fcf0e9fb0478604e86fa679bcd - Path: Packages/com.unity.collab-proxy/Editor/Views/Shelves/ShelveListViewItem.cs - Importer: ScriptedImporter/UnityEditor.QuickSearchModule:UnityEditor.Search:ASIAI0B' with importer (ScriptedImporter : UnityEditor.QuickSearchModule:UnityEditor.Search:ASIAI0B)
Imported 'GUID: bcc8e3fcf0e9fb0478604e86fa679bcd' -> (Import Result ID: 'b56c1f12e4aa0ae852085ac28a7c9354') in 0.003 seconds [static and dynamic dependencies]. Details - ImportResultOutputID=8706acecd7b070477efbe3c0394d4ffb DependenciesID=94ca2b0ee02b595eba40167357681fd3 StaticDependenciesID=ec3c37bbfa30f9df64e7411e28caa026 
Number of updated asset objects reloaded before import = 0
Number of asset objects unloaded after import = 0
========================================================================
Received Import Request.
  Time of request: 2026-09-19T15:00:41.6876506Z
  Time since last request: 0.000822 seconds.
  importAddress: GUID: a9e847d045a7744b08c7a37912965cdc - Path: Packages/com.unity.collab-proxy/Editor/Views/PendingChanges/ChangeTreeViewItem.cs - Importer: ScriptedImporter/UnityEditor.QuickSearchModule:UnityEditor.Search:ASIAI0B
Importing 'GUID: a9e847d045a7744b08c7a37912965cdc - Path: Packages/com.unity.collab-proxy/Editor/Views/PendingChanges/ChangeTreeViewItem.cs - Importer: ScriptedImporter/UnityEditor.QuickSearchModule:UnityEditor.Search:ASIAI0B' with importer (ScriptedImporter : UnityEditor.QuickSearchModule:UnityEditor.Search:ASIAI0B)
Imported 'GUID: a9e847d045a7744b08c7a37912965cdc' -> (Import Result ID: '14079a6cff869c8c7ae6035c8909dfd9') in 0.003 seconds [static and dynamic dependencies]. Details - ImportResultOutputID=63e6e1f88d448bfb22527e3214ef0e7a DependenciesID=86a57da03570e5dd01097110d386c159 StaticDependenciesID=512169e2ef4e4e7c1d79d510cc3f4f0c 
Number of updated asset objects reloaded before import = 0
Number of asset objects unloaded after import = 0
========================================================================
Received Import Request.
  Time of request: 2026-09-19T15:00:41.7081333Z
  Time since last request: 0.0005646 seconds.
  importAddress: GUID: 29bc9dedaf364d2890f65a2757fb6005 - Path: Packages/com.unity.collab-proxy/Editor/Views/Merge/ApplyShelveReport.cs - Importer: ScriptedImporter/UnityEditor.QuickSearchModule:UnityEditor.Search:ASIAI0B
Importing 'GUID: 29bc9dedaf364d2890f65a2757fb6005 - Path: Packages/com.unity.collab-proxy/Editor/Views/Merge/ApplyShelveReport.cs - Importer: ScriptedImporter/UnityEditor.QuickSearchModule:UnityEditor.Search:ASIAI0B' with importer (ScriptedImporter : UnityEditor.QuickSearchModule:UnityEditor.Search:ASIAI0B)
Imported 'GUID: 29bc9dedaf364d2890f65a2757fb6005' -> (Import Result ID: '14b375800f7e132afacd948092257d9e') in 0.003 seconds [static and dynamic dependencies]. Details - ImportResultOutputID=a6de06ca957c413ad77312414eb12933 DependenciesID=7fa7107a536269cb8ba40d4ad8e6f2c1 StaticDependenciesID=d968b74ae3c5187e1bce2a476f51e52c 
Number of updated asset objects reloaded before import = 0
Number of asset objects unloaded after import = 0
========================================================================
Received Import Request.
  Time of request: 2026-09-19T15:00:41.7295539Z
  Time since last request: 0.0004883 seconds.
  importAddress: GUID: 12617ab1a25fb574c85cdfaf5129d59d - Path: Packages/com.unity.collab-proxy/Editor/Views/Shelves/ShelvesListView.cs - Importer: ScriptedImporter/UnityEditor.QuickSearchModule:UnityEditor.Search:ASIAI0B
Importing 'GUID: 12617ab1a25fb574c85cdfaf5129d59d - Path: Packages/com.unity.collab-proxy/Editor/Views/Shelves/ShelvesListView.cs - Importer: ScriptedImporter/UnityEditor.QuickSearchModule:UnityEditor.Search:ASIAI0B' with importer (ScriptedImporter : UnityEditor.QuickSearchModule:UnityEditor.Search:ASIAI0B)
Imported 'GUID: 12617ab1a25fb574c85cdfaf5129d59d' -> (Import Result ID: 'c9259c15e41a30cb59f5e7fd1a9cbe2d') in 0.003 seconds [static and dynamic dependencies]. Details - ImportResultOutputID=15e9588f8ec210fa97701697d1859873 DependenciesID=1a2b5066c7d30e2ef9974b2511d2ee90 StaticDependenciesID=c86b83f4f664f80c64d7c381d9754d6b 
Number of updated asset objects reloaded before import = 0
Number of asset objects unloaded after import = 0
========================================================================
Received Import Request.
  Time of request: 2026-09-19T15:00:41.7504038Z
  Time since last request: 0.0007762 seconds.
  importAddress: GUID: 7a92174abe154af4b99e09e4b6cf31ee - Path: Packages/com.unity.collab-proxy/Editor/Views/PendingChanges/PendingChangesSelection.cs - Importer: ScriptedImporter/UnityEditor.QuickSearchModule:UnityEditor.Search:ASIAI0B
Importing 'GUID: 7a92174abe154af4b99e09e4b6cf31ee - Path: Packages/com.unity.collab-proxy/Editor/Views/PendingChanges/PendingChangesSelection.cs - Importer: ScriptedImporter/UnityEditor.QuickSearchModule:UnityEditor.Search:ASIAI0B' with importer (ScriptedImporter : UnityEditor.QuickSearchModule:UnityEditor.Search:ASIAI0B)
Imported 'GUID: 7a92174abe154af4b99e09e4b6cf31ee' -> (Import Result ID: '1997757a960e22b4d8494d3f99006c70') in 0.004 seconds [static and dynamic dependencies]. Details - ImportResultOutputID=13a0f35326662849d83ea0b3d33b32ef DependenciesID=1ade6aed6c7372bb5e248ad5dcd5c1e2 StaticDependenciesID=c9007c109ccec39d96111b8ab38e6b1d 
Number of updated asset objects reloaded before import = 0
Number of asset objects unloaded after import = 0
========================================================================
Received Import Request.
  Time of request: 2026-09-19T15:00:41.7706804Z
  Time since last request: 0.0004249 seconds.
  importAddress: GUID: 05b4d56bb0dca1b458c2e10c2548663b - Path: Packages/com.unity.collab-proxy/Editor/Views/PendingChanges/PendingChangesTab_Operations.cs - Importer: ScriptedImporter/UnityEditor.QuickSearchModule:UnityEditor.Search:ASIAI0B
Importing 'GUID: 05b4d56bb0dca1b458c2e10c2548663b - Path: Packages/com.unity.collab-proxy/Editor/Views/PendingChanges/PendingChangesTab_Operations.cs - Importer: ScriptedImporter/UnityEditor.QuickSearchModule:UnityEditor.Search:ASIAI0B' with importer (ScriptedImporter : UnityEditor.QuickSearchModule:UnityEditor.Search:ASIAI0B)
Imported 'GUID: 05b4d56bb0dca1b458c2e10c2548663b' -> (Import Result ID: 'cbcf91bf890d5dcfe8f80e0987662175') in 0.003 seconds [static and dynamic dependencies]. Details - ImportResultOutputID=26249602d5be3b7329da1981ca7209c4 DependenciesID=1d9eda4b8bf4804d0e3ded9971b8eea8 StaticDependenciesID=abdd65d9492cf90d62788135c18bb0d3 
Number of updated asset objects reloaded before import = 0
Number of asset objects unloaded after import = 0
========================================================================
Received Import Request.
  Time of request: 2026-09-19T15:00:41.7936745Z
  Time since last request: 0.0007921 seconds.
  importAddress: GUID: 025a530ab434a7e40ad318955f571e50 - Path: Packages/com.unity.collab-proxy/Editor/Views/History/SaveAction.cs - Importer: ScriptedImporter/UnityEditor.QuickSearchModule:UnityEditor.Search:ASIAI0B
Importing 'GUID: 025a530ab434a7e40ad318955f571e50 - Path: Packages/com.unity.collab-proxy/Editor/Views/History/SaveAction.cs - Importer: ScriptedImporter/UnityEditor.QuickSearchModule:UnityEditor.Search:ASIAI0B' with importer (ScriptedImporter : UnityEditor.QuickSearchModule:UnityEditor.Search:ASIAI0B)
Imported 'GUID: 025a530ab434a7e40ad318955f571e50' -> (Import Result ID: 'ae3ebe3f11c6ab90402bf3d62b635533') in 0.003 seconds [static and dynamic dependencies]. Details - ImportResultOutputID=7e1522d9addd982853faf4e55cb62efd DependenciesID=410fcfa4256c7a47059936c8ef447bb3 StaticDependenciesID=3d3e97f0fe8edfd81fcab29f16f3853a 
Number of updated asset objects reloaded before import = 0
Number of asset objects unloaded after import = 0
========================================================================
Received Import Request.
  Time of request: 2026-09-19T15:00:41.8130545Z
  Time since last request: 0.0009305 seconds.
  importAddress: GUID: 4b03b609705fa2945b8de9fb63a8ca68 - Path: Packages/com.unity.collab-proxy/Editor/Views/Labels/LabelsTab.cs - Importer: ScriptedImporter/UnityEditor.QuickSearchModule:UnityEditor.Search:ASIAI0B
Importing 'GUID: 4b03b609705fa2945b8de9fb63a8ca68 - Path: Packages/com.unity.collab-proxy/Editor/Views/Labels/LabelsTab.cs - Importer: ScriptedImporter/UnityEditor.QuickSearchModule:UnityEditor.Search:ASIAI0B' with importer (ScriptedImporter : UnityEditor.QuickSearchModule:UnityEditor.Search:ASIAI0B)
Imported 'GUID: 4b03b609705fa2945b8de9fb63a8ca68' -> (Import Result ID: '98ca8b359db5451992de4b54fb7cbea1') in 0.004 seconds [static and dynamic dependencies]. Details - ImportResultOutputID=3d7839139c95d44955eea6c85046f5e9 DependenciesID=0bb30a18c79bb5b4072170ed087d68a6 StaticDependenciesID=6ed2abcff9e0fbbb92368827a237af03 
Number of updated asset objects reloaded before import = 0
Number of asset objects unloaded after import = 0
========================================================================
Received Import Request.
  Time of request: 2026-09-19T15:00:41.8343971Z
  Time since last request: 0.0006154 seconds.
  importAddress: GUID: 9553f392d0be2a24daf3cad457d2c612 - Path: Packages/com.unity.collab-proxy/Editor/Views/History/HistorySelection.cs - Importer: ScriptedImporter/UnityEditor.QuickSearchModule:UnityEditor.Search:ASIAI0B
Importing 'GUID: 9553f392d0be2a24daf3cad457d2c612 - Path: Packages/com.unity.collab-proxy/Editor/Views/History/HistorySelection.cs - Importer: ScriptedImporter/UnityEditor.QuickSearchModule:UnityEditor.Search:ASIAI0B' with importer (ScriptedImporter : UnityEditor.QuickSearchModule:UnityEditor.Search:ASIAI0B)
Imported 'GUID: 9553f392d0be2a24daf3cad457d2c612' -> (Import Result ID: '74a95f8cd5514ff6bbbd9399ebedc814') in 0.003 seconds [static and dynamic dependencies]. Details - ImportResultOutputID=af5c0224a4e196a44aed2a38a6e2e9f8 DependenciesID=4730933da4cc90a56978969b956ed1eb StaticDependenciesID=ed4ee1a76467bd93983ce27662c94a85 
Number of updated asset objects reloaded before import = 0
Number of asset objects unloaded after import = 0
========================================================================
Received Import Request.
  Time of request: 2026-09-19T15:00:41.8545804Z
  Time since last request: 0.0006728 seconds.
  importAddress: GUID: d877163a4d5b71945ae435ce29592751 - Path: Packages/com.unity.collab-proxy/Editor/_Deprecated/CollabMigration/MigrateCollabProject.cs - Importer: ScriptedImporter/UnityEditor.QuickSearchModule:UnityEditor.Search:ASIAI0B
Importing 'GUID: d877163a4d5b71945ae435ce29592751 - Path: Packages/com.unity.collab-proxy/Editor/_Deprecated/CollabMigration/MigrateCollabProject.cs - Importer: ScriptedImporter/UnityEditor.QuickSearchModule:UnityEditor.Search:ASIAI0B' with importer (ScriptedImporter : UnityEditor.QuickSearchModule:UnityEditor.Search:ASIAI0B)
Imported 'GUID: d877163a4d5b71945ae435ce29592751' -> (Import Result ID: '7b7e534fdee03536cb7bbaea6fb6d862') in 0.003 seconds [static and dynamic dependencies]. Details - ImportResultOutputID=ad32ebbf41710724e3a1f87f1cd55758 DependenciesID=e1f940d8a9bfac34be0dc75a1fd478e3 StaticDependenciesID=645b151293c672e6c4de79994735365f 
Number of updated asset objects reloaded before import = 0
Number of asset objects unloaded after import = 0
========================================================================
Received Import Request.
  Time of request: 2026-09-19T15:00:41.8749921Z
  Time since last request: 0.0006994 seconds.
  importAddress: GUID: 677b354f66fb9d640a93f849362af498 - Path: Packages/com.unity.collab-proxy/Editor/Views/Labels/LabelsViewMenu.cs - Importer: ScriptedImporter/UnityEditor.QuickSearchModule:UnityEditor.Search:ASIAI0B
Importing 'GUID: 677b354f66fb9d640a93f849362af498 - Path: Packages/com.unity.collab-proxy/Editor/Views/Labels/LabelsViewMenu.cs - Importer: ScriptedImporter/UnityEditor.QuickSearchModule:UnityEditor.Search:ASIAI0B' with importer (ScriptedImporter : UnityEditor.QuickSearchModule:UnityEditor.Search:ASIAI0B)
Imported 'GUID: 677b354f66fb9d640a93f849362af498' -> (Import Result ID: '6a92985626e83f860e7e57cb3b281703') in 0.003 seconds [static and dynamic dependencies]. Details - ImportResultOutputID=578b9197a33354fe1b92d16e01b6b918 DependenciesID=e7603128e7a9f4e3c5701614b93acaa9 StaticDependenciesID=6ced01bc15b0d4b0ef4e3d4870bc437f 
Number of updated asset objects reloaded before import = 0
Number of asset objects unloaded after import = 0
========================================================================
Received Import Request.
  Time of request: 2026-09-19T15:00:41.8963641Z
  Time since last request: 0.0006929 seconds.
  importAddress: GUID: 2288af36c38fa57499c201d497d306c3 - Path: Packages/com.unity.collab-proxy/Editor/Views/Labels/LabelsListHeaderState.cs - Importer: ScriptedImporter/UnityEditor.QuickSearchModule:UnityEditor.Search:ASIAI0B
Importing 'GUID: 2288af36c38fa57499c201d497d306c3 - Path: Packages/com.unity.collab-proxy/Editor/Views/Labels/LabelsListHeaderState.cs - Importer: ScriptedImporter/UnityEditor.QuickSearchModule:UnityEditor.Search:ASIAI0B' with importer (ScriptedImporter : UnityEditor.QuickSearchModule:UnityEditor.Search:ASIAI0B)
Imported 'GUID: 2288af36c38fa57499c201d497d306c3' -> (Import Result ID: 'b1e9bb3c2ea326241b51f32378487995') in 0.003 seconds [static and dynamic dependencies]. Details - ImportResultOutputID=59fa2495612e68ac4d92ed92c4fc5023 DependenciesID=897fad4305c9191e6735a8622e793070 StaticDependenciesID=91133da0c79a1cae7fa20d0a1f2e2fc4 
Number of updated asset objects reloaded before import = 0
Number of asset objects unloaded after import = 0
========================================================================
Received Import Request.
  Time of request: 2026-09-19T15:00:41.9166119Z
  Time since last request: 0.0004998 seconds.
  importAddress: GUID: debee4373c127c24283da343819c77d4 - Path: Packages/com.unity.collab-proxy/Editor/Views/PendingChanges/PendingChangesStatusSuccessNotificationContent.cs - Importer: ScriptedImporter/UnityEditor.QuickSearchModule:UnityEditor.Search:ASIAI0B
Importing 'GUID: debee4373c127c24283da343819c77d4 - Path: Packages/com.unity.collab-proxy/Editor/Views/PendingChanges/PendingChangesStatusSuccessNotificationContent.cs - Importer: ScriptedImporter/UnityEditor.QuickSearchModule:UnityEditor.Search:ASIAI0B' with importer (ScriptedImporter : UnityEditor.QuickSearchModule:UnityEditor.Search:ASIAI0B)
Imported 'GUID: debee4373c127c24283da343819c77d4' -> (Import Result ID: 'a048e674be862b38e2f07c299fbc45d0') in 0.002 seconds [static and dynamic dependencies]. Details - ImportResultOutputID=c375d4582e5b8fc5802c1221751e2665 DependenciesID=66dba17dee8301a12fec3ba2c0ebbe71 StaticDependenciesID=7e6a8c2e1347a809563b893abf84f118 
Number of updated asset objects reloaded before import = 0
Number of asset objects unloaded after import = 0
========================================================================
Received Import Request.
  Time of request: 2026-09-19T15:00:41.9357278Z
  Time since last request: 0.000599 seconds.
  importAddress: GUID: aa38aeb612889ca428824f7e31a50747 - Path: Packages/com.unity.collab-proxy/Editor/Views/History/SerializableHistoryTabState.cs - Importer: ScriptedImporter/UnityEditor.QuickSearchModule:UnityEditor.Search:ASIAI0B
Importing 'GUID: aa38aeb612889ca428824f7e31a50747 - Path: Packages/com.unity.collab-proxy/Editor/Views/History/SerializableHistoryTabState.cs - Importer: ScriptedImporter/UnityEditor.QuickSearchModule:UnityEditor.Search:ASIAI0B' with importer (ScriptedImporter : UnityEditor.QuickSearchModule:UnityEditor.Search:ASIAI0B)
Imported 'GUID: aa38aeb612889ca428824f7e31a50747' -> (Import Result ID: '4e433011e46cf82db012cb8e4f9bfe56') in 0.002 seconds [static and dynamic dependencies]. Details - ImportResultOutputID=3edfbc91c19ca11b2df5eff4ac8b6e70 DependenciesID=1a85eb9066dc205421aec9d5c41df281 StaticDependenciesID=ea52ed819665c3a4ce29eb9f04fc6ce0 
Number of updated asset objects reloaded before import = 0
Number of asset objects unloaded after import = 0
========================================================================
Received Import Request.
  Time of request: 2026-09-19T15:00:41.9834892Z
  Time since last request: 0.0330064 seconds.
  importAddress: GUID: 8fc7e1799af624ff6a5215018d3e092b - Path: Packages/com.unity.collab-proxy/Lib/Editor/Localization/clientcommon.zh-Hant.txt - Importer: ScriptedImporter/UnityEditor.QuickSearchModule:UnityEditor.Search:ASIAI0B
Importing 'GUID: 8fc7e1799af624ff6a5215018d3e092b - Path: Packages/com.unity.collab-proxy/Lib/Editor/Localization/clientcommon.zh-Hant.txt - Importer: ScriptedImporter/UnityEditor.QuickSearchModule:UnityEditor.Search:ASIAI0B' with importer (ScriptedImporter : UnityEditor.QuickSearchModule:UnityEditor.Search:ASIAI0B)
Imported 'GUID: 8fc7e1799af624ff6a5215018d3e092b' -> (Import Result ID: 'f13f6b598cc60b4c1dfb7a2cb19e4401') in 0.004 seconds [static and dynamic dependencies]. Details - ImportResultOutputID=e30a07af845544360704d4b7b02b8e95 DependenciesID=7af3fb70bd0491846946830c7c59cce4 StaticDependenciesID=a54e5db9f337a5f8980d4c18cf807940 
Number of updated asset objects reloaded before import = 0
Number of asset objects unloaded after import = 1
========================================================================
Received Import Request.
  Time of request: 2026-09-19T15:00:42.0055157Z
  Time since last request: 0.0005697 seconds.
  importAddress: GUID: c7aab5799325e4902abe60fbfd72648d - Path: Packages/com.unity.collab-proxy/Lib/Editor/Localization/i3.zh-Hant.txt - Importer: ScriptedImporter/UnityEditor.QuickSearchModule:UnityEditor.Search:ASIAI0B
Importing 'GUID: c7aab5799325e4902abe60fbfd72648d - Path: Packages/com.unity.collab-proxy/Lib/Editor/Localization/i3.zh-Hant.txt - Importer: ScriptedImporter/UnityEditor.QuickSearchModule:UnityEditor.Search:ASIAI0B' with importer (ScriptedImporter : UnityEditor.QuickSearchModule:UnityEditor.Search:ASIAI0B)
Imported 'GUID: c7aab5799325e4902abe60fbfd72648d' -> (Import Result ID: '22bd0938aeb24075e142a80713bbbaae') in 0.004 seconds [static and dynamic dependencies]. Details - ImportResultOutputID=3e89705553509b58421fc72777bfe81c DependenciesID=a716bbe82b4000d48a705aa4d4737a21 StaticDependenciesID=8e714b68a6ce8b09117778ccbb411c37 
Number of updated asset objects reloaded before import = 0
Number of asset objects unloaded after import = 1
========================================================================
Received Import Request.
  Time of request: 2026-09-19T15:00:42.0263713Z
  Time since last request: 0.0006266 seconds.
  importAddress: GUID: 3c2f0ca2d64084ba68f464f91a44eea5 - Path: Packages/com.unity.collab-proxy/Lib/Editor/Localization/differences.en.txt - Importer: ScriptedImporter/UnityEditor.QuickSearchModule:UnityEditor.Search:ASIAI0B
Importing 'GUID: 3c2f0ca2d64084ba68f464f91a44eea5 - Path: Packages/com.unity.collab-proxy/Lib/Editor/Localization/differences.en.txt - Importer: ScriptedImporter/UnityEditor.QuickSearchModule:UnityEditor.Search:ASIAI0B' with importer (ScriptedImporter : UnityEditor.QuickSearchModule:UnityEditor.Search:ASIAI0B)
Imported 'GUID: 3c2f0ca2d64084ba68f464f91a44eea5' -> (Import Result ID: '446222e04de82e999bf757388fe5b727') in 0.003 seconds [static and dynamic dependencies]. Details - ImportResultOutputID=d805e954ccdee4355be06847859a5528 DependenciesID=bf5f581c7579544c823df80773dce1a5 StaticDependenciesID=0e759817944d8fdf19b5a5f2f10afaee 
Number of updated asset objects reloaded before import = 0
Number of asset objects unloaded after import = 1
========================================================================
Received Import Request.
  Time of request: 2026-09-19T15:00:42.0483413Z
  Time since last request: 0.0009175 seconds.
  importAddress: GUID: 2ebacf56c1e624ee79268c18346f16eb - Path: Packages/com.unity.collab-proxy/Lib/Editor/Localization/cm-help.zh-Hans.txt - Importer: ScriptedImporter/UnityEditor.QuickSearchModule:UnityEditor.Search:ASIAI0B
Importing 'GUID: 2ebacf56c1e624ee79268c18346f16eb - Path: Packages/com.unity.collab-proxy/Lib/Editor/Localization/cm-help.zh-Hans.txt - Importer: ScriptedImporter/UnityEditor.QuickSearchModule:UnityEditor.Search:ASIAI0B' with importer (ScriptedImporter : UnityEditor.QuickSearchModule:UnityEditor.Search:ASIAI0B)
Imported 'GUID: 2ebacf56c1e624ee79268c18346f16eb' -> (Import Result ID: 'be3a6fb5e6e42c0c86f66d808a8da00f') in 0.005 seconds [static and dynamic dependencies]. Details - ImportResultOutputID=4357f18aff3a4459c788be4b15a1909e DependenciesID=88efbc272ae5418df7d9fe184a5a154b StaticDependenciesID=dcb29876178fd05986215255ddcffa51 
Number of updated asset objects reloaded before import = 0
Number of asset objects unloaded after import = 1
========================================================================
Received Import Request.
  Time of request: 2026-09-19T15:00:42.0713421Z
  Time since last request: 0.0007401 seconds.
  importAddress: GUID: 0bc90b8d62e8b4c149f24005a8c952fe - Path: Packages/com.unity.collab-proxy/Lib/Editor/Localization/i3.es.txt - Importer: ScriptedImporter/UnityEditor.QuickSearchModule:UnityEditor.Search:ASIAI0B
Importing 'GUID: 0bc90b8d62e8b4c149f24005a8c952fe - Path: Packages/com.unity.collab-proxy/Lib/Editor/Localization/i3.es.txt - Importer: ScriptedImporter/UnityEditor.QuickSearchModule:UnityEditor.Search:ASIAI0B' with importer (ScriptedImporter : UnityEditor.QuickSearchModule:UnityEditor.Search:ASIAI0B)
Imported 'GUID: 0bc90b8d62e8b4c149f24005a8c952fe' -> (Import Result ID: 'a46993fd5065ab27139c495df7b6dfb8') in 0.003 seconds [static and dynamic dependencies]. Details - ImportResultOutputID=95d96193e4d3240cb704cec3a383f4a1 DependenciesID=84299d8e22491c00bf2f054f1cd8fe38 StaticDependenciesID=72f0a1975a9d0cb05c2b6c278a8eeadd 
Number of updated asset objects reloaded before import = 0
Number of asset objects unloaded after import = 1
========================================================================
Received Import Request.
  Time of request: 2026-09-19T15:00:42.0906205Z
  Time since last request: 0.0005428 seconds.
  importAddress: GUID: d63b557b2dc494bd4a7639fdd39bc3f8 - Path: Packages/com.unity.collab-proxy/Lib/Editor/Localization/configurehelper.en.txt - Importer: ScriptedImporter/UnityEditor.QuickSearchModule:UnityEditor.Search:ASIAI0B
Importing 'GUID: d63b557b2dc494bd4a7639fdd39bc3f8 - Path: Packages/com.unity.collab-proxy/Lib/Editor/Localization/configurehelper.en.txt - Importer: ScriptedImporter/UnityEditor.QuickSearchModule:UnityEditor.Search:ASIAI0B' with importer (ScriptedImporter : UnityEditor.QuickSearchModule:UnityEditor.Search:ASIAI0B)
Imported 'GUID: d63b557b2dc494bd4a7639fdd39bc3f8' -> (Import Result ID: '42422c53499d885308a43bd997d45803') in 0.003 seconds [static and dynamic dependencies]. Details - ImportResultOutputID=a2cc59cbc51bf2bb5f04393cf11b2dcf DependenciesID=e43d9331cfb365180c54fbc45eda2b6f StaticDependenciesID=e20bf90f40c4fdef61169b536f9bfecb 
Number of updated asset objects reloaded before import = 0
Number of asset objects unloaded after import = 1
========================================================================
Received Import Request.
  Time of request: 2026-09-19T15:00:42.1128346Z
  Time since last request: 0.0008115 seconds.
  importAddress: GUID: 87682812dc6554d4a9ec8ab671249e1a - Path: Packages/com.unity.collab-proxy/Lib/Editor/Localization/differences.es.txt - Importer: ScriptedImporter/UnityEditor.QuickSearchModule:UnityEditor.Search:ASIAI0B
Importing 'GUID: 87682812dc6554d4a9ec8ab671249e1a - Path: Packages/com.unity.collab-proxy/Lib/Editor/Localization/differences.es.txt - Importer: ScriptedImporter/UnityEditor.QuickSearchModule:UnityEditor.Search:ASIAI0B' with importer (ScriptedImporter : UnityEditor.QuickSearchModule:UnityEditor.Search:ASIAI0B)
Imported 'GUID: 87682812dc6554d4a9ec8ab671249e1a' -> (Import Result ID: '5e7c61cde98f1646d09a83869f72cadc') in 0.004 seconds [static and dynamic dependencies]. Details - ImportResultOutputID=b0e5faadbdcc9e3da8408486b1736096 DependenciesID=97773f0cbc4898b1481cf4b50cb14d3b StaticDependenciesID=a7639e190bfe1bfe14cd39c7944e0d77 
Number of updated asset objects reloaded before import = 0
Number of asset objects unloaded after import = 1
========================================================================
Received Import Request.
  Time of request: 2026-09-19T15:00:42.1342997Z
  Time since last request: 0.0006504 seconds.
  importAddress: GUID: d5535157d876041cca6e4b5685064ebf - Path: Packages/com.unity.collab-proxy/Lib/Editor/Localization/commontypes.zh-Hans.txt - Importer: ScriptedImporter/UnityEditor.QuickSearchModule:UnityEditor.Search:ASIAI0B
Importing 'GUID: d5535157d876041cca6e4b5685064ebf - Path: Packages/com.unity.collab-proxy/Lib/Editor/Localization/commontypes.zh-Hans.txt - Importer: ScriptedImporter/UnityEditor.QuickSearchModule:UnityEditor.Search:ASIAI0B' with importer (ScriptedImporter : UnityEditor.QuickSearchModule:UnityEditor.Search:ASIAI0B)
Imported 'GUID: d5535157d876041cca6e4b5685064ebf' -> (Import Result ID: 'fd7d43641d13d13c8913b2ec277d8381') in 0.004 seconds [static and dynamic dependencies]. Details - ImportResultOutputID=2db137cf59527339ec4c501bee49410d DependenciesID=ae332ebcf642371da2b41a1e06ce0984 StaticDependenciesID=6dfc5cfddb9d8c779130bbe9a955fb9e 
Number of updated asset objects reloaded before import = 0
Number of asset objects unloaded after import = 1
========================================================================
Received Import Request.
  Time of request: 2026-09-19T15:00:42.1556999Z
  Time since last request: 0.0004236 seconds.
  importAddress: GUID: 2fde7e5b694b24190a8efa287e8ebafd - Path: Packages/com.unity.collab-proxy/Lib/Editor/Localization/configurehelper.es.txt - Importer: ScriptedImporter/UnityEditor.QuickSearchModule:UnityEditor.Search:ASIAI0B
Importing 'GUID: 2fde7e5b694b24190a8efa287e8ebafd - Path: Packages/com.unity.collab-proxy/Lib/Editor/Localization/configurehelper.es.txt - Importer: ScriptedImporter/UnityEditor.QuickSearchModule:UnityEditor.Search:ASIAI0B' with importer (ScriptedImporter : UnityEditor.QuickSearchModule:UnityEditor.Search:ASIAI0B)
Imported 'GUID: 2fde7e5b694b24190a8efa287e8ebafd' -> (Import Result ID: '387c177096b5272009848a941fcd4192') in 0.003 seconds [static and dynamic dependencies]. Details - ImportResultOutputID=cc5b69765a95927f1456153eb7462df9 DependenciesID=662a2c8d52b383dd203a83330083bd0d StaticDependenciesID=c416d7d4520c2f04d3558820a7625d73 
Number of updated asset objects reloaded before import = 0
Number of asset objects unloaded after import = 1
========================================================================
Received Import Request.
  Time of request: 2026-09-19T15:00:42.1745227Z
  Time since last request: 0.0004833 seconds.
  importAddress: GUID: b69f7dbec673945568d075d495946c76 - Path: Packages/com.unity.collab-proxy/Lib/Editor/Localization/clientcommon.en.txt - Importer: ScriptedImporter/UnityEditor.QuickSearchModule:UnityEditor.Search:ASIAI0B
Importing 'GUID: b69f7dbec673945568d075d495946c76 - Path: Packages/com.unity.collab-proxy/Lib/Editor/Localization/clientcommon.en.txt - Importer: ScriptedImporter/UnityEditor.QuickSearchModule:UnityEditor.Search:ASIAI0B' with importer (ScriptedImporter : UnityEditor.QuickSearchModule:UnityEditor.Search:ASIAI0B)
Imported 'GUID: b69f7dbec673945568d075d495946c76' -> (Import Result ID: '5f9d4117df88b9a6026abe9e5d505429') in 0.004 seconds [static and dynamic dependencies]. Details - ImportResultOutputID=d54e8b0b0313ddfd760936acd35c2ca7 DependenciesID=4a1810729d2e7d1bbe488d3a15708c97 StaticDependenciesID=1878dc19c9283419ed075e18f72249da 
Number of updated asset objects reloaded before import = 0
Number of asset objects unloaded after import = 1
========================================================================
Received Import Request.
  Time of request: 2026-09-19T15:00:42.1953204Z
  Time since last request: 0.0006422 seconds.
  importAddress: GUID: db6f3182134654dd498ebee12ca843af - Path: Packages/com.unity.collab-proxy/Lib/Editor/Localization/mergetool.ja.txt - Importer: ScriptedImporter/UnityEditor.QuickSearchModule:UnityEditor.Search:ASIAI0B
Importing 'GUID: db6f3182134654dd498ebee12ca843af - Path: Packages/com.unity.collab-proxy/Lib/Editor/Localization/mergetool.ja.txt - Importer: ScriptedImporter/UnityEditor.QuickSearchModule:UnityEditor.Search:ASIAI0B' with importer (ScriptedImporter : UnityEditor.QuickSearchModule:UnityEditor.Search:ASIAI0B)
Imported 'GUID: db6f3182134654dd498ebee12ca843af' -> (Import Result ID: '69d7ff71d09ca731556a3871f84fd79c') in 0.004 seconds [static and dynamic dependencies]. Details - ImportResultOutputID=d87eb7c9cf23dd0adc68a2b26d2b7d57 DependenciesID=9b4b59b3971e0b413889e8f726b89364 StaticDependenciesID=770ecf82c8487885d765433ce3adf065 
Number of updated asset objects reloaded before import = 0
Number of asset objects unloaded after import = 1
========================================================================
Received Import Request.
  Time of request: 2026-09-19T15:00:42.216256Z
  Time since last request: 0.0007761 seconds.
  importAddress: GUID: d27ac2618f7174359bf02e3d71d7cd7b - Path: Packages/com.unity.collab-proxy/Lib/Editor/Localization/cm-help.en.txt - Importer: ScriptedImporter/UnityEditor.QuickSearchModule:UnityEditor.Search:ASIAI0B
Importing 'GUID: d27ac2618f7174359bf02e3d71d7cd7b - Path: Packages/com.unity.collab-proxy/Lib/Editor/Localization/cm-help.en.txt - Importer: ScriptedImporter/UnityEditor.QuickSearchModule:UnityEditor.Search:ASIAI0B' with importer (ScriptedImporter : UnityEditor.QuickSearchModule:UnityEditor.Search:ASIAI0B)
Imported 'GUID: d27ac2618f7174359bf02e3d71d7cd7b' -> (Import Result ID: '909b16af6bcb34363a9f498c2145b0f0') in 0.005 seconds [static and dynamic dependencies]. Details - ImportResultOutputID=e1396d3badc8d95deee6e59612e88a61 DependenciesID=1e130627f41f0ad41039e4c6570cf1b6 StaticDependenciesID=84a1da7e0b125ebc05a17a15dea0b26a 
Number of updated asset objects reloaded before import = 0
Number of asset objects unloaded after import = 1
========================================================================
Received Import Request.
  Time of request: 2026-09-19T15:00:42.2365669Z
  Time since last request: 0.0005048 seconds.
  importAddress: GUID: 0fa7df26493184285aab742ad62c95c1 - Path: Packages/com.unity.collab-proxy/Lib/Editor/Localization/differences.zh-Hant.txt - Importer: ScriptedImporter/UnityEditor.QuickSearchModule:UnityEditor.Search:ASIAI0B
Importing 'GUID: 0fa7df26493184285aab742ad62c95c1 - Path: Packages/com.unity.collab-proxy/Lib/Editor/Localization/differences.zh-Hant.txt - Importer: ScriptedImporter/UnityEditor.QuickSearchModule:UnityEditor.Search:ASIAI0B' with importer (ScriptedImporter : UnityEditor.QuickSearchModule:UnityEditor.Search:ASIAI0B)
Imported 'GUID: 0fa7df26493184285aab742ad62c95c1' -> (Import Result ID: 'b06a630ed000b4998964d274dbce4118') in 0.003 seconds [static and dynamic dependencies]. Details - ImportResultOutputID=5cd3765fb2cbee13db12aee0b73574c3 DependenciesID=9fedc0b8ba7854f41597dc769205077f StaticDependenciesID=f0eaf9bce765257655bb2a4fe779d144 
Number of updated asset objects reloaded before import = 0
Number of asset objects unloaded after import = 1
========================================================================
Received Import Request.
  Time of request: 2026-09-19T15:00:42.2561315Z
  Time since last request: 0.0005833 seconds.
  importAddress: GUID: c70ea648a3f0e4ff9b199c2290c995ba - Path: Packages/com.unity.collab-proxy/Lib/Editor/Localization/commontypes.zh-Hant.txt - Importer: ScriptedImporter/UnityEditor.QuickSearchModule:UnityEditor.Search:ASIAI0B
Importing 'GUID: c70ea648a3f0e4ff9b199c2290c995ba - Path: Packages/com.unity.collab-proxy/Lib/Editor/Localization/commontypes.zh-Hant.txt - Importer: ScriptedImporter/UnityEditor.QuickSearchModule:UnityEditor.Search:ASIAI0B' with importer (ScriptedImporter : UnityEditor.QuickSearchModule:UnityEditor.Search:ASIAI0B)
Imported 'GUID: c70ea648a3f0e4ff9b199c2290c995ba' -> (Import Result ID: '70b6d949121b1f2bc5e52ebe7b9acba4') in 0.003 seconds [static and dynamic dependencies]. Details - ImportResultOutputID=67254c61ab0d078e5a61463158348211 DependenciesID=e8b80ba5ef5370eb849385a9be5b6f79 StaticDependenciesID=dbe4e726f47f536007774fbe152f2ffd 
Number of updated asset objects reloaded before import = 0
Number of asset objects unloaded after import = 1
========================================================================
Received Import Request.
  Time of request: 2026-09-19T15:00:42.2755209Z
  Time since last request: 0.0005856 seconds.
  importAddress: GUID: 510df96e3e40743a39860f8dd1e4fc4d - Path: Packages/com.unity.collab-proxy/Lib/Editor/Localization/images.zh-Hans.txt - Importer: ScriptedImporter/UnityEditor.QuickSearchModule:UnityEditor.Search:ASIAI0B
Importing 'GUID: 510df96e3e40743a39860f8dd1e4fc4d - Path: Packages/com.unity.collab-proxy/Lib/Editor/Localization/images.zh-Hans.txt - Importer: ScriptedImporter/UnityEditor.QuickSearchModule:UnityEditor.Search:ASIAI0B' with importer (ScriptedImporter : UnityEditor.QuickSearchModule:UnityEditor.Search:ASIAI0B)
Imported 'GUID: 510df96e3e40743a39860f8dd1e4fc4d' -> (Import Result ID: 'e15b1ac52ad26b2bbe26ee8bab601abd') in 0.004 seconds [static and dynamic dependencies]. Details - ImportResultOutputID=6779705769be8bf4aeff38feb905d711 DependenciesID=3ea560b86f3fb3d24fbc42c017f8a709 StaticDependenciesID=15be4a54324fa661a0911fc252e18369 
Number of updated asset objects reloaded before import = 0
Number of asset objects unloaded after import = 1
========================================================================
Received Import Request.
  Time of request: 2026-09-19T15:00:42.2926955Z
  Time since last request: 0.0007151 seconds.
  importAddress: GUID: e17dce0d3ad0941049a005c14ef3dc6e - Path: Packages/com.unity.collab-proxy/Lib/Editor/Localization/mergetool.es.txt - Importer: ScriptedImporter/UnityEditor.QuickSearchModule:UnityEditor.Search:ASIAI0B
Importing 'GUID: e17dce0d3ad0941049a005c14ef3dc6e - Path: Packages/com.unity.collab-proxy/Lib/Editor/Localization/mergetool.es.txt - Importer: ScriptedImporter/UnityEditor.QuickSearchModule:UnityEditor.Search:ASIAI0B' with importer (ScriptedImporter : UnityEditor.QuickSearchModule:UnityEditor.Search:ASIAI0B)
Imported 'GUID: e17dce0d3ad0941049a005c14ef3dc6e' -> (Import Result ID: '6719f487c520e33f8d37d068a4fe9a4a') in 0.004 seconds [static and dynamic dependencies]. Details - ImportResultOutputID=420b8af4a4b2c87b2c2d9a5bf66e36c9 DependenciesID=75af992f02e1fcf20a8c6df23e5e975f StaticDependenciesID=476722dd730bacd9c726e876fca3713e 
Number of updated asset objects reloaded before import = 0
Number of asset objects unloaded after import = 1
========================================================================
Received Import Request.
  Time of request: 2026-09-19T15:00:42.3306708Z
  Time since last request: 0.0192565 seconds.
  importAddress: GUID: 615ff93ab52eb8242a9194d4f711676f - Path: Packages/com.unity.collab-proxy/Editor/Configuration/CloudEdition/Welcome/OrganizationPanel.cs - Importer: ScriptedImporter/UnityEditor.QuickSearchModule:UnityEditor.Search:ASIAI0B
Importing 'GUID: 615ff93ab52eb8242a9194d4f711676f - Path: Packages/com.unity.collab-proxy/Editor/Configuration/CloudEdition/Welcome/OrganizationPanel.cs - Importer: ScriptedImporter/UnityEditor.QuickSearchModule:UnityEditor.Search:ASIAI0B' with importer (ScriptedImporter : UnityEditor.QuickSearchModule:UnityEditor.Search:ASIAI0B)
Imported 'GUID: 615ff93ab52eb8242a9194d4f711676f' -> (Import Result ID: '90548f4c7bb128fc000353c9000f2f88') in 0.003 seconds [static and dynamic dependencies]. Details - ImportResultOutputID=30432ff38d26016bf8571c313c39c683 DependenciesID=5441776e2bd167c39d5506ddcc45e113 StaticDependenciesID=93c9fa39ff3ecdc83afb5e15e0339f4b 
Number of updated asset objects reloaded before import = 0
Number of asset objects unloaded after import = 0
========================================================================
Received Import Request.
  Time of request: 2026-09-19T15:00:42.3512252Z
  Time since last request: 0.0010183 seconds.
  importAddress: GUID: 1ae07da59c7dc45f1ba4ed327c03630b - Path: Packages/com.unity.collab-proxy/Editor/Assistant/UI/Interactions/RadioGroupInteraction.cs - Importer: ScriptedImporter/UnityEditor.QuickSearchModule:UnityEditor.Search:ASIAI0B
Importing 'GUID: 1ae07da59c7dc45f1ba4ed327c03630b - Path: Packages/com.unity.collab-proxy/Editor/Assistant/UI/Interactions/RadioGroupInteraction.cs - Importer: ScriptedImporter/UnityEditor.QuickSearchModule:UnityEditor.Search:ASIAI0B' with importer (ScriptedImporter : UnityEditor.QuickSearchModule:UnityEditor.Search:ASIAI0B)
Imported 'GUID: 1ae07da59c7dc45f1ba4ed327c03630b' -> (Import Result ID: '84cc39252945ae11fb18781cb9c9aa1a') in 0.003 seconds [static and dynamic dependencies]. Details - ImportResultOutputID=253f9c96cf48774e1ac57947165d19c4 DependenciesID=97cb8bc98377385bd15c99abf89c08b8 StaticDependenciesID=84a700032b50f70030a7a1014c63684f 
Number of updated asset objects reloaded before import = 0
Number of asset objects unloaded after import = 0
========================================================================
Received Import Request.
  Time of request: 2026-09-19T15:00:42.372154Z
  Time since last request: 0.0009361 seconds.
  importAddress: GUID: 1f24336f68d45492daf4c81106fef3aa - Path: Packages/com.unity.collab-proxy/Lib/Editor/Localization/xdiff.ko.txt - Importer: ScriptedImporter/UnityEditor.QuickSearchModule:UnityEditor.Search:ASIAI0B
Importing 'GUID: 1f24336f68d45492daf4c81106fef3aa - Path: Packages/com.unity.collab-proxy/Lib/Editor/Localization/xdiff.ko.txt - Importer: ScriptedImporter/UnityEditor.QuickSearchModule:UnityEditor.Search:ASIAI0B' with importer (ScriptedImporter : UnityEditor.QuickSearchModule:UnityEditor.Search:ASIAI0B)
Imported 'GUID: 1f24336f68d45492daf4c81106fef3aa' -> (Import Result ID: '96d7293c1ecd068138e9f668f27907ae') in 0.004 seconds [static and dynamic dependencies]. Details - ImportResultOutputID=ba5e759f082f69a501d32701e62bcf15 DependenciesID=1b44191a39dc473876038e614cbbae55 StaticDependenciesID=420d9ecaa4266d21ddac1f7815fa4357 
Number of updated asset objects reloaded before import = 0
Number of asset objects unloaded after import = 1
========================================================================
Received Import Request.
  Time of request: 2026-09-19T15:00:42.4002413Z
  Time since last request: 0.0004634 seconds.
  importAddress: GUID: 80273283a2a8945eaac4de9bcf33a4bb - Path: Packages/com.unity.collab-proxy/Lib/Editor/Localization/xdiff.zh-Hant.txt - Importer: ScriptedImporter/UnityEditor.QuickSearchModule:UnityEditor.Search:ASIAI0B
Importing 'GUID: 80273283a2a8945eaac4de9bcf33a4bb - Path: Packages/com.unity.collab-proxy/Lib/Editor/Localization/xdiff.zh-Hant.txt - Importer: ScriptedImporter/UnityEditor.QuickSearchModule:UnityEditor.Search:ASIAI0B' with importer (ScriptedImporter : UnityEditor.QuickSearchModule:UnityEditor.Search:ASIAI0B)
Imported 'GUID: 80273283a2a8945eaac4de9bcf33a4bb' -> (Import Result ID: '4e172ce82611d092034cf6961fe7655e') in 0.003 seconds [static and dynamic dependencies]. Details - ImportResultOutputID=b72bc750d66b1229900aeab8ce0619b1 DependenciesID=ac2b1a8a3f45d989c30914be25d47092 StaticDependenciesID=4bcdbd55975f090968f1abaea9a3f005 
Number of updated asset objects reloaded before import = 0
Number of asset objects unloaded after import = 1
========================================================================
Received Import Request.
  Time of request: 2026-09-19T15:00:42.4200326Z
  Time since last request: 0.0006407 seconds.
  importAddress: GUID: cb707ab51a8fe45748564daa6476d9b8 - Path: Packages/com.unity.collab-proxy/Editor/Diff/Asset/Common/DiffValueDisplay.cs - Importer: ScriptedImporter/UnityEditor.QuickSearchModule:UnityEditor.Search:ASIAI0B
Importing 'GUID: cb707ab51a8fe45748564daa6476d9b8 - Path: Packages/com.unity.collab-proxy/Editor/Diff/Asset/Common/DiffValueDisplay.cs - Importer: ScriptedImporter/UnityEditor.QuickSearchModule:UnityEditor.Search:ASIAI0B' with importer (ScriptedImporter : UnityEditor.QuickSearchModule:UnityEditor.Search:ASIAI0B)
Imported 'GUID: cb707ab51a8fe45748564daa6476d9b8' -> (Import Result ID: 'a986afaec7d23a58057074d1fc354b79') in 0.004 seconds [static and dynamic dependencies]. Details - ImportResultOutputID=d346b960e723ef282a3f06719633ce59 DependenciesID=183c9362ab7afdaa79f4debdd5149fe0 StaticDependenciesID=f9f1d45253f9a2e4ae03fe4485e259d1 
Number of updated asset objects reloaded before import = 0
Number of asset objects unloaded after import = 0
========================================================================
Received Import Request.
  Time of request: 2026-09-19T15:00:42.4452807Z
  Time since last request: 0.0024994 seconds.
  importAddress: GUID: ec42e544b2c5739459971099e469936b - Path: Packages/com.unity.collab-proxy/Editor/CloudDrive/Workspaces/DirectoryContent/DrawItemsGridView.cs - Importer: ScriptedImporter/UnityEditor.QuickSearchModule:UnityEditor.Search:ASIAI0B
Importing 'GUID: ec42e544b2c5739459971099e469936b - Path: Packages/com.unity.collab-proxy/Editor/CloudDrive/Workspaces/DirectoryContent/DrawItemsGridView.cs - Importer: ScriptedImporter/UnityEditor.QuickSearchModule:UnityEditor.Search:ASIAI0B' with importer (ScriptedImporter : UnityEditor.QuickSearchModule:UnityEditor.Search:ASIAI0B)
Imported 'GUID: ec42e544b2c5739459971099e469936b' -> (Import Result ID: 'f4e29be2d8da054ae44e995c84a495cf') in 0.004 seconds [static and dynamic dependencies]. Details - ImportResultOutputID=3f8c4d07a032ae40abffef4100d01a8f DependenciesID=b62c6dff1c0ad3f524f905afa2f75091 StaticDependenciesID=d4aafa2702099bb6ab6e808a3a5ddc15 
Number of updated asset objects reloaded before import = 0
Number of asset objects unloaded after import = 0
========================================================================
Received Import Request.
  Time of request: 2026-09-19T15:00:42.4764901Z
  Time since last request: 0.0025503 seconds.
  importAddress: GUID: 474f848599824c969ea9f3e5db753200 - Path: Packages/com.unity.collab-proxy/Editor/CloudDrive/Workspaces/DirectoryContent/ItemsGridSelection.cs - Importer: ScriptedImporter/UnityEditor.QuickSearchModule:UnityEditor.Search:ASIAI0B
Importing 'GUID: 474f848599824c969ea9f3e5db753200 - Path: Packages/com.unity.collab-proxy/Editor/CloudDrive/Workspaces/DirectoryContent/ItemsGridSelection.cs - Importer: ScriptedImporter/UnityEditor.QuickSearchModule:UnityEditor.Search:ASIAI0B' with importer (ScriptedImporter : UnityEditor.QuickSearchModule:UnityEditor.Search:ASIAI0B)
Imported 'GUID: 474f848599824c969ea9f3e5db753200' -> (Import Result ID: '2cfbb608265b9cddd097a07b799d62ed') in 0.004 seconds [static and dynamic dependencies]. Details - ImportResultOutputID=275a37dc201f4574d40a006b7d1a0f69 DependenciesID=f504765b8e85bf549c885ee5cd5f0df8 StaticDependenciesID=6a7a167a8ef48a22174e586acf339e6b 
Number of updated asset objects reloaded before import = 0
Number of asset objects unloaded after import = 0
========================================================================
Received Import Request.
  Time of request: 2026-09-19T15:00:42.5027758Z
  Time since last request: 0.005331 seconds.
  importAddress: GUID: ef733891bfbb64dd2baa2c1668c7021a - Path: Packages/com.unity.collab-proxy/Editor/Diff/Asset/Common/ObjectIconResolver.cs - Importer: ScriptedImporter/UnityEditor.QuickSearchModule:UnityEditor.Search:ASIAI0B
Importing 'GUID: ef733891bfbb64dd2baa2c1668c7021a - Path: Packages/com.unity.collab-proxy/Editor/Diff/Asset/Common/ObjectIconResolver.cs - Importer: ScriptedImporter/UnityEditor.QuickSearchModule:UnityEditor.Search:ASIAI0B' with importer (ScriptedImporter : UnityEditor.QuickSearchModule:UnityEditor.Search:ASIAI0B)
Imported 'GUID: ef733891bfbb64dd2baa2c1668c7021a' -> (Import Result ID: 'ae6225853cb1f86cba962199d2f710e9') in 0.006 seconds [static and dynamic dependencies]. Details - ImportResultOutputID=0b3d398211cacbf7f86cf1ee87702e70 DependenciesID=a703537296364503b22aef29ae90ce61 StaticDependenciesID=a00b48dceae4f02d0684380600320e29 
Number of updated asset objects reloaded before import = 0
Number of asset objects unloaded after import = 0
========================================================================
Received Import Request.
  Time of request: 2026-09-19T15:00:42.5280659Z
  Time since last request: 0.0004914 seconds.
  importAddress: GUID: a05f0da9608ee418d8b0615580a0cc7a - Path: Packages/com.unity.collab-proxy/Lib/Editor/TextMateSharp/TextMateSharpPlastic.Grammars.dll - Importer: ScriptedImporter/UnityEditor.QuickSearchModule:UnityEditor.Search:ASIAI0B
Importing 'GUID: a05f0da9608ee418d8b0615580a0cc7a - Path: Packages/com.unity.collab-proxy/Lib/Editor/TextMateSharp/TextMateSharpPlastic.Grammars.dll - Importer: ScriptedImporter/UnityEditor.QuickSearchModule:UnityEditor.Search:ASIAI0B' with importer (ScriptedImporter : UnityEditor.QuickSearchModule:UnityEditor.Search:ASIAI0B)
Imported 'GUID: a05f0da9608ee418d8b0615580a0cc7a' -> (Import Result ID: 'b6b9d301a5d1a345c8c78bd6e61fd471') in 0.004 seconds [static and dynamic dependencies]. Details - ImportResultOutputID=3d231ee83720c1b9ca73820a2344332e DependenciesID=6d436973f7975178c85d29511489c6bc StaticDependenciesID=243f9f8448a1f611bad35de9a3389664 
Number of updated asset objects reloaded before import = 0
Number of asset objects unloaded after import = 0
========================================================================
Received Import Request.
  Time of request: 2026-09-19T15:00:42.5478921Z
  Time since last request: 0.0005409 seconds.
  importAddress: GUID: a02d5bcca851549578b8930328f5384e - Path: Packages/com.unity.collab-proxy/Lib/Editor/TextMateSharp/TextMateSharpPlastic.dll - Importer: ScriptedImporter/UnityEditor.QuickSearchModule:UnityEditor.Search:ASIAI0B
Importing 'GUID: a02d5bcca851549578b8930328f5384e - Path: Packages/com.unity.collab-proxy/Lib/Editor/TextMateSharp/TextMateSharpPlastic.dll - Importer: ScriptedImporter/UnityEditor.QuickSearchModule:UnityEditor.Search:ASIAI0B' with importer (ScriptedImporter : UnityEditor.QuickSearchModule:UnityEditor.Search:ASIAI0B)
Imported 'GUID: a02d5bcca851549578b8930328f5384e' -> (Import Result ID: 'c814cfa90c0dda26cb1f8a0a4eaa990f') in 0.004 seconds [static and dynamic dependencies]. Details - ImportResultOutputID=0531949c24730f6f15e2f1424ea44681 DependenciesID=d7b9b57fd3bbab9edbd9910130be7bc3 StaticDependenciesID=687f6dff4451c5b847acec1b121e9ef4 
Number of updated asset objects reloaded before import = 0
Number of asset objects unloaded after import = 0
========================================================================
Received Import Request.
  Time of request: 2026-09-19T15:00:42.5687724Z
  Time since last request: 0.0005311 seconds.
  importAddress: GUID: 0ad54f9e1bb701142b116d0d1ed98437 - Path: Packages/com.unity.collab-proxy/Editor/Configuration/CloudEdition/Welcome/CloudEditionWelcomeWindow.cs - Importer: ScriptedImporter/UnityEditor.QuickSearchModule:UnityEditor.Search:ASIAI0B
Importing 'GUID: 0ad54f9e1bb701142b116d0d1ed98437 - Path: Packages/com.unity.collab-proxy/Editor/Configuration/CloudEdition/Welcome/CloudEditionWelcomeWindow.cs - Importer: ScriptedImporter/UnityEditor.QuickSearchModule:UnityEditor.Search:ASIAI0B' with importer (ScriptedImporter : UnityEditor.QuickSearchModule:UnityEditor.Search:ASIAI0B)
Imported 'GUID: 0ad54f9e1bb701142b116d0d1ed98437' -> (Import Result ID: '8fc108af17c53040d4b42aefe27d5028') in 0.003 seconds [static and dynamic dependencies]. Details - ImportResultOutputID=d961441ecbcf2a5cee573563a3e164ec DependenciesID=5e03e77b7856f989654dc023a106151b StaticDependenciesID=aad1f9d1e0127ca50a83fed8a9f0e586 
Number of updated asset objects reloaded before import = 0
Number of asset objects unloaded after import = 0
========================================================================
Received Import Request.
  Time of request: 2026-09-19T15:00:42.5891068Z
  Time since last request: 0.0005724 seconds.
  importAddress: GUID: 4b5d1e8d707974fa7a2ab46951e4afea - Path: Packages/com.unity.collab-proxy/Editor/CodeEditor/Indentation/CSharp/DocumentAccessor.cs - Importer: ScriptedImporter/UnityEditor.QuickSearchModule:UnityEditor.Search:ASIAI0B
Importing 'GUID: 4b5d1e8d707974fa7a2ab46951e4afea - Path: Packages/com.unity.collab-proxy/Editor/CodeEditor/Indentation/CSharp/DocumentAccessor.cs - Importer: ScriptedImporter/UnityEditor.QuickSearchModule:UnityEditor.Search:ASIAI0B' with importer (ScriptedImporter : UnityEditor.QuickSearchModule:UnityEditor.Search:ASIAI0B)
Imported 'GUID: 4b5d1e8d707974fa7a2ab46951e4afea' -> (Import Result ID: '197cf50b19355d7c2093bd0214524dbf') in 0.003 seconds [static and dynamic dependencies]. Details - ImportResultOutputID=5c29618f7f93e0ba9c3176300b9fd432 DependenciesID=6370e74a3df8a7dd9adc4bda19574f60 StaticDependenciesID=9d7c28fa852c381c8e6e9ed3ecf8caa9 
Number of updated asset objects reloaded before import = 0
Number of asset objects unloaded after import = 0
========================================================================
Received Import Request.
  Time of request: 2026-09-19T15:00:42.6085475Z
  Time since last request: 0.000384 seconds.
  importAddress: GUID: 9f1543f841f7a40b09eef3c7523d3b26 - Path: Packages/com.unity.collab-proxy/Lib/Editor/Localization/semantic.es.txt - Importer: ScriptedImporter/UnityEditor.QuickSearchModule:UnityEditor.Search:ASIAI0B
Importing 'GUID: 9f1543f841f7a40b09eef3c7523d3b26 - Path: Packages/com.unity.collab-proxy/Lib/Editor/Localization/semantic.es.txt - Importer: ScriptedImporter/UnityEditor.QuickSearchModule:UnityEditor.Search:ASIAI0B' with importer (ScriptedImporter : UnityEditor.QuickSearchModule:UnityEditor.Search:ASIAI0B)
Imported 'GUID: 9f1543f841f7a40b09eef3c7523d3b26' -> (Import Result ID: '84153f12a624fe75f5ade26b05677619') in 0.003 seconds [static and dynamic dependencies]. Details - ImportResultOutputID=99ece78555dcef6b679a77d0390cfbb7 DependenciesID=02b185f92a5c5a423f80a400d5950f99 StaticDependenciesID=9dba4df61ced33e276bcf35d2eab4c5b 
Number of updated asset objects reloaded before import = 0
Number of asset objects unloaded after import = 1
========================================================================
Received Import Request.
  Time of request: 2026-09-19T15:00:42.6268743Z
  Time since last request: 0.0005483 seconds.
  importAddress: GUID: 85f4628ae66f0eb439e59db66adbc696 - Path: Packages/com.unity.collab-proxy/Editor/Configuration/CloudEdition/Welcome/SignInWithEmailPanel.cs - Importer: ScriptedImporter/UnityEditor.QuickSearchModule:UnityEditor.Search:ASIAI0B
Importing 'GUID: 85f4628ae66f0eb439e59db66adbc696 - Path: Packages/com.unity.collab-proxy/Editor/Configuration/CloudEdition/Welcome/SignInWithEmailPanel.cs - Importer: ScriptedImporter/UnityEditor.QuickSearchModule:UnityEditor.Search:ASIAI0B' with importer (ScriptedImporter : UnityEditor.QuickSearchModule:UnityEditor.Search:ASIAI0B)
Imported 'GUID: 85f4628ae66f0eb439e59db66adbc696' -> (Import Result ID: '515bc1fc0949e896c07f7f10950057b7') in 0.003 seconds [static and dynamic dependencies]. Details - ImportResultOutputID=57b7c0443eb57017c9bc3b744f619da7 DependenciesID=33310211a0a42e5b1ccfea65dd7fb1a3 StaticDependenciesID=2ce0113b5b00a816347d264ca4c1cb72 
Number of updated asset objects reloaded before import = 0
Number of asset objects unloaded after import = 0
========================================================================
Received Import Request.
  Time of request: 2026-09-19T15:00:42.6443608Z
  Time since last request: 0.0004479 seconds.
  importAddress: GUID: 61e7e7b5c173f464ca9dd243b9c64e58 - Path: Packages/com.unity.collab-proxy/Editor/Assistant/UI/Interactions/DropDownInteraction.cs - Importer: ScriptedImporter/UnityEditor.QuickSearchModule:UnityEditor.Search:ASIAI0B
Importing 'GUID: 61e7e7b5c173f464ca9dd243b9c64e58 - Path: Packages/com.unity.collab-proxy/Editor/Assistant/UI/Interactions/DropDownInteraction.cs - Importer: ScriptedImporter/UnityEditor.QuickSearchModule:UnityEditor.Search:ASIAI0B' with importer (ScriptedImporter : UnityEditor.QuickSearchModule:UnityEditor.Search:ASIAI0B)
Imported 'GUID: 61e7e7b5c173f464ca9dd243b9c64e58' -> (Import Result ID: 'ae51f21df2ee9aae15949a02815956a5') in 0.003 seconds [static and dynamic dependencies]. Details - ImportResultOutputID=0cf3e6f9caae3a42acb9dc7e575553cd DependenciesID=e1c775b088823abeefb1a7d5a65293b5 StaticDependenciesID=c4daad40274b200a2b8f31bb4e007ac2 
Number of updated asset objects reloaded before import = 0
Number of asset objects unloaded after import = 0
========================================================================
Received Import Request.
  Time of request: 2026-09-19T15:00:42.6633103Z
  Time since last request: 0.0005856 seconds.
  importAddress: GUID: e69fc09d7758466798e76f1655c2c27f - Path: Packages/com.unity.collab-proxy/Editor/CloudDrive/Workspaces/Tree/CloudWorkspacesTreeView.cs - Importer: ScriptedImporter/UnityEditor.QuickSearchModule:UnityEditor.Search:ASIAI0B
Importing 'GUID: e69fc09d7758466798e76f1655c2c27f - Path: Packages/com.unity.collab-proxy/Editor/CloudDrive/Workspaces/Tree/CloudWorkspacesTreeView.cs - Importer: ScriptedImporter/UnityEditor.QuickSearchModule:UnityEditor.Search:ASIAI0B' with importer (ScriptedImporter : UnityEditor.QuickSearchModule:UnityEditor.Search:ASIAI0B)
Imported 'GUID: e69fc09d7758466798e76f1655c2c27f' -> (Import Result ID: '939ab8f161471e6b82ff410216153499') in 0.003 seconds [static and dynamic dependencies]. Details - ImportResultOutputID=701bec1732ab20108b61256ff4f57848 DependenciesID=ad727015044e5c8de1776a954d651ea0 StaticDependenciesID=cda3ecd7f3dca349bd9ae4962365fcf1 
Number of updated asset objects reloaded before import = 0
Number of asset objects unloaded after import = 0
========================================================================
Received Prepare
AcceleratorClientConnectionCallback - disconnected - :0
Begin MonoManager ReloadAssembly
'Packages/com.unity.render-pipelines.core/Editor/Deprecated.cs' contains partial class of Unity.Object, exactly 1 of the partial classes needs to be in a file with the same filename. This is to know the one that can be referenced from ie. GameObjects
'Packages/com.unity.render-pipelines.core/Editor/Deprecated.cs' contains partial class of Unity.Object, exactly 1 of the partial classes needs to be in a file with the same filename. This is to know the one that can be referenced from ie. GameObjects
Refreshing native plugins compatible for Editor in 3.42 ms, found 4 plugins.
Native extension for WindowsStandalone target not found
[Package Manager] Failed to launch server process. Reason: Unity was launched with the -noUpm command-line argument
[Package Manager] Unable to send message (not connected to server process).
[Package Manager] Cannot connect to Unity Package Manager local server
[Package Manager] Failed to launch server process. Reason: Unity was launched with the -noUpm command-line argument
[Package Manager] Unable to send message (not connected to server process).
[Package Manager] Cannot connect to Unity Package Manager local server
ScheduleIndexationOnStartup MainProcess:False IndexOnStartup:True
Scripting: successfully reloaded assembly
- Finished resetting the current domain, in  1.657 seconds
Domain Reload Profiling: 3675ms
	BeginReloadAssembly (517ms)
		DisableScriptedObjects (22ms)
		CreateAndSetChildDomain (125ms)
	RebuildCommonClasses (22ms)
	RebuildNativeTypeToScriptingClass (34ms)
	initialDomainReloadingComplete (143ms)
	LoadAllAssembliesAndSetupDomain (1301ms)
		LoadAssemblies (759ms)
		TypeCache.Refresh (23ms)
			TypeCache.ScanAssembly (3ms)
		AnalyzeDomain (409ms)
			BuildScriptInfoCaches (398ms)
			ResolveRequiredComponents (8ms)
	FinalizeReload (1658ms)
		SetupLoadedEditorAssemblies (0ms)
			LogAssemblyErrors (5ms)
			InitializePlatformSupportModulesInManaged (4ms)
			BeforeProcessingInitializeOnLoad (229ms)
			ProcessInitializeOnLoadAttributes (511ms)
			ProcessInitializeOnLoadMethodAttributes (195ms)
			AfterProcessingInitializeOnLoad (29ms)
			EditorAssembliesLoaded (7ms)
		AwakeInstancesAfterBackupRestoration (42ms)
Refreshing native plugins compatible for Editor in 3.20 ms, found 4 plugins.
Unloading 64 Unused Serialized files (Serialized files now loaded: 0)
Unloading 6625 unused Assets / (9.1 MB). Loaded Objects now: 7517.
Memory consumption went from 348.6 MB to 339.5 MB.
Total: 17.681800 ms (FindLiveObjects: 1.036600 ms CreateObjectMapping: 0.587900 ms MarkObjects: 11.054200 ms  DeleteObjects: 4.516800 ms)

Prepare: number of updated asset objects reloaded= 0
Editor requested this worker to shutdown with reason: Scaling down because of idle timeout
AcceleratorClientConnectionCallback - disconnected - :0
AssetImportWorker is now disconnected from the server
Process exiting
[ExitDontLaunchBugReporter] Exiting without the bug reporter. Application will exit with return code 0
