[Licensing::Module] Trying to connect to existing licensing client channel...
Built from '6000.6/respin/6000.6.0f1-fa21a270ab12' branch; Version is '6000.6.0f1 (f7f8ed4d1e24) revision 16251117'; Using compiler version '194234433'; Build Type 'Release'
[Licensing::IpcConnector] Successfully connected to: "LicenseClient-laiet" at "2026-09-19T15:00:18.474041Z"
OS: 'Windows 11  (10.0.26200) Core' Language: 'en' Physical Memory: 32389 MB
BatchMode: 1, IsHumanControllingUs: 0, StartBugReporterOnCrash: 0, Is64bit: 1
System  architecture: x64
Process architecture: x64
Date: 2026-09-19T15:00:18Z
[Licensing::Client] Code 10 while verifying Licensing Client signature (process Id: 21856, path: "C:/Program Files/Unity Hub/UnityLicensingClient_V1/Unity.Licensing.Client.exe")
[Licensing::Module] LicensingClient has failed validation; ignoring
[Licensing::Client] Error: HandshakeResponse reported an error:
	ResponseCode: 505
	ResponseStatus: Unsupported protocol version '1.18.3'.
[Licensing::Module] Error: Failed to handshake to channel: "LicenseClient-laiet"
[Licensing::IpcConnector] LicenseClient-laiet channel disconnected successfully.
[Licensing::IpcConnector] Successfully connected to: "LicenseClient-laiet-6000.6.0" at "2026-09-19T15:00:18.5394827Z"
[Licensing::Client] Code 10 while verifying Licensing Client signature (process Id: 5420, path: "C:/Program Files/Unity/Hub/Editor/6000.6.0f1/Editor/Data/Resources/Licensing/Client/Unity.Licensing.Client.exe")
[Licensing::Module] LicensingClient has failed validation; ignoring
[Licensing::Client] Handshaking with LicensingClient:
  Version:                 1.18.3+d7ffd15
  Session Id:              9ac05f1701704042a7157578c23d7f64
  Correlation Id:          ab694d64c5537f87c0b7b88d6244bfd5
  External correlation Id: 7756583375392255853
  Machine Id:              HCb8288S53yk6J8ODf7DAeTIerY=
[Licensing::Module] Successfully connected to LicensingClient on channel: "LicenseClient-laiet-6000.6.0" (connect: 0.00s, validation: 0.00s, handshake: 0.02s)
[Licensing::IpcConnector] Successfully connected to: "LicenseClient-laiet-6000.6.0-notifications" at "2026-09-19T15:00:18.5601789Z"
[Licensing::Module] Licensing Background thread has ended after 0.09s

COMMAND LINE ARGUMENTS:
C:\Program Files\Unity\Hub\Editor\6000.6.0f1\Editor\Unity.exe
-adb2
-batchMode
-noUpm
-name
AssetImportWorkerHW1
-projectPath
C:/Users/laiet/Desktop/Projects/bus-driver/BusDriver
-logFile
Logs/AssetImportWorkerHW1.log
-srvPort
58257
-parentPid
34340
-analyticsCloudUserId
anonymous
-analyticsLocalProjectId
9bb8911c4fbd0cd49aed397f86ff2d8a
-editorAnalyticsEnabled
1
-cbmEditorLicense
cee8404d656a25eda48dfaf9880f2cb50a205b1c
-cbmMachineId
HCb8288S53yk6J8ODf7DAeTIerY=
-noDiagnosticSwitchPersistentStore
-job-worker-count
9
-background-job-worker-count
8
-asset-garbage-collectors
1
-force-d3d12
-name
AssetImport
Successfully changed project path to: C:/Users/laiet/Desktop/Projects/bus-driver/BusDriver
C:/Users/laiet/Desktop/Projects/bus-driver/BusDriver
[UnityMemory] Configuration Parameters - Can be set up in boot.config
    "memorysetup-temp-allocator-size-gi-baking-worker=262144"
    "memorysetup-temp-allocator-size-gi-baking-worker=262144"
    "memorysetup-temp-allocator-size-gi-baking-worker=262144"
    "memorysetup-temp-allocator-size-gi-baking-worker=262144"
    "memorysetup-temp-allocator-size-gi-baking-worker=262144"
    "memorysetup-temp-allocator-size-nav-mesh-worker=65536"
    "memorysetup-temp-allocator-size-audio-worker=65536"
    "memorysetup-temp-allocator-size-cloud-worker=32768"
    "memorysetup-temp-allocator-size-gfx=262144"
    "memorysetup-remapper-allocator-initial-capacity=32768"
    "memorysetup-temp-allocator-size-preload-manager=33554432"
    "memorysetup-allocator-temp-initial-block-size-main=262144"
    "memorysetup-allocator-temp-initial-block-size-worker=262144"
    "memorysetup-temp-allocator-size-job-worker=262144"
    "memorysetup-temp-allocator-size-background-worker=32768"
    "memorysetup-bucket-allocator-granularity=16"
    "memorysetup-bucket-allocator-bucket-count=8"
    "memorysetup-bucket-allocator-block-size=33554432"
    "memorysetup-bucket-allocator-block-count=8"
    "memorysetup-main-allocator-block-size=16777216"
    "memorysetup-thread-allocator-block-size=16777216"
    "memorysetup-main-allocator-mimalloc-enabled=1"
    "memorysetup-gfx-main-allocator-block-size=16777216"
    "memorysetup-gfx-thread-allocator-block-size=16777216"
    "memorysetup-cache-allocator-block-size=4194304"
    "memorysetup-typetree-allocator-block-size=2097152"
    "memorysetup-profiler-bucket-allocator-granularity=16"
    "memorysetup-profiler-bucket-allocator-bucket-count=8"
    "memorysetup-profiler-bucket-allocator-block-size=33554432"
    "memorysetup-profiler-bucket-allocator-block-count=8"
    "memorysetup-profiler-allocator-block-size=16777216"
    "memorysetup-profiler-editor-allocator-block-size=1048576"
    "memorysetup-temp-allocator-size-main=16777216"
    "memorysetup-job-temp-allocator-block-size=2097152"
    "memorysetup-job-temp-allocator-block-size-background=1048576"
    "memorysetup-job-temp-allocator-reduction-small-platforms=262144"
Player connection [7784]  Target information:

Player connection [7784]  * "[IP] 10.24.32.72 [Port] 0 [Flags] 2 [Guid] 2101022479 [EditorId] 2101022479 [Version] 1048832 [Id] WindowsEditor(7,EthanLai_Laptop) [Debug] 1 [PackageName] WindowsEditor [ProjectName] Editor" 

Player connection [7784] Host joined multi-casting on [225.0.0.222:54997]...
Player connection [7784] Host joined alternative multi-casting on [225.0.0.222:34997]...
JobSystem: Creating JobQueue using job-worker-count value 9
Input System module state changed to: Initialized.
[Physics::Module] Initialized fallback backend.
[Physics::Module] Id: 0xdecafbad
Library Redirect Path: Library/
Initialising UDS system complete:
  - System type: Client
  - Resource namespace: b24de9cb9d8b4ae3cafebcc8690133fb
  - Shared memory size: 1073741824
  - Command buffer id: 1052576
  - Command buffer size: 8192
  - Hashmap size: 4194304
  - Service connected: true
  - Service working directory: Library/DataStore/
[Physics::Module] Selected backend.
[Physics::Module] Name: PhysX
[Physics::Module] Id: 0xf2b8ea05
[Physics::Module] SDK Version: 4.1.2
[Physics::Module] Integration Version: 1.0.0
[Physics::Module] Threading Mode: Multi-Threaded
Refreshing native plugins compatible for Editor in 5.58 ms, found 4 plugins.
Initialize engine version: 6000.6.0f1 (f7f8ed4d1e24)
[EntityIdStore] init: VM path (explicit commit), pageSize=4096, blockCount=1048576, entitiesPerBlock=256, slots reserved=4294967296 bytes
[Subsystems] Discovering subsystems at path C:/Program Files/Unity/Hub/Editor/6000.6.0f1/Editor/Data/Resources/UnitySubsystems
[Subsystems] Discovering subsystems at path C:/Users/laiet/Desktop/Projects/bus-driver/BusDriver/Assets
Forcing GfxDevice: Direct3D 12
GfxDevice: creating device client; kGfxThreadingModeNonThreaded
d3d12: failed to query info queue interface (0x80004002).
Direct3D:
    Version:         Direct3D 12 [level 12.2]
    Renderer:        NVIDIA GeForce RTX 4070 Laptop GPU (ID=0x2820)
    Vendor:          NVIDIA
    VRAM:            7948 MB
    App VRAM Budget: 7180 MB
    Driver:          32.0.15.6607
Initialize mono
Mono path[0] = 'C:/Program Files/Unity/Hub/Editor/6000.6.0f1/Editor/Data/Managed'
Mono path[1] = 'C:/Program Files/Unity/Hub/Editor/6000.6.0f1/Editor/Data/BCLExtensions/runtime/netstandard2.1'
Mono path[2] = 'C:/Program Files/Unity/Hub/Editor/6000.6.0f1/Editor/Data/MonoBleedingEdge/lib/mono/unityjit-win32'
Mono config path = 'C:/Program Files/Unity/Hub/Editor/6000.6.0f1/Editor/Data/MonoBleedingEdge/etc'
Using monoOptions --debugger-agent=transport=dt_socket,embedding=1,server=y,suspend=n,address=127.0.0.1:56484
CodeReloadManager initialized
Begin MonoManager ReloadAssembly
Registering precompiled unity dll's ...
Register platform support module: C:/Program Files/Unity/Hub/Editor/6000.6.0f1/Editor/Data/PlaybackEngines/WindowsStandaloneSupport/UnityEditor.WindowsStandalone.Extensions.dll
Registered in 0.003931 seconds.
Native extension for WindowsStandalone target not found
Package Manager log level set to [2]
[Package Manager] Failed to launch server process. Reason: Unity was launched with the -noUpm command-line argument
[Package Manager] Unable to send message (not connected to server process).
[Package Manager] Cannot connect to Unity Package Manager local server
ScheduleIndexationOnStartup MainProcess:False IndexOnStartup:True
Scripting: successfully reloaded assembly
- Finished resetting the current domain, in  1.172 seconds
Domain Reload Profiling: 2384ms
	BeginReloadAssembly (334ms)
	RebuildCommonClasses (13ms)
	RebuildNativeTypeToScriptingClass (44ms)
	initialDomainReloadingComplete (159ms)
	LoadAllAssembliesAndSetupDomain (660ms)
		LoadAssemblies (325ms)
		TypeCache.Refresh (437ms)
			TypeCache.ScanAssembly (408ms)
		AnalyzeDomain (1ms)
	FinalizeReload (1174ms)
		SetupLoadedEditorAssemblies (0ms)
			LogAssemblyErrors (3ms)
			InitializePlatformSupportModulesInManaged (4ms)
			BeforeProcessingInitializeOnLoad (211ms)
			ProcessInitializeOnLoadAttributes (259ms)
			ProcessInitializeOnLoadMethodAttributes (469ms)
Initializing Unity extensions:
[Licensing::Client] Successfully resolved entitlement details
[Licensing::Module] License group:
  Id: F4-3WKU-2EDZ-P6WP-CPPR-XXXX
  Product: Unity Personal
  Type: ULF
  Expiration: Unlimited
========================================================================
Worker process is ready to serve import requests
Import Worker Mode flag is 0x00
Begin MonoManager ReloadAssembly
'Packages/com.unity.render-pipelines.core/Editor/Deprecated.cs' contains partial class of Unity.Object, exactly 1 of the partial classes needs to be in a file with the same filename. This is to know the one that can be referenced from ie. GameObjects
'Packages/com.unity.render-pipelines.core/Editor/Deprecated.cs' contains partial class of Unity.Object, exactly 1 of the partial classes needs to be in a file with the same filename. This is to know the one that can be referenced from ie. GameObjects
Refreshing native plugins compatible for Editor in 3.86 ms, found 4 plugins.
Native extension for WindowsStandalone target not found
[Package Manager] Failed to launch server process. Reason: Unity was launched with the -noUpm command-line argument
[Package Manager] Unable to send message (not connected to server process).
[Package Manager] Cannot connect to Unity Package Manager local server
[Package Manager] Failed to launch server process. Reason: Unity was launched with the -noUpm command-line argument
[Package Manager] Unable to send message (not connected to server process).
[Package Manager] Cannot connect to Unity Package Manager local server
ScheduleIndexationOnStartup MainProcess:False IndexOnStartup:True
Scripting: successfully reloaded assembly
- Finished resetting the current domain, in  1.719 seconds
Domain Reload Profiling: 4160ms
	BeginReloadAssembly (612ms)
		DisableScriptedObjects (21ms)
		CreateAndSetChildDomain (77ms)
	RebuildCommonClasses (42ms)
	RebuildNativeTypeToScriptingClass (70ms)
	initialDomainReloadingComplete (208ms)
	LoadAllAssembliesAndSetupDomain (1506ms)
		LoadAssemblies (948ms)
		TypeCache.Refresh (386ms)
			TypeCache.ScanAssembly (359ms)
		AnalyzeDomain (193ms)
			BuildScriptInfoCaches (178ms)
			ResolveRequiredComponents (12ms)
	FinalizeReload (1721ms)
		SetupLoadedEditorAssemblies (0ms)
			LogAssemblyErrors (3ms)
			InitializePlatformSupportModulesInManaged (3ms)
			BeforeProcessingInitializeOnLoad (278ms)
			ProcessInitializeOnLoadAttributes (660ms)
			ProcessInitializeOnLoadMethodAttributes (186ms)
			AfterProcessingInitializeOnLoad (12ms)
		AwakeInstancesAfterBackupRestoration (17ms)
AcceleratorClientConnectionCallback - disconnected - :0
Launched and connected shader compiler UnityShaderCompiler.exe after 0.03 seconds
Refreshing native plugins compatible for Editor in 5.67 ms, found 4 plugins.
Unloading 63 Unused Serialized files (Serialized files now loaded: 0)
Unloading 6611 unused Assets / (10.0 MB). Loaded Objects now: 7450.
Memory consumption went from 335.0 MB to 325.0 MB.
Total: 18.989700 ms (FindLiveObjects: 1.138600 ms CreateObjectMapping: 0.706200 ms MarkObjects: 10.650800 ms  DeleteObjects: 6.064200 ms)

========================================================================
Received Import Request.
  Time of request: 2026-09-19T15:00:28.6136379Z
  Time since last request: 365288.39939490001416 seconds.
  importAddress: GUID: eaa3325968035499991b3b1d1b89a348 - Path: Packages/com.unity.collab-proxy/Editor/UI/CalcTextSize.cs - Importer: ScriptedImporter/UnityEditor.QuickSearchModule:UnityEditor.Search:ASIAI0B
Importing 'GUID: eaa3325968035499991b3b1d1b89a348 - Path: Packages/com.unity.collab-proxy/Editor/UI/CalcTextSize.cs - Importer: ScriptedImporter/UnityEditor.QuickSearchModule:UnityEditor.Search:ASIAI0B' with importer (ScriptedImporter : UnityEditor.QuickSearchModule:UnityEditor.Search:ASIAI0B)
Imported 'GUID: eaa3325968035499991b3b1d1b89a348' -> (Import Result ID: 'a4d04b15d8a98ee2801a893dc050baa8') in 0.191 seconds [static and dynamic dependencies]. Details - ImportResultOutputID=714d6b4eb95a399ad38fe48b557740f2 DependenciesID=55addadf5f951ef9f8cb3a715ca17673 StaticDependenciesID=8aab92931102c8fb830f7846e88c84c0 
Number of updated asset objects reloaded before import = 0
Number of asset objects unloaded after import = 0
========================================================================
Received Import Request.
  Time of request: 2026-09-19T15:00:28.8338303Z
  Time since last request: 0.0000603 seconds.
  importAddress: GUID: ba319c71501487041bda92a854e8435e - Path: Packages/com.unity.collab-proxy/Editor/UI/ResponseType.cs - Importer: ScriptedImporter/UnityEditor.QuickSearchModule:UnityEditor.Search:ASIAI0B
Importing 'GUID: ba319c71501487041bda92a854e8435e - Path: Packages/com.unity.collab-proxy/Editor/UI/ResponseType.cs - Importer: ScriptedImporter/UnityEditor.QuickSearchModule:UnityEditor.Search:ASIAI0B' with importer (ScriptedImporter : UnityEditor.QuickSearchModule:UnityEditor.Search:ASIAI0B)
Imported 'GUID: ba319c71501487041bda92a854e8435e' -> (Import Result ID: 'f6b6fb7c285393f63936072f602f54d9') in 0.004 seconds [static and dynamic dependencies]. Details - ImportResultOutputID=5392506e2f43beefd6b014d51e0ce638 DependenciesID=aa4dadea50a037f176cad0069ac468b3 StaticDependenciesID=a92d3845b0f17302f67964047877dc0d 
Number of updated asset objects reloaded before import = 0
Number of asset objects unloaded after import = 0
========================================================================
Received Import Request.
  Time of request: 2026-09-19T15:00:28.857107Z
  Time since last request: 0.0006433 seconds.
  importAddress: GUID: 1b769279d1324508b645aea1a29bae8c - Path: Packages/com.unity.collab-proxy/Editor/UnityInternals/UVCSToolbarButton_Legacy.cs - Importer: ScriptedImporter/UnityEditor.QuickSearchModule:UnityEditor.Search:ASIAI0B
Importing 'GUID: 1b769279d1324508b645aea1a29bae8c - Path: Packages/com.unity.collab-proxy/Editor/UnityInternals/UVCSToolbarButton_Legacy.cs - Importer: ScriptedImporter/UnityEditor.QuickSearchModule:UnityEditor.Search:ASIAI0B' with importer (ScriptedImporter : UnityEditor.QuickSearchModule:UnityEditor.Search:ASIAI0B)
Imported 'GUID: 1b769279d1324508b645aea1a29bae8c' -> (Import Result ID: '6f342ca5737cf42e24b778b9bc15c8fd') in 0.004 seconds [static and dynamic dependencies]. Details - ImportResultOutputID=5d83b80e295f8fc4e45c6349fed205ea DependenciesID=3f7ac535046cb6e858d8fe97c67290bf StaticDependenciesID=242715445c468cbc953855f165b4bbad 
Number of updated asset objects reloaded before import = 0
Number of asset objects unloaded after import = 0
========================================================================
Received Import Request.
  Time of request: 2026-09-19T15:00:28.8784838Z
  Time since last request: 0.0005075 seconds.
  importAddress: GUID: 640fd06dff6f43498693eeda77683e6e - Path: Packages/com.unity.collab-proxy/Editor/UI/DrawActionButtonWithMenu.cs - Importer: ScriptedImporter/UnityEditor.QuickSearchModule:UnityEditor.Search:ASIAI0B
Importing 'GUID: 640fd06dff6f43498693eeda77683e6e - Path: Packages/com.unity.collab-proxy/Editor/UI/DrawActionButtonWithMenu.cs - Importer: ScriptedImporter/UnityEditor.QuickSearchModule:UnityEditor.Search:ASIAI0B' with importer (ScriptedImporter : UnityEditor.QuickSearchModule:UnityEditor.Search:ASIAI0B)
Imported 'GUID: 640fd06dff6f43498693eeda77683e6e' -> (Import Result ID: '200c0867a9f6b7d9d60f84d4ccb56ca9') in 0.004 seconds [static and dynamic dependencies]. Details - ImportResultOutputID=3d3a13b375db61b2d3d732bdcd2ae7c9 DependenciesID=31f8db958a9b7a1861a277f3c5606084 StaticDependenciesID=9dd60cc12fa1de0ccd6e1be1cda6b6ea 
Number of updated asset objects reloaded before import = 0
Number of asset objects unloaded after import = 0
========================================================================
Received Import Request.
  Time of request: 2026-09-19T15:00:28.9017787Z
  Time since last request: 0.0006766 seconds.
  importAddress: GUID: 9c549b85e316e2d4ea9265d63a17e401 - Path: Packages/com.unity.collab-proxy/Editor/UI/ScreenResolution.cs - Importer: ScriptedImporter/UnityEditor.QuickSearchModule:UnityEditor.Search:ASIAI0B
Importing 'GUID: 9c549b85e316e2d4ea9265d63a17e401 - Path: Packages/com.unity.collab-proxy/Editor/UI/ScreenResolution.cs - Importer: ScriptedImporter/UnityEditor.QuickSearchModule:UnityEditor.Search:ASIAI0B' with importer (ScriptedImporter : UnityEditor.QuickSearchModule:UnityEditor.Search:ASIAI0B)
Imported 'GUID: 9c549b85e316e2d4ea9265d63a17e401' -> (Import Result ID: 'fc541235870cceef9682b3e476eab9ab') in 0.003 seconds [static and dynamic dependencies]. Details - ImportResultOutputID=90e55995b632947dce6e2e102e37e4e8 DependenciesID=36ba8e52cea942b1c80d75a363535876 StaticDependenciesID=2e6de34864f8d6d6fb2449869f1e39be 
Number of updated asset objects reloaded before import = 0
Number of asset objects unloaded after import = 0
========================================================================
Received Import Request.
  Time of request: 2026-09-19T15:00:28.9244568Z
  Time since last request: 0.0005261 seconds.
  importAddress: GUID: 65c9d93f86da86b41a712d92e8f03dc2 - Path: Packages/com.unity.collab-proxy/Editor/UI/GetPlasticShortcut.cs - Importer: ScriptedImporter/UnityEditor.QuickSearchModule:UnityEditor.Search:ASIAI0B
Importing 'GUID: 65c9d93f86da86b41a712d92e8f03dc2 - Path: Packages/com.unity.collab-proxy/Editor/UI/GetPlasticShortcut.cs - Importer: ScriptedImporter/UnityEditor.QuickSearchModule:UnityEditor.Search:ASIAI0B' with importer (ScriptedImporter : UnityEditor.QuickSearchModule:UnityEditor.Search:ASIAI0B)
Imported 'GUID: 65c9d93f86da86b41a712d92e8f03dc2' -> (Import Result ID: 'ec11cfc9d076faa0d6f543850aae21b1') in 0.002 seconds [static and dynamic dependencies]. Details - ImportResultOutputID=b0ea96470256f9a0fd1366ea3650748a DependenciesID=676f7b3f5a009c3748f86a50989fbfb3 StaticDependenciesID=34494aefbf026ca362184ae6eebc516b 
Number of updated asset objects reloaded before import = 0
Number of asset objects unloaded after import = 0
========================================================================
Received Import Request.
  Time of request: 2026-09-19T15:00:28.9412689Z
  Time since last request: 0.0006146 seconds.
  importAddress: GUID: 8b6dfd14d4f1481994014ade2c68e7b9 - Path: Packages/com.unity.collab-proxy/Editor/UI/ColorFromText.cs - Importer: ScriptedImporter/UnityEditor.QuickSearchModule:UnityEditor.Search:ASIAI0B
Importing 'GUID: 8b6dfd14d4f1481994014ade2c68e7b9 - Path: Packages/com.unity.collab-proxy/Editor/UI/ColorFromText.cs - Importer: ScriptedImporter/UnityEditor.QuickSearchModule:UnityEditor.Search:ASIAI0B' with importer (ScriptedImporter : UnityEditor.QuickSearchModule:UnityEditor.Search:ASIAI0B)
Imported 'GUID: 8b6dfd14d4f1481994014ade2c68e7b9' -> (Import Result ID: 'd58f320dfa3d4d60d18b90026d561497') in 0.004 seconds [static and dynamic dependencies]. Details - ImportResultOutputID=6845a763312f97098a74e6f1f9eb3df9 DependenciesID=e3c59c917cc0f44984021ff310231c93 StaticDependenciesID=26f7b3a74152a96db6aeeec73f5b9296 
Number of updated asset objects reloaded before import = 0
Number of asset objects unloaded after import = 0
========================================================================
Received Import Request.
  Time of request: 2026-09-19T15:00:28.9836674Z
  Time since last request: 0.0213555 seconds.
  importAddress: GUID: e86abcad326bbd44a9f3c0516899ce75 - Path: Packages/com.unity.collab-proxy/Editor/WebApi/ErrorResponse.cs - Importer: ScriptedImporter/UnityEditor.QuickSearchModule:UnityEditor.Search:ASIAI0B
Importing 'GUID: e86abcad326bbd44a9f3c0516899ce75 - Path: Packages/com.unity.collab-proxy/Editor/WebApi/ErrorResponse.cs - Importer: ScriptedImporter/UnityEditor.QuickSearchModule:UnityEditor.Search:ASIAI0B' with importer (ScriptedImporter : UnityEditor.QuickSearchModule:UnityEditor.Search:ASIAI0B)
Imported 'GUID: e86abcad326bbd44a9f3c0516899ce75' -> (Import Result ID: 'e2ac5d818b14c1aab9549b1b3bd588c1') in 0.003 seconds [static and dynamic dependencies]. Details - ImportResultOutputID=b02849272bfdc4c3ee8a987ac16e7e75 DependenciesID=23242ef5255995602fc5d7ef60b1b32b StaticDependenciesID=08c5384feb4d714f1047b66993549940 
Number of updated asset objects reloaded before import = 0
Number of asset objects unloaded after import = 0
========================================================================
Received Import Request.
  Time of request: 2026-09-19T15:00:28.9992489Z
  Time since last request: 0.0007446 seconds.
  importAddress: GUID: 09fca212d621e844a8a0f11a9ac6c1bc - Path: Packages/com.unity.collab-proxy/Editor/Assets/Images/d_buttonhome.png - Importer: ScriptedImporter/UnityEditor.QuickSearchModule:UnityEditor.Search:ASIAI0B
Importing 'GUID: 09fca212d621e844a8a0f11a9ac6c1bc - Path: Packages/com.unity.collab-proxy/Editor/Assets/Images/d_buttonhome.png - Importer: ScriptedImporter/UnityEditor.QuickSearchModule:UnityEditor.Search:ASIAI0B' with importer (ScriptedImporter : UnityEditor.QuickSearchModule:UnityEditor.Search:ASIAI0B)
Imported 'GUID: 09fca212d621e844a8a0f11a9ac6c1bc' -> (Import Result ID: '7cb122001a7fe80d15af6074309d8622') in 0.093 seconds [static and dynamic dependencies]. Details - ImportResultOutputID=d0dcafa965feeee429a511d930703ed5 DependenciesID=de5266dcff9de3e6196b381c6291bcaf StaticDependenciesID=a9fa1061859d236d941919fb68c6e557 
Number of updated asset objects reloaded before import = 0
Number of asset objects unloaded after import = 3
========================================================================
Received Import Request.
  Time of request: 2026-09-19T15:00:29.1122093Z
  Time since last request: 0.0011706 seconds.
  importAddress: GUID: 3313b144884b41f4a86de6fda5eed953 - Path: Packages/com.unity.collab-proxy/Lib/Editor/liblz4Plastic.dylib - Importer: ScriptedImporter/UnityEditor.QuickSearchModule:UnityEditor.Search:ASIAI0B
Importing 'GUID: 3313b144884b41f4a86de6fda5eed953 - Path: Packages/com.unity.collab-proxy/Lib/Editor/liblz4Plastic.dylib - Importer: ScriptedImporter/UnityEditor.QuickSearchModule:UnityEditor.Search:ASIAI0B' with importer (ScriptedImporter : UnityEditor.QuickSearchModule:UnityEditor.Search:ASIAI0B)
Imported 'GUID: 3313b144884b41f4a86de6fda5eed953' -> (Import Result ID: '85ecc2c81b09360f0f4fc056179b8fed') in 0.009 seconds [static and dynamic dependencies]. Details - ImportResultOutputID=b0f96b70a46c985e2e00f1020ee3f330 DependenciesID=226fc52abca2c994444bed221598f620 StaticDependenciesID=a90b593f0590aa81554cf9ac17d5c1a1 
Number of updated asset objects reloaded before import = 0
Number of asset objects unloaded after import = 0
========================================================================
Received Import Request.
  Time of request: 2026-09-19T15:00:29.1410473Z
  Time since last request: 0.0006928 seconds.
  importAddress: GUID: 956deaef7c041ed4abe7a5a3690c28bc - Path: Packages/com.unity.collab-proxy/Editor/Assets/Images/buttonhome@2x.png - Importer: ScriptedImporter/UnityEditor.QuickSearchModule:UnityEditor.Search:ASIAI0B
Importing 'GUID: 956deaef7c041ed4abe7a5a3690c28bc - Path: Packages/com.unity.collab-proxy/Editor/Assets/Images/buttonhome@2x.png - Importer: ScriptedImporter/UnityEditor.QuickSearchModule:UnityEditor.Search:ASIAI0B' with importer (ScriptedImporter : UnityEditor.QuickSearchModule:UnityEditor.Search:ASIAI0B)
Imported 'GUID: 956deaef7c041ed4abe7a5a3690c28bc' -> (Import Result ID: '8608580233a35cab6494947557976000') in 0.011 seconds [static and dynamic dependencies]. Details - ImportResultOutputID=38fe54bb17f2a802a3ca6d3054384b21 DependenciesID=c0f434df25c8e79454580bf0224dc6a8 StaticDependenciesID=7955b0f473d599193e942816e35963f2 
Number of updated asset objects reloaded before import = 0
Number of asset objects unloaded after import = 3
========================================================================
Received Import Request.
  Time of request: 2026-09-19T15:00:29.1684537Z
  Time since last request: 0.0005638 seconds.
  importAddress: GUID: c8d9f1a2b3e4f5a6b7c8d9e0f1a2b3c4 - Path: Packages/com.unity.collab-proxy/Editor/AssetMenu/Dialogs/AddToCloudDriveDialog.cs - Importer: ScriptedImporter/UnityEditor.QuickSearchModule:UnityEditor.Search:ASIAI0B
Importing 'GUID: c8d9f1a2b3e4f5a6b7c8d9e0f1a2b3c4 - Path: Packages/com.unity.collab-proxy/Editor/AssetMenu/Dialogs/AddToCloudDriveDialog.cs - Importer: ScriptedImporter/UnityEditor.QuickSearchModule:UnityEditor.Search:ASIAI0B' with importer (ScriptedImporter : UnityEditor.QuickSearchModule:UnityEditor.Search:ASIAI0B)
Imported 'GUID: c8d9f1a2b3e4f5a6b7c8d9e0f1a2b3c4' -> (Import Result ID: '7a7aa4ed176fd68d50b5f961c6d8185d') in 0.003 seconds [static and dynamic dependencies]. Details - ImportResultOutputID=a716e4c441a1e6ef1407d08dd47a4aa8 DependenciesID=8f7d0d28f9bf1633fce47da2c9c70638 StaticDependenciesID=8b1f40d257bc9176d2f30432290e2f93 
Number of updated asset objects reloaded before import = 0
Number of asset objects unloaded after import = 0
========================================================================
Received Import Request.
  Time of request: 2026-09-19T15:00:29.1849493Z
  Time since last request: 0.0005781 seconds.
  importAddress: GUID: 363c1190d7979084c84a0421cedb3a51 - Path: Packages/com.unity.collab-proxy/Editor/WebApi/CurrentUserAdminCheckResponse.cs - Importer: ScriptedImporter/UnityEditor.QuickSearchModule:UnityEditor.Search:ASIAI0B
Importing 'GUID: 363c1190d7979084c84a0421cedb3a51 - Path: Packages/com.unity.collab-proxy/Editor/WebApi/CurrentUserAdminCheckResponse.cs - Importer: ScriptedImporter/UnityEditor.QuickSearchModule:UnityEditor.Search:ASIAI0B' with importer (ScriptedImporter : UnityEditor.QuickSearchModule:UnityEditor.Search:ASIAI0B)
Imported 'GUID: 363c1190d7979084c84a0421cedb3a51' -> (Import Result ID: '286d124a0811584a088f074144c20078') in 0.003 seconds [static and dynamic dependencies]. Details - ImportResultOutputID=716dfb85db1df7afcb92cd11fd9608cb DependenciesID=5e4852817163b837782c192b9350e8b2 StaticDependenciesID=1b307f92e362e8ccefe2a6a83a909353 
Number of updated asset objects reloaded before import = 0
Number of asset objects unloaded after import = 0
========================================================================
Received Import Request.
  Time of request: 2026-09-19T15:00:29.2042707Z
  Time since last request: 0.000465 seconds.
  importAddress: GUID: 074a5a5f34697b64c9b36dc09f6f7c32 - Path: Packages/com.unity.collab-proxy/Lib/Editor/lz4x64Plastic.dll - Importer: ScriptedImporter/UnityEditor.QuickSearchModule:UnityEditor.Search:ASIAI0B
Importing 'GUID: 074a5a5f34697b64c9b36dc09f6f7c32 - Path: Packages/com.unity.collab-proxy/Lib/Editor/lz4x64Plastic.dll - Importer: ScriptedImporter/UnityEditor.QuickSearchModule:UnityEditor.Search:ASIAI0B' with importer (ScriptedImporter : UnityEditor.QuickSearchModule:UnityEditor.Search:ASIAI0B)
Imported 'GUID: 074a5a5f34697b64c9b36dc09f6f7c32' -> (Import Result ID: '81d1f8c232f3afc8409d41ebecec1de3') in 0.004 seconds [static and dynamic dependencies]. Details - ImportResultOutputID=cc3088a6af86b5d5fbb8af7391f4e2ae DependenciesID=690e3ea05cc589aca3485fb007c4d367 StaticDependenciesID=5063002332a65422d0a7cc906327647c 
Number of updated asset objects reloaded before import = 0
Number of asset objects unloaded after import = 0
========================================================================
Received Import Request.
  Time of request: 2026-09-19T15:00:29.2245036Z
  Time since last request: 0.000422 seconds.
  importAddress: GUID: 953c29d2e0dece647a64940343c91547 - Path: Packages/com.unity.collab-proxy/Editor/AssetOverlays/Cache/LockStatusCache.cs - Importer: ScriptedImporter/UnityEditor.QuickSearchModule:UnityEditor.Search:ASIAI0B
Importing 'GUID: 953c29d2e0dece647a64940343c91547 - Path: Packages/com.unity.collab-proxy/Editor/AssetOverlays/Cache/LockStatusCache.cs - Importer: ScriptedImporter/UnityEditor.QuickSearchModule:UnityEditor.Search:ASIAI0B' with importer (ScriptedImporter : UnityEditor.QuickSearchModule:UnityEditor.Search:ASIAI0B)
Imported 'GUID: 953c29d2e0dece647a64940343c91547' -> (Import Result ID: 'aeb1ae52c3f3e25c7142915a163553c3') in 0.003 seconds [static and dynamic dependencies]. Details - ImportResultOutputID=cfa9df0de8a4e8ed0e596d980fad952b DependenciesID=c250228da6e1995d9204edcdc2993a31 StaticDependenciesID=f4de0434fcefe323ac01683512f86ca6 
Number of updated asset objects reloaded before import = 0
Number of asset objects unloaded after import = 0
========================================================================
Received Import Request.
  Time of request: 2026-09-19T15:00:29.2445152Z
  Time since last request: 0.0005759 seconds.
  importAddress: GUID: c44a2ac668da0a04d9e567739215b2eb - Path: Packages/com.unity.collab-proxy/Editor/AssetMenu/Dialogs/CheckinDialogOperations.cs - Importer: ScriptedImporter/UnityEditor.QuickSearchModule:UnityEditor.Search:ASIAI0B
Importing 'GUID: c44a2ac668da0a04d9e567739215b2eb - Path: Packages/com.unity.collab-proxy/Editor/AssetMenu/Dialogs/CheckinDialogOperations.cs - Importer: ScriptedImporter/UnityEditor.QuickSearchModule:UnityEditor.Search:ASIAI0B' with importer (ScriptedImporter : UnityEditor.QuickSearchModule:UnityEditor.Search:ASIAI0B)
Imported 'GUID: c44a2ac668da0a04d9e567739215b2eb' -> (Import Result ID: 'fcf64bd76d148bedc1d510a2d161eaac') in 0.003 seconds [static and dynamic dependencies]. Details - ImportResultOutputID=4eec0a7b0138208f3757b95444172cd0 DependenciesID=8271636ac52b2181857aabf9742eef1d StaticDependenciesID=c174c30632a1e5a82065c1c87fdcd341 
Number of updated asset objects reloaded before import = 0
Number of asset objects unloaded after import = 0
========================================================================
Received Import Request.
  Time of request: 2026-09-19T15:00:29.2623551Z
  Time since last request: 0.0005708 seconds.
  importAddress: GUID: 9e60047ccc6b8422193b170d51796ed2 - Path: Packages/com.unity.collab-proxy/Editor/Assets/Images/ArrowCaretLeft@2x.png - Importer: ScriptedImporter/UnityEditor.QuickSearchModule:UnityEditor.Search:ASIAI0B
Importing 'GUID: 9e60047ccc6b8422193b170d51796ed2 - Path: Packages/com.unity.collab-proxy/Editor/Assets/Images/ArrowCaretLeft@2x.png - Importer: ScriptedImporter/UnityEditor.QuickSearchModule:UnityEditor.Search:ASIAI0B' with importer (ScriptedImporter : UnityEditor.QuickSearchModule:UnityEditor.Search:ASIAI0B)
Imported 'GUID: 9e60047ccc6b8422193b170d51796ed2' -> (Import Result ID: '6b89983dd7b253ea4e528b35779275fe') in 0.011 seconds [static and dynamic dependencies]. Details - ImportResultOutputID=a3a536a06fe038f465c5e8b600b1bcb1 DependenciesID=d0f2b1f2f5e18b52e4d6c81ab2724478 StaticDependenciesID=697528e15a2d516a516fa85c356cc787 
Number of updated asset objects reloaded before import = 0
Number of asset objects unloaded after import = 3
========================================================================
Received Import Request.
  Time of request: 2026-09-19T15:00:29.2870393Z
  Time since last request: 0.0006393 seconds.
  importAddress: GUID: f9161c6c9e06dc445ada3ee16d991f90 - Path: Packages/com.unity.collab-proxy/Editor/Assets/Images/buttonssosigninunity.png - Importer: ScriptedImporter/UnityEditor.QuickSearchModule:UnityEditor.Search:ASIAI0B
Importing 'GUID: f9161c6c9e06dc445ada3ee16d991f90 - Path: Packages/com.unity.collab-proxy/Editor/Assets/Images/buttonssosigninunity.png - Importer: ScriptedImporter/UnityEditor.QuickSearchModule:UnityEditor.Search:ASIAI0B' with importer (ScriptedImporter : UnityEditor.QuickSearchModule:UnityEditor.Search:ASIAI0B)
Imported 'GUID: f9161c6c9e06dc445ada3ee16d991f90' -> (Import Result ID: '4532fb32b7bdc656f6d044e8a3acd30b') in 0.009 seconds [static and dynamic dependencies]. Details - ImportResultOutputID=91a9df5f469b369410da3251990dac87 DependenciesID=251dd9ed6c4414ca3364e384bc6bcf7b StaticDependenciesID=143bfa60ea93c65c7748848837a84c19 
Number of updated asset objects reloaded before import = 0
Number of asset objects unloaded after import = 1
========================================================================
Received Import Request.
  Time of request: 2026-09-19T15:00:29.3140849Z
  Time since last request: 0.0006063 seconds.
  importAddress: GUID: 3389e142c33d23546a31fc469443a2c3 - Path: Packages/com.unity.collab-proxy/Editor/Views/ConfirmContinueWithPendingChangesDialog.cs - Importer: ScriptedImporter/UnityEditor.QuickSearchModule:UnityEditor.Search:ASIAI0B
Importing 'GUID: 3389e142c33d23546a31fc469443a2c3 - Path: Packages/com.unity.collab-proxy/Editor/Views/ConfirmContinueWithPendingChangesDialog.cs - Importer: ScriptedImporter/UnityEditor.QuickSearchModule:UnityEditor.Search:ASIAI0B' with importer (ScriptedImporter : UnityEditor.QuickSearchModule:UnityEditor.Search:ASIAI0B)
Imported 'GUID: 3389e142c33d23546a31fc469443a2c3' -> (Import Result ID: 'eb2046a83413f5c094fa529e5295197c') in 0.003 seconds [static and dynamic dependencies]. Details - ImportResultOutputID=9ad728c0b27198927cbb040e80c2958f DependenciesID=e58f57d9ab4cc1fab99e0d9b4101289a StaticDependenciesID=0a0cd7b7d196bab1579d35143f4888c3 
Number of updated asset objects reloaded before import = 0
Number of asset objects unloaded after import = 0
========================================================================
Received Import Request.
  Time of request: 2026-09-19T15:00:29.3335785Z
  Time since last request: 0.000633 seconds.
  importAddress: GUID: ddf2e76e8a1f88f46ae1e42277850b48 - Path: Packages/com.unity.collab-proxy/Editor/Assets/Images/buttonssosigninemail@2x.png - Importer: ScriptedImporter/UnityEditor.QuickSearchModule:UnityEditor.Search:ASIAI0B
Importing 'GUID: ddf2e76e8a1f88f46ae1e42277850b48 - Path: Packages/com.unity.collab-proxy/Editor/Assets/Images/buttonssosigninemail@2x.png - Importer: ScriptedImporter/UnityEditor.QuickSearchModule:UnityEditor.Search:ASIAI0B' with importer (ScriptedImporter : UnityEditor.QuickSearchModule:UnityEditor.Search:ASIAI0B)
Imported 'GUID: ddf2e76e8a1f88f46ae1e42277850b48' -> (Import Result ID: '4aa7c374335e3a7fb249c61a5cc013e7') in 0.009 seconds [static and dynamic dependencies]. Details - ImportResultOutputID=13684244a8dc07a424abfae0dfc8e3fe DependenciesID=538a4affa927d37f27a2d990914a1a71 StaticDependenciesID=3fe5fb247c5bf1e42ae84bd4a48ddd0c 
Number of updated asset objects reloaded before import = 0
Number of asset objects unloaded after import = 1
========================================================================
Received Import Request.
  Time of request: 2026-09-19T15:00:29.3591479Z
  Time since last request: 0.0006268 seconds.
  importAddress: GUID: a9acb575a60d7e045ad7fadd3e3e137d - Path: Packages/com.unity.collab-proxy/Editor/AssetOverlays/Cache/RemoteStatusCache.cs - Importer: ScriptedImporter/UnityEditor.QuickSearchModule:UnityEditor.Search:ASIAI0B
Importing 'GUID: a9acb575a60d7e045ad7fadd3e3e137d - Path: Packages/com.unity.collab-proxy/Editor/AssetOverlays/Cache/RemoteStatusCache.cs - Importer: ScriptedImporter/UnityEditor.QuickSearchModule:UnityEditor.Search:ASIAI0B' with importer (ScriptedImporter : UnityEditor.QuickSearchModule:UnityEditor.Search:ASIAI0B)
Imported 'GUID: a9acb575a60d7e045ad7fadd3e3e137d' -> (Import Result ID: 'f3f081b057e8e9e95bb0be6020e171b1') in 0.003 seconds [static and dynamic dependencies]. Details - ImportResultOutputID=64d83d3a0bb22967a7442b5c5883de0c DependenciesID=11cc4fed1b966cdc37d836a8fb9f5023 StaticDependenciesID=8f96027e7f96ce4dff3b394736192d12 
Number of updated asset objects reloaded before import = 0
Number of asset objects unloaded after import = 0
========================================================================
Received Import Request.
  Time of request: 2026-09-19T15:00:29.3780753Z
  Time since last request: 0.000581 seconds.
  importAddress: GUID: 8b1d1407c22e5844698f18df6a9f1781 - Path: Packages/com.unity.collab-proxy/Editor/_Deprecated/CollabPlugin.cs - Importer: ScriptedImporter/UnityEditor.QuickSearchModule:UnityEditor.Search:ASIAI0B
Importing 'GUID: 8b1d1407c22e5844698f18df6a9f1781 - Path: Packages/com.unity.collab-proxy/Editor/_Deprecated/CollabPlugin.cs - Importer: ScriptedImporter/UnityEditor.QuickSearchModule:UnityEditor.Search:ASIAI0B' with importer (ScriptedImporter : UnityEditor.QuickSearchModule:UnityEditor.Search:ASIAI0B)
Imported 'GUID: 8b1d1407c22e5844698f18df6a9f1781' -> (Import Result ID: '298d94ad27a22fb3e9686b87ee8082ca') in 0.002 seconds [static and dynamic dependencies]. Details - ImportResultOutputID=09541ee347b0da5ac18d44d24c5e1ef7 DependenciesID=18a0db514065bc5c27298ad40224c40f StaticDependenciesID=c4445851a243ddcad10b4b96b30f89fa 
Number of updated asset objects reloaded before import = 0
Number of asset objects unloaded after import = 0
========================================================================
Received Import Request.
  Time of request: 2026-09-19T15:00:29.3976891Z
  Time since last request: 0.000568 seconds.
  importAddress: GUID: d1c46ccb760d06146a24b7e265e19566 - Path: Packages/com.unity.collab-proxy/Editor/WebApi/CredentialsResponse.cs - Importer: ScriptedImporter/UnityEditor.QuickSearchModule:UnityEditor.Search:ASIAI0B
Importing 'GUID: d1c46ccb760d06146a24b7e265e19566 - Path: Packages/com.unity.collab-proxy/Editor/WebApi/CredentialsResponse.cs - Importer: ScriptedImporter/UnityEditor.QuickSearchModule:UnityEditor.Search:ASIAI0B' with importer (ScriptedImporter : UnityEditor.QuickSearchModule:UnityEditor.Search:ASIAI0B)
Imported 'GUID: d1c46ccb760d06146a24b7e265e19566' -> (Import Result ID: 'fb7fa5b3ddf308a5ea054599e547ed76') in 0.003 seconds [static and dynamic dependencies]. Details - ImportResultOutputID=1744080ee779f41fdc62512ce8277bda DependenciesID=f4b584a09ca0a18f3cdde3bb478bf17f StaticDependenciesID=737f4a1b6de8aa5c95d44ec0ba5defc9 
Number of updated asset objects reloaded before import = 0
Number of asset objects unloaded after import = 0
========================================================================
Received Import Request.
  Time of request: 2026-09-19T15:00:29.417602Z
  Time since last request: 0.0005229 seconds.
  importAddress: GUID: dda6504e0e7d670488e2fee625f7da02 - Path: Packages/com.unity.collab-proxy/Editor/Assets/Images/buttonhome.png - Importer: ScriptedImporter/UnityEditor.QuickSearchModule:UnityEditor.Search:ASIAI0B
Importing 'GUID: dda6504e0e7d670488e2fee625f7da02 - Path: Packages/com.unity.collab-proxy/Editor/Assets/Images/buttonhome.png - Importer: ScriptedImporter/UnityEditor.QuickSearchModule:UnityEditor.Search:ASIAI0B' with importer (ScriptedImporter : UnityEditor.QuickSearchModule:UnityEditor.Search:ASIAI0B)
Imported 'GUID: dda6504e0e7d670488e2fee625f7da02' -> (Import Result ID: '40db69e7ca0c53b50670f2477be44a54') in 0.016 seconds [static and dynamic dependencies]. Details - ImportResultOutputID=465d30a08dfa1048454ca9749e0163d6 DependenciesID=deaeca214616039192ec6a7a4f073eb5 StaticDependenciesID=21aafd84be689f11b33211c61d2bada7 
Number of updated asset objects reloaded before import = 0
Number of asset objects unloaded after import = 3
========================================================================
Received Import Request.
  Time of request: 2026-09-19T15:00:29.4494669Z
  Time since last request: 0.0006438 seconds.
  importAddress: GUID: be2e0deab40f1478a99038fcbc19219d - Path: Packages/com.unity.collab-proxy/Editor/Assets/Images/ArrowCaretRight@2x.png - Importer: ScriptedImporter/UnityEditor.QuickSearchModule:UnityEditor.Search:ASIAI0B
Importing 'GUID: be2e0deab40f1478a99038fcbc19219d - Path: Packages/com.unity.collab-proxy/Editor/Assets/Images/ArrowCaretRight@2x.png - Importer: ScriptedImporter/UnityEditor.QuickSearchModule:UnityEditor.Search:ASIAI0B' with importer (ScriptedImporter : UnityEditor.QuickSearchModule:UnityEditor.Search:ASIAI0B)
Imported 'GUID: be2e0deab40f1478a99038fcbc19219d' -> (Import Result ID: '3217920b27b2f62ce379d78fb93412cd') in 0.013 seconds [static and dynamic dependencies]. Details - ImportResultOutputID=ffbdd4a7a0f329fff5a07791d4d8feef DependenciesID=5ce3172505b4625e60fd7397ed2e7388 StaticDependenciesID=a99c8d9650f1aa2bff6ee35880c55c98 
Number of updated asset objects reloaded before import = 0
Number of asset objects unloaded after import = 3
========================================================================
Received Import Request.
  Time of request: 2026-09-19T15:00:29.4784081Z
  Time since last request: 0.0005356 seconds.
  importAddress: GUID: b6f88350c63b24a4abdb197bf2e86d7a - Path: Packages/com.unity.collab-proxy/Editor/Assets/Images/d_buttonhome@2x.png - Importer: ScriptedImporter/UnityEditor.QuickSearchModule:UnityEditor.Search:ASIAI0B
Importing 'GUID: b6f88350c63b24a4abdb197bf2e86d7a - Path: Packages/com.unity.collab-proxy/Editor/Assets/Images/d_buttonhome@2x.png - Importer: ScriptedImporter/UnityEditor.QuickSearchModule:UnityEditor.Search:ASIAI0B' with importer (ScriptedImporter : UnityEditor.QuickSearchModule:UnityEditor.Search:ASIAI0B)
Imported 'GUID: b6f88350c63b24a4abdb197bf2e86d7a' -> (Import Result ID: 'c67b9f067a7deb96b9980aa91d118f34') in 0.009 seconds [static and dynamic dependencies]. Details - ImportResultOutputID=8c2c90396153d1bade1f760a3d9315dd DependenciesID=06124f5f6d390c0b26abe786a355ead7 StaticDependenciesID=cc94d888f3bc13f32a501a421ba1e716 
Number of updated asset objects reloaded before import = 0
Number of asset objects unloaded after import = 3
========================================================================
Received Import Request.
  Time of request: 2026-09-19T15:00:29.5034265Z
  Time since last request: 0.0006841 seconds.
  importAddress: GUID: 3a4d62c64067bca4cbbd6f7fcad2e190 - Path: Packages/com.unity.collab-proxy/Editor/Views/DateFilter.cs - Importer: ScriptedImporter/UnityEditor.QuickSearchModule:UnityEditor.Search:ASIAI0B
Importing 'GUID: 3a4d62c64067bca4cbbd6f7fcad2e190 - Path: Packages/com.unity.collab-proxy/Editor/Views/DateFilter.cs - Importer: ScriptedImporter/UnityEditor.QuickSearchModule:UnityEditor.Search:ASIAI0B' with importer (ScriptedImporter : UnityEditor.QuickSearchModule:UnityEditor.Search:ASIAI0B)
Imported 'GUID: 3a4d62c64067bca4cbbd6f7fcad2e190' -> (Import Result ID: '3e278e8ff631fcc2ba5dcbed63f2c40a') in 0.003 seconds [static and dynamic dependencies]. Details - ImportResultOutputID=0f552ba8584fd458de1bed4b01aacaab DependenciesID=77b311b21ddcf4197e63079bd66adc04 StaticDependenciesID=73ac868e61f13bf9ef438bea47ab0ba4 
Number of updated asset objects reloaded before import = 0
Number of asset objects unloaded after import = 0
========================================================================
Received Import Request.
  Time of request: 2026-09-19T15:00:29.5237003Z
  Time since last request: 0.0007488 seconds.
  importAddress: GUID: ee8ce5cd9c0883f4182b5cfd43cfd7fe - Path: Packages/com.unity.collab-proxy/Editor/Assets/Images/buttonssosigninunity@2x.png - Importer: ScriptedImporter/UnityEditor.QuickSearchModule:UnityEditor.Search:ASIAI0B
Importing 'GUID: ee8ce5cd9c0883f4182b5cfd43cfd7fe - Path: Packages/com.unity.collab-proxy/Editor/Assets/Images/buttonssosigninunity@2x.png - Importer: ScriptedImporter/UnityEditor.QuickSearchModule:UnityEditor.Search:ASIAI0B' with importer (ScriptedImporter : UnityEditor.QuickSearchModule:UnityEditor.Search:ASIAI0B)
Imported 'GUID: ee8ce5cd9c0883f4182b5cfd43cfd7fe' -> (Import Result ID: '3f93faafa3ec8dbcf8016ef750c78338') in 0.011 seconds [static and dynamic dependencies]. Details - ImportResultOutputID=39f05c529004a896d44349bf8b7a3c64 DependenciesID=821ab2f7eb146a767a1a0c359692a4e3 StaticDependenciesID=b84e17f25cb2ed64d9445cc3ec227076 
Number of updated asset objects reloaded before import = 0
Number of asset objects unloaded after import = 3
========================================================================
Received Import Request.
  Time of request: 2026-09-19T15:00:29.5512682Z
  Time since last request: 0.0004234 seconds.
  importAddress: GUID: a55fcf87e0ee4d5a83d10fab9c9407fe - Path: Packages/com.unity.collab-proxy/Editor/Views/SelectNewCodeReviewBehavior.cs - Importer: ScriptedImporter/UnityEditor.QuickSearchModule:UnityEditor.Search:ASIAI0B
Importing 'GUID: a55fcf87e0ee4d5a83d10fab9c9407fe - Path: Packages/com.unity.collab-proxy/Editor/Views/SelectNewCodeReviewBehavior.cs - Importer: ScriptedImporter/UnityEditor.QuickSearchModule:UnityEditor.Search:ASIAI0B' with importer (ScriptedImporter : UnityEditor.QuickSearchModule:UnityEditor.Search:ASIAI0B)
Imported 'GUID: a55fcf87e0ee4d5a83d10fab9c9407fe' -> (Import Result ID: 'b6a823e6bdcceca1d7737856ead79c1c') in 0.003 seconds [static and dynamic dependencies]. Details - ImportResultOutputID=b36dc974a40e1f063102979347d8d2d8 DependenciesID=2d878df96a7583a38b2cc6ad21d460f5 StaticDependenciesID=3ad5fc261258fb7d8cd25475fc0bb4b2 
Number of updated asset objects reloaded before import = 0
Number of asset objects unloaded after import = 0
========================================================================
Received Import Request.
  Time of request: 2026-09-19T15:00:29.5732425Z
  Time since last request: 0.0006588 seconds.
  importAddress: GUID: 3f227b28cf424364489edd67fce697bc - Path: Packages/com.unity.collab-proxy/Editor/AssetOverlays/Cache/AssetStatusCache.cs - Importer: ScriptedImporter/UnityEditor.QuickSearchModule:UnityEditor.Search:ASIAI0B
Importing 'GUID: 3f227b28cf424364489edd67fce697bc - Path: Packages/com.unity.collab-proxy/Editor/AssetOverlays/Cache/AssetStatusCache.cs - Importer: ScriptedImporter/UnityEditor.QuickSearchModule:UnityEditor.Search:ASIAI0B' with importer (ScriptedImporter : UnityEditor.QuickSearchModule:UnityEditor.Search:ASIAI0B)
Imported 'GUID: 3f227b28cf424364489edd67fce697bc' -> (Import Result ID: '531f7e5dd9e76b336f3fc320c5bccfe7') in 0.003 seconds [static and dynamic dependencies]. Details - ImportResultOutputID=8dd6de8f9cac778772ba583abffa7e2b DependenciesID=b02ac77992ca5aa0068a1d0df24d82f3 StaticDependenciesID=695660a4174bd3c729f40b6ff5431c46 
Number of updated asset objects reloaded before import = 0
Number of asset objects unloaded after import = 0
========================================================================
Received Import Request.
  Time of request: 2026-09-19T15:00:29.5929327Z
  Time since last request: 0.0008088 seconds.
  importAddress: GUID: 678db227e4ffec949980d309c0532b08 - Path: Packages/com.unity.collab-proxy/Editor/AssetMenu/Dialogs/CheckinDialog.cs - Importer: ScriptedImporter/UnityEditor.QuickSearchModule:UnityEditor.Search:ASIAI0B
Importing 'GUID: 678db227e4ffec949980d309c0532b08 - Path: Packages/com.unity.collab-proxy/Editor/AssetMenu/Dialogs/CheckinDialog.cs - Importer: ScriptedImporter/UnityEditor.QuickSearchModule:UnityEditor.Search:ASIAI0B' with importer (ScriptedImporter : UnityEditor.QuickSearchModule:UnityEditor.Search:ASIAI0B)
Imported 'GUID: 678db227e4ffec949980d309c0532b08' -> (Import Result ID: '789b0a26b6dd822baed3d5eba642fcf3') in 0.004 seconds [static and dynamic dependencies]. Details - ImportResultOutputID=3fd91294a239c99f8524949c36338021 DependenciesID=d14bd83e65270d500346fe5491f1c7e6 StaticDependenciesID=b43eb5418f305cdd7683abb046a7138e 
Number of updated asset objects reloaded before import = 0
Number of asset objects unloaded after import = 0
========================================================================
Received Import Request.
  Time of request: 2026-09-19T15:00:29.6157934Z
  Time since last request: 0.0005401 seconds.
  importAddress: GUID: f4d4cddc7d40e49e18d2253e661465b2 - Path: Packages/com.unity.collab-proxy/Editor/Assets/Images/d_ArrowCaretRight.png - Importer: ScriptedImporter/UnityEditor.QuickSearchModule:UnityEditor.Search:ASIAI0B
Importing 'GUID: f4d4cddc7d40e49e18d2253e661465b2 - Path: Packages/com.unity.collab-proxy/Editor/Assets/Images/d_ArrowCaretRight.png - Importer: ScriptedImporter/UnityEditor.QuickSearchModule:UnityEditor.Search:ASIAI0B' with importer (ScriptedImporter : UnityEditor.QuickSearchModule:UnityEditor.Search:ASIAI0B)
Imported 'GUID: f4d4cddc7d40e49e18d2253e661465b2' -> (Import Result ID: 'd68d3f3c07f9650fa571c142155635eb') in 0.010 seconds [static and dynamic dependencies]. Details - ImportResultOutputID=f9119f2480f253e14aaabdf10b3c055c DependenciesID=0d025dd74be8654dd838637c62f8bae4 StaticDependenciesID=a827abe8f22e5484fb5ff6b8b4215c4d 
Number of updated asset objects reloaded before import = 0
Number of asset objects unloaded after import = 3
========================================================================
Received Import Request.
  Time of request: 2026-09-19T15:00:29.6458606Z
  Time since last request: 0.0006029 seconds.
  importAddress: GUID: 9e56b150f059e654b911faff982eacf8 - Path: Packages/com.unity.collab-proxy/Editor/_Deprecated/README.md - Importer: ScriptedImporter/UnityEditor.QuickSearchModule:UnityEditor.Search:ASIAI0B
Importing 'GUID: 9e56b150f059e654b911faff982eacf8 - Path: Packages/com.unity.collab-proxy/Editor/_Deprecated/README.md - Importer: ScriptedImporter/UnityEditor.QuickSearchModule:UnityEditor.Search:ASIAI0B' with importer (ScriptedImporter : UnityEditor.QuickSearchModule:UnityEditor.Search:ASIAI0B)
Imported 'GUID: 9e56b150f059e654b911faff982eacf8' -> (Import Result ID: '73909c5a800cc70e310463e394e204c6') in 0.004 seconds [static and dynamic dependencies]. Details - ImportResultOutputID=05e823f14ea15a3aa25fb759865b320f DependenciesID=b030123524247d38d391d7f555906a63 StaticDependenciesID=75398a45c7404b8d31dafeba4e6c349a 
Number of updated asset objects reloaded before import = 0
Number of asset objects unloaded after import = 1
========================================================================
Received Import Request.
  Time of request: 2026-09-19T15:00:29.6679009Z
  Time since last request: 0.0006073 seconds.
  importAddress: GUID: f3cad5fee9fee5945b13e7e3518afb1b - Path: Packages/com.unity.collab-proxy/Lib/Editor/Unity.Plastic.Antlr3.Runtime.dll - Importer: ScriptedImporter/UnityEditor.QuickSearchModule:UnityEditor.Search:ASIAI0B
Importing 'GUID: f3cad5fee9fee5945b13e7e3518afb1b - Path: Packages/com.unity.collab-proxy/Lib/Editor/Unity.Plastic.Antlr3.Runtime.dll - Importer: ScriptedImporter/UnityEditor.QuickSearchModule:UnityEditor.Search:ASIAI0B' with importer (ScriptedImporter : UnityEditor.QuickSearchModule:UnityEditor.Search:ASIAI0B)
Imported 'GUID: f3cad5fee9fee5945b13e7e3518afb1b' -> (Import Result ID: 'cabc3ba49da9b8df1250047969f17011') in 0.006 seconds [static and dynamic dependencies]. Details - ImportResultOutputID=210a95df32ec81fbc726cb0913e2642d DependenciesID=ef2a1c6a2a4b6bc56e12fb9ad5c5b423 StaticDependenciesID=1d99495b2430c499120fe9d45ab24e85 
Number of updated asset objects reloaded before import = 0
Number of asset objects unloaded after import = 0
========================================================================
Received Import Request.
  Time of request: 2026-09-19T15:00:29.6947408Z
  Time since last request: 0.0007743 seconds.
  importAddress: GUID: 226459a134855504d841db6b61519d2b - Path: Packages/com.unity.collab-proxy/Editor/AssetOverlays/Cache/LocalStatusCache.cs - Importer: ScriptedImporter/UnityEditor.QuickSearchModule:UnityEditor.Search:ASIAI0B
Importing 'GUID: 226459a134855504d841db6b61519d2b - Path: Packages/com.unity.collab-proxy/Editor/AssetOverlays/Cache/LocalStatusCache.cs - Importer: ScriptedImporter/UnityEditor.QuickSearchModule:UnityEditor.Search:ASIAI0B' with importer (ScriptedImporter : UnityEditor.QuickSearchModule:UnityEditor.Search:ASIAI0B)
Imported 'GUID: 226459a134855504d841db6b61519d2b' -> (Import Result ID: '77d83b2b88b43caf137fd5cb76b3ddfa') in 0.003 seconds [static and dynamic dependencies]. Details - ImportResultOutputID=49366799a9123c5ebff59260517ee6ad DependenciesID=02e96ef990e3f0a57d65fe54bf630504 StaticDependenciesID=abb07cb4da9db06d319934e340fe1d7e 
Number of updated asset objects reloaded before import = 0
Number of asset objects unloaded after import = 0
========================================================================
Received Import Request.
  Time of request: 2026-09-19T15:00:29.7185185Z
  Time since last request: 0.000602 seconds.
  importAddress: GUID: 5bbb26813ae33c64d8937661111fb3c6 - Path: Packages/com.unity.collab-proxy/Editor/UVCSToolbar/UVCSToolbarButtonData.cs - Importer: ScriptedImporter/UnityEditor.QuickSearchModule:UnityEditor.Search:ASIAI0B
Importing 'GUID: 5bbb26813ae33c64d8937661111fb3c6 - Path: Packages/com.unity.collab-proxy/Editor/UVCSToolbar/UVCSToolbarButtonData.cs - Importer: ScriptedImporter/UnityEditor.QuickSearchModule:UnityEditor.Search:ASIAI0B' with importer (ScriptedImporter : UnityEditor.QuickSearchModule:UnityEditor.Search:ASIAI0B)
Imported 'GUID: 5bbb26813ae33c64d8937661111fb3c6' -> (Import Result ID: '6a291a912bfabbe0751d578453822569') in 0.004 seconds [static and dynamic dependencies]. Details - ImportResultOutputID=d0005ded299910bdae48934907f6ea54 DependenciesID=226cac58265b246c76bc7c41ee72a9a0 StaticDependenciesID=8aa6038e6991ca91b88d18de893e1064 
Number of updated asset objects reloaded before import = 0
Number of asset objects unloaded after import = 0
========================================================================
Received Import Request.
  Time of request: 2026-09-19T15:00:29.741102Z
  Time since last request: 0.000891 seconds.
  importAddress: GUID: 992242bf8b23e574bbc95a128844c481 - Path: Packages/com.unity.collab-proxy/Lib/Editor/FileSystemWatcherLicense.txt - Importer: ScriptedImporter/UnityEditor.QuickSearchModule:UnityEditor.Search:ASIAI0B
Importing 'GUID: 992242bf8b23e574bbc95a128844c481 - Path: Packages/com.unity.collab-proxy/Lib/Editor/FileSystemWatcherLicense.txt - Importer: ScriptedImporter/UnityEditor.QuickSearchModule:UnityEditor.Search:ASIAI0B' with importer (ScriptedImporter : UnityEditor.QuickSearchModule:UnityEditor.Search:ASIAI0B)
Imported 'GUID: 992242bf8b23e574bbc95a128844c481' -> (Import Result ID: '6aa739c2e5d67dc2c25cf7c25c310484') in 0.004 seconds [static and dynamic dependencies]. Details - ImportResultOutputID=8c1e2a821289136763df57bf3768e137 DependenciesID=7158eabb1b1bd5f80b0c0db9b72fa7ca StaticDependenciesID=f2729c8c504d3ba11331c1ea82e71cfa 
Number of updated asset objects reloaded before import = 0
Number of asset objects unloaded after import = 1
========================================================================
Received Import Request.
  Time of request: 2026-09-19T15:00:29.7643276Z
  Time since last request: 0.0004713 seconds.
  importAddress: GUID: ec597fbbebec64e4f8725c31ce52fdb7 - Path: Packages/com.unity.collab-proxy/Editor/Assets/Images/d_hideversioncontrol.png - Importer: ScriptedImporter/UnityEditor.QuickSearchModule:UnityEditor.Search:ASIAI0B
Importing 'GUID: ec597fbbebec64e4f8725c31ce52fdb7 - Path: Packages/com.unity.collab-proxy/Editor/Assets/Images/d_hideversioncontrol.png - Importer: ScriptedImporter/UnityEditor.QuickSearchModule:UnityEditor.Search:ASIAI0B' with importer (ScriptedImporter : UnityEditor.QuickSearchModule:UnityEditor.Search:ASIAI0B)
Imported 'GUID: ec597fbbebec64e4f8725c31ce52fdb7' -> (Import Result ID: 'c4279a8ccbae8a6f3045e10aae997f62') in 0.008 seconds [static and dynamic dependencies]. Details - ImportResultOutputID=93bb73f3dc845f182fa3723c6e0fb098 DependenciesID=aa04c7788bf27e45c805032085ea48a9 StaticDependenciesID=52dff73f1d13a5fe63a51067258af719 
Number of updated asset objects reloaded before import = 0
Number of asset objects unloaded after import = 3
========================================================================
Received Import Request.
  Time of request: 2026-09-19T15:00:29.8001689Z
  Time since last request: 0.0103244 seconds.
  importAddress: GUID: b76c20add7d3d4f79afcbafeaa12e974 - Path: Packages/com.unity.collab-proxy/Editor/Assets/Images/d_iconchangesets@2x.png - Importer: ScriptedImporter/UnityEditor.QuickSearchModule:UnityEditor.Search:ASIAI0B
Importing 'GUID: b76c20add7d3d4f79afcbafeaa12e974 - Path: Packages/com.unity.collab-proxy/Editor/Assets/Images/d_iconchangesets@2x.png - Importer: ScriptedImporter/UnityEditor.QuickSearchModule:UnityEditor.Search:ASIAI0B' with importer (ScriptedImporter : UnityEditor.QuickSearchModule:UnityEditor.Search:ASIAI0B)
Imported 'GUID: b76c20add7d3d4f79afcbafeaa12e974' -> (Import Result ID: '2ff3fed1a14c9ccfa8e3bcde3d6b8323') in 0.009 seconds [static and dynamic dependencies]. Details - ImportResultOutputID=0360d47328bda620f1a1d681592bf7eb DependenciesID=61d1dc550ebad973a37d024953174321 StaticDependenciesID=0fc01b0ac1ac1cf161a53d1120772435 
Number of updated asset objects reloaded before import = 0
Number of asset objects unloaded after import = 3
========================================================================
Received Import Request.
  Time of request: 2026-09-19T15:00:29.8338692Z
  Time since last request: 0.0004776 seconds.
  importAddress: GUID: 874d8401331ede14087e8d8d486ddda6 - Path: Packages/com.unity.collab-proxy/Editor/Assets/Images/d_iconbranches@2x.png - Importer: ScriptedImporter/UnityEditor.QuickSearchModule:UnityEditor.Search:ASIAI0B
Importing 'GUID: 874d8401331ede14087e8d8d486ddda6 - Path: Packages/com.unity.collab-proxy/Editor/Assets/Images/d_iconbranches@2x.png - Importer: ScriptedImporter/UnityEditor.QuickSearchModule:UnityEditor.Search:ASIAI0B' with importer (ScriptedImporter : UnityEditor.QuickSearchModule:UnityEditor.Search:ASIAI0B)
Imported 'GUID: 874d8401331ede14087e8d8d486ddda6' -> (Import Result ID: 'cafc3083283f9c93627ceea7dc0287c0') in 0.016 seconds [static and dynamic dependencies]. Details - ImportResultOutputID=3d9c5dfc20eabfc81a4b47fa433c7f8c DependenciesID=1a09cbb6ac159a868ce179966118e507 StaticDependenciesID=ef8783e52451ee709c9dc208e2055f7c 
Number of updated asset objects reloaded before import = 0
Number of asset objects unloaded after import = 1
========================================================================
Received Import Request.
  Time of request: 2026-09-19T15:00:29.8700003Z
  Time since last request: 0.0007196 seconds.
  importAddress: GUID: 612c5e166a121e3449dad067fbdc37a4 - Path: Packages/com.unity.collab-proxy/Editor/Assets/Images/d_iconbranches.png - Importer: ScriptedImporter/UnityEditor.QuickSearchModule:UnityEditor.Search:ASIAI0B
Importing 'GUID: 612c5e166a121e3449dad067fbdc37a4 - Path: Packages/com.unity.collab-proxy/Editor/Assets/Images/d_iconbranches.png - Importer: ScriptedImporter/UnityEditor.QuickSearchModule:UnityEditor.Search:ASIAI0B' with importer (ScriptedImporter : UnityEditor.QuickSearchModule:UnityEditor.Search:ASIAI0B)
Imported 'GUID: 612c5e166a121e3449dad067fbdc37a4' -> (Import Result ID: '5dbdc85dc94f16e36e006093b7d150d8') in 0.013 seconds [static and dynamic dependencies]. Details - ImportResultOutputID=58de8f004d25208d834c01e51b0d67b6 DependenciesID=3fdf541d1bfbd7de59ed05bcea96ec4a StaticDependenciesID=f7e20242dce0822c6ac30e4ca3fc0190 
Number of updated asset objects reloaded before import = 0
Number of asset objects unloaded after import = 1
========================================================================
Received Import Request.
  Time of request: 2026-09-19T15:00:29.9058918Z
  Time since last request: 0.0005283 seconds.
  importAddress: GUID: 1046ed65e6aaffb4391378f6d08d6c14 - Path: Packages/com.unity.collab-proxy/Editor/Assets/Images/d_iconlockedremoteoverlay.png - Importer: ScriptedImporter/UnityEditor.QuickSearchModule:UnityEditor.Search:ASIAI0B
Importing 'GUID: 1046ed65e6aaffb4391378f6d08d6c14 - Path: Packages/com.unity.collab-proxy/Editor/Assets/Images/d_iconlockedremoteoverlay.png - Importer: ScriptedImporter/UnityEditor.QuickSearchModule:UnityEditor.Search:ASIAI0B' with importer (ScriptedImporter : UnityEditor.QuickSearchModule:UnityEditor.Search:ASIAI0B)
Imported 'GUID: 1046ed65e6aaffb4391378f6d08d6c14' -> (Import Result ID: '22a51803291705cafb42e1286d588e74') in 0.014 seconds [static and dynamic dependencies]. Details - ImportResultOutputID=c9435f6c1a3db527f4ea6d6e6fc37470 DependenciesID=e47c8ac7ff513c1e239367f7def2373e StaticDependenciesID=fb29ed2e3f65a826fa7ee4da8938a90b 
Number of updated asset objects reloaded before import = 0
Number of asset objects unloaded after import = 1
========================================================================
Received Import Request.
  Time of request: 2026-09-19T15:00:29.9413652Z
  Time since last request: 0.0011298 seconds.
  importAddress: GUID: a3ced8f7044b9de4787602a9e9b20ea7 - Path: Packages/com.unity.collab-proxy/Editor/Assets/Images/d_iconconflictedoverlay@2x.png - Importer: ScriptedImporter/UnityEditor.QuickSearchModule:UnityEditor.Search:ASIAI0B
Importing 'GUID: a3ced8f7044b9de4787602a9e9b20ea7 - Path: Packages/com.unity.collab-proxy/Editor/Assets/Images/d_iconconflictedoverlay@2x.png - Importer: ScriptedImporter/UnityEditor.QuickSearchModule:UnityEditor.Search:ASIAI0B' with importer (ScriptedImporter : UnityEditor.QuickSearchModule:UnityEditor.Search:ASIAI0B)
Imported 'GUID: a3ced8f7044b9de4787602a9e9b20ea7' -> (Import Result ID: 'f4ea54d3d00b840bda788a965b78c2ac') in 0.010 seconds [static and dynamic dependencies]. Details - ImportResultOutputID=c171a71c1adc77498699db3ea3be99f5 DependenciesID=51c267768b2612a682fd11a81660bc93 StaticDependenciesID=0f7b96dda5b857eaae839a4a25d1f300 
Number of updated asset objects reloaded before import = 0
Number of asset objects unloaded after import = 1
========================================================================
Received Import Request.
  Time of request: 2026-09-19T15:00:29.9695835Z
  Time since last request: 0.0006554 seconds.
  importAddress: GUID: 8b32b34c806b4de4cb7f04b3344b6966 - Path: Packages/com.unity.collab-proxy/Editor/Assets/Images/d_iconclouddriveview.png - Importer: ScriptedImporter/UnityEditor.QuickSearchModule:UnityEditor.Search:ASIAI0B
Importing 'GUID: 8b32b34c806b4de4cb7f04b3344b6966 - Path: Packages/com.unity.collab-proxy/Editor/Assets/Images/d_iconclouddriveview.png - Importer: ScriptedImporter/UnityEditor.QuickSearchModule:UnityEditor.Search:ASIAI0B' with importer (ScriptedImporter : UnityEditor.QuickSearchModule:UnityEditor.Search:ASIAI0B)
Imported 'GUID: 8b32b34c806b4de4cb7f04b3344b6966' -> (Import Result ID: '70a32cc9db59cd99a97a781a2bb98e73') in 0.014 seconds [static and dynamic dependencies]. Details - ImportResultOutputID=f94423d631ad907c7ebf7a7ee116ae41 DependenciesID=62adcecf2deb29c263595ca4ee981987 StaticDependenciesID=73c75e0d87a1dd090b1613cc4dcfbf95 
Number of updated asset objects reloaded before import = 0
Number of asset objects unloaded after import = 3
========================================================================
Received Import Request.
  Time of request: 2026-09-19T15:00:30.0052986Z
  Time since last request: 0.0004513 seconds.
  importAddress: GUID: 55747841a2e3b47dab36dc8d5e0dc4df - Path: Packages/com.unity.collab-proxy/Editor/Assets/Images/d_iconlock@2x.png - Importer: ScriptedImporter/UnityEditor.QuickSearchModule:UnityEditor.Search:ASIAI0B
Importing 'GUID: 55747841a2e3b47dab36dc8d5e0dc4df - Path: Packages/com.unity.collab-proxy/Editor/Assets/Images/d_iconlock@2x.png - Importer: ScriptedImporter/UnityEditor.QuickSearchModule:UnityEditor.Search:ASIAI0B' with importer (ScriptedImporter : UnityEditor.QuickSearchModule:UnityEditor.Search:ASIAI0B)
Imported 'GUID: 55747841a2e3b47dab36dc8d5e0dc4df' -> (Import Result ID: 'd685d0cc8aa6999753b964e861506de2') in 0.013 seconds [static and dynamic dependencies]. Details - ImportResultOutputID=027ae87ae18a219d4067cf42b4ca0b88 DependenciesID=bd808ba9cdef60a0cfbc61ae632a6e2b StaticDependenciesID=df39a806d8e873b917dff18fba0da81b 
Number of updated asset objects reloaded before import = 0
Number of asset objects unloaded after import = 3
========================================================================
Received Import Request.
  Time of request: 2026-09-19T15:00:30.0358556Z
  Time since last request: 0.0005192 seconds.
  importAddress: GUID: 4d122458f85ea4e1d9e853cfb7539f46 - Path: Packages/com.unity.collab-proxy/Editor/Assets/Images/d_iconarrowdown.png - Importer: ScriptedImporter/UnityEditor.QuickSearchModule:UnityEditor.Search:ASIAI0B
Importing 'GUID: 4d122458f85ea4e1d9e853cfb7539f46 - Path: Packages/com.unity.collab-proxy/Editor/Assets/Images/d_iconarrowdown.png - Importer: ScriptedImporter/UnityEditor.QuickSearchModule:UnityEditor.Search:ASIAI0B' with importer (ScriptedImporter : UnityEditor.QuickSearchModule:UnityEditor.Search:ASIAI0B)
Imported 'GUID: 4d122458f85ea4e1d9e853cfb7539f46' -> (Import Result ID: '63448051bb26614f3e6f0f249fdbc1a4') in 0.012 seconds [static and dynamic dependencies]. Details - ImportResultOutputID=d872d4dc4a7744a79e82b851e4306b55 DependenciesID=44809b46bf7f069cac7aef1cc971c149 StaticDependenciesID=1705df769179d0e93408ee982b0bf0c8 
Number of updated asset objects reloaded before import = 0
Number of asset objects unloaded after import = 3
========================================================================
Received Import Request.
  Time of request: 2026-09-19T15:00:30.0610653Z
  Time since last request: 0.0003697 seconds.
  importAddress: GUID: 4aa6f152b3bc842a6b793662d8374cf1 - Path: Packages/com.unity.collab-proxy/Editor/Assets/Images/d_iconfirst.png - Importer: ScriptedImporter/UnityEditor.QuickSearchModule:UnityEditor.Search:ASIAI0B
Importing 'GUID: 4aa6f152b3bc842a6b793662d8374cf1 - Path: Packages/com.unity.collab-proxy/Editor/Assets/Images/d_iconfirst.png - Importer: ScriptedImporter/UnityEditor.QuickSearchModule:UnityEditor.Search:ASIAI0B' with importer (ScriptedImporter : UnityEditor.QuickSearchModule:UnityEditor.Search:ASIAI0B)
Imported 'GUID: 4aa6f152b3bc842a6b793662d8374cf1' -> (Import Result ID: 'bbb936b4c57a5804ba5d57b99878cac5') in 0.009 seconds [static and dynamic dependencies]. Details - ImportResultOutputID=7b0d4db305c6fbf486b9a2cbd61ba4c7 DependenciesID=d0be4485bbebcf236dd0a40fc63706b7 StaticDependenciesID=e8b67d272e26b5722452f34d7c14660c 
Number of updated asset objects reloaded before import = 0
Number of asset objects unloaded after import = 3
========================================================================
Received Import Request.
  Time of request: 2026-09-19T15:00:30.0867956Z
  Time since last request: 0.0005295 seconds.
  importAddress: GUID: b0e7ed213bccf484e89c4261a7e16f66 - Path: Packages/com.unity.collab-proxy/Editor/Assets/Images/d_iconedit.png - Importer: ScriptedImporter/UnityEditor.QuickSearchModule:UnityEditor.Search:ASIAI0B
Importing 'GUID: b0e7ed213bccf484e89c4261a7e16f66 - Path: Packages/com.unity.collab-proxy/Editor/Assets/Images/d_iconedit.png - Importer: ScriptedImporter/UnityEditor.QuickSearchModule:UnityEditor.Search:ASIAI0B' with importer (ScriptedImporter : UnityEditor.QuickSearchModule:UnityEditor.Search:ASIAI0B)
Imported 'GUID: b0e7ed213bccf484e89c4261a7e16f66' -> (Import Result ID: '6521cbd93a1190fc707042b6c714dc8f') in 0.010 seconds [static and dynamic dependencies]. Details - ImportResultOutputID=fbd940744faf9b517bd88e18a2b97dd4 DependenciesID=349e601d52030a65953dab1ab53eff9b StaticDependenciesID=8f5d004c37bd733cf88357188eee2dde 
Number of updated asset objects reloaded before import = 0
Number of asset objects unloaded after import = 3
========================================================================
Received Import Request.
  Time of request: 2026-09-19T15:00:30.1141308Z
  Time since last request: 0.0004681 seconds.
  importAddress: GUID: 267a89f787a621e4290fbff7a5442750 - Path: Packages/com.unity.collab-proxy/Editor/Assets/Images/d_iconbranch@2x.png - Importer: ScriptedImporter/UnityEditor.QuickSearchModule:UnityEditor.Search:ASIAI0B
Importing 'GUID: 267a89f787a621e4290fbff7a5442750 - Path: Packages/com.unity.collab-proxy/Editor/Assets/Images/d_iconbranch@2x.png - Importer: ScriptedImporter/UnityEditor.QuickSearchModule:UnityEditor.Search:ASIAI0B' with importer (ScriptedImporter : UnityEditor.QuickSearchModule:UnityEditor.Search:ASIAI0B)
Imported 'GUID: 267a89f787a621e4290fbff7a5442750' -> (Import Result ID: '40532473c2a3f787e1041244450ed66b') in 0.010 seconds [static and dynamic dependencies]. Details - ImportResultOutputID=31c8207378eae3f07004ed5a6a889f25 DependenciesID=b422f066f23ea52939dac5fd69e5e165 StaticDependenciesID=204eb4e32d5dc24e5bafaa606dbb5c9b 
Number of updated asset objects reloaded before import = 0
Number of asset objects unloaded after import = 3
========================================================================
Received Import Request.
  Time of request: 2026-09-19T15:00:30.1391844Z
  Time since last request: 0.0005341 seconds.
  importAddress: GUID: 7843fb01e5ee34be0a20027af3edab78 - Path: Packages/com.unity.collab-proxy/Editor/Assets/Images/d_iconheckmark.png - Importer: ScriptedImporter/UnityEditor.QuickSearchModule:UnityEditor.Search:ASIAI0B
Importing 'GUID: 7843fb01e5ee34be0a20027af3edab78 - Path: Packages/com.unity.collab-proxy/Editor/Assets/Images/d_iconheckmark.png - Importer: ScriptedImporter/UnityEditor.QuickSearchModule:UnityEditor.Search:ASIAI0B' with importer (ScriptedImporter : UnityEditor.QuickSearchModule:UnityEditor.Search:ASIAI0B)
Imported 'GUID: 7843fb01e5ee34be0a20027af3edab78' -> (Import Result ID: '7c7ff2f56a147909c5c9aeaed0890a6c') in 0.011 seconds [static and dynamic dependencies]. Details - ImportResultOutputID=8c19a0b5e90d3675f14c2a6f263fb07a DependenciesID=c640ad8c182ab9386ea76ac72cd4ffcb StaticDependenciesID=e0932f33f221be9d64a1f94df4a5d3ea 
Number of updated asset objects reloaded before import = 0
Number of asset objects unloaded after import = 3
========================================================================
Received Import Request.
  Time of request: 2026-09-19T15:00:30.166303Z
  Time since last request: 0.0003229 seconds.
  importAddress: GUID: 4da274d970a82a943ae3979e7833f3dd - Path: Packages/com.unity.collab-proxy/Editor/Assets/Images/d_icondeletedlocaloverlay.png - Importer: ScriptedImporter/UnityEditor.QuickSearchModule:UnityEditor.Search:ASIAI0B
Importing 'GUID: 4da274d970a82a943ae3979e7833f3dd - Path: Packages/com.unity.collab-proxy/Editor/Assets/Images/d_icondeletedlocaloverlay.png - Importer: ScriptedImporter/UnityEditor.QuickSearchModule:UnityEditor.Search:ASIAI0B' with importer (ScriptedImporter : UnityEditor.QuickSearchModule:UnityEditor.Search:ASIAI0B)
Imported 'GUID: 4da274d970a82a943ae3979e7833f3dd' -> (Import Result ID: '01c973091fe782ae75884bf2fa72309f') in 0.010 seconds [static and dynamic dependencies]. Details - ImportResultOutputID=9db958b14f2074fd815acd91dec67a3b DependenciesID=fac31a3cfa81a5409e7a2dbccdd92651 StaticDependenciesID=c1e3166876d4eee35ec4909f501efb6a 
Number of updated asset objects reloaded before import = 0
Number of asset objects unloaded after import = 1
========================================================================
Received Import Request.
  Time of request: 2026-09-19T15:00:30.195853Z
  Time since last request: 0.0006 seconds.
  importAddress: GUID: 9aebd705574f9e642aef1e5f59b3e4d8 - Path: Packages/com.unity.collab-proxy/Editor/Assets/Images/d_iconemptygravatar.png - Importer: ScriptedImporter/UnityEditor.QuickSearchModule:UnityEditor.Search:ASIAI0B
Importing 'GUID: 9aebd705574f9e642aef1e5f59b3e4d8 - Path: Packages/com.unity.collab-proxy/Editor/Assets/Images/d_iconemptygravatar.png - Importer: ScriptedImporter/UnityEditor.QuickSearchModule:UnityEditor.Search:ASIAI0B' with importer (ScriptedImporter : UnityEditor.QuickSearchModule:UnityEditor.Search:ASIAI0B)
Imported 'GUID: 9aebd705574f9e642aef1e5f59b3e4d8' -> (Import Result ID: 'ffe09b3239ea5a3b8efa425b40e743d3') in 0.008 seconds [static and dynamic dependencies]. Details - ImportResultOutputID=5b070136bbff1431cd011f6dbaea20fb DependenciesID=ddf1df16fc33520e7d7e1ab6719bc36c StaticDependenciesID=a6e459646e43a789b7cd86c6bbec79e6 
Number of updated asset objects reloaded before import = 0
Number of asset objects unloaded after import = 1
========================================================================
Received Import Request.
  Time of request: 2026-09-19T15:00:30.2213789Z
  Time since last request: 0.0005338 seconds.
  importAddress: GUID: 49deb65084c2f495d8ee4d010ad486c2 - Path: Packages/com.unity.collab-proxy/Editor/Assets/Images/d_icondiff.png - Importer: ScriptedImporter/UnityEditor.QuickSearchModule:UnityEditor.Search:ASIAI0B
Importing 'GUID: 49deb65084c2f495d8ee4d010ad486c2 - Path: Packages/com.unity.collab-proxy/Editor/Assets/Images/d_icondiff.png - Importer: ScriptedImporter/UnityEditor.QuickSearchModule:UnityEditor.Search:ASIAI0B' with importer (ScriptedImporter : UnityEditor.QuickSearchModule:UnityEditor.Search:ASIAI0B)
Imported 'GUID: 49deb65084c2f495d8ee4d010ad486c2' -> (Import Result ID: 'd9a862088f96edd0918d8c15e2d99686') in 0.010 seconds [static and dynamic dependencies]. Details - ImportResultOutputID=ba93efd0f6cd09a06ebad5cc3f655f57 DependenciesID=e7f9bccffd3c654a138b1ec355f87e9a StaticDependenciesID=8720aaaf6a6ed3acea3b4518874e5dbe 
Number of updated asset objects reloaded before import = 0
Number of asset objects unloaded after import = 3
========================================================================
Received Import Request.
  Time of request: 2026-09-19T15:00:30.248401Z
  Time since last request: 0.0005416 seconds.
  importAddress: GUID: ae53a7884da90e94eb5dfeab594b746c - Path: Packages/com.unity.collab-proxy/Editor/Assets/Images/d_iconlockedlocaloverlay@2x.png - Importer: ScriptedImporter/UnityEditor.QuickSearchModule:UnityEditor.Search:ASIAI0B
Importing 'GUID: ae53a7884da90e94eb5dfeab594b746c - Path: Packages/com.unity.collab-proxy/Editor/Assets/Images/d_iconlockedlocaloverlay@2x.png - Importer: ScriptedImporter/UnityEditor.QuickSearchModule:UnityEditor.Search:ASIAI0B' with importer (ScriptedImporter : UnityEditor.QuickSearchModule:UnityEditor.Search:ASIAI0B)
Imported 'GUID: ae53a7884da90e94eb5dfeab594b746c' -> (Import Result ID: '19442af7cfe90b1bffed9dd4dcc6fb0d') in 0.009 seconds [static and dynamic dependencies]. Details - ImportResultOutputID=fa282c182507584ba4cddd01f6f3bfcb DependenciesID=8574d1de4c449d083cc57a40d7738935 StaticDependenciesID=744d8340977742da47a7f81e85d087b3 
Number of updated asset objects reloaded before import = 0
Number of asset objects unloaded after import = 1
========================================================================
Received Import Request.
  Time of request: 2026-09-19T15:00:30.2758906Z
  Time since last request: 0.0005707 seconds.
  importAddress: GUID: 65f0e363b74cf5845ab8c3fbc14f39ac - Path: Packages/com.unity.collab-proxy/Editor/Assets/Images/d_iconconflicted@2x.png - Importer: ScriptedImporter/UnityEditor.QuickSearchModule:UnityEditor.Search:ASIAI0B
Importing 'GUID: 65f0e363b74cf5845ab8c3fbc14f39ac - Path: Packages/com.unity.collab-proxy/Editor/Assets/Images/d_iconconflicted@2x.png - Importer: ScriptedImporter/UnityEditor.QuickSearchModule:UnityEditor.Search:ASIAI0B' with importer (ScriptedImporter : UnityEditor.QuickSearchModule:UnityEditor.Search:ASIAI0B)
Imported 'GUID: 65f0e363b74cf5845ab8c3fbc14f39ac' -> (Import Result ID: 'e1159a099e348b35d16f48b3a737c378') in 0.009 seconds [static and dynamic dependencies]. Details - ImportResultOutputID=aee3fd3d93a292fab522f19e93f01edf DependenciesID=7a8837de6f920d753fffbb573cd4e139 StaticDependenciesID=dfa57374f97ea4aec2d1cc3c5c5a377e 
Number of updated asset objects reloaded before import = 0
Number of asset objects unloaded after import = 1
========================================================================
Received Import Request.
  Time of request: 2026-09-19T15:00:30.3013716Z
  Time since last request: 0.0004404 seconds.
  importAddress: GUID: 0ac55f9f886d827408c102bdf33c5ff7 - Path: Packages/com.unity.collab-proxy/Editor/Assets/Images/d_iconemptygravatar@2x.png - Importer: ScriptedImporter/UnityEditor.QuickSearchModule:UnityEditor.Search:ASIAI0B
Importing 'GUID: 0ac55f9f886d827408c102bdf33c5ff7 - Path: Packages/com.unity.collab-proxy/Editor/Assets/Images/d_iconemptygravatar@2x.png - Importer: ScriptedImporter/UnityEditor.QuickSearchModule:UnityEditor.Search:ASIAI0B' with importer (ScriptedImporter : UnityEditor.QuickSearchModule:UnityEditor.Search:ASIAI0B)
Imported 'GUID: 0ac55f9f886d827408c102bdf33c5ff7' -> (Import Result ID: 'e0b4943eb01a319abcade88606952f76') in 0.011 seconds [static and dynamic dependencies]. Details - ImportResultOutputID=74502387aad3d47f4c826e574110f772 DependenciesID=0109da03495ec2091245636aae27224e StaticDependenciesID=0748daf2cd5950f826e698f91e471c98 
Number of updated asset objects reloaded before import = 0
Number of asset objects unloaded after import = 1
========================================================================
Received Import Request.
  Time of request: 2026-09-19T15:00:30.3322435Z
  Time since last request: 0.0004724 seconds.
  importAddress: GUID: 8d98ab6168c3e91439339f1908b8fe97 - Path: Packages/com.unity.collab-proxy/Editor/Assets/Images/d_iconcheckedoutlocaloverlay@2x.png - Importer: ScriptedImporter/UnityEditor.QuickSearchModule:UnityEditor.Search:ASIAI0B
Importing 'GUID: 8d98ab6168c3e91439339f1908b8fe97 - Path: Packages/com.unity.collab-proxy/Editor/Assets/Images/d_iconcheckedoutlocaloverlay@2x.png - Importer: ScriptedImporter/UnityEditor.QuickSearchModule:UnityEditor.Search:ASIAI0B' with importer (ScriptedImporter : UnityEditor.QuickSearchModule:UnityEditor.Search:ASIAI0B)
Imported 'GUID: 8d98ab6168c3e91439339f1908b8fe97' -> (Import Result ID: '03b4f5508373d089c6a7a83c7ad2f5ae') in 0.009 seconds [static and dynamic dependencies]. Details - ImportResultOutputID=1fc6f19ab3bddf4aeccb4064dc503b8d DependenciesID=eb5df4f62c057d42eac3c351319e818c StaticDependenciesID=13447ea40675f1a0af3ea9f7b9b988fc 
Number of updated asset objects reloaded before import = 0
Number of asset objects unloaded after import = 1
========================================================================
Received Import Request.
  Time of request: 2026-09-19T15:00:30.3564507Z
  Time since last request: 0.0005566 seconds.
  importAddress: GUID: f38e832edef3ab648bcc2ab5dfa2906d - Path: Packages/com.unity.collab-proxy/Editor/Assets/Images/d_iconinfobellnotification.png - Importer: ScriptedImporter/UnityEditor.QuickSearchModule:UnityEditor.Search:ASIAI0B
Importing 'GUID: f38e832edef3ab648bcc2ab5dfa2906d - Path: Packages/com.unity.collab-proxy/Editor/Assets/Images/d_iconinfobellnotification.png - Importer: ScriptedImporter/UnityEditor.QuickSearchModule:UnityEditor.Search:ASIAI0B' with importer (ScriptedImporter : UnityEditor.QuickSearchModule:UnityEditor.Search:ASIAI0B)
Imported 'GUID: f38e832edef3ab648bcc2ab5dfa2906d' -> (Import Result ID: 'ce3f10224781e5827e7be507ae38152a') in 0.010 seconds [static and dynamic dependencies]. Details - ImportResultOutputID=4f7ea37b745a768ab4a1f6d9f401e346 DependenciesID=c3321568bf323fef6e542f7b743cdbd4 StaticDependenciesID=a7c7fdbed25b6e1065b726dce738b730 
Number of updated asset objects reloaded before import = 0
Number of asset objects unloaded after import = 3
========================================================================
Received Import Request.
  Time of request: 2026-09-19T15:00:30.3818436Z
  Time since last request: 0.0004649 seconds.
  importAddress: GUID: 2b9bf8ec5d54fe249ac9e20979ccd42c - Path: Packages/com.unity.collab-proxy/Editor/Assets/Images/d_iconinviteusers@2x.png - Importer: ScriptedImporter/UnityEditor.QuickSearchModule:UnityEditor.Search:ASIAI0B
Importing 'GUID: 2b9bf8ec5d54fe249ac9e20979ccd42c - Path: Packages/com.unity.collab-proxy/Editor/Assets/Images/d_iconinviteusers@2x.png - Importer: ScriptedImporter/UnityEditor.QuickSearchModule:UnityEditor.Search:ASIAI0B' with importer (ScriptedImporter : UnityEditor.QuickSearchModule:UnityEditor.Search:ASIAI0B)
Imported 'GUID: 2b9bf8ec5d54fe249ac9e20979ccd42c' -> (Import Result ID: '0e3ab9b3997762e420e5c6e270f520dd') in 0.011 seconds [static and dynamic dependencies]. Details - ImportResultOutputID=4393bd1645369870781f2e4549b7fb96 DependenciesID=6326e60383fad22d29711caa77b5dad6 StaticDependenciesID=e08f60709ab438587dc7525e3331fbbe 
Number of updated asset objects reloaded before import = 0
Number of asset objects unloaded after import = 3
========================================================================
Received Import Request.
  Time of request: 2026-09-19T15:00:30.4117643Z
  Time since last request: 0.0005266 seconds.
  importAddress: GUID: ce435fe40bff4da41aadc577ebfb27d7 - Path: Packages/com.unity.collab-proxy/Editor/Assets/Images/d_iconlabel@2x.png - Importer: ScriptedImporter/UnityEditor.QuickSearchModule:UnityEditor.Search:ASIAI0B
Importing 'GUID: ce435fe40bff4da41aadc577ebfb27d7 - Path: Packages/com.unity.collab-proxy/Editor/Assets/Images/d_iconlabel@2x.png - Importer: ScriptedImporter/UnityEditor.QuickSearchModule:UnityEditor.Search:ASIAI0B' with importer (ScriptedImporter : UnityEditor.QuickSearchModule:UnityEditor.Search:ASIAI0B)
Imported 'GUID: ce435fe40bff4da41aadc577ebfb27d7' -> (Import Result ID: '918b76268d82520f7c30c295bcaabae5') in 0.012 seconds [static and dynamic dependencies]. Details - ImportResultOutputID=8cec847baf2927dfffcbc935a5aede7a DependenciesID=8376dca50bea42ffd8be59dec1157426 StaticDependenciesID=45fbeaecd026b7645973572b07510ab9 
Number of updated asset objects reloaded before import = 0
Number of asset objects unloaded after import = 3
========================================================================
Received Import Request.
  Time of request: 2026-09-19T15:00:30.4394993Z
  Time since last request: 0.0004603 seconds.
  importAddress: GUID: a36e66e044a5fd94ca570351917c6bda - Path: Packages/com.unity.collab-proxy/Editor/Assets/Images/d_iconedit@2x.png - Importer: ScriptedImporter/UnityEditor.QuickSearchModule:UnityEditor.Search:ASIAI0B
Importing 'GUID: a36e66e044a5fd94ca570351917c6bda - Path: Packages/com.unity.collab-proxy/Editor/Assets/Images/d_iconedit@2x.png - Importer: ScriptedImporter/UnityEditor.QuickSearchModule:UnityEditor.Search:ASIAI0B' with importer (ScriptedImporter : UnityEditor.QuickSearchModule:UnityEditor.Search:ASIAI0B)
Imported 'GUID: a36e66e044a5fd94ca570351917c6bda' -> (Import Result ID: '4d58470c0b5be62cdb2a8749d6ca428f') in 0.008 seconds [static and dynamic dependencies]. Details - ImportResultOutputID=d4d08a1a97b4ec45b6de337051db6efc DependenciesID=5501491d99a4396a54dd54a3bdea37a6 StaticDependenciesID=ebf8eb85f5e208aa8aeff52716ebe764 
Number of updated asset objects reloaded before import = 0
Number of asset objects unloaded after import = 3
========================================================================
Received Import Request.
  Time of request: 2026-09-19T15:00:30.4636506Z
  Time since last request: 0.0006035 seconds.
  importAddress: GUID: 43fe0cd0da17e47fc9e56f08a2415f65 - Path: Packages/com.unity.collab-proxy/Editor/Assets/Images/d_iconincomingchangesview@2x.png - Importer: ScriptedImporter/UnityEditor.QuickSearchModule:UnityEditor.Search:ASIAI0B
Importing 'GUID: 43fe0cd0da17e47fc9e56f08a2415f65 - Path: Packages/com.unity.collab-proxy/Editor/Assets/Images/d_iconincomingchangesview@2x.png - Importer: ScriptedImporter/UnityEditor.QuickSearchModule:UnityEditor.Search:ASIAI0B' with importer (ScriptedImporter : UnityEditor.QuickSearchModule:UnityEditor.Search:ASIAI0B)
Imported 'GUID: 43fe0cd0da17e47fc9e56f08a2415f65' -> (Import Result ID: '162bc69564ff436895cc3b248f87a41b') in 0.008 seconds [static and dynamic dependencies]. Details - ImportResultOutputID=3d5ff52e159044455e9fdb599932d6ee DependenciesID=dcda9dd32530d15822e324eee3e50bb9 StaticDependenciesID=971a32ad4b580cca5a4e2eaccf0bbaac 
Number of updated asset objects reloaded before import = 0
Number of asset objects unloaded after import = 3
========================================================================
Received Import Request.
  Time of request: 2026-09-19T15:00:30.4876272Z
  Time since last request: 0.0004776 seconds.
  importAddress: GUID: 4da398eacd0c045bebf576a9f11339b0 - Path: Packages/com.unity.collab-proxy/Editor/Assets/Images/d_iconchangesets.png - Importer: ScriptedImporter/UnityEditor.QuickSearchModule:UnityEditor.Search:ASIAI0B
Importing 'GUID: 4da398eacd0c045bebf576a9f11339b0 - Path: Packages/com.unity.collab-proxy/Editor/Assets/Images/d_iconchangesets.png - Importer: ScriptedImporter/UnityEditor.QuickSearchModule:UnityEditor.Search:ASIAI0B' with importer (ScriptedImporter : UnityEditor.QuickSearchModule:UnityEditor.Search:ASIAI0B)
Imported 'GUID: 4da398eacd0c045bebf576a9f11339b0' -> (Import Result ID: '16b37b65d53c9997173e41c01f7e3b4c') in 0.008 seconds [static and dynamic dependencies]. Details - ImportResultOutputID=e0c8796ccb9f52ef0e15302770be84d0 DependenciesID=e493cb901f19908b1e2177d012e7d546 StaticDependenciesID=b083593144dcc8bbd6abfbef39c6ccea 
Number of updated asset objects reloaded before import = 0
Number of asset objects unloaded after import = 3
========================================================================
Received Import Request.
  Time of request: 2026-09-19T15:00:30.5123589Z
  Time since last request: 0.0004129 seconds.
  importAddress: GUID: c1516142c0a669b42aecce30a3459017 - Path: Packages/com.unity.collab-proxy/Editor/Assets/Images/d_iconbranch.png - Importer: ScriptedImporter/UnityEditor.QuickSearchModule:UnityEditor.Search:ASIAI0B
Importing 'GUID: c1516142c0a669b42aecce30a3459017 - Path: Packages/com.unity.collab-proxy/Editor/Assets/Images/d_iconbranch.png - Importer: ScriptedImporter/UnityEditor.QuickSearchModule:UnityEditor.Search:ASIAI0B' with importer (ScriptedImporter : UnityEditor.QuickSearchModule:UnityEditor.Search:ASIAI0B)
Imported 'GUID: c1516142c0a669b42aecce30a3459017' -> (Import Result ID: 'b93d9674790e2f4b4d28b42dc305cd07') in 0.011 seconds [static and dynamic dependencies]. Details - ImportResultOutputID=58f14095f549a034b9c1cf84e1ae5dbe DependenciesID=fd25eb17b9a8b92a6cec59ccb5cfe07b StaticDependenciesID=2c21945e4b0d85c59efafa42b476ccc0 
Number of updated asset objects reloaded before import = 0
Number of asset objects unloaded after import = 3
========================================================================
Received Import Request.
  Time of request: 2026-09-19T15:00:30.5395815Z
  Time since last request: 0.0005428 seconds.
  importAddress: GUID: c48b8bcda45b63442a7a7c7244c84635 - Path: Packages/com.unity.collab-proxy/Editor/Assets/Images/d_iconcurrentbranch@2x.png - Importer: ScriptedImporter/UnityEditor.QuickSearchModule:UnityEditor.Search:ASIAI0B
Importing 'GUID: c48b8bcda45b63442a7a7c7244c84635 - Path: Packages/com.unity.collab-proxy/Editor/Assets/Images/d_iconcurrentbranch@2x.png - Importer: ScriptedImporter/UnityEditor.QuickSearchModule:UnityEditor.Search:ASIAI0B' with importer (ScriptedImporter : UnityEditor.QuickSearchModule:UnityEditor.Search:ASIAI0B)
Imported 'GUID: c48b8bcda45b63442a7a7c7244c84635' -> (Import Result ID: '1cc0a03c1aa6e9822683bfb8d4801114') in 0.009 seconds [static and dynamic dependencies]. Details - ImportResultOutputID=10de971d7b1141ebe666c50e9aba7f93 DependenciesID=b7ea6bfc5d17b921b04f39644b291176 StaticDependenciesID=d43e60c268b7ca93d1849e87601f14af 
Number of updated asset objects reloaded before import = 0
Number of asset objects unloaded after import = 3
========================================================================
Received Import Request.
  Time of request: 2026-09-19T15:00:30.5636104Z
  Time since last request: 0.0004801 seconds.
  importAddress: GUID: 8219bbb48767b46e7b1588dad7f021aa - Path: Packages/com.unity.collab-proxy/Editor/Assets/Images/d_iconhistory.png - Importer: ScriptedImporter/UnityEditor.QuickSearchModule:UnityEditor.Search:ASIAI0B
Importing 'GUID: 8219bbb48767b46e7b1588dad7f021aa - Path: Packages/com.unity.collab-proxy/Editor/Assets/Images/d_iconhistory.png - Importer: ScriptedImporter/UnityEditor.QuickSearchModule:UnityEditor.Search:ASIAI0B' with importer (ScriptedImporter : UnityEditor.QuickSearchModule:UnityEditor.Search:ASIAI0B)
Imported 'GUID: 8219bbb48767b46e7b1588dad7f021aa' -> (Import Result ID: '942ff49ec64abdfaf85b31e9bd0f5ec9') in 0.010 seconds [static and dynamic dependencies]. Details - ImportResultOutputID=113e3d41821a8963cc9317a8ff95bacd DependenciesID=5c1acadf5e859ef56571397fee49d4db StaticDependenciesID=b25eaa639dba38d9d84bc37ef3b08e41 
Number of updated asset objects reloaded before import = 0
Number of asset objects unloaded after import = 3
========================================================================
Received Import Request.
  Time of request: 2026-09-19T15:00:30.5889869Z
  Time since last request: 0.000574 seconds.
  importAddress: GUID: 50d1ea51731fa43db9ce0ec4fe5f0b07 - Path: Packages/com.unity.collab-proxy/Editor/Assets/Images/d_iconhistory@2x.png - Importer: ScriptedImporter/UnityEditor.QuickSearchModule:UnityEditor.Search:ASIAI0B
Importing 'GUID: 50d1ea51731fa43db9ce0ec4fe5f0b07 - Path: Packages/com.unity.collab-proxy/Editor/Assets/Images/d_iconhistory@2x.png - Importer: ScriptedImporter/UnityEditor.QuickSearchModule:UnityEditor.Search:ASIAI0B' with importer (ScriptedImporter : UnityEditor.QuickSearchModule:UnityEditor.Search:ASIAI0B)
Imported 'GUID: 50d1ea51731fa43db9ce0ec4fe5f0b07' -> (Import Result ID: '4eac30c61456ce85c66a4c9fe655f2b2') in 0.008 seconds [static and dynamic dependencies]. Details - ImportResultOutputID=e9c724cb3941e5906604e798d03b9b76 DependenciesID=9118d74248397162776bb39a655564e6 StaticDependenciesID=8c8259482936d1d7df243990bac27edc 
Number of updated asset objects reloaded before import = 0
Number of asset objects unloaded after import = 3
========================================================================
Received Import Request.
  Time of request: 2026-09-19T15:00:30.613861Z
  Time since last request: 0.0006007 seconds.
  importAddress: GUID: 626b9cddb29049e4cac50cd87b419945 - Path: Packages/com.unity.collab-proxy/Editor/Assets/Images/d_icondeletedremote@2x.png - Importer: ScriptedImporter/UnityEditor.QuickSearchModule:UnityEditor.Search:ASIAI0B
Importing 'GUID: 626b9cddb29049e4cac50cd87b419945 - Path: Packages/com.unity.collab-proxy/Editor/Assets/Images/d_icondeletedremote@2x.png - Importer: ScriptedImporter/UnityEditor.QuickSearchModule:UnityEditor.Search:ASIAI0B' with importer (ScriptedImporter : UnityEditor.QuickSearchModule:UnityEditor.Search:ASIAI0B)
Imported 'GUID: 626b9cddb29049e4cac50cd87b419945' -> (Import Result ID: '7d33c679b67d2fc1efa78e5f46ef547f') in 0.008 seconds [static and dynamic dependencies]. Details - ImportResultOutputID=8e67314a129ccb6b76c03dc3471d6943 DependenciesID=66803613ba7e8a56981c03b93c859192 StaticDependenciesID=3c2eb1de65f062dfae67f7e661479246 
Number of updated asset objects reloaded before import = 0
Number of asset objects unloaded after import = 1
========================================================================
Received Import Request.
  Time of request: 2026-09-19T15:00:30.6353635Z
  Time since last request: 0.0009429 seconds.
  importAddress: GUID: a9cec377658c44e5ba06fde05976bee6 - Path: Packages/com.unity.collab-proxy/Editor/Assets/Images/d_iconlast.png - Importer: ScriptedImporter/UnityEditor.QuickSearchModule:UnityEditor.Search:ASIAI0B
Importing 'GUID: a9cec377658c44e5ba06fde05976bee6 - Path: Packages/com.unity.collab-proxy/Editor/Assets/Images/d_iconlast.png - Importer: ScriptedImporter/UnityEditor.QuickSearchModule:UnityEditor.Search:ASIAI0B' with importer (ScriptedImporter : UnityEditor.QuickSearchModule:UnityEditor.Search:ASIAI0B)
Imported 'GUID: a9cec377658c44e5ba06fde05976bee6' -> (Import Result ID: 'e800193c87b6d0027ca2a90d7e79e88b') in 0.014 seconds [static and dynamic dependencies]. Details - ImportResultOutputID=50a81149c7b9407af3ce074f3fcb91d4 DependenciesID=e3500c299c76ec5f99554d943e2cf382 StaticDependenciesID=89b7bca80e6de7d8c9494f7a1822162f 
Number of updated asset objects reloaded before import = 0
Number of asset objects unloaded after import = 3
========================================================================
Received Import Request.
  Time of request: 2026-09-19T15:00:30.6671667Z
  Time since last request: 0.0005847 seconds.
  importAddress: GUID: 3ac1672d8b4664bf3a3a5844d0be8a85 - Path: Packages/com.unity.collab-proxy/Editor/Assets/Images/d_iconcheckmark@2x.png - Importer: ScriptedImporter/UnityEditor.QuickSearchModule:UnityEditor.Search:ASIAI0B
Importing 'GUID: 3ac1672d8b4664bf3a3a5844d0be8a85 - Path: Packages/com.unity.collab-proxy/Editor/Assets/Images/d_iconcheckmark@2x.png - Importer: ScriptedImporter/UnityEditor.QuickSearchModule:UnityEditor.Search:ASIAI0B' with importer (ScriptedImporter : UnityEditor.QuickSearchModule:UnityEditor.Search:ASIAI0B)
Imported 'GUID: 3ac1672d8b4664bf3a3a5844d0be8a85' -> (Import Result ID: 'b87abe72f936f251f3410a1dd029897e') in 0.014 seconds [static and dynamic dependencies]. Details - ImportResultOutputID=fc2d1ef0b7ec40cb5bd3e333eafc8885 DependenciesID=8db06c9f0bf6689fb7744c150adf2a5b StaticDependenciesID=b760dd1dae8706719c50e067829bf339 
Number of updated asset objects reloaded before import = 0
Number of asset objects unloaded after import = 3
========================================================================
Received Import Request.
  Time of request: 2026-09-19T15:00:30.7132399Z
  Time since last request: 0.0131679 seconds.
  importAddress: GUID: 5787fe7d2b4da4b75a337e07cb5e1062 - Path: Packages/com.unity.collab-proxy/Editor/Assets/Images/d_iconoriginalsize.png - Importer: ScriptedImporter/UnityEditor.QuickSearchModule:UnityEditor.Search:ASIAI0B
Importing 'GUID: 5787fe7d2b4da4b75a337e07cb5e1062 - Path: Packages/com.unity.collab-proxy/Editor/Assets/Images/d_iconoriginalsize.png - Importer: ScriptedImporter/UnityEditor.QuickSearchModule:UnityEditor.Search:ASIAI0B' with importer (ScriptedImporter : UnityEditor.QuickSearchModule:UnityEditor.Search:ASIAI0B)
Imported 'GUID: 5787fe7d2b4da4b75a337e07cb5e1062' -> (Import Result ID: '780dd577dc140111151666c30963db5d') in 0.009 seconds [static and dynamic dependencies]. Details - ImportResultOutputID=5abfc099a0be9625dea374c36b82ac62 DependenciesID=7f5bfe7acccdc1e0b7f6a8a0a5ffb17d StaticDependenciesID=8afd3fd0f314cf09930d193c75f4b74d 
Number of updated asset objects reloaded before import = 0
Number of asset objects unloaded after import = 3
========================================================================
Received Import Request.
  Time of request: 2026-09-19T15:00:30.7383395Z
  Time since last request: 0.0004996 seconds.
  importAddress: GUID: ba2e8a5b6413ebc46b4f580903cb911d - Path: Packages/com.unity.collab-proxy/Editor/Assets/Images/d_iconlockretained.png - Importer: ScriptedImporter/UnityEditor.QuickSearchModule:UnityEditor.Search:ASIAI0B
Importing 'GUID: ba2e8a5b6413ebc46b4f580903cb911d - Path: Packages/com.unity.collab-proxy/Editor/Assets/Images/d_iconlockretained.png - Importer: ScriptedImporter/UnityEditor.QuickSearchModule:UnityEditor.Search:ASIAI0B' with importer (ScriptedImporter : UnityEditor.QuickSearchModule:UnityEditor.Search:ASIAI0B)
Imported 'GUID: ba2e8a5b6413ebc46b4f580903cb911d' -> (Import Result ID: '077f8f20454ff40fe478a0cf412e7cd6') in 0.010 seconds [static and dynamic dependencies]. Details - ImportResultOutputID=1dc44e9a69e580e45a6afdc4b581af0e DependenciesID=6fe0128dae16e5d177443497088dee31 StaticDependenciesID=279741416cf6654d36b3826cedd84cbe 
Number of updated asset objects reloaded before import = 0
Number of asset objects unloaded after import = 3
========================================================================
Received Import Request.
  Time of request: 2026-09-19T15:00:30.7654897Z
  Time since last request: 0.0004749 seconds.
  importAddress: GUID: f31d2c855644aad4cb2030bce12859f6 - Path: Packages/com.unity.collab-proxy/Editor/Assets/Images/d_iconplasticnotifyincoming.png - Importer: ScriptedImporter/UnityEditor.QuickSearchModule:UnityEditor.Search:ASIAI0B
Importing 'GUID: f31d2c855644aad4cb2030bce12859f6 - Path: Packages/com.unity.collab-proxy/Editor/Assets/Images/d_iconplasticnotifyincoming.png - Importer: ScriptedImporter/UnityEditor.QuickSearchModule:UnityEditor.Search:ASIAI0B' with importer (ScriptedImporter : UnityEditor.QuickSearchModule:UnityEditor.Search:ASIAI0B)
Imported 'GUID: f31d2c855644aad4cb2030bce12859f6' -> (Import Result ID: '9036b96a11aeda4c377223fb8259f9be') in 0.008 seconds [static and dynamic dependencies]. Details - ImportResultOutputID=dc35cfbf120740a60ed0fc6b69f24c89 DependenciesID=ff8746227b983d2fdc7372ca1f56832e StaticDependenciesID=3268bdcc76cef8e58f76851d65749be9 
Number of updated asset objects reloaded before import = 0
Number of asset objects unloaded after import = 1
========================================================================
Received Import Request.
  Time of request: 2026-09-19T15:00:30.789559Z
  Time since last request: 0.0005886 seconds.
  importAddress: GUID: 4aa4898734bfdbc4dbd410de4141e533 - Path: Packages/com.unity.collab-proxy/Editor/Assets/Images/d_iconpendingchanges.png - Importer: ScriptedImporter/UnityEditor.QuickSearchModule:UnityEditor.Search:ASIAI0B
Importing 'GUID: 4aa4898734bfdbc4dbd410de4141e533 - Path: Packages/com.unity.collab-proxy/Editor/Assets/Images/d_iconpendingchanges.png - Importer: ScriptedImporter/UnityEditor.QuickSearchModule:UnityEditor.Search:ASIAI0B' with importer (ScriptedImporter : UnityEditor.QuickSearchModule:UnityEditor.Search:ASIAI0B)
Imported 'GUID: 4aa4898734bfdbc4dbd410de4141e533' -> (Import Result ID: 'fec62570cad1cedeafb73446d11ed5f8') in 0.010 seconds [static and dynamic dependencies]. Details - ImportResultOutputID=60f330e865e1cef6290691165b216b7a DependenciesID=3fe6979f337300c07ee38806983c48d2 StaticDependenciesID=2f7334662675c0e0207468eeec04b90e 
Number of updated asset objects reloaded before import = 0
Number of asset objects unloaded after import = 3
========================================================================
Received Import Request.
  Time of request: 2026-09-19T15:00:30.8152582Z
  Time since last request: 0.0005174 seconds.
  importAddress: GUID: 54024d7bafa404eb39097aa14df8a5cb - Path: Packages/com.unity.collab-proxy/Editor/Assets/Images/d_iconplasticnotifypendingchangesandincoming@2x.png - Importer: ScriptedImporter/UnityEditor.QuickSearchModule:UnityEditor.Search:ASIAI0B
Importing 'GUID: 54024d7bafa404eb39097aa14df8a5cb - Path: Packages/com.unity.collab-proxy/Editor/Assets/Images/d_iconplasticnotifypendingchangesandincoming@2x.png - Importer: ScriptedImporter/UnityEditor.QuickSearchModule:UnityEditor.Search:ASIAI0B' with importer (ScriptedImporter : UnityEditor.QuickSearchModule:UnityEditor.Search:ASIAI0B)
Imported 'GUID: 54024d7bafa404eb39097aa14df8a5cb' -> (Import Result ID: '210619763d0adc9c8c2ce28f80ebba49') in 0.012 seconds [static and dynamic dependencies]. Details - ImportResultOutputID=3d5376a286ebfc73daea533ac1a1399b DependenciesID=9b70dc6b2277e10580d15062d800837f StaticDependenciesID=e6cf35547430707aa2c9e301b26fbc73 
Number of updated asset objects reloaded before import = 0
Number of asset objects unloaded after import = 3
========================================================================
Received Import Request.
  Time of request: 2026-09-19T15:00:30.8439716Z
  Time since last request: 0.0005737 seconds.
  importAddress: GUID: 9264df9de832d7f4bb90a1d0c31d8343 - Path: Packages/com.unity.collab-proxy/Editor/Assets/Images/d_iconshelve@2x.png - Importer: ScriptedImporter/UnityEditor.QuickSearchModule:UnityEditor.Search:ASIAI0B
Importing 'GUID: 9264df9de832d7f4bb90a1d0c31d8343 - Path: Packages/com.unity.collab-proxy/Editor/Assets/Images/d_iconshelve@2x.png - Importer: ScriptedImporter/UnityEditor.QuickSearchModule:UnityEditor.Search:ASIAI0B' with importer (ScriptedImporter : UnityEditor.QuickSearchModule:UnityEditor.Search:ASIAI0B)
Imported 'GUID: 9264df9de832d7f4bb90a1d0c31d8343' -> (Import Result ID: '9c2c0b45e672b18d107fd2bb1d492a88') in 0.008 seconds [static and dynamic dependencies]. Details - ImportResultOutputID=4ffdf3882322a464af7e0a78fb0237dc DependenciesID=183f2dc558fadc409c40ea51d0495eae StaticDependenciesID=4f68a12cee5e65aa461e27845acd6566 
Number of updated asset objects reloaded before import = 0
Number of asset objects unloaded after import = 3
========================================================================
Received Import Request.
  Time of request: 2026-09-19T15:00:30.8681326Z
  Time since last request: 0.0004847 seconds.
  importAddress: GUID: c34cd61ed96ff9a40a54e159467c5155 - Path: Packages/com.unity.collab-proxy/Editor/Assets/Images/d_iconretainedoverlay@2x.png - Importer: ScriptedImporter/UnityEditor.QuickSearchModule:UnityEditor.Search:ASIAI0B
Importing 'GUID: c34cd61ed96ff9a40a54e159467c5155 - Path: Packages/com.unity.collab-proxy/Editor/Assets/Images/d_iconretainedoverlay@2x.png - Importer: ScriptedImporter/UnityEditor.QuickSearchModule:UnityEditor.Search:ASIAI0B' with importer (ScriptedImporter : UnityEditor.QuickSearchModule:UnityEditor.Search:ASIAI0B)
Imported 'GUID: c34cd61ed96ff9a40a54e159467c5155' -> (Import Result ID: 'a5442c16e3f1e9e7de436d024581e1c1') in 0.014 seconds [static and dynamic dependencies]. Details - ImportResultOutputID=fe5cca7697e91464e2dea8b79cddcfc5 DependenciesID=ed497a70e33f788d6215b533d83d76f2 StaticDependenciesID=3e507d708a0998fdf02e5dc2a4a24106 
Number of updated asset objects reloaded before import = 0
Number of asset objects unloaded after import = 3
========================================================================
Received Import Request.
  Time of request: 2026-09-19T15:00:30.8987566Z
  Time since last request: 0.0004841 seconds.
  importAddress: GUID: 3168140d6f409d0448447f18568d9482 - Path: Packages/com.unity.collab-proxy/Editor/Assets/Images/d_iconplasticview@2x.png - Importer: ScriptedImporter/UnityEditor.QuickSearchModule:UnityEditor.Search:ASIAI0B
Importing 'GUID: 3168140d6f409d0448447f18568d9482 - Path: Packages/com.unity.collab-proxy/Editor/Assets/Images/d_iconplasticview@2x.png - Importer: ScriptedImporter/UnityEditor.QuickSearchModule:UnityEditor.Search:ASIAI0B' with importer (ScriptedImporter : UnityEditor.QuickSearchModule:UnityEditor.Search:ASIAI0B)
Imported 'GUID: 3168140d6f409d0448447f18568d9482' -> (Import Result ID: 'b131275e25bf8de6b4078301a41ee708') in 0.009 seconds [static and dynamic dependencies]. Details - ImportResultOutputID=89e9c25d2a5fe415b73eda9daf14b610 DependenciesID=9b8aac9909276cc05459bd47bc039b31 StaticDependenciesID=d7a3e76597c53ceb7621f9a15c488147 
Number of updated asset objects reloaded before import = 0
Number of asset objects unloaded after import = 1
========================================================================
Received Import Request.
  Time of request: 2026-09-19T15:00:30.9282579Z
  Time since last request: 0.0006157 seconds.
  importAddress: GUID: 43735cb4df8a4aa49b379e83bd9d77b8 - Path: Packages/com.unity.collab-proxy/Editor/Assets/Images/d_iconzoomout.png - Importer: ScriptedImporter/UnityEditor.QuickSearchModule:UnityEditor.Search:ASIAI0B
Importing 'GUID: 43735cb4df8a4aa49b379e83bd9d77b8 - Path: Packages/com.unity.collab-proxy/Editor/Assets/Images/d_iconzoomout.png - Importer: ScriptedImporter/UnityEditor.QuickSearchModule:UnityEditor.Search:ASIAI0B' with importer (ScriptedImporter : UnityEditor.QuickSearchModule:UnityEditor.Search:ASIAI0B)
Imported 'GUID: 43735cb4df8a4aa49b379e83bd9d77b8' -> (Import Result ID: '392fac9ce25f187fd62bd7f77ccdc0d5') in 0.011 seconds [static and dynamic dependencies]. Details - ImportResultOutputID=1811abb682587451c0f0270bfebb5593 DependenciesID=0c568d56746898c153c2f72aeb0cfca3 StaticDependenciesID=11dd685da01817d9ba1a635324e1f7c0 
Number of updated asset objects reloaded before import = 0
Number of asset objects unloaded after import = 3
========================================================================
Received Import Request.
  Time of request: 2026-09-19T15:00:30.958474Z
  Time since last request: 0.000513 seconds.
  importAddress: GUID: 11d4f7dd8fc834c8e92cab84d5137828 - Path: Packages/com.unity.collab-proxy/Editor/Assets/Images/d_iconpendingchangesview.png - Importer: ScriptedImporter/UnityEditor.QuickSearchModule:UnityEditor.Search:ASIAI0B
Importing 'GUID: 11d4f7dd8fc834c8e92cab84d5137828 - Path: Packages/com.unity.collab-proxy/Editor/Assets/Images/d_iconpendingchangesview.png - Importer: ScriptedImporter/UnityEditor.QuickSearchModule:UnityEditor.Search:ASIAI0B' with importer (ScriptedImporter : UnityEditor.QuickSearchModule:UnityEditor.Search:ASIAI0B)
Imported 'GUID: 11d4f7dd8fc834c8e92cab84d5137828' -> (Import Result ID: '702b89d2f863eae453228733e8e5b603') in 0.011 seconds [static and dynamic dependencies]. Details - ImportResultOutputID=43ac09be76905f3ea6e762d1cdffa0f2 DependenciesID=594e607c6c7ed061d1a9457d7690c2b6 StaticDependenciesID=cf3634bfccc1e298a704a66837059abd 
Number of updated asset objects reloaded before import = 0
Number of asset objects unloaded after import = 3
========================================================================
Received Import Request.
  Time of request: 2026-09-19T15:00:30.9887979Z
  Time since last request: 0.0005511 seconds.
  importAddress: GUID: 68587391d99444fd2a157ca65484dee2 - Path: Packages/com.unity.collab-proxy/Editor/Assets/Images/d_iconprev@2x.png - Importer: ScriptedImporter/UnityEditor.QuickSearchModule:UnityEditor.Search:ASIAI0B
Importing 'GUID: 68587391d99444fd2a157ca65484dee2 - Path: Packages/com.unity.collab-proxy/Editor/Assets/Images/d_iconprev@2x.png - Importer: ScriptedImporter/UnityEditor.QuickSearchModule:UnityEditor.Search:ASIAI0B' with importer (ScriptedImporter : UnityEditor.QuickSearchModule:UnityEditor.Search:ASIAI0B)
Imported 'GUID: 68587391d99444fd2a157ca65484dee2' -> (Import Result ID: 'af784c878b53542ed83e265d4dc24aee') in 0.010 seconds [static and dynamic dependencies]. Details - ImportResultOutputID=a28847b7ac514b392cb83b73bcb90529 DependenciesID=0da14e4b192af41ceda6e9182df43810 StaticDependenciesID=dddeac5231e9bbd63fd58c9e3e4acbb9 
Number of updated asset objects reloaded before import = 0
Number of asset objects unloaded after import = 3
========================================================================
Received Import Request.
  Time of request: 2026-09-19T15:00:31.0181058Z
  Time since last request: 0.000543 seconds.
  importAddress: GUID: 23743f0c0ed1e6546808a5d645c2a6a5 - Path: Packages/com.unity.collab-proxy/Editor/Assets/Images/d_iconplasticnotifyconflict@2x.png - Importer: ScriptedImporter/UnityEditor.QuickSearchModule:UnityEditor.Search:ASIAI0B
Importing 'GUID: 23743f0c0ed1e6546808a5d645c2a6a5 - Path: Packages/com.unity.collab-proxy/Editor/Assets/Images/d_iconplasticnotifyconflict@2x.png - Importer: ScriptedImporter/UnityEditor.QuickSearchModule:UnityEditor.Search:ASIAI0B' with importer (ScriptedImporter : UnityEditor.QuickSearchModule:UnityEditor.Search:ASIAI0B)
Imported 'GUID: 23743f0c0ed1e6546808a5d645c2a6a5' -> (Import Result ID: 'db8df49f0460c97a1de8a02d627f5d25') in 0.013 seconds [static and dynamic dependencies]. Details - ImportResultOutputID=ca76a25384939d6a1094afd9aa778837 DependenciesID=2c83ea620e0e6db4ae4389799e66d2b0 StaticDependenciesID=bbe1003e4d7156fc016957fb7f09b538 
Number of updated asset objects reloaded before import = 0
Number of asset objects unloaded after import = 1
========================================================================
Received Import Request.
  Time of request: 2026-09-19T15:00:31.0508724Z
  Time since last request: 0.0006384 seconds.
  importAddress: GUID: 5544f39aea350784ba1dd4ecc285b777 - Path: Packages/com.unity.collab-proxy/Editor/Assets/Images/d_iconzoomin.png - Importer: ScriptedImporter/UnityEditor.QuickSearchModule:UnityEditor.Search:ASIAI0B
Importing 'GUID: 5544f39aea350784ba1dd4ecc285b777 - Path: Packages/com.unity.collab-proxy/Editor/Assets/Images/d_iconzoomin.png - Importer: ScriptedImporter/UnityEditor.QuickSearchModule:UnityEditor.Search:ASIAI0B' with importer (ScriptedImporter : UnityEditor.QuickSearchModule:UnityEditor.Search:ASIAI0B)
Imported 'GUID: 5544f39aea350784ba1dd4ecc285b777' -> (Import Result ID: '685bb700ec1f4024f2a5a8d712b58b70') in 0.012 seconds [static and dynamic dependencies]. Details - ImportResultOutputID=e647eb1e09f288c3e146d0f2f50b8246 DependenciesID=a2f4cc3570b882927a8c7a0850261b4c StaticDependenciesID=9330da5e0b30ae34e264ef3e614f5c4b 
Number of updated asset objects reloaded before import = 0
Number of asset objects unloaded after import = 3
========================================================================
Received Import Request.
  Time of request: 2026-09-19T15:00:31.0830216Z
  Time since last request: 0.0005825 seconds.
  importAddress: GUID: 998e4aae0494244578bee3771d57801c - Path: Packages/com.unity.collab-proxy/Editor/Assets/Images/d_iconmergeview.png - Importer: ScriptedImporter/UnityEditor.QuickSearchModule:UnityEditor.Search:ASIAI0B
Importing 'GUID: 998e4aae0494244578bee3771d57801c - Path: Packages/com.unity.collab-proxy/Editor/Assets/Images/d_iconmergeview.png - Importer: ScriptedImporter/UnityEditor.QuickSearchModule:UnityEditor.Search:ASIAI0B' with importer (ScriptedImporter : UnityEditor.QuickSearchModule:UnityEditor.Search:ASIAI0B)
Imported 'GUID: 998e4aae0494244578bee3771d57801c' -> (Import Result ID: '76eeae9fa97105c4bea3e88dc2e32bc4') in 0.011 seconds [static and dynamic dependencies]. Details - ImportResultOutputID=6bd9baf309af917f42f538815f5dc105 DependenciesID=effe28b9d4e72f7c3eab5ef99821b115 StaticDependenciesID=c553e56d667ebeb24cebda234055c120 
Number of updated asset objects reloaded before import = 0
Number of asset objects unloaded after import = 3
========================================================================
Received Import Request.
  Time of request: 2026-09-19T15:00:31.1118815Z
  Time since last request: 0.0006564 seconds.
  importAddress: GUID: 20647d71003f8e34685b1972b30dbd2b - Path: Packages/com.unity.collab-proxy/Editor/Assets/Images/d_iconlockretained@2x.png - Importer: ScriptedImporter/UnityEditor.QuickSearchModule:UnityEditor.Search:ASIAI0B
Importing 'GUID: 20647d71003f8e34685b1972b30dbd2b - Path: Packages/com.unity.collab-proxy/Editor/Assets/Images/d_iconlockretained@2x.png - Importer: ScriptedImporter/UnityEditor.QuickSearchModule:UnityEditor.Search:ASIAI0B' with importer (ScriptedImporter : UnityEditor.QuickSearchModule:UnityEditor.Search:ASIAI0B)
Imported 'GUID: 20647d71003f8e34685b1972b30dbd2b' -> (Import Result ID: '12cd2ce4c17f6c4889049a7b9a624c25') in 0.011 seconds [static and dynamic dependencies]. Details - ImportResultOutputID=8a61d141e0462be671e91582ec2fd73a DependenciesID=7ce315ea07e98581eefb40f15d8512e7 StaticDependenciesID=cf2f150900c818f817ea52ab855f94af 
Number of updated asset objects reloaded before import = 0
Number of asset objects unloaded after import = 3
========================================================================
Received Import Request.
  Time of request: 2026-09-19T15:00:31.1421241Z
  Time since last request: 0.0005598 seconds.
  importAddress: GUID: 68302c8c48e3cee4aad72dbbf7894781 - Path: Packages/com.unity.collab-proxy/Editor/Assets/Images/d_iconpendingchanges@2x.png - Importer: ScriptedImporter/UnityEditor.QuickSearchModule:UnityEditor.Search:ASIAI0B
Importing 'GUID: 68302c8c48e3cee4aad72dbbf7894781 - Path: Packages/com.unity.collab-proxy/Editor/Assets/Images/d_iconpendingchanges@2x.png - Importer: ScriptedImporter/UnityEditor.QuickSearchModule:UnityEditor.Search:ASIAI0B' with importer (ScriptedImporter : UnityEditor.QuickSearchModule:UnityEditor.Search:ASIAI0B)
Imported 'GUID: 68302c8c48e3cee4aad72dbbf7894781' -> (Import Result ID: '500d4750fcd0a429dfa1ec9808442387') in 0.010 seconds [static and dynamic dependencies]. Details - ImportResultOutputID=50c68bf3836a5b81207b61b99e39e738 DependenciesID=35bf7b432816f7ca53d00293b9b7f40a StaticDependenciesID=1d13112772df9de454dd7fad4bf24d91 
Number of updated asset objects reloaded before import = 0
Number of asset objects unloaded after import = 3
========================================================================
Received Import Request.
  Time of request: 2026-09-19T15:00:31.1684551Z
  Time since last request: 0.0005888 seconds.
  importAddress: GUID: 05ba7199286b24c6ca7441e2c454f5c3 - Path: Packages/com.unity.collab-proxy/Editor/Assets/Images/d_inclusionrule.png - Importer: ScriptedImporter/UnityEditor.QuickSearchModule:UnityEditor.Search:ASIAI0B
Importing 'GUID: 05ba7199286b24c6ca7441e2c454f5c3 - Path: Packages/com.unity.collab-proxy/Editor/Assets/Images/d_inclusionrule.png - Importer: ScriptedImporter/UnityEditor.QuickSearchModule:UnityEditor.Search:ASIAI0B' with importer (ScriptedImporter : UnityEditor.QuickSearchModule:UnityEditor.Search:ASIAI0B)
Imported 'GUID: 05ba7199286b24c6ca7441e2c454f5c3' -> (Import Result ID: 'd4c3439e65810dcf7ea67077a9d90ac4') in 0.009 seconds [static and dynamic dependencies]. Details - ImportResultOutputID=00b57d56f3666900b8eddf0fdea57cac DependenciesID=42d9ca4c65c7917a3d59ba60de026cf3 StaticDependenciesID=5b6c21474d6750688f0b59fc5e8069f1 
Number of updated asset objects reloaded before import = 0
Number of asset objects unloaded after import = 3
========================================================================
Received Import Request.
  Time of request: 2026-09-19T15:00:31.1945269Z
  Time since last request: 0.0004515 seconds.
  importAddress: GUID: 074c5a73ef68b42feb9b39c318715bc8 - Path: Packages/com.unity.collab-proxy/Editor/Assets/Images/d_RGBAAll.png - Importer: ScriptedImporter/UnityEditor.QuickSearchModule:UnityEditor.Search:ASIAI0B
Importing 'GUID: 074c5a73ef68b42feb9b39c318715bc8 - Path: Packages/com.unity.collab-proxy/Editor/Assets/Images/d_RGBAAll.png - Importer: ScriptedImporter/UnityEditor.QuickSearchModule:UnityEditor.Search:ASIAI0B' with importer (ScriptedImporter : UnityEditor.QuickSearchModule:UnityEditor.Search:ASIAI0B)
Imported 'GUID: 074c5a73ef68b42feb9b39c318715bc8' -> (Import Result ID: '70dbb713b98a3097d557c2fa52afbec3') in 0.011 seconds [static and dynamic dependencies]. Details - ImportResultOutputID=5754523424804226de56dbe2e087fbf3 DependenciesID=95ecc80703b5611f704feb95d2e9b9c1 StaticDependenciesID=97da43d02f252f69e0fbc21ffae148f4 
Number of updated asset objects reloaded before import = 0
Number of asset objects unloaded after import = 3
========================================================================
Received Import Request.
  Time of request: 2026-09-19T15:00:31.2242866Z
  Time since last request: 0.0005437 seconds.
  importAddress: GUID: d452c24a7410847ddac09d8ef2fbad23 - Path: Packages/com.unity.collab-proxy/Editor/Assets/Images/d_RGBABlue@2x.png - Importer: ScriptedImporter/UnityEditor.QuickSearchModule:UnityEditor.Search:ASIAI0B
Importing 'GUID: d452c24a7410847ddac09d8ef2fbad23 - Path: Packages/com.unity.collab-proxy/Editor/Assets/Images/d_RGBABlue@2x.png - Importer: ScriptedImporter/UnityEditor.QuickSearchModule:UnityEditor.Search:ASIAI0B' with importer (ScriptedImporter : UnityEditor.QuickSearchModule:UnityEditor.Search:ASIAI0B)
Imported 'GUID: d452c24a7410847ddac09d8ef2fbad23' -> (Import Result ID: '556cecf6aa60010d512c28b8c945fddb') in 0.010 seconds [static and dynamic dependencies]. Details - ImportResultOutputID=5c9bc1805d9a421389e0779160b37f28 DependenciesID=09904ee1739b079a900bf89e06ff04c4 StaticDependenciesID=25414e097e29756e4a03cff9d6ee1f09 
Number of updated asset objects reloaded before import = 0
Number of asset objects unloaded after import = 3
========================================================================
Received Import Request.
  Time of request: 2026-09-19T15:00:31.2532242Z
  Time since last request: 0.0004591 seconds.
  importAddress: GUID: 1dc16508006061742a802767b556accc - Path: Packages/com.unity.collab-proxy/Editor/Assets/Images/d_iconpackageupdateavailable.png - Importer: ScriptedImporter/UnityEditor.QuickSearchModule:UnityEditor.Search:ASIAI0B
Importing 'GUID: 1dc16508006061742a802767b556accc - Path: Packages/com.unity.collab-proxy/Editor/Assets/Images/d_iconpackageupdateavailable.png - Importer: ScriptedImporter/UnityEditor.QuickSearchModule:UnityEditor.Search:ASIAI0B' with importer (ScriptedImporter : UnityEditor.QuickSearchModule:UnityEditor.Search:ASIAI0B)
Imported 'GUID: 1dc16508006061742a802767b556accc' -> (Import Result ID: '4ca12bab4bfb50dacec571bae10214b4') in 0.011 seconds [static and dynamic dependencies]. Details - ImportResultOutputID=8d932e98aa3c80da896fe2ddf78ee793 DependenciesID=60d8609f98159fe435909869afc8c2bf StaticDependenciesID=5e3035210caaf4b2f090345a1d5ad40c 
Number of updated asset objects reloaded before import = 0
Number of asset objects unloaded after import = 3
========================================================================
Received Import Request.
  Time of request: 2026-09-19T15:00:31.2807151Z
  Time since last request: 0.0006776 seconds.
  importAddress: GUID: 0e80bd0b4a8196f46acf73711b9505ec - Path: Packages/com.unity.collab-proxy/Editor/Assets/Images/d_iconoutofsync.png - Importer: ScriptedImporter/UnityEditor.QuickSearchModule:UnityEditor.Search:ASIAI0B
Importing 'GUID: 0e80bd0b4a8196f46acf73711b9505ec - Path: Packages/com.unity.collab-proxy/Editor/Assets/Images/d_iconoutofsync.png - Importer: ScriptedImporter/UnityEditor.QuickSearchModule:UnityEditor.Search:ASIAI0B' with importer (ScriptedImporter : UnityEditor.QuickSearchModule:UnityEditor.Search:ASIAI0B)
Imported 'GUID: 0e80bd0b4a8196f46acf73711b9505ec' -> (Import Result ID: 'df31404d01c59cec3da86106eae342b0') in 0.009 seconds [static and dynamic dependencies]. Details - ImportResultOutputID=a99f1ef69dd62366a089b552edb33a37 DependenciesID=39674dafcd37f2fcccbe6a0b64a4f8e8 StaticDependenciesID=fc4cf412ddca403040a7e44a17db5f06 
Number of updated asset objects reloaded before import = 0
Number of asset objects unloaded after import = 1
========================================================================
Received Import Request.
  Time of request: 2026-09-19T15:00:31.3093694Z
  Time since last request: 0.0006102 seconds.
  importAddress: GUID: 14e91e4835bce49a0b49a84da2532484 - Path: Packages/com.unity.collab-proxy/Editor/Assets/Images/d_RGBABlue.png - Importer: ScriptedImporter/UnityEditor.QuickSearchModule:UnityEditor.Search:ASIAI0B
Importing 'GUID: 14e91e4835bce49a0b49a84da2532484 - Path: Packages/com.unity.collab-proxy/Editor/Assets/Images/d_RGBABlue.png - Importer: ScriptedImporter/UnityEditor.QuickSearchModule:UnityEditor.Search:ASIAI0B' with importer (ScriptedImporter : UnityEditor.QuickSearchModule:UnityEditor.Search:ASIAI0B)
Imported 'GUID: 14e91e4835bce49a0b49a84da2532484' -> (Import Result ID: '39ab70ee5f6dac467e2b441f75940ec8') in 0.011 seconds [static and dynamic dependencies]. Details - ImportResultOutputID=9b4966e5ccb4318e15af32917c102af5 DependenciesID=8f78186a267297f58c3fb8f3b09de88e StaticDependenciesID=ce27bf5c3ee46c7291e51b8b4b3ad4db 
Number of updated asset objects reloaded before import = 0
Number of asset objects unloaded after import = 3
========================================================================
Received Import Request.
  Time of request: 2026-09-19T15:00:31.3357535Z
  Time since last request: 0.0004407 seconds.
  importAddress: GUID: 320a7c2756434dc43b9ecca2585168b2 - Path: Packages/com.unity.collab-proxy/Editor/Assets/Images/d_iconzoomout@2x.png - Importer: ScriptedImporter/UnityEditor.QuickSearchModule:UnityEditor.Search:ASIAI0B
Importing 'GUID: 320a7c2756434dc43b9ecca2585168b2 - Path: Packages/com.unity.collab-proxy/Editor/Assets/Images/d_iconzoomout@2x.png - Importer: ScriptedImporter/UnityEditor.QuickSearchModule:UnityEditor.Search:ASIAI0B' with importer (ScriptedImporter : UnityEditor.QuickSearchModule:UnityEditor.Search:ASIAI0B)
Imported 'GUID: 320a7c2756434dc43b9ecca2585168b2' -> (Import Result ID: '197c41b5e14945ac262af9b409687be9') in 0.010 seconds [static and dynamic dependencies]. Details - ImportResultOutputID=a4679b61fd79bbc103a904f4aef0cd42 DependenciesID=f5b3b21cbffc58b98a6ce2c868ee656e StaticDependenciesID=4bce7393d97732f587e5215625e99797 
Number of updated asset objects reloaded before import = 0
Number of asset objects unloaded after import = 3
========================================================================
Received Import Request.
  Time of request: 2026-09-19T15:00:31.3634999Z
  Time since last request: 0.0006869 seconds.
  importAddress: GUID: f180c6addffab449cb6897ba994abec5 - Path: Packages/com.unity.collab-proxy/Editor/Assets/Images/d_iconplasticnotifypendingchangesandincoming.png - Importer: ScriptedImporter/UnityEditor.QuickSearchModule:UnityEditor.Search:ASIAI0B
Importing 'GUID: f180c6addffab449cb6897ba994abec5 - Path: Packages/com.unity.collab-proxy/Editor/Assets/Images/d_iconplasticnotifypendingchangesandincoming.png - Importer: ScriptedImporter/UnityEditor.QuickSearchModule:UnityEditor.Search:ASIAI0B' with importer (ScriptedImporter : UnityEditor.QuickSearchModule:UnityEditor.Search:ASIAI0B)
Imported 'GUID: f180c6addffab449cb6897ba994abec5' -> (Import Result ID: '90de268ceac2061fc142889e9195cd64') in 0.010 seconds [static and dynamic dependencies]. Details - ImportResultOutputID=6758b793052d28898e2c434a5953df64 DependenciesID=a2073f701e2796586e0b401c27f6b9f3 StaticDependenciesID=9524ef275cdfa73fd33c0b54c6aeee59 
Number of updated asset objects reloaded before import = 0
Number of asset objects unloaded after import = 3
========================================================================
Received Import Request.
  Time of request: 2026-09-19T15:00:31.3929347Z
  Time since last request: 0.0008751 seconds.
  importAddress: GUID: d83d26a46db2b504fbcfa6f2aae590b6 - Path: Packages/com.unity.collab-proxy/Editor/Assets/Images/d_iconretainedoverlay.png - Importer: ScriptedImporter/UnityEditor.QuickSearchModule:UnityEditor.Search:ASIAI0B
Importing 'GUID: d83d26a46db2b504fbcfa6f2aae590b6 - Path: Packages/com.unity.collab-proxy/Editor/Assets/Images/d_iconretainedoverlay.png - Importer: ScriptedImporter/UnityEditor.QuickSearchModule:UnityEditor.Search:ASIAI0B' with importer (ScriptedImporter : UnityEditor.QuickSearchModule:UnityEditor.Search:ASIAI0B)
Imported 'GUID: d83d26a46db2b504fbcfa6f2aae590b6' -> (Import Result ID: 'a98e72d12b3161287cbb8402e97f4312') in 0.008 seconds [static and dynamic dependencies]. Details - ImportResultOutputID=7cf56633fe4043526b178bfe6a9d1a96 DependenciesID=05a89ee433befc1aaf67bda812314b59 StaticDependenciesID=3a53f47b074983dabf31039a9fedf9e0 
Number of updated asset objects reloaded before import = 0
Number of asset objects unloaded after import = 3
========================================================================
Received Import Request.
  Time of request: 2026-09-19T15:00:31.4157059Z
  Time since last request: 0.000486 seconds.
  importAddress: GUID: fb519413feea947a6a64d10369922196 - Path: Packages/com.unity.collab-proxy/Editor/Assets/Images/d_iconzoomtofit@2x.png - Importer: ScriptedImporter/UnityEditor.QuickSearchModule:UnityEditor.Search:ASIAI0B
Importing 'GUID: fb519413feea947a6a64d10369922196 - Path: Packages/com.unity.collab-proxy/Editor/Assets/Images/d_iconzoomtofit@2x.png - Importer: ScriptedImporter/UnityEditor.QuickSearchModule:UnityEditor.Search:ASIAI0B' with importer (ScriptedImporter : UnityEditor.QuickSearchModule:UnityEditor.Search:ASIAI0B)
Imported 'GUID: fb519413feea947a6a64d10369922196' -> (Import Result ID: '36b2f6f4451d2f47f654107dd6e0ce7b') in 0.010 seconds [static and dynamic dependencies]. Details - ImportResultOutputID=6fed0c40b6ad6d96f1da302cb8034b52 DependenciesID=24814d6429899312c102ece14e9caadc StaticDependenciesID=bb5f3d6b5f77a4d26eb329e7d7fd3f27 
Number of updated asset objects reloaded before import = 0
Number of asset objects unloaded after import = 3
========================================================================
Received Import Request.
  Time of request: 2026-09-19T15:00:31.4428123Z
  Time since last request: 0.0004741 seconds.
  importAddress: GUID: fb6daef73b4fc4a12b9cbd4fb0fc4d0d - Path: Packages/com.unity.collab-proxy/Editor/Assets/Images/d_RGBAGreen@2x.png - Importer: ScriptedImporter/UnityEditor.QuickSearchModule:UnityEditor.Search:ASIAI0B
Importing 'GUID: fb6daef73b4fc4a12b9cbd4fb0fc4d0d - Path: Packages/com.unity.collab-proxy/Editor/Assets/Images/d_RGBAGreen@2x.png - Importer: ScriptedImporter/UnityEditor.QuickSearchModule:UnityEditor.Search:ASIAI0B' with importer (ScriptedImporter : UnityEditor.QuickSearchModule:UnityEditor.Search:ASIAI0B)
Imported 'GUID: fb6daef73b4fc4a12b9cbd4fb0fc4d0d' -> (Import Result ID: '907cbbff0f36c35a241e1ffc342179d8') in 0.009 seconds [static and dynamic dependencies]. Details - ImportResultOutputID=7692bcae35491a0d60a00c8ee8be76f2 DependenciesID=a2bedfd32d6a546636a1e486c3c33bbb StaticDependenciesID=3f0f7f6388b1e61ebcbdbbb0ee155c7e 
Number of updated asset objects reloaded before import = 0
Number of asset objects unloaded after import = 3
========================================================================
Received Import Request.
  Time of request: 2026-09-19T15:00:31.4661796Z
  Time since last request: 0.0007325 seconds.
  importAddress: GUID: 4a652ffb5816840768619c35903cb1fa - Path: Packages/com.unity.collab-proxy/Editor/Assets/Images/d_iconprivateoverlay.png - Importer: ScriptedImporter/UnityEditor.QuickSearchModule:UnityEditor.Search:ASIAI0B
Importing 'GUID: 4a652ffb5816840768619c35903cb1fa - Path: Packages/com.unity.collab-proxy/Editor/Assets/Images/d_iconprivateoverlay.png - Importer: ScriptedImporter/UnityEditor.QuickSearchModule:UnityEditor.Search:ASIAI0B' with importer (ScriptedImporter : UnityEditor.QuickSearchModule:UnityEditor.Search:ASIAI0B)
Imported 'GUID: 4a652ffb5816840768619c35903cb1fa' -> (Import Result ID: 'f9b4f3cee26d8783531915d58194d37a') in 0.009 seconds [static and dynamic dependencies]. Details - ImportResultOutputID=f20ffc3120066d188cd0700a0e0f8105 DependenciesID=17308ef3afd369021afcf7f19af954bc StaticDependenciesID=d72e59c3a92f0bb08e705c6893a2e84f 
Number of updated asset objects reloaded before import = 0
Number of asset objects unloaded after import = 3
========================================================================
Received Import Request.
  Time of request: 2026-09-19T15:00:31.488687Z
  Time since last request: 0.0005074 seconds.
  importAddress: GUID: cc036907824004dbfa9a0420b439ac67 - Path: Packages/com.unity.collab-proxy/Editor/Assets/Images/d_RGBARed.png - Importer: ScriptedImporter/UnityEditor.QuickSearchModule:UnityEditor.Search:ASIAI0B
Importing 'GUID: cc036907824004dbfa9a0420b439ac67 - Path: Packages/com.unity.collab-proxy/Editor/Assets/Images/d_RGBARed.png - Importer: ScriptedImporter/UnityEditor.QuickSearchModule:UnityEditor.Search:ASIAI0B' with importer (ScriptedImporter : UnityEditor.QuickSearchModule:UnityEditor.Search:ASIAI0B)
Imported 'GUID: cc036907824004dbfa9a0420b439ac67' -> (Import Result ID: '3a32a471dd72b2fe135b7df296cd8d66') in 0.008 seconds [static and dynamic dependencies]. Details - ImportResultOutputID=dab7132974a632d26276ca7b6014c96b DependenciesID=0e9bdce6f893ac85a40389d5ba376849 StaticDependenciesID=fb4c4d9ed5a12ff11fae706643f67d1e 
Number of updated asset objects reloaded before import = 0
Number of asset objects unloaded after import = 3
========================================================================
Received Import Request.
  Time of request: 2026-09-19T15:00:31.5133704Z
  Time since last request: 0.0004891 seconds.
  importAddress: GUID: 639dd667694184004a6f47c95ff5594b - Path: Packages/com.unity.collab-proxy/Editor/Assets/Images/d_RGBAAll@2x.png - Importer: ScriptedImporter/UnityEditor.QuickSearchModule:UnityEditor.Search:ASIAI0B
Importing 'GUID: 639dd667694184004a6f47c95ff5594b - Path: Packages/com.unity.collab-proxy/Editor/Assets/Images/d_RGBAAll@2x.png - Importer: ScriptedImporter/UnityEditor.QuickSearchModule:UnityEditor.Search:ASIAI0B' with importer (ScriptedImporter : UnityEditor.QuickSearchModule:UnityEditor.Search:ASIAI0B)
Imported 'GUID: 639dd667694184004a6f47c95ff5594b' -> (Import Result ID: '49f8a4e100107beba209945b0f21503f') in 0.011 seconds [static and dynamic dependencies]. Details - ImportResultOutputID=154921ed27420ad45d19a3e54f8ae7c2 DependenciesID=2202270da888f6d9c14c318585ec30fc StaticDependenciesID=3c47dd8987456ece367937bdacf0d8a6 
Number of updated asset objects reloaded before import = 0
Number of asset objects unloaded after import = 3
========================================================================
Received Import Request.
  Time of request: 2026-09-19T15:00:31.540527Z
  Time since last request: 0.0005634 seconds.
  importAddress: GUID: 51582ae5ea51fa14996791a550f89473 - Path: Packages/com.unity.collab-proxy/Editor/Assets/Images/d_iconplasticnotifyconflict.png - Importer: ScriptedImporter/UnityEditor.QuickSearchModule:UnityEditor.Search:ASIAI0B
Importing 'GUID: 51582ae5ea51fa14996791a550f89473 - Path: Packages/com.unity.collab-proxy/Editor/Assets/Images/d_iconplasticnotifyconflict.png - Importer: ScriptedImporter/UnityEditor.QuickSearchModule:UnityEditor.Search:ASIAI0B' with importer (ScriptedImporter : UnityEditor.QuickSearchModule:UnityEditor.Search:ASIAI0B)
Imported 'GUID: 51582ae5ea51fa14996791a550f89473' -> (Import Result ID: '63e0ac2d94c2a92b318c8ca0270fc81b') in 0.009 seconds [static and dynamic dependencies]. Details - ImportResultOutputID=da4400c35850b932f20c2eeb35e99320 DependenciesID=0024fed1cec896a262131d0d1b57f8c3 StaticDependenciesID=015446ffdbda40abd4b17492a0637354 
Number of updated asset objects reloaded before import = 0
Number of asset objects unloaded after import = 1
========================================================================
Received Import Request.
  Time of request: 2026-09-19T15:00:37.8926902Z
  Time since last request: 6.3266757 seconds.
  importAddress: GUID: 0ff35d4ec6d381941bdbe1fb4b6dbceb - Path: Packages/com.unity.collab-proxy/Editor/Assets/Images/iconclipboard@2x.png - Importer: ScriptedImporter/UnityEditor.QuickSearchModule:UnityEditor.Search:ASIAI0B
Importing 'GUID: 0ff35d4ec6d381941bdbe1fb4b6dbceb - Path: Packages/com.unity.collab-proxy/Editor/Assets/Images/iconclipboard@2x.png - Importer: ScriptedImporter/UnityEditor.QuickSearchModule:UnityEditor.Search:ASIAI0B' with importer (ScriptedImporter : UnityEditor.QuickSearchModule:UnityEditor.Search:ASIAI0B)
Imported 'GUID: 0ff35d4ec6d381941bdbe1fb4b6dbceb' -> (Import Result ID: '3a2dca9d4eb1a538dcf0dfa698f58330') in 0.006 seconds [static and dynamic dependencies]. Details - ImportResultOutputID=0dcac07750b8da524ddea9857e367240 DependenciesID=ca4329ceddd6e85cf1c820ae82b1d500 StaticDependenciesID=46ee640e9645b6bcdf7c3927cf2f0c83 
Number of updated asset objects reloaded before import = 0
Number of asset objects unloaded after import = 3
========================================================================
Received Import Request.
  Time of request: 2026-09-19T15:00:37.9676112Z
  Time since last request: 0.0004684 seconds.
  importAddress: GUID: f95f697d66d238446b1ab717def09945 - Path: Packages/com.unity.collab-proxy/Editor/Assets/Images/iconconflicted@2x.png - Importer: ScriptedImporter/UnityEditor.QuickSearchModule:UnityEditor.Search:ASIAI0B
Importing 'GUID: f95f697d66d238446b1ab717def09945 - Path: Packages/com.unity.collab-proxy/Editor/Assets/Images/iconconflicted@2x.png - Importer: ScriptedImporter/UnityEditor.QuickSearchModule:UnityEditor.Search:ASIAI0B' with importer (ScriptedImporter : UnityEditor.QuickSearchModule:UnityEditor.Search:ASIAI0B)
Imported 'GUID: f95f697d66d238446b1ab717def09945' -> (Import Result ID: '73b20520e2ff2dfb38d82defe44e1e3e') in 0.008 seconds [static and dynamic dependencies]. Details - ImportResultOutputID=5a3f9cf5d70aac694ecd22523f83a8dd DependenciesID=5bf71e32a3a136d99db6d51596fdf3ff StaticDependenciesID=6f4acea4d8417b946880c2c735cc0180 
Number of updated asset objects reloaded before import = 0
Number of asset objects unloaded after import = 1
========================================================================
Received Import Request.
  Time of request: 2026-09-19T15:00:37.9867889Z
  Time since last request: 0.0003865 seconds.
  importAddress: GUID: b85a4b2ec6433d04895612d791edc260 - Path: Packages/com.unity.collab-proxy/Editor/Assets/Images/icondeletedremote.png - Importer: ScriptedImporter/UnityEditor.QuickSearchModule:UnityEditor.Search:ASIAI0B
Importing 'GUID: b85a4b2ec6433d04895612d791edc260 - Path: Packages/com.unity.collab-proxy/Editor/Assets/Images/icondeletedremote.png - Importer: ScriptedImporter/UnityEditor.QuickSearchModule:UnityEditor.Search:ASIAI0B' with importer (ScriptedImporter : UnityEditor.QuickSearchModule:UnityEditor.Search:ASIAI0B)
Imported 'GUID: b85a4b2ec6433d04895612d791edc260' -> (Import Result ID: '98383e33459fecbf6c2e1f055efdfb0f') in 0.018 seconds [static and dynamic dependencies]. Details - ImportResultOutputID=82ed695fb93d651d577b9f2c0285214f DependenciesID=73171795de581034ec8e24885b00df42 StaticDependenciesID=0ba1eb02331ff361b51e26fb9dd2f4db 
Number of updated asset objects reloaded before import = 0
Number of asset objects unloaded after import = 1
========================================================================
Received Import Request.
  Time of request: 2026-09-19T15:00:38.0298318Z
  Time since last request: 0.0013111 seconds.
  importAddress: GUID: be423a54b981d38428de82ad12534629 - Path: Packages/com.unity.collab-proxy/Editor/Assets/Images/d_stepok.png - Importer: ScriptedImporter/UnityEditor.QuickSearchModule:UnityEditor.Search:ASIAI0B
Importing 'GUID: be423a54b981d38428de82ad12534629 - Path: Packages/com.unity.collab-proxy/Editor/Assets/Images/d_stepok.png - Importer: ScriptedImporter/UnityEditor.QuickSearchModule:UnityEditor.Search:ASIAI0B' with importer (ScriptedImporter : UnityEditor.QuickSearchModule:UnityEditor.Search:ASIAI0B)
Imported 'GUID: be423a54b981d38428de82ad12534629' -> (Import Result ID: 'e9568292c54350fd0feb4d5f11531a88') in 0.009 seconds [static and dynamic dependencies]. Details - ImportResultOutputID=6df5f05213f0b7c0669e206140945e92 DependenciesID=3e9b81a598c3abd898e2832e158adfee StaticDependenciesID=b9ec9f8b8558be2ab1fa4563d84ef806 
Number of updated asset objects reloaded before import = 0
Number of asset objects unloaded after import = 1
========================================================================
Received Import Request.
  Time of request: 2026-09-19T15:00:38.0651544Z
  Time since last request: 0.0007104 seconds.
  importAddress: GUID: cdb88fdb0cf46b244a667edaff21c7df - Path: Packages/com.unity.collab-proxy/Editor/Assets/Images/d_step2@2x.png - Importer: ScriptedImporter/UnityEditor.QuickSearchModule:UnityEditor.Search:ASIAI0B
Importing 'GUID: cdb88fdb0cf46b244a667edaff21c7df - Path: Packages/com.unity.collab-proxy/Editor/Assets/Images/d_step2@2x.png - Importer: ScriptedImporter/UnityEditor.QuickSearchModule:UnityEditor.Search:ASIAI0B' with importer (ScriptedImporter : UnityEditor.QuickSearchModule:UnityEditor.Search:ASIAI0B)
Imported 'GUID: cdb88fdb0cf46b244a667edaff21c7df' -> (Import Result ID: '5ea1cc7c51fda86979731b7b26e6e16b') in 0.012 seconds [static and dynamic dependencies]. Details - ImportResultOutputID=9baf28759f60edee9ba1b18eee655f4f DependenciesID=bfb8f06677664aaadfc50bf158d1ac10 StaticDependenciesID=95362a7299e4397aabcc158d8e9b8f6f 
Number of updated asset objects reloaded before import = 0
Number of asset objects unloaded after import = 1
========================================================================
Received Import Request.
  Time of request: 2026-09-19T15:00:38.0990954Z
  Time since last request: 0.0006734 seconds.
  importAddress: GUID: da545229eea36164d8b8cba2f75a1143 - Path: Packages/com.unity.collab-proxy/Editor/Assets/Images/iconemptygravatar@2x.png - Importer: ScriptedImporter/UnityEditor.QuickSearchModule:UnityEditor.Search:ASIAI0B
Importing 'GUID: da545229eea36164d8b8cba2f75a1143 - Path: Packages/com.unity.collab-proxy/Editor/Assets/Images/iconemptygravatar@2x.png - Importer: ScriptedImporter/UnityEditor.QuickSearchModule:UnityEditor.Search:ASIAI0B' with importer (ScriptedImporter : UnityEditor.QuickSearchModule:UnityEditor.Search:ASIAI0B)
Imported 'GUID: da545229eea36164d8b8cba2f75a1143' -> (Import Result ID: '34c7543dd2ebe1f75bf10cb0f99a8fae') in 0.011 seconds [static and dynamic dependencies]. Details - ImportResultOutputID=7c25da3ec4757ac62b26ee9fd2ee0838 DependenciesID=4c1df1b0db70ad31ba5c5c96717e5390 StaticDependenciesID=c6823a2824e0d852f21f29ed72352ee0 
Number of updated asset objects reloaded before import = 0
Number of asset objects unloaded after import = 1
========================================================================
Received Import Request.
  Time of request: 2026-09-19T15:00:38.1363048Z
  Time since last request: 0.0006425 seconds.
  importAddress: GUID: 92f52bf261791408fb5ad445ce645efb - Path: Packages/com.unity.collab-proxy/Editor/Assets/Images/icondiff@2x.png - Importer: ScriptedImporter/UnityEditor.QuickSearchModule:UnityEditor.Search:ASIAI0B
Importing 'GUID: 92f52bf261791408fb5ad445ce645efb - Path: Packages/com.unity.collab-proxy/Editor/Assets/Images/icondiff@2x.png - Importer: ScriptedImporter/UnityEditor.QuickSearchModule:UnityEditor.Search:ASIAI0B' with importer (ScriptedImporter : UnityEditor.QuickSearchModule:UnityEditor.Search:ASIAI0B)
Imported 'GUID: 92f52bf261791408fb5ad445ce645efb' -> (Import Result ID: '542f202230ddc58fbd590e18f8060fa1') in 0.010 seconds [static and dynamic dependencies]. Details - ImportResultOutputID=af15734f3a247af85a742c11c964b819 DependenciesID=e80f4bed8485d45463c0409dcfb44c63 StaticDependenciesID=b066fbdc31c9e6f93595b5d709e53cfb 
Number of updated asset objects reloaded before import = 0
Number of asset objects unloaded after import = 3
========================================================================
Received Import Request.
  Time of request: 2026-09-19T15:00:38.1650885Z
  Time since last request: 0.0009624 seconds.
  importAddress: GUID: a57d0bc93481bd844af3c2236db044f2 - Path: Packages/com.unity.collab-proxy/Editor/Assets/Images/iconaddedoverlay.png - Importer: ScriptedImporter/UnityEditor.QuickSearchModule:UnityEditor.Search:ASIAI0B
Importing 'GUID: a57d0bc93481bd844af3c2236db044f2 - Path: Packages/com.unity.collab-proxy/Editor/Assets/Images/iconaddedoverlay.png - Importer: ScriptedImporter/UnityEditor.QuickSearchModule:UnityEditor.Search:ASIAI0B' with importer (ScriptedImporter : UnityEditor.QuickSearchModule:UnityEditor.Search:ASIAI0B)
Imported 'GUID: a57d0bc93481bd844af3c2236db044f2' -> (Import Result ID: '6ae6e68867b7db6ffecf393d28db5701') in 0.013 seconds [static and dynamic dependencies]. Details - ImportResultOutputID=5852e7a1f993ed332973432154d8559a DependenciesID=e15b22820c3c93caa69f6a6a3edb8113 StaticDependenciesID=66c4d98a747af8cb9d6731951a008f2b 
Number of updated asset objects reloaded before import = 0
Number of asset objects unloaded after import = 3
========================================================================
Received Import Request.
  Time of request: 2026-09-19T15:00:38.2059771Z
  Time since last request: 0.000531 seconds.
  importAddress: GUID: 91976e8b9ce0f0341838727acd55621c - Path: Packages/com.unity.collab-proxy/Editor/Assets/Images/iconemptygravatar.png - Importer: ScriptedImporter/UnityEditor.QuickSearchModule:UnityEditor.Search:ASIAI0B
Importing 'GUID: 91976e8b9ce0f0341838727acd55621c - Path: Packages/com.unity.collab-proxy/Editor/Assets/Images/iconemptygravatar.png - Importer: ScriptedImporter/UnityEditor.QuickSearchModule:UnityEditor.Search:ASIAI0B' with importer (ScriptedImporter : UnityEditor.QuickSearchModule:UnityEditor.Search:ASIAI0B)
Imported 'GUID: 91976e8b9ce0f0341838727acd55621c' -> (Import Result ID: '014ac6973627fafcad3975fc8516b7b1') in 0.011 seconds [static and dynamic dependencies]. Details - ImportResultOutputID=26f8d8ba4b0038f807bca70185bd78b1 DependenciesID=992207a4cae91421a98acbe7d9b5bc43 StaticDependenciesID=2e94ea603313d2c8d397c7fabe9255e0 
Number of updated asset objects reloaded before import = 0
Number of asset objects unloaded after import = 1
========================================================================
Received Import Request.
  Time of request: 2026-09-19T15:00:38.2368372Z
  Time since last request: 0.0006704 seconds.
  importAddress: GUID: 13527793884104b46b7446fd7464c3ed - Path: Packages/com.unity.collab-proxy/Editor/Assets/Images/iconclosebutton.png - Importer: ScriptedImporter/UnityEditor.QuickSearchModule:UnityEditor.Search:ASIAI0B
Importing 'GUID: 13527793884104b46b7446fd7464c3ed - Path: Packages/com.unity.collab-proxy/Editor/Assets/Images/iconclosebutton.png - Importer: ScriptedImporter/UnityEditor.QuickSearchModule:UnityEditor.Search:ASIAI0B' with importer (ScriptedImporter : UnityEditor.QuickSearchModule:UnityEditor.Search:ASIAI0B)
Imported 'GUID: 13527793884104b46b7446fd7464c3ed' -> (Import Result ID: 'd2affb3f8a24a7af7ad5a1712e252a57') in 0.014 seconds [static and dynamic dependencies]. Details - ImportResultOutputID=86cdfffacc4b66896a83e4c7237b77ee DependenciesID=1f60684bf30c9bee75d3c1fe5d0f5339 StaticDependenciesID=fe86e10f13885989c9b6eaed6645ffa6 
Number of updated asset objects reloaded before import = 0
Number of asset objects unloaded after import = 1
========================================================================
Received Import Request.
  Time of request: 2026-09-19T15:00:38.2706543Z
  Time since last request: 0.0006259 seconds.
  importAddress: GUID: 38236a82ff44aaa4b972248479d5f970 - Path: Packages/com.unity.collab-proxy/Editor/Assets/Images/d_step1.png - Importer: ScriptedImporter/UnityEditor.QuickSearchModule:UnityEditor.Search:ASIAI0B
Importing 'GUID: 38236a82ff44aaa4b972248479d5f970 - Path: Packages/com.unity.collab-proxy/Editor/Assets/Images/d_step1.png - Importer: ScriptedImporter/UnityEditor.QuickSearchModule:UnityEditor.Search:ASIAI0B' with importer (ScriptedImporter : UnityEditor.QuickSearchModule:UnityEditor.Search:ASIAI0B)
Imported 'GUID: 38236a82ff44aaa4b972248479d5f970' -> (Import Result ID: '8bcb9ebbb49a0c203d0ead1a5c8b585f') in 0.011 seconds [static and dynamic dependencies]. Details - ImportResultOutputID=3c212233606c9af7095aa717fcce5b37 DependenciesID=58f6dd02cb25dad57ff69f32a1a5e02e StaticDependenciesID=5447f722b8b90fa4ce9db53eab101aec 
Number of updated asset objects reloaded before import = 0
Number of asset objects unloaded after import = 1
========================================================================
Received Import Request.
  Time of request: 2026-09-19T15:00:38.3015251Z
  Time since last request: 0.0004045 seconds.
  importAddress: GUID: 9aa4348290784b2468144a97eb15d8d7 - Path: Packages/com.unity.collab-proxy/Editor/Assets/Images/d_secondarytabclosehover@2x.png - Importer: ScriptedImporter/UnityEditor.QuickSearchModule:UnityEditor.Search:ASIAI0B
Importing 'GUID: 9aa4348290784b2468144a97eb15d8d7 - Path: Packages/com.unity.collab-proxy/Editor/Assets/Images/d_secondarytabclosehover@2x.png - Importer: ScriptedImporter/UnityEditor.QuickSearchModule:UnityEditor.Search:ASIAI0B' with importer (ScriptedImporter : UnityEditor.QuickSearchModule:UnityEditor.Search:ASIAI0B)
Imported 'GUID: 9aa4348290784b2468144a97eb15d8d7' -> (Import Result ID: 'a9dcd67b22451aab24a5f3f7fc335c1a') in 0.017 seconds [static and dynamic dependencies]. Details - ImportResultOutputID=b54c43ad584664de5557b626dc9fefbe DependenciesID=2c48f669cd1f1e8749b5d7edd727f390 StaticDependenciesID=b9f6686059cebb5a207d1892366d96b9 
Number of updated asset objects reloaded before import = 0
Number of asset objects unloaded after import = 1
========================================================================
Received Import Request.
  Time of request: 2026-09-19T15:00:38.3485168Z
  Time since last request: 0.0043498 seconds.
  importAddress: GUID: a67b58d6cddcd4345b1e001340de5a76 - Path: Packages/com.unity.collab-proxy/Editor/Assets/Images/iconaddedlocal@2x.png - Importer: ScriptedImporter/UnityEditor.QuickSearchModule:UnityEditor.Search:ASIAI0B
Importing 'GUID: a67b58d6cddcd4345b1e001340de5a76 - Path: Packages/com.unity.collab-proxy/Editor/Assets/Images/iconaddedlocal@2x.png - Importer: ScriptedImporter/UnityEditor.QuickSearchModule:UnityEditor.Search:ASIAI0B' with importer (ScriptedImporter : UnityEditor.QuickSearchModule:UnityEditor.Search:ASIAI0B)
Imported 'GUID: a67b58d6cddcd4345b1e001340de5a76' -> (Import Result ID: 'fc8eed91e633dc007cc07d505ae8903e') in 0.011 seconds [static and dynamic dependencies]. Details - ImportResultOutputID=e272d9264bf3557503b37fbe0cdf226e DependenciesID=4f33c88b0b9439062fc4afbc500066da StaticDependenciesID=8a39e618d61d6163ab21d5335efb76c2 
Number of updated asset objects reloaded before import = 0
Number of asset objects unloaded after import = 1
========================================================================
Received Import Request.
  Time of request: 2026-09-19T15:00:38.385284Z
  Time since last request: 0.0008736 seconds.
  importAddress: GUID: 3999034958d54364da380a8839a11050 - Path: Packages/com.unity.collab-proxy/Editor/Assets/Images/iconcheckedoutlocaloverlay@2x.png - Importer: ScriptedImporter/UnityEditor.QuickSearchModule:UnityEditor.Search:ASIAI0B
Importing 'GUID: 3999034958d54364da380a8839a11050 - Path: Packages/com.unity.collab-proxy/Editor/Assets/Images/iconcheckedoutlocaloverlay@2x.png - Importer: ScriptedImporter/UnityEditor.QuickSearchModule:UnityEditor.Search:ASIAI0B' with importer (ScriptedImporter : UnityEditor.QuickSearchModule:UnityEditor.Search:ASIAI0B)
Imported 'GUID: 3999034958d54364da380a8839a11050' -> (Import Result ID: '3876224f83ef45d18d5f26aac841e5f4') in 0.009 seconds [static and dynamic dependencies]. Details - ImportResultOutputID=fbdcc042b3449a9d78426dd1fce3b570 DependenciesID=a35aab4f0da58f07dfb111606318f4d0 StaticDependenciesID=90265c7509ccffe012c65d1e6fd2598c 
Number of updated asset objects reloaded before import = 0
Number of asset objects unloaded after import = 1
========================================================================
Received Import Request.
  Time of request: 2026-09-19T15:00:38.4135596Z
  Time since last request: 0.0008856 seconds.
  importAddress: GUID: 259fe6e49c74eb143a9fc88f6bd3f050 - Path: Packages/com.unity.collab-proxy/Editor/Assets/Images/iconclouddriveview@2x.png - Importer: ScriptedImporter/UnityEditor.QuickSearchModule:UnityEditor.Search:ASIAI0B
Importing 'GUID: 259fe6e49c74eb143a9fc88f6bd3f050 - Path: Packages/com.unity.collab-proxy/Editor/Assets/Images/iconclouddriveview@2x.png - Importer: ScriptedImporter/UnityEditor.QuickSearchModule:UnityEditor.Search:ASIAI0B' with importer (ScriptedImporter : UnityEditor.QuickSearchModule:UnityEditor.Search:ASIAI0B)
Imported 'GUID: 259fe6e49c74eb143a9fc88f6bd3f050' -> (Import Result ID: 'db919250cd858005ad0e81716107f697') in 0.011 seconds [static and dynamic dependencies]. Details - ImportResultOutputID=507352263c9d99700451acd89bb5cbd4 DependenciesID=7bf09fa3b9391de4a97b5e469809457b StaticDependenciesID=75fcf4dd8c700a6ceb9910fdd1906b9b 
Number of updated asset objects reloaded before import = 0
Number of asset objects unloaded after import = 3
========================================================================
Received Import Request.
  Time of request: 2026-09-19T15:00:38.4447208Z
  Time since last request: 0.00179 seconds.
  importAddress: GUID: a6219d44b6fc910449f7c3fee45db5c5 - Path: Packages/com.unity.collab-proxy/Editor/Assets/Images/iconbranches.png - Importer: ScriptedImporter/UnityEditor.QuickSearchModule:UnityEditor.Search:ASIAI0B
Importing 'GUID: a6219d44b6fc910449f7c3fee45db5c5 - Path: Packages/com.unity.collab-proxy/Editor/Assets/Images/iconbranches.png - Importer: ScriptedImporter/UnityEditor.QuickSearchModule:UnityEditor.Search:ASIAI0B' with importer (ScriptedImporter : UnityEditor.QuickSearchModule:UnityEditor.Search:ASIAI0B)
Imported 'GUID: a6219d44b6fc910449f7c3fee45db5c5' -> (Import Result ID: 'c9bc920971e6a2f95dd4f65e70935dfc') in 0.013 seconds [static and dynamic dependencies]. Details - ImportResultOutputID=56ef044b951463605a91973ff5368596 DependenciesID=d4055712ce5fe4414026d361505fb068 StaticDependenciesID=16b40b353f2d8ba0faffeba69f919bab 
Number of updated asset objects reloaded before import = 0
Number of asset objects unloaded after import = 1
========================================================================
Received Import Request.
  Time of request: 2026-09-19T15:00:38.4756133Z
  Time since last request: 0.0005132 seconds.
  importAddress: GUID: 87480bc179519ff4da25283c61c2573b - Path: Packages/com.unity.collab-proxy/Editor/Assets/Images/iconbrex.png - Importer: ScriptedImporter/UnityEditor.QuickSearchModule:UnityEditor.Search:ASIAI0B
Importing 'GUID: 87480bc179519ff4da25283c61c2573b - Path: Packages/com.unity.collab-proxy/Editor/Assets/Images/iconbrex.png - Importer: ScriptedImporter/UnityEditor.QuickSearchModule:UnityEditor.Search:ASIAI0B' with importer (ScriptedImporter : UnityEditor.QuickSearchModule:UnityEditor.Search:ASIAI0B)
Imported 'GUID: 87480bc179519ff4da25283c61c2573b' -> (Import Result ID: '8e270daeb00abea0fae3cb1d45246fa6') in 0.010 seconds [static and dynamic dependencies]. Details - ImportResultOutputID=ee2a254fc94cdf2161588266f5701c24 DependenciesID=48860c657598038a5938a6e1d61c8cd3 StaticDependenciesID=4cd7249d01c276b8e1b784d476457e9b 
Number of updated asset objects reloaded before import = 0
Number of asset objects unloaded after import = 3
========================================================================
Received Import Request.
  Time of request: 2026-09-19T15:00:38.5039325Z
  Time since last request: 0.0005749 seconds.
  importAddress: GUID: d80583d4126ca4f74bd2c5e97e49f70d - Path: Packages/com.unity.collab-proxy/Editor/Assets/Images/iconfirst.png - Importer: ScriptedImporter/UnityEditor.QuickSearchModule:UnityEditor.Search:ASIAI0B
Importing 'GUID: d80583d4126ca4f74bd2c5e97e49f70d - Path: Packages/com.unity.collab-proxy/Editor/Assets/Images/iconfirst.png - Importer: ScriptedImporter/UnityEditor.QuickSearchModule:UnityEditor.Search:ASIAI0B' with importer (ScriptedImporter : UnityEditor.QuickSearchModule:UnityEditor.Search:ASIAI0B)
Imported 'GUID: d80583d4126ca4f74bd2c5e97e49f70d' -> (Import Result ID: '3268a9e9103e843ccfc382f5ba05f3ad') in 0.010 seconds [static and dynamic dependencies]. Details - ImportResultOutputID=361c03383538ed9b573f587be71e90ab DependenciesID=04896c8c2ab4c4e05337bc6b32e4aeb1 StaticDependenciesID=288f9d11e1faec03c38eea0d7d70a7c4 
Number of updated asset objects reloaded before import = 0
Number of asset objects unloaded after import = 3
========================================================================
Received Import Request.
  Time of request: 2026-09-19T15:00:38.5321703Z
  Time since last request: 0.0004883 seconds.
  importAddress: GUID: c8a69ecdf54ac8e4b873466605de27ff - Path: Packages/com.unity.collab-proxy/Editor/Assets/Images/d_step1@2x.png - Importer: ScriptedImporter/UnityEditor.QuickSearchModule:UnityEditor.Search:ASIAI0B
Importing 'GUID: c8a69ecdf54ac8e4b873466605de27ff - Path: Packages/com.unity.collab-proxy/Editor/Assets/Images/d_step1@2x.png - Importer: ScriptedImporter/UnityEditor.QuickSearchModule:UnityEditor.Search:ASIAI0B' with importer (ScriptedImporter : UnityEditor.QuickSearchModule:UnityEditor.Search:ASIAI0B)
Imported 'GUID: c8a69ecdf54ac8e4b873466605de27ff' -> (Import Result ID: '41380b1b64cfbe91aa68ed46b9d4e94f') in 0.008 seconds [static and dynamic dependencies]. Details - ImportResultOutputID=dae9d7fa49b802a08300572c73fdcb30 DependenciesID=2d7be4d2d3a955ef9aaea7e8b5529fd9 StaticDependenciesID=f351437b5e0a1deeb6782093e4eb248d 
Number of updated asset objects reloaded before import = 0
Number of asset objects unloaded after import = 1
========================================================================
Received Import Request.
  Time of request: 2026-09-19T15:00:38.5575542Z
  Time since last request: 0.0005438 seconds.
  importAddress: GUID: 8ebb93c64d7a141569a153a9d4fe9ae2 - Path: Packages/com.unity.collab-proxy/Editor/Assets/Images/exclusionrule.png - Importer: ScriptedImporter/UnityEditor.QuickSearchModule:UnityEditor.Search:ASIAI0B
Importing 'GUID: 8ebb93c64d7a141569a153a9d4fe9ae2 - Path: Packages/com.unity.collab-proxy/Editor/Assets/Images/exclusionrule.png - Importer: ScriptedImporter/UnityEditor.QuickSearchModule:UnityEditor.Search:ASIAI0B' with importer (ScriptedImporter : UnityEditor.QuickSearchModule:UnityEditor.Search:ASIAI0B)
Imported 'GUID: 8ebb93c64d7a141569a153a9d4fe9ae2' -> (Import Result ID: '2210740aa9edde127da07e38e1e09c02') in 0.010 seconds [static and dynamic dependencies]. Details - ImportResultOutputID=3f1891d8f1dcf6d45116d580e2d502b1 DependenciesID=a68843d62f603331287b29a4683b4e44 StaticDependenciesID=eb0633b68b81f78edb0862b311a2de59 
Number of updated asset objects reloaded before import = 0
Number of asset objects unloaded after import = 3
========================================================================
Received Import Request.
  Time of request: 2026-09-19T15:00:38.6199867Z
  Time since last request: 0.0369813 seconds.
  importAddress: GUID: 20894f77802694ca2b9afb02a7388138 - Path: Packages/com.unity.collab-proxy/Editor/Assets/Images/iconprivateoverlay@2x.png - Importer: ScriptedImporter/UnityEditor.QuickSearchModule:UnityEditor.Search:ASIAI0B
Importing 'GUID: 20894f77802694ca2b9afb02a7388138 - Path: Packages/com.unity.collab-proxy/Editor/Assets/Images/iconprivateoverlay@2x.png - Importer: ScriptedImporter/UnityEditor.QuickSearchModule:UnityEditor.Search:ASIAI0B' with importer (ScriptedImporter : UnityEditor.QuickSearchModule:UnityEditor.Search:ASIAI0B)
Imported 'GUID: 20894f77802694ca2b9afb02a7388138' -> (Import Result ID: '6b5d1522c8471cf88591442538a8939d') in 0.013 seconds [static and dynamic dependencies]. Details - ImportResultOutputID=001296bee743d6730a687ed4fa485328 DependenciesID=13a34af41c0ef53cfa66785e97397d8a StaticDependenciesID=f5fa6a8349d6b67f788839a623466909 
Number of updated asset objects reloaded before import = 0
Number of asset objects unloaded after import = 3
========================================================================
Received Import Request.
  Time of request: 2026-09-19T15:00:38.6501507Z
  Time since last request: 0.0004125 seconds.
  importAddress: GUID: e73eb87336d0d0846a48f288248f52eb - Path: Packages/com.unity.collab-proxy/Editor/Assets/Images/iconretainedoverlay.png - Importer: ScriptedImporter/UnityEditor.QuickSearchModule:UnityEditor.Search:ASIAI0B
Importing 'GUID: e73eb87336d0d0846a48f288248f52eb - Path: Packages/com.unity.collab-proxy/Editor/Assets/Images/iconretainedoverlay.png - Importer: ScriptedImporter/UnityEditor.QuickSearchModule:UnityEditor.Search:ASIAI0B' with importer (ScriptedImporter : UnityEditor.QuickSearchModule:UnityEditor.Search:ASIAI0B)
Imported 'GUID: e73eb87336d0d0846a48f288248f52eb' -> (Import Result ID: 'c98bea00fbab73bc35e701bf54b2d97d') in 0.010 seconds [static and dynamic dependencies]. Details - ImportResultOutputID=1bf4ab4211764d268d2be6966ba09313 DependenciesID=558a9d8487a09adfd489df780d0ac2de StaticDependenciesID=1a8315f2dd9af1b104271cd0343f11e3 
Number of updated asset objects reloaded before import = 0
Number of asset objects unloaded after import = 3
========================================================================
Received Import Request.
  Time of request: 2026-09-19T15:00:38.6755902Z
  Time since last request: 0.0005935 seconds.
  importAddress: GUID: 67e680da36c60e245ab0176daa656da5 - Path: Packages/com.unity.collab-proxy/Editor/Assets/Images/iconpackageupdateavailable@2x.png - Importer: ScriptedImporter/UnityEditor.QuickSearchModule:UnityEditor.Search:ASIAI0B
Importing 'GUID: 67e680da36c60e245ab0176daa656da5 - Path: Packages/com.unity.collab-proxy/Editor/Assets/Images/iconpackageupdateavailable@2x.png - Importer: ScriptedImporter/UnityEditor.QuickSearchModule:UnityEditor.Search:ASIAI0B' with importer (ScriptedImporter : UnityEditor.QuickSearchModule:UnityEditor.Search:ASIAI0B)
Imported 'GUID: 67e680da36c60e245ab0176daa656da5' -> (Import Result ID: 'ef372b5179535a32f91f172164006564') in 0.010 seconds [static and dynamic dependencies]. Details - ImportResultOutputID=fd83d370494acf7b9f1539d6878ba96f DependenciesID=4158e4bee385fe9ba05ea92afa9620f2 StaticDependenciesID=2f0e3d2e3c58d27ba059ed330e67d15e 
Number of updated asset objects reloaded before import = 0
Number of asset objects unloaded after import = 3
========================================================================
Received Import Request.
  Time of request: 2026-09-19T15:00:38.7114521Z
  Time since last request: 0.0004487 seconds.
  importAddress: GUID: f42a69ee6b34c4a8eb57e17686d6ab67 - Path: Packages/com.unity.collab-proxy/Editor/Assets/Images/iconhistory.png - Importer: ScriptedImporter/UnityEditor.QuickSearchModule:UnityEditor.Search:ASIAI0B
Importing 'GUID: f42a69ee6b34c4a8eb57e17686d6ab67 - Path: Packages/com.unity.collab-proxy/Editor/Assets/Images/iconhistory.png - Importer: ScriptedImporter/UnityEditor.QuickSearchModule:UnityEditor.Search:ASIAI0B' with importer (ScriptedImporter : UnityEditor.QuickSearchModule:UnityEditor.Search:ASIAI0B)
Imported 'GUID: f42a69ee6b34c4a8eb57e17686d6ab67' -> (Import Result ID: '310579cba74c73e6d0501213256c9dd4') in 0.012 seconds [static and dynamic dependencies]. Details - ImportResultOutputID=d63707d98141f55e859f2ade6e633f4f DependenciesID=ba23749b28f472e82ee99388b149a9ec StaticDependenciesID=a6c97cb38ca8c525a24137edb61a6df0 
Number of updated asset objects reloaded before import = 0
Number of asset objects unloaded after import = 3
========================================================================
Received Import Request.
  Time of request: 2026-09-19T15:00:38.7404009Z
  Time since last request: 0.0007364 seconds.
  importAddress: GUID: 58f6d5934224b4bb0a67d67e45a6654b - Path: Packages/com.unity.collab-proxy/Editor/Assets/Images/iconpendingchangesview@2x.png - Importer: ScriptedImporter/UnityEditor.QuickSearchModule:UnityEditor.Search:ASIAI0B
Importing 'GUID: 58f6d5934224b4bb0a67d67e45a6654b - Path: Packages/com.unity.collab-proxy/Editor/Assets/Images/iconpendingchangesview@2x.png - Importer: ScriptedImporter/UnityEditor.QuickSearchModule:UnityEditor.Search:ASIAI0B' with importer (ScriptedImporter : UnityEditor.QuickSearchModule:UnityEditor.Search:ASIAI0B)
Imported 'GUID: 58f6d5934224b4bb0a67d67e45a6654b' -> (Import Result ID: '0825294997328eb0549954bd3f3a84dc') in 0.012 seconds [static and dynamic dependencies]. Details - ImportResultOutputID=54c1fd1ae32990634a850c3353149dd7 DependenciesID=7b916d24aa9294eba57b1fe612f6eeac StaticDependenciesID=3e1950e46a8aa61ec3368986f8e5413e 
Number of updated asset objects reloaded before import = 0
Number of asset objects unloaded after import = 3
========================================================================
Received Import Request.
  Time of request: 2026-09-19T15:00:38.7699328Z
  Time since last request: 0.0003447 seconds.
  importAddress: GUID: 28080b664b5d94db885a04224cf2967c - Path: Packages/com.unity.collab-proxy/Editor/Assets/Images/iconoriginalsize@2x.png - Importer: ScriptedImporter/UnityEditor.QuickSearchModule:UnityEditor.Search:ASIAI0B
Importing 'GUID: 28080b664b5d94db885a04224cf2967c - Path: Packages/com.unity.collab-proxy/Editor/Assets/Images/iconoriginalsize@2x.png - Importer: ScriptedImporter/UnityEditor.QuickSearchModule:UnityEditor.Search:ASIAI0B' with importer (ScriptedImporter : UnityEditor.QuickSearchModule:UnityEditor.Search:ASIAI0B)
Imported 'GUID: 28080b664b5d94db885a04224cf2967c' -> (Import Result ID: '2f18b65341587d8ee346243166bc44e0') in 0.011 seconds [static and dynamic dependencies]. Details - ImportResultOutputID=172e05532f1352f2c9a5a37f7677b2fb DependenciesID=05a4ed60fcc2556eb01b7fb3ab838854 StaticDependenciesID=00325e6f305f6297d4eb76864ae85f10 
Number of updated asset objects reloaded before import = 0
Number of asset objects unloaded after import = 3
========================================================================
Received Import Request.
  Time of request: 2026-09-19T15:00:38.7983483Z
  Time since last request: 0.0004121 seconds.
  importAddress: GUID: b528c1b33a65cf94ea74f830b54c9acb - Path: Packages/com.unity.collab-proxy/Editor/Assets/Images/iconlockedlocaloverlay@2x.png - Importer: ScriptedImporter/UnityEditor.QuickSearchModule:UnityEditor.Search:ASIAI0B
Importing 'GUID: b528c1b33a65cf94ea74f830b54c9acb - Path: Packages/com.unity.collab-proxy/Editor/Assets/Images/iconlockedlocaloverlay@2x.png - Importer: ScriptedImporter/UnityEditor.QuickSearchModule:UnityEditor.Search:ASIAI0B' with importer (ScriptedImporter : UnityEditor.QuickSearchModule:UnityEditor.Search:ASIAI0B)
Imported 'GUID: b528c1b33a65cf94ea74f830b54c9acb' -> (Import Result ID: '90135cd2a69389865daddbcf669db02b') in 0.009 seconds [static and dynamic dependencies]. Details - ImportResultOutputID=7a64ab0bee16875221607c3d7a4a9e2d DependenciesID=436f13f0dec3bbfba1ee39311ccdea36 StaticDependenciesID=c32e08c5a1698f58aa2aedc71225cb46 
Number of updated asset objects reloaded before import = 0
Number of asset objects unloaded after import = 1
========================================================================
Received Import Request.
  Time of request: 2026-09-19T15:00:38.8228001Z
  Time since last request: 0.0007878 seconds.
  importAddress: GUID: f73a7d8758d7be04588b15637d94b5a8 - Path: Packages/com.unity.collab-proxy/Editor/Assets/Images/iconlockedremoteoverlay@2x.png - Importer: ScriptedImporter/UnityEditor.QuickSearchModule:UnityEditor.Search:ASIAI0B
Importing 'GUID: f73a7d8758d7be04588b15637d94b5a8 - Path: Packages/com.unity.collab-proxy/Editor/Assets/Images/iconlockedremoteoverlay@2x.png - Importer: ScriptedImporter/UnityEditor.QuickSearchModule:UnityEditor.Search:ASIAI0B' with importer (ScriptedImporter : UnityEditor.QuickSearchModule:UnityEditor.Search:ASIAI0B)
Imported 'GUID: f73a7d8758d7be04588b15637d94b5a8' -> (Import Result ID: 'b27bee7fb865ffef439dcda1e533d03f') in 0.009 seconds [static and dynamic dependencies]. Details - ImportResultOutputID=bc3429687b29b4a6a5c9ef5871c92c7e DependenciesID=a927872ace0ff1f44cc394dba9e6871a StaticDependenciesID=48368111e02221dc4afcc41dc121cce6 
Number of updated asset objects reloaded before import = 0
Number of asset objects unloaded after import = 1
========================================================================
Received Import Request.
  Time of request: 2026-09-19T15:00:38.8500193Z
  Time since last request: 0.000433 seconds.
  importAddress: GUID: ae869fe6797f4454cbbf417d87ff637c - Path: Packages/com.unity.collab-proxy/Editor/Assets/Images/iconplasticnotifyincoming@2x.png - Importer: ScriptedImporter/UnityEditor.QuickSearchModule:UnityEditor.Search:ASIAI0B
Importing 'GUID: ae869fe6797f4454cbbf417d87ff637c - Path: Packages/com.unity.collab-proxy/Editor/Assets/Images/iconplasticnotifyincoming@2x.png - Importer: ScriptedImporter/UnityEditor.QuickSearchModule:UnityEditor.Search:ASIAI0B' with importer (ScriptedImporter : UnityEditor.QuickSearchModule:UnityEditor.Search:ASIAI0B)
Imported 'GUID: ae869fe6797f4454cbbf417d87ff637c' -> (Import Result ID: '126a6d2a2d7fc720828bd19596d70b77') in 0.009 seconds [static and dynamic dependencies]. Details - ImportResultOutputID=dc2a49160d19b9873560671bbaa3d3d2 DependenciesID=15b1ab8dfc0aa504e69ed3156a9fa1ac StaticDependenciesID=db000ed16c8376327a56dffab55d9085 
Number of updated asset objects reloaded before import = 0
Number of asset objects unloaded after import = 1
========================================================================
Received Import Request.
  Time of request: 2026-09-19T15:00:38.8776527Z
  Time since last request: 0.0005662 seconds.
  importAddress: GUID: 97a4e2b6ae08b1140a5ba9e22953e029 - Path: Packages/com.unity.collab-proxy/Editor/Assets/Images/iconplasticview@2x.png - Importer: ScriptedImporter/UnityEditor.QuickSearchModule:UnityEditor.Search:ASIAI0B
Importing 'GUID: 97a4e2b6ae08b1140a5ba9e22953e029 - Path: Packages/com.unity.collab-proxy/Editor/Assets/Images/iconplasticview@2x.png - Importer: ScriptedImporter/UnityEditor.QuickSearchModule:UnityEditor.Search:ASIAI0B' with importer (ScriptedImporter : UnityEditor.QuickSearchModule:UnityEditor.Search:ASIAI0B)
Imported 'GUID: 97a4e2b6ae08b1140a5ba9e22953e029' -> (Import Result ID: '428fd048c56d8020f62b3d322d121d7d') in 0.008 seconds [static and dynamic dependencies]. Details - ImportResultOutputID=8877553549a89bebc788a257ddb9a38c DependenciesID=9e6ec3291d2c91b943b971392e159609 StaticDependenciesID=cb0a194432bf014ea05399f462a5a2f9 
Number of updated asset objects reloaded before import = 0
Number of asset objects unloaded after import = 1
========================================================================
Received Import Request.
  Time of request: 2026-09-19T15:00:38.9046385Z
  Time since last request: 0.0006391 seconds.
  importAddress: GUID: c7bee029a895b44cfb249d7cd63d13af - Path: Packages/com.unity.collab-proxy/Editor/Assets/Images/iconmovedoverlay@2x.png - Importer: ScriptedImporter/UnityEditor.QuickSearchModule:UnityEditor.Search:ASIAI0B
Importing 'GUID: c7bee029a895b44cfb249d7cd63d13af - Path: Packages/com.unity.collab-proxy/Editor/Assets/Images/iconmovedoverlay@2x.png - Importer: ScriptedImporter/UnityEditor.QuickSearchModule:UnityEditor.Search:ASIAI0B' with importer (ScriptedImporter : UnityEditor.QuickSearchModule:UnityEditor.Search:ASIAI0B)
Imported 'GUID: c7bee029a895b44cfb249d7cd63d13af' -> (Import Result ID: 'ea3aab357e31d0659a53188620c69501') in 0.014 seconds [static and dynamic dependencies]. Details - ImportResultOutputID=7da345552d13a809add37f780a151471 DependenciesID=1438d3ff6b33f3cf293e20436f793cbb StaticDependenciesID=0f505ebc0f42d10c0aaf6b704c65796e 
Number of updated asset objects reloaded before import = 0
Number of asset objects unloaded after import = 3
========================================================================
Received Import Request.
  Time of request: 2026-09-19T15:00:38.9327559Z
  Time since last request: 0.000504 seconds.
  importAddress: GUID: 830164d71b9d60c40b606822b957d10b - Path: Packages/com.unity.collab-proxy/Editor/Assets/Images/iconinfobellnotification@2x.png - Importer: ScriptedImporter/UnityEditor.QuickSearchModule:UnityEditor.Search:ASIAI0B
Importing 'GUID: 830164d71b9d60c40b606822b957d10b - Path: Packages/com.unity.collab-proxy/Editor/Assets/Images/iconinfobellnotification@2x.png - Importer: ScriptedImporter/UnityEditor.QuickSearchModule:UnityEditor.Search:ASIAI0B' with importer (ScriptedImporter : UnityEditor.QuickSearchModule:UnityEditor.Search:ASIAI0B)
Imported 'GUID: 830164d71b9d60c40b606822b957d10b' -> (Import Result ID: 'c0745484ac664cb5337c210d7c73e8ff') in 0.009 seconds [static and dynamic dependencies]. Details - ImportResultOutputID=2c4fb96bfacfaecf74e4e7782432843a DependenciesID=32e7d2e9ea2056d8538fcb99ce60d032 StaticDependenciesID=feed90311f8ee799b5db0b095bedbf3b 
Number of updated asset objects reloaded before import = 0
Number of asset objects unloaded after import = 3
========================================================================
Received Import Request.
  Time of request: 2026-09-19T15:00:38.9610581Z
  Time since last request: 0.0007015 seconds.
  importAddress: GUID: 40e23f4f2fddc724db517c63f4d8990d - Path: Packages/com.unity.collab-proxy/Editor/Assets/Images/iconinviteusers.png - Importer: ScriptedImporter/UnityEditor.QuickSearchModule:UnityEditor.Search:ASIAI0B
Importing 'GUID: 40e23f4f2fddc724db517c63f4d8990d - Path: Packages/com.unity.collab-proxy/Editor/Assets/Images/iconinviteusers.png - Importer: ScriptedImporter/UnityEditor.QuickSearchModule:UnityEditor.Search:ASIAI0B' with importer (ScriptedImporter : UnityEditor.QuickSearchModule:UnityEditor.Search:ASIAI0B)
Imported 'GUID: 40e23f4f2fddc724db517c63f4d8990d' -> (Import Result ID: 'daba3f7c84a25ce4221ccddd5e2acd07') in 0.010 seconds [static and dynamic dependencies]. Details - ImportResultOutputID=63ce5f9b18841bd989c5f96f6d088fae DependenciesID=b32769781a077f0556ce528ff4ed4caa StaticDependenciesID=3ea19eacfce798aed62dfaadc73dba9f 
Number of updated asset objects reloaded before import = 0
Number of asset objects unloaded after import = 3
========================================================================
Received Import Request.
  Time of request: 2026-09-19T15:00:38.9874121Z
  Time since last request: 0.0005714 seconds.
  importAddress: GUID: d63fb8a8a3f06407e8e712a29a3499c0 - Path: Packages/com.unity.collab-proxy/Editor/Assets/Images/iconmovedoverlay.png - Importer: ScriptedImporter/UnityEditor.QuickSearchModule:UnityEditor.Search:ASIAI0B
Importing 'GUID: d63fb8a8a3f06407e8e712a29a3499c0 - Path: Packages/com.unity.collab-proxy/Editor/Assets/Images/iconmovedoverlay.png - Importer: ScriptedImporter/UnityEditor.QuickSearchModule:UnityEditor.Search:ASIAI0B' with importer (ScriptedImporter : UnityEditor.QuickSearchModule:UnityEditor.Search:ASIAI0B)
Imported 'GUID: d63fb8a8a3f06407e8e712a29a3499c0' -> (Import Result ID: 'd745978c94061c4bd4676de06b273bb2') in 0.007 seconds [static and dynamic dependencies]. Details - ImportResultOutputID=02fe643ac2e6511eccc474a42699d171 DependenciesID=9c41e7cdf1cfbca04ea6b691946264b1 StaticDependenciesID=ea3985b8a26926261888b68893d1b905 
Number of updated asset objects reloaded before import = 0
Number of asset objects unloaded after import = 3
========================================================================
Received Import Request.
  Time of request: 2026-09-19T15:00:39.0118622Z
  Time since last request: 0.0006496 seconds.
  importAddress: GUID: dcb2ee37925b97e438ae244996d81a55 - Path: Packages/com.unity.collab-proxy/Editor/Assets/Images/iconplasticview.png - Importer: ScriptedImporter/UnityEditor.QuickSearchModule:UnityEditor.Search:ASIAI0B
Importing 'GUID: dcb2ee37925b97e438ae244996d81a55 - Path: Packages/com.unity.collab-proxy/Editor/Assets/Images/iconplasticview.png - Importer: ScriptedImporter/UnityEditor.QuickSearchModule:UnityEditor.Search:ASIAI0B' with importer (ScriptedImporter : UnityEditor.QuickSearchModule:UnityEditor.Search:ASIAI0B)
Imported 'GUID: dcb2ee37925b97e438ae244996d81a55' -> (Import Result ID: 'eadb8d7dfe18cc560a7b970f029b30b0') in 0.009 seconds [static and dynamic dependencies]. Details - ImportResultOutputID=440e8686692cc8621f7777b5192b3802 DependenciesID=be2aa69659d691f201754dfa48acd1bb StaticDependenciesID=b2aba09edda88637dfbdf342267dd5ea 
Number of updated asset objects reloaded before import = 0
Number of asset objects unloaded after import = 1
========================================================================
Received Import Request.
  Time of request: 2026-09-19T15:00:39.0386547Z
  Time since last request: 0.0005837 seconds.
  importAddress: GUID: 695fbddd7238dc94c8f102d9191c2886 - Path: Packages/com.unity.collab-proxy/Editor/Assets/Images/iconshelve@2x.png - Importer: ScriptedImporter/UnityEditor.QuickSearchModule:UnityEditor.Search:ASIAI0B
Importing 'GUID: 695fbddd7238dc94c8f102d9191c2886 - Path: Packages/com.unity.collab-proxy/Editor/Assets/Images/iconshelve@2x.png - Importer: ScriptedImporter/UnityEditor.QuickSearchModule:UnityEditor.Search:ASIAI0B' with importer (ScriptedImporter : UnityEditor.QuickSearchModule:UnityEditor.Search:ASIAI0B)
Imported 'GUID: 695fbddd7238dc94c8f102d9191c2886' -> (Import Result ID: 'b5149034dfce6145e14be7690f21a732') in 0.014 seconds [static and dynamic dependencies]. Details - ImportResultOutputID=78acd92d40884362b00284eb1c684cc3 DependenciesID=145f1a38d34c047478b8521e075a8c3f StaticDependenciesID=1ba423301422d949b44551a4fbd0058d 
Number of updated asset objects reloaded before import = 0
Number of asset objects unloaded after import = 3
========================================================================
Received Import Request.
  Time of request: 2026-09-19T15:00:39.0993544Z
  Time since last request: 0.0260982 seconds.
  importAddress: GUID: 90945345530e7174eb4f0575a0bec0bf - Path: Packages/com.unity.collab-proxy/Editor/Assets/Styles/WaitingSignInPanel.uss - Importer: ScriptedImporter/UnityEditor.QuickSearchModule:UnityEditor.Search:ASIAI0B
Importing 'GUID: 90945345530e7174eb4f0575a0bec0bf - Path: Packages/com.unity.collab-proxy/Editor/Assets/Styles/WaitingSignInPanel.uss - Importer: ScriptedImporter/UnityEditor.QuickSearchModule:UnityEditor.Search:ASIAI0B' with importer (ScriptedImporter : UnityEditor.QuickSearchModule:UnityEditor.Search:ASIAI0B)
Imported 'GUID: 90945345530e7174eb4f0575a0bec0bf' -> (Import Result ID: '751a31924f3ba30a63edbc28b24dec88') in 0.087 seconds [static and dynamic dependencies]. Details - ImportResultOutputID=dcc04be32103994abe852e8186c4ccb9 DependenciesID=544ef27364c8583c8123ec591093460c StaticDependenciesID=0d15a769da3ca7c27d4bbd7656e2eccd 
Number of updated asset objects reloaded before import = 0
Number of asset objects unloaded after import = 2
========================================================================
Received Import Request.
  Time of request: 2026-09-19T15:00:39.2061478Z
  Time since last request: 0.0004631 seconds.
  importAddress: GUID: 3073089003718474ab284d743790fbb2 - Path: Packages/com.unity.collab-proxy/Editor/Assets/Styles/DownloadPlasticExeDialog.uss - Importer: ScriptedImporter/UnityEditor.QuickSearchModule:UnityEditor.Search:ASIAI0B
Importing 'GUID: 3073089003718474ab284d743790fbb2 - Path: Packages/com.unity.collab-proxy/Editor/Assets/Styles/DownloadPlasticExeDialog.uss - Importer: ScriptedImporter/UnityEditor.QuickSearchModule:UnityEditor.Search:ASIAI0B' with importer (ScriptedImporter : UnityEditor.QuickSearchModule:UnityEditor.Search:ASIAI0B)
Imported 'GUID: 3073089003718474ab284d743790fbb2' -> (Import Result ID: 'b5373ce94c49720c430c36da978baa57') in 0.006 seconds [static and dynamic dependencies]. Details - ImportResultOutputID=a333faff481925976a982a76649b62ef DependenciesID=1f6cf7b74c00cb5eb4cd956d49275072 StaticDependenciesID=86afbbf143c87b46c767a68df1c1b1f3 
Number of updated asset objects reloaded before import = 0
Number of asset objects unloaded after import = 2
========================================================================
Received Import Request.
  Time of request: 2026-09-19T15:00:39.2457495Z
  Time since last request: 0.000791 seconds.
  importAddress: GUID: d0a8e201e79e1f441bdf295aef957220 - Path: Packages/com.unity.collab-proxy/Editor/Assets/Layouts/TabView.uxml - Importer: ScriptedImporter/UnityEditor.QuickSearchModule:UnityEditor.Search:ASIAI0B
Importing 'GUID: d0a8e201e79e1f441bdf295aef957220 - Path: Packages/com.unity.collab-proxy/Editor/Assets/Layouts/TabView.uxml - Importer: ScriptedImporter/UnityEditor.QuickSearchModule:UnityEditor.Search:ASIAI0B' with importer (ScriptedImporter : UnityEditor.QuickSearchModule:UnityEditor.Search:ASIAI0B)
Imported 'GUID: d0a8e201e79e1f441bdf295aef957220' -> (Import Result ID: '9bfcade03568ad1bd8aafe9093b5e317') in 0.154 seconds [static and dynamic dependencies]. Details - ImportResultOutputID=99d28098a2cdebe23c024a15068afd85 DependenciesID=dcfd05a240c9a96df0bd8c22e15b7019 StaticDependenciesID=2d51e09270bf505b4d4b42abbff6521e 
Number of updated asset objects reloaded before import = 0
Number of asset objects unloaded after import = 2
========================================================================
Received Import Request.
  Time of request: 2026-09-19T15:00:39.4189549Z
  Time since last request: 0.0007509 seconds.
  importAddress: GUID: 8ae8063bfa41044ddaa5c5c70943e142 - Path: Packages/com.unity.collab-proxy/Editor/Assets/Images/RGBAGreen.png - Importer: ScriptedImporter/UnityEditor.QuickSearchModule:UnityEditor.Search:ASIAI0B
Importing 'GUID: 8ae8063bfa41044ddaa5c5c70943e142 - Path: Packages/com.unity.collab-proxy/Editor/Assets/Images/RGBAGreen.png - Importer: ScriptedImporter/UnityEditor.QuickSearchModule:UnityEditor.Search:ASIAI0B' with importer (ScriptedImporter : UnityEditor.QuickSearchModule:UnityEditor.Search:ASIAI0B)
Imported 'GUID: 8ae8063bfa41044ddaa5c5c70943e142' -> (Import Result ID: 'a360fd647f21d5659879ea110ee932f5') in 0.013 seconds [static and dynamic dependencies]. Details - ImportResultOutputID=af683d97ed900062dfbd75d25ed3d732 DependenciesID=5aec973c63dc20f607bbcaae8a795e6f StaticDependenciesID=1af979c0215226feb5818e3051c14c2b 
Number of updated asset objects reloaded before import = 0
Number of asset objects unloaded after import = 3
========================================================================
Received Import Request.
  Time of request: 2026-09-19T15:00:39.4573905Z
  Time since last request: 0.0008103 seconds.
  importAddress: GUID: 26d3a583da6079145a52a8bef4beb6c5 - Path: Packages/com.unity.collab-proxy/Editor/Assets/Layouts/TeamEditionConfigurationWindow.uxml - Importer: ScriptedImporter/UnityEditor.QuickSearchModule:UnityEditor.Search:ASIAI0B
Importing 'GUID: 26d3a583da6079145a52a8bef4beb6c5 - Path: Packages/com.unity.collab-proxy/Editor/Assets/Layouts/TeamEditionConfigurationWindow.uxml - Importer: ScriptedImporter/UnityEditor.QuickSearchModule:UnityEditor.Search:ASIAI0B' with importer (ScriptedImporter : UnityEditor.QuickSearchModule:UnityEditor.Search:ASIAI0B)
Imported 'GUID: 26d3a583da6079145a52a8bef4beb6c5' -> (Import Result ID: '3c840fdb199b319f00fae44215b5e39f') in 0.015 seconds [static and dynamic dependencies]. Details - ImportResultOutputID=e37413b1958ce5cbd1b050c09a99467e DependenciesID=5f01d503802dc42022681deed52ba5a7 StaticDependenciesID=d08a7e58d3ffece30171d7e402fa1543 
Number of updated asset objects reloaded before import = 0
Number of asset objects unloaded after import = 2
========================================================================
Received Import Request.
  Time of request: 2026-09-19T15:00:39.4930773Z
  Time since last request: 0.0007497 seconds.
  importAddress: GUID: b1a0cd79ba7574b54829e9268cf8879c - Path: Packages/com.unity.collab-proxy/Editor/Assistant/Tools/DiffTools.cs - Importer: ScriptedImporter/UnityEditor.QuickSearchModule:UnityEditor.Search:ASIAI0B
Importing 'GUID: b1a0cd79ba7574b54829e9268cf8879c - Path: Packages/com.unity.collab-proxy/Editor/Assistant/Tools/DiffTools.cs - Importer: ScriptedImporter/UnityEditor.QuickSearchModule:UnityEditor.Search:ASIAI0B' with importer (ScriptedImporter : UnityEditor.QuickSearchModule:UnityEditor.Search:ASIAI0B)
Imported 'GUID: b1a0cd79ba7574b54829e9268cf8879c' -> (Import Result ID: 'cf23d386a7e1c4efa4a165e1c2d29e52') in 0.003 seconds [static and dynamic dependencies]. Details - ImportResultOutputID=f03368165c0f25efe91f888447318db9 DependenciesID=3699bcc321c95c4d25d5a17659840324 StaticDependenciesID=fe0f188eb02374fc52711d000d43ffdb 
Number of updated asset objects reloaded before import = 0
Number of asset objects unloaded after import = 0
========================================================================
Received Import Request.
  Time of request: 2026-09-19T15:00:39.514286Z
  Time since last request: 0.0005181 seconds.
  importAddress: GUID: 694966d2f478f43cc8689c1a3196780b - Path: Packages/com.unity.collab-proxy/Editor/Assistant/Tools/LabelTools.cs - Importer: ScriptedImporter/UnityEditor.QuickSearchModule:UnityEditor.Search:ASIAI0B
Importing 'GUID: 694966d2f478f43cc8689c1a3196780b - Path: Packages/com.unity.collab-proxy/Editor/Assistant/Tools/LabelTools.cs - Importer: ScriptedImporter/UnityEditor.QuickSearchModule:UnityEditor.Search:ASIAI0B' with importer (ScriptedImporter : UnityEditor.QuickSearchModule:UnityEditor.Search:ASIAI0B)
Imported 'GUID: 694966d2f478f43cc8689c1a3196780b' -> (Import Result ID: '96623260d603f4c9f875293d241120fd') in 0.004 seconds [static and dynamic dependencies]. Details - ImportResultOutputID=c6f7b85fc32651e7a4506d09bc724196 DependenciesID=b8d20ad3227522919edad517cfe7c195 StaticDependenciesID=2c7de6cae84ce742f79a6a2026df31d8 
Number of updated asset objects reloaded before import = 0
Number of asset objects unloaded after import = 0
========================================================================
Received Import Request.
  Time of request: 2026-09-19T15:00:39.5356214Z
  Time since last request: 0.0004785 seconds.
  importAddress: GUID: 88da5407899aaaf448a40c85888108ae - Path: Packages/com.unity.collab-proxy/Editor/Assets/Styles/TabView.uss - Importer: ScriptedImporter/UnityEditor.QuickSearchModule:UnityEditor.Search:ASIAI0B
Importing 'GUID: 88da5407899aaaf448a40c85888108ae - Path: Packages/com.unity.collab-proxy/Editor/Assets/Styles/TabView.uss - Importer: ScriptedImporter/UnityEditor.QuickSearchModule:UnityEditor.Search:ASIAI0B' with importer (ScriptedImporter : UnityEditor.QuickSearchModule:UnityEditor.Search:ASIAI0B)
Imported 'GUID: 88da5407899aaaf448a40c85888108ae' -> (Import Result ID: 'd6cbb6ee354bd4026076ee856903985e') in 0.010 seconds [static and dynamic dependencies]. Details - ImportResultOutputID=4f3f2103c8414d307a69b38895b1ade0 DependenciesID=ff1979824fb7e3d383290c837c2caa62 StaticDependenciesID=26d9d161854de3f0f0cf5d987a8b2445 
Number of updated asset objects reloaded before import = 0
Number of asset objects unloaded after import = 2
========================================================================
Received Import Request.
  Time of request: 2026-09-19T15:00:39.5644508Z
  Time since last request: 0.0005046 seconds.
  importAddress: GUID: 6f7999af133e84dbe85d476522b65612 - Path: Packages/com.unity.collab-proxy/Editor/Assets/Images/RGBARed@2x.png - Importer: ScriptedImporter/UnityEditor.QuickSearchModule:UnityEditor.Search:ASIAI0B
Importing 'GUID: 6f7999af133e84dbe85d476522b65612 - Path: Packages/com.unity.collab-proxy/Editor/Assets/Images/RGBARed@2x.png - Importer: ScriptedImporter/UnityEditor.QuickSearchModule:UnityEditor.Search:ASIAI0B' with importer (ScriptedImporter : UnityEditor.QuickSearchModule:UnityEditor.Search:ASIAI0B)
Imported 'GUID: 6f7999af133e84dbe85d476522b65612' -> (Import Result ID: 'c92af1213c565239aff11a50ba40e372') in 0.009 seconds [static and dynamic dependencies]. Details - ImportResultOutputID=9925c62dd8cc91927636da095d2b3eaf DependenciesID=1c98dfb8b7c3c3af9857434b893fe0c1 StaticDependenciesID=c72c3cbecb971335d2621c1d030471d2 
Number of updated asset objects reloaded before import = 0
Number of asset objects unloaded after import = 3
========================================================================
Received Import Request.
  Time of request: 2026-09-19T15:00:39.5904551Z
  Time since last request: 0.0006833 seconds.
  importAddress: GUID: 36e6970b84831434a9eac79abd03700b - Path: Packages/com.unity.collab-proxy/Editor/Assets/Images/step3@2x.png - Importer: ScriptedImporter/UnityEditor.QuickSearchModule:UnityEditor.Search:ASIAI0B
Importing 'GUID: 36e6970b84831434a9eac79abd03700b - Path: Packages/com.unity.collab-proxy/Editor/Assets/Images/step3@2x.png - Importer: ScriptedImporter/UnityEditor.QuickSearchModule:UnityEditor.Search:ASIAI0B' with importer (ScriptedImporter : UnityEditor.QuickSearchModule:UnityEditor.Search:ASIAI0B)
Imported 'GUID: 36e6970b84831434a9eac79abd03700b' -> (Import Result ID: 'c76667ac2a0a7c5501e70e80188e9f69') in 0.009 seconds [static and dynamic dependencies]. Details - ImportResultOutputID=5f8bd057bd0dbf17d842a41de2b301db DependenciesID=250ab8c79ddfb7996c20ee61642e8587 StaticDependenciesID=9a20ee91f2315bd03d82bbfb2d9a3941 
Number of updated asset objects reloaded before import = 0
Number of asset objects unloaded after import = 1
========================================================================
Received Import Request.
  Time of request: 2026-09-19T15:00:39.6139733Z
  Time since last request: 0.0008204 seconds.
  importAddress: GUID: 03cefa94d5aa9d74993fb2138af9d607 - Path: Packages/com.unity.collab-proxy/Editor/Assets/Images/secondarytabclose.png - Importer: ScriptedImporter/UnityEditor.QuickSearchModule:UnityEditor.Search:ASIAI0B
Importing 'GUID: 03cefa94d5aa9d74993fb2138af9d607 - Path: Packages/com.unity.collab-proxy/Editor/Assets/Images/secondarytabclose.png - Importer: ScriptedImporter/UnityEditor.QuickSearchModule:UnityEditor.Search:ASIAI0B' with importer (ScriptedImporter : UnityEditor.QuickSearchModule:UnityEditor.Search:ASIAI0B)
Imported 'GUID: 03cefa94d5aa9d74993fb2138af9d607' -> (Import Result ID: '7266ec7bda3fafcba4bb34849c932e2f') in 0.009 seconds [static and dynamic dependencies]. Details - ImportResultOutputID=260e0566407b65d3d23b7c349bdcfbf0 DependenciesID=197ca7972e5ea398b9d8ab34dcaf57de StaticDependenciesID=9038651fd644fea30b93d833cf701a19 
Number of updated asset objects reloaded before import = 0
Number of asset objects unloaded after import = 1
========================================================================
Received Import Request.
  Time of request: 2026-09-19T15:00:39.6454119Z
  Time since last request: 0.000605 seconds.
  importAddress: GUID: 3e7f27aae014d415e9f711b0cb0e5d47 - Path: Packages/com.unity.collab-proxy/Editor/Assets/Images/RGBAGreen@2x.png - Importer: ScriptedImporter/UnityEditor.QuickSearchModule:UnityEditor.Search:ASIAI0B
Importing 'GUID: 3e7f27aae014d415e9f711b0cb0e5d47 - Path: Packages/com.unity.collab-proxy/Editor/Assets/Images/RGBAGreen@2x.png - Importer: ScriptedImporter/UnityEditor.QuickSearchModule:UnityEditor.Search:ASIAI0B' with importer (ScriptedImporter : UnityEditor.QuickSearchModule:UnityEditor.Search:ASIAI0B)
Imported 'GUID: 3e7f27aae014d415e9f711b0cb0e5d47' -> (Import Result ID: '6bdecc23c396c50dd462b112452ad0c3') in 0.011 seconds [static and dynamic dependencies]. Details - ImportResultOutputID=c8fc1c63fc45ea2faa18226df0cd6202 DependenciesID=95d064610960d105b74bf48f51e2bb93 StaticDependenciesID=4a8ad190f790a190b4945ae94deb6cc3 
Number of updated asset objects reloaded before import = 0
Number of asset objects unloaded after import = 3
========================================================================
Received Import Request.
  Time of request: 2026-09-19T15:00:39.8388896Z
  Time since last request: 0.1660261 seconds.
  importAddress: GUID: aba34a0d0084f48f19b98ac1c78902b5 - Path: Packages/com.unity.collab-proxy/Editor/CodeEditor/Document/DocumentLine.LineNode.cs - Importer: ScriptedImporter/UnityEditor.QuickSearchModule:UnityEditor.Search:ASIAI0B
Importing 'GUID: aba34a0d0084f48f19b98ac1c78902b5 - Path: Packages/com.unity.collab-proxy/Editor/CodeEditor/Document/DocumentLine.LineNode.cs - Importer: ScriptedImporter/UnityEditor.QuickSearchModule:UnityEditor.Search:ASIAI0B' with importer (ScriptedImporter : UnityEditor.QuickSearchModule:UnityEditor.Search:ASIAI0B)
Imported 'GUID: aba34a0d0084f48f19b98ac1c78902b5' -> (Import Result ID: '0b5052d25322f6f917185ca4a8ed7c5c') in 0.003 seconds [static and dynamic dependencies]. Details - ImportResultOutputID=3b663f24456a27b6a7fd0d5ffcee0604 DependenciesID=0872c60341a0fca680d7f406ad1a6fe2 StaticDependenciesID=269ef7c13dac44f654266842c7d7c449 
Number of updated asset objects reloaded before import = 0
Number of asset objects unloaded after import = 0
========================================================================
Received Import Request.
  Time of request: 2026-09-19T15:00:39.8617156Z
  Time since last request: 0.0007208 seconds.
  importAddress: GUID: 60ba29b8797e46d7968dd0be1ae27bb0 - Path: Packages/com.unity.collab-proxy/Editor/Assistant/Tools/UnityVersionControlApiProvider.cs - Importer: ScriptedImporter/UnityEditor.QuickSearchModule:UnityEditor.Search:ASIAI0B
Importing 'GUID: 60ba29b8797e46d7968dd0be1ae27bb0 - Path: Packages/com.unity.collab-proxy/Editor/Assistant/Tools/UnityVersionControlApiProvider.cs - Importer: ScriptedImporter/UnityEditor.QuickSearchModule:UnityEditor.Search:ASIAI0B' with importer (ScriptedImporter : UnityEditor.QuickSearchModule:UnityEditor.Search:ASIAI0B)
Imported 'GUID: 60ba29b8797e46d7968dd0be1ae27bb0' -> (Import Result ID: '88164fb9ae50a3af65fba9c39ab27cc1') in 0.005 seconds [static and dynamic dependencies]. Details - ImportResultOutputID=bf89966d7a7bff1e69ae6c6b4772710f DependenciesID=1cb7b0e439730f45d045878785aacc08 StaticDependenciesID=52259e3f9e83c13770a311e2da111482 
Number of updated asset objects reloaded before import = 0
Number of asset objects unloaded after import = 0
========================================================================
Received Import Request.
  Time of request: 2026-09-19T15:00:39.8845115Z
  Time since last request: 0.0007467 seconds.
  importAddress: GUID: fdc8bc956a06142009aad60c2e917c9b - Path: Packages/com.unity.collab-proxy/Editor/CodeEditor/Document/UndoStack.cs - Importer: ScriptedImporter/UnityEditor.QuickSearchModule:UnityEditor.Search:ASIAI0B
Importing 'GUID: fdc8bc956a06142009aad60c2e917c9b - Path: Packages/com.unity.collab-proxy/Editor/CodeEditor/Document/UndoStack.cs - Importer: ScriptedImporter/UnityEditor.QuickSearchModule:UnityEditor.Search:ASIAI0B' with importer (ScriptedImporter : UnityEditor.QuickSearchModule:UnityEditor.Search:ASIAI0B)
Imported 'GUID: fdc8bc956a06142009aad60c2e917c9b' -> (Import Result ID: 'ecf02fc792f313303ee4952a3cf838c7') in 0.004 seconds [static and dynamic dependencies]. Details - ImportResultOutputID=a9d78f70fe91d660b8f90bbe442622ba DependenciesID=86bd0ed2164e6ba378b01fa0a9c15845 StaticDependenciesID=06d14a213adecf1d494d5cded88b7a7b 
Number of updated asset objects reloaded before import = 0
Number of asset objects unloaded after import = 0
========================================================================
Received Import Request.
  Time of request: 2026-09-19T15:00:39.9071496Z
  Time since last request: 0.0007039 seconds.
  importAddress: GUID: 62446cb4d55e74ea999402dc661a65bf - Path: Packages/com.unity.collab-proxy/Editor/CodeEditor/Document/TextDocument.cs - Importer: ScriptedImporter/UnityEditor.QuickSearchModule:UnityEditor.Search:ASIAI0B
Importing 'GUID: 62446cb4d55e74ea999402dc661a65bf - Path: Packages/com.unity.collab-proxy/Editor/CodeEditor/Document/TextDocument.cs - Importer: ScriptedImporter/UnityEditor.QuickSearchModule:UnityEditor.Search:ASIAI0B' with importer (ScriptedImporter : UnityEditor.QuickSearchModule:UnityEditor.Search:ASIAI0B)
Imported 'GUID: 62446cb4d55e74ea999402dc661a65bf' -> (Import Result ID: 'a09b165fbb6b47b1292dc66471635a8b') in 0.003 seconds [static and dynamic dependencies]. Details - ImportResultOutputID=9e86e2aba4d20465b2c27a2fd3aabc74 DependenciesID=d695f0b9309babdb7fbaeda00afc85d9 StaticDependenciesID=86209c9677a0b8e3cf0c42c9b7be5b7f 
Number of updated asset objects reloaded before import = 0
Number of asset objects unloaded after import = 0
========================================================================
Received Import Request.
  Time of request: 2026-09-19T15:00:39.9292611Z
  Time since last request: 0.0006573 seconds.
  importAddress: GUID: dac86db891f44e408597165f056cd0a4 - Path: Packages/com.unity.collab-proxy/Editor/CodeEditor/Editing/LineNumberMargin.cs - Importer: ScriptedImporter/UnityEditor.QuickSearchModule:UnityEditor.Search:ASIAI0B
Importing 'GUID: dac86db891f44e408597165f056cd0a4 - Path: Packages/com.unity.collab-proxy/Editor/CodeEditor/Editing/LineNumberMargin.cs - Importer: ScriptedImporter/UnityEditor.QuickSearchModule:UnityEditor.Search:ASIAI0B' with importer (ScriptedImporter : UnityEditor.QuickSearchModule:UnityEditor.Search:ASIAI0B)
Imported 'GUID: dac86db891f44e408597165f056cd0a4' -> (Import Result ID: 'fecb4167e6b04f147152b6e3e5459e4d') in 0.004 seconds [static and dynamic dependencies]. Details - ImportResultOutputID=c09915d051e86939f418aa750cebd30c DependenciesID=9ddf53ca159b6b3da2c79b1a260eafb5 StaticDependenciesID=2e64a63f4db6172975e31d84bbc768d7 
Number of updated asset objects reloaded before import = 0
Number of asset objects unloaded after import = 0
========================================================================
Received Import Request.
  Time of request: 2026-09-19T15:00:39.9537866Z
  Time since last request: 0.0004394 seconds.
  importAddress: GUID: a287a16eb8f0400e86cec102678ab7a5 - Path: Packages/com.unity.collab-proxy/Editor/CloudDrive/CreateWorkspace/CollaboratorsListViewItem.cs - Importer: ScriptedImporter/UnityEditor.QuickSearchModule:UnityEditor.Search:ASIAI0B
Importing 'GUID: a287a16eb8f0400e86cec102678ab7a5 - Path: Packages/com.unity.collab-proxy/Editor/CloudDrive/CreateWorkspace/CollaboratorsListViewItem.cs - Importer: ScriptedImporter/UnityEditor.QuickSearchModule:UnityEditor.Search:ASIAI0B' with importer (ScriptedImporter : UnityEditor.QuickSearchModule:UnityEditor.Search:ASIAI0B)
Imported 'GUID: a287a16eb8f0400e86cec102678ab7a5' -> (Import Result ID: '27ce54c2f4fb105ea1eb3e014b274088') in 0.003 seconds [static and dynamic dependencies]. Details - ImportResultOutputID=4d3a38305980c034a5c55d412026c5eb DependenciesID=b3524b83ee6ccc146d0946188ac3291a StaticDependenciesID=853b9130e63d95730d50f9ee7a2f8194 
Number of updated asset objects reloaded before import = 0
Number of asset objects unloaded after import = 0
========================================================================
Received Import Request.
  Time of request: 2026-09-19T15:00:39.9761267Z
  Time since last request: 0.0004569 seconds.
  importAddress: GUID: 1d906ae3822c94f0792daca02e35a3f6 - Path: Packages/com.unity.collab-proxy/Editor/Assistant/Tools/UndoTools.cs - Importer: ScriptedImporter/UnityEditor.QuickSearchModule:UnityEditor.Search:ASIAI0B
Importing 'GUID: 1d906ae3822c94f0792daca02e35a3f6 - Path: Packages/com.unity.collab-proxy/Editor/Assistant/Tools/UndoTools.cs - Importer: ScriptedImporter/UnityEditor.QuickSearchModule:UnityEditor.Search:ASIAI0B' with importer (ScriptedImporter : UnityEditor.QuickSearchModule:UnityEditor.Search:ASIAI0B)
Imported 'GUID: 1d906ae3822c94f0792daca02e35a3f6' -> (Import Result ID: 'a64be5f2fda8cd82f39d5488fb310199') in 0.003 seconds [static and dynamic dependencies]. Details - ImportResultOutputID=2e32e2fb88a4f1ab6471d02b82d9a9c6 DependenciesID=f5962413830b050bfbb1a3ddbd1695f4 StaticDependenciesID=8a132a6bb4f709643d756f38feaad617 
Number of updated asset objects reloaded before import = 0
Number of asset objects unloaded after import = 0
========================================================================
Received Import Request.
  Time of request: 2026-09-19T15:00:39.9970578Z
  Time since last request: 0.0005851 seconds.
  importAddress: GUID: a67a7d0865a447b49e842eac00d70833 - Path: Packages/com.unity.collab-proxy/Editor/CloudDrive/CreateWorkspace/CollaboratorsListViewHeaderState.cs - Importer: ScriptedImporter/UnityEditor.QuickSearchModule:UnityEditor.Search:ASIAI0B
Importing 'GUID: a67a7d0865a447b49e842eac00d70833 - Path: Packages/com.unity.collab-proxy/Editor/CloudDrive/CreateWorkspace/CollaboratorsListViewHeaderState.cs - Importer: ScriptedImporter/UnityEditor.QuickSearchModule:UnityEditor.Search:ASIAI0B' with importer (ScriptedImporter : UnityEditor.QuickSearchModule:UnityEditor.Search:ASIAI0B)
Imported 'GUID: a67a7d0865a447b49e842eac00d70833' -> (Import Result ID: 'e6773c4fb98b1fe36f9d63947acde65a') in 0.005 seconds [static and dynamic dependencies]. Details - ImportResultOutputID=c445c4de2e28be099c0092e32bd8b9e3 DependenciesID=1fdb0dcecc6cb8c77597d49f074baac8 StaticDependenciesID=8e594de3a19014f2ed83f923a93f0eed 
Number of updated asset objects reloaded before import = 0
Number of asset objects unloaded after import = 0
========================================================================
Received Import Request.
  Time of request: 2026-09-19T15:00:40.0153629Z
  Time since last request: 0.0007578 seconds.
  importAddress: GUID: 0c13d6a1dbd74659becd6e9d0d519282 - Path: Packages/com.unity.collab-proxy/Editor/CodeEditor/Editing/CaretLayer.cs - Importer: ScriptedImporter/UnityEditor.QuickSearchModule:UnityEditor.Search:ASIAI0B
Importing 'GUID: 0c13d6a1dbd74659becd6e9d0d519282 - Path: Packages/com.unity.collab-proxy/Editor/CodeEditor/Editing/CaretLayer.cs - Importer: ScriptedImporter/UnityEditor.QuickSearchModule:UnityEditor.Search:ASIAI0B' with importer (ScriptedImporter : UnityEditor.QuickSearchModule:UnityEditor.Search:ASIAI0B)
Imported 'GUID: 0c13d6a1dbd74659becd6e9d0d519282' -> (Import Result ID: '27d2eb2565f244936bb5a11a05c5bcfc') in 0.003 seconds [static and dynamic dependencies]. Details - ImportResultOutputID=bae07828c32c4ce8c2b03672ebbec0e5 DependenciesID=58f85fa3f41ce05ecb733acf4a44b822 StaticDependenciesID=e8362303fd833b9aee39c3d4188a53d4 
Number of updated asset objects reloaded before import = 0
Number of asset objects unloaded after import = 0
========================================================================
Received Import Request.
  Time of request: 2026-09-19T15:00:40.0384722Z
  Time since last request: 0.0006105 seconds.
  importAddress: GUID: 2c0888ba8c8e4b2889752ee1eb9b3e9e - Path: Packages/com.unity.collab-proxy/Editor/CodeEditor/Editing/EditingCommands.cs - Importer: ScriptedImporter/UnityEditor.QuickSearchModule:UnityEditor.Search:ASIAI0B
Importing 'GUID: 2c0888ba8c8e4b2889752ee1eb9b3e9e - Path: Packages/com.unity.collab-proxy/Editor/CodeEditor/Editing/EditingCommands.cs - Importer: ScriptedImporter/UnityEditor.QuickSearchModule:UnityEditor.Search:ASIAI0B' with importer (ScriptedImporter : UnityEditor.QuickSearchModule:UnityEditor.Search:ASIAI0B)
Imported 'GUID: 2c0888ba8c8e4b2889752ee1eb9b3e9e' -> (Import Result ID: '81d3aa367f38e0b71062dc24d2d0795a') in 0.003 seconds [static and dynamic dependencies]. Details - ImportResultOutputID=d0fa56555ded7df8209019b788eb70e8 DependenciesID=86c34ef2b6ed6f56829ba34d2ca9bd75 StaticDependenciesID=eb88e07f15fe0e291199ed628b24f710 
Number of updated asset objects reloaded before import = 0
Number of asset objects unloaded after import = 0
========================================================================
Received Import Request.
  Time of request: 2026-09-19T15:00:40.0600637Z
  Time since last request: 0.0005628 seconds.
  importAddress: GUID: ee168e8444b3b420eba9eff487b036ca - Path: Packages/com.unity.collab-proxy/Editor/CodeEditor/Document/TextUtilities.cs - Importer: ScriptedImporter/UnityEditor.QuickSearchModule:UnityEditor.Search:ASIAI0B
Importing 'GUID: ee168e8444b3b420eba9eff487b036ca - Path: Packages/com.unity.collab-proxy/Editor/CodeEditor/Document/TextUtilities.cs - Importer: ScriptedImporter/UnityEditor.QuickSearchModule:UnityEditor.Search:ASIAI0B' with importer (ScriptedImporter : UnityEditor.QuickSearchModule:UnityEditor.Search:ASIAI0B)
Imported 'GUID: ee168e8444b3b420eba9eff487b036ca' -> (Import Result ID: '49ad36ef8cab2a842582b6238293889a') in 0.002 seconds [static and dynamic dependencies]. Details - ImportResultOutputID=03e764efb5e122da688788fe6cff0fe9 DependenciesID=8a52c3bc270c54eab6418c82840c435f StaticDependenciesID=c0ea01642fa5748b4176f1a3cc0a4ec3 
Number of updated asset objects reloaded before import = 0
Number of asset objects unloaded after import = 0
========================================================================
Received Import Request.
  Time of request: 2026-09-19T15:00:40.0805789Z
  Time since last request: 0.0004672 seconds.
  importAddress: GUID: 17cae8c12182e4a88b5695b1b2eea5cd - Path: Packages/com.unity.collab-proxy/Editor/CodeEditor/Document/TextSourceVersionProvider.cs - Importer: ScriptedImporter/UnityEditor.QuickSearchModule:UnityEditor.Search:ASIAI0B
Importing 'GUID: 17cae8c12182e4a88b5695b1b2eea5cd - Path: Packages/com.unity.collab-proxy/Editor/CodeEditor/Document/TextSourceVersionProvider.cs - Importer: ScriptedImporter/UnityEditor.QuickSearchModule:UnityEditor.Search:ASIAI0B' with importer (ScriptedImporter : UnityEditor.QuickSearchModule:UnityEditor.Search:ASIAI0B)
Imported 'GUID: 17cae8c12182e4a88b5695b1b2eea5cd' -> (Import Result ID: '3392af425bd366d02a608758fb722d3e') in 0.003 seconds [static and dynamic dependencies]. Details - ImportResultOutputID=22daa97e8e479fb93c04abc8b0259f87 DependenciesID=d28505fbe875773acc1ddeb46ae0191b StaticDependenciesID=f23ed36a3f21694786fb112b31abb899 
Number of updated asset objects reloaded before import = 0
Number of asset objects unloaded after import = 0
========================================================================
Received Import Request.
  Time of request: 2026-09-19T15:00:40.1002538Z
  Time since last request: 0.0006214 seconds.
  importAddress: GUID: add4a8f16bfab4878bb29c08218cad07 - Path: Packages/com.unity.collab-proxy/Editor/CodeEditor/Document/DocumentLine.cs - Importer: ScriptedImporter/UnityEditor.QuickSearchModule:UnityEditor.Search:ASIAI0B
Importing 'GUID: add4a8f16bfab4878bb29c08218cad07 - Path: Packages/com.unity.collab-proxy/Editor/CodeEditor/Document/DocumentLine.cs - Importer: ScriptedImporter/UnityEditor.QuickSearchModule:UnityEditor.Search:ASIAI0B' with importer (ScriptedImporter : UnityEditor.QuickSearchModule:UnityEditor.Search:ASIAI0B)
Imported 'GUID: add4a8f16bfab4878bb29c08218cad07' -> (Import Result ID: 'a22d98613dfbd3e6c5ce3472e0c1dae7') in 0.003 seconds [static and dynamic dependencies]. Details - ImportResultOutputID=f2c71b55fe884ecd640fa3235fb457b8 DependenciesID=2808805e63a50a59d65e5290ab167627 StaticDependenciesID=233cd6afa73e871e1f2c25ebb2ebc6d4 
Number of updated asset objects reloaded before import = 0
Number of asset objects unloaded after import = 0
========================================================================
Received Import Request.
  Time of request: 2026-09-19T15:00:40.1192737Z
  Time since last request: 0.0005099 seconds.
  importAddress: GUID: 5ace82b9e549646ee8414b4ac05f7a3c - Path: Packages/com.unity.collab-proxy/Editor/CodeEditor/Document/WeakLineTracker.cs - Importer: ScriptedImporter/UnityEditor.QuickSearchModule:UnityEditor.Search:ASIAI0B
Importing 'GUID: 5ace82b9e549646ee8414b4ac05f7a3c - Path: Packages/com.unity.collab-proxy/Editor/CodeEditor/Document/WeakLineTracker.cs - Importer: ScriptedImporter/UnityEditor.QuickSearchModule:UnityEditor.Search:ASIAI0B' with importer (ScriptedImporter : UnityEditor.QuickSearchModule:UnityEditor.Search:ASIAI0B)
Imported 'GUID: 5ace82b9e549646ee8414b4ac05f7a3c' -> (Import Result ID: '61b704137408cd4372e434c55db742f6') in 0.003 seconds [static and dynamic dependencies]. Details - ImportResultOutputID=157a8d062162fe85adbfa1bd3bd97510 DependenciesID=43b5f365ddc04e76905bfde69e8d8a1b StaticDependenciesID=396ee1d357bf87350e65fc41acfd916c 
Number of updated asset objects reloaded before import = 0
Number of asset objects unloaded after import = 0
========================================================================
Received Import Request.
  Time of request: 2026-09-19T15:00:40.1399907Z
  Time since last request: 0.0004757 seconds.
  importAddress: GUID: 6c67e63daeb772a4ca7887f421833c0c - Path: Packages/com.unity.collab-proxy/Editor/CodeEditor/Editing/EditingCommandHandler.cs - Importer: ScriptedImporter/UnityEditor.QuickSearchModule:UnityEditor.Search:ASIAI0B
Importing 'GUID: 6c67e63daeb772a4ca7887f421833c0c - Path: Packages/com.unity.collab-proxy/Editor/CodeEditor/Editing/EditingCommandHandler.cs - Importer: ScriptedImporter/UnityEditor.QuickSearchModule:UnityEditor.Search:ASIAI0B' with importer (ScriptedImporter : UnityEditor.QuickSearchModule:UnityEditor.Search:ASIAI0B)
Imported 'GUID: 6c67e63daeb772a4ca7887f421833c0c' -> (Import Result ID: '7e05c4f6777aefb0947e43ad8395de4d') in 0.003 seconds [static and dynamic dependencies]. Details - ImportResultOutputID=0d3c2e79940b6eb500d3d66a856c8695 DependenciesID=d0dfe49804be5fa307217180e844c546 StaticDependenciesID=eccd0f29b6f5d61fab88f734d4783875 
Number of updated asset objects reloaded before import = 0
Number of asset objects unloaded after import = 0
========================================================================
Received Import Request.
  Time of request: 2026-09-19T15:00:40.1604587Z
  Time since last request: 0.0005322 seconds.
  importAddress: GUID: a5b0cf5fb60d4f159d80936799b33e55 - Path: Packages/com.unity.collab-proxy/Editor/CodeEditor/Editing/AbstractMargin.cs - Importer: ScriptedImporter/UnityEditor.QuickSearchModule:UnityEditor.Search:ASIAI0B
Importing 'GUID: a5b0cf5fb60d4f159d80936799b33e55 - Path: Packages/com.unity.collab-proxy/Editor/CodeEditor/Editing/AbstractMargin.cs - Importer: ScriptedImporter/UnityEditor.QuickSearchModule:UnityEditor.Search:ASIAI0B' with importer (ScriptedImporter : UnityEditor.QuickSearchModule:UnityEditor.Search:ASIAI0B)
Imported 'GUID: a5b0cf5fb60d4f159d80936799b33e55' -> (Import Result ID: '8eb134080b5edb455b6b111e6bb820a0') in 0.003 seconds [static and dynamic dependencies]. Details - ImportResultOutputID=4f4dc2142fae1525e38763797e7af11e DependenciesID=177299e6d3229aa39dcf3d5a3a9edc87 StaticDependenciesID=34f02ef3361e9b88715fc5e54ba38722 
Number of updated asset objects reloaded before import = 0
Number of asset objects unloaded after import = 0
========================================================================
Received Import Request.
  Time of request: 2026-09-19T15:00:40.1966028Z
  Time since last request: 0.0183604 seconds.
  importAddress: GUID: 08c7b01b22714cd0a8ff0b3d9add5c1c - Path: Packages/com.unity.collab-proxy/Editor/CodeEditor/Editing/SelectionMouseHandler.cs - Importer: ScriptedImporter/UnityEditor.QuickSearchModule:UnityEditor.Search:ASIAI0B
Importing 'GUID: 08c7b01b22714cd0a8ff0b3d9add5c1c - Path: Packages/com.unity.collab-proxy/Editor/CodeEditor/Editing/SelectionMouseHandler.cs - Importer: ScriptedImporter/UnityEditor.QuickSearchModule:UnityEditor.Search:ASIAI0B' with importer (ScriptedImporter : UnityEditor.QuickSearchModule:UnityEditor.Search:ASIAI0B)
Imported 'GUID: 08c7b01b22714cd0a8ff0b3d9add5c1c' -> (Import Result ID: '3ec70c6803380b076f467f6165aaa489') in 0.003 seconds [static and dynamic dependencies]. Details - ImportResultOutputID=4ba501b53fd6618c734ef965ffe6c8dc DependenciesID=0a54f85b7c7d9449c6aee51e0407fad0 StaticDependenciesID=62bead5dfcc6dbe955af53ba428acde0 
Number of updated asset objects reloaded before import = 0
Number of asset objects unloaded after import = 0
========================================================================
Received Import Request.
  Time of request: 2026-09-19T15:00:40.2164778Z
  Time since last request: 0.0008309 seconds.
  importAddress: GUID: 54e481e5c7bd459795071ffd9879c1f6 - Path: Packages/com.unity.collab-proxy/Editor/CodeEditor/Text/TextLine.cs - Importer: ScriptedImporter/UnityEditor.QuickSearchModule:UnityEditor.Search:ASIAI0B
Importing 'GUID: 54e481e5c7bd459795071ffd9879c1f6 - Path: Packages/com.unity.collab-proxy/Editor/CodeEditor/Text/TextLine.cs - Importer: ScriptedImporter/UnityEditor.QuickSearchModule:UnityEditor.Search:ASIAI0B' with importer (ScriptedImporter : UnityEditor.QuickSearchModule:UnityEditor.Search:ASIAI0B)
Imported 'GUID: 54e481e5c7bd459795071ffd9879c1f6' -> (Import Result ID: 'f41910d7a2ac630ebfb0e78dec58212a') in 0.003 seconds [static and dynamic dependencies]. Details - ImportResultOutputID=114313d7b5408a0ef8ee0f93e22df5d7 DependenciesID=f2de6a867ad814af66491c4dc4d8a25c StaticDependenciesID=92c2dec6b4a93cad312278dd8e6cf79b 
Number of updated asset objects reloaded before import = 0
Number of asset objects unloaded after import = 0
========================================================================
Received Import Request.
  Time of request: 2026-09-19T15:00:40.2383456Z
  Time since last request: 0.0007898 seconds.
  importAddress: GUID: db01cc38c298426b83c5ddd52dca39a5 - Path: Packages/com.unity.collab-proxy/Editor/CodeEditor/Rendering/VisualLineText.cs - Importer: ScriptedImporter/UnityEditor.QuickSearchModule:UnityEditor.Search:ASIAI0B
Importing 'GUID: db01cc38c298426b83c5ddd52dca39a5 - Path: Packages/com.unity.collab-proxy/Editor/CodeEditor/Rendering/VisualLineText.cs - Importer: ScriptedImporter/UnityEditor.QuickSearchModule:UnityEditor.Search:ASIAI0B' with importer (ScriptedImporter : UnityEditor.QuickSearchModule:UnityEditor.Search:ASIAI0B)
Imported 'GUID: db01cc38c298426b83c5ddd52dca39a5' -> (Import Result ID: 'a9524b83011adc88fed058ea74c9ab00') in 0.003 seconds [static and dynamic dependencies]. Details - ImportResultOutputID=105f7cac0f8c3fb2f14315d34bb467fb DependenciesID=fd4d35c56f91af1d140879ba1a9d35f2 StaticDependenciesID=00d78f2f1e8ea0e1277c44084be332ad 
Number of updated asset objects reloaded before import = 0
Number of asset objects unloaded after import = 0
========================================================================
Received Import Request.
  Time of request: 2026-09-19T15:00:40.2576617Z
  Time since last request: 0.0005711 seconds.
  importAddress: GUID: 98a412a8c1a2436db3a14378542ffe03 - Path: Packages/com.unity.collab-proxy/Editor/CodeEditor/Rendering/TextView.cs - Importer: ScriptedImporter/UnityEditor.QuickSearchModule:UnityEditor.Search:ASIAI0B
Importing 'GUID: 98a412a8c1a2436db3a14378542ffe03 - Path: Packages/com.unity.collab-proxy/Editor/CodeEditor/Rendering/TextView.cs - Importer: ScriptedImporter/UnityEditor.QuickSearchModule:UnityEditor.Search:ASIAI0B' with importer (ScriptedImporter : UnityEditor.QuickSearchModule:UnityEditor.Search:ASIAI0B)
Imported 'GUID: 98a412a8c1a2436db3a14378542ffe03' -> (Import Result ID: '938a5c42090b07e22e1ead6403f40e60') in 0.003 seconds [static and dynamic dependencies]. Details - ImportResultOutputID=fb0d692e6dcbb1a307778a4d018b142b DependenciesID=6da9a07b03d7c8b723e2bd03c0a303f3 StaticDependenciesID=93bc4667530ee8e30a3ad20ff0d98c88 
Number of updated asset objects reloaded before import = 0
Number of asset objects unloaded after import = 0
========================================================================
Received Import Request.
  Time of request: 2026-09-19T15:00:40.2779732Z
  Time since last request: 0.0009955 seconds.
  importAddress: GUID: 020cf146eb6046b787fd56c275a4b6f8 - Path: Packages/com.unity.collab-proxy/Editor/CodeEditor/Rendering/HeightTree.cs - Importer: ScriptedImporter/UnityEditor.QuickSearchModule:UnityEditor.Search:ASIAI0B
Importing 'GUID: 020cf146eb6046b787fd56c275a4b6f8 - Path: Packages/com.unity.collab-proxy/Editor/CodeEditor/Rendering/HeightTree.cs - Importer: ScriptedImporter/UnityEditor.QuickSearchModule:UnityEditor.Search:ASIAI0B' with importer (ScriptedImporter : UnityEditor.QuickSearchModule:UnityEditor.Search:ASIAI0B)
Imported 'GUID: 020cf146eb6046b787fd56c275a4b6f8' -> (Import Result ID: 'e84074649956db1ddbd26740819ad646') in 0.003 seconds [static and dynamic dependencies]. Details - ImportResultOutputID=8e474916185be85eca8d24ab64316e6d DependenciesID=55341f71242adad6cfb71ee0e2165146 StaticDependenciesID=13fb12e4ec3cc180215a7d73b7d4fa70 
Number of updated asset objects reloaded before import = 0
Number of asset objects unloaded after import = 0
========================================================================
Received Import Request.
  Time of request: 2026-09-19T15:00:40.2970277Z
  Time since last request: 0.000535 seconds.
  importAddress: GUID: 57aabb9a9c3b4759aa549ef5e8bf7f07 - Path: Packages/com.unity.collab-proxy/Editor/CodeEditor/Rendering/CollapsedLineSection.cs - Importer: ScriptedImporter/UnityEditor.QuickSearchModule:UnityEditor.Search:ASIAI0B
Importing 'GUID: 57aabb9a9c3b4759aa549ef5e8bf7f07 - Path: Packages/com.unity.collab-proxy/Editor/CodeEditor/Rendering/CollapsedLineSection.cs - Importer: ScriptedImporter/UnityEditor.QuickSearchModule:UnityEditor.Search:ASIAI0B' with importer (ScriptedImporter : UnityEditor.QuickSearchModule:UnityEditor.Search:ASIAI0B)
Imported 'GUID: 57aabb9a9c3b4759aa549ef5e8bf7f07' -> (Import Result ID: '844001952b7f329b4c0e00c79933a10e') in 0.004 seconds [static and dynamic dependencies]. Details - ImportResultOutputID=07bddc2100f1fa2e3dd15a423e635104 DependenciesID=527f13be32ee13efadc7c4568d175d5a StaticDependenciesID=9c4ef719cc32dbd9b1c5c15be9c4f78d 
Number of updated asset objects reloaded before import = 0
Number of asset objects unloaded after import = 0
========================================================================
Received Import Request.
  Time of request: 2026-09-19T15:00:40.3176569Z
  Time since last request: 0.0007976 seconds.
  importAddress: GUID: a1f4f3bdae774bc3b98ecd20cfe488d2 - Path: Packages/com.unity.collab-proxy/Editor/CodeEditor/Rendering/VisualLineLinkText.cs - Importer: ScriptedImporter/UnityEditor.QuickSearchModule:UnityEditor.Search:ASIAI0B
Importing 'GUID: a1f4f3bdae774bc3b98ecd20cfe488d2 - Path: Packages/com.unity.collab-proxy/Editor/CodeEditor/Rendering/VisualLineLinkText.cs - Importer: ScriptedImporter/UnityEditor.QuickSearchModule:UnityEditor.Search:ASIAI0B' with importer (ScriptedImporter : UnityEditor.QuickSearchModule:UnityEditor.Search:ASIAI0B)
Imported 'GUID: a1f4f3bdae774bc3b98ecd20cfe488d2' -> (Import Result ID: '8ccfda77c9735ff28bd21c4e24b88098') in 0.004 seconds [static and dynamic dependencies]. Details - ImportResultOutputID=eb501e8ac1da7ac3248f8cafb6c6f98e DependenciesID=8039869f2769ddc1f229e8fa8cc89f2b StaticDependenciesID=0af3672fccdba218b215d9fbbdad010b 
Number of updated asset objects reloaded before import = 0
Number of asset objects unloaded after import = 0
========================================================================
Received Import Request.
  Time of request: 2026-09-19T15:00:40.3382813Z
  Time since last request: 0.0005484 seconds.
  importAddress: GUID: 5ee3d35631cb64c49a9cbb6083e3757c - Path: Packages/com.unity.collab-proxy/Editor/CodeEditor/Utils/CharRope.cs - Importer: ScriptedImporter/UnityEditor.QuickSearchModule:UnityEditor.Search:ASIAI0B
Importing 'GUID: 5ee3d35631cb64c49a9cbb6083e3757c - Path: Packages/com.unity.collab-proxy/Editor/CodeEditor/Utils/CharRope.cs - Importer: ScriptedImporter/UnityEditor.QuickSearchModule:UnityEditor.Search:ASIAI0B' with importer (ScriptedImporter : UnityEditor.QuickSearchModule:UnityEditor.Search:ASIAI0B)
Imported 'GUID: 5ee3d35631cb64c49a9cbb6083e3757c' -> (Import Result ID: 'a75e953f5e037df86b1d56a3241cd2b1') in 0.003 seconds [static and dynamic dependencies]. Details - ImportResultOutputID=dee9876de084492645ef5cea7ba11ad8 DependenciesID=6827d2a45caa1a913c0b57bd4a2f9d9b StaticDependenciesID=db99e5ac19bb6719127250afce28e40d 
Number of updated asset objects reloaded before import = 0
Number of asset objects unloaded after import = 0
========================================================================
Received Import Request.
  Time of request: 2026-09-19T15:00:40.3584162Z
  Time since last request: 0.0006609 seconds.
  importAddress: GUID: 3e10ccf51dd64155bace2cf6aadd2614 - Path: Packages/com.unity.collab-proxy/Editor/CodeEditor/TextMate/TextTransformation.cs - Importer: ScriptedImporter/UnityEditor.QuickSearchModule:UnityEditor.Search:ASIAI0B
Importing 'GUID: 3e10ccf51dd64155bace2cf6aadd2614 - Path: Packages/com.unity.collab-proxy/Editor/CodeEditor/TextMate/TextTransformation.cs - Importer: ScriptedImporter/UnityEditor.QuickSearchModule:UnityEditor.Search:ASIAI0B' with importer (ScriptedImporter : UnityEditor.QuickSearchModule:UnityEditor.Search:ASIAI0B)
Imported 'GUID: 3e10ccf51dd64155bace2cf6aadd2614' -> (Import Result ID: '79e278f5ca6ac699fbde742ce54fd60d') in 0.004 seconds [static and dynamic dependencies]. Details - ImportResultOutputID=1c862a5814f711aba9460622f7d39c4c DependenciesID=8ab2beba0a79a9feece7487367500752 StaticDependenciesID=fe1744b48fff1f06e198ef4706d8d0c4 
Number of updated asset objects reloaded before import = 0
Number of asset objects unloaded after import = 0
========================================================================
Received Import Request.
  Time of request: 2026-09-19T15:00:40.3798548Z
  Time since last request: 0.0006174 seconds.
  importAddress: GUID: 42f48d12e7fc440891c9b505fcebe808 - Path: Packages/com.unity.collab-proxy/Editor/CodeEditor/Rendering/VisualLineTextSource.cs - Importer: ScriptedImporter/UnityEditor.QuickSearchModule:UnityEditor.Search:ASIAI0B
Importing 'GUID: 42f48d12e7fc440891c9b505fcebe808 - Path: Packages/com.unity.collab-proxy/Editor/CodeEditor/Rendering/VisualLineTextSource.cs - Importer: ScriptedImporter/UnityEditor.QuickSearchModule:UnityEditor.Search:ASIAI0B' with importer (ScriptedImporter : UnityEditor.QuickSearchModule:UnityEditor.Search:ASIAI0B)
Imported 'GUID: 42f48d12e7fc440891c9b505fcebe808' -> (Import Result ID: '7fc0a2a8adacf657bec1ac75a299e17b') in 0.004 seconds [static and dynamic dependencies]. Details - ImportResultOutputID=1b75445c2f5a7606dbcf22ebeb069b93 DependenciesID=f092b519b8cb1566485905849b20b647 StaticDependenciesID=639b590c08d6a24cdbb9b9544e2180e0 
Number of updated asset objects reloaded before import = 0
Number of asset objects unloaded after import = 0
========================================================================
Received Import Request.
  Time of request: 2026-09-19T15:00:40.4009285Z
  Time since last request: 0.0005548 seconds.
  importAddress: GUID: 554e39bf80fd4c02a8ae0d5c3f9283a5 - Path: Packages/com.unity.collab-proxy/Editor/CodeEditor/Rendering/ColumnRulerRenderer.cs - Importer: ScriptedImporter/UnityEditor.QuickSearchModule:UnityEditor.Search:ASIAI0B
Importing 'GUID: 554e39bf80fd4c02a8ae0d5c3f9283a5 - Path: Packages/com.unity.collab-proxy/Editor/CodeEditor/Rendering/ColumnRulerRenderer.cs - Importer: ScriptedImporter/UnityEditor.QuickSearchModule:UnityEditor.Search:ASIAI0B' with importer (ScriptedImporter : UnityEditor.QuickSearchModule:UnityEditor.Search:ASIAI0B)
Imported 'GUID: 554e39bf80fd4c02a8ae0d5c3f9283a5' -> (Import Result ID: '33af6d76c72bfd1d1af14788b38c28e6') in 0.003 seconds [static and dynamic dependencies]. Details - ImportResultOutputID=1b4025d474c089c62c338a8a1c98781a DependenciesID=2187205d0f517b2dcaa2808e207df97d StaticDependenciesID=373900940d2cf46186f3585bb133bf72 
Number of updated asset objects reloaded before import = 0
Number of asset objects unloaded after import = 0
========================================================================
Received Import Request.
  Time of request: 2026-09-19T15:00:40.4214752Z
  Time since last request: 0.0007095 seconds.
  importAddress: GUID: 62395497a7ea46539f001c6080803e64 - Path: Packages/com.unity.collab-proxy/Editor/CodeEditor/Rendering/IVisualLineTransformer.cs - Importer: ScriptedImporter/UnityEditor.QuickSearchModule:UnityEditor.Search:ASIAI0B
Importing 'GUID: 62395497a7ea46539f001c6080803e64 - Path: Packages/com.unity.collab-proxy/Editor/CodeEditor/Rendering/IVisualLineTransformer.cs - Importer: ScriptedImporter/UnityEditor.QuickSearchModule:UnityEditor.Search:ASIAI0B' with importer (ScriptedImporter : UnityEditor.QuickSearchModule:UnityEditor.Search:ASIAI0B)
Imported 'GUID: 62395497a7ea46539f001c6080803e64' -> (Import Result ID: '02470de96f131832c9a4676e525abdbb') in 0.003 seconds [static and dynamic dependencies]. Details - ImportResultOutputID=c9f0d798a03e9c947cbc8341903e4b08 DependenciesID=cda7fe7c85d328d7c4297214c2a030a4 StaticDependenciesID=a756f5d64a3a5c5d4318288c48f5f400 
Number of updated asset objects reloaded before import = 0
Number of asset objects unloaded after import = 0
========================================================================
Received Import Request.
  Time of request: 2026-09-19T15:00:40.4432144Z
  Time since last request: 0.0005773 seconds.
  importAddress: GUID: 46c07c86cb754c3a9e8b5c018ec0b12b - Path: Packages/com.unity.collab-proxy/Editor/CodeEditor/Rendering/VisualLineElementGenerator.cs - Importer: ScriptedImporter/UnityEditor.QuickSearchModule:UnityEditor.Search:ASIAI0B
Importing 'GUID: 46c07c86cb754c3a9e8b5c018ec0b12b - Path: Packages/com.unity.collab-proxy/Editor/CodeEditor/Rendering/VisualLineElementGenerator.cs - Importer: ScriptedImporter/UnityEditor.QuickSearchModule:UnityEditor.Search:ASIAI0B' with importer (ScriptedImporter : UnityEditor.QuickSearchModule:UnityEditor.Search:ASIAI0B)
Imported 'GUID: 46c07c86cb754c3a9e8b5c018ec0b12b' -> (Import Result ID: 'aff9a74650f3241326e02d67ac712725') in 0.003 seconds [static and dynamic dependencies]. Details - ImportResultOutputID=2f6d31a26b43b7b91ba788389e65f1f9 DependenciesID=6093d2e8fe3263014e0946030f0932f7 StaticDependenciesID=22af6d048e3f79c20fc4d0dc1c0120b4 
Number of updated asset objects reloaded before import = 0
Number of asset objects unloaded after import = 0
========================================================================
Received Import Request.
  Time of request: 2026-09-19T15:00:40.4638546Z
  Time since last request: 0.0010463 seconds.
  importAddress: GUID: 68d7cf500a1a483a91877267c234c1bc - Path: Packages/com.unity.collab-proxy/Editor/CodeEditor/Rendering/ColorizingTransformer.cs - Importer: ScriptedImporter/UnityEditor.QuickSearchModule:UnityEditor.Search:ASIAI0B
Importing 'GUID: 68d7cf500a1a483a91877267c234c1bc - Path: Packages/com.unity.collab-proxy/Editor/CodeEditor/Rendering/ColorizingTransformer.cs - Importer: ScriptedImporter/UnityEditor.QuickSearchModule:UnityEditor.Search:ASIAI0B' with importer (ScriptedImporter : UnityEditor.QuickSearchModule:UnityEditor.Search:ASIAI0B)
Imported 'GUID: 68d7cf500a1a483a91877267c234c1bc' -> (Import Result ID: '95531865a7428797f600ba9ea9d1ca4b') in 0.004 seconds [static and dynamic dependencies]. Details - ImportResultOutputID=4e817b5b2b7e9d1223b85d1cef46a074 DependenciesID=4f01a2ad9fbcb08e889fc11aca60bcbe StaticDependenciesID=390ea7eec4bb373f6bf0155cbac78f6c 
Number of updated asset objects reloaded before import = 0
Number of asset objects unloaded after import = 0
========================================================================
Received Import Request.
  Time of request: 2026-09-19T15:00:40.4855845Z
  Time since last request: 0.0005076 seconds.
  importAddress: GUID: d6842f57a93b6482891d7bef3b4b46e6 - Path: Packages/com.unity.collab-proxy/Editor/CodeEditor/Search/RegexSearchStrategy.cs - Importer: ScriptedImporter/UnityEditor.QuickSearchModule:UnityEditor.Search:ASIAI0B
Importing 'GUID: d6842f57a93b6482891d7bef3b4b46e6 - Path: Packages/com.unity.collab-proxy/Editor/CodeEditor/Search/RegexSearchStrategy.cs - Importer: ScriptedImporter/UnityEditor.QuickSearchModule:UnityEditor.Search:ASIAI0B' with importer (ScriptedImporter : UnityEditor.QuickSearchModule:UnityEditor.Search:ASIAI0B)
Imported 'GUID: d6842f57a93b6482891d7bef3b4b46e6' -> (Import Result ID: '72fdab2020c9a67b1fc587a1e3059543') in 0.004 seconds [static and dynamic dependencies]. Details - ImportResultOutputID=9cdbc80f23bbde300a74280b9ba65edd DependenciesID=96f2ea6335708aee45c805d1f06caf8e StaticDependenciesID=adab91101b09a10f6435a2077da076ad 
Number of updated asset objects reloaded before import = 0
Number of asset objects unloaded after import = 0
========================================================================
Received Import Request.
  Time of request: 2026-09-19T15:00:40.5281362Z
  Time since last request: 0.0224949 seconds.
  importAddress: GUID: 1103767005f14426aff2dce0443ef707 - Path: Packages/com.unity.collab-proxy/Editor/CodeEditor/Utils/CompressingTreeList.cs - Importer: ScriptedImporter/UnityEditor.QuickSearchModule:UnityEditor.Search:ASIAI0B
Importing 'GUID: 1103767005f14426aff2dce0443ef707 - Path: Packages/com.unity.collab-proxy/Editor/CodeEditor/Utils/CompressingTreeList.cs - Importer: ScriptedImporter/UnityEditor.QuickSearchModule:UnityEditor.Search:ASIAI0B' with importer (ScriptedImporter : UnityEditor.QuickSearchModule:UnityEditor.Search:ASIAI0B)
Imported 'GUID: 1103767005f14426aff2dce0443ef707' -> (Import Result ID: '7a0057f35acbca5c7c4a9874dc5f9842') in 0.003 seconds [static and dynamic dependencies]. Details - ImportResultOutputID=fa479a7e11c1e0edecdb9db02ede4908 DependenciesID=fd51812902ae2dba73bcc572886348d2 StaticDependenciesID=f96f1dbd1a1f0a73af79555b9ecc3aa6 
Number of updated asset objects reloaded before import = 0
Number of asset objects unloaded after import = 0
========================================================================
Received Import Request.
  Time of request: 2026-09-19T15:00:40.5482339Z
  Time since last request: 0.0007441 seconds.
  importAddress: GUID: 3dc66d65633cae744a4b889b78e98bbc - Path: Packages/com.unity.collab-proxy/Editor/Diff/Text/GoToLineDialogBody.cs - Importer: ScriptedImporter/UnityEditor.QuickSearchModule:UnityEditor.Search:ASIAI0B
Importing 'GUID: 3dc66d65633cae744a4b889b78e98bbc - Path: Packages/com.unity.collab-proxy/Editor/Diff/Text/GoToLineDialogBody.cs - Importer: ScriptedImporter/UnityEditor.QuickSearchModule:UnityEditor.Search:ASIAI0B' with importer (ScriptedImporter : UnityEditor.QuickSearchModule:UnityEditor.Search:ASIAI0B)
Imported 'GUID: 3dc66d65633cae744a4b889b78e98bbc' -> (Import Result ID: '47552e98c0a4be3333a8640ee9143a1e') in 0.003 seconds [static and dynamic dependencies]. Details - ImportResultOutputID=7c65aadd035edf14e1bcb6f6d2d840b9 DependenciesID=8d82c5b192322be2f6ae648a2a538821 StaticDependenciesID=4132e9121d287404de57763725e26e1d 
Number of updated asset objects reloaded before import = 0
Number of asset objects unloaded after import = 0
========================================================================
Received Import Request.
  Time of request: 2026-09-19T15:00:40.5684824Z
  Time since last request: 0.0006069 seconds.
  importAddress: GUID: 3cc230fb0050a994480d907e02d3508b - Path: Packages/com.unity.collab-proxy/Editor/Developer/UpdateReport/UpdateReportDialog.cs - Importer: ScriptedImporter/UnityEditor.QuickSearchModule:UnityEditor.Search:ASIAI0B
Importing 'GUID: 3cc230fb0050a994480d907e02d3508b - Path: Packages/com.unity.collab-proxy/Editor/Developer/UpdateReport/UpdateReportDialog.cs - Importer: ScriptedImporter/UnityEditor.QuickSearchModule:UnityEditor.Search:ASIAI0B' with importer (ScriptedImporter : UnityEditor.QuickSearchModule:UnityEditor.Search:ASIAI0B)
Imported 'GUID: 3cc230fb0050a994480d907e02d3508b' -> (Import Result ID: '850f0acc0c371eea30f6cac449916838') in 0.003 seconds [static and dynamic dependencies]. Details - ImportResultOutputID=75e03878b68d43f89f92b1fc69d9a716 DependenciesID=dd9a21ea5c051e115f710edb4ceacb72 StaticDependenciesID=723d8843ed0b22eca74a14c66690574d 
Number of updated asset objects reloaded before import = 0
Number of asset objects unloaded after import = 0
========================================================================
Received Import Request.
  Time of request: 2026-09-19T15:00:40.5888967Z
  Time since last request: 0.0005493 seconds.
  importAddress: GUID: 205856b2c6304b8d8cdf7811e8494c72 - Path: Packages/com.unity.collab-proxy/Editor/CodeEditor/Utils/FileReader.cs - Importer: ScriptedImporter/UnityEditor.QuickSearchModule:UnityEditor.Search:ASIAI0B
Importing 'GUID: 205856b2c6304b8d8cdf7811e8494c72 - Path: Packages/com.unity.collab-proxy/Editor/CodeEditor/Utils/FileReader.cs - Importer: ScriptedImporter/UnityEditor.QuickSearchModule:UnityEditor.Search:ASIAI0B' with importer (ScriptedImporter : UnityEditor.QuickSearchModule:UnityEditor.Search:ASIAI0B)
Imported 'GUID: 205856b2c6304b8d8cdf7811e8494c72' -> (Import Result ID: '2a5a7db17667b17d9907c100411ea85d') in 0.004 seconds [static and dynamic dependencies]. Details - ImportResultOutputID=f8f8c46db549ecb824701a41df7e875b DependenciesID=e8902430d8104223a573ed6c4712ce36 StaticDependenciesID=5bae5e89c11c443a6de46a7db02500ed 
Number of updated asset objects reloaded before import = 0
Number of asset objects unloaded after import = 0
========================================================================
Received Import Request.
  Time of request: 2026-09-19T15:00:40.6133457Z
  Time since last request: 0.0008558 seconds.
  importAddress: GUID: 036a88373b074a0cb5c99d4568e77563 - Path: Packages/com.unity.collab-proxy/Editor/CodeEditor/Utils/IFreezable.cs - Importer: ScriptedImporter/UnityEditor.QuickSearchModule:UnityEditor.Search:ASIAI0B
Importing 'GUID: 036a88373b074a0cb5c99d4568e77563 - Path: Packages/com.unity.collab-proxy/Editor/CodeEditor/Utils/IFreezable.cs - Importer: ScriptedImporter/UnityEditor.QuickSearchModule:UnityEditor.Search:ASIAI0B' with importer (ScriptedImporter : UnityEditor.QuickSearchModule:UnityEditor.Search:ASIAI0B)
Imported 'GUID: 036a88373b074a0cb5c99d4568e77563' -> (Import Result ID: '2f75deb9263a27be21b0b81160b0643c') in 0.003 seconds [static and dynamic dependencies]. Details - ImportResultOutputID=f586809014713f8b60667191c78b4bf9 DependenciesID=d6fe4900ae46bd59dc6f5e17f9a8f2a9 StaticDependenciesID=84251e426dae3e9c51ad95c45298edc9 
Number of updated asset objects reloaded before import = 0
Number of asset objects unloaded after import = 0
========================================================================
Received Import Request.
  Time of request: 2026-09-19T15:00:40.6342906Z
  Time since last request: 0.0004778 seconds.
  importAddress: GUID: e8bf7425cfbdd094da5dc809a5eaa8ff - Path: Packages/com.unity.collab-proxy/Editor/Developer/UpdateReport/UpdateReportListView.cs - Importer: ScriptedImporter/UnityEditor.QuickSearchModule:UnityEditor.Search:ASIAI0B
Importing 'GUID: e8bf7425cfbdd094da5dc809a5eaa8ff - Path: Packages/com.unity.collab-proxy/Editor/Developer/UpdateReport/UpdateReportListView.cs - Importer: ScriptedImporter/UnityEditor.QuickSearchModule:UnityEditor.Search:ASIAI0B' with importer (ScriptedImporter : UnityEditor.QuickSearchModule:UnityEditor.Search:ASIAI0B)
Imported 'GUID: e8bf7425cfbdd094da5dc809a5eaa8ff' -> (Import Result ID: '8516f84b56939d7ed69a669a8421550d') in 0.003 seconds [static and dynamic dependencies]. Details - ImportResultOutputID=9e4c79fbb854c1d39c35d08c926c2080 DependenciesID=9a7b8b65518c277d8bcfadb429271bd6 StaticDependenciesID=b6d24f7131d43dd2ceb478991bbb3b17 
Number of updated asset objects reloaded before import = 0
Number of asset objects unloaded after import = 0
========================================================================
Received Import Request.
  Time of request: 2026-09-19T15:00:40.6561779Z
  Time since last request: 0.0005079 seconds.
  importAddress: GUID: c8ab888c6e9a34fa39c4ff5634157e7f - Path: Packages/com.unity.collab-proxy/Editor/Diff/History/MoveRealizationInfoDetailsPanel.cs - Importer: ScriptedImporter/UnityEditor.QuickSearchModule:UnityEditor.Search:ASIAI0B
Importing 'GUID: c8ab888c6e9a34fa39c4ff5634157e7f - Path: Packages/com.unity.collab-proxy/Editor/Diff/History/MoveRealizationInfoDetailsPanel.cs - Importer: ScriptedImporter/UnityEditor.QuickSearchModule:UnityEditor.Search:ASIAI0B' with importer (ScriptedImporter : UnityEditor.QuickSearchModule:UnityEditor.Search:ASIAI0B)
Imported 'GUID: c8ab888c6e9a34fa39c4ff5634157e7f' -> (Import Result ID: '45cbc16294a2c86c77953541dd37e46b') in 0.003 seconds [static and dynamic dependencies]. Details - ImportResultOutputID=7f5b39483e0e7ffad149653aaaeb5573 DependenciesID=e5828b93e9a20d92ef431288f6d1fad9 StaticDependenciesID=dc56a8a0102da904106824ccb4b9edbb 
Number of updated asset objects reloaded before import = 0
Number of asset objects unloaded after import = 0
========================================================================
Received Import Request.
  Time of request: 2026-09-19T15:00:40.6773332Z
  Time since last request: 0.00052 seconds.
  importAddress: GUID: b016a21ea769b4e23ad15ad43ae5c784 - Path: Packages/com.unity.collab-proxy/Editor/Diff/Text/GoToLineDialog.cs - Importer: ScriptedImporter/UnityEditor.QuickSearchModule:UnityEditor.Search:ASIAI0B
Importing 'GUID: b016a21ea769b4e23ad15ad43ae5c784 - Path: Packages/com.unity.collab-proxy/Editor/Diff/Text/GoToLineDialog.cs - Importer: ScriptedImporter/UnityEditor.QuickSearchModule:UnityEditor.Search:ASIAI0B' with importer (ScriptedImporter : UnityEditor.QuickSearchModule:UnityEditor.Search:ASIAI0B)
Imported 'GUID: b016a21ea769b4e23ad15ad43ae5c784' -> (Import Result ID: '9720bcbeed80d29880e9ec3164a1ad42') in 0.003 seconds [static and dynamic dependencies]. Details - ImportResultOutputID=4003508768b620d48dd387530fd844e1 DependenciesID=55ab5345911bcabd9a7548774a08650f StaticDependenciesID=0c9de7fae7ad339d2225d7623d43f6ff 
Number of updated asset objects reloaded before import = 0
Number of asset objects unloaded after import = 0
========================================================================
Received Import Request.
  Time of request: 2026-09-19T15:00:40.6972306Z
  Time since last request: 0.0004733 seconds.
  importAddress: GUID: d7761b376e46440da9a6216011dfdb36 - Path: Packages/com.unity.collab-proxy/Editor/Diff/Text/DiffTextViewContextMenu.cs - Importer: ScriptedImporter/UnityEditor.QuickSearchModule:UnityEditor.Search:ASIAI0B
Importing 'GUID: d7761b376e46440da9a6216011dfdb36 - Path: Packages/com.unity.collab-proxy/Editor/Diff/Text/DiffTextViewContextMenu.cs - Importer: ScriptedImporter/UnityEditor.QuickSearchModule:UnityEditor.Search:ASIAI0B' with importer (ScriptedImporter : UnityEditor.QuickSearchModule:UnityEditor.Search:ASIAI0B)
Imported 'GUID: d7761b376e46440da9a6216011dfdb36' -> (Import Result ID: '0888e68cfa484799f01da2a6d802bcf9') in 0.003 seconds [static and dynamic dependencies]. Details - ImportResultOutputID=40db65ebb96fe3a0e64c9a98d42b34ed DependenciesID=5851ab6620d9ab123ce8afff2c447bf9 StaticDependenciesID=ab8f134fe1f58d795fa57498a505d232 
Number of updated asset objects reloaded before import = 0
Number of asset objects unloaded after import = 0
========================================================================
Received Import Request.
  Time of request: 2026-09-19T15:00:40.7155322Z
  Time since last request: 0.00053 seconds.
  importAddress: GUID: e4e07079374247849fcb35aa912e2421 - Path: Packages/com.unity.collab-proxy/Editor/CodeEditor/Utils/Constants.cs - Importer: ScriptedImporter/UnityEditor.QuickSearchModule:UnityEditor.Search:ASIAI0B
Importing 'GUID: e4e07079374247849fcb35aa912e2421 - Path: Packages/com.unity.collab-proxy/Editor/CodeEditor/Utils/Constants.cs - Importer: ScriptedImporter/UnityEditor.QuickSearchModule:UnityEditor.Search:ASIAI0B' with importer (ScriptedImporter : UnityEditor.QuickSearchModule:UnityEditor.Search:ASIAI0B)
Imported 'GUID: e4e07079374247849fcb35aa912e2421' -> (Import Result ID: 'd9eeb52f92eb381a11f8705f41c45d0c') in 0.003 seconds [static and dynamic dependencies]. Details - ImportResultOutputID=13d4c12096bb15b3790de2653b228e4c DependenciesID=23fe4c4d941e266c9b63f507584be5f9 StaticDependenciesID=50fad64a0b85cb8b58a20213eaf79d7e 
Number of updated asset objects reloaded before import = 0
Number of asset objects unloaded after import = 0
========================================================================
Received Import Request.
  Time of request: 2026-09-19T15:00:40.7362522Z
  Time since last request: 0.0005646 seconds.
  importAddress: GUID: 9464faf70fc3f4584999febc1d272e60 - Path: Packages/com.unity.collab-proxy/Editor/Diff/Text/ComparisonMethodMenu.cs - Importer: ScriptedImporter/UnityEditor.QuickSearchModule:UnityEditor.Search:ASIAI0B
Importing 'GUID: 9464faf70fc3f4584999febc1d272e60 - Path: Packages/com.unity.collab-proxy/Editor/Diff/Text/ComparisonMethodMenu.cs - Importer: ScriptedImporter/UnityEditor.QuickSearchModule:UnityEditor.Search:ASIAI0B' with importer (ScriptedImporter : UnityEditor.QuickSearchModule:UnityEditor.Search:ASIAI0B)
Imported 'GUID: 9464faf70fc3f4584999febc1d272e60' -> (Import Result ID: '4f8a94587088d973ad3a648889dca823') in 0.003 seconds [static and dynamic dependencies]. Details - ImportResultOutputID=e3c2bf58f96005e8fda126d67cdbc789 DependenciesID=174f548691a051cdc916037324d82b4d StaticDependenciesID=1d2233d37ffbe5f18e5e50dfb441ef28 
Number of updated asset objects reloaded before import = 0
Number of asset objects unloaded after import = 0
========================================================================
Received Import Request.
  Time of request: 2026-09-19T15:00:40.7553939Z
  Time since last request: 0.0005801 seconds.
  importAddress: GUID: 5b37b989e50b35043bba89d7d660e31e - Path: Packages/com.unity.collab-proxy/Editor/Developer/UpdateReport/UpdateReportListHeaderState.cs - Importer: ScriptedImporter/UnityEditor.QuickSearchModule:UnityEditor.Search:ASIAI0B
Importing 'GUID: 5b37b989e50b35043bba89d7d660e31e - Path: Packages/com.unity.collab-proxy/Editor/Developer/UpdateReport/UpdateReportListHeaderState.cs - Importer: ScriptedImporter/UnityEditor.QuickSearchModule:UnityEditor.Search:ASIAI0B' with importer (ScriptedImporter : UnityEditor.QuickSearchModule:UnityEditor.Search:ASIAI0B)
Imported 'GUID: 5b37b989e50b35043bba89d7d660e31e' -> (Import Result ID: '28432a012aa764357a6c22e077dcb1ff') in 0.003 seconds [static and dynamic dependencies]. Details - ImportResultOutputID=926cd165af99612815fbf05e82a8198d DependenciesID=58465aa552d235562250a4299487ae54 StaticDependenciesID=c89c35a3329e371158d457a4ba146c97 
Number of updated asset objects reloaded before import = 0
Number of asset objects unloaded after import = 0
========================================================================
Received Import Request.
  Time of request: 2026-09-19T15:00:40.7742315Z
  Time since last request: 0.0005201 seconds.
  importAddress: GUID: 371ab5d681ae64e1f8c51f7ad1bac315 - Path: Packages/com.unity.collab-proxy/Editor/Diff/Text/ContributorsHeaderPanel.cs - Importer: ScriptedImporter/UnityEditor.QuickSearchModule:UnityEditor.Search:ASIAI0B
Importing 'GUID: 371ab5d681ae64e1f8c51f7ad1bac315 - Path: Packages/com.unity.collab-proxy/Editor/Diff/Text/ContributorsHeaderPanel.cs - Importer: ScriptedImporter/UnityEditor.QuickSearchModule:UnityEditor.Search:ASIAI0B' with importer (ScriptedImporter : UnityEditor.QuickSearchModule:UnityEditor.Search:ASIAI0B)
Imported 'GUID: 371ab5d681ae64e1f8c51f7ad1bac315' -> (Import Result ID: '80b5604fbef10a2c5c53d7c0e9b31cf4') in 0.003 seconds [static and dynamic dependencies]. Details - ImportResultOutputID=8cd921c7f4bdb54824b7149f333b6547 DependenciesID=2f96aef84e885b46de7c9f156e0ad585 StaticDependenciesID=08bf8bc53789126b95257b0f0b89e3a9 
Number of updated asset objects reloaded before import = 0
Number of asset objects unloaded after import = 0
========================================================================
Received Import Request.
  Time of request: 2026-09-19T15:00:40.792042Z
  Time since last request: 0.000849 seconds.
  importAddress: GUID: 60719a83a6d44bd88a47d43f8393574f - Path: Packages/com.unity.collab-proxy/Editor/Diff/Image/ImageDiffControl.cs - Importer: ScriptedImporter/UnityEditor.QuickSearchModule:UnityEditor.Search:ASIAI0B
Importing 'GUID: 60719a83a6d44bd88a47d43f8393574f - Path: Packages/com.unity.collab-proxy/Editor/Diff/Image/ImageDiffControl.cs - Importer: ScriptedImporter/UnityEditor.QuickSearchModule:UnityEditor.Search:ASIAI0B' with importer (ScriptedImporter : UnityEditor.QuickSearchModule:UnityEditor.Search:ASIAI0B)
Imported 'GUID: 60719a83a6d44bd88a47d43f8393574f' -> (Import Result ID: 'cd29d6e912688cf6c858f06354ba5e3b') in 0.003 seconds [static and dynamic dependencies]. Details - ImportResultOutputID=f3f834987bb18853b9e0f53d959aa70d DependenciesID=e6a2563730c6187a67c26b24d4801e6f StaticDependenciesID=8d8134ea1708e52f0897175ae5ef2808 
Number of updated asset objects reloaded before import = 0
Number of asset objects unloaded after import = 0
========================================================================
Received Import Request.
  Time of request: 2026-09-19T15:00:40.8121535Z
  Time since last request: 0.0004207 seconds.
  importAddress: GUID: fb84e9e84ec74f78b32bdb4d43a02bbb - Path: Packages/com.unity.collab-proxy/Editor/Diff/Purged/PurgedStatePanel.cs - Importer: ScriptedImporter/UnityEditor.QuickSearchModule:UnityEditor.Search:ASIAI0B
Importing 'GUID: fb84e9e84ec74f78b32bdb4d43a02bbb - Path: Packages/com.unity.collab-proxy/Editor/Diff/Purged/PurgedStatePanel.cs - Importer: ScriptedImporter/UnityEditor.QuickSearchModule:UnityEditor.Search:ASIAI0B' with importer (ScriptedImporter : UnityEditor.QuickSearchModule:UnityEditor.Search:ASIAI0B)
Imported 'GUID: fb84e9e84ec74f78b32bdb4d43a02bbb' -> (Import Result ID: 'eeda7db1b019028c9a93fb850420dace') in 0.006 seconds [static and dynamic dependencies]. Details - ImportResultOutputID=aeca78fac9daad1556e0d6cb6731894a DependenciesID=89f58eb15ce8bc57a996b6668f25ac16 StaticDependenciesID=8f65deebb4c7b050f2317180eecf00f4 
Number of updated asset objects reloaded before import = 0
Number of asset objects unloaded after import = 0
========================================================================
Received Import Request.
  Time of request: 2026-09-19T15:00:40.8361002Z
  Time since last request: 0.0005602 seconds.
  importAddress: GUID: 917f880bb43743a3869e281c51dfdc43 - Path: Packages/com.unity.collab-proxy/Editor/CodeEditor/Utils/Empty.cs - Importer: ScriptedImporter/UnityEditor.QuickSearchModule:UnityEditor.Search:ASIAI0B
Importing 'GUID: 917f880bb43743a3869e281c51dfdc43 - Path: Packages/com.unity.collab-proxy/Editor/CodeEditor/Utils/Empty.cs - Importer: ScriptedImporter/UnityEditor.QuickSearchModule:UnityEditor.Search:ASIAI0B' with importer (ScriptedImporter : UnityEditor.QuickSearchModule:UnityEditor.Search:ASIAI0B)
Imported 'GUID: 917f880bb43743a3869e281c51dfdc43' -> (Import Result ID: '4e7fa70abc1ee3d5ad19cf463829ccd1') in 0.002 seconds [static and dynamic dependencies]. Details - ImportResultOutputID=b38823cfffac1d78feae7154f6e1e082 DependenciesID=b41e6117881dbff8efbb73822b3f8193 StaticDependenciesID=1973b7782ef04495196687d06b492fbf 
Number of updated asset objects reloaded before import = 0
Number of asset objects unloaded after import = 0
========================================================================
Received Import Request.
  Time of request: 2026-09-19T15:00:40.8850208Z
  Time since last request: 0.0300746 seconds.
  importAddress: GUID: 331d1c37d891f334390adb8324042856 - Path: Packages/com.unity.collab-proxy/Editor/UI/Errors/ErrorsListView.cs - Importer: ScriptedImporter/UnityEditor.QuickSearchModule:UnityEditor.Search:ASIAI0B
Importing 'GUID: 331d1c37d891f334390adb8324042856 - Path: Packages/com.unity.collab-proxy/Editor/UI/Errors/ErrorsListView.cs - Importer: ScriptedImporter/UnityEditor.QuickSearchModule:UnityEditor.Search:ASIAI0B' with importer (ScriptedImporter : UnityEditor.QuickSearchModule:UnityEditor.Search:ASIAI0B)
Imported 'GUID: 331d1c37d891f334390adb8324042856' -> (Import Result ID: '84f97d57f8ba6667f6e54bc7ed207d4a') in 0.004 seconds [static and dynamic dependencies]. Details - ImportResultOutputID=957d6dd312e2541662e8a95f286e154f DependenciesID=10e6d06a0bda903eb76e7e744a8189c7 StaticDependenciesID=393bf31729882b48c93d0a87d77d55d9 
Number of updated asset objects reloaded before import = 0
Number of asset objects unloaded after import = 0
========================================================================
Received Import Request.
  Time of request: 2026-09-19T15:00:40.9066323Z
  Time since last request: 0.0005081 seconds.
  importAddress: GUID: 81c4345dea952454584016b0ced862df - Path: Packages/com.unity.collab-proxy/Editor/UI/Avatar/AvatarGenerator.cs - Importer: ScriptedImporter/UnityEditor.QuickSearchModule:UnityEditor.Search:ASIAI0B
Importing 'GUID: 81c4345dea952454584016b0ced862df - Path: Packages/com.unity.collab-proxy/Editor/UI/Avatar/AvatarGenerator.cs - Importer: ScriptedImporter/UnityEditor.QuickSearchModule:UnityEditor.Search:ASIAI0B' with importer (ScriptedImporter : UnityEditor.QuickSearchModule:UnityEditor.Search:ASIAI0B)
Imported 'GUID: 81c4345dea952454584016b0ced862df' -> (Import Result ID: '3aed7b27862caf30ba93676f6f288b2b') in 0.003 seconds [static and dynamic dependencies]. Details - ImportResultOutputID=bec04080952c337201b0df2aa2497467 DependenciesID=fde425f893ad377a2079df811f8b50f1 StaticDependenciesID=349c75e450de5deff611f780f0c25741 
Number of updated asset objects reloaded before import = 0
Number of asset objects unloaded after import = 0
========================================================================
Received Import Request.
  Time of request: 2026-09-19T15:00:40.9269712Z
  Time since last request: 0.0004669 seconds.
  importAddress: GUID: 3e858d866b71d5245b9b869476a487f1 - Path: Packages/com.unity.collab-proxy/Editor/UI/Progress/OperationProgressData.cs - Importer: ScriptedImporter/UnityEditor.QuickSearchModule:UnityEditor.Search:ASIAI0B
Importing 'GUID: 3e858d866b71d5245b9b869476a487f1 - Path: Packages/com.unity.collab-proxy/Editor/UI/Progress/OperationProgressData.cs - Importer: ScriptedImporter/UnityEditor.QuickSearchModule:UnityEditor.Search:ASIAI0B' with importer (ScriptedImporter : UnityEditor.QuickSearchModule:UnityEditor.Search:ASIAI0B)
Imported 'GUID: 3e858d866b71d5245b9b869476a487f1' -> (Import Result ID: 'ea1ce2e2875114a113ebe24117aee51c') in 0.002 seconds [static and dynamic dependencies]. Details - ImportResultOutputID=758138f8d9d349449e49374ad166188d DependenciesID=8d49a747fa2799b6a6a345f4a7575c44 StaticDependenciesID=8043e6ca50ec5e2f7c22cbd72ad001c8 
Number of updated asset objects reloaded before import = 0
Number of asset objects unloaded after import = 0
========================================================================
Received Import Request.
  Time of request: 2026-09-19T15:00:40.9456915Z
  Time since last request: 0.0009992 seconds.
  importAddress: GUID: 2837297e95f28c44eb67b93417fce9d0 - Path: Packages/com.unity.collab-proxy/Editor/UI/Progress/ProgressControlsForViews.cs - Importer: ScriptedImporter/UnityEditor.QuickSearchModule:UnityEditor.Search:ASIAI0B
Importing 'GUID: 2837297e95f28c44eb67b93417fce9d0 - Path: Packages/com.unity.collab-proxy/Editor/UI/Progress/ProgressControlsForViews.cs - Importer: ScriptedImporter/UnityEditor.QuickSearchModule:UnityEditor.Search:ASIAI0B' with importer (ScriptedImporter : UnityEditor.QuickSearchModule:UnityEditor.Search:ASIAI0B)
Imported 'GUID: 2837297e95f28c44eb67b93417fce9d0' -> (Import Result ID: 'caeefbee52630d5c10fceb6b8ac524ea') in 0.003 seconds [static and dynamic dependencies]. Details - ImportResultOutputID=30aeca41b28ac08589a8320cb0ee7996 DependenciesID=77894a0530f42edec026571055e67bf4 StaticDependenciesID=a76d23d201014c91d212d2261ab2fffe 
Number of updated asset objects reloaded before import = 0
Number of asset objects unloaded after import = 0
========================================================================
Received Import Request.
  Time of request: 2026-09-19T15:00:40.9659202Z
  Time since last request: 0.000466 seconds.
  importAddress: GUID: 4b330c648826541b7834608b434d4476 - Path: Packages/com.unity.collab-proxy/Editor/Diff/Text/TextEditorScrollEvents.cs - Importer: ScriptedImporter/UnityEditor.QuickSearchModule:UnityEditor.Search:ASIAI0B
Importing 'GUID: 4b330c648826541b7834608b434d4476 - Path: Packages/com.unity.collab-proxy/Editor/Diff/Text/TextEditorScrollEvents.cs - Importer: ScriptedImporter/UnityEditor.QuickSearchModule:UnityEditor.Search:ASIAI0B' with importer (ScriptedImporter : UnityEditor.QuickSearchModule:UnityEditor.Search:ASIAI0B)
Imported 'GUID: 4b330c648826541b7834608b434d4476' -> (Import Result ID: 'b554da68ce211f2843f499b126355b66') in 0.003 seconds [static and dynamic dependencies]. Details - ImportResultOutputID=ec7c3ffbecde0e6eb96a584dcbf83309 DependenciesID=ea7b9b9dd70c0623e94a1f7b6397b930 StaticDependenciesID=6ae4fe227bb19e27a19bf8cda4a3da71 
Number of updated asset objects reloaded before import = 0
Number of asset objects unloaded after import = 0
========================================================================
Received Import Request.
  Time of request: 2026-09-19T15:00:40.9840978Z
  Time since last request: 0.0006915 seconds.
  importAddress: GUID: 8c069d7fb0d30cf499458f0d9c9fe035 - Path: Packages/com.unity.collab-proxy/Editor/UI/Errors/ErrorsListHeaderState.cs - Importer: ScriptedImporter/UnityEditor.QuickSearchModule:UnityEditor.Search:ASIAI0B
Importing 'GUID: 8c069d7fb0d30cf499458f0d9c9fe035 - Path: Packages/com.unity.collab-proxy/Editor/UI/Errors/ErrorsListHeaderState.cs - Importer: ScriptedImporter/UnityEditor.QuickSearchModule:UnityEditor.Search:ASIAI0B' with importer (ScriptedImporter : UnityEditor.QuickSearchModule:UnityEditor.Search:ASIAI0B)
Imported 'GUID: 8c069d7fb0d30cf499458f0d9c9fe035' -> (Import Result ID: 'e0e419a9d29aeab958af6c15db36f6ab') in 0.003 seconds [static and dynamic dependencies]. Details - ImportResultOutputID=a7d116cc8c2b0948ec7a3fed160dbf69 DependenciesID=2399ad530fa18eb1f65ecbf90c0149c6 StaticDependenciesID=07a62fc51f7b4259b3a82829c9101b8b 
Number of updated asset objects reloaded before import = 0
Number of asset objects unloaded after import = 0
========================================================================
Received Import Request.
  Time of request: 2026-09-19T15:00:41.0047896Z
  Time since last request: 0.0008684 seconds.
  importAddress: GUID: 22c746898109437d88d4bc5eaa84b89d - Path: Packages/com.unity.collab-proxy/Editor/UI/Progress/DrawProgressForWindow.cs - Importer: ScriptedImporter/UnityEditor.QuickSearchModule:UnityEditor.Search:ASIAI0B
Importing 'GUID: 22c746898109437d88d4bc5eaa84b89d - Path: Packages/com.unity.collab-proxy/Editor/UI/Progress/DrawProgressForWindow.cs - Importer: ScriptedImporter/UnityEditor.QuickSearchModule:UnityEditor.Search:ASIAI0B' with importer (ScriptedImporter : UnityEditor.QuickSearchModule:UnityEditor.Search:ASIAI0B)
Imported 'GUID: 22c746898109437d88d4bc5eaa84b89d' -> (Import Result ID: 'd4c0f07d14d7bbda69f178c16890873e') in 0.003 seconds [static and dynamic dependencies]. Details - ImportResultOutputID=12b8eb3a3133bf0e460e24b0206173f2 DependenciesID=9ddd8ef91a4724321df0a47594ec8550 StaticDependenciesID=7a3046fbf53dc5f07c747aab2d7d7ab4 
Number of updated asset objects reloaded before import = 0
Number of asset objects unloaded after import = 0
========================================================================
Received Import Request.
  Time of request: 2026-09-19T15:00:41.0248097Z
  Time since last request: 0.0004709 seconds.
  importAddress: GUID: 10ab7d4737830494e9aac10ba822475d - Path: Packages/com.unity.collab-proxy/Editor/Diff/Text/SyntaxHighlightMenu.cs - Importer: ScriptedImporter/UnityEditor.QuickSearchModule:UnityEditor.Search:ASIAI0B
Importing 'GUID: 10ab7d4737830494e9aac10ba822475d - Path: Packages/com.unity.collab-proxy/Editor/Diff/Text/SyntaxHighlightMenu.cs - Importer: ScriptedImporter/UnityEditor.QuickSearchModule:UnityEditor.Search:ASIAI0B' with importer (ScriptedImporter : UnityEditor.QuickSearchModule:UnityEditor.Search:ASIAI0B)
Imported 'GUID: 10ab7d4737830494e9aac10ba822475d' -> (Import Result ID: 'd7de4bcffa9204649816289c51db89f7') in 0.003 seconds [static and dynamic dependencies]. Details - ImportResultOutputID=f1d7be86c184e84b03b1fefb83a92465 DependenciesID=0b4da89204bc51ba886691006ee0affe StaticDependenciesID=ebe7814f35e4b4cf731b0f368638bf2d 
Number of updated asset objects reloaded before import = 0
Number of asset objects unloaded after import = 0
========================================================================
Received Import Request.
  Time of request: 2026-09-19T15:00:41.0450126Z
  Time since last request: 0.0003624 seconds.
  importAddress: GUID: d5366deaa0659eb44aa77a86d8bdc01a - Path: Packages/com.unity.collab-proxy/Editor/UI/Tree/GetChangesOverlayIcon.cs - Importer: ScriptedImporter/UnityEditor.QuickSearchModule:UnityEditor.Search:ASIAI0B
Importing 'GUID: d5366deaa0659eb44aa77a86d8bdc01a - Path: Packages/com.unity.collab-proxy/Editor/UI/Tree/GetChangesOverlayIcon.cs - Importer: ScriptedImporter/UnityEditor.QuickSearchModule:UnityEditor.Search:ASIAI0B' with importer (ScriptedImporter : UnityEditor.QuickSearchModule:UnityEditor.Search:ASIAI0B)
Imported 'GUID: d5366deaa0659eb44aa77a86d8bdc01a' -> (Import Result ID: '557fadb6606a2f10dae5a39acccf1109') in 0.003 seconds [static and dynamic dependencies]. Details - ImportResultOutputID=f1d8e18ae5469ab261677a8634b591d9 DependenciesID=2d0064de94363fcccefca702bd38a933 StaticDependenciesID=8f58f85f27db04b3d4463a15087d309b 
Number of updated asset objects reloaded before import = 0
Number of asset objects unloaded after import = 0
========================================================================
Received Import Request.
  Time of request: 2026-09-19T15:00:41.0646915Z
  Time since last request: 0.0004716 seconds.
  importAddress: GUID: 4664c2d6dd034f04eb60d4190ee2ffb7 - Path: Packages/com.unity.collab-proxy/Editor/UI/UIElements/LoadingSpinner.cs - Importer: ScriptedImporter/UnityEditor.QuickSearchModule:UnityEditor.Search:ASIAI0B
Importing 'GUID: 4664c2d6dd034f04eb60d4190ee2ffb7 - Path: Packages/com.unity.collab-proxy/Editor/UI/UIElements/LoadingSpinner.cs - Importer: ScriptedImporter/UnityEditor.QuickSearchModule:UnityEditor.Search:ASIAI0B' with importer (ScriptedImporter : UnityEditor.QuickSearchModule:UnityEditor.Search:ASIAI0B)
Imported 'GUID: 4664c2d6dd034f04eb60d4190ee2ffb7' -> (Import Result ID: '2ed2ba725607f015eedf2871482398ca') in 0.003 seconds [static and dynamic dependencies]. Details - ImportResultOutputID=8538a903559d456bef58d35ff41731e3 DependenciesID=2d8391733c5d9d9486c02ccda559f843 StaticDependenciesID=5ad9ea3f476256efcfa93de9bdb7d8ea 
Number of updated asset objects reloaded before import = 0
Number of asset objects unloaded after import = 0
========================================================================
Received Import Request.
  Time of request: 2026-09-19T15:00:41.0862211Z
  Time since last request: 0.0005377 seconds.
  importAddress: GUID: b01e8ea6bc7b48c38aa343ab609290fc - Path: Packages/com.unity.collab-proxy/Editor/UI/UIElements/ControlBuilder.cs - Importer: ScriptedImporter/UnityEditor.QuickSearchModule:UnityEditor.Search:ASIAI0B
Importing 'GUID: b01e8ea6bc7b48c38aa343ab609290fc - Path: Packages/com.unity.collab-proxy/Editor/UI/UIElements/ControlBuilder.cs - Importer: ScriptedImporter/UnityEditor.QuickSearchModule:UnityEditor.Search:ASIAI0B' with importer (ScriptedImporter : UnityEditor.QuickSearchModule:UnityEditor.Search:ASIAI0B)
Imported 'GUID: b01e8ea6bc7b48c38aa343ab609290fc' -> (Import Result ID: 'cd6e798ab18df3258eae8c2853df3c0d') in 0.003 seconds [static and dynamic dependencies]. Details - ImportResultOutputID=6a219c608b6394c94e8da0de11145bcf DependenciesID=26e1dd7ebc528aa8358235c4b1e38999 StaticDependenciesID=3ee3cefd0b0870239db4586bdcb30ea2 
Number of updated asset objects reloaded before import = 0
Number of asset objects unloaded after import = 0
========================================================================
Received Import Request.
  Time of request: 2026-09-19T15:00:41.1073663Z
  Time since last request: 0.0005075 seconds.
  importAddress: GUID: 7985a2b6ab3fac849929b1e2d51fe9cf - Path: Packages/com.unity.collab-proxy/Editor/Hub/Operations/OperationParams.cs - Importer: ScriptedImporter/UnityEditor.QuickSearchModule:UnityEditor.Search:ASIAI0B
Importing 'GUID: 7985a2b6ab3fac849929b1e2d51fe9cf - Path: Packages/com.unity.collab-proxy/Editor/Hub/Operations/OperationParams.cs - Importer: ScriptedImporter/UnityEditor.QuickSearchModule:UnityEditor.Search:ASIAI0B' with importer (ScriptedImporter : UnityEditor.QuickSearchModule:UnityEditor.Search:ASIAI0B)
Imported 'GUID: 7985a2b6ab3fac849929b1e2d51fe9cf' -> (Import Result ID: 'e2520738aeddd9dc5d27cf59a0e24ad0') in 0.003 seconds [static and dynamic dependencies]. Details - ImportResultOutputID=50b32faf2bd240e563f6654424c3498a DependenciesID=70027c5c455cbb99505ebb699b42dc1e StaticDependenciesID=8260d3cfa857afe4e98c42fc3c56bb53 
Number of updated asset objects reloaded before import = 0
Number of asset objects unloaded after import = 0
========================================================================
Received Import Request.
  Time of request: 2026-09-19T15:00:41.1268188Z
  Time since last request: 0.0005149 seconds.
  importAddress: GUID: 71c34e5fa319ca644b6806e573c33d88 - Path: Packages/com.unity.collab-proxy/Editor/UI/Errors/ErrorListViewItem.cs - Importer: ScriptedImporter/UnityEditor.QuickSearchModule:UnityEditor.Search:ASIAI0B
Importing 'GUID: 71c34e5fa319ca644b6806e573c33d88 - Path: Packages/com.unity.collab-proxy/Editor/UI/Errors/ErrorListViewItem.cs - Importer: ScriptedImporter/UnityEditor.QuickSearchModule:UnityEditor.Search:ASIAI0B' with importer (ScriptedImporter : UnityEditor.QuickSearchModule:UnityEditor.Search:ASIAI0B)
Imported 'GUID: 71c34e5fa319ca644b6806e573c33d88' -> (Import Result ID: 'fe349112c5a206696cd7ce7b34bee61d') in 0.003 seconds [static and dynamic dependencies]. Details - ImportResultOutputID=2ec90abad519225a674930434d85d374 DependenciesID=7d2ec760128052cea9992d4a8996400a StaticDependenciesID=53323408c811cb5fd679fca8407b905b 
Number of updated asset objects reloaded before import = 0
Number of asset objects unloaded after import = 0
========================================================================
Received Import Request.
  Time of request: 2026-09-19T15:00:41.1461684Z
  Time since last request: 0.0006153 seconds.
  importAddress: GUID: ab0090fd6aa8c604a828244d4ba93c84 - Path: Packages/com.unity.collab-proxy/Editor/UI/Progress/DrawProgressForViews.cs - Importer: ScriptedImporter/UnityEditor.QuickSearchModule:UnityEditor.Search:ASIAI0B
Importing 'GUID: ab0090fd6aa8c604a828244d4ba93c84 - Path: Packages/com.unity.collab-proxy/Editor/UI/Progress/DrawProgressForViews.cs - Importer: ScriptedImporter/UnityEditor.QuickSearchModule:UnityEditor.Search:ASIAI0B' with importer (ScriptedImporter : UnityEditor.QuickSearchModule:UnityEditor.Search:ASIAI0B)
Imported 'GUID: ab0090fd6aa8c604a828244d4ba93c84' -> (Import Result ID: '5839a98c601a3653b627c47bb7205896') in 0.004 seconds [static and dynamic dependencies]. Details - ImportResultOutputID=25e0daef4bf435d78871d6e89535b248 DependenciesID=f5173442b6a0e66a76696b3a46ed0858 StaticDependenciesID=1d31b604655959f15a0adbb6af9f0d0a 
Number of updated asset objects reloaded before import = 0
Number of asset objects unloaded after import = 0
========================================================================
Received Import Request.
  Time of request: 2026-09-19T15:00:41.1678637Z
  Time since last request: 0.0015199 seconds.
  importAddress: GUID: 7c0160d91d8eec24bbb43873243d2343 - Path: Packages/com.unity.collab-proxy/Editor/Gluon/UpdateReport/UpdateReportDialog.cs - Importer: ScriptedImporter/UnityEditor.QuickSearchModule:UnityEditor.Search:ASIAI0B
Importing 'GUID: 7c0160d91d8eec24bbb43873243d2343 - Path: Packages/com.unity.collab-proxy/Editor/Gluon/UpdateReport/UpdateReportDialog.cs - Importer: ScriptedImporter/UnityEditor.QuickSearchModule:UnityEditor.Search:ASIAI0B' with importer (ScriptedImporter : UnityEditor.QuickSearchModule:UnityEditor.Search:ASIAI0B)
Imported 'GUID: 7c0160d91d8eec24bbb43873243d2343' -> (Import Result ID: '1c2bdf5385cf907436ee8254d1544fef') in 0.004 seconds [static and dynamic dependencies]. Details - ImportResultOutputID=ea224150cda3a10ffe5d17fd8ca6e5e3 DependenciesID=d7abea1251ee6d06ae4c1ab085ddcd3f StaticDependenciesID=389aec6188df3ce40cea1e36e0203956 
Number of updated asset objects reloaded before import = 0
Number of asset objects unloaded after import = 0
========================================================================
Received Import Request.
  Time of request: 2026-09-19T15:00:41.1888578Z
  Time since last request: 0.0004372 seconds.
  importAddress: GUID: c5d431e8131b1d74897c1a18b5e76932 - Path: Packages/com.unity.collab-proxy/Editor/Gluon/UpdateReport/UpdateReportListView.cs - Importer: ScriptedImporter/UnityEditor.QuickSearchModule:UnityEditor.Search:ASIAI0B
Importing 'GUID: c5d431e8131b1d74897c1a18b5e76932 - Path: Packages/com.unity.collab-proxy/Editor/Gluon/UpdateReport/UpdateReportListView.cs - Importer: ScriptedImporter/UnityEditor.QuickSearchModule:UnityEditor.Search:ASIAI0B' with importer (ScriptedImporter : UnityEditor.QuickSearchModule:UnityEditor.Search:ASIAI0B)
Imported 'GUID: c5d431e8131b1d74897c1a18b5e76932' -> (Import Result ID: '58fa1f912da7f77d2df82a47703d73c6') in 0.003 seconds [static and dynamic dependencies]. Details - ImportResultOutputID=0f4e2f1594c65bf668464dfb85f9c0fd DependenciesID=0654d44453d09908f026e11d34dd8c7f StaticDependenciesID=c7623af255e9b03988c8eb1c25f46b19 
Number of updated asset objects reloaded before import = 0
Number of asset objects unloaded after import = 0
========================================================================
Received Import Request.
  Time of request: 2026-09-19T15:00:41.2267197Z
  Time since last request: 0.0198718 seconds.
  importAddress: GUID: a1f5156c89fd104459e8ec0cc3098899 - Path: Packages/com.unity.collab-proxy/Editor/Views/Branch/BranchesViewMenu.cs - Importer: ScriptedImporter/UnityEditor.QuickSearchModule:UnityEditor.Search:ASIAI0B
Importing 'GUID: a1f5156c89fd104459e8ec0cc3098899 - Path: Packages/com.unity.collab-proxy/Editor/Views/Branch/BranchesViewMenu.cs - Importer: ScriptedImporter/UnityEditor.QuickSearchModule:UnityEditor.Search:ASIAI0B' with importer (ScriptedImporter : UnityEditor.QuickSearchModule:UnityEditor.Search:ASIAI0B)
Imported 'GUID: a1f5156c89fd104459e8ec0cc3098899' -> (Import Result ID: '283b4a0a98dbde7525a239909bfb5024') in 0.003 seconds [static and dynamic dependencies]. Details - ImportResultOutputID=4ee479e0660dfc0adc20fa5a1949d411 DependenciesID=3dc1af53cff78670200a067ca4f2dee5 StaticDependenciesID=01d14f1164b9a7175279a8403c3d2558 
Number of updated asset objects reloaded before import = 0
Number of asset objects unloaded after import = 0
========================================================================
Received Import Request.
  Time of request: 2026-09-19T15:00:41.245723Z
  Time since last request: 0.0008385 seconds.
  importAddress: GUID: f4a41e458bcb22946bcfa6b165c90288 - Path: Packages/com.unity.collab-proxy/Editor/Views/Branch/BranchesListHeaderState.cs - Importer: ScriptedImporter/UnityEditor.QuickSearchModule:UnityEditor.Search:ASIAI0B
Importing 'GUID: f4a41e458bcb22946bcfa6b165c90288 - Path: Packages/com.unity.collab-proxy/Editor/Views/Branch/BranchesListHeaderState.cs - Importer: ScriptedImporter/UnityEditor.QuickSearchModule:UnityEditor.Search:ASIAI0B' with importer (ScriptedImporter : UnityEditor.QuickSearchModule:UnityEditor.Search:ASIAI0B)
Imported 'GUID: f4a41e458bcb22946bcfa6b165c90288' -> (Import Result ID: '0f6a13a88a91ee265fea07b206d61e1a') in 0.005 seconds [static and dynamic dependencies]. Details - ImportResultOutputID=2dcf2c49fe232f108d8bc163d4527ad2 DependenciesID=b534c7a067127a1890d3bd1387577abf StaticDependenciesID=542a36d4b3e40cdecb0af9cf6aff5688 
Number of updated asset objects reloaded before import = 0
Number of asset objects unloaded after import = 0
========================================================================
Received Import Request.
  Time of request: 2026-09-19T15:00:41.2723917Z
  Time since last request: 0.000691 seconds.
  importAddress: GUID: 064a7a3d9b9b458f87abe1ec38227570 - Path: Packages/com.unity.collab-proxy/Editor/UVCSToolbar/PopupWindow/PopupWindowDrawing.cs - Importer: ScriptedImporter/UnityEditor.QuickSearchModule:UnityEditor.Search:ASIAI0B
Importing 'GUID: 064a7a3d9b9b458f87abe1ec38227570 - Path: Packages/com.unity.collab-proxy/Editor/UVCSToolbar/PopupWindow/PopupWindowDrawing.cs - Importer: ScriptedImporter/UnityEditor.QuickSearchModule:UnityEditor.Search:ASIAI0B' with importer (ScriptedImporter : UnityEditor.QuickSearchModule:UnityEditor.Search:ASIAI0B)
Imported 'GUID: 064a7a3d9b9b458f87abe1ec38227570' -> (Import Result ID: '7bad782e20430ad821bab0ebb492cc29') in 0.004 seconds [static and dynamic dependencies]. Details - ImportResultOutputID=7c1ec8ffd86e7d1b077d656734e6633e DependenciesID=1fc0fef4ad39d15651b37b319064e360 StaticDependenciesID=34eea5b167d12a1e82772dbf175da5bd 
Number of updated asset objects reloaded before import = 0
Number of asset objects unloaded after import = 0
========================================================================
Received Import Request.
  Time of request: 2026-09-19T15:00:41.31109Z
  Time since last request: 0.007305 seconds.
  importAddress: GUID: 7ff9581aa143f4d41b4e351881b8f459 - Path: Packages/com.unity.collab-proxy/Editor/Views/Changesets/ChangesetsListHeaderState.cs - Importer: ScriptedImporter/UnityEditor.QuickSearchModule:UnityEditor.Search:ASIAI0B
Importing 'GUID: 7ff9581aa143f4d41b4e351881b8f459 - Path: Packages/com.unity.collab-proxy/Editor/Views/Changesets/ChangesetsListHeaderState.cs - Importer: ScriptedImporter/UnityEditor.QuickSearchModule:UnityEditor.Search:ASIAI0B' with importer (ScriptedImporter : UnityEditor.QuickSearchModule:UnityEditor.Search:ASIAI0B)
Imported 'GUID: 7ff9581aa143f4d41b4e351881b8f459' -> (Import Result ID: 'b9b6df83d4d8a6d9de0d530d3b9b15f0') in 0.002 seconds [static and dynamic dependencies]. Details - ImportResultOutputID=471e5a9a2e40f155f5697f69cf58108a DependenciesID=7adaffbce86103e69a5b673a310501df StaticDependenciesID=8cd07ca5261d092c97870dc4f8dbc1e2 
Number of updated asset objects reloaded before import = 0
Number of asset objects unloaded after import = 0
========================================================================
Received Import Request.
  Time of request: 2026-09-19T15:00:41.3319091Z
  Time since last request: 0.0007475 seconds.
  importAddress: GUID: 1f51551c797bb44418a61b0f18e6c604 - Path: Packages/com.unity.collab-proxy/Editor/Views/BrowseRepository/BrowseRepositoryPanel.cs - Importer: ScriptedImporter/UnityEditor.QuickSearchModule:UnityEditor.Search:ASIAI0B
Importing 'GUID: 1f51551c797bb44418a61b0f18e6c604 - Path: Packages/com.unity.collab-proxy/Editor/Views/BrowseRepository/BrowseRepositoryPanel.cs - Importer: ScriptedImporter/UnityEditor.QuickSearchModule:UnityEditor.Search:ASIAI0B' with importer (ScriptedImporter : UnityEditor.QuickSearchModule:UnityEditor.Search:ASIAI0B)
Imported 'GUID: 1f51551c797bb44418a61b0f18e6c604' -> (Import Result ID: '186292942c645908747e6bd6c4c33492') in 0.005 seconds [static and dynamic dependencies]. Details - ImportResultOutputID=8445d3cd28a8b32cc60052f47959e8fc DependenciesID=22b7cfcea143c775fc91a68ce1c0be2f StaticDependenciesID=9ae0f7b0b0908a9713494988fe2ad3e7 
Number of updated asset objects reloaded before import = 0
Number of asset objects unloaded after import = 0
========================================================================
Received Import Request.
  Time of request: 2026-09-19T15:00:41.3541974Z
  Time since last request: 0.000698 seconds.
  importAddress: GUID: 0ee79162e06c6984a97600b7c0680611 - Path: Packages/com.unity.collab-proxy/Editor/Views/Diff/DiffPanel.cs - Importer: ScriptedImporter/UnityEditor.QuickSearchModule:UnityEditor.Search:ASIAI0B
Importing 'GUID: 0ee79162e06c6984a97600b7c0680611 - Path: Packages/com.unity.collab-proxy/Editor/Views/Diff/DiffPanel.cs - Importer: ScriptedImporter/UnityEditor.QuickSearchModule:UnityEditor.Search:ASIAI0B' with importer (ScriptedImporter : UnityEditor.QuickSearchModule:UnityEditor.Search:ASIAI0B)
Imported 'GUID: 0ee79162e06c6984a97600b7c0680611' -> (Import Result ID: 'ef9c492693b57fb57fd27386ef5f1cfe') in 0.003 seconds [static and dynamic dependencies]. Details - ImportResultOutputID=7ba843640eb93301758bef6debc78dc0 DependenciesID=b6b5e2904597722a7d4eff8bd67e7a5f StaticDependenciesID=0731565ef8aa8a5ba665ce6d51600ac1 
Number of updated asset objects reloaded before import = 0
Number of asset objects unloaded after import = 0
========================================================================
Received Import Request.
  Time of request: 2026-09-19T15:00:41.3774265Z
  Time since last request: 0.0004781 seconds.
  importAddress: GUID: 401c6c6a56164529a2624d9467eb46ca - Path: Packages/com.unity.collab-proxy/Editor/Views/BranchExplorer/SelectedObjectDataUpdater.cs - Importer: ScriptedImporter/UnityEditor.QuickSearchModule:UnityEditor.Search:ASIAI0B
Importing 'GUID: 401c6c6a56164529a2624d9467eb46ca - Path: Packages/com.unity.collab-proxy/Editor/Views/BranchExplorer/SelectedObjectDataUpdater.cs - Importer: ScriptedImporter/UnityEditor.QuickSearchModule:UnityEditor.Search:ASIAI0B' with importer (ScriptedImporter : UnityEditor.QuickSearchModule:UnityEditor.Search:ASIAI0B)
Imported 'GUID: 401c6c6a56164529a2624d9467eb46ca' -> (Import Result ID: '9a57ab1563190da70627b9f297fefb42') in 0.003 seconds [static and dynamic dependencies]. Details - ImportResultOutputID=37bf178e1fa2c528d7076dd929364b33 DependenciesID=cebdd94ce9544154b69387d76c4c61df StaticDependenciesID=46f6d52bcc9d33c52f4b650890c274f1 
Number of updated asset objects reloaded before import = 0
Number of asset objects unloaded after import = 0
========================================================================
Received Import Request.
  Time of request: 2026-09-19T15:00:41.3983684Z
  Time since last request: 0.0005774 seconds.
  importAddress: GUID: 923dacaaac477a941a4a5c7c1657a250 - Path: Packages/com.unity.collab-proxy/Editor/Views/Diff/MergeCategoryTreeViewItem.cs - Importer: ScriptedImporter/UnityEditor.QuickSearchModule:UnityEditor.Search:ASIAI0B
Importing 'GUID: 923dacaaac477a941a4a5c7c1657a250 - Path: Packages/com.unity.collab-proxy/Editor/Views/Diff/MergeCategoryTreeViewItem.cs - Importer: ScriptedImporter/UnityEditor.QuickSearchModule:UnityEditor.Search:ASIAI0B' with importer (ScriptedImporter : UnityEditor.QuickSearchModule:UnityEditor.Search:ASIAI0B)
Imported 'GUID: 923dacaaac477a941a4a5c7c1657a250' -> (Import Result ID: '8b4f4b78325cff545ec79db5dd0d78b1') in 0.003 seconds [static and dynamic dependencies]. Details - ImportResultOutputID=cc91fd28121a38a7043157ab8562e0d1 DependenciesID=05f208365563df5825f072556df49b64 StaticDependenciesID=eacd999ddbbd0af597eb30aa861eb6b2 
Number of updated asset objects reloaded before import = 0
Number of asset objects unloaded after import = 0
========================================================================
Received Import Request.
  Time of request: 2026-09-19T15:00:41.4193934Z
  Time since last request: 0.0005604 seconds.
  importAddress: GUID: 56ea95e3e56f40af895e3479028feb82 - Path: Packages/com.unity.collab-proxy/Editor/Views/Attributes/CreateAttributeView.cs - Importer: ScriptedImporter/UnityEditor.QuickSearchModule:UnityEditor.Search:ASIAI0B
Importing 'GUID: 56ea95e3e56f40af895e3479028feb82 - Path: Packages/com.unity.collab-proxy/Editor/Views/Attributes/CreateAttributeView.cs - Importer: ScriptedImporter/UnityEditor.QuickSearchModule:UnityEditor.Search:ASIAI0B' with importer (ScriptedImporter : UnityEditor.QuickSearchModule:UnityEditor.Search:ASIAI0B)
Imported 'GUID: 56ea95e3e56f40af895e3479028feb82' -> (Import Result ID: '7afe80471a1fd7b21d7cbf325ae14509') in 0.003 seconds [static and dynamic dependencies]. Details - ImportResultOutputID=a8329b7fe553e7f029af951a61e25275 DependenciesID=40c2e9187d34363a0f89522172fbdfc8 StaticDependenciesID=a603342817840a32a743ee67ba0f09cf 
Number of updated asset objects reloaded before import = 0
Number of asset objects unloaded after import = 0
========================================================================
Received Import Request.
  Time of request: 2026-09-19T15:00:41.4398826Z
  Time since last request: 0.0005432 seconds.
  importAddress: GUID: b6b66fe771b04a66a438c93ccea06aa4 - Path: Packages/com.unity.collab-proxy/Editor/Views/BranchExplorer/KeyboardActions.cs - Importer: ScriptedImporter/UnityEditor.QuickSearchModule:UnityEditor.Search:ASIAI0B
Importing 'GUID: b6b66fe771b04a66a438c93ccea06aa4 - Path: Packages/com.unity.collab-proxy/Editor/Views/BranchExplorer/KeyboardActions.cs - Importer: ScriptedImporter/UnityEditor.QuickSearchModule:UnityEditor.Search:ASIAI0B' with importer (ScriptedImporter : UnityEditor.QuickSearchModule:UnityEditor.Search:ASIAI0B)
Imported 'GUID: b6b66fe771b04a66a438c93ccea06aa4' -> (Import Result ID: 'bb0043f5686d71fc17295ca0f013d337') in 0.004 seconds [static and dynamic dependencies]. Details - ImportResultOutputID=df71eb7c3fda07ede49a203aa513f8e7 DependenciesID=790d52c9378709f596da21270e14b971 StaticDependenciesID=272667889ae9c0d2c8e2eb7e9485bd9c 
Number of updated asset objects reloaded before import = 0
Number of asset objects unloaded after import = 0
========================================================================
Received Import Request.
  Time of request: 2026-09-19T15:00:41.4600684Z
  Time since last request: 0.00056 seconds.
  importAddress: GUID: 397f62458d0ad3441aaaa1a738bd4f94 - Path: Packages/com.unity.collab-proxy/Editor/Views/Changesets/ChangesetsViewMenu.cs - Importer: ScriptedImporter/UnityEditor.QuickSearchModule:UnityEditor.Search:ASIAI0B
Importing 'GUID: 397f62458d0ad3441aaaa1a738bd4f94 - Path: Packages/com.unity.collab-proxy/Editor/Views/Changesets/ChangesetsViewMenu.cs - Importer: ScriptedImporter/UnityEditor.QuickSearchModule:UnityEditor.Search:ASIAI0B' with importer (ScriptedImporter : UnityEditor.QuickSearchModule:UnityEditor.Search:ASIAI0B)
Imported 'GUID: 397f62458d0ad3441aaaa1a738bd4f94' -> (Import Result ID: '29be51a3209b81f29cf2c79254bc8832') in 0.004 seconds [static and dynamic dependencies]. Details - ImportResultOutputID=0c020aef00464f154639497ca3942b1a DependenciesID=d4dfc39a3f45527d675c1a5277697cfd StaticDependenciesID=e0dbbb782bea3316594cd33de7ffce45 
Number of updated asset objects reloaded before import = 0
Number of asset objects unloaded after import = 0
========================================================================
Received Import Request.
  Time of request: 2026-09-19T15:00:41.4811796Z
  Time since last request: 0.0005337 seconds.
  importAddress: GUID: 5ab43506dddfc244ab5b44585140c5a6 - Path: Packages/com.unity.collab-proxy/Editor/Views/Diff/GetClientDiffInfos.cs - Importer: ScriptedImporter/UnityEditor.QuickSearchModule:UnityEditor.Search:ASIAI0B
Importing 'GUID: 5ab43506dddfc244ab5b44585140c5a6 - Path: Packages/com.unity.collab-proxy/Editor/Views/Diff/GetClientDiffInfos.cs - Importer: ScriptedImporter/UnityEditor.QuickSearchModule:UnityEditor.Search:ASIAI0B' with importer (ScriptedImporter : UnityEditor.QuickSearchModule:UnityEditor.Search:ASIAI0B)
Imported 'GUID: 5ab43506dddfc244ab5b44585140c5a6' -> (Import Result ID: '40c3969c1143aa177ee53677d2a550fd') in 0.003 seconds [static and dynamic dependencies]. Details - ImportResultOutputID=f2fcd4b345358d6bfe13baf1bd7303a3 DependenciesID=f9daf34282a576b933f03fc9eb981019 StaticDependenciesID=585fa81c938dcfe60afc00f259c714ba 
Number of updated asset objects reloaded before import = 0
Number of asset objects unloaded after import = 0
========================================================================
Received Import Request.
  Time of request: 2026-09-19T15:00:41.5017754Z
  Time since last request: 0.000967 seconds.
  importAddress: GUID: 1448ee204d2f476b8b002dbf6a65436a - Path: Packages/com.unity.collab-proxy/Editor/Views/Diff/ChangesetByChangesetListView.cs - Importer: ScriptedImporter/UnityEditor.QuickSearchModule:UnityEditor.Search:ASIAI0B
Importing 'GUID: 1448ee204d2f476b8b002dbf6a65436a - Path: Packages/com.unity.collab-proxy/Editor/Views/Diff/ChangesetByChangesetListView.cs - Importer: ScriptedImporter/UnityEditor.QuickSearchModule:UnityEditor.Search:ASIAI0B' with importer (ScriptedImporter : UnityEditor.QuickSearchModule:UnityEditor.Search:ASIAI0B)
Imported 'GUID: 1448ee204d2f476b8b002dbf6a65436a' -> (Import Result ID: '6ec62ef1a0c50cc4c10a28614f2c171f') in 0.002 seconds [static and dynamic dependencies]. Details - ImportResultOutputID=cfe7c18cf13eb0d702a320ae1c939332 DependenciesID=66d5483567db1ec9ef93f1fd91060f77 StaticDependenciesID=dbf650ea55e44123bf9855f02adfdfe8 
Number of updated asset objects reloaded before import = 0
Number of asset objects unloaded after import = 0
========================================================================
Received Import Request.
  Time of request: 2026-09-19T15:00:41.5207258Z
  Time since last request: 0.000452 seconds.
  importAddress: GUID: 59e682a8b37338a46910fa9a939425e3 - Path: Packages/com.unity.collab-proxy/Editor/Views/Changesets/ChangesetsListView.cs - Importer: ScriptedImporter/UnityEditor.QuickSearchModule:UnityEditor.Search:ASIAI0B
Importing 'GUID: 59e682a8b37338a46910fa9a939425e3 - Path: Packages/com.unity.collab-proxy/Editor/Views/Changesets/ChangesetsListView.cs - Importer: ScriptedImporter/UnityEditor.QuickSearchModule:UnityEditor.Search:ASIAI0B' with importer (ScriptedImporter : UnityEditor.QuickSearchModule:UnityEditor.Search:ASIAI0B)
Imported 'GUID: 59e682a8b37338a46910fa9a939425e3' -> (Import Result ID: '32b241e618ee7973ec25a0e129b1ab06') in 0.002 seconds [static and dynamic dependencies]. Details - ImportResultOutputID=30b8bb5b1af48c0303eeab0527c1ad85 DependenciesID=04426bdaeff4838b1cc8de09f9002a1c StaticDependenciesID=dfb7e45983f16c603f3ebe2afcc09f45 
Number of updated asset objects reloaded before import = 0
Number of asset objects unloaded after import = 0
========================================================================
Received Import Request.
  Time of request: 2026-09-19T15:00:41.5384834Z
  Time since last request: 0.000395 seconds.
  importAddress: GUID: 41633509da720014cbd77f755b378ce7 - Path: Packages/com.unity.collab-proxy/Editor/Views/CreateWorkspace/CreateWorkspaceViewState.cs - Importer: ScriptedImporter/UnityEditor.QuickSearchModule:UnityEditor.Search:ASIAI0B
Importing 'GUID: 41633509da720014cbd77f755b378ce7 - Path: Packages/com.unity.collab-proxy/Editor/Views/CreateWorkspace/CreateWorkspaceViewState.cs - Importer: ScriptedImporter/UnityEditor.QuickSearchModule:UnityEditor.Search:ASIAI0B' with importer (ScriptedImporter : UnityEditor.QuickSearchModule:UnityEditor.Search:ASIAI0B)
Imported 'GUID: 41633509da720014cbd77f755b378ce7' -> (Import Result ID: '2362b72b49d7829132470e5b1d4cfc21') in 0.003 seconds [static and dynamic dependencies]. Details - ImportResultOutputID=6c44ed27263bfee79e1f049227497a72 DependenciesID=d22bc4abd67ca932e54300931c99886a StaticDependenciesID=f3f71a4dcf4f0ede0ee3dde801c5cf49 
Number of updated asset objects reloaded before import = 0
Number of asset objects unloaded after import = 0
========================================================================
Received Import Request.
  Time of request: 2026-09-19T15:00:41.5558869Z
  Time since last request: 0.0005425 seconds.
  importAddress: GUID: eb8bc19bacda426fb5ae209e56bd32d3 - Path: Packages/com.unity.collab-proxy/Editor/Views/Attributes/ApplyAttributeView.cs - Importer: ScriptedImporter/UnityEditor.QuickSearchModule:UnityEditor.Search:ASIAI0B
Importing 'GUID: eb8bc19bacda426fb5ae209e56bd32d3 - Path: Packages/com.unity.collab-proxy/Editor/Views/Attributes/ApplyAttributeView.cs - Importer: ScriptedImporter/UnityEditor.QuickSearchModule:UnityEditor.Search:ASIAI0B' with importer (ScriptedImporter : UnityEditor.QuickSearchModule:UnityEditor.Search:ASIAI0B)
Imported 'GUID: eb8bc19bacda426fb5ae209e56bd32d3' -> (Import Result ID: '2d6d23d1bfd26520d5ab2fd10cbd4109') in 0.003 seconds [static and dynamic dependencies]. Details - ImportResultOutputID=fed047d0bc5b4582d9542b984d9b7d82 DependenciesID=e471fb047e4505a029c9c9b29ee36d8c StaticDependenciesID=683196f7c789be645c3d05710dc563e4 
Number of updated asset objects reloaded before import = 0
Number of asset objects unloaded after import = 0
========================================================================
Received Import Request.
  Time of request: 2026-09-19T15:00:41.6112135Z
  Time since last request: 0.0334068 seconds.
  importAddress: GUID: 2f536f0e9a974d75b293f6aee8e2cdf2 - Path: Packages/com.unity.collab-proxy/Editor/Views/Locks/LocksTab.cs - Importer: ScriptedImporter/UnityEditor.QuickSearchModule:UnityEditor.Search:ASIAI0B
Importing 'GUID: 2f536f0e9a974d75b293f6aee8e2cdf2 - Path: Packages/com.unity.collab-proxy/Editor/Views/Locks/LocksTab.cs - Importer: ScriptedImporter/UnityEditor.QuickSearchModule:UnityEditor.Search:ASIAI0B' with importer (ScriptedImporter : UnityEditor.QuickSearchModule:UnityEditor.Search:ASIAI0B)
Imported 'GUID: 2f536f0e9a974d75b293f6aee8e2cdf2' -> (Import Result ID: '37b0be311393ee8aa56ef8219c1d9fd2') in 0.004 seconds [static and dynamic dependencies]. Details - ImportResultOutputID=87bec71e1b69a2f9d1f5a71ae8c6ea9b DependenciesID=113c010e40f5e9b0189f0f71bfeeecb2 StaticDependenciesID=3fd36719a9a7342cbeda2aa2183f87ad 
Number of updated asset objects reloaded before import = 0
Number of asset objects unloaded after import = 0
========================================================================
Received Import Request.
  Time of request: 2026-09-19T15:00:41.632537Z
  Time since last request: 0.0006959 seconds.
  importAddress: GUID: e1a6d107a6d177540bc36d82a9449128 - Path: Packages/com.unity.collab-proxy/Editor/Views/PendingChanges/ChangelistTreeViewItem.cs - Importer: ScriptedImporter/UnityEditor.QuickSearchModule:UnityEditor.Search:ASIAI0B
Importing 'GUID: e1a6d107a6d177540bc36d82a9449128 - Path: Packages/com.unity.collab-proxy/Editor/Views/PendingChanges/ChangelistTreeViewItem.cs - Importer: ScriptedImporter/UnityEditor.QuickSearchModule:UnityEditor.Search:ASIAI0B' with importer (ScriptedImporter : UnityEditor.QuickSearchModule:UnityEditor.Search:ASIAI0B)
Imported 'GUID: e1a6d107a6d177540bc36d82a9449128' -> (Import Result ID: 'e00e6b8f7fb1b295d7ef3133736497d7') in 0.003 seconds [static and dynamic dependencies]. Details - ImportResultOutputID=9e38b62fff1cad7ad563ea4cc421fe31 DependenciesID=a4af9a8d87473989779035a4ce33f49b StaticDependenciesID=015f8da8671156973ac92fc922b001ce 
Number of updated asset objects reloaded before import = 0
Number of asset objects unloaded after import = 0
========================================================================
Received Import Request.
  Time of request: 2026-09-19T15:00:41.6541602Z
  Time since last request: 0.0005585 seconds.
  importAddress: GUID: 3e8b32f158e489044a2b257700530f05 - Path: Packages/com.unity.collab-proxy/Editor/Views/Welcome/GetInstallerTmpFileName.cs - Importer: ScriptedImporter/UnityEditor.QuickSearchModule:UnityEditor.Search:ASIAI0B
Importing 'GUID: 3e8b32f158e489044a2b257700530f05 - Path: Packages/com.unity.collab-proxy/Editor/Views/Welcome/GetInstallerTmpFileName.cs - Importer: ScriptedImporter/UnityEditor.QuickSearchModule:UnityEditor.Search:ASIAI0B' with importer (ScriptedImporter : UnityEditor.QuickSearchModule:UnityEditor.Search:ASIAI0B)
Imported 'GUID: 3e8b32f158e489044a2b257700530f05' -> (Import Result ID: '5fcad8c611d5e842e5ae8be3dc2c54bc') in 0.004 seconds [static and dynamic dependencies]. Details - ImportResultOutputID=8f0af42f0346b6aab052d18afcf13094 DependenciesID=560476342bbeb9db44ac20256b5895e7 StaticDependenciesID=b03d496d1271bc57a6b27fc812a582dd 
Number of updated asset objects reloaded before import = 0
Number of asset objects unloaded after import = 0
========================================================================
Received Import Request.
  Time of request: 2026-09-19T15:00:41.6757534Z
  Time since last request: 0.0004826 seconds.
  importAddress: GUID: d4892be964ca3214da1069b29deb0e5e - Path: Packages/com.unity.collab-proxy/Editor/Views/Labels/LabelsListView.cs - Importer: ScriptedImporter/UnityEditor.QuickSearchModule:UnityEditor.Search:ASIAI0B
Importing 'GUID: d4892be964ca3214da1069b29deb0e5e - Path: Packages/com.unity.collab-proxy/Editor/Views/Labels/LabelsListView.cs - Importer: ScriptedImporter/UnityEditor.QuickSearchModule:UnityEditor.Search:ASIAI0B' with importer (ScriptedImporter : UnityEditor.QuickSearchModule:UnityEditor.Search:ASIAI0B)
Imported 'GUID: d4892be964ca3214da1069b29deb0e5e' -> (Import Result ID: '068adfc417ec3540c9815490142f88cc') in 0.007 seconds [static and dynamic dependencies]. Details - ImportResultOutputID=48c0c44d978f23158247376b82592cf7 DependenciesID=97b3491b5e802dea562fe971229c3af7 StaticDependenciesID=5bc6a70378265701566bcac5ff27229b 
Number of updated asset objects reloaded before import = 0
Number of asset objects unloaded after import = 0
========================================================================
Received Import Request.
  Time of request: 2026-09-19T15:00:41.7050554Z
  Time since last request: 0.0006376 seconds.
  importAddress: GUID: 9a496dda1132f2942b00c4f1c427454d - Path: Packages/com.unity.collab-proxy/Editor/Views/Shelves/ShelvesTab.cs - Importer: ScriptedImporter/UnityEditor.QuickSearchModule:UnityEditor.Search:ASIAI0B
Importing 'GUID: 9a496dda1132f2942b00c4f1c427454d - Path: Packages/com.unity.collab-proxy/Editor/Views/Shelves/ShelvesTab.cs - Importer: ScriptedImporter/UnityEditor.QuickSearchModule:UnityEditor.Search:ASIAI0B' with importer (ScriptedImporter : UnityEditor.QuickSearchModule:UnityEditor.Search:ASIAI0B)
Imported 'GUID: 9a496dda1132f2942b00c4f1c427454d' -> (Import Result ID: '9573d94b966626d347878d2bae31bf31') in 0.003 seconds [static and dynamic dependencies]. Details - ImportResultOutputID=c0c597549748d857f64644ebc5f164be DependenciesID=e85012231698f4b34ab218ccffc71320 StaticDependenciesID=e2f418053381159d961cfa7446c42cfd 
Number of updated asset objects reloaded before import = 0
Number of asset objects unloaded after import = 0
========================================================================
Received Import Request.
  Time of request: 2026-09-19T15:00:41.7258604Z
  Time since last request: 0.0005328 seconds.
  importAddress: GUID: 0f34fdc6653d640839eaa1d2bc1bd538 - Path: Packages/com.unity.collab-proxy/Editor/Views/Locks/LocksViewMenu.cs - Importer: ScriptedImporter/UnityEditor.QuickSearchModule:UnityEditor.Search:ASIAI0B
Importing 'GUID: 0f34fdc6653d640839eaa1d2bc1bd538 - Path: Packages/com.unity.collab-proxy/Editor/Views/Locks/LocksViewMenu.cs - Importer: ScriptedImporter/UnityEditor.QuickSearchModule:UnityEditor.Search:ASIAI0B' with importer (ScriptedImporter : UnityEditor.QuickSearchModule:UnityEditor.Search:ASIAI0B)
Imported 'GUID: 0f34fdc6653d640839eaa1d2bc1bd538' -> (Import Result ID: '64b110233071f2b199c78e7b25129c0a') in 0.003 seconds [static and dynamic dependencies]. Details - ImportResultOutputID=519ed5d0431377d26175c51e0ce82c6d DependenciesID=cc887986c4235b6cf36594387aaf66bf StaticDependenciesID=51f1b5c2714ad10c06ee84b7d5fcd981 
Number of updated asset objects reloaded before import = 0
Number of asset objects unloaded after import = 0
========================================================================
Received Import Request.
  Time of request: 2026-09-19T15:00:41.7480775Z
  Time since last request: 0.0006575 seconds.
  importAddress: GUID: f4519099779a46cdb95ca9e1d96b7895 - Path: Packages/com.unity.collab-proxy/Editor/Views/Locks/LocksListViewItem.cs - Importer: ScriptedImporter/UnityEditor.QuickSearchModule:UnityEditor.Search:ASIAI0B
Importing 'GUID: f4519099779a46cdb95ca9e1d96b7895 - Path: Packages/com.unity.collab-proxy/Editor/Views/Locks/LocksListViewItem.cs - Importer: ScriptedImporter/UnityEditor.QuickSearchModule:UnityEditor.Search:ASIAI0B' with importer (ScriptedImporter : UnityEditor.QuickSearchModule:UnityEditor.Search:ASIAI0B)
Imported 'GUID: f4519099779a46cdb95ca9e1d96b7895' -> (Import Result ID: '274b501e3601f6de97eaf1f49941d1ef') in 0.003 seconds [static and dynamic dependencies]. Details - ImportResultOutputID=42ee062f8f8ea76266022030475c48b5 DependenciesID=1b867aa0633c5b6d3bc9a1f10e7dacf3 StaticDependenciesID=a8c40ddffd40a360664dfbac0ce414c6 
Number of updated asset objects reloaded before import = 0
Number of asset objects unloaded after import = 0
========================================================================
Received Import Request.
  Time of request: 2026-09-19T15:00:41.771562Z
  Time since last request: 0.000679 seconds.
  importAddress: GUID: 2e38b4690fec967478ecffad444155e6 - Path: Packages/com.unity.collab-proxy/Editor/_Deprecated/WebApi/OrganizationCredentials.cs - Importer: ScriptedImporter/UnityEditor.QuickSearchModule:UnityEditor.Search:ASIAI0B
Importing 'GUID: 2e38b4690fec967478ecffad444155e6 - Path: Packages/com.unity.collab-proxy/Editor/_Deprecated/WebApi/OrganizationCredentials.cs - Importer: ScriptedImporter/UnityEditor.QuickSearchModule:UnityEditor.Search:ASIAI0B' with importer (ScriptedImporter : UnityEditor.QuickSearchModule:UnityEditor.Search:ASIAI0B)
Imported 'GUID: 2e38b4690fec967478ecffad444155e6' -> (Import Result ID: '569fca007d547e7cdb8380741a9a6d02') in 0.003 seconds [static and dynamic dependencies]. Details - ImportResultOutputID=e39738312c27f8d5a96b476e91a1d757 DependenciesID=9cba8416bd08d88522be765231e59095 StaticDependenciesID=c08e06bb1adb6f02f7180820bec7ed5d 
Number of updated asset objects reloaded before import = 0
Number of asset objects unloaded after import = 0
========================================================================
Received Import Request.
  Time of request: 2026-09-19T15:00:41.7927212Z
  Time since last request: 0.0005631 seconds.
  importAddress: GUID: 73a6d79b8d4574c869d48676dcab25b2 - Path: Packages/com.unity.collab-proxy/Lib/Editor/Localization/basecommands.es.txt - Importer: ScriptedImporter/UnityEditor.QuickSearchModule:UnityEditor.Search:ASIAI0B
Importing 'GUID: 73a6d79b8d4574c869d48676dcab25b2 - Path: Packages/com.unity.collab-proxy/Lib/Editor/Localization/basecommands.es.txt - Importer: ScriptedImporter/UnityEditor.QuickSearchModule:UnityEditor.Search:ASIAI0B' with importer (ScriptedImporter : UnityEditor.QuickSearchModule:UnityEditor.Search:ASIAI0B)
Imported 'GUID: 73a6d79b8d4574c869d48676dcab25b2' -> (Import Result ID: '1f3ef890a777570f58b9b77ffe48b4ed') in 0.010 seconds [static and dynamic dependencies]. Details - ImportResultOutputID=44ca62758c874279e54ba3ef6104a219 DependenciesID=693ffc396fe1d969977bf5dbc94dc5f9 StaticDependenciesID=e28f12b8672966a1f2857b70f4743d54 
Number of updated asset objects reloaded before import = 0
Number of asset objects unloaded after import = 1
========================================================================
Received Import Request.
  Time of request: 2026-09-19T15:00:41.8211721Z
  Time since last request: 0.0005661 seconds.
  importAddress: GUID: 118b64466f3c7c24e98e147660e2eb98 - Path: Packages/com.unity.collab-proxy/Editor/_Deprecated/WebApi/ChangesetFromCollabCommitResponse.cs - Importer: ScriptedImporter/UnityEditor.QuickSearchModule:UnityEditor.Search:ASIAI0B
Importing 'GUID: 118b64466f3c7c24e98e147660e2eb98 - Path: Packages/com.unity.collab-proxy/Editor/_Deprecated/WebApi/ChangesetFromCollabCommitResponse.cs - Importer: ScriptedImporter/UnityEditor.QuickSearchModule:UnityEditor.Search:ASIAI0B' with importer (ScriptedImporter : UnityEditor.QuickSearchModule:UnityEditor.Search:ASIAI0B)
Imported 'GUID: 118b64466f3c7c24e98e147660e2eb98' -> (Import Result ID: 'b4c69941ea7d7181480cb59b6162bdc3') in 0.004 seconds [static and dynamic dependencies]. Details - ImportResultOutputID=6d9c4ac16b069d833dab50c7c737aa1a DependenciesID=4814504d8c7a701961c1296c031709cf StaticDependenciesID=1f6ebe4aada1cde4203d183a712ba2d5 
Number of updated asset objects reloaded before import = 0
Number of asset objects unloaded after import = 0
========================================================================
Received Import Request.
  Time of request: 2026-09-19T15:00:41.8455945Z
  Time since last request: 0.0004617 seconds.
  importAddress: GUID: b10d1c0a975d47f2840062c1a1fbe6a9 - Path: Packages/com.unity.collab-proxy/Editor/Views/Properties/PropertiesPanel.cs - Importer: ScriptedImporter/UnityEditor.QuickSearchModule:UnityEditor.Search:ASIAI0B
Importing 'GUID: b10d1c0a975d47f2840062c1a1fbe6a9 - Path: Packages/com.unity.collab-proxy/Editor/Views/Properties/PropertiesPanel.cs - Importer: ScriptedImporter/UnityEditor.QuickSearchModule:UnityEditor.Search:ASIAI0B' with importer (ScriptedImporter : UnityEditor.QuickSearchModule:UnityEditor.Search:ASIAI0B)
Imported 'GUID: b10d1c0a975d47f2840062c1a1fbe6a9' -> (Import Result ID: '3e686a3fe7215c9b65d41498339fd815') in 0.004 seconds [static and dynamic dependencies]. Details - ImportResultOutputID=0eaa715a63fc39811059ba8074f77d03 DependenciesID=155e423b5b1ff96a22564e90ba9cdad1 StaticDependenciesID=7058ebad2ba7ff3f3d93756b7752507e 
Number of updated asset objects reloaded before import = 0
Number of asset objects unloaded after import = 0
========================================================================
Received Import Request.
  Time of request: 2026-09-19T15:00:41.8687774Z
  Time since last request: 0.0006023 seconds.
  importAddress: GUID: 7a04ed4805f84fd4a8ceee51915ba39a - Path: Packages/com.unity.collab-proxy/Editor/Views/Merge/IIncomingChangesTab.cs - Importer: ScriptedImporter/UnityEditor.QuickSearchModule:UnityEditor.Search:ASIAI0B
Importing 'GUID: 7a04ed4805f84fd4a8ceee51915ba39a - Path: Packages/com.unity.collab-proxy/Editor/Views/Merge/IIncomingChangesTab.cs - Importer: ScriptedImporter/UnityEditor.QuickSearchModule:UnityEditor.Search:ASIAI0B' with importer (ScriptedImporter : UnityEditor.QuickSearchModule:UnityEditor.Search:ASIAI0B)
Imported 'GUID: 7a04ed4805f84fd4a8ceee51915ba39a' -> (Import Result ID: '105e4ec403a26fcecf88e3c14296f673') in 0.006 seconds [static and dynamic dependencies]. Details - ImportResultOutputID=9fd65b225ac522ff7e796f1ecb59df72 DependenciesID=38600b8ef91ca3e57c2fc9f8fafe241d StaticDependenciesID=c36de94376f00445da29fbb97631d8f2 
Number of updated asset objects reloaded before import = 0
Number of asset objects unloaded after import = 0
========================================================================
Received Import Request.
  Time of request: 2026-09-19T15:00:41.8910826Z
  Time since last request: 0.0007699 seconds.
  importAddress: GUID: 858cd1de29a71bd4c913db15f8ae3a0f - Path: Packages/com.unity.collab-proxy/Editor/Views/Labels/LabelListViewItem.cs - Importer: ScriptedImporter/UnityEditor.QuickSearchModule:UnityEditor.Search:ASIAI0B
Importing 'GUID: 858cd1de29a71bd4c913db15f8ae3a0f - Path: Packages/com.unity.collab-proxy/Editor/Views/Labels/LabelListViewItem.cs - Importer: ScriptedImporter/UnityEditor.QuickSearchModule:UnityEditor.Search:ASIAI0B' with importer (ScriptedImporter : UnityEditor.QuickSearchModule:UnityEditor.Search:ASIAI0B)
Imported 'GUID: 858cd1de29a71bd4c913db15f8ae3a0f' -> (Import Result ID: '0b4b21a5275af2c7bb4a954063c37b80') in 0.003 seconds [static and dynamic dependencies]. Details - ImportResultOutputID=29de5469bf65ebec461a17f45477b197 DependenciesID=d6cb1e23113a14daba7fa74481f6c904 StaticDependenciesID=fb50f0f16b75bcb4d912a294c33d61cf 
Number of updated asset objects reloaded before import = 0
Number of asset objects unloaded after import = 0
========================================================================
Received Import Request.
  Time of request: 2026-09-19T15:00:41.910672Z
  Time since last request: 0.0007836 seconds.
  importAddress: GUID: 31a95d07803cf9f48a127ae0fc3e5369 - Path: Packages/com.unity.collab-proxy/Editor/Views/Labels/LabelsTab_Operations.cs - Importer: ScriptedImporter/UnityEditor.QuickSearchModule:UnityEditor.Search:ASIAI0B
Importing 'GUID: 31a95d07803cf9f48a127ae0fc3e5369 - Path: Packages/com.unity.collab-proxy/Editor/Views/Labels/LabelsTab_Operations.cs - Importer: ScriptedImporter/UnityEditor.QuickSearchModule:UnityEditor.Search:ASIAI0B' with importer (ScriptedImporter : UnityEditor.QuickSearchModule:UnityEditor.Search:ASIAI0B)
Imported 'GUID: 31a95d07803cf9f48a127ae0fc3e5369' -> (Import Result ID: '6b0c777ca84e644485481f9012a33268') in 0.003 seconds [static and dynamic dependencies]. Details - ImportResultOutputID=07e2df722efed13dd7e57cf91a436a89 DependenciesID=b16256f53c1da2f60a21faf01198f91b StaticDependenciesID=3f3c44938b065dd96ff5e56a099ee203 
Number of updated asset objects reloaded before import = 0
Number of asset objects unloaded after import = 0
========================================================================
Received Import Request.
  Time of request: 2026-09-19T15:00:41.9281577Z
  Time since last request: 0.0005705 seconds.
  importAddress: GUID: e7b15873dbe9463cad67af4fac8e41ba - Path: Packages/com.unity.collab-proxy/Editor/Views/PendingChanges/PendingChangesMultiColumnHeader.cs - Importer: ScriptedImporter/UnityEditor.QuickSearchModule:UnityEditor.Search:ASIAI0B
Importing 'GUID: e7b15873dbe9463cad67af4fac8e41ba - Path: Packages/com.unity.collab-proxy/Editor/Views/PendingChanges/PendingChangesMultiColumnHeader.cs - Importer: ScriptedImporter/UnityEditor.QuickSearchModule:UnityEditor.Search:ASIAI0B' with importer (ScriptedImporter : UnityEditor.QuickSearchModule:UnityEditor.Search:ASIAI0B)
Imported 'GUID: e7b15873dbe9463cad67af4fac8e41ba' -> (Import Result ID: '7632f333eb2a68155bfbf8588b537291') in 0.004 seconds [static and dynamic dependencies]. Details - ImportResultOutputID=5eca672047b73da0b92e07f15b5880fe DependenciesID=8db8c37ce1d2b1d1fcc3ae1394ad6654 StaticDependenciesID=74f0b0d3061514043b374603dce0f649 
Number of updated asset objects reloaded before import = 0
Number of asset objects unloaded after import = 0
========================================================================
Received Import Request.
  Time of request: 2026-09-19T15:00:41.9837284Z
  Time since last request: 0.0351788 seconds.
  importAddress: GUID: e0b2d2f09f2d34ba185ece61ed171f33 - Path: Packages/com.unity.collab-proxy/Lib/Editor/Localization/i3.zh-Hans.txt - Importer: ScriptedImporter/UnityEditor.QuickSearchModule:UnityEditor.Search:ASIAI0B
Importing 'GUID: e0b2d2f09f2d34ba185ece61ed171f33 - Path: Packages/com.unity.collab-proxy/Lib/Editor/Localization/i3.zh-Hans.txt - Importer: ScriptedImporter/UnityEditor.QuickSearchModule:UnityEditor.Search:ASIAI0B' with importer (ScriptedImporter : UnityEditor.QuickSearchModule:UnityEditor.Search:ASIAI0B)
Imported 'GUID: e0b2d2f09f2d34ba185ece61ed171f33' -> (Import Result ID: '2f1f20114ed7d7c0e46bf9ab4a539f12') in 0.004 seconds [static and dynamic dependencies]. Details - ImportResultOutputID=ddd7885307f2f5b34b72de50df8153f2 DependenciesID=e6840161fa5fb56f3d21c4311c8a0574 StaticDependenciesID=daf8246a55b888eb89bf62c6b7781276 
Number of updated asset objects reloaded before import = 0
Number of asset objects unloaded after import = 1
========================================================================
Received Import Request.
  Time of request: 2026-09-19T15:00:42.0059974Z
  Time since last request: 0.0005328 seconds.
  importAddress: GUID: 64e81b2d5d66940ccb46edf3fe7c2ada - Path: Packages/com.unity.collab-proxy/Lib/Editor/Localization/cm.ja.txt - Importer: ScriptedImporter/UnityEditor.QuickSearchModule:UnityEditor.Search:ASIAI0B
Importing 'GUID: 64e81b2d5d66940ccb46edf3fe7c2ada - Path: Packages/com.unity.collab-proxy/Lib/Editor/Localization/cm.ja.txt - Importer: ScriptedImporter/UnityEditor.QuickSearchModule:UnityEditor.Search:ASIAI0B' with importer (ScriptedImporter : UnityEditor.QuickSearchModule:UnityEditor.Search:ASIAI0B)
Imported 'GUID: 64e81b2d5d66940ccb46edf3fe7c2ada' -> (Import Result ID: 'da01e1c2aae952ee983d449dd31a2cd4') in 0.004 seconds [static and dynamic dependencies]. Details - ImportResultOutputID=6fcf8cafd6b6355c54d7c8e9b9715fff DependenciesID=cd2972525133d93e1ebe0321bc894b8b StaticDependenciesID=983f40ab8546b79465fb477ea369bfa0 
Number of updated asset objects reloaded before import = 0
Number of asset objects unloaded after import = 1
========================================================================
Received Import Request.
  Time of request: 2026-09-19T15:00:42.0266015Z
  Time since last request: 0.000741 seconds.
  importAddress: GUID: 7b89ac0e45bc74375b750336920a60a3 - Path: Packages/com.unity.collab-proxy/Lib/Editor/Localization/images.ko.txt - Importer: ScriptedImporter/UnityEditor.QuickSearchModule:UnityEditor.Search:ASIAI0B
Importing 'GUID: 7b89ac0e45bc74375b750336920a60a3 - Path: Packages/com.unity.collab-proxy/Lib/Editor/Localization/images.ko.txt - Importer: ScriptedImporter/UnityEditor.QuickSearchModule:UnityEditor.Search:ASIAI0B' with importer (ScriptedImporter : UnityEditor.QuickSearchModule:UnityEditor.Search:ASIAI0B)
Imported 'GUID: 7b89ac0e45bc74375b750336920a60a3' -> (Import Result ID: '199defa03f6f93920f3e3785618a6e77') in 0.004 seconds [static and dynamic dependencies]. Details - ImportResultOutputID=b864abc117ae6e05732511a12ba217f0 DependenciesID=2c7e3d439738dc587dc0ba17b04a6260 StaticDependenciesID=a21df1f481cdaa3b47afc6aa1bbf691f 
Number of updated asset objects reloaded before import = 0
Number of asset objects unloaded after import = 1
========================================================================
Received Import Request.
  Time of request: 2026-09-19T15:00:42.0484746Z
  Time since last request: 0.0011422 seconds.
  importAddress: GUID: 5a3da995a095e476dacd429a81195602 - Path: Packages/com.unity.collab-proxy/Lib/Editor/Localization/mergetool.zh-Hans.txt - Importer: ScriptedImporter/UnityEditor.QuickSearchModule:UnityEditor.Search:ASIAI0B
Importing 'GUID: 5a3da995a095e476dacd429a81195602 - Path: Packages/com.unity.collab-proxy/Lib/Editor/Localization/mergetool.zh-Hans.txt - Importer: ScriptedImporter/UnityEditor.QuickSearchModule:UnityEditor.Search:ASIAI0B' with importer (ScriptedImporter : UnityEditor.QuickSearchModule:UnityEditor.Search:ASIAI0B)
Imported 'GUID: 5a3da995a095e476dacd429a81195602' -> (Import Result ID: '84ed5d034103bd885cc1991ae4aa391d') in 0.003 seconds [static and dynamic dependencies]. Details - ImportResultOutputID=84eb3bc5582dadca1d6ee0074d1a68b4 DependenciesID=3ecc45e22478fdb64476d904135806aa StaticDependenciesID=b97bf5e7cc13582409996d3f499f60f7 
Number of updated asset objects reloaded before import = 0
Number of asset objects unloaded after import = 1
========================================================================
Received Import Request.
  Time of request: 2026-09-19T15:00:42.0667975Z
  Time since last request: 0.0005237 seconds.
  importAddress: GUID: 27b146ccf48d544ceb6075cf89e2e6b7 - Path: Packages/com.unity.collab-proxy/Lib/Editor/Localization/cm-help.ko.txt - Importer: ScriptedImporter/UnityEditor.QuickSearchModule:UnityEditor.Search:ASIAI0B
Importing 'GUID: 27b146ccf48d544ceb6075cf89e2e6b7 - Path: Packages/com.unity.collab-proxy/Lib/Editor/Localization/cm-help.ko.txt - Importer: ScriptedImporter/UnityEditor.QuickSearchModule:UnityEditor.Search:ASIAI0B' with importer (ScriptedImporter : UnityEditor.QuickSearchModule:UnityEditor.Search:ASIAI0B)
Imported 'GUID: 27b146ccf48d544ceb6075cf89e2e6b7' -> (Import Result ID: 'dde48c7e8312e5747ec36ba051716da5') in 0.004 seconds [static and dynamic dependencies]. Details - ImportResultOutputID=352b6f78f687fef2d86b279b90540408 DependenciesID=a1ae7347101fd95d4b5377308c9592a5 StaticDependenciesID=246e71af921f03189fa54b5c60f7629f 
Number of updated asset objects reloaded before import = 0
Number of asset objects unloaded after import = 1
========================================================================
Received Import Request.
  Time of request: 2026-09-19T15:00:42.0910463Z
  Time since last request: 0.000744 seconds.
  importAddress: GUID: 65f3b5a9bc28743fa8f2708cfd11ed08 - Path: Packages/com.unity.collab-proxy/Lib/Editor/Localization/commontypes.es.txt - Importer: ScriptedImporter/UnityEditor.QuickSearchModule:UnityEditor.Search:ASIAI0B
Importing 'GUID: 65f3b5a9bc28743fa8f2708cfd11ed08 - Path: Packages/com.unity.collab-proxy/Lib/Editor/Localization/commontypes.es.txt - Importer: ScriptedImporter/UnityEditor.QuickSearchModule:UnityEditor.Search:ASIAI0B' with importer (ScriptedImporter : UnityEditor.QuickSearchModule:UnityEditor.Search:ASIAI0B)
Imported 'GUID: 65f3b5a9bc28743fa8f2708cfd11ed08' -> (Import Result ID: 'dd3b8ccbb6cae1f16f7df7fc7c61d709') in 0.004 seconds [static and dynamic dependencies]. Details - ImportResultOutputID=dc2377ca16272fd0a07652024b9ebd17 DependenciesID=9813c5c5e40c1de3fcf23582b21508b2 StaticDependenciesID=1a22315fcd2155a164a0e3f41538f4e0 
Number of updated asset objects reloaded before import = 0
Number of asset objects unloaded after import = 1
========================================================================
Received Import Request.
  Time of request: 2026-09-19T15:00:42.1136968Z
  Time since last request: 0.0005864 seconds.
  importAddress: GUID: 37641adce24ed48bf862c789b4290a18 - Path: Packages/com.unity.collab-proxy/Lib/Editor/Localization/cm-help.es.txt - Importer: ScriptedImporter/UnityEditor.QuickSearchModule:UnityEditor.Search:ASIAI0B
Importing 'GUID: 37641adce24ed48bf862c789b4290a18 - Path: Packages/com.unity.collab-proxy/Lib/Editor/Localization/cm-help.es.txt - Importer: ScriptedImporter/UnityEditor.QuickSearchModule:UnityEditor.Search:ASIAI0B' with importer (ScriptedImporter : UnityEditor.QuickSearchModule:UnityEditor.Search:ASIAI0B)
Imported 'GUID: 37641adce24ed48bf862c789b4290a18' -> (Import Result ID: '199f399c9245c88b811157c0beba0b3d') in 0.004 seconds [static and dynamic dependencies]. Details - ImportResultOutputID=af32c58e46bd71901c0181aa173d80d3 DependenciesID=f9ea999b66f2e1d58bca52a8abb7889b StaticDependenciesID=01a6ff6400b1dfa976c3533f76355a41 
Number of updated asset objects reloaded before import = 0
Number of asset objects unloaded after import = 1
========================================================================
Received Import Request.
  Time of request: 2026-09-19T15:00:42.1339199Z
  Time since last request: 0.0004674 seconds.
  importAddress: GUID: b81eba7aab1be4cd58887d73e21fd1bb - Path: Packages/com.unity.collab-proxy/Lib/Editor/Localization/commontypes.en.txt - Importer: ScriptedImporter/UnityEditor.QuickSearchModule:UnityEditor.Search:ASIAI0B
Importing 'GUID: b81eba7aab1be4cd58887d73e21fd1bb - Path: Packages/com.unity.collab-proxy/Lib/Editor/Localization/commontypes.en.txt - Importer: ScriptedImporter/UnityEditor.QuickSearchModule:UnityEditor.Search:ASIAI0B' with importer (ScriptedImporter : UnityEditor.QuickSearchModule:UnityEditor.Search:ASIAI0B)
Imported 'GUID: b81eba7aab1be4cd58887d73e21fd1bb' -> (Import Result ID: '36e479ae91a42829517f4ab1eb2e0b55') in 0.003 seconds [static and dynamic dependencies]. Details - ImportResultOutputID=4c37ddc1fb111fea491fb2573dff6d0b DependenciesID=834f5dc979e6eb58401bcabe4dc0a53a StaticDependenciesID=9adffac4caa92ea395c3cd3d3e69e542 
Number of updated asset objects reloaded before import = 0
Number of asset objects unloaded after import = 1
========================================================================
Received Import Request.
  Time of request: 2026-09-19T15:00:42.1549499Z
  Time since last request: 0.0009454 seconds.
  importAddress: GUID: 28e6bfc8d8ce6402389de7e623366f4c - Path: Packages/com.unity.collab-proxy/Lib/Editor/Localization/basecommands.zh-Hans.txt - Importer: ScriptedImporter/UnityEditor.QuickSearchModule:UnityEditor.Search:ASIAI0B
Importing 'GUID: 28e6bfc8d8ce6402389de7e623366f4c - Path: Packages/com.unity.collab-proxy/Lib/Editor/Localization/basecommands.zh-Hans.txt - Importer: ScriptedImporter/UnityEditor.QuickSearchModule:UnityEditor.Search:ASIAI0B' with importer (ScriptedImporter : UnityEditor.QuickSearchModule:UnityEditor.Search:ASIAI0B)
Imported 'GUID: 28e6bfc8d8ce6402389de7e623366f4c' -> (Import Result ID: 'af828248c225fa512770b4e14b9e9b58') in 0.003 seconds [static and dynamic dependencies]. Details - ImportResultOutputID=be1893dcc7e651772c890f2b00c8a1ab DependenciesID=56a6a4440e47893fb8d8db2b469d6b88 StaticDependenciesID=baf2d4005fa7d3e8a329e79c89fd1bed 
Number of updated asset objects reloaded before import = 0
Number of asset objects unloaded after import = 1
========================================================================
Received Import Request.
  Time of request: 2026-09-19T15:00:42.1771856Z
  Time since last request: 0.0005032 seconds.
  importAddress: GUID: 0da283bbdc6e44f4ba3dc2e3d75ca225 - Path: Packages/com.unity.collab-proxy/Lib/Editor/Localization/images.zh-Hant.txt - Importer: ScriptedImporter/UnityEditor.QuickSearchModule:UnityEditor.Search:ASIAI0B
Importing 'GUID: 0da283bbdc6e44f4ba3dc2e3d75ca225 - Path: Packages/com.unity.collab-proxy/Lib/Editor/Localization/images.zh-Hant.txt - Importer: ScriptedImporter/UnityEditor.QuickSearchModule:UnityEditor.Search:ASIAI0B' with importer (ScriptedImporter : UnityEditor.QuickSearchModule:UnityEditor.Search:ASIAI0B)
Imported 'GUID: 0da283bbdc6e44f4ba3dc2e3d75ca225' -> (Import Result ID: '3532dc3aefe9a09002af3465c4309bdb') in 0.003 seconds [static and dynamic dependencies]. Details - ImportResultOutputID=39fdc4efa7868b91b8876035408d80e7 DependenciesID=bbc5ca4c6bae319d914b8a842ac5e9a1 StaticDependenciesID=b83f499ef98334c50aaed90486b8842d 
Number of updated asset objects reloaded before import = 0
Number of asset objects unloaded after import = 1
========================================================================
Received Import Request.
  Time of request: 2026-09-19T15:00:42.2002178Z
  Time since last request: 0.0005601 seconds.
  importAddress: GUID: 04d1eeb7f27d6493ea75bc0478ed7ce4 - Path: Packages/com.unity.collab-proxy/Lib/Editor/Localization/cm.zh-Hant.txt - Importer: ScriptedImporter/UnityEditor.QuickSearchModule:UnityEditor.Search:ASIAI0B
Importing 'GUID: 04d1eeb7f27d6493ea75bc0478ed7ce4 - Path: Packages/com.unity.collab-proxy/Lib/Editor/Localization/cm.zh-Hant.txt - Importer: ScriptedImporter/UnityEditor.QuickSearchModule:UnityEditor.Search:ASIAI0B' with importer (ScriptedImporter : UnityEditor.QuickSearchModule:UnityEditor.Search:ASIAI0B)
Imported 'GUID: 04d1eeb7f27d6493ea75bc0478ed7ce4' -> (Import Result ID: '5b9e419bc5f43e799a87c2c771dc3c25') in 0.003 seconds [static and dynamic dependencies]. Details - ImportResultOutputID=503e699ae517a3ebc4d7326c11a42601 DependenciesID=d5b469bcb27208113167b9cf8d58410a StaticDependenciesID=bfc5dd32cbc7c54b3f1dd680ac476aea 
Number of updated asset objects reloaded before import = 0
Number of asset objects unloaded after import = 1
========================================================================
Received Import Request.
  Time of request: 2026-09-19T15:00:42.2210342Z
  Time since last request: 0.0009421 seconds.
  importAddress: GUID: d82aed42d3f844894a9db69e57405e03 - Path: Packages/com.unity.collab-proxy/Lib/Editor/Localization/guihelp.ko.txt - Importer: ScriptedImporter/UnityEditor.QuickSearchModule:UnityEditor.Search:ASIAI0B
Importing 'GUID: d82aed42d3f844894a9db69e57405e03 - Path: Packages/com.unity.collab-proxy/Lib/Editor/Localization/guihelp.ko.txt - Importer: ScriptedImporter/UnityEditor.QuickSearchModule:UnityEditor.Search:ASIAI0B' with importer (ScriptedImporter : UnityEditor.QuickSearchModule:UnityEditor.Search:ASIAI0B)
Imported 'GUID: d82aed42d3f844894a9db69e57405e03' -> (Import Result ID: '338abd7a5e8952106d57216556e32c87') in 0.003 seconds [static and dynamic dependencies]. Details - ImportResultOutputID=b32ef7b9ffcba3eae5a599b4edc13978 DependenciesID=e0b1a5d4da3eb0dbf69c03ec01639d88 StaticDependenciesID=df069a7cb411f6c585892b37ed801615 
Number of updated asset objects reloaded before import = 0
Number of asset objects unloaded after import = 1
========================================================================
Received Import Request.
  Time of request: 2026-09-19T15:00:42.2428367Z
  Time since last request: 0.0006527 seconds.
  importAddress: GUID: 35e4e59a581b14a438871c37fee1eb75 - Path: Packages/com.unity.collab-proxy/Lib/Editor/Localization/images.es.txt - Importer: ScriptedImporter/UnityEditor.QuickSearchModule:UnityEditor.Search:ASIAI0B
Importing 'GUID: 35e4e59a581b14a438871c37fee1eb75 - Path: Packages/com.unity.collab-proxy/Lib/Editor/Localization/images.es.txt - Importer: ScriptedImporter/UnityEditor.QuickSearchModule:UnityEditor.Search:ASIAI0B' with importer (ScriptedImporter : UnityEditor.QuickSearchModule:UnityEditor.Search:ASIAI0B)
Imported 'GUID: 35e4e59a581b14a438871c37fee1eb75' -> (Import Result ID: 'baa76911871dffe8233c292bdeb46bcd') in 0.003 seconds [static and dynamic dependencies]. Details - ImportResultOutputID=7fe551cd4dea0e6a3d25b90a9608e872 DependenciesID=183a64a0b437981b348bf47a65215812 StaticDependenciesID=78c72e620b630a8ab38f6145456fe07a 
Number of updated asset objects reloaded before import = 0
Number of asset objects unloaded after import = 1
========================================================================
Received Import Request.
  Time of request: 2026-09-19T15:00:42.2603769Z
  Time since last request: 0.0005609 seconds.
  importAddress: GUID: e15c5be84e68e4fe2a63b3a4d2adbae1 - Path: Packages/com.unity.collab-proxy/Lib/Editor/Localization/basecommands.zh-Hant.txt - Importer: ScriptedImporter/UnityEditor.QuickSearchModule:UnityEditor.Search:ASIAI0B
Importing 'GUID: e15c5be84e68e4fe2a63b3a4d2adbae1 - Path: Packages/com.unity.collab-proxy/Lib/Editor/Localization/basecommands.zh-Hant.txt - Importer: ScriptedImporter/UnityEditor.QuickSearchModule:UnityEditor.Search:ASIAI0B' with importer (ScriptedImporter : UnityEditor.QuickSearchModule:UnityEditor.Search:ASIAI0B)
Imported 'GUID: e15c5be84e68e4fe2a63b3a4d2adbae1' -> (Import Result ID: 'cecc8fe350043098823795d147e90ed8') in 0.003 seconds [static and dynamic dependencies]. Details - ImportResultOutputID=8ab1b3c5a7517b26f03cc791cc783075 DependenciesID=696355ae39f045959d09a5565afe6694 StaticDependenciesID=62acf97b5b3ab77a020ee3582f58ee23 
Number of updated asset objects reloaded before import = 0
Number of asset objects unloaded after import = 1
========================================================================
Received Import Request.
  Time of request: 2026-09-19T15:00:42.2803487Z
  Time since last request: 0.0009446 seconds.
  importAddress: GUID: 521b26df9e05046eab5b7a40261b5ae6 - Path: Packages/com.unity.collab-proxy/Lib/Editor/Localization/commontypes.ko.txt - Importer: ScriptedImporter/UnityEditor.QuickSearchModule:UnityEditor.Search:ASIAI0B
Importing 'GUID: 521b26df9e05046eab5b7a40261b5ae6 - Path: Packages/com.unity.collab-proxy/Lib/Editor/Localization/commontypes.ko.txt - Importer: ScriptedImporter/UnityEditor.QuickSearchModule:UnityEditor.Search:ASIAI0B' with importer (ScriptedImporter : UnityEditor.QuickSearchModule:UnityEditor.Search:ASIAI0B)
Imported 'GUID: 521b26df9e05046eab5b7a40261b5ae6' -> (Import Result ID: 'f37f54b1b7e62aa54f91c5ff008182da') in 0.005 seconds [static and dynamic dependencies]. Details - ImportResultOutputID=2e6c4bdc149b704ef37cc15cdc1ebc66 DependenciesID=c99854015398b32b8603d33a0eb931d5 StaticDependenciesID=cc3fb7a715aa0629e231205615caea0e 
Number of updated asset objects reloaded before import = 0
Number of asset objects unloaded after import = 1
========================================================================
Received Import Request.
  Time of request: 2026-09-19T15:00:42.3042481Z
  Time since last request: 0.0004896 seconds.
  importAddress: GUID: 0ccd3915d220242f89cba2d1b4643e64 - Path: Packages/com.unity.collab-proxy/Lib/Editor/Localization/guihelp.zh-Hans.txt - Importer: ScriptedImporter/UnityEditor.QuickSearchModule:UnityEditor.Search:ASIAI0B
Importing 'GUID: 0ccd3915d220242f89cba2d1b4643e64 - Path: Packages/com.unity.collab-proxy/Lib/Editor/Localization/guihelp.zh-Hans.txt - Importer: ScriptedImporter/UnityEditor.QuickSearchModule:UnityEditor.Search:ASIAI0B' with importer (ScriptedImporter : UnityEditor.QuickSearchModule:UnityEditor.Search:ASIAI0B)
Imported 'GUID: 0ccd3915d220242f89cba2d1b4643e64' -> (Import Result ID: '949a15ad4181d74a24d8bed8844c366d') in 0.004 seconds [static and dynamic dependencies]. Details - ImportResultOutputID=17449275339c6d051926bcb3cfe61f0d DependenciesID=5aa8453b1e14c1280648ada8507cd629 StaticDependenciesID=34b41ead4f3f70fd358dc3f07d8264fc 
Number of updated asset objects reloaded before import = 0
Number of asset objects unloaded after import = 1
========================================================================
Received Import Request.
  Time of request: 2026-09-19T15:00:42.3307208Z
  Time since last request: 0.0095996 seconds.
  importAddress: GUID: 0c3c75fb6cf9b42f8849264a300297fe - Path: Packages/com.unity.collab-proxy/Lib/Editor/Localization/semantic.zh-Hans.txt - Importer: ScriptedImporter/UnityEditor.QuickSearchModule:UnityEditor.Search:ASIAI0B
Importing 'GUID: 0c3c75fb6cf9b42f8849264a300297fe - Path: Packages/com.unity.collab-proxy/Lib/Editor/Localization/semantic.zh-Hans.txt - Importer: ScriptedImporter/UnityEditor.QuickSearchModule:UnityEditor.Search:ASIAI0B' with importer (ScriptedImporter : UnityEditor.QuickSearchModule:UnityEditor.Search:ASIAI0B)
Imported 'GUID: 0c3c75fb6cf9b42f8849264a300297fe' -> (Import Result ID: '94ce8af0912710cd18d8aa9b73f9b354') in 0.003 seconds [static and dynamic dependencies]. Details - ImportResultOutputID=ea89a4eb9ed51775568ad1bd66e94dda DependenciesID=27e77af9f962e55004c88f041f77e53b StaticDependenciesID=26edb7c0ad20d942d530d9ecdf498321 
Number of updated asset objects reloaded before import = 0
Number of asset objects unloaded after import = 1
========================================================================
Received Import Request.
  Time of request: 2026-09-19T15:00:42.3508677Z
  Time since last request: 0.0011427 seconds.
  importAddress: GUID: 091f2d65ecc2b10409b1f65c29e2b2a4 - Path: Packages/com.unity.collab-proxy/Editor/CloudDrive/Workspaces/DirectoryContent/DirectoryContentPanelMenu.cs - Importer: ScriptedImporter/UnityEditor.QuickSearchModule:UnityEditor.Search:ASIAI0B
Importing 'GUID: 091f2d65ecc2b10409b1f65c29e2b2a4 - Path: Packages/com.unity.collab-proxy/Editor/CloudDrive/Workspaces/DirectoryContent/DirectoryContentPanelMenu.cs - Importer: ScriptedImporter/UnityEditor.QuickSearchModule:UnityEditor.Search:ASIAI0B' with importer (ScriptedImporter : UnityEditor.QuickSearchModule:UnityEditor.Search:ASIAI0B)
Imported 'GUID: 091f2d65ecc2b10409b1f65c29e2b2a4' -> (Import Result ID: '41ba157111b81fbb54ebb90950dc6a1c') in 0.004 seconds [static and dynamic dependencies]. Details - ImportResultOutputID=48b9fd8fae7cef3b0218648ea4f4f7cd DependenciesID=c3fb3f1797fefbd7a478495cd650614c StaticDependenciesID=f37088275a26002413025561aa5bcc5d 
Number of updated asset objects reloaded before import = 0
Number of asset objects unloaded after import = 0
========================================================================
Received Import Request.
  Time of request: 2026-09-19T15:00:42.3718727Z
  Time since last request: 0.0007648 seconds.
  importAddress: GUID: 352d8dfb4e64c4362bea2314a465969e - Path: Packages/com.unity.collab-proxy/Lib/Editor/Localization/semantic.en.txt - Importer: ScriptedImporter/UnityEditor.QuickSearchModule:UnityEditor.Search:ASIAI0B
Importing 'GUID: 352d8dfb4e64c4362bea2314a465969e - Path: Packages/com.unity.collab-proxy/Lib/Editor/Localization/semantic.en.txt - Importer: ScriptedImporter/UnityEditor.QuickSearchModule:UnityEditor.Search:ASIAI0B' with importer (ScriptedImporter : UnityEditor.QuickSearchModule:UnityEditor.Search:ASIAI0B)
Imported 'GUID: 352d8dfb4e64c4362bea2314a465969e' -> (Import Result ID: '2463a5818b2be79fe4b17f866d8e25f6') in 0.003 seconds [static and dynamic dependencies]. Details - ImportResultOutputID=91500f4e67d1fcfdb7d8c65fb6eb01a6 DependenciesID=3f76eb948dddd1732923bb98575a9952 StaticDependenciesID=7828b7532b9fb64ce1cedb285009067f 
Number of updated asset objects reloaded before import = 0
Number of asset objects unloaded after import = 1
========================================================================
Received Import Request.
  Time of request: 2026-09-19T15:00:42.3898752Z
  Time since last request: 0.0005461 seconds.
  importAddress: GUID: c9e864066e4b8094c86edd5183dcdd4e - Path: Packages/com.unity.collab-proxy/Editor/Configuration/CloudEdition/Welcome/ExternalUrlOpener.cs - Importer: ScriptedImporter/UnityEditor.QuickSearchModule:UnityEditor.Search:ASIAI0B
Importing 'GUID: c9e864066e4b8094c86edd5183dcdd4e - Path: Packages/com.unity.collab-proxy/Editor/Configuration/CloudEdition/Welcome/ExternalUrlOpener.cs - Importer: ScriptedImporter/UnityEditor.QuickSearchModule:UnityEditor.Search:ASIAI0B' with importer (ScriptedImporter : UnityEditor.QuickSearchModule:UnityEditor.Search:ASIAI0B)
Imported 'GUID: c9e864066e4b8094c86edd5183dcdd4e' -> (Import Result ID: '9a9afa6b7044b4906644667de2290b8e') in 0.003 seconds [static and dynamic dependencies]. Details - ImportResultOutputID=a9b837f955088acbc17a60b3e244a94f DependenciesID=a4933a948f87181b489a85d1bbaa128e StaticDependenciesID=aac980a04931e943d301948481af321f 
Number of updated asset objects reloaded before import = 0
Number of asset objects unloaded after import = 0
========================================================================
Received Import Request.
  Time of request: 2026-09-19T15:00:42.4104312Z
  Time since last request: 0.0006283 seconds.
  importAddress: GUID: 0ae12db6b63f345dbbbbb806477556f4 - Path: Packages/com.unity.collab-proxy/Editor/Assistant/UI/Interactions/OptionChoice.cs - Importer: ScriptedImporter/UnityEditor.QuickSearchModule:UnityEditor.Search:ASIAI0B
Importing 'GUID: 0ae12db6b63f345dbbbbb806477556f4 - Path: Packages/com.unity.collab-proxy/Editor/Assistant/UI/Interactions/OptionChoice.cs - Importer: ScriptedImporter/UnityEditor.QuickSearchModule:UnityEditor.Search:ASIAI0B' with importer (ScriptedImporter : UnityEditor.QuickSearchModule:UnityEditor.Search:ASIAI0B)
Imported 'GUID: 0ae12db6b63f345dbbbbb806477556f4' -> (Import Result ID: '62dd44badb3e0d6dcbe2cb15142eaa56') in 0.004 seconds [static and dynamic dependencies]. Details - ImportResultOutputID=14251baaa09b42309a6bec75f5a4c5b2 DependenciesID=de6b6749a64c108762f80c537dfda86d StaticDependenciesID=6e45d567a8fba912f35b0abe2c395087 
Number of updated asset objects reloaded before import = 0
Number of asset objects unloaded after import = 0
========================================================================
Received Import Request.
  Time of request: 2026-09-19T15:00:42.4370657Z
  Time since last request: 0.003203 seconds.
  importAddress: GUID: 35caf055aec448e6bd68e33611eb916d - Path: Packages/com.unity.collab-proxy/Editor/CloudDrive/Workspaces/DirectoryContent/DrawItemNameBar.cs - Importer: ScriptedImporter/UnityEditor.QuickSearchModule:UnityEditor.Search:ASIAI0B
Importing 'GUID: 35caf055aec448e6bd68e33611eb916d - Path: Packages/com.unity.collab-proxy/Editor/CloudDrive/Workspaces/DirectoryContent/DrawItemNameBar.cs - Importer: ScriptedImporter/UnityEditor.QuickSearchModule:UnityEditor.Search:ASIAI0B' with importer (ScriptedImporter : UnityEditor.QuickSearchModule:UnityEditor.Search:ASIAI0B)
Imported 'GUID: 35caf055aec448e6bd68e33611eb916d' -> (Import Result ID: '857fd74d1136d35e0a14335a229cdbad') in 0.005 seconds [static and dynamic dependencies]. Details - ImportResultOutputID=b43f7122925b5e86bddb58f47120e595 DependenciesID=83cc433284e3dbc282ca6d58d18e4e0a StaticDependenciesID=5174ffbcf71e012c9be2a6d3e230e6af 
Number of updated asset objects reloaded before import = 0
Number of asset objects unloaded after import = 0
========================================================================
Received Import Request.
  Time of request: 2026-09-19T15:00:42.4686166Z
  Time since last request: 0.0036161 seconds.
  importAddress: GUID: bba806fdb20eb5a4da6cc856323d6273 - Path: Packages/com.unity.collab-proxy/Editor/Configuration/CloudEdition/Welcome/SignInPanel.cs - Importer: ScriptedImporter/UnityEditor.QuickSearchModule:UnityEditor.Search:ASIAI0B
Importing 'GUID: bba806fdb20eb5a4da6cc856323d6273 - Path: Packages/com.unity.collab-proxy/Editor/Configuration/CloudEdition/Welcome/SignInPanel.cs - Importer: ScriptedImporter/UnityEditor.QuickSearchModule:UnityEditor.Search:ASIAI0B' with importer (ScriptedImporter : UnityEditor.QuickSearchModule:UnityEditor.Search:ASIAI0B)
Imported 'GUID: bba806fdb20eb5a4da6cc856323d6273' -> (Import Result ID: '87fd72b2a4f8c0f2e89b62df1bb3c322') in 0.003 seconds [static and dynamic dependencies]. Details - ImportResultOutputID=3370d23aa7ed230531328e7425a9b2e6 DependenciesID=844b19a89835f6d63eea9b27bc214b8d StaticDependenciesID=3487e997012874d702a793f7dad61082 
Number of updated asset objects reloaded before import = 0
Number of asset objects unloaded after import = 0
========================================================================
Received Import Request.
  Time of request: 2026-09-19T15:00:42.5005211Z
  Time since last request: 0.0082092 seconds.
  importAddress: GUID: 2355cb699865a417db515b08840c5226 - Path: Packages/com.unity.collab-proxy/Lib/Editor/Localization/workspaceserver.zh-Hant.txt - Importer: ScriptedImporter/UnityEditor.QuickSearchModule:UnityEditor.Search:ASIAI0B
Importing 'GUID: 2355cb699865a417db515b08840c5226 - Path: Packages/com.unity.collab-proxy/Lib/Editor/Localization/workspaceserver.zh-Hant.txt - Importer: ScriptedImporter/UnityEditor.QuickSearchModule:UnityEditor.Search:ASIAI0B' with importer (ScriptedImporter : UnityEditor.QuickSearchModule:UnityEditor.Search:ASIAI0B)
Imported 'GUID: 2355cb699865a417db515b08840c5226' -> (Import Result ID: '914812d55da40855ac88e88d9b55ec45') in 0.004 seconds [static and dynamic dependencies]. Details - ImportResultOutputID=99d16741f2e2f25321a724eaa06c7486 DependenciesID=2ff08bec480b80d1e7c782b9988bc552 StaticDependenciesID=c8ff39ba45b663ce0f0fdbaae55d4ba1 
Number of updated asset objects reloaded before import = 0
Number of asset objects unloaded after import = 1
========================================================================
Received Import Request.
  Time of request: 2026-09-19T15:00:42.522409Z
  Time since last request: 0.000811 seconds.
  importAddress: GUID: 806bdb4f911275c4ca1ee81fde4b4d4f - Path: Packages/com.unity.collab-proxy/Editor/Configuration/CloudEdition/Welcome/AutoLogin.cs - Importer: ScriptedImporter/UnityEditor.QuickSearchModule:UnityEditor.Search:ASIAI0B
Importing 'GUID: 806bdb4f911275c4ca1ee81fde4b4d4f - Path: Packages/com.unity.collab-proxy/Editor/Configuration/CloudEdition/Welcome/AutoLogin.cs - Importer: ScriptedImporter/UnityEditor.QuickSearchModule:UnityEditor.Search:ASIAI0B' with importer (ScriptedImporter : UnityEditor.QuickSearchModule:UnityEditor.Search:ASIAI0B)
Imported 'GUID: 806bdb4f911275c4ca1ee81fde4b4d4f' -> (Import Result ID: '2d11623673c7ebf3bca5785c3676815a') in 0.003 seconds [static and dynamic dependencies]. Details - ImportResultOutputID=83d167b468097a47db300795bb88b52e DependenciesID=d23ad081e2db9acae6a628a922ab9c68 StaticDependenciesID=5fb3281d7d7428ec655c863c0722a903 
Number of updated asset objects reloaded before import = 0
Number of asset objects unloaded after import = 0
========================================================================
Received Import Request.
  Time of request: 2026-09-19T15:00:42.5429268Z
  Time since last request: 0.0007096 seconds.
  importAddress: GUID: 583732806f7c49c3aece28f1c2ad8d7b - Path: Packages/com.unity.collab-proxy/Editor/CloudDrive/Workspaces/DirectoryContent/ItemsPosition.cs - Importer: ScriptedImporter/UnityEditor.QuickSearchModule:UnityEditor.Search:ASIAI0B
Importing 'GUID: 583732806f7c49c3aece28f1c2ad8d7b - Path: Packages/com.unity.collab-proxy/Editor/CloudDrive/Workspaces/DirectoryContent/ItemsPosition.cs - Importer: ScriptedImporter/UnityEditor.QuickSearchModule:UnityEditor.Search:ASIAI0B' with importer (ScriptedImporter : UnityEditor.QuickSearchModule:UnityEditor.Search:ASIAI0B)
Imported 'GUID: 583732806f7c49c3aece28f1c2ad8d7b' -> (Import Result ID: '1bfc069640d229b9f4adb4d70edbe07d') in 0.003 seconds [static and dynamic dependencies]. Details - ImportResultOutputID=b6e28373fdd509c586c6a6b1a4663d91 DependenciesID=da0573de051d63ff2077acd717439b07 StaticDependenciesID=329b116c1e4ce9a30229d69f9c094935 
Number of updated asset objects reloaded before import = 0
Number of asset objects unloaded after import = 0
========================================================================
Received Import Request.
  Time of request: 2026-09-19T15:00:42.5629474Z
  Time since last request: 0.0005038 seconds.
  importAddress: GUID: 413847c0678742c299af4cfac5ce8cb1 - Path: Packages/com.unity.collab-proxy/Editor/CloudDrive/Workspaces/Tree/CloudWorkspacesTreeViewMenu.cs - Importer: ScriptedImporter/UnityEditor.QuickSearchModule:UnityEditor.Search:ASIAI0B
Importing 'GUID: 413847c0678742c299af4cfac5ce8cb1 - Path: Packages/com.unity.collab-proxy/Editor/CloudDrive/Workspaces/Tree/CloudWorkspacesTreeViewMenu.cs - Importer: ScriptedImporter/UnityEditor.QuickSearchModule:UnityEditor.Search:ASIAI0B' with importer (ScriptedImporter : UnityEditor.QuickSearchModule:UnityEditor.Search:ASIAI0B)
Imported 'GUID: 413847c0678742c299af4cfac5ce8cb1' -> (Import Result ID: '82191649c8a23e22f67b6ea3c3ae945b') in 0.003 seconds [static and dynamic dependencies]. Details - ImportResultOutputID=991e34ba21208915fe4630763913dc5b DependenciesID=92c0e7fd2ce9fa73fda39d696599ee6d StaticDependenciesID=15d4b0b4dde52e7de863c694dbbaf56a 
Number of updated asset objects reloaded before import = 0
Number of asset objects unloaded after import = 0
========================================================================
Received Import Request.
  Time of request: 2026-09-19T15:00:42.5843227Z
  Time since last request: 0.0004965 seconds.
  importAddress: GUID: 794ad79b3d07f4ca58ab42f0cff5c9d3 - Path: Packages/com.unity.collab-proxy/Lib/Editor/Localization/xdiff.zh-Hans.txt - Importer: ScriptedImporter/UnityEditor.QuickSearchModule:UnityEditor.Search:ASIAI0B
Importing 'GUID: 794ad79b3d07f4ca58ab42f0cff5c9d3 - Path: Packages/com.unity.collab-proxy/Lib/Editor/Localization/xdiff.zh-Hans.txt - Importer: ScriptedImporter/UnityEditor.QuickSearchModule:UnityEditor.Search:ASIAI0B' with importer (ScriptedImporter : UnityEditor.QuickSearchModule:UnityEditor.Search:ASIAI0B)
Imported 'GUID: 794ad79b3d07f4ca58ab42f0cff5c9d3' -> (Import Result ID: 'a4e056add5f6208dcb8f9530eefd4d80') in 0.003 seconds [static and dynamic dependencies]. Details - ImportResultOutputID=cea5b3b1ab641ac683d049bcd720504f DependenciesID=bd277dba7b1e3db556e7f8ea05e9e743 StaticDependenciesID=e0914ed89eead3ad579c69870f7244a3 
Number of updated asset objects reloaded before import = 0
Number of asset objects unloaded after import = 1
========================================================================
Received Import Request.
  Time of request: 2026-09-19T15:00:42.6047912Z
  Time since last request: 0.0004883 seconds.
  importAddress: GUID: 7deb947d51d34c76aa03ec6d3a07a4ec - Path: Packages/com.unity.collab-proxy/Editor/CloudDrive/Workspaces/Tree/CloudWorkspacesTreeViewItem.cs - Importer: ScriptedImporter/UnityEditor.QuickSearchModule:UnityEditor.Search:ASIAI0B
Importing 'GUID: 7deb947d51d34c76aa03ec6d3a07a4ec - Path: Packages/com.unity.collab-proxy/Editor/CloudDrive/Workspaces/Tree/CloudWorkspacesTreeViewItem.cs - Importer: ScriptedImporter/UnityEditor.QuickSearchModule:UnityEditor.Search:ASIAI0B' with importer (ScriptedImporter : UnityEditor.QuickSearchModule:UnityEditor.Search:ASIAI0B)
Imported 'GUID: 7deb947d51d34c76aa03ec6d3a07a4ec' -> (Import Result ID: '18913339b8dd1fe83547b7689dc12b36') in 0.003 seconds [static and dynamic dependencies]. Details - ImportResultOutputID=5664e26fa17b27c14289c1b39d27f943 DependenciesID=b0a3ae36e584226c04840dbbcd9734ee StaticDependenciesID=71ac1191e5e73eed4fd305161f6b5425 
Number of updated asset objects reloaded before import = 0
Number of asset objects unloaded after import = 0
========================================================================
Received Import Request.
  Time of request: 2026-09-19T15:00:42.6245445Z
  Time since last request: 0.000456 seconds.
  importAddress: GUID: eb450999e4f7add47adebc90f7f87c79 - Path: Packages/com.unity.collab-proxy/Editor/CloudDrive/Workspaces/DirectoryContent/DeleteWorkspaceDialog.cs - Importer: ScriptedImporter/UnityEditor.QuickSearchModule:UnityEditor.Search:ASIAI0B
Importing 'GUID: eb450999e4f7add47adebc90f7f87c79 - Path: Packages/com.unity.collab-proxy/Editor/CloudDrive/Workspaces/DirectoryContent/DeleteWorkspaceDialog.cs - Importer: ScriptedImporter/UnityEditor.QuickSearchModule:UnityEditor.Search:ASIAI0B' with importer (ScriptedImporter : UnityEditor.QuickSearchModule:UnityEditor.Search:ASIAI0B)
Imported 'GUID: eb450999e4f7add47adebc90f7f87c79' -> (Import Result ID: 'cab1aa6e1d21d01aa667b1c98f00d50e') in 0.003 seconds [static and dynamic dependencies]. Details - ImportResultOutputID=b25391149f597d882a07a78852c7322b DependenciesID=9f7e0b8e911a11354fd42efeffea8a53 StaticDependenciesID=6bbf2dccf16b1a71fb7fd52e6428783f 
Number of updated asset objects reloaded before import = 0
Number of asset objects unloaded after import = 0
========================================================================
Received Import Request.
  Time of request: 2026-09-19T15:00:42.6432751Z
  Time since last request: 0.0006718 seconds.
  importAddress: GUID: 72b48557f4cf3d8438cbf59b123364ff - Path: Packages/com.unity.collab-proxy/Editor/CloudDrive/Workspaces/Tree/CloudWorkspacesSelection.cs - Importer: ScriptedImporter/UnityEditor.QuickSearchModule:UnityEditor.Search:ASIAI0B
Importing 'GUID: 72b48557f4cf3d8438cbf59b123364ff - Path: Packages/com.unity.collab-proxy/Editor/CloudDrive/Workspaces/Tree/CloudWorkspacesSelection.cs - Importer: ScriptedImporter/UnityEditor.QuickSearchModule:UnityEditor.Search:ASIAI0B' with importer (ScriptedImporter : UnityEditor.QuickSearchModule:UnityEditor.Search:ASIAI0B)
Imported 'GUID: 72b48557f4cf3d8438cbf59b123364ff' -> (Import Result ID: 'e2d6e198340e2ddbea626d5a0a9c3ab6') in 0.003 seconds [static and dynamic dependencies]. Details - ImportResultOutputID=d82ffece62e1a24bf804303c1502221a DependenciesID=fc4991e3fe4e591d9bab07805d9b8506 StaticDependenciesID=e128d63d74264c90ba44d6bdf55eb304 
Number of updated asset objects reloaded before import = 0
Number of asset objects unloaded after import = 0
========================================================================
Received Import Request.
  Time of request: 2026-09-19T15:00:42.6602828Z
  Time since last request: 0.0005249 seconds.
  importAddress: GUID: 0e30f58f573775148b05a8c86715b527 - Path: Packages/com.unity.collab-proxy/Lib/Editor/Localization/plastic-gui.es.txt - Importer: ScriptedImporter/UnityEditor.QuickSearchModule:UnityEditor.Search:ASIAI0B
Importing 'GUID: 0e30f58f573775148b05a8c86715b527 - Path: Packages/com.unity.collab-proxy/Lib/Editor/Localization/plastic-gui.es.txt - Importer: ScriptedImporter/UnityEditor.QuickSearchModule:UnityEditor.Search:ASIAI0B' with importer (ScriptedImporter : UnityEditor.QuickSearchModule:UnityEditor.Search:ASIAI0B)
Imported 'GUID: 0e30f58f573775148b05a8c86715b527' -> (Import Result ID: 'fd711b20266637fd33363ff562a4c01d') in 0.051 seconds [static and dynamic dependencies]. Details - ImportResultOutputID=be98eea5088f1a75416d25a25c7bd26f DependenciesID=0a50ad0c0cd3f512b8f63f480cf7af61 StaticDependenciesID=915465a22acabe973bbcc898ba6983cf 
Number of updated asset objects reloaded before import = 0
Number of asset objects unloaded after import = 1
========================================================================
Received Prepare
AcceleratorClientConnectionCallback - disconnected - :0
Begin MonoManager ReloadAssembly
'Packages/com.unity.render-pipelines.core/Editor/Deprecated.cs' contains partial class of Unity.Object, exactly 1 of the partial classes needs to be in a file with the same filename. This is to know the one that can be referenced from ie. GameObjects
'Packages/com.unity.render-pipelines.core/Editor/Deprecated.cs' contains partial class of Unity.Object, exactly 1 of the partial classes needs to be in a file with the same filename. This is to know the one that can be referenced from ie. GameObjects
Refreshing native plugins compatible for Editor in 4.24 ms, found 4 plugins.
Native extension for WindowsStandalone target not found
[Package Manager] Failed to launch server process. Reason: Unity was launched with the -noUpm command-line argument
[Package Manager] Unable to send message (not connected to server process).
[Package Manager] Cannot connect to Unity Package Manager local server
[Package Manager] Failed to launch server process. Reason: Unity was launched with the -noUpm command-line argument
[Package Manager] Unable to send message (not connected to server process).
[Package Manager] Cannot connect to Unity Package Manager local server
ScheduleIndexationOnStartup MainProcess:False IndexOnStartup:True
Scripting: successfully reloaded assembly
- Finished resetting the current domain, in  1.710 seconds
Domain Reload Profiling: 3797ms
	BeginReloadAssembly (545ms)
		DisableScriptedObjects (17ms)
		CreateAndSetChildDomain (120ms)
	RebuildCommonClasses (20ms)
	RebuildNativeTypeToScriptingClass (41ms)
	initialDomainReloadingComplete (139ms)
	LoadAllAssembliesAndSetupDomain (1340ms)
		LoadAssemblies (780ms)
		TypeCache.Refresh (22ms)
			TypeCache.ScanAssembly (3ms)
		AnalyzeDomain (417ms)
			BuildScriptInfoCaches (398ms)
			ResolveRequiredComponents (16ms)
	FinalizeReload (1712ms)
		SetupLoadedEditorAssemblies (0ms)
			LogAssemblyErrors (5ms)
			InitializePlatformSupportModulesInManaged (3ms)
			BeforeProcessingInitializeOnLoad (197ms)
			ProcessInitializeOnLoadAttributes (564ms)
			ProcessInitializeOnLoadMethodAttributes (164ms)
			AfterProcessingInitializeOnLoad (15ms)
			EditorAssembliesLoaded (3ms)
		AwakeInstancesAfterBackupRestoration (48ms)
Refreshing native plugins compatible for Editor in 4.30 ms, found 4 plugins.
Unloading 62 Unused Serialized files (Serialized files now loaded: 0)
Unloading 6623 unused Assets / (7.9 MB). Loaded Objects now: 7517.
Memory consumption went from 349.7 MB to 341.8 MB.
Total: 20.857300 ms (FindLiveObjects: 1.625400 ms CreateObjectMapping: 0.746300 ms MarkObjects: 11.992700 ms  DeleteObjects: 5.939800 ms)

Prepare: number of updated asset objects reloaded= 0
Editor requested this worker to shutdown with reason: Scaling down because of idle timeout
AcceleratorClientConnectionCallback - disconnected - :0
AssetImportWorker is now disconnected from the server
Process exiting
Curl error 42: Callback aborted
[ExitDontLaunchBugReporter] Exiting without the bug reporter. Application will exit with return code 0
