Using pre-set license
Built from '2020.3/staging' branch; Version is '2020.3.13f1 (71691879b7f5) revision 7432472'; Using compiler version '192528614'; Build Type 'Release'
OS: 'Windows 10 Home; OS build 26200.9457; Version 2009; 64bit' Language: 'en' Physical Memory: 32389 MB
BatchMode: 1, IsHumanControllingUs: 0, StartBugReporterOnCrash: 0, Is64bit: 1, IsPro: 0

 COMMAND LINE ARGUMENTS:
C:\Program Files\Unity\Hub\Editor\2020.3.13f1\Editor\Unity.exe
-adb2
-batchMode
-noUpm
-name
AssetImportWorker0
-projectPath
C:/Users/laiet/Desktop/Projects/bus-driver/BusDriver
-logFile
Logs/AssetImportWorker0.log
-srvPort
49283
Successfully changed project path to: C:/Users/laiet/Desktop/Projects/bus-driver/BusDriver
C:/Users/laiet/Desktop/Projects/bus-driver/BusDriver
Using Asset Import Pipeline V2.
Refreshing native plugins compatible for Editor in 17.03 ms, found 2 plugins.
Preloading 0 native plugins for Editor in 0.00 ms.
Initialize engine version: 2020.3.13f1 (71691879b7f5)
[Subsystems] Discovering subsystems at path C:/Program Files/Unity/Hub/Editor/2020.3.13f1/Editor/Data/Resources/UnitySubsystems
[Subsystems] Discovering subsystems at path C:/Users/laiet/Desktop/Projects/bus-driver/BusDriver/Assets
GfxDevice: creating device client; threaded=0
Direct3D:
    Version:  Direct3D 11.0 [level 11.1]
    Renderer: NVIDIA GeForce RTX 4070 Laptop GPU (ID=0x2820)
    Vendor:   
    VRAM:     7948 MB
    Driver:   32.0.15.6607
Initialize mono
Mono path[0] = 'C:/Program Files/Unity/Hub/Editor/2020.3.13f1/Editor/Data/Managed'
Mono path[1] = 'C:/Program Files/Unity/Hub/Editor/2020.3.13f1/Editor/Data/MonoBleedingEdge/lib/mono/unityjit'
Mono config path = 'C:/Program Files/Unity/Hub/Editor/2020.3.13f1/Editor/Data/MonoBleedingEdge/etc'
Using monoOptions --debugger-agent=transport=dt_socket,embedding=1,server=y,suspend=n,address=127.0.0.1:56732
Begin MonoManager ReloadAssembly
Registering precompiled unity dll's ...
Register platform support module: C:/Program Files/Unity/Hub/Editor/2020.3.13f1/Editor/Data/PlaybackEngines/WindowsStandaloneSupport/UnityEditor.WindowsStandalone.Extensions.dll
Registered in 0.001361 seconds.
Native extension for WindowsStandalone target not found
Refreshing native plugins compatible for Editor in 16.49 ms, found 2 plugins.
Preloading 0 native plugins for Editor in 0.00 ms.
Mono: successfully reloaded assembly
- Completed reload, in  0.616 seconds
Platform modules already initialized, skipping
Registering precompiled user dll's ...
Registered in 0.002777 seconds.
Begin MonoManager ReloadAssembly
Native extension for WindowsStandalone target not found
Refreshing native plugins compatible for Editor in 0.20 ms, found 2 plugins.
Preloading 0 native plugins for Editor in 0.00 ms.
Mono: successfully reloaded assembly
- Completed reload, in  0.574 seconds
Platform modules already initialized, skipping
========================================================================
Worker process is ready to serve import requests
Launched and connected shader compiler UnityShaderCompiler.exe after 0.03 seconds
Refreshing native plugins compatible for Editor in 0.24 ms, found 2 plugins.
Preloading 0 native plugins for Editor in 0.00 ms.
Unloading 1390 Unused Serialized files (Serialized files now loaded: 0)
System memory in use before: 64.7 MB.
System memory in use after: 64.8 MB.

Unloading 19 unused Assets to reduce memory usage. Loaded Objects now: 1823.
Total: 1.401400 ms (FindLiveObjects: 0.075100 ms CreateObjectMapping: 0.020100 ms MarkObjects: 1.247300 ms  DeleteObjects: 0.057800 ms)

AssetImportParameters requested are different than current active one (requested -> active):
  custom:framework-win-MediaFoundation: 216162199b28c13a410421893ffa2e32 -> 
  custom:video-decoder-ogg-theora: a1e56fd34408186e4bbccfd4996cb3dc -> 
  custom:container-muxer-webm: aa71ff27fc2769a1b78a27578f13a17b -> 
  custom:container-demuxer-webm: 4f35f7cbe854078d1ac9338744f61a02 -> 
  custom:container-demuxer-ogg: 62fdf1f143b41e24485cea50d1cbac27 -> 
  custom:video-encoder-webm-vp8: eb34c28f22e8b96e1ab97ce403110664 -> 
  custom:video-codec-MediaFoundation-h265: 746d11721c4dcdbdad8f713fa42b33f4 -> 
  custom:video-decoder-webm-vp8: 9c59270c3fd7afecdb556c50c9e8de78 -> 
  custom:audio-decoder-ogg-vorbis: bf7c407c2cedff20999df2af8eb42d56 -> 
  custom:audio-encoder-webm-vorbis: bf7c407c2cedff20999df2af8eb42d56 -> 
========================================================================
Received Import Request.
  path: Assets/Scenes
  artifactKey: Guid(f66eb43b48923114788efef5fa9a08a6) Importer(815301076,1909f56bfc062723c751e8b465ee728b)
Start importing Assets/Scenes using Guid(f66eb43b48923114788efef5fa9a08a6) Importer(815301076,1909f56bfc062723c751e8b465ee728b)  -> (artifact id: '33ee753e7ea66492c90e5a2d5a03f0b6') in 0.018691 seconds 
  Import took 0.020036 seconds .

========================================================================
Received Import Request.
  Time since last request: 0.000198 seconds.
  path: Assets/Scenes/SampleScene.unity
  artifactKey: Guid(9fc0d4010bbf28b4594072e72b8655ab) Importer(815301076,1909f56bfc062723c751e8b465ee728b)
Start importing Assets/Scenes/SampleScene.unity using Guid(9fc0d4010bbf28b4594072e72b8655ab) Importer(815301076,1909f56bfc062723c751e8b465ee728b)  -> (artifact id: '85059f4f9e1a832ed95adaa0d25c5c4c') in 0.018840 seconds 
  Import took 0.020253 seconds .

========================================================================
Received Prepare
Registering precompiled user dll's ...
Registered in 0.002482 seconds.
Begin MonoManager ReloadAssembly
Native extension for WindowsStandalone target not found
Refreshing native plugins compatible for Editor in 0.21 ms, found 2 plugins.
Preloading 0 native plugins for Editor in 0.00 ms.
Mono: successfully reloaded assembly
- Completed reload, in  0.538 seconds
Platform modules already initialized, skipping
Refreshing native plugins compatible for Editor in 0.19 ms, found 2 plugins.
Preloading 0 native plugins for Editor in 0.00 ms.
Unloading 1472 Unused Serialized files (Serialized files now loaded: 0)
System memory in use before: 67.1 MB.
System memory in use after: 67.1 MB.

Unloading 15 unused Assets to reduce memory usage. Loaded Objects now: 1912.
Total: 1.224700 ms (FindLiveObjects: 0.079700 ms CreateObjectMapping: 0.019500 ms MarkObjects: 1.078600 ms  DeleteObjects: 0.046000 ms)

AssetImportParameters requested are different than current active one (requested -> active):
  custom:framework-win-MediaFoundation: 216162199b28c13a410421893ffa2e32 -> 
  custom:video-decoder-ogg-theora: a1e56fd34408186e4bbccfd4996cb3dc -> 
  custom:container-muxer-webm: aa71ff27fc2769a1b78a27578f13a17b -> 
  custom:container-demuxer-webm: 4f35f7cbe854078d1ac9338744f61a02 -> 
  custom:container-demuxer-ogg: 62fdf1f143b41e24485cea50d1cbac27 -> 
  custom:video-encoder-webm-vp8: eb34c28f22e8b96e1ab97ce403110664 -> 
  custom:video-codec-MediaFoundation-h265: 746d11721c4dcdbdad8f713fa42b33f4 -> 
  custom:video-decoder-webm-vp8: 9c59270c3fd7afecdb556c50c9e8de78 -> 
  custom:audio-decoder-ogg-vorbis: bf7c407c2cedff20999df2af8eb42d56 -> 
  custom:audio-encoder-webm-vorbis: bf7c407c2cedff20999df2af8eb42d56 -> 
========================================================================
Received Import Request.
  Time since last request: 224.641344 seconds.
  path: Assets/Scenes/Menu.unity
  artifactKey: Guid(3047bbab24460104d9fa8c3145c4d8ea) Importer(815301076,1909f56bfc062723c751e8b465ee728b)
Start importing Assets/Scenes/Menu.unity using Guid(3047bbab24460104d9fa8c3145c4d8ea) Importer(815301076,1909f56bfc062723c751e8b465ee728b)  -> (artifact id: '357da76cc164b8d3d7c2ac0b1ee846c1') in 0.022430 seconds 
  Import took 0.024189 seconds .

========================================================================
Received Prepare
Registering precompiled user dll's ...
Registered in 0.002348 seconds.
Begin MonoManager ReloadAssembly
Native extension for WindowsStandalone target not found
Refreshing native plugins compatible for Editor in 0.32 ms, found 2 plugins.
Preloading 0 native plugins for Editor in 0.00 ms.
Mono: successfully reloaded assembly
- Completed reload, in  0.680 seconds
Platform modules already initialized, skipping
Refreshing native plugins compatible for Editor in 0.22 ms, found 2 plugins.
Preloading 0 native plugins for Editor in 0.00 ms.
Unloading 1472 Unused Serialized files (Serialized files now loaded: 0)
System memory in use before: 67.1 MB.
System memory in use after: 67.2 MB.

Unloading 15 unused Assets to reduce memory usage. Loaded Objects now: 1915.
Total: 1.339300 ms (FindLiveObjects: 0.094300 ms CreateObjectMapping: 0.025500 ms MarkObjects: 1.162700 ms  DeleteObjects: 0.055800 ms)

AssetImportParameters requested are different than current active one (requested -> active):
  custom:framework-win-MediaFoundation: 216162199b28c13a410421893ffa2e32 -> 
  custom:video-decoder-ogg-theora: a1e56fd34408186e4bbccfd4996cb3dc -> 
  custom:container-muxer-webm: aa71ff27fc2769a1b78a27578f13a17b -> 
  custom:container-demuxer-webm: 4f35f7cbe854078d1ac9338744f61a02 -> 
  custom:container-demuxer-ogg: 62fdf1f143b41e24485cea50d1cbac27 -> 
  custom:video-encoder-webm-vp8: eb34c28f22e8b96e1ab97ce403110664 -> 
  custom:video-codec-MediaFoundation-h265: 746d11721c4dcdbdad8f713fa42b33f4 -> 
  custom:video-decoder-webm-vp8: 9c59270c3fd7afecdb556c50c9e8de78 -> 
  custom:audio-decoder-ogg-vorbis: bf7c407c2cedff20999df2af8eb42d56 -> 
  custom:audio-encoder-webm-vorbis: bf7c407c2cedff20999df2af8eb42d56 -> 
========================================================================
Received Prepare
Registering precompiled user dll's ...
Registered in 0.002334 seconds.
Begin MonoManager ReloadAssembly
Native extension for WindowsStandalone target not found
Refreshing native plugins compatible for Editor in 0.21 ms, found 2 plugins.
Preloading 0 native plugins for Editor in 0.00 ms.
Mono: successfully reloaded assembly
- Completed reload, in  0.537 seconds
Platform modules already initialized, skipping
Refreshing native plugins compatible for Editor in 0.21 ms, found 2 plugins.
Preloading 0 native plugins for Editor in 0.00 ms.
Unloading 1484 Unused Serialized files (Serialized files now loaded: 0)
System memory in use before: 69.1 MB.
System memory in use after: 68.5 MB.

Unloading 27 unused Assets to reduce memory usage. Loaded Objects now: 1918.
Total: 1.407600 ms (FindLiveObjects: 0.098000 ms CreateObjectMapping: 0.021500 ms MarkObjects: 1.101600 ms  DeleteObjects: 0.185800 ms)

AssetImportParameters requested are different than current active one (requested -> active):
  custom:framework-win-MediaFoundation: 216162199b28c13a410421893ffa2e32 -> 
  custom:video-decoder-ogg-theora: a1e56fd34408186e4bbccfd4996cb3dc -> 
  custom:container-muxer-webm: aa71ff27fc2769a1b78a27578f13a17b -> 
  custom:container-demuxer-webm: 4f35f7cbe854078d1ac9338744f61a02 -> 
  custom:container-demuxer-ogg: 62fdf1f143b41e24485cea50d1cbac27 -> 
  custom:video-encoder-webm-vp8: eb34c28f22e8b96e1ab97ce403110664 -> 
  custom:video-codec-MediaFoundation-h265: 746d11721c4dcdbdad8f713fa42b33f4 -> 
  custom:video-decoder-webm-vp8: 9c59270c3fd7afecdb556c50c9e8de78 -> 
  custom:audio-decoder-ogg-vorbis: bf7c407c2cedff20999df2af8eb42d56 -> 
  custom:audio-encoder-webm-vorbis: bf7c407c2cedff20999df2af8eb42d56 -> 
========================================================================
Received Import Request.
  Time since last request: 79.129646 seconds.
  path: Assets/Scripts/Sounds/Sound.cs
  artifactKey: Guid(5800019c11fc42449a623da7a29895a6) Importer(815301076,1909f56bfc062723c751e8b465ee728b)
Start importing Assets/Scripts/Sounds/Sound.cs using Guid(5800019c11fc42449a623da7a29895a6) Importer(815301076,1909f56bfc062723c751e8b465ee728b)  -> (artifact id: '272fbfd3b1808e23c634236f8e75c9a6') in 0.027558 seconds 
  Import took 0.029251 seconds .

========================================================================
Received Import Request.
  Time since last request: 0.275626 seconds.
  path: Assets/Scripts/Sounds/SoundController.cs
  artifactKey: Guid(18f7ae7600b986e47b7b9b0e3e19a2d0) Importer(815301076,1909f56bfc062723c751e8b465ee728b)
Start importing Assets/Scripts/Sounds/SoundController.cs using Guid(18f7ae7600b986e47b7b9b0e3e19a2d0) Importer(815301076,1909f56bfc062723c751e8b465ee728b)  -> (artifact id: '25e81e94e1a297641b0ecb8331128093') in 0.017917 seconds 
  Import took 0.019532 seconds .

========================================================================
Received Import Request.
  Time since last request: 3.123908 seconds.
  path: Assets/Scripts/Skills/Inventory
  artifactKey: Guid(b4c4f4a9057b5ed4ebf6c2059c4f38e7) Importer(815301076,1909f56bfc062723c751e8b465ee728b)
Start importing Assets/Scripts/Skills/Inventory using Guid(b4c4f4a9057b5ed4ebf6c2059c4f38e7) Importer(815301076,1909f56bfc062723c751e8b465ee728b)  -> (artifact id: '161a7e299cf4bc3883b1fdcec17ca25c') in 0.015934 seconds 
  Import took 0.017398 seconds .

========================================================================
Received Import Request.
  Time since last request: 36.190655 seconds.
  path: Assets/Scripts/Enemies/AgentLinkMover.cs
  artifactKey: Guid(87ce7a59de5bf0745bac24075c2e74a2) Importer(815301076,1909f56bfc062723c751e8b465ee728b)
Start importing Assets/Scripts/Enemies/AgentLinkMover.cs using Guid(87ce7a59de5bf0745bac24075c2e74a2) Importer(815301076,1909f56bfc062723c751e8b465ee728b)  -> (artifact id: '0439574880a3e478c23ac07dc8f9673e') in 0.004316 seconds 
  Import took 0.006497 seconds .

========================================================================
Received Import Request.
  Time since last request: 0.005895 seconds.
  path: Assets/Scripts/Enemies/AgentLinkMover.cs
  artifactKey: Guid(87ce7a59de5bf0745bac24075c2e74a2) Importer(815301076,1909f56bfc062723c751e8b465ee728b)
Start importing Assets/Scripts/Enemies/AgentLinkMover.cs using Guid(87ce7a59de5bf0745bac24075c2e74a2) Importer(815301076,1909f56bfc062723c751e8b465ee728b)  -> (artifact id: '0439574880a3e478c23ac07dc8f9673e') in 0.003276 seconds 
  Import took 0.005205 seconds .

========================================================================
Received Prepare
Registering precompiled user dll's ...
Registered in 0.002356 seconds.
Begin MonoManager ReloadAssembly
Native extension for WindowsStandalone target not found
Refreshing native plugins compatible for Editor in 0.22 ms, found 2 plugins.
Preloading 0 native plugins for Editor in 0.00 ms.
Mono: successfully reloaded assembly
- Completed reload, in  0.556 seconds
Platform modules already initialized, skipping
Refreshing native plugins compatible for Editor in 0.19 ms, found 2 plugins.
Preloading 0 native plugins for Editor in 0.00 ms.
Unloading 1411 Unused Serialized files (Serialized files now loaded: 0)
System memory in use before: 67.6 MB.
System memory in use after: 67.0 MB.

Unloading 93 unused Assets to reduce memory usage. Loaded Objects now: 1855.
Total: 1.403800 ms (FindLiveObjects: 0.075900 ms CreateObjectMapping: 0.020300 ms MarkObjects: 1.101500 ms  DeleteObjects: 0.205100 ms)

AssetImportParameters requested are different than current active one (requested -> active):
  custom:framework-win-MediaFoundation: 216162199b28c13a410421893ffa2e32 -> 
  custom:video-decoder-ogg-theora: a1e56fd34408186e4bbccfd4996cb3dc -> 
  custom:container-muxer-webm: aa71ff27fc2769a1b78a27578f13a17b -> 
  custom:container-demuxer-webm: 4f35f7cbe854078d1ac9338744f61a02 -> 
  custom:container-demuxer-ogg: 62fdf1f143b41e24485cea50d1cbac27 -> 
  custom:video-encoder-webm-vp8: eb34c28f22e8b96e1ab97ce403110664 -> 
  custom:video-codec-MediaFoundation-h265: 746d11721c4dcdbdad8f713fa42b33f4 -> 
  custom:video-decoder-webm-vp8: 9c59270c3fd7afecdb556c50c9e8de78 -> 
  custom:audio-decoder-ogg-vorbis: bf7c407c2cedff20999df2af8eb42d56 -> 
  custom:audio-encoder-webm-vorbis: bf7c407c2cedff20999df2af8eb42d56 -> 
========================================================================
Received Prepare
Registering precompiled user dll's ...
Registered in 0.002347 seconds.
Begin MonoManager ReloadAssembly
Native extension for WindowsStandalone target not found
Refreshing native plugins compatible for Editor in 0.20 ms, found 2 plugins.
Preloading 0 native plugins for Editor in 0.00 ms.
Mono: successfully reloaded assembly
- Completed reload, in  0.540 seconds
Platform modules already initialized, skipping
Refreshing native plugins compatible for Editor in 0.20 ms, found 2 plugins.
Preloading 0 native plugins for Editor in 0.00 ms.
Unloading 1411 Unused Serialized files (Serialized files now loaded: 0)
System memory in use before: 67.3 MB.
System memory in use after: 66.7 MB.

Unloading 27 unused Assets to reduce memory usage. Loaded Objects now: 1858.
Total: 1.378300 ms (FindLiveObjects: 0.073200 ms CreateObjectMapping: 0.021500 ms MarkObjects: 1.084700 ms  DeleteObjects: 0.198100 ms)

AssetImportParameters requested are different than current active one (requested -> active):
  custom:framework-win-MediaFoundation: 216162199b28c13a410421893ffa2e32 -> 
  custom:video-decoder-ogg-theora: a1e56fd34408186e4bbccfd4996cb3dc -> 
  custom:container-muxer-webm: aa71ff27fc2769a1b78a27578f13a17b -> 
  custom:container-demuxer-webm: 4f35f7cbe854078d1ac9338744f61a02 -> 
  custom:container-demuxer-ogg: 62fdf1f143b41e24485cea50d1cbac27 -> 
  custom:video-encoder-webm-vp8: eb34c28f22e8b96e1ab97ce403110664 -> 
  custom:video-codec-MediaFoundation-h265: 746d11721c4dcdbdad8f713fa42b33f4 -> 
  custom:video-decoder-webm-vp8: 9c59270c3fd7afecdb556c50c9e8de78 -> 
  custom:audio-decoder-ogg-vorbis: bf7c407c2cedff20999df2af8eb42d56 -> 
  custom:audio-encoder-webm-vorbis: bf7c407c2cedff20999df2af8eb42d56 -> 
========================================================================
Received Import Request.
  Time since last request: 1232.279261 seconds.
  path: Assets/Prefabs/Level Essentials
  artifactKey: Guid(81a820bfe6de90f4089a18912de8a0fb) Importer(815301076,1909f56bfc062723c751e8b465ee728b)
Start importing Assets/Prefabs/Level Essentials using Guid(81a820bfe6de90f4089a18912de8a0fb) Importer(815301076,1909f56bfc062723c751e8b465ee728b)  -> (artifact id: '3199a422c2b25e429533100081bb0212') in 0.016080 seconds 
  Import took 0.017563 seconds .

========================================================================
Received Import Request.
  Time since last request: 0.025243 seconds.
  path: Assets/Prefabs/Level Essentials/Sound Controller.prefab
  artifactKey: Guid(355b8b78ee86752428ed0935cddf074d) Importer(815301076,1909f56bfc062723c751e8b465ee728b)
Start importing Assets/Prefabs/Level Essentials/Sound Controller.prefab using Guid(355b8b78ee86752428ed0935cddf074d) Importer(815301076,1909f56bfc062723c751e8b465ee728b)  -> (artifact id: '5e52e49f07a0aa240b1fafbd94967151') in 0.041494 seconds 
  Import took 0.043059 seconds .

========================================================================
Received Import Request.
  Time since last request: 5.439159 seconds.
  path: Assets/Prefabs/Level Essentials/In Canvas
  artifactKey: Guid(5883072a18a5ef742959c60bba08adf7) Importer(815301076,1909f56bfc062723c751e8b465ee728b)
Start importing Assets/Prefabs/Level Essentials/In Canvas using Guid(5883072a18a5ef742959c60bba08adf7) Importer(815301076,1909f56bfc062723c751e8b465ee728b)  -> (artifact id: 'f0fa490549eb6030050ccbc482c8fcad') in 0.020301 seconds 
  Import took 0.022182 seconds .

========================================================================
Received Import Request.
  Time since last request: 0.054437 seconds.
  path: Assets/Prefabs/Level Essentials/In Canvas/Controls Menu.prefab
  artifactKey: Guid(2cb88efb77d5d3e44ad381b2c0b4ef33) Importer(815301076,1909f56bfc062723c751e8b465ee728b)
Start importing Assets/Prefabs/Level Essentials/In Canvas/Controls Menu.prefab using Guid(2cb88efb77d5d3e44ad381b2c0b4ef33) Importer(815301076,1909f56bfc062723c751e8b465ee728b)  -> (artifact id: '4b22a6aee99abe7e0bbd9c59f8182103') in 0.052076 seconds 
  Import took 0.053872 seconds .

========================================================================
Received Import Request.
  Time since last request: 0.000190 seconds.
  path: Assets/Prefabs/Level Essentials/In Canvas/Loading Screen.prefab
  artifactKey: Guid(8d973a1d0ce746e45857eae222608d3e) Importer(815301076,1909f56bfc062723c751e8b465ee728b)
Start importing Assets/Prefabs/Level Essentials/In Canvas/Loading Screen.prefab using Guid(8d973a1d0ce746e45857eae222608d3e) Importer(815301076,1909f56bfc062723c751e8b465ee728b)  -> (artifact id: '857ca123dac708e5ef01bde8c32248f6') in 0.036103 seconds 
  Import took 0.038090 seconds .

========================================================================
Received Import Request.
  Time since last request: 0.000270 seconds.
  path: Assets/Prefabs/Level Essentials/In Canvas/Options Menu.prefab
  artifactKey: Guid(d935cae0f04733b4aa588c3014fcda46) Importer(815301076,1909f56bfc062723c751e8b465ee728b)
Start importing Assets/Prefabs/Level Essentials/In Canvas/Options Menu.prefab using Guid(d935cae0f04733b4aa588c3014fcda46) Importer(815301076,1909f56bfc062723c751e8b465ee728b)  -> (artifact id: '157f17a341e53b3c7c9f90097476189e') in 0.040247 seconds 
  Import took 0.042065 seconds .

========================================================================
Received Prepare
Registering precompiled user dll's ...
Registered in 0.002451 seconds.
Begin MonoManager ReloadAssembly
Native extension for WindowsStandalone target not found
Refreshing native plugins compatible for Editor in 0.27 ms, found 2 plugins.
Preloading 0 native plugins for Editor in 0.00 ms.
Mono: successfully reloaded assembly
- Completed reload, in  0.557 seconds
Platform modules already initialized, skipping
Refreshing native plugins compatible for Editor in 0.21 ms, found 2 plugins.
Preloading 0 native plugins for Editor in 0.00 ms.
Unloading 1411 Unused Serialized files (Serialized files now loaded: 0)
System memory in use before: 67.5 MB.
System memory in use after: 66.9 MB.

Unloading 33 unused Assets to reduce memory usage. Loaded Objects now: 1861.
Total: 1.472100 ms (FindLiveObjects: 0.076600 ms CreateObjectMapping: 0.021100 ms MarkObjects: 1.163500 ms  DeleteObjects: 0.209600 ms)

AssetImportParameters requested are different than current active one (requested -> active):
  custom:framework-win-MediaFoundation: 216162199b28c13a410421893ffa2e32 -> 
  custom:video-decoder-ogg-theora: a1e56fd34408186e4bbccfd4996cb3dc -> 
  custom:container-muxer-webm: aa71ff27fc2769a1b78a27578f13a17b -> 
  custom:container-demuxer-webm: 4f35f7cbe854078d1ac9338744f61a02 -> 
  custom:container-demuxer-ogg: 62fdf1f143b41e24485cea50d1cbac27 -> 
  custom:video-encoder-webm-vp8: eb34c28f22e8b96e1ab97ce403110664 -> 
  custom:video-codec-MediaFoundation-h265: 746d11721c4dcdbdad8f713fa42b33f4 -> 
  custom:video-decoder-webm-vp8: 9c59270c3fd7afecdb556c50c9e8de78 -> 
  custom:audio-decoder-ogg-vorbis: bf7c407c2cedff20999df2af8eb42d56 -> 
  custom:audio-encoder-webm-vorbis: bf7c407c2cedff20999df2af8eb42d56 -> 
========================================================================
Received Prepare
Registering precompiled user dll's ...
Registered in 0.002333 seconds.
Begin MonoManager ReloadAssembly
Native extension for WindowsStandalone target not found
Refreshing native plugins compatible for Editor in 0.22 ms, found 2 plugins.
Preloading 0 native plugins for Editor in 0.00 ms.
Mono: successfully reloaded assembly
- Completed reload, in  0.548 seconds
Platform modules already initialized, skipping
Refreshing native plugins compatible for Editor in 0.21 ms, found 2 plugins.
Preloading 0 native plugins for Editor in 0.00 ms.
Unloading 1412 Unused Serialized files (Serialized files now loaded: 0)
System memory in use before: 67.5 MB.
System memory in use after: 66.9 MB.

Unloading 27 unused Assets to reduce memory usage. Loaded Objects now: 1865.
Total: 1.355500 ms (FindLiveObjects: 0.074400 ms CreateObjectMapping: 0.020700 ms MarkObjects: 1.058600 ms  DeleteObjects: 0.201100 ms)

AssetImportParameters requested are different than current active one (requested -> active):
  custom:framework-win-MediaFoundation: 216162199b28c13a410421893ffa2e32 -> 
  custom:video-decoder-ogg-theora: a1e56fd34408186e4bbccfd4996cb3dc -> 
  custom:container-muxer-webm: aa71ff27fc2769a1b78a27578f13a17b -> 
  custom:container-demuxer-webm: 4f35f7cbe854078d1ac9338744f61a02 -> 
  custom:container-demuxer-ogg: 62fdf1f143b41e24485cea50d1cbac27 -> 
  custom:video-encoder-webm-vp8: eb34c28f22e8b96e1ab97ce403110664 -> 
  custom:video-codec-MediaFoundation-h265: 746d11721c4dcdbdad8f713fa42b33f4 -> 
  custom:video-decoder-webm-vp8: 9c59270c3fd7afecdb556c50c9e8de78 -> 
  custom:audio-decoder-ogg-vorbis: bf7c407c2cedff20999df2af8eb42d56 -> 
  custom:audio-encoder-webm-vorbis: bf7c407c2cedff20999df2af8eb42d56 -> 
========================================================================
Received Import Request.
  Time since last request: 1003.905563 seconds.
  path: Assets/SFX/MainMixer.mixer
  artifactKey: Guid(f47922c61f176ea40b87b83231abdcde) Importer(815301076,1909f56bfc062723c751e8b465ee728b)
Start importing Assets/SFX/MainMixer.mixer using Guid(f47922c61f176ea40b87b83231abdcde) Importer(815301076,1909f56bfc062723c751e8b465ee728b)  -> (artifact id: '5341fbf2b0f2937b80cbaa6f9fc8ab04') in 0.028692 seconds 
  Import took 0.031725 seconds .

========================================================================
Received Import Request.
  Time since last request: 2.960988 seconds.
  path: Assets/SFX/Ambience/262259__shadydave__snowfall-final.mp3
  artifactKey: Guid(87673405d88cb6045bb5319e0339f331) Importer(815301076,1909f56bfc062723c751e8b465ee728b)
Start importing Assets/SFX/Ambience/262259__shadydave__snowfall-final.mp3 using Guid(87673405d88cb6045bb5319e0339f331) Importer(815301076,1909f56bfc062723c751e8b465ee728b)  -> (artifact id: 'f9ed8d21af8f9eeb257104e65129559f') in 0.098471 seconds 
  Import took 0.100528 seconds .

========================================================================
Received Import Request.
  Time since last request: 0.000185 seconds.
  path: Assets/SFX/Ambience/Factory Ambience.mp3
  artifactKey: Guid(7fe56881f4a79dc4c9b2723509d4c69f) Importer(815301076,1909f56bfc062723c751e8b465ee728b)
Start importing Assets/SFX/Ambience/Factory Ambience.mp3 using Guid(7fe56881f4a79dc4c9b2723509d4c69f) Importer(815301076,1909f56bfc062723c751e8b465ee728b)  -> (artifact id: 'fe9f896440ff7523a8a9539a289fa931') in 0.027158 seconds 
  Import took 0.029376 seconds .

========================================================================
Received Import Request.
  Time since last request: 0.000416 seconds.
  path: Assets/SFX/Ambience/Wind Ambience.wav
  artifactKey: Guid(49443748d1fd4ff46aa3d85706353703) Importer(815301076,1909f56bfc062723c751e8b465ee728b)
Start importing Assets/SFX/Ambience/Wind Ambience.wav using Guid(49443748d1fd4ff46aa3d85706353703) Importer(815301076,1909f56bfc062723c751e8b465ee728b)  -> (artifact id: 'bf26ad4ff49df2271de287259d663a74') in 0.027186 seconds 
  Import took 0.029585 seconds .

========================================================================
Received Import Request.
  Time since last request: 0.000601 seconds.
  path: Assets/SFX/Ambience/376610__viktorfox__industrial-drums-2-115bpm.wav
  artifactKey: Guid(28c969e9d0421d4458ed0215ebdd7ca4) Importer(815301076,1909f56bfc062723c751e8b465ee728b)
Start importing Assets/SFX/Ambience/376610__viktorfox__industrial-drums-2-115bpm.wav using Guid(28c969e9d0421d4458ed0215ebdd7ca4) Importer(815301076,1909f56bfc062723c751e8b465ee728b)  -> (artifact id: 'abf41f348f3fd80d9b256252b34f1bdc') in 0.026164 seconds 
  Import took 0.029144 seconds .

========================================================================
Received Import Request.
  Time since last request: 0.001133 seconds.
  path: Assets/SFX/Ambience/376610__viktorfox__industrial-drums-2-115bpm.wav
  artifactKey: Guid(28c969e9d0421d4458ed0215ebdd7ca4) Importer(815301076,1909f56bfc062723c751e8b465ee728b)
Start importing Assets/SFX/Ambience/376610__viktorfox__industrial-drums-2-115bpm.wav using Guid(28c969e9d0421d4458ed0215ebdd7ca4) Importer(815301076,1909f56bfc062723c751e8b465ee728b)  -> (artifact id: 'abf41f348f3fd80d9b256252b34f1bdc') in 0.018881 seconds 
  Import took 0.020455 seconds .

========================================================================
Received Import Request.
  Time since last request: 2.959630 seconds.
  path: Assets/SFX/Combat/BluntImpact6-Free-1.ogg
  artifactKey: Guid(f066f3ebedc79dc429b921d5076e5491) Importer(815301076,1909f56bfc062723c751e8b465ee728b)
Start importing Assets/SFX/Combat/BluntImpact6-Free-1.ogg using Guid(f066f3ebedc79dc429b921d5076e5491) Importer(815301076,1909f56bfc062723c751e8b465ee728b)  -> (artifact id: '5f3f57db098d8fd938aea2a285344f9f') in 0.022170 seconds 
  Import took 0.024895 seconds .

========================================================================
Received Import Request.
  Time since last request: 0.000278 seconds.
  path: Assets/SFX/Combat/Parry.wav
  artifactKey: Guid(a0546ce17a1ca974fb62b43f366021f1) Importer(815301076,1909f56bfc062723c751e8b465ee728b)
Start importing Assets/SFX/Combat/Parry.wav using Guid(a0546ce17a1ca974fb62b43f366021f1) Importer(815301076,1909f56bfc062723c751e8b465ee728b)  -> (artifact id: '02c39ef786b680d3f114fd3599bf1640') in 0.021538 seconds 
  Import took 0.023219 seconds .

========================================================================
Received Import Request.
  Time since last request: 0.000423 seconds.
  path: Assets/SFX/Combat/ItemBreak.mp3
  artifactKey: Guid(fddf59031e5f0d945a15072f26a5b121) Importer(815301076,1909f56bfc062723c751e8b465ee728b)
Start importing Assets/SFX/Combat/ItemBreak.mp3 using Guid(fddf59031e5f0d945a15072f26a5b121) Importer(815301076,1909f56bfc062723c751e8b465ee728b)  -> (artifact id: '08345ff2bbbab7f92216fc536da883c8') in 0.020399 seconds 
  Import took 0.022194 seconds .

========================================================================
Received Import Request.
  Time since last request: 0.001374 seconds.
  path: Assets/SFX/Combat/Splat.wav
  artifactKey: Guid(27fc32620c7cb004eb6b7176570edc6f) Importer(815301076,1909f56bfc062723c751e8b465ee728b)
Start importing Assets/SFX/Combat/Splat.wav using Guid(27fc32620c7cb004eb6b7176570edc6f) Importer(815301076,1909f56bfc062723c751e8b465ee728b)  -> (artifact id: '6778d6a1c26d7c46cc8b7c4452c5f051') in 0.017061 seconds 
  Import took 0.024253 seconds .

========================================================================
Received Import Request.
  Time since last request: 0.000371 seconds.
  path: Assets/SFX/Combat/Punched2-Free-1.ogg
  artifactKey: Guid(40cda279da2faea43ad6582184440a70) Importer(815301076,1909f56bfc062723c751e8b465ee728b)
Start importing Assets/SFX/Combat/Punched2-Free-1.ogg using Guid(40cda279da2faea43ad6582184440a70) Importer(815301076,1909f56bfc062723c751e8b465ee728b)  -> (artifact id: '01d540359f1cdedcc83520c3808c4d24') in 0.020578 seconds 
  Import took 0.022851 seconds .

========================================================================
Received Import Request.
  Time since last request: 0.000449 seconds.
  path: Assets/SFX/Combat/Molotov.mp3
  artifactKey: Guid(3bfdb2580a3c56f46a771ce095f24122) Importer(815301076,1909f56bfc062723c751e8b465ee728b)
Start importing Assets/SFX/Combat/Molotov.mp3 using Guid(3bfdb2580a3c56f46a771ce095f24122) Importer(815301076,1909f56bfc062723c751e8b465ee728b)  -> (artifact id: '81418f68293ad9f3a20b696354c86a3d') in 0.027765 seconds 
  Import took 0.030679 seconds .

========================================================================
Received Import Request.
  Time since last request: 0.000443 seconds.
  path: Assets/SFX/Combat/Impact.flac
  artifactKey: Guid(147bcf4b38845c549be6f3182b85cafd) Importer(815301076,1909f56bfc062723c751e8b465ee728b)
Start importing Assets/SFX/Combat/Impact.flac using Guid(147bcf4b38845c549be6f3182b85cafd) Importer(815301076,1909f56bfc062723c751e8b465ee728b)  -> (artifact id: 'cd4db2f83d0f5e80279900370a24182b') in 0.028092 seconds 
  Import took 0.030980 seconds .

========================================================================
Received Import Request.
  Time since last request: 0.000341 seconds.
  path: Assets/SFX/Combat/Gravel.wav
  artifactKey: Guid(c7905b90ff9049347899584921467055) Importer(815301076,1909f56bfc062723c751e8b465ee728b)
Start importing Assets/SFX/Combat/Gravel.wav using Guid(c7905b90ff9049347899584921467055) Importer(815301076,1909f56bfc062723c751e8b465ee728b)  -> (artifact id: '4c13d33215ebe653bf7551cc5aa6dc3d') in 0.024528 seconds 
  Import took 0.026903 seconds .

========================================================================
Received Import Request.
  Time since last request: 0.000334 seconds.
  path: Assets/SFX/Combat/Gore.wav
  artifactKey: Guid(9cdccb3b2b811ac4cb3d8f9dca8d04d4) Importer(815301076,1909f56bfc062723c751e8b465ee728b)
Start importing Assets/SFX/Combat/Gore.wav using Guid(9cdccb3b2b811ac4cb3d8f9dca8d04d4) Importer(815301076,1909f56bfc062723c751e8b465ee728b)  -> (artifact id: 'afec43ec2211c23d9a4ddcf06489cd13') in 0.018581 seconds 
  Import took 0.020710 seconds .

========================================================================
Received Import Request.
  Time since last request: 0.000457 seconds.
  path: Assets/SFX/Combat/Wither Spawn.mp3
  artifactKey: Guid(25afb99b8bbad094398669aea064b449) Importer(815301076,1909f56bfc062723c751e8b465ee728b)
Start importing Assets/SFX/Combat/Wither Spawn.mp3 using Guid(25afb99b8bbad094398669aea064b449) Importer(815301076,1909f56bfc062723c751e8b465ee728b)  -> (artifact id: 'bbfcfc7b094f6591f2f5b1bf52066780') in 0.020776 seconds 
  Import took 0.023083 seconds .

========================================================================
Received Import Request.
  Time since last request: 0.000229 seconds.
  path: Assets/SFX/Combat/Eating.wav
  artifactKey: Guid(9552e6518d78b4d45a2f55098491713d) Importer(815301076,1909f56bfc062723c751e8b465ee728b)
Start importing Assets/SFX/Combat/Eating.wav using Guid(9552e6518d78b4d45a2f55098491713d) Importer(815301076,1909f56bfc062723c751e8b465ee728b)  -> (artifact id: 'a5c7de5d9bc63cf547f7fafc74dce03b') in 0.014268 seconds 
  Import took 0.015772 seconds .

========================================================================
Received Import Request.
  Time since last request: 0.000216 seconds.
  path: Assets/SFX/Combat/Explosion.mp3
  artifactKey: Guid(5e4a83763d4c6084bab70b81c294233f) Importer(815301076,1909f56bfc062723c751e8b465ee728b)
Start importing Assets/SFX/Combat/Explosion.mp3 using Guid(5e4a83763d4c6084bab70b81c294233f) Importer(815301076,1909f56bfc062723c751e8b465ee728b)  -> (artifact id: '8826b81bf385267514e89db1877d93d9') in 0.017139 seconds 
  Import took 0.018730 seconds .

========================================================================
Received Import Request.
  Time since last request: 0.002250 seconds.
  path: Assets/SFX/Combat/Explosion.mp3
  artifactKey: Guid(5e4a83763d4c6084bab70b81c294233f) Importer(815301076,1909f56bfc062723c751e8b465ee728b)
Start importing Assets/SFX/Combat/Explosion.mp3 using Guid(5e4a83763d4c6084bab70b81c294233f) Importer(815301076,1909f56bfc062723c751e8b465ee728b)  -> (artifact id: '8826b81bf385267514e89db1877d93d9') in 0.006686 seconds 
  Import took 0.008210 seconds .

========================================================================
Received Import Request.
  Time since last request: 0.476810 seconds.
  path: Assets/SFX/Movement/Footsteps_DirtyGround_Jump_Start_03.wav
  artifactKey: Guid(65d9836027675574b8d070c5718f99c7) Importer(815301076,1909f56bfc062723c751e8b465ee728b)
Start importing Assets/SFX/Movement/Footsteps_DirtyGround_Jump_Start_03.wav using Guid(65d9836027675574b8d070c5718f99c7) Importer(815301076,1909f56bfc062723c751e8b465ee728b)  -> (artifact id: '94ea1d7ed10d5deb3147c3baaa2c4829') in 0.023355 seconds 
  Import took 0.025915 seconds .

========================================================================
Received Import Request.
  Time since last request: 0.000338 seconds.
  path: Assets/SFX/Movement/Footsteps_DirtyGround_Run_08.wav
  artifactKey: Guid(6da235e2573048249bcbe608f984ff48) Importer(815301076,1909f56bfc062723c751e8b465ee728b)
Start importing Assets/SFX/Movement/Footsteps_DirtyGround_Run_08.wav using Guid(6da235e2573048249bcbe608f984ff48) Importer(815301076,1909f56bfc062723c751e8b465ee728b)  -> (artifact id: '833cfa5a2dc4daaa9063355cbc904fe1') in 0.021544 seconds 
  Import took 0.023614 seconds .

========================================================================
Received Import Request.
  Time since last request: 0.809453 seconds.
  path: Assets/SFX/Others/Climbing.wav
  artifactKey: Guid(456d5717e5fa5f6449875191abb2a7b2) Importer(815301076,1909f56bfc062723c751e8b465ee728b)
Start importing Assets/SFX/Others/Climbing.wav using Guid(456d5717e5fa5f6449875191abb2a7b2) Importer(815301076,1909f56bfc062723c751e8b465ee728b)  -> (artifact id: 'd96c10a48fa27a91afa3384ecdc8efcc') in 0.008044 seconds 
  Import took 0.010019 seconds .

========================================================================
Received Import Request.
  Time since last request: 0.000215 seconds.
  path: Assets/SFX/Others/ItemAcquired.wav
  artifactKey: Guid(2c3afd336fdec794084bce70e1a87d9d) Importer(815301076,1909f56bfc062723c751e8b465ee728b)
Start importing Assets/SFX/Others/ItemAcquired.wav using Guid(2c3afd336fdec794084bce70e1a87d9d) Importer(815301076,1909f56bfc062723c751e8b465ee728b)  -> (artifact id: '024e3ceced85ebb02c5c2b62f5e933b2') in 0.006762 seconds 
  Import took 0.008576 seconds .

========================================================================
Received Import Request.
  Time since last request: 0.000229 seconds.
  path: Assets/SFX/Others/Door.wav
  artifactKey: Guid(9ee3f628659ffcd4d834e49a0bbd8ab9) Importer(815301076,1909f56bfc062723c751e8b465ee728b)
Start importing Assets/SFX/Others/Door.wav using Guid(9ee3f628659ffcd4d834e49a0bbd8ab9) Importer(815301076,1909f56bfc062723c751e8b465ee728b)  -> (artifact id: '6fe1ce90550993c7ee41b902ed715571') in 0.007431 seconds 
  Import took 0.009547 seconds .

========================================================================
Received Import Request.
  Time since last request: 0.000208 seconds.
  path: Assets/SFX/Others/Dialogue.wav
  artifactKey: Guid(6a822a8fef691da44a859b3de06a25ef) Importer(815301076,1909f56bfc062723c751e8b465ee728b)
Start importing Assets/SFX/Others/Dialogue.wav using Guid(6a822a8fef691da44a859b3de06a25ef) Importer(815301076,1909f56bfc062723c751e8b465ee728b)  -> (artifact id: '115d5469724fb6dbcef48b54a295d5b8') in 0.022943 seconds 
  Import took 0.024666 seconds .

========================================================================
Received Import Request.
  Time since last request: 0.000223 seconds.
  path: Assets/SFX/Others/Objective.wav
  artifactKey: Guid(86b3978f63571ac4ea969cc8e4b215aa) Importer(815301076,1909f56bfc062723c751e8b465ee728b)
Start importing Assets/SFX/Others/Objective.wav using Guid(86b3978f63571ac4ea969cc8e4b215aa) Importer(815301076,1909f56bfc062723c751e8b465ee728b)  -> (artifact id: '183d191bf5ac66d0c494fd072b2c3daa') in 0.019437 seconds 
  Import took 0.021000 seconds .

========================================================================
Received Import Request.
  Time since last request: 0.000219 seconds.
  path: Assets/SFX/Others/UI Click.wav
  artifactKey: Guid(43d0cd7ff55992e48815c561e204e4bb) Importer(815301076,1909f56bfc062723c751e8b465ee728b)
Start importing Assets/SFX/Others/UI Click.wav using Guid(43d0cd7ff55992e48815c561e204e4bb) Importer(815301076,1909f56bfc062723c751e8b465ee728b)  -> (artifact id: '4477db237a26c8233fdfe8fc90166c59') in 0.018673 seconds 
  Import took 0.020401 seconds .

========================================================================
Received Import Request.
  Time since last request: 0.000272 seconds.
  path: Assets/SFX/Others/Page Turn.wav
  artifactKey: Guid(6ddf055b50f90254fb903a3e495f9829) Importer(815301076,1909f56bfc062723c751e8b465ee728b)
Start importing Assets/SFX/Others/Page Turn.wav using Guid(6ddf055b50f90254fb903a3e495f9829) Importer(815301076,1909f56bfc062723c751e8b465ee728b)  -> (artifact id: '8107bd23e49cf760ed3d84970db569e9') in 0.023780 seconds 
  Import took 0.025343 seconds .

========================================================================
Received Import Request.
  Time since last request: 0.000233 seconds.
  path: Assets/SFX/Others/SpecialitemAcquired.wav
  artifactKey: Guid(00eb804c227f20a4e838e01802ba011b) Importer(815301076,1909f56bfc062723c751e8b465ee728b)
Start importing Assets/SFX/Others/SpecialitemAcquired.wav using Guid(00eb804c227f20a4e838e01802ba011b) Importer(815301076,1909f56bfc062723c751e8b465ee728b)  -> (artifact id: 'e3836069beba9b459562ad30469c964b') in 0.017833 seconds 
  Import took 0.019438 seconds .

========================================================================
Received Prepare
Registering precompiled user dll's ...
Registered in 0.002391 seconds.
Begin MonoManager ReloadAssembly
Native extension for WindowsStandalone target not found
Refreshing native plugins compatible for Editor in 0.24 ms, found 2 plugins.
Preloading 0 native plugins for Editor in 0.00 ms.
Mono: successfully reloaded assembly
- Completed reload, in  0.565 seconds
Platform modules already initialized, skipping
Refreshing native plugins compatible for Editor in 0.24 ms, found 2 plugins.
Preloading 0 native plugins for Editor in 0.00 ms.
Unloading 1412 Unused Serialized files (Serialized files now loaded: 0)
System memory in use before: 70.5 MB.
System memory in use after: 70.0 MB.

Unloading 27 unused Assets to reduce memory usage. Loaded Objects now: 1877.
Total: 1.392700 ms (FindLiveObjects: 0.075900 ms CreateObjectMapping: 0.021200 ms MarkObjects: 1.105000 ms  DeleteObjects: 0.189700 ms)

AssetImportParameters requested are different than current active one (requested -> active):
  custom:framework-win-MediaFoundation: 216162199b28c13a410421893ffa2e32 -> 
  custom:video-decoder-ogg-theora: a1e56fd34408186e4bbccfd4996cb3dc -> 
  custom:container-muxer-webm: aa71ff27fc2769a1b78a27578f13a17b -> 
  custom:container-demuxer-webm: 4f35f7cbe854078d1ac9338744f61a02 -> 
  custom:container-demuxer-ogg: 62fdf1f143b41e24485cea50d1cbac27 -> 
  custom:video-encoder-webm-vp8: eb34c28f22e8b96e1ab97ce403110664 -> 
  custom:video-codec-MediaFoundation-h265: 746d11721c4dcdbdad8f713fa42b33f4 -> 
  custom:video-decoder-webm-vp8: 9c59270c3fd7afecdb556c50c9e8de78 -> 
  custom:audio-decoder-ogg-vorbis: bf7c407c2cedff20999df2af8eb42d56 -> 
  custom:audio-encoder-webm-vorbis: bf7c407c2cedff20999df2af8eb42d56 -> 
========================================================================
Received Prepare
Registering precompiled user dll's ...
Registered in 0.002531 seconds.
Begin MonoManager ReloadAssembly
Native extension for WindowsStandalone target not found
Refreshing native plugins compatible for Editor in 0.24 ms, found 2 plugins.
Preloading 0 native plugins for Editor in 0.00 ms.
Mono: successfully reloaded assembly
- Completed reload, in  0.563 seconds
Platform modules already initialized, skipping
Refreshing native plugins compatible for Editor in 0.21 ms, found 2 plugins.
Preloading 0 native plugins for Editor in 0.00 ms.
Unloading 1412 Unused Serialized files (Serialized files now loaded: 0)
System memory in use before: 70.5 MB.
System memory in use after: 70.0 MB.

Unloading 27 unused Assets to reduce memory usage. Loaded Objects now: 1880.
Total: 1.506400 ms (FindLiveObjects: 0.080400 ms CreateObjectMapping: 0.020900 ms MarkObjects: 1.202900 ms  DeleteObjects: 0.201200 ms)

AssetImportParameters requested are different than current active one (requested -> active):
  custom:framework-win-MediaFoundation: 216162199b28c13a410421893ffa2e32 -> 
  custom:video-decoder-ogg-theora: a1e56fd34408186e4bbccfd4996cb3dc -> 
  custom:container-muxer-webm: aa71ff27fc2769a1b78a27578f13a17b -> 
  custom:container-demuxer-webm: 4f35f7cbe854078d1ac9338744f61a02 -> 
  custom:container-demuxer-ogg: 62fdf1f143b41e24485cea50d1cbac27 -> 
  custom:video-encoder-webm-vp8: eb34c28f22e8b96e1ab97ce403110664 -> 
  custom:video-codec-MediaFoundation-h265: 746d11721c4dcdbdad8f713fa42b33f4 -> 
  custom:video-decoder-webm-vp8: 9c59270c3fd7afecdb556c50c9e8de78 -> 
  custom:audio-decoder-ogg-vorbis: bf7c407c2cedff20999df2af8eb42d56 -> 
  custom:audio-encoder-webm-vorbis: bf7c407c2cedff20999df2af8eb42d56 -> 
========================================================================
Received Prepare
Registering precompiled user dll's ...
Registered in 0.002856 seconds.
Begin MonoManager ReloadAssembly
Native extension for WindowsStandalone target not found
Refreshing native plugins compatible for Editor in 0.24 ms, found 2 plugins.
Preloading 0 native plugins for Editor in 0.00 ms.
Mono: successfully reloaded assembly
- Completed reload, in  0.558 seconds
Platform modules already initialized, skipping
Refreshing native plugins compatible for Editor in 0.22 ms, found 2 plugins.
Preloading 0 native plugins for Editor in 0.00 ms.
Unloading 1412 Unused Serialized files (Serialized files now loaded: 0)
System memory in use before: 70.5 MB.
System memory in use after: 70.0 MB.

Unloading 27 unused Assets to reduce memory usage. Loaded Objects now: 1883.
Total: 1.407300 ms (FindLiveObjects: 0.075800 ms CreateObjectMapping: 0.019500 ms MarkObjects: 1.117600 ms  DeleteObjects: 0.193500 ms)

AssetImportParameters requested are different than current active one (requested -> active):
  custom:framework-win-MediaFoundation: 216162199b28c13a410421893ffa2e32 -> 
  custom:video-decoder-ogg-theora: a1e56fd34408186e4bbccfd4996cb3dc -> 
  custom:container-muxer-webm: aa71ff27fc2769a1b78a27578f13a17b -> 
  custom:container-demuxer-webm: 4f35f7cbe854078d1ac9338744f61a02 -> 
  custom:container-demuxer-ogg: 62fdf1f143b41e24485cea50d1cbac27 -> 
  custom:video-encoder-webm-vp8: eb34c28f22e8b96e1ab97ce403110664 -> 
  custom:video-codec-MediaFoundation-h265: 746d11721c4dcdbdad8f713fa42b33f4 -> 
  custom:video-decoder-webm-vp8: 9c59270c3fd7afecdb556c50c9e8de78 -> 
  custom:audio-decoder-ogg-vorbis: bf7c407c2cedff20999df2af8eb42d56 -> 
  custom:audio-encoder-webm-vorbis: bf7c407c2cedff20999df2af8eb42d56 -> 
========================================================================
Received Prepare
Registering precompiled user dll's ...
Registered in 0.002279 seconds.
Begin MonoManager ReloadAssembly
Native extension for WindowsStandalone target not found
Refreshing native plugins compatible for Editor in 0.22 ms, found 2 plugins.
Preloading 0 native plugins for Editor in 0.00 ms.
Mono: successfully reloaded assembly
- Completed reload, in  0.539 seconds
Platform modules already initialized, skipping
Refreshing native plugins compatible for Editor in 0.20 ms, found 2 plugins.
Preloading 0 native plugins for Editor in 0.00 ms.
Unloading 1412 Unused Serialized files (Serialized files now loaded: 0)
System memory in use before: 70.5 MB.
System memory in use after: 70.0 MB.

Unloading 27 unused Assets to reduce memory usage. Loaded Objects now: 1886.
Total: 1.450900 ms (FindLiveObjects: 0.076800 ms CreateObjectMapping: 0.020100 ms MarkObjects: 1.158300 ms  DeleteObjects: 0.194800 ms)

AssetImportParameters requested are different than current active one (requested -> active):
  custom:framework-win-MediaFoundation: 216162199b28c13a410421893ffa2e32 -> 
  custom:video-decoder-ogg-theora: a1e56fd34408186e4bbccfd4996cb3dc -> 
  custom:container-muxer-webm: aa71ff27fc2769a1b78a27578f13a17b -> 
  custom:container-demuxer-webm: 4f35f7cbe854078d1ac9338744f61a02 -> 
  custom:container-demuxer-ogg: 62fdf1f143b41e24485cea50d1cbac27 -> 
  custom:video-encoder-webm-vp8: eb34c28f22e8b96e1ab97ce403110664 -> 
  custom:video-codec-MediaFoundation-h265: 746d11721c4dcdbdad8f713fa42b33f4 -> 
  custom:video-decoder-webm-vp8: 9c59270c3fd7afecdb556c50c9e8de78 -> 
  custom:audio-decoder-ogg-vorbis: bf7c407c2cedff20999df2af8eb42d56 -> 
  custom:audio-encoder-webm-vorbis: bf7c407c2cedff20999df2af8eb42d56 -> 
========================================================================
Received Prepare
Registering precompiled user dll's ...
Registered in 0.002263 seconds.
Begin MonoManager ReloadAssembly
Native extension for WindowsStandalone target not found
Refreshing native plugins compatible for Editor in 0.21 ms, found 2 plugins.
Preloading 0 native plugins for Editor in 0.00 ms.
Mono: successfully reloaded assembly
- Completed reload, in  0.555 seconds
Platform modules already initialized, skipping
Refreshing native plugins compatible for Editor in 0.20 ms, found 2 plugins.
Preloading 0 native plugins for Editor in 0.00 ms.
Unloading 1412 Unused Serialized files (Serialized files now loaded: 0)
System memory in use before: 70.5 MB.
System memory in use after: 70.0 MB.

Unloading 27 unused Assets to reduce memory usage. Loaded Objects now: 1889.
Total: 1.502200 ms (FindLiveObjects: 0.151000 ms CreateObjectMapping: 0.028400 ms MarkObjects: 1.108500 ms  DeleteObjects: 0.213500 ms)

AssetImportParameters requested are different than current active one (requested -> active):
  custom:framework-win-MediaFoundation: 216162199b28c13a410421893ffa2e32 -> 
  custom:video-decoder-ogg-theora: a1e56fd34408186e4bbccfd4996cb3dc -> 
  custom:container-muxer-webm: aa71ff27fc2769a1b78a27578f13a17b -> 
  custom:container-demuxer-webm: 4f35f7cbe854078d1ac9338744f61a02 -> 
  custom:container-demuxer-ogg: 62fdf1f143b41e24485cea50d1cbac27 -> 
  custom:video-encoder-webm-vp8: eb34c28f22e8b96e1ab97ce403110664 -> 
  custom:video-codec-MediaFoundation-h265: 746d11721c4dcdbdad8f713fa42b33f4 -> 
  custom:video-decoder-webm-vp8: 9c59270c3fd7afecdb556c50c9e8de78 -> 
  custom:audio-decoder-ogg-vorbis: bf7c407c2cedff20999df2af8eb42d56 -> 
  custom:audio-encoder-webm-vorbis: bf7c407c2cedff20999df2af8eb42d56 -> 
========================================================================
Received Prepare
Registering precompiled user dll's ...
Registered in 0.002620 seconds.
Begin MonoManager ReloadAssembly
Native extension for WindowsStandalone target not found
Refreshing native plugins compatible for Editor in 0.21 ms, found 2 plugins.
Preloading 0 native plugins for Editor in 0.00 ms.
Mono: successfully reloaded assembly
- Completed reload, in  0.538 seconds
Platform modules already initialized, skipping
Refreshing native plugins compatible for Editor in 0.23 ms, found 2 plugins.
Preloading 0 native plugins for Editor in 0.00 ms.
Unloading 1412 Unused Serialized files (Serialized files now loaded: 0)
System memory in use before: 70.5 MB.
System memory in use after: 70.0 MB.

Unloading 27 unused Assets to reduce memory usage. Loaded Objects now: 1892.
Total: 1.459000 ms (FindLiveObjects: 0.075200 ms CreateObjectMapping: 0.023100 ms MarkObjects: 1.113000 ms  DeleteObjects: 0.246800 ms)

AssetImportParameters requested are different than current active one (requested -> active):
  custom:framework-win-MediaFoundation: 216162199b28c13a410421893ffa2e32 -> 
  custom:video-decoder-ogg-theora: a1e56fd34408186e4bbccfd4996cb3dc -> 
  custom:container-muxer-webm: aa71ff27fc2769a1b78a27578f13a17b -> 
  custom:container-demuxer-webm: 4f35f7cbe854078d1ac9338744f61a02 -> 
  custom:container-demuxer-ogg: 62fdf1f143b41e24485cea50d1cbac27 -> 
  custom:video-encoder-webm-vp8: eb34c28f22e8b96e1ab97ce403110664 -> 
  custom:video-codec-MediaFoundation-h265: 746d11721c4dcdbdad8f713fa42b33f4 -> 
  custom:video-decoder-webm-vp8: 9c59270c3fd7afecdb556c50c9e8de78 -> 
  custom:audio-decoder-ogg-vorbis: bf7c407c2cedff20999df2af8eb42d56 -> 
  custom:audio-encoder-webm-vorbis: bf7c407c2cedff20999df2af8eb42d56 -> 
========================================================================
Received Import Request.
  Time since last request: 543.580545 seconds.
  path: Assets/SFX/Movement
  artifactKey: Guid(9170b4199d7b8f44abbf48cb125709fe) Importer(815301076,1909f56bfc062723c751e8b465ee728b)
Start importing Assets/SFX/Movement using Guid(9170b4199d7b8f44abbf48cb125709fe) Importer(815301076,1909f56bfc062723c751e8b465ee728b)  -> (artifact id: '39e67922eefcee90890bd38d9c7611b0') in 0.004324 seconds 
  Import took 0.006044 seconds .

========================================================================
Received Import Request.
  Time since last request: 6.648554 seconds.
  path: Assets/SFX/Combat
  artifactKey: Guid(1d2ac8546e92eff40b90a314d03f08e6) Importer(815301076,1909f56bfc062723c751e8b465ee728b)
Start importing Assets/SFX/Combat using Guid(1d2ac8546e92eff40b90a314d03f08e6) Importer(815301076,1909f56bfc062723c751e8b465ee728b)  -> (artifact id: '910723fb332ee7d273c957ece108a2f8') in 0.014067 seconds 
  Import took 0.015664 seconds .

========================================================================
Received Import Request.
  Time since last request: 5.741354 seconds.
  path: Assets/SFX/Ambience
  artifactKey: Guid(9cb4d1e0bd7eb4f4e8b3875c415f59c0) Importer(815301076,1909f56bfc062723c751e8b465ee728b)
Start importing Assets/SFX/Ambience using Guid(9cb4d1e0bd7eb4f4e8b3875c415f59c0) Importer(815301076,1909f56bfc062723c751e8b465ee728b)  -> (artifact id: '6b326c9ba23edd261dbb52c2c0a6a3f7') in 0.020278 seconds 
  Import took 0.028593 seconds .

========================================================================
Received Import Request.
  Time since last request: 25.874060 seconds.
  path: Assets/SFX/Others
  artifactKey: Guid(d61d6010f58ef394f91f92e43804b296) Importer(815301076,1909f56bfc062723c751e8b465ee728b)
Start importing Assets/SFX/Others using Guid(d61d6010f58ef394f91f92e43804b296) Importer(815301076,1909f56bfc062723c751e8b465ee728b)  -> (artifact id: '3b929f42b4e8412da69773b29c4565b4') in 0.015339 seconds 
  Import took 0.017370 seconds .

========================================================================
Received Import Request.
  Time since last request: 33.267941 seconds.
  path: Packages/com.unity.collab-proxy/Editor/PlasticSCM/Assets/Images/buttonssosigninemail@2x.png
  artifactKey: Guid(ddf2e76e8a1f88f46ae1e42277850b48) Importer(815301076,1909f56bfc062723c751e8b465ee728b)
Start importing Packages/com.unity.collab-proxy/Editor/PlasticSCM/Assets/Images/buttonssosigninemail@2x.png using Guid(ddf2e76e8a1f88f46ae1e42277850b48) Importer(815301076,1909f56bfc062723c751e8b465ee728b)  -> (artifact id: '287180628ae140389622399999fe4d18') in 0.057898 seconds 
  Import took 0.059712 seconds .

========================================================================
Received Import Request.
  Time since last request: 0.000206 seconds.
  path: Assets/Models/Images/CoverArt.png
  artifactKey: Guid(f88feb43a40616445b32616f96932968) Importer(815301076,1909f56bfc062723c751e8b465ee728b)
Start importing Assets/Models/Images/CoverArt.png using Guid(f88feb43a40616445b32616f96932968) Importer(815301076,1909f56bfc062723c751e8b465ee728b)  -> (artifact id: '273129824bc3c7db0b02121e5aec3b5d') in 0.033726 seconds 
  Import took 0.035247 seconds .

========================================================================
Received Import Request.
  Time since last request: 0.000228 seconds.
  path: Packages/com.unity.collab-proxy/Editor/PlasticSCM/Assets/Images/d_buttonssosigninemail.png
  artifactKey: Guid(3086d66a563317b40a20a20da2c64ac0) Importer(815301076,1909f56bfc062723c751e8b465ee728b)
Start importing Packages/com.unity.collab-proxy/Editor/PlasticSCM/Assets/Images/d_buttonssosigninemail.png using Guid(3086d66a563317b40a20a20da2c64ac0) Importer(815301076,1909f56bfc062723c751e8b465ee728b)  -> (artifact id: '961ce4eb492c21f36f8d939d8001c5c6') in 0.021763 seconds 
  Import took 0.023422 seconds .

========================================================================
Received Import Request.
  Time since last request: 0.000198 seconds.
  path: Packages/com.unity.collab-proxy/Editor/PlasticSCM/Assets/Images/d_buttonssosigninemail@2x.png
  artifactKey: Guid(144aa74618b85974a9a50f612c2fa8fd) Importer(815301076,1909f56bfc062723c751e8b465ee728b)
Start importing Packages/com.unity.collab-proxy/Editor/PlasticSCM/Assets/Images/d_buttonssosigninemail@2x.png using Guid(144aa74618b85974a9a50f612c2fa8fd) Importer(815301076,1909f56bfc062723c751e8b465ee728b)  -> (artifact id: '90f7778df4266e3198bad79527b89b4f') in 0.021323 seconds 
  Import took 0.022965 seconds .

========================================================================
Received Import Request.
  Time since last request: 0.000209 seconds.
  path: Packages/com.unity.collab-proxy/Editor/PlasticSCM/Assets/Images/buttonssosigninunity.png
  artifactKey: Guid(f9161c6c9e06dc445ada3ee16d991f90) Importer(815301076,1909f56bfc062723c751e8b465ee728b)
Start importing Packages/com.unity.collab-proxy/Editor/PlasticSCM/Assets/Images/buttonssosigninunity.png using Guid(f9161c6c9e06dc445ada3ee16d991f90) Importer(815301076,1909f56bfc062723c751e8b465ee728b)  -> (artifact id: '2095d338518b3e9aa4dd3f92938fceb5') in 0.020469 seconds 
  Import took 0.022131 seconds .

========================================================================
Received Import Request.
  Time since last request: 0.000318 seconds.
  path: Packages/com.unity.collab-proxy/Editor/PlasticSCM/Assets/Images/d_cloudbuho.png
  artifactKey: Guid(e5600378dd761e64d9423790c482bf36) Importer(815301076,1909f56bfc062723c751e8b465ee728b)
Start importing Packages/com.unity.collab-proxy/Editor/PlasticSCM/Assets/Images/d_cloudbuho.png using Guid(e5600378dd761e64d9423790c482bf36) Importer(815301076,1909f56bfc062723c751e8b465ee728b)  -> (artifact id: 'ea3a49f9d219e6b1efbfc398036ca404') in 0.027238 seconds 
  Import took 0.028725 seconds .

========================================================================
Received Import Request.
  Time since last request: 0.000195 seconds.
  path: Packages/com.unity.collab-proxy/Editor/PlasticSCM/Assets/Images/d_cloudbuhochristmas.png
  artifactKey: Guid(70632ddfe8e71b04b8f90ef7e29a9e98) Importer(815301076,1909f56bfc062723c751e8b465ee728b)
Start importing Packages/com.unity.collab-proxy/Editor/PlasticSCM/Assets/Images/d_cloudbuhochristmas.png using Guid(70632ddfe8e71b04b8f90ef7e29a9e98) Importer(815301076,1909f56bfc062723c751e8b465ee728b)  -> (artifact id: 'eeb7832fd3d049f988903687edb46d39') in 0.026543 seconds 
  Import took 0.028072 seconds .

========================================================================
Received Import Request.
  Time since last request: 0.000244 seconds.
  path: Packages/com.unity.collab-proxy/Editor/PlasticSCM/Assets/Images/buttonssosigningoogle.png
  artifactKey: Guid(f09eae8c0ea04254b90c5386a034a225) Importer(815301076,1909f56bfc062723c751e8b465ee728b)
Start importing Packages/com.unity.collab-proxy/Editor/PlasticSCM/Assets/Images/buttonssosigningoogle.png using Guid(f09eae8c0ea04254b90c5386a034a225) Importer(815301076,1909f56bfc062723c751e8b465ee728b)  -> (artifact id: 'b1d364013f1994bf8810c313a6a782a7') in 0.018900 seconds 
  Import took 0.020436 seconds .

========================================================================
Received Import Request.
  Time since last request: 0.000198 seconds.
  path: Packages/com.unity.collab-proxy/Editor/PlasticSCM/Assets/Images/d_cloudbuhoshe.png
  artifactKey: Guid(dae33700bd23f76409a80bf78fdb8a42) Importer(815301076,1909f56bfc062723c751e8b465ee728b)
Start importing Packages/com.unity.collab-proxy/Editor/PlasticSCM/Assets/Images/d_cloudbuhoshe.png using Guid(dae33700bd23f76409a80bf78fdb8a42) Importer(815301076,1909f56bfc062723c751e8b465ee728b)  -> (artifact id: '92d8bf589d5b7bb4aec08f8740dbf587') in 0.023135 seconds 
  Import took 0.024771 seconds .

========================================================================
Received Import Request.
  Time since last request: 1.170661 seconds.
  path: Packages/com.unity.collab-proxy/Editor/PlasticSCM/Assets/Images/d_cloudbuhoshechristmas.png
  artifactKey: Guid(9c0d6ec706e01ce448aea81584af092b) Importer(815301076,1909f56bfc062723c751e8b465ee728b)
Start importing Packages/com.unity.collab-proxy/Editor/PlasticSCM/Assets/Images/d_cloudbuhoshechristmas.png using Guid(9c0d6ec706e01ce448aea81584af092b) Importer(815301076,1909f56bfc062723c751e8b465ee728b)  -> (artifact id: '892a50a54c26849f63469a191776c4d5') in 0.031151 seconds 
  Import took 0.032850 seconds .

========================================================================
Received Import Request.
  Time since last request: 0.000213 seconds.
  path: Packages/com.unity.collab-proxy/Editor/PlasticSCM/Assets/Images/d_colorbuhoshe.png
  artifactKey: Guid(a04ecc9d5e12d5d449077414eb86635e) Importer(815301076,1909f56bfc062723c751e8b465ee728b)
Start importing Packages/com.unity.collab-proxy/Editor/PlasticSCM/Assets/Images/d_colorbuhoshe.png using Guid(a04ecc9d5e12d5d449077414eb86635e) Importer(815301076,1909f56bfc062723c751e8b465ee728b)  -> (artifact id: '2a5da5a8355f9cf041ac19ca0e46d0c1') in 0.025254 seconds 
  Import took 0.027053 seconds .

========================================================================
Received Import Request.
  Time since last request: 0.000201 seconds.
  path: Packages/com.unity.collab-proxy/Editor/PlasticSCM/Assets/Images/d_colorbuhochristmas.png
  artifactKey: Guid(fd098fb4cf57bad419701c802e442b7e) Importer(815301076,1909f56bfc062723c751e8b465ee728b)
Start importing Packages/com.unity.collab-proxy/Editor/PlasticSCM/Assets/Images/d_colorbuhochristmas.png using Guid(fd098fb4cf57bad419701c802e442b7e) Importer(815301076,1909f56bfc062723c751e8b465ee728b)  -> (artifact id: 'ff2e528dd45eab70fcd713a8b1503c3b') in 0.019946 seconds 
  Import took 0.021808 seconds .

========================================================================
Received Import Request.
  Time since last request: 0.000204 seconds.
  path: Packages/com.unity.collab-proxy/Editor/PlasticSCM/Assets/Images/d_colorbuho.png
  artifactKey: Guid(3a0c527d7f890d64a9b56b086e6e766a) Importer(815301076,1909f56bfc062723c751e8b465ee728b)
Start importing Packages/com.unity.collab-proxy/Editor/PlasticSCM/Assets/Images/d_colorbuho.png using Guid(3a0c527d7f890d64a9b56b086e6e766a) Importer(815301076,1909f56bfc062723c751e8b465ee728b)  -> (artifact id: 'ad4fffaf47d6a0ea53a7039bc1dfc58d') in 0.025454 seconds 
  Import took 0.027086 seconds .

========================================================================
Received Import Request.
  Time since last request: 0.586563 seconds.
  path: Packages/com.unity.collab-proxy/Editor/PlasticSCM/Assets/Images/d_colorbuhoshechristmas.png
  artifactKey: Guid(ec03f79379868c642b48ae5ddc821b6d) Importer(815301076,1909f56bfc062723c751e8b465ee728b)
Start importing Packages/com.unity.collab-proxy/Editor/PlasticSCM/Assets/Images/d_colorbuhoshechristmas.png using Guid(ec03f79379868c642b48ae5ddc821b6d) Importer(815301076,1909f56bfc062723c751e8b465ee728b)  -> (artifact id: 'c7f61ad95220a280c0887a76a4bed52e') in 0.030370 seconds 
  Import took 0.032559 seconds .

========================================================================
Received Import Request.
  Time since last request: 0.000199 seconds.
  path: Packages/com.unity.collab-proxy/Editor/PlasticSCM/Assets/Images/d_expertbuhoshe.png
  artifactKey: Guid(8325d4ef0a6eb3d43952aff8a06d9f45) Importer(815301076,1909f56bfc062723c751e8b465ee728b)
Start importing Packages/com.unity.collab-proxy/Editor/PlasticSCM/Assets/Images/d_expertbuhoshe.png using Guid(8325d4ef0a6eb3d43952aff8a06d9f45) Importer(815301076,1909f56bfc062723c751e8b465ee728b)  -> (artifact id: '4aa005ecd2d875701cfe8ce9f8a64d5d') in 0.024143 seconds 
  Import took 0.025677 seconds .

========================================================================
Received Import Request.
  Time since last request: 0.000206 seconds.
  path: Packages/com.unity.collab-proxy/Editor/PlasticSCM/Assets/Images/d_expertbuhochristmas.png
  artifactKey: Guid(c887ed2a931c29040bc544cd8c546e9f) Importer(815301076,1909f56bfc062723c751e8b465ee728b)
Start importing Packages/com.unity.collab-proxy/Editor/PlasticSCM/Assets/Images/d_expertbuhochristmas.png using Guid(c887ed2a931c29040bc544cd8c546e9f) Importer(815301076,1909f56bfc062723c751e8b465ee728b)  -> (artifact id: 'bd7bd777f689d8b70117381a16befc1c') in 0.029264 seconds 
  Import took 0.031012 seconds .

========================================================================
Received Import Request.
  Time since last request: 0.000182 seconds.
  path: Packages/com.unity.collab-proxy/Editor/PlasticSCM/Assets/Images/d_expertbuhoshechristmas.png
  artifactKey: Guid(372e7b39fc8f34549ac25d8757965a2c) Importer(815301076,1909f56bfc062723c751e8b465ee728b)
Start importing Packages/com.unity.collab-proxy/Editor/PlasticSCM/Assets/Images/d_expertbuhoshechristmas.png using Guid(372e7b39fc8f34549ac25d8757965a2c) Importer(815301076,1909f56bfc062723c751e8b465ee728b)  -> (artifact id: '39dcea963b31fb30a58d494fc27ba3f8') in 0.026062 seconds 
  Import took 0.027918 seconds .

========================================================================
Received Import Request.
  Time since last request: 0.000216 seconds.
  path: Packages/com.unity.collab-proxy/Editor/PlasticSCM/Assets/Images/d_genericbuho3.png
  artifactKey: Guid(9e9474494461bd048803b48e391ef0f6) Importer(815301076,1909f56bfc062723c751e8b465ee728b)
Start importing Packages/com.unity.collab-proxy/Editor/PlasticSCM/Assets/Images/d_genericbuho3.png using Guid(9e9474494461bd048803b48e391ef0f6) Importer(815301076,1909f56bfc062723c751e8b465ee728b)  -> (artifact id: 'd784f7470b4b64d39bc760487fca3863') in 0.027507 seconds 
  Import took 0.029358 seconds .

========================================================================
Received Import Request.
  Time since last request: 0.000239 seconds.
  path: Packages/com.unity.collab-proxy/Editor/PlasticSCM/Assets/Images/d_genericbuho2.png
  artifactKey: Guid(0f061b4bd0275bc4eb60f2af31e7375a) Importer(815301076,1909f56bfc062723c751e8b465ee728b)
Start importing Packages/com.unity.collab-proxy/Editor/PlasticSCM/Assets/Images/d_genericbuho2.png using Guid(0f061b4bd0275bc4eb60f2af31e7375a) Importer(815301076,1909f56bfc062723c751e8b465ee728b)  -> (artifact id: 'd4d1bfd64124bc6e87b6d5983fc53e04') in 0.017877 seconds 
  Import took 0.019412 seconds .

========================================================================
Received Import Request.
  Time since last request: 0.000205 seconds.
  path: Packages/com.unity.collab-proxy/Editor/PlasticSCM/Assets/Images/d_genericbuho1.png
  artifactKey: Guid(43ad51e043491b94d8f6c62d55ac5ede) Importer(815301076,1909f56bfc062723c751e8b465ee728b)
Start importing Packages/com.unity.collab-proxy/Editor/PlasticSCM/Assets/Images/d_genericbuho1.png using Guid(43ad51e043491b94d8f6c62d55ac5ede) Importer(815301076,1909f56bfc062723c751e8b465ee728b)  -> (artifact id: '9151b50f090156e9b2c239885190bcb4') in 0.023392 seconds 
  Import took 0.025068 seconds .

========================================================================
Received Import Request.
  Time since last request: 0.000262 seconds.
  path: Packages/com.unity.collab-proxy/Editor/PlasticSCM/Assets/Images/d_expertbuho.png
  artifactKey: Guid(13e7e6fe43a8aa049bcd610bbc1f5ff8) Importer(815301076,1909f56bfc062723c751e8b465ee728b)
Start importing Packages/com.unity.collab-proxy/Editor/PlasticSCM/Assets/Images/d_expertbuho.png using Guid(13e7e6fe43a8aa049bcd610bbc1f5ff8) Importer(815301076,1909f56bfc062723c751e8b465ee728b)  -> (artifact id: '0d9ba7d90b7a8e23192315bcb87ce1e6') in 0.023294 seconds 
  Import took 0.025111 seconds .

========================================================================
Received Import Request.
  Time since last request: 0.001397 seconds.
  path: Packages/com.unity.collab-proxy/Editor/PlasticSCM/Assets/Images/d_expertbuho.png
  artifactKey: Guid(13e7e6fe43a8aa049bcd610bbc1f5ff8) Importer(815301076,1909f56bfc062723c751e8b465ee728b)
Start importing Packages/com.unity.collab-proxy/Editor/PlasticSCM/Assets/Images/d_expertbuho.png using Guid(13e7e6fe43a8aa049bcd610bbc1f5ff8) Importer(815301076,1909f56bfc062723c751e8b465ee728b)  -> (artifact id: '0d9ba7d90b7a8e23192315bcb87ce1e6') in 0.020032 seconds 
  Import took 0.021639 seconds .

========================================================================
Received Import Request.
  Time since last request: 0.113222 seconds.
  path: Packages/com.unity.collab-proxy/Editor/PlasticSCM/Assets/Images/d_genericbuhochristmas1.png
  artifactKey: Guid(e36d1a38d7aa309409e80bf66a089330) Importer(815301076,1909f56bfc062723c751e8b465ee728b)
Start importing Packages/com.unity.collab-proxy/Editor/PlasticSCM/Assets/Images/d_genericbuhochristmas1.png using Guid(e36d1a38d7aa309409e80bf66a089330) Importer(815301076,1909f56bfc062723c751e8b465ee728b)  -> (artifact id: '5418ccb3f0edfbb2c2c7915d24403c88') in 0.040500 seconds 
  Import took 0.042501 seconds .

========================================================================
Received Import Request.
  Time since last request: 0.000225 seconds.
  path: Packages/com.unity.collab-proxy/Editor/PlasticSCM/Assets/Images/d_genericbuhochristmas2.png
  artifactKey: Guid(5955491dc8dcecb4a993d9a008cf65a7) Importer(815301076,1909f56bfc062723c751e8b465ee728b)
Start importing Packages/com.unity.collab-proxy/Editor/PlasticSCM/Assets/Images/d_genericbuhochristmas2.png using Guid(5955491dc8dcecb4a993d9a008cf65a7) Importer(815301076,1909f56bfc062723c751e8b465ee728b)  -> (artifact id: 'a3d6327504d1d3a846771ac6e3b411f0') in 0.064055 seconds 
  Import took 0.066953 seconds .

========================================================================
Received Import Request.
  Time since last request: 0.000424 seconds.
  path: Packages/com.unity.collab-proxy/Editor/PlasticSCM/Assets/Images/d_genericbuhoshe3.png
  artifactKey: Guid(9bb60d9b0987c3747b57516cc172d0c7) Importer(815301076,1909f56bfc062723c751e8b465ee728b)
Start importing Packages/com.unity.collab-proxy/Editor/PlasticSCM/Assets/Images/d_genericbuhoshe3.png using Guid(9bb60d9b0987c3747b57516cc172d0c7) Importer(815301076,1909f56bfc062723c751e8b465ee728b)  -> (artifact id: '620486aa45c1ee0f65422b341d8211c6') in 0.039963 seconds 
  Import took 0.042784 seconds .

========================================================================
Received Import Request.
  Time since last request: 0.000229 seconds.
  path: Packages/com.unity.collab-proxy/Editor/PlasticSCM/Assets/Images/d_genericbuhoshe1.png
  artifactKey: Guid(f2901efd8bb16bc408ad37f017fbf9bc) Importer(815301076,1909f56bfc062723c751e8b465ee728b)
Start importing Packages/com.unity.collab-proxy/Editor/PlasticSCM/Assets/Images/d_genericbuhoshe1.png using Guid(f2901efd8bb16bc408ad37f017fbf9bc) Importer(815301076,1909f56bfc062723c751e8b465ee728b)  -> (artifact id: 'b03ddfd60d50d07b1a0d6709812b46db') in 0.032569 seconds 
  Import took 0.034411 seconds .

========================================================================
Received Import Request.
  Time since last request: 0.000243 seconds.
  path: Packages/com.unity.collab-proxy/Editor/PlasticSCM/Assets/Images/d_genericbuhoshe2.png
  artifactKey: Guid(17035c204825f6340a252046ab6476fd) Importer(815301076,1909f56bfc062723c751e8b465ee728b)
Start importing Packages/com.unity.collab-proxy/Editor/PlasticSCM/Assets/Images/d_genericbuhoshe2.png using Guid(17035c204825f6340a252046ab6476fd) Importer(815301076,1909f56bfc062723c751e8b465ee728b)  -> (artifact id: '920d72141d8866cfcc191108eb77f7d2') in 0.026141 seconds 
  Import took 0.028280 seconds .

========================================================================
Received Import Request.
  Time since last request: 0.000296 seconds.
  path: Packages/com.unity.collab-proxy/Editor/PlasticSCM/Assets/Images/d_genericbuhochristmas3.png
  artifactKey: Guid(6fac4e39926fd9c4ca2ba4416160a857) Importer(815301076,1909f56bfc062723c751e8b465ee728b)
Start importing Packages/com.unity.collab-proxy/Editor/PlasticSCM/Assets/Images/d_genericbuhochristmas3.png using Guid(6fac4e39926fd9c4ca2ba4416160a857) Importer(815301076,1909f56bfc062723c751e8b465ee728b)  -> (artifact id: '8f174eaec2c732bfbb609af42f04e390') in 0.018972 seconds 
  Import took 0.020663 seconds .

========================================================================
Received Import Request.
  Time since last request: 0.083736 seconds.
  path: Packages/com.unity.collab-proxy/Editor/PlasticSCM/Assets/Images/d_genericbuhoshechristmas1.png
  artifactKey: Guid(d98fbe17966d8ef449b25b99024bf36f) Importer(815301076,1909f56bfc062723c751e8b465ee728b)
Start importing Packages/com.unity.collab-proxy/Editor/PlasticSCM/Assets/Images/d_genericbuhoshechristmas1.png using Guid(d98fbe17966d8ef449b25b99024bf36f) Importer(815301076,1909f56bfc062723c751e8b465ee728b)  -> (artifact id: 'f29523d3412b4578e0200326fcc1ffd4') in 0.032142 seconds 
  Import took 0.034124 seconds .

========================================================================
Received Import Request.
  Time since last request: 0.000223 seconds.
  path: Packages/com.unity.collab-proxy/Editor/PlasticSCM/Assets/Images/d_iconplasticview.png
  artifactKey: Guid(519d97e745e55f041b609f3666cbc037) Importer(815301076,1909f56bfc062723c751e8b465ee728b)
Start importing Packages/com.unity.collab-proxy/Editor/PlasticSCM/Assets/Images/d_iconplasticview.png using Guid(519d97e745e55f041b609f3666cbc037) Importer(815301076,1909f56bfc062723c751e8b465ee728b)  -> (artifact id: '735f198e1ffe023ec15526b287255d83') in 0.015121 seconds 
  Import took 0.016954 seconds .

========================================================================
Received Import Request.
  Time since last request: 0.000320 seconds.
  path: Packages/com.unity.collab-proxy/Editor/PlasticSCM/Assets/Images/d_genericbuhoshechristmas2.png
  artifactKey: Guid(7fd3cda14282bb7429b8eeb6c121e5bb) Importer(815301076,1909f56bfc062723c751e8b465ee728b)
Start importing Packages/com.unity.collab-proxy/Editor/PlasticSCM/Assets/Images/d_genericbuhoshechristmas2.png using Guid(7fd3cda14282bb7429b8eeb6c121e5bb) Importer(815301076,1909f56bfc062723c751e8b465ee728b)  -> (artifact id: 'a442d61037ab1b2b680d04f5fd9a7c70') in 0.019211 seconds 
  Import took 0.021627 seconds .

========================================================================
Received Import Request.
  Time since last request: 0.000194 seconds.
  path: Packages/com.unity.collab-proxy/Editor/PlasticSCM/Assets/Images/d_genericbuhoshechristmas3.png
  artifactKey: Guid(f8c9467a892580344bb697526dac0d13) Importer(815301076,1909f56bfc062723c751e8b465ee728b)
Start importing Packages/com.unity.collab-proxy/Editor/PlasticSCM/Assets/Images/d_genericbuhoshechristmas3.png using Guid(f8c9467a892580344bb697526dac0d13) Importer(815301076,1909f56bfc062723c751e8b465ee728b)  -> (artifact id: 'e45b00f080f2b37c6cbae1644f6a27c0') in 0.025806 seconds 
  Import took 0.027563 seconds .

========================================================================
Received Import Request.
  Time since last request: 0.000222 seconds.
  path: Packages/com.unity.collab-proxy/Editor/PlasticSCM/Assets/Images/d_iconplasticview@2x.png
  artifactKey: Guid(3168140d6f409d0448447f18568d9482) Importer(815301076,1909f56bfc062723c751e8b465ee728b)
Start importing Packages/com.unity.collab-proxy/Editor/PlasticSCM/Assets/Images/d_iconplasticview@2x.png using Guid(3168140d6f409d0448447f18568d9482) Importer(815301076,1909f56bfc062723c751e8b465ee728b)  -> (artifact id: 'cfda6128844d417cc6ffe4c47af3e2e5') in 0.013482 seconds 
  Import took 0.015172 seconds .

========================================================================
Received Import Request.
  Time since last request: 0.000249 seconds.
  path: Packages/com.unity.collab-proxy/Editor/PlasticSCM/Assets/Images/d_loading.png
  artifactKey: Guid(d58e94bfb1bac774dbb8ca9c2597ef2e) Importer(815301076,1909f56bfc062723c751e8b465ee728b)
Start importing Packages/com.unity.collab-proxy/Editor/PlasticSCM/Assets/Images/d_loading.png using Guid(d58e94bfb1bac774dbb8ca9c2597ef2e) Importer(815301076,1909f56bfc062723c751e8b465ee728b)  -> (artifact id: 'd3363e1fa021f89107d113ef28fb6876') in 0.017806 seconds 
  Import took 0.019558 seconds .

========================================================================
Received Import Request.
  Time since last request: 0.154403 seconds.
  path: Packages/com.unity.collab-proxy/Editor/PlasticSCM/Assets/Images/d_loading@2x.png
  artifactKey: Guid(7ee48c5fba4919649a8a6094cbead669) Importer(815301076,1909f56bfc062723c751e8b465ee728b)
Start importing Packages/com.unity.collab-proxy/Editor/PlasticSCM/Assets/Images/d_loading@2x.png using Guid(7ee48c5fba4919649a8a6094cbead669) Importer(815301076,1909f56bfc062723c751e8b465ee728b)  -> (artifact id: '985382ae82fa63a0d5671505393330a5') in 0.024445 seconds 
  Import took 0.026589 seconds .

========================================================================
Received Import Request.
  Time since last request: 0.000284 seconds.
  path: Packages/com.unity.collab-proxy/Editor/PlasticSCM/Assets/Images/d_step2.png
  artifactKey: Guid(897c3a3f5c4038345a7143573bbb4a40) Importer(815301076,1909f56bfc062723c751e8b465ee728b)
Start importing Packages/com.unity.collab-proxy/Editor/PlasticSCM/Assets/Images/d_step2.png using Guid(897c3a3f5c4038345a7143573bbb4a40) Importer(815301076,1909f56bfc062723c751e8b465ee728b)  -> (artifact id: '7bef9826e726e353356e562bb6dd102e') in 0.025980 seconds 
  Import took 0.027823 seconds .

========================================================================
Received Import Request.
  Time since last request: 0.000239 seconds.
  path: Packages/com.unity.collab-proxy/Editor/PlasticSCM/Assets/Images/d_step3.png
  artifactKey: Guid(46930b20180b59e46b73494adf53abbb) Importer(815301076,1909f56bfc062723c751e8b465ee728b)
Start importing Packages/com.unity.collab-proxy/Editor/PlasticSCM/Assets/Images/d_step3.png using Guid(46930b20180b59e46b73494adf53abbb) Importer(815301076,1909f56bfc062723c751e8b465ee728b)  -> (artifact id: '4996e8b92e17890609cb4deed345b6bc') in 0.018975 seconds 
  Import took 0.020690 seconds .

========================================================================
Received Import Request.
  Time since last request: 0.000214 seconds.
  path: Packages/com.unity.collab-proxy/Editor/PlasticSCM/Assets/Images/d_step1.png
  artifactKey: Guid(38236a82ff44aaa4b972248479d5f970) Importer(815301076,1909f56bfc062723c751e8b465ee728b)
Start importing Packages/com.unity.collab-proxy/Editor/PlasticSCM/Assets/Images/d_step1.png using Guid(38236a82ff44aaa4b972248479d5f970) Importer(815301076,1909f56bfc062723c751e8b465ee728b)  -> (artifact id: '5beee8f2cc1405744ebdc4a979b70470') in 0.022500 seconds 
  Import took 0.024066 seconds .

========================================================================
Received Import Request.
  Time since last request: 0.000237 seconds.
  path: Packages/com.unity.collab-proxy/Editor/PlasticSCM/Assets/Images/d_step2@2x.png
  artifactKey: Guid(cdb88fdb0cf46b244a667edaff21c7df) Importer(815301076,1909f56bfc062723c751e8b465ee728b)
Start importing Packages/com.unity.collab-proxy/Editor/PlasticSCM/Assets/Images/d_step2@2x.png using Guid(cdb88fdb0cf46b244a667edaff21c7df) Importer(815301076,1909f56bfc062723c751e8b465ee728b)  -> (artifact id: '87c03eb1aa1228176f293a0d52dbe207') in 0.024109 seconds 
  Import took 0.025758 seconds .

========================================================================
Received Import Request.
  Time since last request: 0.000198 seconds.
  path: Packages/com.unity.collab-proxy/Editor/PlasticSCM/Assets/Images/d_step1@2x.png
  artifactKey: Guid(c8a69ecdf54ac8e4b873466605de27ff) Importer(815301076,1909f56bfc062723c751e8b465ee728b)
Start importing Packages/com.unity.collab-proxy/Editor/PlasticSCM/Assets/Images/d_step1@2x.png using Guid(c8a69ecdf54ac8e4b873466605de27ff) Importer(815301076,1909f56bfc062723c751e8b465ee728b)  -> (artifact id: '9d158ba8bde251501e3e2f90feaf0edf') in 0.020464 seconds 
  Import took 0.022169 seconds .

========================================================================
Received Import Request.
  Time since last request: 0.002279 seconds.
  path: Packages/com.unity.collab-proxy/Editor/PlasticSCM/Assets/Images/d_step1@2x.png
  artifactKey: Guid(c8a69ecdf54ac8e4b873466605de27ff) Importer(815301076,1909f56bfc062723c751e8b465ee728b)
Start importing Packages/com.unity.collab-proxy/Editor/PlasticSCM/Assets/Images/d_step1@2x.png using Guid(c8a69ecdf54ac8e4b873466605de27ff) Importer(815301076,1909f56bfc062723c751e8b465ee728b)  -> (artifact id: '9d158ba8bde251501e3e2f90feaf0edf') in 0.006649 seconds 
  Import took 0.008148 seconds .

========================================================================
Received Import Request.
  Time since last request: 0.607348 seconds.
  path: Packages/com.unity.collab-proxy/Editor/PlasticSCM/Assets/Images/d_step3@2x.png
  artifactKey: Guid(c9ed6d6ea2f9657409bfa068d4846139) Importer(815301076,1909f56bfc062723c751e8b465ee728b)
Start importing Packages/com.unity.collab-proxy/Editor/PlasticSCM/Assets/Images/d_step3@2x.png using Guid(c9ed6d6ea2f9657409bfa068d4846139) Importer(815301076,1909f56bfc062723c751e8b465ee728b)  -> (artifact id: 'd46fb13d4aa0174a829e10a8625bda1c') in 0.022624 seconds 
  Import took 0.024224 seconds .

========================================================================
Received Import Request.
  Time since last request: 0.000197 seconds.
  path: Packages/com.unity.collab-proxy/Editor/PlasticSCM/Assets/Images/d_stevejobsbuho.png
  artifactKey: Guid(e92527f6d0fe45342ab542b47346d45f) Importer(815301076,1909f56bfc062723c751e8b465ee728b)
Start importing Packages/com.unity.collab-proxy/Editor/PlasticSCM/Assets/Images/d_stevejobsbuho.png using Guid(e92527f6d0fe45342ab542b47346d45f) Importer(815301076,1909f56bfc062723c751e8b465ee728b)  -> (artifact id: 'e1ad6f74b3827e42a2c207dc8c41ae37') in 0.026427 seconds 
  Import took 0.028217 seconds .

========================================================================
Received Import Request.
  Time since last request: 0.000194 seconds.
  path: Packages/com.unity.collab-proxy/Editor/PlasticSCM/Assets/Images/d_stepok.png
  artifactKey: Guid(be423a54b981d38428de82ad12534629) Importer(815301076,1909f56bfc062723c751e8b465ee728b)
Start importing Packages/com.unity.collab-proxy/Editor/PlasticSCM/Assets/Images/d_stepok.png using Guid(be423a54b981d38428de82ad12534629) Importer(815301076,1909f56bfc062723c751e8b465ee728b)  -> (artifact id: '9455b5519ca0de1b3aeff9d7b495ab9b') in 0.028272 seconds 
  Import took 0.030431 seconds .

========================================================================
Received Import Request.
  Time since last request: 0.000276 seconds.
  path: Packages/com.unity.collab-proxy/Editor/PlasticSCM/Assets/Images/d_stevejobsbuhochristmas.png
  artifactKey: Guid(08c91a7677e66844281a99aaf6ea36f1) Importer(815301076,1909f56bfc062723c751e8b465ee728b)
Start importing Packages/com.unity.collab-proxy/Editor/PlasticSCM/Assets/Images/d_stevejobsbuhochristmas.png using Guid(08c91a7677e66844281a99aaf6ea36f1) Importer(815301076,1909f56bfc062723c751e8b465ee728b)  -> (artifact id: 'c2b99eb0b2538f034c1bf95bcd2671bd') in 0.026353 seconds 
  Import took 0.028315 seconds .

========================================================================
Received Import Request.
  Time since last request: 0.000276 seconds.
  path: Packages/com.unity.collab-proxy/Editor/PlasticSCM/Assets/Images/d_stevejobsbuhoshechristmas.png
  artifactKey: Guid(f008857e434b98b4eaabda1fd6af3059) Importer(815301076,1909f56bfc062723c751e8b465ee728b)
Start importing Packages/com.unity.collab-proxy/Editor/PlasticSCM/Assets/Images/d_stevejobsbuhoshechristmas.png using Guid(f008857e434b98b4eaabda1fd6af3059) Importer(815301076,1909f56bfc062723c751e8b465ee728b)  -> (artifact id: 'a8d44ed2e3efd4c586eedac875dd9268') in 0.020780 seconds 
  Import took 0.022432 seconds .

========================================================================
Received Import Request.
  Time since last request: 0.000223 seconds.
  path: Packages/com.unity.collab-proxy/Editor/PlasticSCM/Assets/Images/d_stepok.png
  artifactKey: Guid(be423a54b981d38428de82ad12534629) Importer(815301076,1909f56bfc062723c751e8b465ee728b)
Start importing Packages/com.unity.collab-proxy/Editor/PlasticSCM/Assets/Images/d_stepok.png using Guid(be423a54b981d38428de82ad12534629) Importer(815301076,1909f56bfc062723c751e8b465ee728b)  -> (artifact id: '9455b5519ca0de1b3aeff9d7b495ab9b') in 0.006411 seconds 
  Import took 0.008438 seconds .

========================================================================
Received Import Request.
  Time since last request: 0.000210 seconds.
  path: Packages/com.unity.collab-proxy/Editor/PlasticSCM/Assets/Images/iconadded.png
  artifactKey: Guid(1196e728cbc6c25429f25431acabb4d1) Importer(815301076,1909f56bfc062723c751e8b465ee728b)
Start importing Packages/com.unity.collab-proxy/Editor/PlasticSCM/Assets/Images/iconadded.png using Guid(1196e728cbc6c25429f25431acabb4d1) Importer(815301076,1909f56bfc062723c751e8b465ee728b)  -> (artifact id: '0f87f5c20924c79515dc699fd462eee7') in 0.023058 seconds 
  Import took 0.024731 seconds .

========================================================================
Received Import Request.
  Time since last request: 0.000199 seconds.
  path: Packages/com.unity.collab-proxy/Editor/PlasticSCM/Assets/Images/d_stepok@2x.png
  artifactKey: Guid(3494dc956dfd7174abc07060940a2848) Importer(815301076,1909f56bfc062723c751e8b465ee728b)
Start importing Packages/com.unity.collab-proxy/Editor/PlasticSCM/Assets/Images/d_stepok@2x.png using Guid(3494dc956dfd7174abc07060940a2848) Importer(815301076,1909f56bfc062723c751e8b465ee728b)  -> (artifact id: '409bce0242bf16b93f933d46d6a4aa7e') in 0.018582 seconds 
  Import took 0.020163 seconds .

========================================================================
Received Import Request.
  Time since last request: 0.000170 seconds.
  path: Packages/com.unity.collab-proxy/Editor/PlasticSCM/Assets/Images/iconadded.png
  artifactKey: Guid(1196e728cbc6c25429f25431acabb4d1) Importer(815301076,1909f56bfc062723c751e8b465ee728b)
Start importing Packages/com.unity.collab-proxy/Editor/PlasticSCM/Assets/Images/iconadded.png using Guid(1196e728cbc6c25429f25431acabb4d1) Importer(815301076,1909f56bfc062723c751e8b465ee728b)  -> (artifact id: '0f87f5c20924c79515dc699fd462eee7') in 0.005384 seconds 
  Import took 0.006987 seconds .

========================================================================
Received Import Request.
  Time since last request: 0.000241 seconds.
  path: Packages/com.unity.collab-proxy/Editor/PlasticSCM/Assets/Images/iconmergeconflict.png
  artifactKey: Guid(3ebdd5b3c161fc343a4bbc3ea42da8ca) Importer(815301076,1909f56bfc062723c751e8b465ee728b)
Start importing Packages/com.unity.collab-proxy/Editor/PlasticSCM/Assets/Images/iconmergeconflict.png using Guid(3ebdd5b3c161fc343a4bbc3ea42da8ca) Importer(815301076,1909f56bfc062723c751e8b465ee728b)  -> (artifact id: '7adb09c1e565015f4e8539945a404655') in 0.019508 seconds 
  Import took 0.021181 seconds .

========================================================================
Received Import Request.
  Time since last request: 0.000199 seconds.
  path: Packages/com.unity.collab-proxy/Editor/PlasticSCM/Assets/Images/iconmoved.png
  artifactKey: Guid(8a6cca56e2b63344eb4769cd92d93ffb) Importer(815301076,1909f56bfc062723c751e8b465ee728b)
Start importing Packages/com.unity.collab-proxy/Editor/PlasticSCM/Assets/Images/iconmoved.png using Guid(8a6cca56e2b63344eb4769cd92d93ffb) Importer(815301076,1909f56bfc062723c751e8b465ee728b)  -> (artifact id: '493987c83e3b053745b834a3a29f3fc4') in 0.018062 seconds 
  Import took 0.019664 seconds .

========================================================================
Received Import Request.
  Time since last request: 0.000180 seconds.
  path: Packages/com.unity.collab-proxy/Editor/PlasticSCM/Assets/Images/iconpressedclosebutton.png
  artifactKey: Guid(94fe868620119564f9474f40cd6145aa) Importer(815301076,1909f56bfc062723c751e8b465ee728b)
Start importing Packages/com.unity.collab-proxy/Editor/PlasticSCM/Assets/Images/iconpressedclosebutton.png using Guid(94fe868620119564f9474f40cd6145aa) Importer(815301076,1909f56bfc062723c751e8b465ee728b)  -> (artifact id: '389fd43db258f550a72233573cf05274') in 0.022394 seconds 
  Import took 0.024135 seconds .

========================================================================
Received Import Request.
  Time since last request: 0.000246 seconds.
  path: Packages/com.unity.collab-proxy/Editor/PlasticSCM/Assets/Images/loading.png
  artifactKey: Guid(c6b1bcaa3f4767141acd747384dbb276) Importer(815301076,1909f56bfc062723c751e8b465ee728b)
Start importing Packages/com.unity.collab-proxy/Editor/PlasticSCM/Assets/Images/loading.png using Guid(c6b1bcaa3f4767141acd747384dbb276) Importer(815301076,1909f56bfc062723c751e8b465ee728b)  -> (artifact id: '38dd9570145ea3c9a507aa143a70f5f9') in 0.018324 seconds 
  Import took 0.019941 seconds .

========================================================================
Received Import Request.
  Time since last request: 0.000208 seconds.
  path: Packages/com.unity.collab-proxy/Editor/PlasticSCM/Assets/Images/iconrepository.png
  artifactKey: Guid(ed64f3a17f2ede646be21ed6edc9161a) Importer(815301076,1909f56bfc062723c751e8b465ee728b)
Start importing Packages/com.unity.collab-proxy/Editor/PlasticSCM/Assets/Images/iconrepository.png using Guid(ed64f3a17f2ede646be21ed6edc9161a) Importer(815301076,1909f56bfc062723c751e8b465ee728b)  -> (artifact id: 'af4afa6ceba7fe24f3b290130fcfe75b') in 0.020354 seconds 
  Import took 0.021926 seconds .

========================================================================
Received Import Request.
  Time since last request: 0.000210 seconds.
  path: Packages/com.unity.collab-proxy/Editor/PlasticSCM/Assets/Images/notondisk.png
  artifactKey: Guid(b205f4b28f59dda49af458b35d8a3ff3) Importer(815301076,1909f56bfc062723c751e8b465ee728b)
Start importing Packages/com.unity.collab-proxy/Editor/PlasticSCM/Assets/Images/notondisk.png using Guid(b205f4b28f59dda49af458b35d8a3ff3) Importer(815301076,1909f56bfc062723c751e8b465ee728b)  -> (artifact id: '6e659e6568be6016d90791a51797176c') in 0.023306 seconds 
  Import took 0.024917 seconds .

========================================================================
Received Import Request.
  Time since last request: 0.000219 seconds.
  path: Packages/com.unity.collab-proxy/Editor/PlasticSCM/Assets/Images/step3@2x.png
  artifactKey: Guid(36e6970b84831434a9eac79abd03700b) Importer(815301076,1909f56bfc062723c751e8b465ee728b)
Start importing Packages/com.unity.collab-proxy/Editor/PlasticSCM/Assets/Images/step3@2x.png using Guid(36e6970b84831434a9eac79abd03700b) Importer(815301076,1909f56bfc062723c751e8b465ee728b)  -> (artifact id: 'eb1db440c82cb9ebcf63cd0f510bd03c') in 0.018988 seconds 
  Import took 0.020547 seconds .

========================================================================
Received Import Request.
  Time since last request: 0.000234 seconds.
  path: Packages/com.unity.collab-proxy/Editor/PlasticSCM/Assets/Images/step3.png
  artifactKey: Guid(69899ed144c8eea4baea48b858b37746) Importer(815301076,1909f56bfc062723c751e8b465ee728b)
Start importing Packages/com.unity.collab-proxy/Editor/PlasticSCM/Assets/Images/step3.png using Guid(69899ed144c8eea4baea48b858b37746) Importer(815301076,1909f56bfc062723c751e8b465ee728b)  -> (artifact id: '0fcf78b5c0991eea373faec6cd02c309') in 0.018776 seconds 
  Import took 0.020348 seconds .

========================================================================
Received Import Request.
  Time since last request: 0.000219 seconds.
  path: Packages/com.unity.collab-proxy/Editor/PlasticSCM/Assets/Images/iconmerged.png
  artifactKey: Guid(36b376cee8459d34e8aefb062d29bcf2) Importer(815301076,1909f56bfc062723c751e8b465ee728b)
Start importing Packages/com.unity.collab-proxy/Editor/PlasticSCM/Assets/Images/iconmerged.png using Guid(36b376cee8459d34e8aefb062d29bcf2) Importer(815301076,1909f56bfc062723c751e8b465ee728b)  -> (artifact id: '625d4f10ece5ca57cc793010c5c8b1c7') in 0.021210 seconds 
  Import took 0.022823 seconds .

========================================================================
Received Import Request.
  Time since last request: 0.000216 seconds.
  path: Packages/com.unity.collab-proxy/Editor/PlasticSCM/Assets/Images/step2.png
  artifactKey: Guid(cd0b17b71a5c498428ee91dee8a78a88) Importer(815301076,1909f56bfc062723c751e8b465ee728b)
Start importing Packages/com.unity.collab-proxy/Editor/PlasticSCM/Assets/Images/step2.png using Guid(cd0b17b71a5c498428ee91dee8a78a88) Importer(815301076,1909f56bfc062723c751e8b465ee728b)  -> (artifact id: '5443e10453a7618bf0a7047583567dae') in 0.016757 seconds 
  Import took 0.018554 seconds .

========================================================================
Received Import Request.
  Time since last request: 0.000206 seconds.
  path: Packages/com.unity.collab-proxy/Editor/PlasticSCM/Assets/Images/ignored.png
  artifactKey: Guid(595bc97bc8e1e0b46bd4c2148ba3723a) Importer(815301076,1909f56bfc062723c751e8b465ee728b)
Start importing Packages/com.unity.collab-proxy/Editor/PlasticSCM/Assets/Images/ignored.png using Guid(595bc97bc8e1e0b46bd4c2148ba3723a) Importer(815301076,1909f56bfc062723c751e8b465ee728b)  -> (artifact id: 'ff9ceabe97158a9bb96fdb89c36f1756') in 0.018892 seconds 
  Import took 0.020410 seconds .

========================================================================
Received Import Request.
  Time since last request: 0.000201 seconds.
  path: Packages/com.unity.collab-proxy/Editor/PlasticSCM/Assets/Images/ok.png
  artifactKey: Guid(3238dca1e9ea9fb4aa64b28298ba6dbd) Importer(815301076,1909f56bfc062723c751e8b465ee728b)
Start importing Packages/com.unity.collab-proxy/Editor/PlasticSCM/Assets/Images/ok.png using Guid(3238dca1e9ea9fb4aa64b28298ba6dbd) Importer(815301076,1909f56bfc062723c751e8b465ee728b)  -> (artifact id: '294e36c2d993bad38c29146435a46c6a') in 0.020831 seconds 
  Import took 0.022432 seconds .

========================================================================
Received Import Request.
  Time since last request: 0.000214 seconds.
  path: Packages/com.unity.collab-proxy/Editor/PlasticSCM/Assets/Images/iconfschanged.png
  artifactKey: Guid(42d45b97073618b42bfcfc22740c4bc7) Importer(815301076,1909f56bfc062723c751e8b465ee728b)
Start importing Packages/com.unity.collab-proxy/Editor/PlasticSCM/Assets/Images/iconfschanged.png using Guid(42d45b97073618b42bfcfc22740c4bc7) Importer(815301076,1909f56bfc062723c751e8b465ee728b)  -> (artifact id: '66684fcfde96fb948c33cdea48bd7de9') in 0.020112 seconds 
  Import took 0.021928 seconds .

========================================================================
Received Import Request.
  Time since last request: 0.000260 seconds.
  path: Packages/com.unity.collab-proxy/Editor/PlasticSCM/Assets/Images/loading@2x.png
  artifactKey: Guid(5dbc069eb79bd4d43840847264d6d956) Importer(815301076,1909f56bfc062723c751e8b465ee728b)
Start importing Packages/com.unity.collab-proxy/Editor/PlasticSCM/Assets/Images/loading@2x.png using Guid(5dbc069eb79bd4d43840847264d6d956) Importer(815301076,1909f56bfc062723c751e8b465ee728b)  -> (artifact id: '39703f4b8d0088bdd104ef2570d67a56') in 0.020307 seconds 
  Import took 0.022076 seconds .

========================================================================
Received Import Request.
  Time since last request: 0.000212 seconds.
  path: Packages/com.unity.collab-proxy/Editor/PlasticSCM/Assets/Images/step2@2x.png
  artifactKey: Guid(0029170d14ce6c04c9f45c22cdae5559) Importer(815301076,1909f56bfc062723c751e8b465ee728b)
Start importing Packages/com.unity.collab-proxy/Editor/PlasticSCM/Assets/Images/step2@2x.png using Guid(0029170d14ce6c04c9f45c22cdae5559) Importer(815301076,1909f56bfc062723c751e8b465ee728b)  -> (artifact id: 'e3f953afdd832898423f966a304f2ce0') in 0.015884 seconds 
  Import took 0.017439 seconds .

========================================================================
Received Import Request.
  Time since last request: 0.000171 seconds.
  path: Packages/com.unity.collab-proxy/Editor/PlasticSCM/Assets/Images/stepok.png
  artifactKey: Guid(d4780dc1205c7c7478c970d8c61d24e8) Importer(815301076,1909f56bfc062723c751e8b465ee728b)
Start importing Packages/com.unity.collab-proxy/Editor/PlasticSCM/Assets/Images/stepok.png using Guid(d4780dc1205c7c7478c970d8c61d24e8) Importer(815301076,1909f56bfc062723c751e8b465ee728b)  -> (artifact id: '8422c6295837eea78254dc5ab7b11c95') in 0.019623 seconds 
  Import took 0.021273 seconds .

========================================================================
Received Import Request.
  Time since last request: 0.000198 seconds.
  path: Packages/com.unity.collab-proxy/Editor/PlasticSCM/Assets/Images/iconmergelink.png
  artifactKey: Guid(120bf54dff785a0429b068b814e9c12a) Importer(815301076,1909f56bfc062723c751e8b465ee728b)
Start importing Packages/com.unity.collab-proxy/Editor/PlasticSCM/Assets/Images/iconmergelink.png using Guid(120bf54dff785a0429b068b814e9c12a) Importer(815301076,1909f56bfc062723c751e8b465ee728b)  -> (artifact id: '6036d9563a45fe8f37c5c8926206fa8e') in 0.015140 seconds 
  Import took 0.016647 seconds .

========================================================================
Received Import Request.
  Time since last request: 0.000242 seconds.
  path: Packages/com.unity.collab-proxy/Editor/PlasticSCM/Assets/Images/iconmergecategory.png
  artifactKey: Guid(3aeafd5c84842b44e985f9cc2bd28e74) Importer(815301076,1909f56bfc062723c751e8b465ee728b)
Start importing Packages/com.unity.collab-proxy/Editor/PlasticSCM/Assets/Images/iconmergecategory.png using Guid(3aeafd5c84842b44e985f9cc2bd28e74) Importer(815301076,1909f56bfc062723c751e8b465ee728b)  -> (artifact id: '330be1cafc1072bbc6fa259a442512c8') in 0.024035 seconds 
  Import took 0.025688 seconds .

========================================================================
Received Import Request.
  Time since last request: 0.000193 seconds.
  path: Packages/com.unity.collab-proxy/Editor/PlasticSCM/Assets/Images/iconclosebutton.png
  artifactKey: Guid(13527793884104b46b7446fd7464c3ed) Importer(815301076,1909f56bfc062723c751e8b465ee728b)
Start importing Packages/com.unity.collab-proxy/Editor/PlasticSCM/Assets/Images/iconclosebutton.png using Guid(13527793884104b46b7446fd7464c3ed) Importer(815301076,1909f56bfc062723c751e8b465ee728b)  -> (artifact id: '55fb23b284451ef5c737b54ba10bac9f') in 0.019875 seconds 
  Import took 0.021424 seconds .

========================================================================
Received Import Request.
  Time since last request: 0.000211 seconds.
  path: Packages/com.unity.collab-proxy/Editor/PlasticSCM/Assets/Images/icondeleted.png
  artifactKey: Guid(77a39e873655d3c4b93d0b7696397b83) Importer(815301076,1909f56bfc062723c751e8b465ee728b)
Start importing Packages/com.unity.collab-proxy/Editor/PlasticSCM/Assets/Images/icondeleted.png using Guid(77a39e873655d3c4b93d0b7696397b83) Importer(815301076,1909f56bfc062723c751e8b465ee728b)  -> (artifact id: '829136a0d745ac001e96b164902c7e1a') in 0.017674 seconds 
  Import took 0.019284 seconds .

========================================================================
Received Import Request.
  Time since last request: 0.000199 seconds.
  path: Packages/com.unity.collab-proxy/Editor/PlasticSCM/Assets/Images/d_stevejobsbuhoshe.png
  artifactKey: Guid(56e456ab0f7f79a4dbabcc9079c49a94) Importer(815301076,1909f56bfc062723c751e8b465ee728b)
Start importing Packages/com.unity.collab-proxy/Editor/PlasticSCM/Assets/Images/d_stevejobsbuhoshe.png using Guid(56e456ab0f7f79a4dbabcc9079c49a94) Importer(815301076,1909f56bfc062723c751e8b465ee728b)  -> (artifact id: '39224dc8fd77c89bdbd287008066a334') in 0.023508 seconds 
  Import took 0.025052 seconds .

========================================================================
Received Import Request.
  Time since last request: 0.000218 seconds.
  path: Packages/com.unity.collab-proxy/Editor/PlasticSCM/Assets/Images/iconplasticview.png
  artifactKey: Guid(dcb2ee37925b97e438ae244996d81a55) Importer(815301076,1909f56bfc062723c751e8b465ee728b)
Start importing Packages/com.unity.collab-proxy/Editor/PlasticSCM/Assets/Images/iconplasticview.png using Guid(dcb2ee37925b97e438ae244996d81a55) Importer(815301076,1909f56bfc062723c751e8b465ee728b)  -> (artifact id: 'b3aa0f2fd7cf6d445632e69f35a977d7') in 0.018439 seconds 
  Import took 0.020037 seconds .

========================================================================
Received Import Request.
  Time since last request: 0.000282 seconds.
  path: Packages/com.unity.collab-proxy/Editor/PlasticSCM/Assets/Images/step1.png
  artifactKey: Guid(9ce84ff0fdeb13d4a83f077d075dd9a5) Importer(815301076,1909f56bfc062723c751e8b465ee728b)
Start importing Packages/com.unity.collab-proxy/Editor/PlasticSCM/Assets/Images/step1.png using Guid(9ce84ff0fdeb13d4a83f077d075dd9a5) Importer(815301076,1909f56bfc062723c751e8b465ee728b)  -> (artifact id: '346d67da65fa51b57167e92bcf02f248') in 0.017633 seconds 
  Import took 0.019200 seconds .

========================================================================
Received Import Request.
  Time since last request: 0.000202 seconds.
  path: Packages/com.unity.collab-proxy/Editor/PlasticSCM/Assets/Images/step1@2x.png
  artifactKey: Guid(affeade9874cf2347abb155e8d0db4d8) Importer(815301076,1909f56bfc062723c751e8b465ee728b)
Start importing Packages/com.unity.collab-proxy/Editor/PlasticSCM/Assets/Images/step1@2x.png using Guid(affeade9874cf2347abb155e8d0db4d8) Importer(815301076,1909f56bfc062723c751e8b465ee728b)  -> (artifact id: '96f3c587d53b40a1799c95182e36fe0d') in 0.014057 seconds 
  Import took 0.015610 seconds .

========================================================================
Received Import Request.
  Time since last request: 0.000198 seconds.
  path: Packages/com.unity.collab-proxy/Editor/PlasticSCM/Assets/Images/iconchanged.png
  artifactKey: Guid(6719b9ff26333564181b5328d934035c) Importer(815301076,1909f56bfc062723c751e8b465ee728b)
Start importing Packages/com.unity.collab-proxy/Editor/PlasticSCM/Assets/Images/iconchanged.png using Guid(6719b9ff26333564181b5328d934035c) Importer(815301076,1909f56bfc062723c751e8b465ee728b)  -> (artifact id: '8ab1e8ec9cdb90d99616995b7e519584') in 0.015874 seconds 
  Import took 0.017778 seconds .

========================================================================
Received Import Request.
  Time since last request: 0.000186 seconds.
  path: Packages/com.unity.collab-proxy/Editor/PlasticSCM/Assets/Images/iconplasticview@2x.png
  artifactKey: Guid(97a4e2b6ae08b1140a5ba9e22953e029) Importer(815301076,1909f56bfc062723c751e8b465ee728b)
Start importing Packages/com.unity.collab-proxy/Editor/PlasticSCM/Assets/Images/iconplasticview@2x.png using Guid(97a4e2b6ae08b1140a5ba9e22953e029) Importer(815301076,1909f56bfc062723c751e8b465ee728b)  -> (artifact id: 'abc099b40475cbbb563733d34ad44049') in 0.021848 seconds 
  Import took 0.023394 seconds .

========================================================================
Received Import Request.
  Time since last request: 0.000221 seconds.
  path: Packages/com.unity.collab-proxy/Editor/PlasticSCM/Assets/Images/iconemptygravatar.png
  artifactKey: Guid(fc4618fe47c3a4a4395e0fa7a839921b) Importer(815301076,1909f56bfc062723c751e8b465ee728b)
Start importing Packages/com.unity.collab-proxy/Editor/PlasticSCM/Assets/Images/iconemptygravatar.png using Guid(fc4618fe47c3a4a4395e0fa7a839921b) Importer(815301076,1909f56bfc062723c751e8b465ee728b)  -> (artifact id: '0fc698c60ec81432a3201b7e69412b5f') in 0.014679 seconds 
  Import took 0.016202 seconds .

========================================================================
Received Import Request.
  Time since last request: 0.000216 seconds.
  path: Packages/com.unity.collab-proxy/Editor/PlasticSCM/Assets/Images/xlink.png
  artifactKey: Guid(556a2f3b046024d4c9621c1b4be5f0c1) Importer(815301076,1909f56bfc062723c751e8b465ee728b)
Start importing Packages/com.unity.collab-proxy/Editor/PlasticSCM/Assets/Images/xlink.png using Guid(556a2f3b046024d4c9621c1b4be5f0c1) Importer(815301076,1909f56bfc062723c751e8b465ee728b)  -> (artifact id: '572ad14153728b0f000c0450458b4dc6') in 0.013506 seconds 
  Import took 0.015202 seconds .

========================================================================
Received Import Request.
  Time since last request: 0.000269 seconds.
  path: Packages/com.unity.collab-proxy/Editor/PlasticSCM/Assets/Images/iconemptygravatar@2x.png
  artifactKey: Guid(a553409d46d2f0341a53411e40d9a9a2) Importer(815301076,1909f56bfc062723c751e8b465ee728b)
Start importing Packages/com.unity.collab-proxy/Editor/PlasticSCM/Assets/Images/iconemptygravatar@2x.png using Guid(a553409d46d2f0341a53411e40d9a9a2) Importer(815301076,1909f56bfc062723c751e8b465ee728b)  -> (artifact id: '584ccd99cbe7c5acefc2a569ab084e2f') in 0.015680 seconds 
  Import took 0.017263 seconds .

========================================================================
Received Import Request.
  Time since last request: 0.000216 seconds.
  path: Packages/com.unity.collab-proxy/Editor/PlasticSCM/Assets/Images/iconplastic.png
  artifactKey: Guid(3042b019b052942a1baf7aa49d7ca6bb) Importer(815301076,1909f56bfc062723c751e8b465ee728b)
Start importing Packages/com.unity.collab-proxy/Editor/PlasticSCM/Assets/Images/iconplastic.png using Guid(3042b019b052942a1baf7aa49d7ca6bb) Importer(815301076,1909f56bfc062723c751e8b465ee728b)  -> (artifact id: 'd551018d7a487e4127b2dd5d3ac298f0') in 0.018101 seconds 
  Import took 0.019621 seconds .

========================================================================
Received Import Request.
  Time since last request: 0.000226 seconds.
  path: Packages/com.unity.collab-proxy/Editor/PlasticSCM/Assets/Images/stepok@2x.png
  artifactKey: Guid(be340a165cb9c8d4cb50f1deeb51d4ea) Importer(815301076,1909f56bfc062723c751e8b465ee728b)
Start importing Packages/com.unity.collab-proxy/Editor/PlasticSCM/Assets/Images/stepok@2x.png using Guid(be340a165cb9c8d4cb50f1deeb51d4ea) Importer(815301076,1909f56bfc062723c751e8b465ee728b)  -> (artifact id: '3089547bbc2514c7d87eaaeaa6094c1b') in 0.020234 seconds 
  Import took 0.021819 seconds .

========================================================================
Received Import Request.
  Time since last request: 0.285566 seconds.
  path: Packages/com.unity.collab-proxy/Editor/PlasticSCM/Assets/Images/buttonssosigninemail.png
  artifactKey: Guid(d24e7e0b75e1a244bb9687d6fd4315ef) Importer(815301076,1909f56bfc062723c751e8b465ee728b)
Start importing Packages/com.unity.collab-proxy/Editor/PlasticSCM/Assets/Images/buttonssosigninemail.png using Guid(d24e7e0b75e1a244bb9687d6fd4315ef) Importer(815301076,1909f56bfc062723c751e8b465ee728b)  -> (artifact id: '057b6a1037451dbd6e24b9053ecbbb1d') in 0.025411 seconds 
  Import took 0.027151 seconds .

========================================================================
Received Import Request.
  Time since last request: 0.000854 seconds.
  path: Packages/com.unity.collab-proxy/Editor/PlasticSCM/Assets/Images/buttonssosigninemail.png
  artifactKey: Guid(d24e7e0b75e1a244bb9687d6fd4315ef) Importer(815301076,1909f56bfc062723c751e8b465ee728b)
Start importing Packages/com.unity.collab-proxy/Editor/PlasticSCM/Assets/Images/buttonssosigninemail.png using Guid(d24e7e0b75e1a244bb9687d6fd4315ef) Importer(815301076,1909f56bfc062723c751e8b465ee728b)  -> (artifact id: '057b6a1037451dbd6e24b9053ecbbb1d') in 0.009235 seconds 
  Import took 0.010796 seconds .

========================================================================
Received Import Request.
  Time since last request: 64.893854 seconds.
  path: Assets/Models/Images/1wi96bc660s21.jpg
  artifactKey: Guid(4e5120f97ab86244f934faecb85e33fe) Importer(815301076,1909f56bfc062723c751e8b465ee728b)
Start importing Assets/Models/Images/1wi96bc660s21.jpg using Guid(4e5120f97ab86244f934faecb85e33fe) Importer(815301076,1909f56bfc062723c751e8b465ee728b)  -> (artifact id: '7bc4e8673d596aecf0809b309de4b962') in 0.027575 seconds 
  Import took 0.029570 seconds .

========================================================================
Received Import Request.
  Time since last request: 11.356506 seconds.
  path: Assets/Models/Images/1wi96bc660s21.jpg
  artifactKey: Guid(4e5120f97ab86244f934faecb85e33fe) Importer(815301076,1909f56bfc062723c751e8b465ee728b)
Start importing Assets/Models/Images/1wi96bc660s21.jpg using Guid(4e5120f97ab86244f934faecb85e33fe) Importer(815301076,1909f56bfc062723c751e8b465ee728b)  -> (artifact id: '051bb609cd3743703130aa58653efa66') in 0.028755 seconds 
  Import took 0.030465 seconds .

========================================================================
Received Import Request.
  Time since last request: 25.839388 seconds.
  path: Assets/Models/Images/CoverArt2.jpg
  artifactKey: Guid(4e5120f97ab86244f934faecb85e33fe) Importer(815301076,1909f56bfc062723c751e8b465ee728b)
Start importing Assets/Models/Images/CoverArt2.jpg using Guid(4e5120f97ab86244f934faecb85e33fe) Importer(815301076,1909f56bfc062723c751e8b465ee728b)  -> (artifact id: '17debafa3f0868687b09b2952ca39bdb') in 0.032168 seconds 
  Import took 0.033914 seconds .

========================================================================
Received Import Request.
  Time since last request: 6.037017 seconds.
  path: Assets/Models/Images/CoverArt.jpg
  artifactKey: Guid(4e5120f97ab86244f934faecb85e33fe) Importer(815301076,1909f56bfc062723c751e8b465ee728b)
Start importing Assets/Models/Images/CoverArt.jpg using Guid(4e5120f97ab86244f934faecb85e33fe) Importer(815301076,1909f56bfc062723c751e8b465ee728b)  -> (artifact id: 'efee430bcd8406db5429ca469edf931e') in 0.017085 seconds 
  Import took 0.018734 seconds .

========================================================================
Received Prepare
Registering precompiled user dll's ...
Registered in 0.002801 seconds.
Begin MonoManager ReloadAssembly
Native extension for WindowsStandalone target not found
Refreshing native plugins compatible for Editor in 0.32 ms, found 2 plugins.
Preloading 0 native plugins for Editor in 0.00 ms.
Mono: successfully reloaded assembly
- Completed reload, in  0.818 seconds
Platform modules already initialized, skipping
Refreshing native plugins compatible for Editor in 0.58 ms, found 2 plugins.
Preloading 0 native plugins for Editor in 0.00 ms.
Unloading 1412 Unused Serialized files (Serialized files now loaded: 0)
System memory in use before: 70.7 MB.
System memory in use after: 70.1 MB.

Unloading 27 unused Assets to reduce memory usage. Loaded Objects now: 1919.
Total: 3.580500 ms (FindLiveObjects: 0.243200 ms CreateObjectMapping: 0.069400 ms MarkObjects: 2.632300 ms  DeleteObjects: 0.633500 ms)

AssetImportParameters requested are different than current active one (requested -> active):
  custom:framework-win-MediaFoundation: 216162199b28c13a410421893ffa2e32 -> 
  custom:video-decoder-ogg-theora: a1e56fd34408186e4bbccfd4996cb3dc -> 
  custom:container-muxer-webm: aa71ff27fc2769a1b78a27578f13a17b -> 
  custom:container-demuxer-webm: 4f35f7cbe854078d1ac9338744f61a02 -> 
  custom:container-demuxer-ogg: 62fdf1f143b41e24485cea50d1cbac27 -> 
  custom:video-encoder-webm-vp8: eb34c28f22e8b96e1ab97ce403110664 -> 
  custom:video-codec-MediaFoundation-h265: 746d11721c4dcdbdad8f713fa42b33f4 -> 
  custom:video-decoder-webm-vp8: 9c59270c3fd7afecdb556c50c9e8de78 -> 
  custom:audio-decoder-ogg-vorbis: bf7c407c2cedff20999df2af8eb42d56 -> 
  custom:audio-encoder-webm-vorbis: bf7c407c2cedff20999df2af8eb42d56 -> 
========================================================================
Received Prepare
Registering precompiled user dll's ...
Registered in 0.002585 seconds.
Begin MonoManager ReloadAssembly
Native extension for WindowsStandalone target not found
Refreshing native plugins compatible for Editor in 0.23 ms, found 2 plugins.
Preloading 0 native plugins for Editor in 0.00 ms.
Mono: successfully reloaded assembly
- Completed reload, in  0.561 seconds
Platform modules already initialized, skipping
Refreshing native plugins compatible for Editor in 0.20 ms, found 2 plugins.
Preloading 0 native plugins for Editor in 0.00 ms.
Unloading 1412 Unused Serialized files (Serialized files now loaded: 0)
System memory in use before: 70.7 MB.
System memory in use after: 70.1 MB.

Unloading 27 unused Assets to reduce memory usage. Loaded Objects now: 1922.
Total: 1.539100 ms (FindLiveObjects: 0.080700 ms CreateObjectMapping: 0.023300 ms MarkObjects: 1.215100 ms  DeleteObjects: 0.218900 ms)

AssetImportParameters requested are different than current active one (requested -> active):
  custom:framework-win-MediaFoundation: 216162199b28c13a410421893ffa2e32 -> 
  custom:video-decoder-ogg-theora: a1e56fd34408186e4bbccfd4996cb3dc -> 
  custom:container-muxer-webm: aa71ff27fc2769a1b78a27578f13a17b -> 
  custom:container-demuxer-webm: 4f35f7cbe854078d1ac9338744f61a02 -> 
  custom:container-demuxer-ogg: 62fdf1f143b41e24485cea50d1cbac27 -> 
  custom:video-encoder-webm-vp8: eb34c28f22e8b96e1ab97ce403110664 -> 
  custom:video-codec-MediaFoundation-h265: 746d11721c4dcdbdad8f713fa42b33f4 -> 
  custom:video-decoder-webm-vp8: 9c59270c3fd7afecdb556c50c9e8de78 -> 
  custom:audio-decoder-ogg-vorbis: bf7c407c2cedff20999df2af8eb42d56 -> 
  custom:audio-encoder-webm-vorbis: bf7c407c2cedff20999df2af8eb42d56 -> 
========================================================================
Received Import Request.
  Time since last request: 516.649754 seconds.
  path: Assets/Scenes/Menu.unity
  artifactKey: Guid(3047bbab24460104d9fa8c3145c4d8ea) Importer(815301076,1909f56bfc062723c751e8b465ee728b)
Start importing Assets/Scenes/Menu.unity using Guid(3047bbab24460104d9fa8c3145c4d8ea) Importer(815301076,1909f56bfc062723c751e8b465ee728b)  -> (artifact id: '824a2dd43279bc67f7a09c519a931591') in 0.028468 seconds 
  Import took 0.030870 seconds .

