VBCSCompilerPreWarmer: pre-warm launched (dotnet PID 18520)
VBCSCompiler prewarm took 14.03 ms
[Licensing::Module] Trying to connect to existing licensing client channel...
Built from '6000.6/respin/6000.6.0f1-fa21a270ab12' branch; Version is '6000.6.0f1 (f7f8ed4d1e24) revision 16251117'; Using compiler version '194234433'; Build Type 'Release'
OS: 'Windows 11  (10.0.26200) Core' Language: 'en' Physical Memory: 32389 MB
BatchMode: 0, IsHumanControllingUs: 1, StartBugReporterOnCrash: 1, Is64bit: 1
System  architecture: x64
Process architecture: x64
Date: 2026-09-19T15:07:48Z
[Licensing::IpcConnector] Successfully connected to: "LicenseClient-laiet" at "2026-09-19T15:07:48.5061758Z"
[Licensing::Client] Code 10 while verifying Licensing Client signature (process Id: 21856, path: "C:/Program Files/Unity Hub/UnityLicensingClient_V1/Unity.Licensing.Client.exe")
[Licensing::Module] LicensingClient has failed validation; ignoring
[Licensing::Client] Error: HandshakeResponse reported an error:
	ResponseCode: 505
	ResponseStatus: Unsupported protocol version '1.18.3'.
[Licensing::Module] Error: Failed to handshake to channel: "LicenseClient-laiet"
[Licensing::IpcConnector] LicenseClient-laiet channel disconnected successfully.
[Licensing::IpcConnector] Channel LicenseClient-laiet-6000.6.0 doesn't exist
[Licensing::Module] Successfully launched the LicensingClient (PId: 33912)

COMMAND LINE ARGUMENTS:
C:\Program Files\Unity\Hub\Editor\6000.6.0f1\Editor\Unity.exe
-projectPath
C:\Users\laiet\Desktop\Projects\bus-driver\BusDriver
Successfully changed project path to: C:\Users\laiet\Desktop\Projects\bus-driver\BusDriver
C:/Users/laiet/Desktop/Projects/bus-driver/BusDriver
[UnityMemory] Configuration Parameters - Can be set up in boot.config
    "memorysetup-temp-allocator-size-gi-baking-worker=262144"
    "memorysetup-temp-allocator-size-gi-baking-worker=262144"
    "memorysetup-temp-allocator-size-gi-baking-worker=262144"
    "memorysetup-temp-allocator-size-gi-baking-worker=262144"
    "memorysetup-temp-allocator-size-gi-baking-worker=262144"
    "memorysetup-temp-allocator-size-nav-mesh-worker=65536"
    "memorysetup-temp-allocator-size-audio-worker=65536"
    "memorysetup-temp-allocator-size-cloud-worker=32768"
    "memorysetup-temp-allocator-size-gfx=262144"
    "memorysetup-remapper-allocator-initial-capacity=32768"
    "memorysetup-temp-allocator-size-preload-manager=33554432"
    "memorysetup-allocator-temp-initial-block-size-main=262144"
    "memorysetup-allocator-temp-initial-block-size-worker=262144"
    "memorysetup-temp-allocator-size-job-worker=262144"
    "memorysetup-temp-allocator-size-background-worker=32768"
    "memorysetup-bucket-allocator-granularity=16"
    "memorysetup-bucket-allocator-bucket-count=8"
    "memorysetup-bucket-allocator-block-size=33554432"
    "memorysetup-bucket-allocator-block-count=8"
    "memorysetup-main-allocator-block-size=16777216"
    "memorysetup-thread-allocator-block-size=16777216"
    "memorysetup-main-allocator-mimalloc-enabled=1"
    "memorysetup-gfx-main-allocator-block-size=16777216"
    "memorysetup-gfx-thread-allocator-block-size=16777216"
    "memorysetup-cache-allocator-block-size=4194304"
    "memorysetup-typetree-allocator-block-size=2097152"
    "memorysetup-profiler-bucket-allocator-granularity=16"
    "memorysetup-profiler-bucket-allocator-bucket-count=8"
    "memorysetup-profiler-bucket-allocator-block-size=33554432"
    "memorysetup-profiler-bucket-allocator-block-count=8"
    "memorysetup-profiler-allocator-block-size=16777216"
    "memorysetup-profiler-editor-allocator-block-size=1048576"
    "memorysetup-temp-allocator-size-main=16777216"
    "memorysetup-job-temp-allocator-block-size=2097152"
    "memorysetup-job-temp-allocator-block-size-background=1048576"
    "memorysetup-job-temp-allocator-reduction-small-platforms=262144"
Player connection [32276]  Target information:

Player connection [32276]  * "[IP] 10.24.32.72 [Port] 55504 [Flags] 2 [Guid] 1535472448 [EditorId] 1535472448 [Version] 1048832 [Id] WindowsEditor(7,EthanLai_Laptop) [Debug] 1 [PackageName] WindowsEditor [ProjectName] Editor" 

Player connection [32276] Host joined multi-casting on [225.0.0.222:54997]...
Player connection [32276] Host joined alternative multi-casting on [225.0.0.222:34997]...
Input System module state changed to: Initialized.
[Physics::Module] Initialized fallback backend.
[Physics::Module] Id: 0xdecafbad
[Licensing::IpcConnector] Successfully connected to: "LicenseClient-laiet-6000.6.0" at "2026-09-19T15:07:49.1498047Z"
[Licensing::Client] Code 10 while verifying Licensing Client signature (process Id: 33912, path: "C:/Program Files/Unity/Hub/Editor/6000.6.0f1/Editor/Data/Resources/Licensing/Client/Unity.Licensing.Client.exe")
[Licensing::Module] LicensingClient has failed validation; ignoring
[Package Manager] Connected to IPC stream "Upm-13432" after 0.5 seconds.
[Licensing::Module] Licensing is not yet initialized.
[Licensing::Client] Handshaking with LicensingClient:
  Version:                 1.18.3+d7ffd15
  Session Id:              6014aefbd9454a02885159676df66794
  Correlation Id:          fb2ee6f14907a2b5c5f65a6a70918669
  External correlation Id: 5305646513527825033
  Machine Id:              HCb8288S53yk6J8ODf7DAeTIerY=
[Licensing::Module] Successfully connected to LicensingClient on channel: "LicenseClient-laiet-6000.6.0" (connect: 0.56s, validation: 0.33s, handshake: 0.01s)
[Licensing::IpcConnector] Successfully connected to: "LicenseClient-laiet-6000.6.0-notifications" at "2026-09-19T15:07:49.491589Z"
[Licensing::Module] Connected to LicensingClient (PId: 33912, launch time: 0.01, total connection time: 0.91s)
[Licensing::Module] Error: Access token is unavailable; failed to update
[Licensing::Client] Successfully resolved entitlement details
[Licensing::Module] License group:
  Id: F4-3WKU-2EDZ-P6WP-CPPR-XXXX
  Product: Unity Personal
  Type: ULF
  Expiration: Unlimited
[Licensing::Client] Successfully updated license, isAsync: True, time: 0.02
[Licensing::Client] Successfully resolved entitlement details
[Licensing::Module] Licensing Background thread has ended after 1.06s
[Licensing::Module] Licensing is initialized (took 0.21s).
[Licensing::Client] Successfully resolved entitlement details
Library Redirect Path: Library/
Launching Unity Data Store - C:/Program Files/Unity/Hub/Editor/6000.6.0f1/Editor/Data/Tools/Unity.DataStore.exe 
Unity Data Store artifact dir = Library/DataStore, working dir = C:/Users/laiet/Desktop/Projects/bus-driver/BusDriver[Physics::Module] Selected backend.
[Physics::Module] Name: PhysX
[Physics::Module] Id: 0xf2b8ea05
[Physics::Module] SDK Version: 4.1.2
[Physics::Module] Integration Version: 1.0.0
[Physics::Module] Threading Mode: Multi-Threaded
Unity Data Store running and initialised
Initialize engine version: 6000.6.0f1 (f7f8ed4d1e24)
[EntityIdStore] init: VM path (explicit commit), pageSize=4096, blockCount=1048576, entitiesPerBlock=256, slots reserved=4294967296 bytes
[Subsystems] Discovering subsystems at path C:/Program Files/Unity/Hub/Editor/6000.6.0f1/Editor/Data/Resources/UnitySubsystems
[Subsystems] Discovering subsystems at path C:/Users/laiet/Desktop/Projects/bus-driver/BusDriver/Assets
GfxDevice: creating device client; kGfxThreadingModeThreaded
Direct3D:
    Version:  Direct3D 11.0 [level 11.1]
    Renderer: NVIDIA GeForce RTX 4070 Laptop GPU (ID=0x2820)
    Vendor:   NVIDIA
    VRAM:     7948 MB
    Driver:   32.0.15.6607
Initialize mono
Mono path[0] = 'C:/Program Files/Unity/Hub/Editor/6000.6.0f1/Editor/Data/Managed'
Mono path[1] = 'C:/Program Files/Unity/Hub/Editor/6000.6.0f1/Editor/Data/BCLExtensions/runtime/netstandard2.1'
Mono path[2] = 'C:/Program Files/Unity/Hub/Editor/6000.6.0f1/Editor/Data/MonoBleedingEdge/lib/mono/unityjit-win32'
Mono config path = 'C:/Program Files/Unity/Hub/Editor/6000.6.0f1/Editor/Data/MonoBleedingEdge/etc'
Using monoOptions --debugger-agent=transport=dt_socket,embedding=1,server=y,suspend=n,address=127.0.0.1:56432
CodeReloadManager initialized
ImportWorker Server TCP listen port: 0
AcceleratorClientConnectionCallback - disconnected - :0
Begin MonoManager ReloadAssembly
Registering precompiled unity dll's ...
Register platform support module: C:/Program Files/Unity/Hub/Editor/6000.6.0f1/Editor/Data/PlaybackEngines/WindowsStandaloneSupport/UnityEditor.WindowsStandalone.Extensions.dll
Registered in 0.004541 seconds.
Native extension for WindowsStandalone target not found
Package Manager log level set to [2]
ScheduleIndexationOnStartup MainProcess:False IndexOnStartup:True
Scripting: successfully reloaded assembly
- Finished resetting the current domain, in  1.483 seconds
Domain Reload Profiling: 2546ms
	BeginReloadAssembly (245ms)
		CreateAndSetChildDomain (34ms)
	RebuildCommonClasses (9ms)
	RebuildNativeTypeToScriptingClass (38ms)
	initialDomainReloadingComplete (143ms)
	LoadAllAssembliesAndSetupDomain (625ms)
		LoadAssemblies (206ms)
		TypeCache.Refresh (439ms)
			TypeCache.ScanAssembly (417ms)
		AnalyzeDomain (1ms)
	FinalizeReload (1486ms)
		SetupLoadedEditorAssemblies (0ms)
			LogAssemblyErrors (3ms)
			InitializePlatformSupportModulesInManaged (4ms)
			BeforeProcessingInitializeOnLoad (217ms)
			ProcessInitializeOnLoadAttributes (251ms)
			ProcessInitializeOnLoadMethodAttributes (573ms)
[Licensing::Client] Successfully resolved entitlement details
Application.AssetDatabase Initial Refresh Start
[Package Manager] Restoring resolved packages state from cache
[Licensing::Client] Successfully resolved entitlement details
[Package Manager] Registered 59 packages:
  Packages from [https://packages.unity.com]:
    com.unity.ai.navigation@2.0.14 (location: C:\Users\laiet\Desktop\Projects\bus-driver\BusDriver\Library\PackageCache\com.unity.ai.navigation@134dd6a3b97b)
    com.unity.collab-proxy@2.13.6 (location: C:\Users\laiet\Desktop\Projects\bus-driver\BusDriver\Library\PackageCache\com.unity.collab-proxy@4628d2ba6ea4)
    com.unity.ide.rider@3.0.38 (location: C:\Users\laiet\Desktop\Projects\bus-driver\BusDriver\Library\PackageCache\com.unity.ide.rider@1f60b3138684)
    com.unity.ide.visualstudio@2.0.26 (location: C:\Users\laiet\Desktop\Projects\bus-driver\BusDriver\Library\PackageCache\com.unity.ide.visualstudio@a99d56dec63f)
    com.unity.inputsystem@1.20.0 (location: C:\Users\laiet\Desktop\Projects\bus-driver\BusDriver\Library\PackageCache\com.unity.inputsystem@7a4e1a2a8194)
    com.unity.visualscripting@1.9.12 (location: C:\Users\laiet\Desktop\Projects\bus-driver\BusDriver\Library\PackageCache\com.unity.visualscripting@4edfcc09512f)
    com.unity.searcher@4.9.5 (location: C:\Users\laiet\Desktop\Projects\bus-driver\BusDriver\Library\PackageCache\com.unity.searcher@a463122f2c00)
    com.unity.profiling.core@1.0.3 (location: C:\Users\laiet\Desktop\Projects\bus-driver\BusDriver\Library\PackageCache\com.unity.profiling.core@8a49f7027d06)
    com.unity.nuget.mono-cecil@1.11.6 (location: C:\Users\laiet\Desktop\Projects\bus-driver\BusDriver\Library\PackageCache\com.unity.nuget.mono-cecil@ecb9724e46ff)
  Built-in packages:
    com.unity.render-pipelines.universal@17.6.0 (location: C:\Users\laiet\Desktop\Projects\bus-driver\BusDriver\Library\PackageCache\com.unity.render-pipelines.universal@8457e85b8184)
    com.unity.test-framework@1.8.0 (location: C:\Users\laiet\Desktop\Projects\bus-driver\BusDriver\Library\PackageCache\com.unity.test-framework@7a3849e09bd0)
    com.unity.timeline@6.6.0 (location: C:\Users\laiet\Desktop\Projects\bus-driver\BusDriver\Library\PackageCache\com.unity.timeline@281d5f7e7d7d)
    com.unity.ugui@2.6.0 (location: C:\Users\laiet\Desktop\Projects\bus-driver\BusDriver\Library\PackageCache\com.unity.ugui@23caec89ae27)
    com.unity.modules.accessibility@1.0.0 (location: C:\Users\laiet\Desktop\Projects\bus-driver\BusDriver\Library\PackageCache\com.unity.modules.accessibility)
    com.unity.modules.adaptiveperformance@1.0.0 (location: C:\Users\laiet\Desktop\Projects\bus-driver\BusDriver\Library\PackageCache\com.unity.modules.adaptiveperformance)
    com.unity.modules.ai@1.0.0 (location: C:\Users\laiet\Desktop\Projects\bus-driver\BusDriver\Library\PackageCache\com.unity.modules.ai)
    com.unity.modules.androidjni@1.0.0 (location: C:\Users\laiet\Desktop\Projects\bus-driver\BusDriver\Library\PackageCache\com.unity.modules.androidjni)
    com.unity.modules.animation@1.0.0 (location: C:\Users\laiet\Desktop\Projects\bus-driver\BusDriver\Library\PackageCache\com.unity.modules.animation)
    com.unity.modules.assetbundle@1.0.0 (location: C:\Users\laiet\Desktop\Projects\bus-driver\BusDriver\Library\PackageCache\com.unity.modules.assetbundle)
    com.unity.modules.audio@1.0.0 (location: C:\Users\laiet\Desktop\Projects\bus-driver\BusDriver\Library\PackageCache\com.unity.modules.audio)
    com.unity.modules.cloth@1.0.0 (location: C:\Users\laiet\Desktop\Projects\bus-driver\BusDriver\Library\PackageCache\com.unity.modules.cloth)
    com.unity.modules.director@1.0.0 (location: C:\Users\laiet\Desktop\Projects\bus-driver\BusDriver\Library\PackageCache\com.unity.modules.director)
    com.unity.modules.imageconversion@1.0.0 (location: C:\Users\laiet\Desktop\Projects\bus-driver\BusDriver\Library\PackageCache\com.unity.modules.imageconversion)
    com.unity.modules.imgui@1.0.0 (location: C:\Users\laiet\Desktop\Projects\bus-driver\BusDriver\Library\PackageCache\com.unity.modules.imgui)
    com.unity.modules.jsonserialize@1.0.0 (location: C:\Users\laiet\Desktop\Projects\bus-driver\BusDriver\Library\PackageCache\com.unity.modules.jsonserialize)
    com.unity.modules.particlesystem@1.0.0 (location: C:\Users\laiet\Desktop\Projects\bus-driver\BusDriver\Library\PackageCache\com.unity.modules.particlesystem)
    com.unity.modules.physics@1.0.0 (location: C:\Users\laiet\Desktop\Projects\bus-driver\BusDriver\Library\PackageCache\com.unity.modules.physics)
    com.unity.modules.physics2d@1.0.0 (location: C:\Users\laiet\Desktop\Projects\bus-driver\BusDriver\Library\PackageCache\com.unity.modules.physics2d)
    com.unity.modules.physicscore2d@1.0.0 (location: C:\Users\laiet\Desktop\Projects\bus-driver\BusDriver\Library\PackageCache\com.unity.modules.physicscore2d)
    com.unity.modules.screencapture@1.0.0 (location: C:\Users\laiet\Desktop\Projects\bus-driver\BusDriver\Library\PackageCache\com.unity.modules.screencapture)
    com.unity.modules.terrain@1.0.0 (location: C:\Users\laiet\Desktop\Projects\bus-driver\BusDriver\Library\PackageCache\com.unity.modules.terrain)
    com.unity.modules.terrainphysics@1.0.0 (location: C:\Users\laiet\Desktop\Projects\bus-driver\BusDriver\Library\PackageCache\com.unity.modules.terrainphysics)
    com.unity.modules.tetgen@1.0.0 (location: C:\Users\laiet\Desktop\Projects\bus-driver\BusDriver\Library\PackageCache\com.unity.modules.tetgen)
    com.unity.modules.tilemap@1.0.0 (location: C:\Users\laiet\Desktop\Projects\bus-driver\BusDriver\Library\PackageCache\com.unity.modules.tilemap)
    com.unity.modules.timelinefoundation@1.0.0 (location: C:\Users\laiet\Desktop\Projects\bus-driver\BusDriver\Library\PackageCache\com.unity.modules.timelinefoundation)
    com.unity.modules.ui@1.0.0 (location: C:\Users\laiet\Desktop\Projects\bus-driver\BusDriver\Library\PackageCache\com.unity.modules.ui)
    com.unity.modules.uielements@1.0.0 (location: C:\Users\laiet\Desktop\Projects\bus-driver\BusDriver\Library\PackageCache\com.unity.modules.uielements)
    com.unity.modules.umbra@1.0.0 (location: C:\Users\laiet\Desktop\Projects\bus-driver\BusDriver\Library\PackageCache\com.unity.modules.umbra)
    com.unity.modules.unityanalytics@1.0.0 (location: C:\Users\laiet\Desktop\Projects\bus-driver\BusDriver\Library\PackageCache\com.unity.modules.unityanalytics)
    com.unity.modules.unitywebrequest@1.0.0 (location: C:\Users\laiet\Desktop\Projects\bus-driver\BusDriver\Library\PackageCache\com.unity.modules.unitywebrequest)
    com.unity.modules.unitywebrequestassetbundle@1.0.0 (location: C:\Users\laiet\Desktop\Projects\bus-driver\BusDriver\Library\PackageCache\com.unity.modules.unitywebrequestassetbundle)
    com.unity.modules.unitywebrequestaudio@1.0.0 (location: C:\Users\laiet\Desktop\Projects\bus-driver\BusDriver\Library\PackageCache\com.unity.modules.unitywebrequestaudio)
    com.unity.modules.unitywebrequesttexture@1.0.0 (location: C:\Users\laiet\Desktop\Projects\bus-driver\BusDriver\Library\PackageCache\com.unity.modules.unitywebrequesttexture)
    com.unity.modules.unitywebrequestwww@1.0.0 (location: C:\Users\laiet\Desktop\Projects\bus-driver\BusDriver\Library\PackageCache\com.unity.modules.unitywebrequestwww)
    com.unity.modules.vectorgraphics@1.0.0 (location: C:\Users\laiet\Desktop\Projects\bus-driver\BusDriver\Library\PackageCache\com.unity.modules.vectorgraphics)
    com.unity.modules.vehicles@1.0.0 (location: C:\Users\laiet\Desktop\Projects\bus-driver\BusDriver\Library\PackageCache\com.unity.modules.vehicles)
    com.unity.modules.video@1.0.0 (location: C:\Users\laiet\Desktop\Projects\bus-driver\BusDriver\Library\PackageCache\com.unity.modules.video)
    com.unity.modules.wind@1.0.0 (location: C:\Users\laiet\Desktop\Projects\bus-driver\BusDriver\Library\PackageCache\com.unity.modules.wind)
    com.unity.modules.xr@1.0.0 (location: C:\Users\laiet\Desktop\Projects\bus-driver\BusDriver\Library\PackageCache\com.unity.modules.xr)
    com.unity.modules.subsystems@1.0.0 (location: C:\Users\laiet\Desktop\Projects\bus-driver\BusDriver\Library\PackageCache\com.unity.modules.subsystems)
    com.unity.modules.hierarchycore@1.0.0 (location: C:\Users\laiet\Desktop\Projects\bus-driver\BusDriver\Library\PackageCache\com.unity.modules.hierarchycore)
    com.unity.ext.nunit@2.1.0 (location: C:\Users\laiet\Desktop\Projects\bus-driver\BusDriver\Library\PackageCache\com.unity.ext.nunit@0198eae3b53e)
    com.unity.render-pipelines.core@17.6.0 (location: C:\Users\laiet\Desktop\Projects\bus-driver\BusDriver\Library\PackageCache\com.unity.render-pipelines.core@2d66c71e606e)
    com.unity.shadergraph@17.6.0 (location: C:\Users\laiet\Desktop\Projects\bus-driver\BusDriver\Library\PackageCache\com.unity.shadergraph@ef6135652377)
    com.unity.render-pipelines.universal-config@17.6.0 (location: C:\Users\laiet\Desktop\Projects\bus-driver\BusDriver\Library\PackageCache\com.unity.render-pipelines.universal-config@561422b74439)
    com.unity.graph-authoring@1.0.0 (location: C:\Users\laiet\Desktop\Projects\bus-driver\BusDriver\Library\PackageCache\com.unity.graph-authoring@cfd2588851ee)
    com.unity.burst@2.0.0 (location: C:\Users\laiet\Desktop\Projects\bus-driver\BusDriver\Library\PackageCache\com.unity.burst@626e66ab421b)
    com.unity.collections@6.6.0 (location: C:\Users\laiet\Desktop\Projects\bus-driver\BusDriver\Library\PackageCache\com.unity.collections@10fff0607388)
    com.unity.test-framework.performance@6.6.0 (location: C:\Users\laiet\Desktop\Projects\bus-driver\BusDriver\Library\PackageCache\com.unity.test-framework.performance@0a60b857a52e)
[Subsystems] No new subsystems found in resolved package list.
[Package Manager] Done registering packages in 0.05 seconds
Starting: C:\Program Files\Unity\Hub\Editor\6000.6.0f1\Editor\Data\Tools\BuildPipeline\bee_backend.exe --ipc --defer-dag-verification --dagfile="Library/Bee/1900b0aE.dag" --continue-on-failure --profile="Library/Bee/backend1.traceevents" ScriptAssemblies
WorkingDir: C:/Users/laiet/Desktop/Projects/bus-driver/BusDriver
ExitCode: 0 Duration: 0s921ms
[671/969    0s] CopyFiles Library/ScriptAssemblies/Unity.Rider.Editor.pdb
[716/969    0s] CopyFiles Library/ScriptAssemblies/Unity.VisualStudio.Editor.pdb
[718/969    0s] CopyFiles Library/ScriptAssemblies/Unity.Collections.CodeGen.pdb
[720/969    0s] CopyFiles Library/ScriptAssemblies/Unity.VisualStudio.Editor.dll
[723/969    0s] CopyFiles Library/ScriptAssemblies/Unity.Rider.Editor.dll
[725/969    0s] CopyFiles Library/ScriptAssemblies/Unity.Collections.CodeGen.dll
[755/969    0s] ILPP-Configuration Library/ilpp-configuration.nevergeneratedoutput
[826/969    0s] CopyFiles Library/ScriptAssemblies/Unity.Profiling.Core.dll
[828/969    0s] CopyFiles Library/ScriptAssemblies/Unity.RenderPipelines.Core.Runtime.Shared.dll
[829/969    0s] CopyFiles Library/ScriptAssemblies/Unity.Collections.Tests.CoreCLR.ProtectedJobNested.dll
[830/969    0s] CopyFiles Library/ScriptAssemblies/Unity.PathTracing.Runtime.dll
[831/969    0s] CopyFiles Library/ScriptAssemblies/Unity.RenderPipelines.Universal.Shaders.dll
[832/969    0s] CopyFiles Library/ScriptAssemblies/Unity.RenderPipelines.GPUDriven.Runtime.dll
[833/969    0s] CopyFiles Library/ScriptAssemblies/Unity.TextMeshPro.dll
[834/969    0s] CopyFiles Library/ScriptAssemblies/Unity.VisualScripting.State.dll
[835/969    0s] CopyFiles Library/ScriptAssemblies/Unity.Timeline.dll
[836/969    0s] CopyFiles Library/ScriptAssemblies/Unity.RenderPipelines.ShaderGraph.ShaderGraphLibrary.dll
[837/969    0s] CopyFiles Library/ScriptAssemblies/Unity.SurfaceCache.Runtime.dll
[838/969    0s] CopyFiles Library/ScriptAssemblies/Unity.InternalAPIEngineBridge.004.dll
[839/969    0s] CopyFiles Library/ScriptAssemblies/Unity.Collections.Tests.CoreCLR.PublicJobPrivateGeneric.dll
[840/969    0s] CopyFiles Library/ScriptAssemblies/UnityEngine.UI.dll
[841/969    0s] CopyFiles Library/ScriptAssemblies/Unity.Collections.dll
[842/969    0s] CopyFiles Library/ScriptAssemblies/Unity.Collections.Tests.CoreCLR.InternalJobNestedPrivate.dll
[843/969    0s] CopyFiles Library/ScriptAssemblies/UnityEngine.TestRunner.dll
[844/969    0s] CopyFiles Library/ScriptAssemblies/Unity.InputSystem.dll
[845/969    0s] CopyFiles Library/ScriptAssemblies/Unity.VisualScripting.Flow.dll
[846/969    0s] CopyFiles Library/ScriptAssemblies/Unity.VisualScripting.DocCodeExamples.dll
[847/969    0s] CopyFiles Library/ScriptAssemblies/Unity.RenderPipelines.Universal.2D.Runtime.dll
[848/969    0s] CopyFiles Library/ScriptAssemblies/Assembly-CSharp.dll
[849/969    0s] CopyFiles Library/ScriptAssemblies/Unity.RenderPipelines.Core.Runtime.dll
[850/969    0s] CopyFiles Library/ScriptAssemblies/Unity.RenderPipelines.Universal.Runtime.dll
[851/969    0s] CopyFiles Library/ScriptAssemblies/Unity.PerformanceTesting.dll
[852/969    0s] CopyFiles Library/ScriptAssemblies/Unity.Burst.dll
[853/969    0s] CopyFiles Library/ScriptAssemblies/Unity.InternalAPIEngineBridge.RenderPipelines.Core.Runtime.Shared.dll
[854/969    0s] CopyFiles Library/ScriptAssemblies/Unity.VisualScripting.Core.dll
[855/969    0s] CopyFiles Library/ScriptAssemblies/Unity.InternalAPIEngineBridge.ObjectDispatcher.Runtime.dll
[856/969    0s] CopyFiles Library/ScriptAssemblies/Unity.RenderPipelines.Universal.Config.Runtime.dll
[857/969    0s] CopyFiles Library/ScriptAssemblies/Unity.RenderPipeline.Universal.ShaderLibrary.dll
[858/969    0s] CopyFiles Library/ScriptAssemblies/Unity.InputSystem.TestFramework.dll
[859/969    0s] CopyFiles Library/ScriptAssemblies/Unity.AI.Navigation.dll
[860/969    0s] CopyFiles Library/ScriptAssemblies/Unity.InputSystem.ForUI.dll
[861/969    0s] CopyFiles Library/ScriptAssemblies/Unity.RenderPipelines.Core.ShaderLibrary.dll
[862/969    0s] CopyFiles Library/ScriptAssemblies/Unity.InputSystem.DocCodeSamples.dll
[863/969    0s] CopyFiles Library/ScriptAssemblies/Unity.InputSystem.DocCodeSamples.pdb
[864/969    0s] CopyFiles Library/ScriptAssemblies/Unity.Rendering.LightTransport.Editor.pdb
[865/969    0s] CopyFiles Library/ScriptAssemblies/Unity.AI.Navigation.Editor.ConversionSystem.dll
[866/969    0s] CopyFiles Library/ScriptAssemblies/Unity.AI.Navigation.Editor.ConversionSystem.pdb
[867/969    0s] CopyFiles Library/ScriptAssemblies/Unity.AI.Navigation.Editor.dll
[868/969    0s] CopyFiles Library/ScriptAssemblies/Unity.PerformanceTesting.pdb
[869/969    0s] CopyFiles Library/ScriptAssemblies/Unity.Rendering.LightTransport.Editor.dll
[870/969    0s] CopyFiles Library/ScriptAssemblies/UnityEditor.UI.dll
[871/969    0s] CopyFiles Library/ScriptAssemblies/UnityEditor.UI.pdb
[872/969    0s] CopyFiles Library/ScriptAssemblies/Unity.Collections.Tests.CoreCLR.PrivateJobNested.dll
[873/969    0s] CopyFiles Library/ScriptAssemblies/Unity.VisualScripting.Flow.Editor.pdb
[874/969    0s] CopyFiles Library/ScriptAssemblies/Unity.VisualScripting.Flow.Editor.dll
[875/969    0s] CopyFiles Library/ScriptAssemblies/Unity.AI.Navigation.Editor.pdb
[876/969    0s] CopyFiles Library/ScriptAssemblies/Unity.AI.Navigation.Updater.dll
[877/969    0s] CopyFiles Library/ScriptAssemblies/Unity.RenderPipelines.Universal.Config.Runtime.pdb
[878/969    0s] CopyFiles Library/ScriptAssemblies/Unity.RenderPipelines.Universal.Editor.pdb
[879/969    0s] CopyFiles Library/ScriptAssemblies/Unity.TextMeshPro.pdb
[880/969    0s] CopyFiles Library/ScriptAssemblies/UnityEditor.TestRunner.dll
[881/969    0s] CopyFiles Library/ScriptAssemblies/Unity.RenderPipelines.Universal.Editor.dll
[882/969    0s] CopyFiles Library/ScriptAssemblies/UnityEditor.TestRunner.pdb
[883/969    0s] CopyFiles Library/ScriptAssemblies/Unity.PerformanceTesting.Editor.dll
[884/969    0s] CopyFiles Library/ScriptAssemblies/Unity.Timeline.Editor.pdb
[885/969    0s] CopyFiles Library/ScriptAssemblies/Unity.AI.Navigation.Updater.pdb
[886/969    0s] CopyFiles Library/ScriptAssemblies/Unity.Timeline.Editor.dll
[887/969    0s] CopyFiles Library/ScriptAssemblies/Unity.InternalAPIEngineBridge.RenderPipelines.Core.Editor.dll
[888/969    0s] CopyFiles Library/ScriptAssemblies/Unity.PerformanceTesting.Editor.pdb
[889/969    0s] CopyFiles Library/ScriptAssemblies/Unity.VisualScripting.Shared.Editor.dll
[890/969    0s] CopyFiles Library/ScriptAssemblies/Unity.RenderPipelines.Universal.2D.Editor.Overrides.pdb
[891/969    0s] CopyFiles Library/ScriptAssemblies/Unity.ShaderGraph.Utilities.pdb
[892/969    0s] CopyFiles Library/ScriptAssemblies/Unity.ShaderGraph.Utilities.dll
[893/969    0s] CopyFiles Library/ScriptAssemblies/Unity.PlasticSCM.Editor.dll
[894/969    0s] CopyFiles Library/ScriptAssemblies/Unity.InternalAPIEngineBridge.RenderPipelines.Core.Editor.pdb
[895/969    0s] CopyFiles Library/ScriptAssemblies/Unity.PlasticSCM.Editor.pdb
[896/969    0s] CopyFiles Library/ScriptAssemblies/Unity.PathTracing.Editor.pdb
[897/969    0s] CopyFiles Library/ScriptAssemblies/Unity.VisualScripting.Shared.Editor.pdb
[898/969    0s] CopyFiles Library/ScriptAssemblies/Unity.PathTracing.Editor.dll
[899/969    0s] CopyFiles Library/ScriptAssemblies/Unity.VisualScripting.State.pdb
[900/969    0s] CopyFiles Library/ScriptAssemblies/Unity.RenderPipelines.Universal.2D.Editor.Overrides.dll
[901/969    0s] CopyFiles Library/ScriptAssemblies/Unity.ShaderGraph.Editor.pdb
[902/969    0s] CopyFiles Library/ScriptAssemblies/Assembly-CSharp-Editor.dll
[903/969    0s] CopyFiles Library/ScriptAssemblies/Unity.TextMeshPro.Editor.dll
[904/969    0s] CopyFiles Library/ScriptAssemblies/Unity.TextMeshPro.Editor.pdb
[905/969    0s] CopyFiles Library/ScriptAssemblies/Unity.CollabProxy.Editor.dll
[906/969    0s] CopyFiles Library/ScriptAssemblies/Unity.Timeline.pdb
[907/969    0s] CopyFiles Library/ScriptAssemblies/Unity.VisualScripting.State.Editor.dll
[908/969    0s] CopyFiles Library/ScriptAssemblies/Unity.ShaderGraph.Editor.dll
[909/969    0s] CopyFiles Library/ScriptAssemblies/Unity.CollabProxy.Editor.pdb
[910/969    0s] CopyFiles Library/ScriptAssemblies/Unity.VisualScripting.State.Editor.pdb
[911/969    0s] CopyFiles Library/ScriptAssemblies/Assembly-CSharp-Editor.pdb
[912/969    0s] CopyFiles Library/ScriptAssemblies/Unity.PlasticSCM.Editor.Assistant.dll
[913/969    0s] CopyFiles Library/ScriptAssemblies/UnityEditor.UI.Analytics.dll
[914/969    0s] CopyFiles Library/ScriptAssemblies/Unity.PlasticSCM.Editor.Assistant.pdb
[915/969    0s] CopyFiles Library/ScriptAssemblies/Unity.RenderPipelines.Universal.Shaders.pdb
[916/969    0s] CopyFiles Library/ScriptAssemblies/Unity.InputSystem.ForUI.Editor.dll
[917/969    0s] CopyFiles Library/ScriptAssemblies/UnityEditor.UI.Analytics.pdb
[918/969    0s] CopyFiles Library/ScriptAssemblies/Unity.Collections.Tests.CoreCLR.ProtectedJobNested.pdb
[919/969    0s] CopyFiles Library/ScriptAssemblies/Unity.Collections.Editor.pdb
[920/969    0s] CopyFiles Library/ScriptAssemblies/Unity.VisualScripting.Core.Editor.pdb
[921/969    0s] CopyFiles Library/ScriptAssemblies/Unity.RenderPipelines.Universal.2D.Runtime.pdb
[922/969    0s] CopyFiles Library/ScriptAssemblies/Unity.Collections.Editor.dll
[923/969    0s] CopyFiles Library/ScriptAssemblies/Unity.InputSystem.ForUI.Editor.pdb
[924/969    0s] CopyFiles Library/ScriptAssemblies/Unity.InternalAPIEditorBridge.ShaderGraph.Editor.dll
[925/969    0s] CopyFiles Library/ScriptAssemblies/Unity.PlasticSCM.Editor.Entities.dll
[926/969    0s] CopyFiles Library/ScriptAssemblies/Unity.Collections.Tests.CoreCLR.PrivateJobNested.pdb
[927/969    0s] CopyFiles Library/ScriptAssemblies/Unity.VisualScripting.Core.Editor.dll
[928/969    0s] CopyFiles Library/ScriptAssemblies/Unity.InternalAPIEditorBridge.ShaderGraph.Editor.pdb
[929/969    0s] CopyFiles Library/ScriptAssemblies/Unity.PlasticSCM.Editor.Entities.pdb
[930/969    0s] CopyFiles Library/ScriptAssemblies/Unity.RenderPipelines.Core.Editor.Shared.pdb
[931/969    0s] CopyFiles Library/ScriptAssemblies/Assembly-CSharp.pdb
[932/969    0s] CopyFiles Library/ScriptAssemblies/Unity.Searcher.Editor.pdb
[933/969    0s] CopyFiles Library/ScriptAssemblies/Unity.RenderPipelines.Universal.Runtime.pdb
[934/969    0s] CopyFiles Library/ScriptAssemblies/Unity.RenderPipelines.Core.Editor.dll
[935/969    0s] CopyFiles Library/ScriptAssemblies/Unity.InternalAPIEngineBridge.004.pdb
[936/969    0s] CopyFiles Library/ScriptAssemblies/Unity.GraphAuthoring.Editor.pdb
[937/969    0s] CopyFiles Library/ScriptAssemblies/Unity.VisualScripting.SettingsProvider.Editor.dll
[938/969    0s] CopyFiles Library/ScriptAssemblies/Unity.Searcher.Editor.dll
[939/969    0s] CopyFiles Library/ScriptAssemblies/Unity.RenderPipelines.Core.Editor.pdb
[940/969    0s] CopyFiles Library/ScriptAssemblies/Unity.RenderPipelines.Core.Runtime.Shared.pdb
[941/969    0s] CopyFiles Library/ScriptAssemblies/Unity.GraphAuthoring.Editor.dll
[942/969    0s] CopyFiles Library/ScriptAssemblies/Unity.InternalAPIEngineBridge.ObjectDispatcher.Runtime.pdb
[943/969    0s] CopyFiles Library/ScriptAssemblies/Unity.RenderPipeline.Universal.ShaderLibrary.pdb
[944/969    0s] CopyFiles Library/ScriptAssemblies/Unity.RenderPipelines.GPUDriven.Runtime.pdb
[945/969    0s] CopyFiles Library/ScriptAssemblies/Unity.InputSystem.ForUI.pdb
[946/969    0s] CopyFiles Library/ScriptAssemblies/Unity.Collections.pdb
[947/969    0s] CopyFiles Library/ScriptAssemblies/Unity.InternalAPIEngineBridge.RenderPipelines.Core.Runtime.Shared.pdb
[948/969    0s] CopyFiles Library/ScriptAssemblies/Unity.VisualScripting.SettingsProvider.Editor.pdb
[949/969    0s] CopyFiles Library/ScriptAssemblies/Unity.PathTracing.Runtime.pdb
[950/969    0s] CopyFiles Library/ScriptAssemblies/Unity.AI.Navigation.pdb
[951/969    0s] CopyFiles Library/ScriptAssemblies/Unity.Collections.Tests.CoreCLR.PublicJobPrivateGeneric.pdb
[952/969    0s] CopyFiles Library/ScriptAssemblies/Unity.RenderPipelines.Core.Editor.Shared.dll
[953/969    0s] CopyFiles Library/ScriptAssemblies/Unity.RenderPipelines.ShaderGraph.ShaderGraphLibrary.pdb
[954/969    0s] CopyFiles Library/ScriptAssemblies/Unity.InputSystem.pdb
[955/969    0s] CopyFiles Library/ScriptAssemblies/Unity.VisualScripting.DocCodeExamples.pdb
[956/969    0s] CopyFiles Library/ScriptAssemblies/Unity.VisualScripting.Flow.pdb
[957/969    0s] CopyFiles Library/ScriptAssemblies/Unity.UnifiedRayTracing.Runtime.dll
[958/969    0s] CopyFiles Library/ScriptAssemblies/Unity.InputSystem.TestFramework.pdb
[959/969    0s] CopyFiles Library/ScriptAssemblies/Unity.SurfaceCache.Runtime.pdb
[960/969    0s] CopyFiles Library/ScriptAssemblies/Unity.Burst.pdb
[961/969    0s] CopyFiles Library/ScriptAssemblies/Unity.RenderPipelines.Core.Runtime.pdb
[962/969    0s] CopyFiles Library/ScriptAssemblies/Unity.VisualScripting.Core.pdb
[963/969    0s] CopyFiles Library/ScriptAssemblies/Unity.UnifiedRayTracing.Runtime.pdb
[964/969    0s] CopyFiles Library/ScriptAssemblies/Unity.RenderPipelines.Core.ShaderLibrary.pdb
[965/969    0s] CopyFiles Library/ScriptAssemblies/Unity.Collections.Tests.CoreCLR.InternalJobNestedPrivate.pdb
[966/969    0s] CopyFiles Library/ScriptAssemblies/UnityEngine.UI.pdb
[967/969    0s] CopyFiles Library/ScriptAssemblies/Unity.Profiling.Core.pdb
[968/969    0s] CopyFiles Library/ScriptAssemblies/UnityEngine.TestRunner.pdb
*** Tundra build success (0.76 seconds), 149 items updated, 969 evaluated
Total cache size 58283836
Total cache size after purge 58283836, took 00:00:00.2405722
AssetDatabase: script compilation time: 4.541538s
Begin MonoManager ReloadAssembly
'Packages/com.unity.render-pipelines.core/Editor/Deprecated.cs' contains partial class of Unity.Object, exactly 1 of the partial classes needs to be in a file with the same filename. This is to know the one that can be referenced from ie. GameObjects
'Packages/com.unity.render-pipelines.core/Editor/Deprecated.cs' contains partial class of Unity.Object, exactly 1 of the partial classes needs to be in a file with the same filename. This is to know the one that can be referenced from ie. GameObjects
Refreshing native plugins compatible for Editor in 3.87 ms, found 4 plugins.
Native extension for WindowsStandalone target not found
ScheduleIndexationOnStartup MainProcess:True IndexOnStartup:True
Scripting: successfully reloaded assembly
- Finished resetting the current domain, in  1.863 seconds
Domain Reload Profiling: 3961ms
	BeginReloadAssembly (529ms)
		DisableScriptedObjects (64ms)
		CreateAndSetChildDomain (124ms)
	RebuildCommonClasses (18ms)
	RebuildNativeTypeToScriptingClass (43ms)
	initialDomainReloadingComplete (113ms)
	LoadAllAssembliesAndSetupDomain (1393ms)
		LoadAssemblies (825ms)
		TypeCache.Refresh (341ms)
			TypeCache.ScanAssembly (321ms)
		AnalyzeDomain (162ms)
			BuildScriptInfoCaches (145ms)
			ResolveRequiredComponents (14ms)
	FinalizeReload (1865ms)
		SetupLoadedEditorAssemblies (0ms)
			LogAssemblyErrors (3ms)
			BeforeProcessingInitializeOnLoad (214ms)
			ProcessInitializeOnLoadAttributes (617ms)
			ProcessInitializeOnLoadMethodAttributes (229ms)
			AfterProcessingInitializeOnLoad (14ms)
		AwakeInstancesAfterBackupRestoration (57ms)
Starting new worker id: 0 with log in C:/Users/laiet/Desktop/Projects/bus-driver/BusDriver/Logs/AssetImportWorkerHW0.log

Asset Pipeline Refresh (id=9875e7fecb5d2b34a809689f1c8bc77c): Total: 10.004 seconds - Initiated by InitialRefreshV2(ForceSynchronousImport)
	(Values over 0.05ms)
	Summary:
		Imports: total=0 (actual=0, local cache=0, cache server=0)
		Asset DB Process Time: managed=0 ms, native=3014 ms
		Asset DB Callback time: managed=79 ms, native=56 ms
		Scripting: domain reloads=1, domain reload time=2211 ms, compile time=4545 ms, other=97 ms
		Project Asset Count: scripts=1385, non-scripts=2331
		Asset File Changes: new=0, changed=0, moved=0, deleted=0
		Scan Filter Count: 0
	InvokePackagesCallback: 58.897ms
	ApplyChangesToAssetFolders: 1.170ms
	Scan: 456.629ms
	Collect global state as custom dependencies: 34.447ms
	CategorizeScriptCompilationAssets: 71.419ms
	ProcessAssetsWithTransientArtifactChanges: 139.288ms
	CategorizeAssets: 100.817ms
	CompileScripts: 4544.670ms
	ImportOutOfDateAssets: 1901.237ms (1877.080ms without children)
		ReloadNativeAssets: 0.054ms
		UnloadImportedAssets: 1.276ms
		EnsureUptoDateAssetsAreRegisteredWithGuidPM: 1.044ms
		ImportSchedulerStart: 21.777ms
	PostProcessAllAssets: 79.426ms
		MonoPostProcessAllAssets: 79.348ms
			UniversalRenderPipelineGlobalSettingsPostprocessor.OnPostprocessAllAssets 35.592ms
			WindowAssetPostprocessingWatcher.OnPostprocessAllAssets 4.496ms
			SpeedTree9Postprocessor.OnPostprocessAllAssets 3.369ms
			EditModeScopePostprocessor.OnPostprocessAllAssets 2.429ms
			RenderPipelineGlobalSettingsPostprocessor.OnPostprocessAllAssets 1.996ms
			ShaderReflectionAssetPostProcessor.OnPostprocessAllAssets 1.308ms
			ReferencedClipsPostProcessor.OnPostprocessAllAssets 0.654ms
			InputActionAssetPostprocessor.OnPostprocessAllAssets 0.580ms
			AssetDatabaseCallbacks.OnPostprocessAllAssets 0.558ms
			TerrainToolbarOverlayPostProcessor.OnPostprocessAllAssets 0.418ms
			ProjectSettingsPostprocessor.OnPostprocessAllAssets 0.268ms
			SyncVS.PostprocessSyncProject 0.163ms
	UnloadStreamsBegin: 2.178ms
	PersistCurrentRevisions: 0.232ms
	GenerateScriptTypeHashes: 3.319ms
	GenerateScriptTypeSerializationHashes: 6.307ms
	Untracked: 2553.932ms

Application.AssetDatabase Initial Refresh End
Launched and connected shader compiler UnityShaderCompiler.exe after 0.03 seconds
Scanning for USB devices : 2.986ms
Initializing Unity extensions:
[MODES] ModeService[none].Initialize
[MODES] ModeService[none].LoadModes
[MODES] Loading mode Default (0) for mode-current-id-BusDriver
Unloading 68 Unused Serialized files (Serialized files now loaded: 0)
Refreshing native plugins compatible for Editor in 4.76 ms, found 4 plugins.
Loaded scene 'Assets/Scenes/Menu.unity'
	Deserialize:            47.550 ms
	Integration:            161.618 ms
	Integration of assets:  1.736 ms
	Thread Wait Time:       4.520 ms
	Total Operation Time:   215.424 ms
Unloading 6641 unused Assets / (12.2 MB). Loaded Objects now: 8351.
Memory consumption went from 427.3 MB to 415.1 MB.
Total: 21.824700 ms (FindLiveObjects: 0.948900 ms CreateObjectMapping: 0.557800 ms MarkObjects: 11.505100 ms  DeleteObjects: 7.174600 ms)

[LAYOUT] About to load UserSettings\Layouts\default-6000.dwlt, keepMainWindow=False
[LAYOUT] About to save layout C:\Users\laiet\Desktop\Projects\bus-driver\BusDriver\UserSettings\Layouts\default-6000.dwlt
[LAYOUT] About to save layout C:/Users/laiet/AppData/Roaming/Unity/Editor-5.x/Preferences\Layouts\current\default-6000.dwlt
[MODES] ModeService[default].InitializeCurrentMode
[MODES] ModeService[default].RaiseModeChanged(default, default)
<RI> Initializing input.
Using Windows.Gaming.Input
[Project] Loading completed in 18.605 seconds
	Project init time: 				15.472 seconds
		Template init time: 		0.000 seconds
		Package Manager init time: 		0.696 seconds
		Asset Database init time: 		1.061 seconds
		Global illumination init time: 	0.004 seconds
		Assemblies load time: 			2.635 seconds
		Unity extensions init time: 	0.059 seconds
		Asset Database refresh time: 	10.004 seconds
	Scene opening time: 			2.706 seconds
##utp:{"type":"ProjectInfo","version":2,"phase":"Immediate","time":1789830486992,"processId":13432,"projectLoad":18.6049385,"projectInit":15.4723837,"templateInit":0.0,"packageManagerInit":0.6964749,"assetDatabaseInit":1.0605002,"globalIlluminationInit":0.0039545,"assembliesLoad":2.6352456,"unityExtensionsInit":0.0591271,"assetDatabaseRefresh":10.0044259,"sceneOpening":2.7055458}
##utp:{"type":"EditorInfo","version":2,"phase":"Immediate","time":1789830486992,"processId":13432,"editorVersion":"6000.6.0f1 (f7f8ed4d1e24)","branch":"6000.6/respin/6000.6.0f1-fa21a270ab12","buildType":"Release","platform":"Windows"}
Worker ready: AssetImportWorkerHW0 0
GPU Resident Drawer created.
Asset Pipeline Refresh (id=7b779834c6a186642bceff51c5974712): Total: 0.135 seconds - Initiated by RefreshV2(AllowForceSynchronousImport)
Created GICache directory at C:/Users/laiet/AppData/LocalLow/Unity/Caches/GiCache. Took: 0.028s, timestamps: [19.769 - 19.797]
[Licensing::Client] Successfully resolved entitlement details
Start Indexing on Editor startup
[Indexing] Starting Initial Indexing for Assets
[Licensing::Client] Successfully resolved entitlement details
[Licensing::Client] Successfully resolved entitlement details
[Licensing::Client] Successfully updated the access token
[Licensing::Module] Successfully updated access token: "fBNSNe65"... (expires: 2026-09-19T17:08:11Z)
Starting new worker id: 1 with log in C:/Users/laiet/Desktop/Projects/bus-driver/BusDriver/Logs/AssetImportWorkerHW1.log
[Licensing::Client] Successfully updated the access token
[Licensing::Module] Successfully updated access token: "fBNSNe65"... (expires: 2026-09-19T17:08:12Z)
GPU Resident Drawer disposed.
Entering Playmode with Reload Domain disabled.
If you experience any issues, please disable "Enter Play Mode Options" in Editor Settings
Entering Playmode with Reload Scene disabled. If you experience any issues, please disable "Enter Play Mode Options" in Editor Settings
Starting new worker id: 2 with log in C:/Users/laiet/Desktop/Projects/bus-driver/BusDriver/Logs/AssetImportWorkerHW2.log
InvalidOperationException: You are trying to read Input using the UnityEngine.Input class, but you have switched active Input handling to Input System package in Player Settings.
  at (wrapper managed-to-native) UnityEngine.Input.get_mousePosition_Injected(UnityEngine.Vector3&)
  at UnityEngine.Input.get_mousePosition () [0x00000] in <7fdf22b76a554395b892b73f7625ddc3>:0 
  at UnityEngine.EventSystems.BaseInput.get_mousePosition () [0x00000] in .\Library\PackageCache\com.unity.ugui@23caec89ae27\Runtime\UGUI\EventSystem\InputModules\BaseInput.cs:95 
  at UnityEngine.EventSystems.StandaloneInputModule.UpdateModule () [0x00028] in .\Library\PackageCache\com.unity.ugui@23caec89ae27\Runtime\UGUI\EventSystem\InputModules\StandaloneInputModule.cs:175 
  at UnityEngine.EventSystems.EventSystem.TickModules () [0x00024] in .\Library\PackageCache\com.unity.ugui@23caec89ae27\Runtime\UGUI\EventSystem\EventSystem.cs:473 
  at UnityEngine.EventSystems.EventSystem.Update () [0x00019] in .\Library\PackageCache\com.unity.ugui@23caec89ae27\Runtime\UGUI\EventSystem\EventSystem.cs:493 
UnityEngine.StackTraceUtility:ExtractStringFromExceptionInternal(Object, String&, String&)

(Filename: ./Library/PackageCache/com.unity.ugui@23caec89ae27/Runtime/UGUI/EventSystem/InputModules/BaseInput.cs Line: 95)

[Worker0] Imported GUID: 13ecc17b45fc57a45a98099ba3f2675b - Path: Assets/Scripts/Settings/OptionsSaveSystem.cs - Importer: ScriptedImporter/UnityEditor.QuickSearchModule:UnityEditor.Search:ASIAI0B -> (ImportResultId: 'a2fceda9a0fd5f684e359392f444bbc4') in 0.2026007 seconds
GPU Resident Drawer created.
[Worker0] Imported GUID: b72f7202f57e3374180e7036dc88a501 - Path: Assets/Scripts/ToolMethods.cs - Importer: ScriptedImporter/UnityEditor.QuickSearchModule:UnityEditor.Search:ASIAI0B -> (ImportResultId: '092d2a4cb45b67d0b8d935404d653eac') in 0.0309091 seconds
[Worker0] Imported GUID: 3997e2241185407d80309a82f9148466 - Path: Assets/TextMesh Pro/Shaders/TMPro_Properties.cginc - Importer: ScriptedImporter/UnityEditor.QuickSearchModule:UnityEditor.Search:ASIAI0B -> (ImportResultId: '4c485d8cf16a26f71fb11e6602168c8e') in 0.0278194 seconds
[Licensing::Client] Successfully resolved entitlement details
InvalidOperationException: You are trying to read Input using the UnityEngine.Input class, but you have switched active Input handling to Input System package in Player Settings.
  at (wrapper managed-to-native) UnityEngine.Input.get_mousePosition_Injected(UnityEngine.Vector3&)
  at UnityEngine.Input.get_mousePosition () [0x00000] in <7fdf22b76a554395b892b73f7625ddc3>:0 
  at UnityEngine.EventSystems.BaseInput.get_mousePosition () [0x00000] in .\Library\PackageCache\com.unity.ugui@23caec89ae27\Runtime\UGUI\EventSystem\InputModules\BaseInput.cs:95 
  at UnityEngine.EventSystems.StandaloneInputModule.UpdateModule () [0x00028] in .\Library\PackageCache\com.unity.ugui@23caec89ae27\Runtime\UGUI\EventSystem\InputModules\StandaloneInputModule.cs:175 
  at UnityEngine.EventSystems.EventSystem.TickModules () [0x00024] in .\Library\PackageCache\com.unity.ugui@23caec89ae27\Runtime\UGUI\EventSystem\EventSystem.cs:473 
  at UnityEngine.EventSystems.EventSystem.Update () [0x00019] in .\Library\PackageCache\com.unity.ugui@23caec89ae27\Runtime\UGUI\EventSystem\EventSystem.cs:493 
UnityEngine.StackTraceUtility:ExtractStringFromExceptionInternal(Object, String&, String&)

(Filename: ./Library/PackageCache/com.unity.ugui@23caec89ae27/Runtime/UGUI/EventSystem/InputModules/BaseInput.cs Line: 95)

InvalidOperationException: You are trying to read Input using the UnityEngine.Input class, but you have switched active Input handling to Input System package in Player Settings.
  at (wrapper managed-to-native) UnityEngine.Input.get_mousePosition_Injected(UnityEngine.Vector3&)
  at UnityEngine.Input.get_mousePosition () [0x00000] in <7fdf22b76a554395b892b73f7625ddc3>:0 
  at UnityEngine.EventSystems.BaseInput.get_mousePosition () [0x00000] in .\Library\PackageCache\com.unity.ugui@23caec89ae27\Runtime\UGUI\EventSystem\InputModules\BaseInput.cs:95 
  at UnityEngine.EventSystems.StandaloneInputModule.UpdateModule () [0x00028] in .\Library\PackageCache\com.unity.ugui@23caec89ae27\Runtime\UGUI\EventSystem\InputModules\StandaloneInputModule.cs:175 
  at UnityEngine.EventSystems.EventSystem.TickModules () [0x00024] in .\Library\PackageCache\com.unity.ugui@23caec89ae27\Runtime\UGUI\EventSystem\EventSystem.cs:473 
  at UnityEngine.EventSystems.EventSystem.Update () [0x00019] in .\Library\PackageCache\com.unity.ugui@23caec89ae27\Runtime\UGUI\EventSystem\EventSystem.cs:493 
UnityEngine.StackTraceUtility:ExtractStringFromExceptionInternal(Object, String&, String&)

(Filename: ./Library/PackageCache/com.unity.ugui@23caec89ae27/Runtime/UGUI/EventSystem/InputModules/BaseInput.cs Line: 95)

InvalidOperationException: You are trying to read Input using the UnityEngine.Input class, but you have switched active Input handling to Input System package in Player Settings.
  at (wrapper managed-to-native) UnityEngine.Input.get_mousePosition_Injected(UnityEngine.Vector3&)
  at UnityEngine.Input.get_mousePosition () [0x00000] in <7fdf22b76a554395b892b73f7625ddc3>:0 
  at UnityEngine.EventSystems.BaseInput.get_mousePosition () [0x00000] in .\Library\PackageCache\com.unity.ugui@23caec89ae27\Runtime\UGUI\EventSystem\InputModules\BaseInput.cs:95 
  at UnityEngine.EventSystems.StandaloneInputModule.UpdateModule () [0x00028] in .\Library\PackageCache\com.unity.ugui@23caec89ae27\Runtime\UGUI\EventSystem\InputModules\StandaloneInputModule.cs:175 
  at UnityEngine.EventSystems.EventSystem.TickModules () [0x00024] in .\Library\PackageCache\com.unity.ugui@23caec89ae27\Runtime\UGUI\EventSystem\EventSystem.cs:473 
  at UnityEngine.EventSystems.EventSystem.Update () [0x00019] in .\Library\PackageCache\com.unity.ugui@23caec89ae27\Runtime\UGUI\EventSystem\EventSystem.cs:493 
UnityEngine.StackTraceUtility:ExtractStringFromExceptionInternal(Object, String&, String&)

(Filename: ./Library/PackageCache/com.unity.ugui@23caec89ae27/Runtime/UGUI/EventSystem/InputModules/BaseInput.cs Line: 95)

InvalidOperationException: You are trying to read Input using the UnityEngine.Input class, but you have switched active Input handling to Input System package in Player Settings.
  at (wrapper managed-to-native) UnityEngine.Input.get_mousePosition_Injected(UnityEngine.Vector3&)
  at UnityEngine.Input.get_mousePosition () [0x00000] in <7fdf22b76a554395b892b73f7625ddc3>:0 
  at UnityEngine.EventSystems.BaseInput.get_mousePosition () [0x00000] in .\Library\PackageCache\com.unity.ugui@23caec89ae27\Runtime\UGUI\EventSystem\InputModules\BaseInput.cs:95 
  at UnityEngine.EventSystems.StandaloneInputModule.UpdateModule () [0x00028] in .\Library\PackageCache\com.unity.ugui@23caec89ae27\Runtime\UGUI\EventSystem\InputModules\StandaloneInputModule.cs:175 
  at UnityEngine.EventSystems.EventSystem.TickModules () [0x00024] in .\Library\PackageCache\com.unity.ugui@23caec89ae27\Runtime\UGUI\EventSystem\EventSystem.cs:473 
  at UnityEngine.EventSystems.EventSystem.Update () [0x00019] in .\Library\PackageCache\com.unity.ugui@23caec89ae27\Runtime\UGUI\EventSystem\EventSystem.cs:493 
UnityEngine.StackTraceUtility:ExtractStringFromExceptionInternal(Object, String&, String&)

(Filename: ./Library/PackageCache/com.unity.ugui@23caec89ae27/Runtime/UGUI/EventSystem/InputModules/BaseInput.cs Line: 95)

InvalidOperationException: You are trying to read Input using the UnityEngine.Input class, but you have switched active Input handling to Input System package in Player Settings.
  at (wrapper managed-to-native) UnityEngine.Input.get_mousePosition_Injected(UnityEngine.Vector3&)
  at UnityEngine.Input.get_mousePosition () [0x00000] in <7fdf22b76a554395b892b73f7625ddc3>:0 
  at UnityEngine.EventSystems.BaseInput.get_mousePosition () [0x00000] in .\Library\PackageCache\com.unity.ugui@23caec89ae27\Runtime\UGUI\EventSystem\InputModules\BaseInput.cs:95 
  at UnityEngine.EventSystems.StandaloneInputModule.UpdateModule () [0x00028] in .\Library\PackageCache\com.unity.ugui@23caec89ae27\Runtime\UGUI\EventSystem\InputModules\StandaloneInputModule.cs:175 
  at UnityEngine.EventSystems.EventSystem.TickModules () [0x00024] in .\Library\PackageCache\com.unity.ugui@23caec89ae27\Runtime\UGUI\EventSystem\EventSystem.cs:473 
  at UnityEngine.EventSystems.EventSystem.Update () [0x00019] in .\Library\PackageCache\com.unity.ugui@23caec89ae27\Runtime\UGUI\EventSystem\EventSystem.cs:493 
UnityEngine.StackTraceUtility:ExtractStringFromExceptionInternal(Object, String&, String&)

(Filename: ./Library/PackageCache/com.unity.ugui@23caec89ae27/Runtime/UGUI/EventSystem/InputModules/BaseInput.cs Line: 95)

InvalidOperationException: You are trying to read Input using the UnityEngine.Input class, but you have switched active Input handling to Input System package in Player Settings.
  at (wrapper managed-to-native) UnityEngine.Input.get_mousePosition_Injected(UnityEngine.Vector3&)
  at UnityEngine.Input.get_mousePosition () [0x00000] in <7fdf22b76a554395b892b73f7625ddc3>:0 
  at UnityEngine.EventSystems.BaseInput.get_mousePosition () [0x00000] in .\Library\PackageCache\com.unity.ugui@23caec89ae27\Runtime\UGUI\EventSystem\InputModules\BaseInput.cs:95 
  at UnityEngine.EventSystems.StandaloneInputModule.UpdateModule () [0x00028] in .\Library\PackageCache\com.unity.ugui@23caec89ae27\Runtime\UGUI\EventSystem\InputModules\StandaloneInputModule.cs:175 
  at UnityEngine.EventSystems.EventSystem.TickModules () [0x00024] in .\Library\PackageCache\com.unity.ugui@23caec89ae27\Runtime\UGUI\EventSystem\EventSystem.cs:473 
  at UnityEngine.EventSystems.EventSystem.Update () [0x00019] in .\Library\PackageCache\com.unity.ugui@23caec89ae27\Runtime\UGUI\EventSystem\EventSystem.cs:493 
UnityEngine.StackTraceUtility:ExtractStringFromExceptionInternal(Object, String&, String&)

(Filename: ./Library/PackageCache/com.unity.ugui@23caec89ae27/Runtime/UGUI/EventSystem/InputModules/BaseInput.cs Line: 95)

InvalidOperationException: You are trying to read Input using the UnityEngine.Input class, but you have switched active Input handling to Input System package in Player Settings.
  at (wrapper managed-to-native) UnityEngine.Input.get_mousePosition_Injected(UnityEngine.Vector3&)
  at UnityEngine.Input.get_mousePosition () [0x00000] in <7fdf22b76a554395b892b73f7625ddc3>:0 
  at UnityEngine.EventSystems.BaseInput.get_mousePosition () [0x00000] in .\Library\PackageCache\com.unity.ugui@23caec89ae27\Runtime\UGUI\EventSystem\InputModules\BaseInput.cs:95 
  at UnityEngine.EventSystems.StandaloneInputModule.UpdateModule () [0x00028] in .\Library\PackageCache\com.unity.ugui@23caec89ae27\Runtime\UGUI\EventSystem\InputModules\StandaloneInputModule.cs:175 
  at UnityEngine.EventSystems.EventSystem.TickModules () [0x00024] in .\Library\PackageCache\com.unity.ugui@23caec89ae27\Runtime\UGUI\EventSystem\EventSystem.cs:473 
  at UnityEngine.EventSystems.EventSystem.Update () [0x00019] in .\Library\PackageCache\com.unity.ugui@23caec89ae27\Runtime\UGUI\EventSystem\EventSystem.cs:493 
UnityEngine.StackTraceUtility:ExtractStringFromExceptionInternal(Object, String&, String&)

(Filename: ./Library/PackageCache/com.unity.ugui@23caec89ae27/Runtime/UGUI/EventSystem/InputModules/BaseInput.cs Line: 95)

InvalidOperationException: You are trying to read Input using the UnityEngine.Input class, but you have switched active Input handling to Input System package in Player Settings.
  at (wrapper managed-to-native) UnityEngine.Input.get_mousePosition_Injected(UnityEngine.Vector3&)
  at UnityEngine.Input.get_mousePosition () [0x00000] in <7fdf22b76a554395b892b73f7625ddc3>:0 
  at UnityEngine.EventSystems.BaseInput.get_mousePosition () [0x00000] in .\Library\PackageCache\com.unity.ugui@23caec89ae27\Runtime\UGUI\EventSystem\InputModules\BaseInput.cs:95 
  at UnityEngine.EventSystems.StandaloneInputModule.UpdateModule () [0x00028] in .\Library\PackageCache\com.unity.ugui@23caec89ae27\Runtime\UGUI\EventSystem\InputModules\StandaloneInputModule.cs:175 
  at UnityEngine.EventSystems.EventSystem.TickModules () [0x00024] in .\Library\PackageCache\com.unity.ugui@23caec89ae27\Runtime\UGUI\EventSystem\EventSystem.cs:473 
  at UnityEngine.EventSystems.EventSystem.Update () [0x00019] in .\Library\PackageCache\com.unity.ugui@23caec89ae27\Runtime\UGUI\EventSystem\EventSystem.cs:493 
UnityEngine.StackTraceUtility:ExtractStringFromExceptionInternal(Object, String&, String&)

(Filename: ./Library/PackageCache/com.unity.ugui@23caec89ae27/Runtime/UGUI/EventSystem/InputModules/BaseInput.cs Line: 95)

InvalidOperationException: You are trying to read Input using the UnityEngine.Input class, but you have switched active Input handling to Input System package in Player Settings.
  at (wrapper managed-to-native) UnityEngine.Input.get_mousePosition_Injected(UnityEngine.Vector3&)
  at UnityEngine.Input.get_mousePosition () [0x00000] in <7fdf22b76a554395b892b73f7625ddc3>:0 
  at UnityEngine.EventSystems.BaseInput.get_mousePosition () [0x00000] in .\Library\PackageCache\com.unity.ugui@23caec89ae27\Runtime\UGUI\EventSystem\InputModules\BaseInput.cs:95 
  at UnityEngine.EventSystems.StandaloneInputModule.UpdateModule () [0x00028] in .\Library\PackageCache\com.unity.ugui@23caec89ae27\Runtime\UGUI\EventSystem\InputModules\StandaloneInputModule.cs:175 
  at UnityEngine.EventSystems.EventSystem.TickModules () [0x00024] in .\Library\PackageCache\com.unity.ugui@23caec89ae27\Runtime\UGUI\EventSystem\EventSystem.cs:473 
  at UnityEngine.EventSystems.EventSystem.Update () [0x00019] in .\Library\PackageCache\com.unity.ugui@23caec89ae27\Runtime\UGUI\EventSystem\EventSystem.cs:493 
UnityEngine.StackTraceUtility:ExtractStringFromExceptionInternal(Object, String&, String&)

(Filename: ./Library/PackageCache/com.unity.ugui@23caec89ae27/Runtime/UGUI/EventSystem/InputModules/BaseInput.cs Line: 95)

InvalidOperationException: You are trying to read Input using the UnityEngine.Input class, but you have switched active Input handling to Input System package in Player Settings.
  at (wrapper managed-to-native) UnityEngine.Input.get_mousePosition_Injected(UnityEngine.Vector3&)
  at UnityEngine.Input.get_mousePosition () [0x00000] in <7fdf22b76a554395b892b73f7625ddc3>:0 
  at UnityEngine.EventSystems.BaseInput.get_mousePosition () [0x00000] in .\Library\PackageCache\com.unity.ugui@23caec89ae27\Runtime\UGUI\EventSystem\InputModules\BaseInput.cs:95 
  at UnityEngine.EventSystems.StandaloneInputModule.UpdateModule () [0x00028] in .\Library\PackageCache\com.unity.ugui@23caec89ae27\Runtime\UGUI\EventSystem\InputModules\StandaloneInputModule.cs:175 
  at UnityEngine.EventSystems.EventSystem.TickModules () [0x00024] in .\Library\PackageCache\com.unity.ugui@23caec89ae27\Runtime\UGUI\EventSystem\EventSystem.cs:473 
  at UnityEngine.EventSystems.EventSystem.Update () [0x00019] in .\Library\PackageCache\com.unity.ugui@23caec89ae27\Runtime\UGUI\EventSystem\EventSystem.cs:493 
UnityEngine.StackTraceUtility:ExtractStringFromExceptionInternal(Object, String&, String&)

(Filename: ./Library/PackageCache/com.unity.ugui@23caec89ae27/Runtime/UGUI/EventSystem/InputModules/BaseInput.cs Line: 95)

InvalidOperationException: You are trying to read Input using the UnityEngine.Input class, but you have switched active Input handling to Input System package in Player Settings.
  at (wrapper managed-to-native) UnityEngine.Input.get_mousePosition_Injected(UnityEngine.Vector3&)
  at UnityEngine.Input.get_mousePosition () [0x00000] in <7fdf22b76a554395b892b73f7625ddc3>:0 
  at UnityEngine.EventSystems.BaseInput.get_mousePosition () [0x00000] in .\Library\PackageCache\com.unity.ugui@23caec89ae27\Runtime\UGUI\EventSystem\InputModules\BaseInput.cs:95 
  at UnityEngine.EventSystems.StandaloneInputModule.UpdateModule () [0x00028] in .\Library\PackageCache\com.unity.ugui@23caec89ae27\Runtime\UGUI\EventSystem\InputModules\StandaloneInputModule.cs:175 
  at UnityEngine.EventSystems.EventSystem.TickModules () [0x00024] in .\Library\PackageCache\com.unity.ugui@23caec89ae27\Runtime\UGUI\EventSystem\EventSystem.cs:473 
  at UnityEngine.EventSystems.EventSystem.Update () [0x00019] in .\Library\PackageCache\com.unity.ugui@23caec89ae27\Runtime\UGUI\EventSystem\EventSystem.cs:493 
UnityEngine.StackTraceUtility:ExtractStringFromExceptionInternal(Object, String&, String&)

(Filename: ./Library/PackageCache/com.unity.ugui@23caec89ae27/Runtime/UGUI/EventSystem/InputModules/BaseInput.cs Line: 95)

InvalidOperationException: You are trying to read Input using the UnityEngine.Input class, but you have switched active Input handling to Input System package in Player Settings.
  at (wrapper managed-to-native) UnityEngine.Input.get_mousePosition_Injected(UnityEngine.Vector3&)
  at UnityEngine.Input.get_mousePosition () [0x00000] in <7fdf22b76a554395b892b73f7625ddc3>:0 
  at UnityEngine.EventSystems.BaseInput.get_mousePosition () [0x00000] in .\Library\PackageCache\com.unity.ugui@23caec89ae27\Runtime\UGUI\EventSystem\InputModules\BaseInput.cs:95 
  at UnityEngine.EventSystems.StandaloneInputModule.UpdateModule () [0x00028] in .\Library\PackageCache\com.unity.ugui@23caec89ae27\Runtime\UGUI\EventSystem\InputModules\StandaloneInputModule.cs:175 
  at UnityEngine.EventSystems.EventSystem.TickModules () [0x00024] in .\Library\PackageCache\com.unity.ugui@23caec89ae27\Runtime\UGUI\EventSystem\EventSystem.cs:473 
  at UnityEngine.EventSystems.EventSystem.Update () [0x00019] in .\Library\PackageCache\com.unity.ugui@23caec89ae27\Runtime\UGUI\EventSystem\EventSystem.cs:493 
UnityEngine.StackTraceUtility:ExtractStringFromExceptionInternal(Object, String&, String&)

(Filename: ./Library/PackageCache/com.unity.ugui@23caec89ae27/Runtime/UGUI/EventSystem/InputModules/BaseInput.cs Line: 95)

InvalidOperationException: You are trying to read Input using the UnityEngine.Input class, but you have switched active Input handling to Input System package in Player Settings.
  at (wrapper managed-to-native) UnityEngine.Input.get_mousePosition_Injected(UnityEngine.Vector3&)
  at UnityEngine.Input.get_mousePosition () [0x00000] in <7fdf22b76a554395b892b73f7625ddc3>:0 
  at UnityEngine.EventSystems.BaseInput.get_mousePosition () [0x00000] in .\Library\PackageCache\com.unity.ugui@23caec89ae27\Runtime\UGUI\EventSystem\InputModules\BaseInput.cs:95 
  at UnityEngine.EventSystems.StandaloneInputModule.UpdateModule () [0x00028] in .\Library\PackageCache\com.unity.ugui@23caec89ae27\Runtime\UGUI\EventSystem\InputModules\StandaloneInputModule.cs:175 
  at UnityEngine.EventSystems.EventSystem.TickModules () [0x00024] in .\Library\PackageCache\com.unity.ugui@23caec89ae27\Runtime\UGUI\EventSystem\EventSystem.cs:473 
  at UnityEngine.EventSystems.EventSystem.Update () [0x00019] in .\Library\PackageCache\com.unity.ugui@23caec89ae27\Runtime\UGUI\EventSystem\EventSystem.cs:493 
UnityEngine.StackTraceUtility:ExtractStringFromExceptionInternal(Object, String&, String&)

(Filename: ./Library/PackageCache/com.unity.ugui@23caec89ae27/Runtime/UGUI/EventSystem/InputModules/BaseInput.cs Line: 95)

InvalidOperationException: You are trying to read Input using the UnityEngine.Input class, but you have switched active Input handling to Input System package in Player Settings.
  at (wrapper managed-to-native) UnityEngine.Input.get_mousePosition_Injected(UnityEngine.Vector3&)
  at UnityEngine.Input.get_mousePosition () [0x00000] in <7fdf22b76a554395b892b73f7625ddc3>:0 
  at UnityEngine.EventSystems.BaseInput.get_mousePosition () [0x00000] in .\Library\PackageCache\com.unity.ugui@23caec89ae27\Runtime\UGUI\EventSystem\InputModules\BaseInput.cs:95 
  at UnityEngine.EventSystems.StandaloneInputModule.UpdateModule () [0x00028] in .\Library\PackageCache\com.unity.ugui@23caec89ae27\Runtime\UGUI\EventSystem\InputModules\StandaloneInputModule.cs:175 
  at UnityEngine.EventSystems.EventSystem.TickModules () [0x00024] in .\Library\PackageCache\com.unity.ugui@23caec89ae27\Runtime\UGUI\EventSystem\EventSystem.cs:473 
  at UnityEngine.EventSystems.EventSystem.Update () [0x00019] in .\Library\PackageCache\com.unity.ugui@23caec89ae27\Runtime\UGUI\EventSystem\EventSystem.cs:493 
UnityEngine.StackTraceUtility:ExtractStringFromExceptionInternal(Object, String&, String&)

(Filename: ./Library/PackageCache/com.unity.ugui@23caec89ae27/Runtime/UGUI/EventSystem/InputModules/BaseInput.cs Line: 95)

InvalidOperationException: You are trying to read Input using the UnityEngine.Input class, but you have switched active Input handling to Input System package in Player Settings.
  at (wrapper managed-to-native) UnityEngine.Input.get_mousePosition_Injected(UnityEngine.Vector3&)
  at UnityEngine.Input.get_mousePosition () [0x00000] in <7fdf22b76a554395b892b73f7625ddc3>:0 
  at UnityEngine.EventSystems.BaseInput.get_mousePosition () [0x00000] in .\Library\PackageCache\com.unity.ugui@23caec89ae27\Runtime\UGUI\EventSystem\InputModules\BaseInput.cs:95 
  at UnityEngine.EventSystems.StandaloneInputModule.UpdateModule () [0x00028] in .\Library\PackageCache\com.unity.ugui@23caec89ae27\Runtime\UGUI\EventSystem\InputModules\StandaloneInputModule.cs:175 
  at UnityEngine.EventSystems.EventSystem.TickModules () [0x00024] in .\Library\PackageCache\com.unity.ugui@23caec89ae27\Runtime\UGUI\EventSystem\EventSystem.cs:473 
  at UnityEngine.EventSystems.EventSystem.Update () [0x00019] in .\Library\PackageCache\com.unity.ugui@23caec89ae27\Runtime\UGUI\EventSystem\EventSystem.cs:493 
UnityEngine.StackTraceUtility:ExtractStringFromExceptionInternal(Object, String&, String&)

(Filename: ./Library/PackageCache/com.unity.ugui@23caec89ae27/Runtime/UGUI/EventSystem/InputModules/BaseInput.cs Line: 95)

InvalidOperationException: You are trying to read Input using the UnityEngine.Input class, but you have switched active Input handling to Input System package in Player Settings.
  at (wrapper managed-to-native) UnityEngine.Input.get_mousePosition_Injected(UnityEngine.Vector3&)
  at UnityEngine.Input.get_mousePosition () [0x00000] in <7fdf22b76a554395b892b73f7625ddc3>:0 
  at UnityEngine.EventSystems.BaseInput.get_mousePosition () [0x00000] in .\Library\PackageCache\com.unity.ugui@23caec89ae27\Runtime\UGUI\EventSystem\InputModules\BaseInput.cs:95 
  at UnityEngine.EventSystems.StandaloneInputModule.UpdateModule () [0x00028] in .\Library\PackageCache\com.unity.ugui@23caec89ae27\Runtime\UGUI\EventSystem\InputModules\StandaloneInputModule.cs:175 
  at UnityEngine.EventSystems.EventSystem.TickModules () [0x00024] in .\Library\PackageCache\com.unity.ugui@23caec89ae27\Runtime\UGUI\EventSystem\EventSystem.cs:473 
  at UnityEngine.EventSystems.EventSystem.Update () [0x00019] in .\Library\PackageCache\com.unity.ugui@23caec89ae27\Runtime\UGUI\EventSystem\EventSystem.cs:493 
UnityEngine.StackTraceUtility:ExtractStringFromExceptionInternal(Object, String&, String&)

(Filename: ./Library/PackageCache/com.unity.ugui@23caec89ae27/Runtime/UGUI/EventSystem/InputModules/BaseInput.cs Line: 95)

InvalidOperationException: You are trying to read Input using the UnityEngine.Input class, but you have switched active Input handling to Input System package in Player Settings.
  at (wrapper managed-to-native) UnityEngine.Input.get_mousePosition_Injected(UnityEngine.Vector3&)
  at UnityEngine.Input.get_mousePosition () [0x00000] in <7fdf22b76a554395b892b73f7625ddc3>:0 
  at UnityEngine.EventSystems.BaseInput.get_mousePosition () [0x00000] in .\Library\PackageCache\com.unity.ugui@23caec89ae27\Runtime\UGUI\EventSystem\InputModules\BaseInput.cs:95 
  at UnityEngine.EventSystems.StandaloneInputModule.UpdateModule () [0x00028] in .\Library\PackageCache\com.unity.ugui@23caec89ae27\Runtime\UGUI\EventSystem\InputModules\StandaloneInputModule.cs:175 
  at UnityEngine.EventSystems.EventSystem.TickModules () [0x00024] in .\Library\PackageCache\com.unity.ugui@23caec89ae27\Runtime\UGUI\EventSystem\EventSystem.cs:473 
  at UnityEngine.EventSystems.EventSystem.Update () [0x00019] in .\Library\PackageCache\com.unity.ugui@23caec89ae27\Runtime\UGUI\EventSystem\EventSystem.cs:493 
UnityEngine.StackTraceUtility:ExtractStringFromExceptionInternal(Object, String&, String&)

(Filename: ./Library/PackageCache/com.unity.ugui@23caec89ae27/Runtime/UGUI/EventSystem/InputModules/BaseInput.cs Line: 95)

InvalidOperationException: You are trying to read Input using the UnityEngine.Input class, but you have switched active Input handling to Input System package in Player Settings.
  at (wrapper managed-to-native) UnityEngine.Input.get_mousePosition_Injected(UnityEngine.Vector3&)
  at UnityEngine.Input.get_mousePosition () [0x00000] in <7fdf22b76a554395b892b73f7625ddc3>:0 
  at UnityEngine.EventSystems.BaseInput.get_mousePosition () [0x00000] in .\Library\PackageCache\com.unity.ugui@23caec89ae27\Runtime\UGUI\EventSystem\InputModules\BaseInput.cs:95 
  at UnityEngine.EventSystems.StandaloneInputModule.UpdateModule () [0x00028] in .\Library\PackageCache\com.unity.ugui@23caec89ae27\Runtime\UGUI\EventSystem\InputModules\StandaloneInputModule.cs:175 
  at UnityEngine.EventSystems.EventSystem.TickModules () [0x00024] in .\Library\PackageCache\com.unity.ugui@23caec89ae27\Runtime\UGUI\EventSystem\EventSystem.cs:473 
  at UnityEngine.EventSystems.EventSystem.Update () [0x00019] in .\Library\PackageCache\com.unity.ugui@23caec89ae27\Runtime\UGUI\EventSystem\EventSystem.cs:493 
UnityEngine.StackTraceUtility:ExtractStringFromExceptionInternal(Object, String&, String&)

(Filename: ./Library/PackageCache/com.unity.ugui@23caec89ae27/Runtime/UGUI/EventSystem/InputModules/BaseInput.cs Line: 95)

InvalidOperationException: You are trying to read Input using the UnityEngine.Input class, but you have switched active Input handling to Input System package in Player Settings.
  at (wrapper managed-to-native) UnityEngine.Input.get_mousePosition_Injected(UnityEngine.Vector3&)
  at UnityEngine.Input.get_mousePosition () [0x00000] in <7fdf22b76a554395b892b73f7625ddc3>:0 
  at UnityEngine.EventSystems.BaseInput.get_mousePosition () [0x00000] in .\Library\PackageCache\com.unity.ugui@23caec89ae27\Runtime\UGUI\EventSystem\InputModules\BaseInput.cs:95 
  at UnityEngine.EventSystems.StandaloneInputModule.UpdateModule () [0x00028] in .\Library\PackageCache\com.unity.ugui@23caec89ae27\Runtime\UGUI\EventSystem\InputModules\StandaloneInputModule.cs:175 
  at UnityEngine.EventSystems.EventSystem.TickModules () [0x00024] in .\Library\PackageCache\com.unity.ugui@23caec89ae27\Runtime\UGUI\EventSystem\EventSystem.cs:473 
  at UnityEngine.EventSystems.EventSystem.Update () [0x00019] in .\Library\PackageCache\com.unity.ugui@23caec89ae27\Runtime\UGUI\EventSystem\EventSystem.cs:493 
UnityEngine.StackTraceUtility:ExtractStringFromExceptionInternal(Object, String&, String&)

(Filename: ./Library/PackageCache/com.unity.ugui@23caec89ae27/Runtime/UGUI/EventSystem/InputModules/BaseInput.cs Line: 95)

InvalidOperationException: You are trying to read Input using the UnityEngine.Input class, but you have switched active Input handling to Input System package in Player Settings.
  at (wrapper managed-to-native) UnityEngine.Input.get_mousePosition_Injected(UnityEngine.Vector3&)
  at UnityEngine.Input.get_mousePosition () [0x00000] in <7fdf22b76a554395b892b73f7625ddc3>:0 
  at UnityEngine.EventSystems.BaseInput.get_mousePosition () [0x00000] in .\Library\PackageCache\com.unity.ugui@23caec89ae27\Runtime\UGUI\EventSystem\InputModules\BaseInput.cs:95 
  at UnityEngine.EventSystems.StandaloneInputModule.UpdateModule () [0x00028] in .\Library\PackageCache\com.unity.ugui@23caec89ae27\Runtime\UGUI\EventSystem\InputModules\StandaloneInputModule.cs:175 
  at UnityEngine.EventSystems.EventSystem.TickModules () [0x00024] in .\Library\PackageCache\com.unity.ugui@23caec89ae27\Runtime\UGUI\EventSystem\EventSystem.cs:473 
  at UnityEngine.EventSystems.EventSystem.Update () [0x00019] in .\Library\PackageCache\com.unity.ugui@23caec89ae27\Runtime\UGUI\EventSystem\EventSystem.cs:493 
UnityEngine.StackTraceUtility:ExtractStringFromExceptionInternal(Object, String&, String&)

(Filename: ./Library/PackageCache/com.unity.ugui@23caec89ae27/Runtime/UGUI/EventSystem/InputModules/BaseInput.cs Line: 95)

InvalidOperationException: You are trying to read Input using the UnityEngine.Input class, but you have switched active Input handling to Input System package in Player Settings.
  at (wrapper managed-to-native) UnityEngine.Input.get_mousePosition_Injected(UnityEngine.Vector3&)
  at UnityEngine.Input.get_mousePosition () [0x00000] in <7fdf22b76a554395b892b73f7625ddc3>:0 
  at UnityEngine.EventSystems.BaseInput.get_mousePosition () [0x00000] in .\Library\PackageCache\com.unity.ugui@23caec89ae27\Runtime\UGUI\EventSystem\InputModules\BaseInput.cs:95 
  at UnityEngine.EventSystems.StandaloneInputModule.UpdateModule () [0x00028] in .\Library\PackageCache\com.unity.ugui@23caec89ae27\Runtime\UGUI\EventSystem\InputModules\StandaloneInputModule.cs:175 
  at UnityEngine.EventSystems.EventSystem.TickModules () [0x00024] in .\Library\PackageCache\com.unity.ugui@23caec89ae27\Runtime\UGUI\EventSystem\EventSystem.cs:473 
  at UnityEngine.EventSystems.EventSystem.Update () [0x00019] in .\Library\PackageCache\com.unity.ugui@23caec89ae27\Runtime\UGUI\EventSystem\EventSystem.cs:493 
UnityEngine.StackTraceUtility:ExtractStringFromExceptionInternal(Object, String&, String&)

(Filename: ./Library/PackageCache/com.unity.ugui@23caec89ae27/Runtime/UGUI/EventSystem/InputModules/BaseInput.cs Line: 95)

InvalidOperationException: You are trying to read Input using the UnityEngine.Input class, but you have switched active Input handling to Input System package in Player Settings.
  at (wrapper managed-to-native) UnityEngine.Input.get_mousePosition_Injected(UnityEngine.Vector3&)
  at UnityEngine.Input.get_mousePosition () [0x00000] in <7fdf22b76a554395b892b73f7625ddc3>:0 
  at UnityEngine.EventSystems.BaseInput.get_mousePosition () [0x00000] in .\Library\PackageCache\com.unity.ugui@23caec89ae27\Runtime\UGUI\EventSystem\InputModules\BaseInput.cs:95 
  at UnityEngine.EventSystems.StandaloneInputModule.UpdateModule () [0x00028] in .\Library\PackageCache\com.unity.ugui@23caec89ae27\Runtime\UGUI\EventSystem\InputModules\StandaloneInputModule.cs:175 
  at UnityEngine.EventSystems.EventSystem.TickModules () [0x00024] in .\Library\PackageCache\com.unity.ugui@23caec89ae27\Runtime\UGUI\EventSystem\EventSystem.cs:473 
  at UnityEngine.EventSystems.EventSystem.Update () [0x00019] in .\Library\PackageCache\com.unity.ugui@23caec89ae27\Runtime\UGUI\EventSystem\EventSystem.cs:493 
UnityEngine.StackTraceUtility:ExtractStringFromExceptionInternal(Object, String&, String&)

(Filename: ./Library/PackageCache/com.unity.ugui@23caec89ae27/Runtime/UGUI/EventSystem/InputModules/BaseInput.cs Line: 95)

InvalidOperationException: You are trying to read Input using the UnityEngine.Input class, but you have switched active Input handling to Input System package in Player Settings.
  at (wrapper managed-to-native) UnityEngine.Input.get_mousePosition_Injected(UnityEngine.Vector3&)
  at UnityEngine.Input.get_mousePosition () [0x00000] in <7fdf22b76a554395b892b73f7625ddc3>:0 
  at UnityEngine.EventSystems.BaseInput.get_mousePosition () [0x00000] in .\Library\PackageCache\com.unity.ugui@23caec89ae27\Runtime\UGUI\EventSystem\InputModules\BaseInput.cs:95 
  at UnityEngine.EventSystems.StandaloneInputModule.UpdateModule () [0x00028] in .\Library\PackageCache\com.unity.ugui@23caec89ae27\Runtime\UGUI\EventSystem\InputModules\StandaloneInputModule.cs:175 
  at UnityEngine.EventSystems.EventSystem.TickModules () [0x00024] in .\Library\PackageCache\com.unity.ugui@23caec89ae27\Runtime\UGUI\EventSystem\EventSystem.cs:473 
  at UnityEngine.EventSystems.EventSystem.Update () [0x00019] in .\Library\PackageCache\com.unity.ugui@23caec89ae27\Runtime\UGUI\EventSystem\EventSystem.cs:493 
UnityEngine.StackTraceUtility:ExtractStringFromExceptionInternal(Object, String&, String&)

(Filename: ./Library/PackageCache/com.unity.ugui@23caec89ae27/Runtime/UGUI/EventSystem/InputModules/BaseInput.cs Line: 95)

InvalidOperationException: You are trying to read Input using the UnityEngine.Input class, but you have switched active Input handling to Input System package in Player Settings.
  at (wrapper managed-to-native) UnityEngine.Input.get_mousePosition_Injected(UnityEngine.Vector3&)
  at UnityEngine.Input.get_mousePosition () [0x00000] in <7fdf22b76a554395b892b73f7625ddc3>:0 
  at UnityEngine.EventSystems.BaseInput.get_mousePosition () [0x00000] in .\Library\PackageCache\com.unity.ugui@23caec89ae27\Runtime\UGUI\EventSystem\InputModules\BaseInput.cs:95 
  at UnityEngine.EventSystems.StandaloneInputModule.UpdateModule () [0x00028] in .\Library\PackageCache\com.unity.ugui@23caec89ae27\Runtime\UGUI\EventSystem\InputModules\StandaloneInputModule.cs:175 
  at UnityEngine.EventSystems.EventSystem.TickModules () [0x00024] in .\Library\PackageCache\com.unity.ugui@23caec89ae27\Runtime\UGUI\EventSystem\EventSystem.cs:473 
  at UnityEngine.EventSystems.EventSystem.Update () [0x00019] in .\Library\PackageCache\com.unity.ugui@23caec89ae27\Runtime\UGUI\EventSystem\EventSystem.cs:493 
UnityEngine.StackTraceUtility:ExtractStringFromExceptionInternal(Object, String&, String&)

(Filename: ./Library/PackageCache/com.unity.ugui@23caec89ae27/Runtime/UGUI/EventSystem/InputModules/BaseInput.cs Line: 95)

InvalidOperationException: You are trying to read Input using the UnityEngine.Input class, but you have switched active Input handling to Input System package in Player Settings.
  at (wrapper managed-to-native) UnityEngine.Input.get_mousePosition_Injected(UnityEngine.Vector3&)
  at UnityEngine.Input.get_mousePosition () [0x00000] in <7fdf22b76a554395b892b73f7625ddc3>:0 
  at UnityEngine.EventSystems.BaseInput.get_mousePosition () [0x00000] in .\Library\PackageCache\com.unity.ugui@23caec89ae27\Runtime\UGUI\EventSystem\InputModules\BaseInput.cs:95 
  at UnityEngine.EventSystems.StandaloneInputModule.UpdateModule () [0x00028] in .\Library\PackageCache\com.unity.ugui@23caec89ae27\Runtime\UGUI\EventSystem\InputModules\StandaloneInputModule.cs:175 
  at UnityEngine.EventSystems.EventSystem.TickModules () [0x00024] in .\Library\PackageCache\com.unity.ugui@23caec89ae27\Runtime\UGUI\EventSystem\EventSystem.cs:473 
  at UnityEngine.EventSystems.EventSystem.Update () [0x00019] in .\Library\PackageCache\com.unity.ugui@23caec89ae27\Runtime\UGUI\EventSystem\EventSystem.cs:493 
UnityEngine.StackTraceUtility:ExtractStringFromExceptionInternal(Object, String&, String&)

(Filename: ./Library/PackageCache/com.unity.ugui@23caec89ae27/Runtime/UGUI/EventSystem/InputModules/BaseInput.cs Line: 95)

InvalidOperationException: You are trying to read Input using the UnityEngine.Input class, but you have switched active Input handling to Input System package in Player Settings.
  at (wrapper managed-to-native) UnityEngine.Input.get_mousePosition_Injected(UnityEngine.Vector3&)
  at UnityEngine.Input.get_mousePosition () [0x00000] in <7fdf22b76a554395b892b73f7625ddc3>:0 
  at UnityEngine.EventSystems.BaseInput.get_mousePosition () [0x00000] in .\Library\PackageCache\com.unity.ugui@23caec89ae27\Runtime\UGUI\EventSystem\InputModules\BaseInput.cs:95 
  at UnityEngine.EventSystems.StandaloneInputModule.UpdateModule () [0x00028] in .\Library\PackageCache\com.unity.ugui@23caec89ae27\Runtime\UGUI\EventSystem\InputModules\StandaloneInputModule.cs:175 
  at UnityEngine.EventSystems.EventSystem.TickModules () [0x00024] in .\Library\PackageCache\com.unity.ugui@23caec89ae27\Runtime\UGUI\EventSystem\EventSystem.cs:473 
  at UnityEngine.EventSystems.EventSystem.Update () [0x00019] in .\Library\PackageCache\com.unity.ugui@23caec89ae27\Runtime\UGUI\EventSystem\EventSystem.cs:493 
UnityEngine.StackTraceUtility:ExtractStringFromExceptionInternal(Object, String&, String&)

(Filename: ./Library/PackageCache/com.unity.ugui@23caec89ae27/Runtime/UGUI/EventSystem/InputModules/BaseInput.cs Line: 95)

InvalidOperationException: You are trying to read Input using the UnityEngine.Input class, but you have switched active Input handling to Input System package in Player Settings.
  at (wrapper managed-to-native) UnityEngine.Input.get_mousePosition_Injected(UnityEngine.Vector3&)
  at UnityEngine.Input.get_mousePosition () [0x00000] in <7fdf22b76a554395b892b73f7625ddc3>:0 
  at UnityEngine.EventSystems.BaseInput.get_mousePosition () [0x00000] in .\Library\PackageCache\com.unity.ugui@23caec89ae27\Runtime\UGUI\EventSystem\InputModules\BaseInput.cs:95 
  at UnityEngine.EventSystems.StandaloneInputModule.UpdateModule () [0x00028] in .\Library\PackageCache\com.unity.ugui@23caec89ae27\Runtime\UGUI\EventSystem\InputModules\StandaloneInputModule.cs:175 
  at UnityEngine.EventSystems.EventSystem.TickModules () [0x00024] in .\Library\PackageCache\com.unity.ugui@23caec89ae27\Runtime\UGUI\EventSystem\EventSystem.cs:473 
  at UnityEngine.EventSystems.EventSystem.Update () [0x00019] in .\Library\PackageCache\com.unity.ugui@23caec89ae27\Runtime\UGUI\EventSystem\EventSystem.cs:493 
UnityEngine.StackTraceUtility:ExtractStringFromExceptionInternal(Object, String&, String&)

(Filename: ./Library/PackageCache/com.unity.ugui@23caec89ae27/Runtime/UGUI/EventSystem/InputModules/BaseInput.cs Line: 95)

InvalidOperationException: You are trying to read Input using the UnityEngine.Input class, but you have switched active Input handling to Input System package in Player Settings.
  at (wrapper managed-to-native) UnityEngine.Input.get_mousePosition_Injected(UnityEngine.Vector3&)
  at UnityEngine.Input.get_mousePosition () [0x00000] in <7fdf22b76a554395b892b73f7625ddc3>:0 
  at UnityEngine.EventSystems.BaseInput.get_mousePosition () [0x00000] in .\Library\PackageCache\com.unity.ugui@23caec89ae27\Runtime\UGUI\EventSystem\InputModules\BaseInput.cs:95 
  at UnityEngine.EventSystems.StandaloneInputModule.UpdateModule () [0x00028] in .\Library\PackageCache\com.unity.ugui@23caec89ae27\Runtime\UGUI\EventSystem\InputModules\StandaloneInputModule.cs:175 
  at UnityEngine.EventSystems.EventSystem.TickModules () [0x00024] in .\Library\PackageCache\com.unity.ugui@23caec89ae27\Runtime\UGUI\EventSystem\EventSystem.cs:473 
  at UnityEngine.EventSystems.EventSystem.Update () [0x00019] in .\Library\PackageCache\com.unity.ugui@23caec89ae27\Runtime\UGUI\EventSystem\EventSystem.cs:493 
UnityEngine.StackTraceUtility:ExtractStringFromExceptionInternal(Object, String&, String&)

(Filename: ./Library/PackageCache/com.unity.ugui@23caec89ae27/Runtime/UGUI/EventSystem/InputModules/BaseInput.cs Line: 95)

InvalidOperationException: You are trying to read Input using the UnityEngine.Input class, but you have switched active Input handling to Input System package in Player Settings.
  at (wrapper managed-to-native) UnityEngine.Input.get_mousePosition_Injected(UnityEngine.Vector3&)
  at UnityEngine.Input.get_mousePosition () [0x00000] in <7fdf22b76a554395b892b73f7625ddc3>:0 
  at UnityEngine.EventSystems.BaseInput.get_mousePosition () [0x00000] in .\Library\PackageCache\com.unity.ugui@23caec89ae27\Runtime\UGUI\EventSystem\InputModules\BaseInput.cs:95 
  at UnityEngine.EventSystems.StandaloneInputModule.UpdateModule () [0x00028] in .\Library\PackageCache\com.unity.ugui@23caec89ae27\Runtime\UGUI\EventSystem\InputModules\StandaloneInputModule.cs:175 
  at UnityEngine.EventSystems.EventSystem.TickModules () [0x00024] in .\Library\PackageCache\com.unity.ugui@23caec89ae27\Runtime\UGUI\EventSystem\EventSystem.cs:473 
  at UnityEngine.EventSystems.EventSystem.Update () [0x00019] in .\Library\PackageCache\com.unity.ugui@23caec89ae27\Runtime\UGUI\EventSystem\EventSystem.cs:493 
UnityEngine.StackTraceUtility:ExtractStringFromExceptionInternal(Object, String&, String&)

(Filename: ./Library/PackageCache/com.unity.ugui@23caec89ae27/Runtime/UGUI/EventSystem/InputModules/BaseInput.cs Line: 95)

InvalidOperationException: You are trying to read Input using the UnityEngine.Input class, but you have switched active Input handling to Input System package in Player Settings.
  at (wrapper managed-to-native) UnityEngine.Input.get_mousePosition_Injected(UnityEngine.Vector3&)
  at UnityEngine.Input.get_mousePosition () [0x00000] in <7fdf22b76a554395b892b73f7625ddc3>:0 
  at UnityEngine.EventSystems.BaseInput.get_mousePosition () [0x00000] in .\Library\PackageCache\com.unity.ugui@23caec89ae27\Runtime\UGUI\EventSystem\InputModules\BaseInput.cs:95 
  at UnityEngine.EventSystems.StandaloneInputModule.UpdateModule () [0x00028] in .\Library\PackageCache\com.unity.ugui@23caec89ae27\Runtime\UGUI\EventSystem\InputModules\StandaloneInputModule.cs:175 
  at UnityEngine.EventSystems.EventSystem.TickModules () [0x00024] in .\Library\PackageCache\com.unity.ugui@23caec89ae27\Runtime\UGUI\EventSystem\EventSystem.cs:473 
  at UnityEngine.EventSystems.EventSystem.Update () [0x00019] in .\Library\PackageCache\com.unity.ugui@23caec89ae27\Runtime\UGUI\EventSystem\EventSystem.cs:493 
UnityEngine.StackTraceUtility:ExtractStringFromExceptionInternal(Object, String&, String&)

(Filename: ./Library/PackageCache/com.unity.ugui@23caec89ae27/Runtime/UGUI/EventSystem/InputModules/BaseInput.cs Line: 95)

[Worker0] Imported GUID: 2cb88efb77d5d3e44ad381b2c0b4ef33 - Path: Assets/Prefabs/Level Essentials/In Canvas/Controls Menu.prefab - Importer: ScriptedImporter/UnityEditor.QuickSearchModule:UnityEditor.Search:ASIAI0B -> (ImportResultId: '9a3fbaccefd422c9980c0c09cc3352e6') in 0.2559842 seconds
InvalidOperationException: You are trying to read Input using the UnityEngine.Input class, but you have switched active Input handling to Input System package in Player Settings.
  at (wrapper managed-to-native) UnityEngine.Input.get_mousePosition_Injected(UnityEngine.Vector3&)
  at UnityEngine.Input.get_mousePosition () [0x00000] in <7fdf22b76a554395b892b73f7625ddc3>:0 
  at UnityEngine.EventSystems.BaseInput.get_mousePosition () [0x00000] in .\Library\PackageCache\com.unity.ugui@23caec89ae27\Runtime\UGUI\EventSystem\InputModules\BaseInput.cs:95 
  at UnityEngine.EventSystems.StandaloneInputModule.UpdateModule () [0x00028] in .\Library\PackageCache\com.unity.ugui@23caec89ae27\Runtime\UGUI\EventSystem\InputModules\StandaloneInputModule.cs:175 
  at UnityEngine.EventSystems.EventSystem.TickModules () [0x00024] in .\Library\PackageCache\com.unity.ugui@23caec89ae27\Runtime\UGUI\EventSystem\EventSystem.cs:473 
  at UnityEngine.EventSystems.EventSystem.Update () [0x00019] in .\Library\PackageCache\com.unity.ugui@23caec89ae27\Runtime\UGUI\EventSystem\EventSystem.cs:493 
UnityEngine.StackTraceUtility:ExtractStringFromExceptionInternal(Object, String&, String&)

(Filename: ./Library/PackageCache/com.unity.ugui@23caec89ae27/Runtime/UGUI/EventSystem/InputModules/BaseInput.cs Line: 95)

InvalidOperationException: You are trying to read Input using the UnityEngine.Input class, but you have switched active Input handling to Input System package in Player Settings.
  at (wrapper managed-to-native) UnityEngine.Input.get_mousePosition_Injected(UnityEngine.Vector3&)
  at UnityEngine.Input.get_mousePosition () [0x00000] in <7fdf22b76a554395b892b73f7625ddc3>:0 
  at UnityEngine.EventSystems.BaseInput.get_mousePosition () [0x00000] in .\Library\PackageCache\com.unity.ugui@23caec89ae27\Runtime\UGUI\EventSystem\InputModules\BaseInput.cs:95 
  at UnityEngine.EventSystems.StandaloneInputModule.UpdateModule () [0x00028] in .\Library\PackageCache\com.unity.ugui@23caec89ae27\Runtime\UGUI\EventSystem\InputModules\StandaloneInputModule.cs:175 
  at UnityEngine.EventSystems.EventSystem.TickModules () [0x00024] in .\Library\PackageCache\com.unity.ugui@23caec89ae27\Runtime\UGUI\EventSystem\EventSystem.cs:473 
  at UnityEngine.EventSystems.EventSystem.Update () [0x00019] in .\Library\PackageCache\com.unity.ugui@23caec89ae27\Runtime\UGUI\EventSystem\EventSystem.cs:493 
UnityEngine.StackTraceUtility:ExtractStringFromExceptionInternal(Object, String&, String&)

(Filename: ./Library/PackageCache/com.unity.ugui@23caec89ae27/Runtime/UGUI/EventSystem/InputModules/BaseInput.cs Line: 95)

InvalidOperationException: You are trying to read Input using the UnityEngine.Input class, but you have switched active Input handling to Input System package in Player Settings.
  at (wrapper managed-to-native) UnityEngine.Input.get_mousePosition_Injected(UnityEngine.Vector3&)
  at UnityEngine.Input.get_mousePosition () [0x00000] in <7fdf22b76a554395b892b73f7625ddc3>:0 
  at UnityEngine.EventSystems.BaseInput.get_mousePosition () [0x00000] in .\Library\PackageCache\com.unity.ugui@23caec89ae27\Runtime\UGUI\EventSystem\InputModules\BaseInput.cs:95 
  at UnityEngine.EventSystems.StandaloneInputModule.UpdateModule () [0x00028] in .\Library\PackageCache\com.unity.ugui@23caec89ae27\Runtime\UGUI\EventSystem\InputModules\StandaloneInputModule.cs:175 
  at UnityEngine.EventSystems.EventSystem.TickModules () [0x00024] in .\Library\PackageCache\com.unity.ugui@23caec89ae27\Runtime\UGUI\EventSystem\EventSystem.cs:473 
  at UnityEngine.EventSystems.EventSystem.Update () [0x00019] in .\Library\PackageCache\com.unity.ugui@23caec89ae27\Runtime\UGUI\EventSystem\EventSystem.cs:493 
UnityEngine.StackTraceUtility:ExtractStringFromExceptionInternal(Object, String&, String&)

(Filename: ./Library/PackageCache/com.unity.ugui@23caec89ae27/Runtime/UGUI/EventSystem/InputModules/BaseInput.cs Line: 95)

InvalidOperationException: You are trying to read Input using the UnityEngine.Input class, but you have switched active Input handling to Input System package in Player Settings.
  at (wrapper managed-to-native) UnityEngine.Input.get_mousePosition_Injected(UnityEngine.Vector3&)
  at UnityEngine.Input.get_mousePosition () [0x00000] in <7fdf22b76a554395b892b73f7625ddc3>:0 
  at UnityEngine.EventSystems.BaseInput.get_mousePosition () [0x00000] in .\Library\PackageCache\com.unity.ugui@23caec89ae27\Runtime\UGUI\EventSystem\InputModules\BaseInput.cs:95 
  at UnityEngine.EventSystems.StandaloneInputModule.UpdateModule () [0x00028] in .\Library\PackageCache\com.unity.ugui@23caec89ae27\Runtime\UGUI\EventSystem\InputModules\StandaloneInputModule.cs:175 
  at UnityEngine.EventSystems.EventSystem.TickModules () [0x00024] in .\Library\PackageCache\com.unity.ugui@23caec89ae27\Runtime\UGUI\EventSystem\EventSystem.cs:473 
  at UnityEngine.EventSystems.EventSystem.Update () [0x00019] in .\Library\PackageCache\com.unity.ugui@23caec89ae27\Runtime\UGUI\EventSystem\EventSystem.cs:493 
UnityEngine.StackTraceUtility:ExtractStringFromExceptionInternal(Object, String&, String&)

(Filename: ./Library/PackageCache/com.unity.ugui@23caec89ae27/Runtime/UGUI/EventSystem/InputModules/BaseInput.cs Line: 95)

[Worker0] Imported GUID: 6a822a8fef691da44a859b3de06a25ef - Path: Assets/SFX/Others/Dialogue.wav - Importer: ScriptedImporter/UnityEditor.QuickSearchModule:UnityEditor.Search:ASIAI0B -> (ImportResultId: '4fdaabf62fb9875ee389f99b592bb742') in 0.0422078 seconds
InvalidOperationException: You are trying to read Input using the UnityEngine.Input class, but you have switched active Input handling to Input System package in Player Settings.
  at (wrapper managed-to-native) UnityEngine.Input.get_mousePosition_Injected(UnityEngine.Vector3&)
  at UnityEngine.Input.get_mousePosition () [0x00000] in <7fdf22b76a554395b892b73f7625ddc3>:0 
  at UnityEngine.EventSystems.BaseInput.get_mousePosition () [0x00000] in .\Library\PackageCache\com.unity.ugui@23caec89ae27\Runtime\UGUI\EventSystem\InputModules\BaseInput.cs:95 
  at UnityEngine.EventSystems.StandaloneInputModule.UpdateModule () [0x00028] in .\Library\PackageCache\com.unity.ugui@23caec89ae27\Runtime\UGUI\EventSystem\InputModules\StandaloneInputModule.cs:175 
  at UnityEngine.EventSystems.EventSystem.TickModules () [0x00024] in .\Library\PackageCache\com.unity.ugui@23caec89ae27\Runtime\UGUI\EventSystem\EventSystem.cs:473 
  at UnityEngine.EventSystems.EventSystem.Update () [0x00019] in .\Library\PackageCache\com.unity.ugui@23caec89ae27\Runtime\UGUI\EventSystem\EventSystem.cs:493 
UnityEngine.StackTraceUtility:ExtractStringFromExceptionInternal(Object, String&, String&)

(Filename: ./Library/PackageCache/com.unity.ugui@23caec89ae27/Runtime/UGUI/EventSystem/InputModules/BaseInput.cs Line: 95)

InvalidOperationException: You are trying to read Input using the UnityEngine.Input class, but you have switched active Input handling to Input System package in Player Settings.
  at (wrapper managed-to-native) UnityEngine.Input.get_mousePosition_Injected(UnityEngine.Vector3&)
  at UnityEngine.Input.get_mousePosition () [0x00000] in <7fdf22b76a554395b892b73f7625ddc3>:0 
  at UnityEngine.EventSystems.BaseInput.get_mousePosition () [0x00000] in .\Library\PackageCache\com.unity.ugui@23caec89ae27\Runtime\UGUI\EventSystem\InputModules\BaseInput.cs:95 
  at UnityEngine.EventSystems.StandaloneInputModule.UpdateModule () [0x00028] in .\Library\PackageCache\com.unity.ugui@23caec89ae27\Runtime\UGUI\EventSystem\InputModules\StandaloneInputModule.cs:175 
  at UnityEngine.EventSystems.EventSystem.TickModules () [0x00024] in .\Library\PackageCache\com.unity.ugui@23caec89ae27\Runtime\UGUI\EventSystem\EventSystem.cs:473 
  at UnityEngine.EventSystems.EventSystem.Update () [0x00019] in .\Library\PackageCache\com.unity.ugui@23caec89ae27\Runtime\UGUI\EventSystem\EventSystem.cs:493 
UnityEngine.StackTraceUtility:ExtractStringFromExceptionInternal(Object, String&, String&)

(Filename: ./Library/PackageCache/com.unity.ugui@23caec89ae27/Runtime/UGUI/EventSystem/InputModules/BaseInput.cs Line: 95)

InvalidOperationException: You are trying to read Input using the UnityEngine.Input class, but you have switched active Input handling to Input System package in Player Settings.
  at (wrapper managed-to-native) UnityEngine.Input.get_mousePosition_Injected(UnityEngine.Vector3&)
  at UnityEngine.Input.get_mousePosition () [0x00000] in <7fdf22b76a554395b892b73f7625ddc3>:0 
  at UnityEngine.EventSystems.BaseInput.get_mousePosition () [0x00000] in .\Library\PackageCache\com.unity.ugui@23caec89ae27\Runtime\UGUI\EventSystem\InputModules\BaseInput.cs:95 
  at UnityEngine.EventSystems.StandaloneInputModule.UpdateModule () [0x00028] in .\Library\PackageCache\com.unity.ugui@23caec89ae27\Runtime\UGUI\EventSystem\InputModules\StandaloneInputModule.cs:175 
  at UnityEngine.EventSystems.EventSystem.TickModules () [0x00024] in .\Library\PackageCache\com.unity.ugui@23caec89ae27\Runtime\UGUI\EventSystem\EventSystem.cs:473 
  at UnityEngine.EventSystems.EventSystem.Update () [0x00019] in .\Library\PackageCache\com.unity.ugui@23caec89ae27\Runtime\UGUI\EventSystem\EventSystem.cs:493 
UnityEngine.StackTraceUtility:ExtractStringFromExceptionInternal(Object, String&, String&)

(Filename: ./Library/PackageCache/com.unity.ugui@23caec89ae27/Runtime/UGUI/EventSystem/InputModules/BaseInput.cs Line: 95)

InvalidOperationException: You are trying to read Input using the UnityEngine.Input class, but you have switched active Input handling to Input System package in Player Settings.
  at (wrapper managed-to-native) UnityEngine.Input.get_mousePosition_Injected(UnityEngine.Vector3&)
  at UnityEngine.Input.get_mousePosition () [0x00000] in <7fdf22b76a554395b892b73f7625ddc3>:0 
  at UnityEngine.EventSystems.BaseInput.get_mousePosition () [0x00000] in .\Library\PackageCache\com.unity.ugui@23caec89ae27\Runtime\UGUI\EventSystem\InputModules\BaseInput.cs:95 
  at UnityEngine.EventSystems.StandaloneInputModule.UpdateModule () [0x00028] in .\Library\PackageCache\com.unity.ugui@23caec89ae27\Runtime\UGUI\EventSystem\InputModules\StandaloneInputModule.cs:175 
  at UnityEngine.EventSystems.EventSystem.TickModules () [0x00024] in .\Library\PackageCache\com.unity.ugui@23caec89ae27\Runtime\UGUI\EventSystem\EventSystem.cs:473 
  at UnityEngine.EventSystems.EventSystem.Update () [0x00019] in .\Library\PackageCache\com.unity.ugui@23caec89ae27\Runtime\UGUI\EventSystem\EventSystem.cs:493 
UnityEngine.StackTraceUtility:ExtractStringFromExceptionInternal(Object, String&, String&)

(Filename: ./Library/PackageCache/com.unity.ugui@23caec89ae27/Runtime/UGUI/EventSystem/InputModules/BaseInput.cs Line: 95)

InvalidOperationException: You are trying to read Input using the UnityEngine.Input class, but you have switched active Input handling to Input System package in Player Settings.
  at (wrapper managed-to-native) UnityEngine.Input.get_mousePosition_Injected(UnityEngine.Vector3&)
  at UnityEngine.Input.get_mousePosition () [0x00000] in <7fdf22b76a554395b892b73f7625ddc3>:0 
  at UnityEngine.EventSystems.BaseInput.get_mousePosition () [0x00000] in .\Library\PackageCache\com.unity.ugui@23caec89ae27\Runtime\UGUI\EventSystem\InputModules\BaseInput.cs:95 
  at UnityEngine.EventSystems.StandaloneInputModule.UpdateModule () [0x00028] in .\Library\PackageCache\com.unity.ugui@23caec89ae27\Runtime\UGUI\EventSystem\InputModules\StandaloneInputModule.cs:175 
  at UnityEngine.EventSystems.EventSystem.TickModules () [0x00024] in .\Library\PackageCache\com.unity.ugui@23caec89ae27\Runtime\UGUI\EventSystem\EventSystem.cs:473 
  at UnityEngine.EventSystems.EventSystem.Update () [0x00019] in .\Library\PackageCache\com.unity.ugui@23caec89ae27\Runtime\UGUI\EventSystem\EventSystem.cs:493 
UnityEngine.StackTraceUtility:ExtractStringFromExceptionInternal(Object, String&, String&)

(Filename: ./Library/PackageCache/com.unity.ugui@23caec89ae27/Runtime/UGUI/EventSystem/InputModules/BaseInput.cs Line: 95)

InvalidOperationException: You are trying to read Input using the UnityEngine.Input class, but you have switched active Input handling to Input System package in Player Settings.
  at (wrapper managed-to-native) UnityEngine.Input.get_mousePosition_Injected(UnityEngine.Vector3&)
  at UnityEngine.Input.get_mousePosition () [0x00000] in <7fdf22b76a554395b892b73f7625ddc3>:0 
  at UnityEngine.EventSystems.BaseInput.get_mousePosition () [0x00000] in .\Library\PackageCache\com.unity.ugui@23caec89ae27\Runtime\UGUI\EventSystem\InputModules\BaseInput.cs:95 
  at UnityEngine.EventSystems.StandaloneInputModule.UpdateModule () [0x00028] in .\Library\PackageCache\com.unity.ugui@23caec89ae27\Runtime\UGUI\EventSystem\InputModules\StandaloneInputModule.cs:175 
  at UnityEngine.EventSystems.EventSystem.TickModules () [0x00024] in .\Library\PackageCache\com.unity.ugui@23caec89ae27\Runtime\UGUI\EventSystem\EventSystem.cs:473 
  at UnityEngine.EventSystems.EventSystem.Update () [0x00019] in .\Library\PackageCache\com.unity.ugui@23caec89ae27\Runtime\UGUI\EventSystem\EventSystem.cs:493 
UnityEngine.StackTraceUtility:ExtractStringFromExceptionInternal(Object, String&, String&)

(Filename: ./Library/PackageCache/com.unity.ugui@23caec89ae27/Runtime/UGUI/EventSystem/InputModules/BaseInput.cs Line: 95)

[Worker0] Imported GUID: e73a58f6e2794ae7b1b7e50b7fb811b0 - Path: Assets/TextMesh Pro/Resources/Fonts & Materials/LiberationSans SDF - Drop Shadow.mat - Importer: ScriptedImporter/UnityEditor.QuickSearchModule:UnityEditor.Search:ASIAI0B -> (ImportResultId: '3f126c7c8f984b41a01580fe8868235b') in 0.0604319 seconds
InvalidOperationException: You are trying to read Input using the UnityEngine.Input class, but you have switched active Input handling to Input System package in Player Settings.
  at (wrapper managed-to-native) UnityEngine.Input.get_mousePosition_Injected(UnityEngine.Vector3&)
  at UnityEngine.Input.get_mousePosition () [0x00000] in <7fdf22b76a554395b892b73f7625ddc3>:0 
  at UnityEngine.EventSystems.BaseInput.get_mousePosition () [0x00000] in .\Library\PackageCache\com.unity.ugui@23caec89ae27\Runtime\UGUI\EventSystem\InputModules\BaseInput.cs:95 
  at UnityEngine.EventSystems.StandaloneInputModule.UpdateModule () [0x00028] in .\Library\PackageCache\com.unity.ugui@23caec89ae27\Runtime\UGUI\EventSystem\InputModules\StandaloneInputModule.cs:175 
  at UnityEngine.EventSystems.EventSystem.TickModules () [0x00024] in .\Library\PackageCache\com.unity.ugui@23caec89ae27\Runtime\UGUI\EventSystem\EventSystem.cs:473 
  at UnityEngine.EventSystems.EventSystem.Update () [0x00019] in .\Library\PackageCache\com.unity.ugui@23caec89ae27\Runtime\UGUI\EventSystem\EventSystem.cs:493 
UnityEngine.StackTraceUtility:ExtractStringFromExceptionInternal(Object, String&, String&)

(Filename: ./Library/PackageCache/com.unity.ugui@23caec89ae27/Runtime/UGUI/EventSystem/InputModules/BaseInput.cs Line: 95)

InvalidOperationException: You are trying to read Input using the UnityEngine.Input class, but you have switched active Input handling to Input System package in Player Settings.
  at (wrapper managed-to-native) UnityEngine.Input.get_mousePosition_Injected(UnityEngine.Vector3&)
  at UnityEngine.Input.get_mousePosition () [0x00000] in <7fdf22b76a554395b892b73f7625ddc3>:0 
  at UnityEngine.EventSystems.BaseInput.get_mousePosition () [0x00000] in .\Library\PackageCache\com.unity.ugui@23caec89ae27\Runtime\UGUI\EventSystem\InputModules\BaseInput.cs:95 
  at UnityEngine.EventSystems.StandaloneInputModule.UpdateModule () [0x00028] in .\Library\PackageCache\com.unity.ugui@23caec89ae27\Runtime\UGUI\EventSystem\InputModules\StandaloneInputModule.cs:175 
  at UnityEngine.EventSystems.EventSystem.TickModules () [0x00024] in .\Library\PackageCache\com.unity.ugui@23caec89ae27\Runtime\UGUI\EventSystem\EventSystem.cs:473 
  at UnityEngine.EventSystems.EventSystem.Update () [0x00019] in .\Library\PackageCache\com.unity.ugui@23caec89ae27\Runtime\UGUI\EventSystem\EventSystem.cs:493 
UnityEngine.StackTraceUtility:ExtractStringFromExceptionInternal(Object, String&, String&)

(Filename: ./Library/PackageCache/com.unity.ugui@23caec89ae27/Runtime/UGUI/EventSystem/InputModules/BaseInput.cs Line: 95)

[Worker0] Imported GUID: 82c4c08d83a96d2469b75d7f04177fe8 - Path: Assets/Scripts/Menus/ingameMenus.cs - Importer: ScriptedImporter/UnityEditor.QuickSearchModule:UnityEditor.Search:ASIAI0B -> (ImportResultId: '2ad48db587b6c717c574a2d7d4c089e4') in 0.0228694 seconds
InvalidOperationException: You are trying to read Input using the UnityEngine.Input class, but you have switched active Input handling to Input System package in Player Settings.
  at (wrapper managed-to-native) UnityEngine.Input.get_mousePosition_Injected(UnityEngine.Vector3&)
  at UnityEngine.Input.get_mousePosition () [0x00000] in <7fdf22b76a554395b892b73f7625ddc3>:0 
  at UnityEngine.EventSystems.BaseInput.get_mousePosition () [0x00000] in .\Library\PackageCache\com.unity.ugui@23caec89ae27\Runtime\UGUI\EventSystem\InputModules\BaseInput.cs:95 
  at UnityEngine.EventSystems.StandaloneInputModule.UpdateModule () [0x00028] in .\Library\PackageCache\com.unity.ugui@23caec89ae27\Runtime\UGUI\EventSystem\InputModules\StandaloneInputModule.cs:175 
  at UnityEngine.EventSystems.EventSystem.TickModules () [0x00024] in .\Library\PackageCache\com.unity.ugui@23caec89ae27\Runtime\UGUI\EventSystem\EventSystem.cs:473 
  at UnityEngine.EventSystems.EventSystem.Update () [0x00019] in .\Library\PackageCache\com.unity.ugui@23caec89ae27\Runtime\UGUI\EventSystem\EventSystem.cs:493 
UnityEngine.StackTraceUtility:ExtractStringFromExceptionInternal(Object, String&, String&)

(Filename: ./Library/PackageCache/com.unity.ugui@23caec89ae27/Runtime/UGUI/EventSystem/InputModules/BaseInput.cs Line: 95)

InvalidOperationException: You are trying to read Input using the UnityEngine.Input class, but you have switched active Input handling to Input System package in Player Settings.
  at (wrapper managed-to-native) UnityEngine.Input.get_mousePosition_Injected(UnityEngine.Vector3&)
  at UnityEngine.Input.get_mousePosition () [0x00000] in <7fdf22b76a554395b892b73f7625ddc3>:0 
  at UnityEngine.EventSystems.BaseInput.get_mousePosition () [0x00000] in .\Library\PackageCache\com.unity.ugui@23caec89ae27\Runtime\UGUI\EventSystem\InputModules\BaseInput.cs:95 
  at UnityEngine.EventSystems.StandaloneInputModule.UpdateModule () [0x00028] in .\Library\PackageCache\com.unity.ugui@23caec89ae27\Runtime\UGUI\EventSystem\InputModules\StandaloneInputModule.cs:175 
  at UnityEngine.EventSystems.EventSystem.TickModules () [0x00024] in .\Library\PackageCache\com.unity.ugui@23caec89ae27\Runtime\UGUI\EventSystem\EventSystem.cs:473 
  at UnityEngine.EventSystems.EventSystem.Update () [0x00019] in .\Library\PackageCache\com.unity.ugui@23caec89ae27\Runtime\UGUI\EventSystem\EventSystem.cs:493 
UnityEngine.StackTraceUtility:ExtractStringFromExceptionInternal(Object, String&, String&)

(Filename: ./Library/PackageCache/com.unity.ugui@23caec89ae27/Runtime/UGUI/EventSystem/InputModules/BaseInput.cs Line: 95)

InvalidOperationException: You are trying to read Input using the UnityEngine.Input class, but you have switched active Input handling to Input System package in Player Settings.
  at (wrapper managed-to-native) UnityEngine.Input.get_mousePosition_Injected(UnityEngine.Vector3&)
  at UnityEngine.Input.get_mousePosition () [0x00000] in <7fdf22b76a554395b892b73f7625ddc3>:0 
  at UnityEngine.EventSystems.BaseInput.get_mousePosition () [0x00000] in .\Library\PackageCache\com.unity.ugui@23caec89ae27\Runtime\UGUI\EventSystem\InputModules\BaseInput.cs:95 
  at UnityEngine.EventSystems.StandaloneInputModule.UpdateModule () [0x00028] in .\Library\PackageCache\com.unity.ugui@23caec89ae27\Runtime\UGUI\EventSystem\InputModules\StandaloneInputModule.cs:175 
  at UnityEngine.EventSystems.EventSystem.TickModules () [0x00024] in .\Library\PackageCache\com.unity.ugui@23caec89ae27\Runtime\UGUI\EventSystem\EventSystem.cs:473 
  at UnityEngine.EventSystems.EventSystem.Update () [0x00019] in .\Library\PackageCache\com.unity.ugui@23caec89ae27\Runtime\UGUI\EventSystem\EventSystem.cs:493 
UnityEngine.StackTraceUtility:ExtractStringFromExceptionInternal(Object, String&, String&)

(Filename: ./Library/PackageCache/com.unity.ugui@23caec89ae27/Runtime/UGUI/EventSystem/InputModules/BaseInput.cs Line: 95)

InvalidOperationException: You are trying to read Input using the UnityEngine.Input class, but you have switched active Input handling to Input System package in Player Settings.
  at (wrapper managed-to-native) UnityEngine.Input.get_mousePosition_Injected(UnityEngine.Vector3&)
  at UnityEngine.Input.get_mousePosition () [0x00000] in <7fdf22b76a554395b892b73f7625ddc3>:0 
  at UnityEngine.EventSystems.BaseInput.get_mousePosition () [0x00000] in .\Library\PackageCache\com.unity.ugui@23caec89ae27\Runtime\UGUI\EventSystem\InputModules\BaseInput.cs:95 
  at UnityEngine.EventSystems.StandaloneInputModule.UpdateModule () [0x00028] in .\Library\PackageCache\com.unity.ugui@23caec89ae27\Runtime\UGUI\EventSystem\InputModules\StandaloneInputModule.cs:175 
  at UnityEngine.EventSystems.EventSystem.TickModules () [0x00024] in .\Library\PackageCache\com.unity.ugui@23caec89ae27\Runtime\UGUI\EventSystem\EventSystem.cs:473 
  at UnityEngine.EventSystems.EventSystem.Update () [0x00019] in .\Library\PackageCache\com.unity.ugui@23caec89ae27\Runtime\UGUI\EventSystem\EventSystem.cs:493 
UnityEngine.StackTraceUtility:ExtractStringFromExceptionInternal(Object, String&, String&)

(Filename: ./Library/PackageCache/com.unity.ugui@23caec89ae27/Runtime/UGUI/EventSystem/InputModules/BaseInput.cs Line: 95)

InvalidOperationException: You are trying to read Input using the UnityEngine.Input class, but you have switched active Input handling to Input System package in Player Settings.
  at (wrapper managed-to-native) UnityEngine.Input.get_mousePosition_Injected(UnityEngine.Vector3&)
  at UnityEngine.Input.get_mousePosition () [0x00000] in <7fdf22b76a554395b892b73f7625ddc3>:0 
  at UnityEngine.EventSystems.BaseInput.get_mousePosition () [0x00000] in .\Library\PackageCache\com.unity.ugui@23caec89ae27\Runtime\UGUI\EventSystem\InputModules\BaseInput.cs:95 
  at UnityEngine.EventSystems.StandaloneInputModule.UpdateModule () [0x00028] in .\Library\PackageCache\com.unity.ugui@23caec89ae27\Runtime\UGUI\EventSystem\InputModules\StandaloneInputModule.cs:175 
  at UnityEngine.EventSystems.EventSystem.TickModules () [0x00024] in .\Library\PackageCache\com.unity.ugui@23caec89ae27\Runtime\UGUI\EventSystem\EventSystem.cs:473 
  at UnityEngine.EventSystems.EventSystem.Update () [0x00019] in .\Library\PackageCache\com.unity.ugui@23caec89ae27\Runtime\UGUI\EventSystem\EventSystem.cs:493 
UnityEngine.StackTraceUtility:ExtractStringFromExceptionInternal(Object, String&, String&)

(Filename: ./Library/PackageCache/com.unity.ugui@23caec89ae27/Runtime/UGUI/EventSystem/InputModules/BaseInput.cs Line: 95)

InvalidOperationException: You are trying to read Input using the UnityEngine.Input class, but you have switched active Input handling to Input System package in Player Settings.
  at (wrapper managed-to-native) UnityEngine.Input.get_mousePosition_Injected(UnityEngine.Vector3&)
  at UnityEngine.Input.get_mousePosition () [0x00000] in <7fdf22b76a554395b892b73f7625ddc3>:0 
  at UnityEngine.EventSystems.BaseInput.get_mousePosition () [0x00000] in .\Library\PackageCache\com.unity.ugui@23caec89ae27\Runtime\UGUI\EventSystem\InputModules\BaseInput.cs:95 
  at UnityEngine.EventSystems.StandaloneInputModule.UpdateModule () [0x00028] in .\Library\PackageCache\com.unity.ugui@23caec89ae27\Runtime\UGUI\EventSystem\InputModules\StandaloneInputModule.cs:175 
  at UnityEngine.EventSystems.EventSystem.TickModules () [0x00024] in .\Library\PackageCache\com.unity.ugui@23caec89ae27\Runtime\UGUI\EventSystem\EventSystem.cs:473 
  at UnityEngine.EventSystems.EventSystem.Update () [0x00019] in .\Library\PackageCache\com.unity.ugui@23caec89ae27\Runtime\UGUI\EventSystem\EventSystem.cs:493 
UnityEngine.StackTraceUtility:ExtractStringFromExceptionInternal(Object, String&, String&)

(Filename: ./Library/PackageCache/com.unity.ugui@23caec89ae27/Runtime/UGUI/EventSystem/InputModules/BaseInput.cs Line: 95)

InvalidOperationException: You are trying to read Input using the UnityEngine.Input class, but you have switched active Input handling to Input System package in Player Settings.
  at (wrapper managed-to-native) UnityEngine.Input.get_mousePosition_Injected(UnityEngine.Vector3&)
  at UnityEngine.Input.get_mousePosition () [0x00000] in <7fdf22b76a554395b892b73f7625ddc3>:0 
  at UnityEngine.EventSystems.BaseInput.get_mousePosition () [0x00000] in .\Library\PackageCache\com.unity.ugui@23caec89ae27\Runtime\UGUI\EventSystem\InputModules\BaseInput.cs:95 
  at UnityEngine.EventSystems.StandaloneInputModule.UpdateModule () [0x00028] in .\Library\PackageCache\com.unity.ugui@23caec89ae27\Runtime\UGUI\EventSystem\InputModules\StandaloneInputModule.cs:175 
  at UnityEngine.EventSystems.EventSystem.TickModules () [0x00024] in .\Library\PackageCache\com.unity.ugui@23caec89ae27\Runtime\UGUI\EventSystem\EventSystem.cs:473 
  at UnityEngine.EventSystems.EventSystem.Update () [0x00019] in .\Library\PackageCache\com.unity.ugui@23caec89ae27\Runtime\UGUI\EventSystem\EventSystem.cs:493 
UnityEngine.StackTraceUtility:ExtractStringFromExceptionInternal(Object, String&, String&)

(Filename: ./Library/PackageCache/com.unity.ugui@23caec89ae27/Runtime/UGUI/EventSystem/InputModules/BaseInput.cs Line: 95)

InvalidOperationException: You are trying to read Input using the UnityEngine.Input class, but you have switched active Input handling to Input System package in Player Settings.
  at (wrapper managed-to-native) UnityEngine.Input.get_mousePosition_Injected(UnityEngine.Vector3&)
  at UnityEngine.Input.get_mousePosition () [0x00000] in <7fdf22b76a554395b892b73f7625ddc3>:0 
  at UnityEngine.EventSystems.BaseInput.get_mousePosition () [0x00000] in .\Library\PackageCache\com.unity.ugui@23caec89ae27\Runtime\UGUI\EventSystem\InputModules\BaseInput.cs:95 
  at UnityEngine.EventSystems.StandaloneInputModule.UpdateModule () [0x00028] in .\Library\PackageCache\com.unity.ugui@23caec89ae27\Runtime\UGUI\EventSystem\InputModules\StandaloneInputModule.cs:175 
  at UnityEngine.EventSystems.EventSystem.TickModules () [0x00024] in .\Library\PackageCache\com.unity.ugui@23caec89ae27\Runtime\UGUI\EventSystem\EventSystem.cs:473 
  at UnityEngine.EventSystems.EventSystem.Update () [0x00019] in .\Library\PackageCache\com.unity.ugui@23caec89ae27\Runtime\UGUI\EventSystem\EventSystem.cs:493 
UnityEngine.StackTraceUtility:ExtractStringFromExceptionInternal(Object, String&, String&)

(Filename: ./Library/PackageCache/com.unity.ugui@23caec89ae27/Runtime/UGUI/EventSystem/InputModules/BaseInput.cs Line: 95)

InvalidOperationException: You are trying to read Input using the UnityEngine.Input class, but you have switched active Input handling to Input System package in Player Settings.
  at (wrapper managed-to-native) UnityEngine.Input.get_mousePosition_Injected(UnityEngine.Vector3&)
  at UnityEngine.Input.get_mousePosition () [0x00000] in <7fdf22b76a554395b892b73f7625ddc3>:0 
  at UnityEngine.EventSystems.BaseInput.get_mousePosition () [0x00000] in .\Library\PackageCache\com.unity.ugui@23caec89ae27\Runtime\UGUI\EventSystem\InputModules\BaseInput.cs:95 
  at UnityEngine.EventSystems.StandaloneInputModule.UpdateModule () [0x00028] in .\Library\PackageCache\com.unity.ugui@23caec89ae27\Runtime\UGUI\EventSystem\InputModules\StandaloneInputModule.cs:175 
  at UnityEngine.EventSystems.EventSystem.TickModules () [0x00024] in .\Library\PackageCache\com.unity.ugui@23caec89ae27\Runtime\UGUI\EventSystem\EventSystem.cs:473 
  at UnityEngine.EventSystems.EventSystem.Update () [0x00019] in .\Library\PackageCache\com.unity.ugui@23caec89ae27\Runtime\UGUI\EventSystem\EventSystem.cs:493 
UnityEngine.StackTraceUtility:ExtractStringFromExceptionInternal(Object, String&, String&)

(Filename: ./Library/PackageCache/com.unity.ugui@23caec89ae27/Runtime/UGUI/EventSystem/InputModules/BaseInput.cs Line: 95)

InvalidOperationException: You are trying to read Input using the UnityEngine.Input class, but you have switched active Input handling to Input System package in Player Settings.
  at (wrapper managed-to-native) UnityEngine.Input.get_mousePosition_Injected(UnityEngine.Vector3&)
  at UnityEngine.Input.get_mousePosition () [0x00000] in <7fdf22b76a554395b892b73f7625ddc3>:0 
  at UnityEngine.EventSystems.BaseInput.get_mousePosition () [0x00000] in .\Library\PackageCache\com.unity.ugui@23caec89ae27\Runtime\UGUI\EventSystem\InputModules\BaseInput.cs:95 
  at UnityEngine.EventSystems.StandaloneInputModule.UpdateModule () [0x00028] in .\Library\PackageCache\com.unity.ugui@23caec89ae27\Runtime\UGUI\EventSystem\InputModules\StandaloneInputModule.cs:175 
  at UnityEngine.EventSystems.EventSystem.TickModules () [0x00024] in .\Library\PackageCache\com.unity.ugui@23caec89ae27\Runtime\UGUI\EventSystem\EventSystem.cs:473 
  at UnityEngine.EventSystems.EventSystem.Update () [0x00019] in .\Library\PackageCache\com.unity.ugui@23caec89ae27\Runtime\UGUI\EventSystem\EventSystem.cs:493 
UnityEngine.StackTraceUtility:ExtractStringFromExceptionInternal(Object, String&, String&)

(Filename: ./Library/PackageCache/com.unity.ugui@23caec89ae27/Runtime/UGUI/EventSystem/InputModules/BaseInput.cs Line: 95)

[Worker0] Imported GUID: 8f586378b4e144a9851e7b34d9b748ee - Path: Assets/TextMesh Pro/Resources/Fonts & Materials/LiberationSans SDF.asset - Importer: ScriptedImporter/UnityEditor.QuickSearchModule:UnityEditor.Search:ASIAI0B -> (ImportResultId: '40204e0743cdab5ff708938168973af9') in 0.0996675 seconds
InvalidOperationException: You are trying to read Input using the UnityEngine.Input class, but you have switched active Input handling to Input System package in Player Settings.
  at (wrapper managed-to-native) UnityEngine.Input.get_mousePosition_Injected(UnityEngine.Vector3&)
  at UnityEngine.Input.get_mousePosition () [0x00000] in <7fdf22b76a554395b892b73f7625ddc3>:0 
  at UnityEngine.EventSystems.BaseInput.get_mousePosition () [0x00000] in .\Library\PackageCache\com.unity.ugui@23caec89ae27\Runtime\UGUI\EventSystem\InputModules\BaseInput.cs:95 
  at UnityEngine.EventSystems.StandaloneInputModule.UpdateModule () [0x00028] in .\Library\PackageCache\com.unity.ugui@23caec89ae27\Runtime\UGUI\EventSystem\InputModules\StandaloneInputModule.cs:175 
  at UnityEngine.EventSystems.EventSystem.TickModules () [0x00024] in .\Library\PackageCache\com.unity.ugui@23caec89ae27\Runtime\UGUI\EventSystem\EventSystem.cs:473 
  at UnityEngine.EventSystems.EventSystem.Update () [0x00019] in .\Library\PackageCache\com.unity.ugui@23caec89ae27\Runtime\UGUI\EventSystem\EventSystem.cs:493 
UnityEngine.StackTraceUtility:ExtractStringFromExceptionInternal(Object, String&, String&)

(Filename: ./Library/PackageCache/com.unity.ugui@23caec89ae27/Runtime/UGUI/EventSystem/InputModules/BaseInput.cs Line: 95)

InvalidOperationException: You are trying to read Input using the UnityEngine.Input class, but you have switched active Input handling to Input System package in Player Settings.
  at (wrapper managed-to-native) UnityEngine.Input.get_mousePosition_Injected(UnityEngine.Vector3&)
  at UnityEngine.Input.get_mousePosition () [0x00000] in <7fdf22b76a554395b892b73f7625ddc3>:0 
  at UnityEngine.EventSystems.BaseInput.get_mousePosition () [0x00000] in .\Library\PackageCache\com.unity.ugui@23caec89ae27\Runtime\UGUI\EventSystem\InputModules\BaseInput.cs:95 
  at UnityEngine.EventSystems.StandaloneInputModule.UpdateModule () [0x00028] in .\Library\PackageCache\com.unity.ugui@23caec89ae27\Runtime\UGUI\EventSystem\InputModules\StandaloneInputModule.cs:175 
  at UnityEngine.EventSystems.EventSystem.TickModules () [0x00024] in .\Library\PackageCache\com.unity.ugui@23caec89ae27\Runtime\UGUI\EventSystem\EventSystem.cs:473 
  at UnityEngine.EventSystems.EventSystem.Update () [0x00019] in .\Library\PackageCache\com.unity.ugui@23caec89ae27\Runtime\UGUI\EventSystem\EventSystem.cs:493 
UnityEngine.StackTraceUtility:ExtractStringFromExceptionInternal(Object, String&, String&)

(Filename: ./Library/PackageCache/com.unity.ugui@23caec89ae27/Runtime/UGUI/EventSystem/InputModules/BaseInput.cs Line: 95)

[Worker0] Imported GUID: e147ef7773d8b95438863d336c0508ee - Path: Assets/Scripts/Menus/CanvasMenu.cs - Importer: ScriptedImporter/UnityEditor.QuickSearchModule:UnityEditor.Search:ASIAI0B -> (ImportResultId: '246fe3c8754d3171d269a813db801083') in 0.02649 seconds
InvalidOperationException: You are trying to read Input using the UnityEngine.Input class, but you have switched active Input handling to Input System package in Player Settings.
  at (wrapper managed-to-native) UnityEngine.Input.get_mousePosition_Injected(UnityEngine.Vector3&)
  at UnityEngine.Input.get_mousePosition () [0x00000] in <7fdf22b76a554395b892b73f7625ddc3>:0 
  at UnityEngine.EventSystems.BaseInput.get_mousePosition () [0x00000] in .\Library\PackageCache\com.unity.ugui@23caec89ae27\Runtime\UGUI\EventSystem\InputModules\BaseInput.cs:95 
  at UnityEngine.EventSystems.StandaloneInputModule.UpdateModule () [0x00028] in .\Library\PackageCache\com.unity.ugui@23caec89ae27\Runtime\UGUI\EventSystem\InputModules\StandaloneInputModule.cs:175 
  at UnityEngine.EventSystems.EventSystem.TickModules () [0x00024] in .\Library\PackageCache\com.unity.ugui@23caec89ae27\Runtime\UGUI\EventSystem\EventSystem.cs:473 
  at UnityEngine.EventSystems.EventSystem.Update () [0x00019] in .\Library\PackageCache\com.unity.ugui@23caec89ae27\Runtime\UGUI\EventSystem\EventSystem.cs:493 
UnityEngine.StackTraceUtility:ExtractStringFromExceptionInternal(Object, String&, String&)

(Filename: ./Library/PackageCache/com.unity.ugui@23caec89ae27/Runtime/UGUI/EventSystem/InputModules/BaseInput.cs Line: 95)

[Worker0] Imported GUID: 11da741896780bc4d80f962e01b18669 - Path: Assets/Scripts/Settings/OptionsMenu.cs - Importer: ScriptedImporter/UnityEditor.QuickSearchModule:UnityEditor.Search:ASIAI0B -> (ImportResultId: '468654fdb05e66b5f1393dfba179cd4e') in 0.0241919 seconds
InvalidOperationException: You are trying to read Input using the UnityEngine.Input class, but you have switched active Input handling to Input System package in Player Settings.
  at (wrapper managed-to-native) UnityEngine.Input.get_mousePosition_Injected(UnityEngine.Vector3&)
  at UnityEngine.Input.get_mousePosition () [0x00000] in <7fdf22b76a554395b892b73f7625ddc3>:0 
  at UnityEngine.EventSystems.BaseInput.get_mousePosition () [0x00000] in .\Library\PackageCache\com.unity.ugui@23caec89ae27\Runtime\UGUI\EventSystem\InputModules\BaseInput.cs:95 
  at UnityEngine.EventSystems.StandaloneInputModule.UpdateModule () [0x00028] in .\Library\PackageCache\com.unity.ugui@23caec89ae27\Runtime\UGUI\EventSystem\InputModules\StandaloneInputModule.cs:175 
  at UnityEngine.EventSystems.EventSystem.TickModules () [0x00024] in .\Library\PackageCache\com.unity.ugui@23caec89ae27\Runtime\UGUI\EventSystem\EventSystem.cs:473 
  at UnityEngine.EventSystems.EventSystem.Update () [0x00019] in .\Library\PackageCache\com.unity.ugui@23caec89ae27\Runtime\UGUI\EventSystem\EventSystem.cs:493 
UnityEngine.StackTraceUtility:ExtractStringFromExceptionInternal(Object, String&, String&)

(Filename: ./Library/PackageCache/com.unity.ugui@23caec89ae27/Runtime/UGUI/EventSystem/InputModules/BaseInput.cs Line: 95)

InvalidOperationException: You are trying to read Input using the UnityEngine.Input class, but you have switched active Input handling to Input System package in Player Settings.
  at (wrapper managed-to-native) UnityEngine.Input.get_mousePosition_Injected(UnityEngine.Vector3&)
  at UnityEngine.Input.get_mousePosition () [0x00000] in <7fdf22b76a554395b892b73f7625ddc3>:0 
  at UnityEngine.EventSystems.BaseInput.get_mousePosition () [0x00000] in .\Library\PackageCache\com.unity.ugui@23caec89ae27\Runtime\UGUI\EventSystem\InputModules\BaseInput.cs:95 
  at UnityEngine.EventSystems.StandaloneInputModule.UpdateModule () [0x00028] in .\Library\PackageCache\com.unity.ugui@23caec89ae27\Runtime\UGUI\EventSystem\InputModules\StandaloneInputModule.cs:175 
  at UnityEngine.EventSystems.EventSystem.TickModules () [0x00024] in .\Library\PackageCache\com.unity.ugui@23caec89ae27\Runtime\UGUI\EventSystem\EventSystem.cs:473 
  at UnityEngine.EventSystems.EventSystem.Update () [0x00019] in .\Library\PackageCache\com.unity.ugui@23caec89ae27\Runtime\UGUI\EventSystem\EventSystem.cs:493 
UnityEngine.StackTraceUtility:ExtractStringFromExceptionInternal(Object, String&, String&)

(Filename: ./Library/PackageCache/com.unity.ugui@23caec89ae27/Runtime/UGUI/EventSystem/InputModules/BaseInput.cs Line: 95)

[Worker0] Imported GUID: 355b8b78ee86752428ed0935cddf074d - Path: Assets/Prefabs/Level Essentials/Sound Controller.prefab - Importer: ScriptedImporter/UnityEditor.QuickSearchModule:UnityEditor.Search:ASIAI0B -> (ImportResultId: '27f04e6b5b2cd70c8533fb4f6f1edcd2') in 0.0340522 seconds
InvalidOperationException: You are trying to read Input using the UnityEngine.Input class, but you have switched active Input handling to Input System package in Player Settings.
  at (wrapper managed-to-native) UnityEngine.Input.get_mousePosition_Injected(UnityEngine.Vector3&)
  at UnityEngine.Input.get_mousePosition () [0x00000] in <7fdf22b76a554395b892b73f7625ddc3>:0 
  at UnityEngine.EventSystems.BaseInput.get_mousePosition () [0x00000] in .\Library\PackageCache\com.unity.ugui@23caec89ae27\Runtime\UGUI\EventSystem\InputModules\BaseInput.cs:95 
  at UnityEngine.EventSystems.StandaloneInputModule.UpdateModule () [0x00028] in .\Library\PackageCache\com.unity.ugui@23caec89ae27\Runtime\UGUI\EventSystem\InputModules\StandaloneInputModule.cs:175 
  at UnityEngine.EventSystems.EventSystem.TickModules () [0x00024] in .\Library\PackageCache\com.unity.ugui@23caec89ae27\Runtime\UGUI\EventSystem\EventSystem.cs:473 
  at UnityEngine.EventSystems.EventSystem.Update () [0x00019] in .\Library\PackageCache\com.unity.ugui@23caec89ae27\Runtime\UGUI\EventSystem\EventSystem.cs:493 
UnityEngine.StackTraceUtility:ExtractStringFromExceptionInternal(Object, String&, String&)

(Filename: ./Library/PackageCache/com.unity.ugui@23caec89ae27/Runtime/UGUI/EventSystem/InputModules/BaseInput.cs Line: 95)

InvalidOperationException: You are trying to read Input using the UnityEngine.Input class, but you have switched active Input handling to Input System package in Player Settings.
  at (wrapper managed-to-native) UnityEngine.Input.get_mousePosition_Injected(UnityEngine.Vector3&)
  at UnityEngine.Input.get_mousePosition () [0x00000] in <7fdf22b76a554395b892b73f7625ddc3>:0 
  at UnityEngine.EventSystems.BaseInput.get_mousePosition () [0x00000] in .\Library\PackageCache\com.unity.ugui@23caec89ae27\Runtime\UGUI\EventSystem\InputModules\BaseInput.cs:95 
  at UnityEngine.EventSystems.StandaloneInputModule.UpdateModule () [0x00028] in .\Library\PackageCache\com.unity.ugui@23caec89ae27\Runtime\UGUI\EventSystem\InputModules\StandaloneInputModule.cs:175 
  at UnityEngine.EventSystems.EventSystem.TickModules () [0x00024] in .\Library\PackageCache\com.unity.ugui@23caec89ae27\Runtime\UGUI\EventSystem\EventSystem.cs:473 
  at UnityEngine.EventSystems.EventSystem.Update () [0x00019] in .\Library\PackageCache\com.unity.ugui@23caec89ae27\Runtime\UGUI\EventSystem\EventSystem.cs:493 
UnityEngine.StackTraceUtility:ExtractStringFromExceptionInternal(Object, String&, String&)

(Filename: ./Library/PackageCache/com.unity.ugui@23caec89ae27/Runtime/UGUI/EventSystem/InputModules/BaseInput.cs Line: 95)

[Worker0] Imported GUID: 76a2e1d34f83d054fa500c310ee5f3f0 - Path: Assets/Scripts/SceneController.cs - Importer: ScriptedImporter/UnityEditor.QuickSearchModule:UnityEditor.Search:ASIAI0B -> (ImportResultId: '7778063d2e01350729e4265da9897652') in 0.0347692 seconds
InvalidOperationException: You are trying to read Input using the UnityEngine.Input class, but you have switched active Input handling to Input System package in Player Settings.
  at (wrapper managed-to-native) UnityEngine.Input.get_mousePosition_Injected(UnityEngine.Vector3&)
  at UnityEngine.Input.get_mousePosition () [0x00000] in <7fdf22b76a554395b892b73f7625ddc3>:0 
  at UnityEngine.EventSystems.BaseInput.get_mousePosition () [0x00000] in .\Library\PackageCache\com.unity.ugui@23caec89ae27\Runtime\UGUI\EventSystem\InputModules\BaseInput.cs:95 
  at UnityEngine.EventSystems.StandaloneInputModule.UpdateModule () [0x00028] in .\Library\PackageCache\com.unity.ugui@23caec89ae27\Runtime\UGUI\EventSystem\InputModules\StandaloneInputModule.cs:175 
  at UnityEngine.EventSystems.EventSystem.TickModules () [0x00024] in .\Library\PackageCache\com.unity.ugui@23caec89ae27\Runtime\UGUI\EventSystem\EventSystem.cs:473 
  at UnityEngine.EventSystems.EventSystem.Update () [0x00019] in .\Library\PackageCache\com.unity.ugui@23caec89ae27\Runtime\UGUI\EventSystem\EventSystem.cs:493 
UnityEngine.StackTraceUtility:ExtractStringFromExceptionInternal(Object, String&, String&)

(Filename: ./Library/PackageCache/com.unity.ugui@23caec89ae27/Runtime/UGUI/EventSystem/InputModules/BaseInput.cs Line: 95)

[Worker0] Imported GUID: 18f7ae7600b986e47b7b9b0e3e19a2d0 - Path: Assets/Scripts/Sounds/SoundController.cs - Importer: ScriptedImporter/UnityEditor.QuickSearchModule:UnityEditor.Search:ASIAI0B -> (ImportResultId: '561c7ad3dc9c527e46a11804d9d2d598') in 0.0220719 seconds
InvalidOperationException: You are trying to read Input using the UnityEngine.Input class, but you have switched active Input handling to Input System package in Player Settings.
  at (wrapper managed-to-native) UnityEngine.Input.get_mousePosition_Injected(UnityEngine.Vector3&)
  at UnityEngine.Input.get_mousePosition () [0x00000] in <7fdf22b76a554395b892b73f7625ddc3>:0 
  at UnityEngine.EventSystems.BaseInput.get_mousePosition () [0x00000] in .\Library\PackageCache\com.unity.ugui@23caec89ae27\Runtime\UGUI\EventSystem\InputModules\BaseInput.cs:95 
  at UnityEngine.EventSystems.StandaloneInputModule.UpdateModule () [0x00028] in .\Library\PackageCache\com.unity.ugui@23caec89ae27\Runtime\UGUI\EventSystem\InputModules\StandaloneInputModule.cs:175 
  at UnityEngine.EventSystems.EventSystem.TickModules () [0x00024] in .\Library\PackageCache\com.unity.ugui@23caec89ae27\Runtime\UGUI\EventSystem\EventSystem.cs:473 
  at UnityEngine.EventSystems.EventSystem.Update () [0x00019] in .\Library\PackageCache\com.unity.ugui@23caec89ae27\Runtime\UGUI\EventSystem\EventSystem.cs:493 
UnityEngine.StackTraceUtility:ExtractStringFromExceptionInternal(Object, String&, String&)

(Filename: ./Library/PackageCache/com.unity.ugui@23caec89ae27/Runtime/UGUI/EventSystem/InputModules/BaseInput.cs Line: 95)

InvalidOperationException: You are trying to read Input using the UnityEngine.Input class, but you have switched active Input handling to Input System package in Player Settings.
  at (wrapper managed-to-native) UnityEngine.Input.get_mousePosition_Injected(UnityEngine.Vector3&)
  at UnityEngine.Input.get_mousePosition () [0x00000] in <7fdf22b76a554395b892b73f7625ddc3>:0 
  at UnityEngine.EventSystems.BaseInput.get_mousePosition () [0x00000] in .\Library\PackageCache\com.unity.ugui@23caec89ae27\Runtime\UGUI\EventSystem\InputModules\BaseInput.cs:95 
  at UnityEngine.EventSystems.StandaloneInputModule.UpdateModule () [0x00028] in .\Library\PackageCache\com.unity.ugui@23caec89ae27\Runtime\UGUI\EventSystem\InputModules\StandaloneInputModule.cs:175 
  at UnityEngine.EventSystems.EventSystem.TickModules () [0x00024] in .\Library\PackageCache\com.unity.ugui@23caec89ae27\Runtime\UGUI\EventSystem\EventSystem.cs:473 
  at UnityEngine.EventSystems.EventSystem.Update () [0x00019] in .\Library\PackageCache\com.unity.ugui@23caec89ae27\Runtime\UGUI\EventSystem\EventSystem.cs:493 
UnityEngine.StackTraceUtility:ExtractStringFromExceptionInternal(Object, String&, String&)

(Filename: ./Library/PackageCache/com.unity.ugui@23caec89ae27/Runtime/UGUI/EventSystem/InputModules/BaseInput.cs Line: 95)

InvalidOperationException: You are trying to read Input using the UnityEngine.Input class, but you have switched active Input handling to Input System package in Player Settings.
  at (wrapper managed-to-native) UnityEngine.Input.get_mousePosition_Injected(UnityEngine.Vector3&)
  at UnityEngine.Input.get_mousePosition () [0x00000] in <7fdf22b76a554395b892b73f7625ddc3>:0 
  at UnityEngine.EventSystems.BaseInput.get_mousePosition () [0x00000] in .\Library\PackageCache\com.unity.ugui@23caec89ae27\Runtime\UGUI\EventSystem\InputModules\BaseInput.cs:95 
  at UnityEngine.EventSystems.StandaloneInputModule.UpdateModule () [0x00028] in .\Library\PackageCache\com.unity.ugui@23caec89ae27\Runtime\UGUI\EventSystem\InputModules\StandaloneInputModule.cs:175 
  at UnityEngine.EventSystems.EventSystem.TickModules () [0x00024] in .\Library\PackageCache\com.unity.ugui@23caec89ae27\Runtime\UGUI\EventSystem\EventSystem.cs:473 
  at UnityEngine.EventSystems.EventSystem.Update () [0x00019] in .\Library\PackageCache\com.unity.ugui@23caec89ae27\Runtime\UGUI\EventSystem\EventSystem.cs:493 
UnityEngine.StackTraceUtility:ExtractStringFromExceptionInternal(Object, String&, String&)

(Filename: ./Library/PackageCache/com.unity.ugui@23caec89ae27/Runtime/UGUI/EventSystem/InputModules/BaseInput.cs Line: 95)

[Worker0] Imported GUID: 2e498d1c8094910479dc3e1b768306a4 - Path: Assets/TextMesh Pro/Resources/Fonts & Materials/LiberationSans SDF - Fallback.asset - Importer: ScriptedImporter/UnityEditor.QuickSearchModule:UnityEditor.Search:ASIAI0B -> (ImportResultId: 'f703c4160229a6fa9cee6f5e33b8db0a') in 0.0394812 seconds
InvalidOperationException: You are trying to read Input using the UnityEngine.Input class, but you have switched active Input handling to Input System package in Player Settings.
  at (wrapper managed-to-native) UnityEngine.Input.get_mousePosition_Injected(UnityEngine.Vector3&)
  at UnityEngine.Input.get_mousePosition () [0x00000] in <7fdf22b76a554395b892b73f7625ddc3>:0 
  at UnityEngine.EventSystems.BaseInput.get_mousePosition () [0x00000] in .\Library\PackageCache\com.unity.ugui@23caec89ae27\Runtime\UGUI\EventSystem\InputModules\BaseInput.cs:95 
  at UnityEngine.EventSystems.StandaloneInputModule.UpdateModule () [0x00028] in .\Library\PackageCache\com.unity.ugui@23caec89ae27\Runtime\UGUI\EventSystem\InputModules\StandaloneInputModule.cs:175 
  at UnityEngine.EventSystems.EventSystem.TickModules () [0x00024] in .\Library\PackageCache\com.unity.ugui@23caec89ae27\Runtime\UGUI\EventSystem\EventSystem.cs:473 
  at UnityEngine.EventSystems.EventSystem.Update () [0x00019] in .\Library\PackageCache\com.unity.ugui@23caec89ae27\Runtime\UGUI\EventSystem\EventSystem.cs:493 
UnityEngine.StackTraceUtility:ExtractStringFromExceptionInternal(Object, String&, String&)

(Filename: ./Library/PackageCache/com.unity.ugui@23caec89ae27/Runtime/UGUI/EventSystem/InputModules/BaseInput.cs Line: 95)

InvalidOperationException: You are trying to read Input using the UnityEngine.Input class, but you have switched active Input handling to Input System package in Player Settings.
  at (wrapper managed-to-native) UnityEngine.Input.get_mousePosition_Injected(UnityEngine.Vector3&)
  at UnityEngine.Input.get_mousePosition () [0x00000] in <7fdf22b76a554395b892b73f7625ddc3>:0 
  at UnityEngine.EventSystems.BaseInput.get_mousePosition () [0x00000] in .\Library\PackageCache\com.unity.ugui@23caec89ae27\Runtime\UGUI\EventSystem\InputModules\BaseInput.cs:95 
  at UnityEngine.EventSystems.StandaloneInputModule.UpdateModule () [0x00028] in .\Library\PackageCache\com.unity.ugui@23caec89ae27\Runtime\UGUI\EventSystem\InputModules\StandaloneInputModule.cs:175 
  at UnityEngine.EventSystems.EventSystem.TickModules () [0x00024] in .\Library\PackageCache\com.unity.ugui@23caec89ae27\Runtime\UGUI\EventSystem\EventSystem.cs:473 
  at UnityEngine.EventSystems.EventSystem.Update () [0x00019] in .\Library\PackageCache\com.unity.ugui@23caec89ae27\Runtime\UGUI\EventSystem\EventSystem.cs:493 
UnityEngine.StackTraceUtility:ExtractStringFromExceptionInternal(Object, String&, String&)

(Filename: ./Library/PackageCache/com.unity.ugui@23caec89ae27/Runtime/UGUI/EventSystem/InputModules/BaseInput.cs Line: 95)

InvalidOperationException: You are trying to read Input using the UnityEngine.Input class, but you have switched active Input handling to Input System package in Player Settings.
  at (wrapper managed-to-native) UnityEngine.Input.get_mousePosition_Injected(UnityEngine.Vector3&)
  at UnityEngine.Input.get_mousePosition () [0x00000] in <7fdf22b76a554395b892b73f7625ddc3>:0 
  at UnityEngine.EventSystems.BaseInput.get_mousePosition () [0x00000] in .\Library\PackageCache\com.unity.ugui@23caec89ae27\Runtime\UGUI\EventSystem\InputModules\BaseInput.cs:95 
  at UnityEngine.EventSystems.StandaloneInputModule.UpdateModule () [0x00028] in .\Library\PackageCache\com.unity.ugui@23caec89ae27\Runtime\UGUI\EventSystem\InputModules\StandaloneInputModule.cs:175 
  at UnityEngine.EventSystems.EventSystem.TickModules () [0x00024] in .\Library\PackageCache\com.unity.ugui@23caec89ae27\Runtime\UGUI\EventSystem\EventSystem.cs:473 
  at UnityEngine.EventSystems.EventSystem.Update () [0x00019] in .\Library\PackageCache\com.unity.ugui@23caec89ae27\Runtime\UGUI\EventSystem\EventSystem.cs:493 
UnityEngine.StackTraceUtility:ExtractStringFromExceptionInternal(Object, String&, String&)

(Filename: ./Library/PackageCache/com.unity.ugui@23caec89ae27/Runtime/UGUI/EventSystem/InputModules/BaseInput.cs Line: 95)

InvalidOperationException: You are trying to read Input using the UnityEngine.Input class, but you have switched active Input handling to Input System package in Player Settings.
  at (wrapper managed-to-native) UnityEngine.Input.get_mousePosition_Injected(UnityEngine.Vector3&)
  at UnityEngine.Input.get_mousePosition () [0x00000] in <7fdf22b76a554395b892b73f7625ddc3>:0 
  at UnityEngine.EventSystems.BaseInput.get_mousePosition () [0x00000] in .\Library\PackageCache\com.unity.ugui@23caec89ae27\Runtime\UGUI\EventSystem\InputModules\BaseInput.cs:95 
  at UnityEngine.EventSystems.StandaloneInputModule.UpdateModule () [0x00028] in .\Library\PackageCache\com.unity.ugui@23caec89ae27\Runtime\UGUI\EventSystem\InputModules\StandaloneInputModule.cs:175 
  at UnityEngine.EventSystems.EventSystem.TickModules () [0x00024] in .\Library\PackageCache\com.unity.ugui@23caec89ae27\Runtime\UGUI\EventSystem\EventSystem.cs:473 
  at UnityEngine.EventSystems.EventSystem.Update () [0x00019] in .\Library\PackageCache\com.unity.ugui@23caec89ae27\Runtime\UGUI\EventSystem\EventSystem.cs:493 
UnityEngine.StackTraceUtility:ExtractStringFromExceptionInternal(Object, String&, String&)

(Filename: ./Library/PackageCache/com.unity.ugui@23caec89ae27/Runtime/UGUI/EventSystem/InputModules/BaseInput.cs Line: 95)

[Worker0] Imported GUID: e3265ab4bf004d28a9537516768c1c75 - Path: Assets/TextMesh Pro/Fonts/LiberationSans.ttf - Importer: ScriptedImporter/UnityEditor.QuickSearchModule:UnityEditor.Search:ASIAI0B -> (ImportResultId: 'b29637eabd8b232d57db21fb35e2369f') in 0.0392878 seconds
InvalidOperationException: You are trying to read Input using the UnityEngine.Input class, but you have switched active Input handling to Input System package in Player Settings.
  at (wrapper managed-to-native) UnityEngine.Input.get_mousePosition_Injected(UnityEngine.Vector3&)
  at UnityEngine.Input.get_mousePosition () [0x00000] in <7fdf22b76a554395b892b73f7625ddc3>:0 
  at UnityEngine.EventSystems.BaseInput.get_mousePosition () [0x00000] in .\Library\PackageCache\com.unity.ugui@23caec89ae27\Runtime\UGUI\EventSystem\InputModules\BaseInput.cs:95 
  at UnityEngine.EventSystems.StandaloneInputModule.UpdateModule () [0x00028] in .\Library\PackageCache\com.unity.ugui@23caec89ae27\Runtime\UGUI\EventSystem\InputModules\StandaloneInputModule.cs:175 
  at UnityEngine.EventSystems.EventSystem.TickModules () [0x00024] in .\Library\PackageCache\com.unity.ugui@23caec89ae27\Runtime\UGUI\EventSystem\EventSystem.cs:473 
  at UnityEngine.EventSystems.EventSystem.Update () [0x00019] in .\Library\PackageCache\com.unity.ugui@23caec89ae27\Runtime\UGUI\EventSystem\EventSystem.cs:493 
UnityEngine.StackTraceUtility:ExtractStringFromExceptionInternal(Object, String&, String&)

(Filename: ./Library/PackageCache/com.unity.ugui@23caec89ae27/Runtime/UGUI/EventSystem/InputModules/BaseInput.cs Line: 95)

InvalidOperationException: You are trying to read Input using the UnityEngine.Input class, but you have switched active Input handling to Input System package in Player Settings.
  at (wrapper managed-to-native) UnityEngine.Input.get_mousePosition_Injected(UnityEngine.Vector3&)
  at UnityEngine.Input.get_mousePosition () [0x00000] in <7fdf22b76a554395b892b73f7625ddc3>:0 
  at UnityEngine.EventSystems.BaseInput.get_mousePosition () [0x00000] in .\Library\PackageCache\com.unity.ugui@23caec89ae27\Runtime\UGUI\EventSystem\InputModules\BaseInput.cs:95 
  at UnityEngine.EventSystems.StandaloneInputModule.UpdateModule () [0x00028] in .\Library\PackageCache\com.unity.ugui@23caec89ae27\Runtime\UGUI\EventSystem\InputModules\StandaloneInputModule.cs:175 
  at UnityEngine.EventSystems.EventSystem.TickModules () [0x00024] in .\Library\PackageCache\com.unity.ugui@23caec89ae27\Runtime\UGUI\EventSystem\EventSystem.cs:473 
  at UnityEngine.EventSystems.EventSystem.Update () [0x00019] in .\Library\PackageCache\com.unity.ugui@23caec89ae27\Runtime\UGUI\EventSystem\EventSystem.cs:493 
UnityEngine.StackTraceUtility:ExtractStringFromExceptionInternal(Object, String&, String&)

(Filename: ./Library/PackageCache/com.unity.ugui@23caec89ae27/Runtime/UGUI/EventSystem/InputModules/BaseInput.cs Line: 95)

[Worker0] Imported GUID: 43d0cd7ff55992e48815c561e204e4bb - Path: Assets/SFX/Others/UI Click.wav - Importer: ScriptedImporter/UnityEditor.QuickSearchModule:UnityEditor.Search:ASIAI0B -> (ImportResultId: 'c1388d075296acdcb393d182e02e8763') in 0.0249809 seconds
InvalidOperationException: You are trying to read Input using the UnityEngine.Input class, but you have switched active Input handling to Input System package in Player Settings.
  at (wrapper managed-to-native) UnityEngine.Input.get_mousePosition_Injected(UnityEngine.Vector3&)
  at UnityEngine.Input.get_mousePosition () [0x00000] in <7fdf22b76a554395b892b73f7625ddc3>:0 
  at UnityEngine.EventSystems.BaseInput.get_mousePosition () [0x00000] in .\Library\PackageCache\com.unity.ugui@23caec89ae27\Runtime\UGUI\EventSystem\InputModules\BaseInput.cs:95 
  at UnityEngine.EventSystems.StandaloneInputModule.UpdateModule () [0x00028] in .\Library\PackageCache\com.unity.ugui@23caec89ae27\Runtime\UGUI\EventSystem\InputModules\StandaloneInputModule.cs:175 
  at UnityEngine.EventSystems.EventSystem.TickModules () [0x00024] in .\Library\PackageCache\com.unity.ugui@23caec89ae27\Runtime\UGUI\EventSystem\EventSystem.cs:473 
  at UnityEngine.EventSystems.EventSystem.Update () [0x00019] in .\Library\PackageCache\com.unity.ugui@23caec89ae27\Runtime\UGUI\EventSystem\EventSystem.cs:493 
UnityEngine.StackTraceUtility:ExtractStringFromExceptionInternal(Object, String&, String&)

(Filename: ./Library/PackageCache/com.unity.ugui@23caec89ae27/Runtime/UGUI/EventSystem/InputModules/BaseInput.cs Line: 95)

InvalidOperationException: You are trying to read Input using the UnityEngine.Input class, but you have switched active Input handling to Input System package in Player Settings.
  at (wrapper managed-to-native) UnityEngine.Input.get_mousePosition_Injected(UnityEngine.Vector3&)
  at UnityEngine.Input.get_mousePosition () [0x00000] in <7fdf22b76a554395b892b73f7625ddc3>:0 
  at UnityEngine.EventSystems.BaseInput.get_mousePosition () [0x00000] in .\Library\PackageCache\com.unity.ugui@23caec89ae27\Runtime\UGUI\EventSystem\InputModules\BaseInput.cs:95 
  at UnityEngine.EventSystems.StandaloneInputModule.UpdateModule () [0x00028] in .\Library\PackageCache\com.unity.ugui@23caec89ae27\Runtime\UGUI\EventSystem\InputModules\StandaloneInputModule.cs:175 
  at UnityEngine.EventSystems.EventSystem.TickModules () [0x00024] in .\Library\PackageCache\com.unity.ugui@23caec89ae27\Runtime\UGUI\EventSystem\EventSystem.cs:473 
  at UnityEngine.EventSystems.EventSystem.Update () [0x00019] in .\Library\PackageCache\com.unity.ugui@23caec89ae27\Runtime\UGUI\EventSystem\EventSystem.cs:493 
UnityEngine.StackTraceUtility:ExtractStringFromExceptionInternal(Object, String&, String&)

(Filename: ./Library/PackageCache/com.unity.ugui@23caec89ae27/Runtime/UGUI/EventSystem/InputModules/BaseInput.cs Line: 95)

[Worker0] Imported GUID: f47922c61f176ea40b87b83231abdcde - Path: Assets/SFX/MainMixer.mixer - Importer: ScriptedImporter/UnityEditor.QuickSearchModule:UnityEditor.Search:ASIAI0B -> (ImportResultId: '8bc262ed5d42b259d3c400990c24f766') in 0.0435473 seconds
InvalidOperationException: You are trying to read Input using the UnityEngine.Input class, but you have switched active Input handling to Input System package in Player Settings.
  at (wrapper managed-to-native) UnityEngine.Input.get_mousePosition_Injected(UnityEngine.Vector3&)
  at UnityEngine.Input.get_mousePosition () [0x00000] in <7fdf22b76a554395b892b73f7625ddc3>:0 
  at UnityEngine.EventSystems.BaseInput.get_mousePosition () [0x00000] in .\Library\PackageCache\com.unity.ugui@23caec89ae27\Runtime\UGUI\EventSystem\InputModules\BaseInput.cs:95 
  at UnityEngine.EventSystems.StandaloneInputModule.UpdateModule () [0x00028] in .\Library\PackageCache\com.unity.ugui@23caec89ae27\Runtime\UGUI\EventSystem\InputModules\StandaloneInputModule.cs:175 
  at UnityEngine.EventSystems.EventSystem.TickModules () [0x00024] in .\Library\PackageCache\com.unity.ugui@23caec89ae27\Runtime\UGUI\EventSystem\EventSystem.cs:473 
  at UnityEngine.EventSystems.EventSystem.Update () [0x00019] in .\Library\PackageCache\com.unity.ugui@23caec89ae27\Runtime\UGUI\EventSystem\EventSystem.cs:493 
UnityEngine.StackTraceUtility:ExtractStringFromExceptionInternal(Object, String&, String&)

(Filename: ./Library/PackageCache/com.unity.ugui@23caec89ae27/Runtime/UGUI/EventSystem/InputModules/BaseInput.cs Line: 95)

InvalidOperationException: You are trying to read Input using the UnityEngine.Input class, but you have switched active Input handling to Input System package in Player Settings.
  at (wrapper managed-to-native) UnityEngine.Input.get_mousePosition_Injected(UnityEngine.Vector3&)
  at UnityEngine.Input.get_mousePosition () [0x00000] in <7fdf22b76a554395b892b73f7625ddc3>:0 
  at UnityEngine.EventSystems.BaseInput.get_mousePosition () [0x00000] in .\Library\PackageCache\com.unity.ugui@23caec89ae27\Runtime\UGUI\EventSystem\InputModules\BaseInput.cs:95 
  at UnityEngine.EventSystems.StandaloneInputModule.UpdateModule () [0x00028] in .\Library\PackageCache\com.unity.ugui@23caec89ae27\Runtime\UGUI\EventSystem\InputModules\StandaloneInputModule.cs:175 
  at UnityEngine.EventSystems.EventSystem.TickModules () [0x00024] in .\Library\PackageCache\com.unity.ugui@23caec89ae27\Runtime\UGUI\EventSystem\EventSystem.cs:473 
  at UnityEngine.EventSystems.EventSystem.Update () [0x00019] in .\Library\PackageCache\com.unity.ugui@23caec89ae27\Runtime\UGUI\EventSystem\EventSystem.cs:493 
UnityEngine.StackTraceUtility:ExtractStringFromExceptionInternal(Object, String&, String&)

(Filename: ./Library/PackageCache/com.unity.ugui@23caec89ae27/Runtime/UGUI/EventSystem/InputModules/BaseInput.cs Line: 95)

[Worker0] Imported GUID: 5800019c11fc42449a623da7a29895a6 - Path: Assets/Scripts/Sounds/Sound.cs - Importer: ScriptedImporter/UnityEditor.QuickSearchModule:UnityEditor.Search:ASIAI0B -> (ImportResultId: '1c9e860fae32188634e5c9d69af5a4f7') in 0.0273523 seconds
InvalidOperationException: You are trying to read Input using the UnityEngine.Input class, but you have switched active Input handling to Input System package in Player Settings.
  at (wrapper managed-to-native) UnityEngine.Input.get_mousePosition_Injected(UnityEngine.Vector3&)
  at UnityEngine.Input.get_mousePosition () [0x00000] in <7fdf22b76a554395b892b73f7625ddc3>:0 
  at UnityEngine.EventSystems.BaseInput.get_mousePosition () [0x00000] in .\Library\PackageCache\com.unity.ugui@23caec89ae27\Runtime\UGUI\EventSystem\InputModules\BaseInput.cs:95 
  at UnityEngine.EventSystems.StandaloneInputModule.UpdateModule () [0x00028] in .\Library\PackageCache\com.unity.ugui@23caec89ae27\Runtime\UGUI\EventSystem\InputModules\StandaloneInputModule.cs:175 
  at UnityEngine.EventSystems.EventSystem.TickModules () [0x00024] in .\Library\PackageCache\com.unity.ugui@23caec89ae27\Runtime\UGUI\EventSystem\EventSystem.cs:473 
  at UnityEngine.EventSystems.EventSystem.Update () [0x00019] in .\Library\PackageCache\com.unity.ugui@23caec89ae27\Runtime\UGUI\EventSystem\EventSystem.cs:493 
UnityEngine.StackTraceUtility:ExtractStringFromExceptionInternal(Object, String&, String&)

(Filename: ./Library/PackageCache/com.unity.ugui@23caec89ae27/Runtime/UGUI/EventSystem/InputModules/BaseInput.cs Line: 95)

InvalidOperationException: You are trying to read Input using the UnityEngine.Input class, but you have switched active Input handling to Input System package in Player Settings.
  at (wrapper managed-to-native) UnityEngine.Input.get_mousePosition_Injected(UnityEngine.Vector3&)
  at UnityEngine.Input.get_mousePosition () [0x00000] in <7fdf22b76a554395b892b73f7625ddc3>:0 
  at UnityEngine.EventSystems.BaseInput.get_mousePosition () [0x00000] in .\Library\PackageCache\com.unity.ugui@23caec89ae27\Runtime\UGUI\EventSystem\InputModules\BaseInput.cs:95 
  at UnityEngine.EventSystems.StandaloneInputModule.UpdateModule () [0x00028] in .\Library\PackageCache\com.unity.ugui@23caec89ae27\Runtime\UGUI\EventSystem\InputModules\StandaloneInputModule.cs:175 
  at UnityEngine.EventSystems.EventSystem.TickModules () [0x00024] in .\Library\PackageCache\com.unity.ugui@23caec89ae27\Runtime\UGUI\EventSystem\EventSystem.cs:473 
  at UnityEngine.EventSystems.EventSystem.Update () [0x00019] in .\Library\PackageCache\com.unity.ugui@23caec89ae27\Runtime\UGUI\EventSystem\EventSystem.cs:493 
UnityEngine.StackTraceUtility:ExtractStringFromExceptionInternal(Object, String&, String&)

(Filename: ./Library/PackageCache/com.unity.ugui@23caec89ae27/Runtime/UGUI/EventSystem/InputModules/BaseInput.cs Line: 95)

[Worker0] Imported GUID: fe393ace9b354375a9cb14cdbbc28be4 - Path: Assets/TextMesh Pro/Shaders/TMP_SDF-Mobile.shader - Importer: ScriptedImporter/UnityEditor.QuickSearchModule:UnityEditor.Search:ASIAI0B -> (ImportResultId: 'fe7fa080c2af00c7882e98b3946f6c5b') in 0.0305234 seconds
InvalidOperationException: You are trying to read Input using the UnityEngine.Input class, but you have switched active Input handling to Input System package in Player Settings.
  at (wrapper managed-to-native) UnityEngine.Input.get_mousePosition_Injected(UnityEngine.Vector3&)
  at UnityEngine.Input.get_mousePosition () [0x00000] in <7fdf22b76a554395b892b73f7625ddc3>:0 
  at UnityEngine.EventSystems.BaseInput.get_mousePosition () [0x00000] in .\Library\PackageCache\com.unity.ugui@23caec89ae27\Runtime\UGUI\EventSystem\InputModules\BaseInput.cs:95 
  at UnityEngine.EventSystems.StandaloneInputModule.UpdateModule () [0x00028] in .\Library\PackageCache\com.unity.ugui@23caec89ae27\Runtime\UGUI\EventSystem\InputModules\StandaloneInputModule.cs:175 
  at UnityEngine.EventSystems.EventSystem.TickModules () [0x00024] in .\Library\PackageCache\com.unity.ugui@23caec89ae27\Runtime\UGUI\EventSystem\EventSystem.cs:473 
  at UnityEngine.EventSystems.EventSystem.Update () [0x00019] in .\Library\PackageCache\com.unity.ugui@23caec89ae27\Runtime\UGUI\EventSystem\EventSystem.cs:493 
UnityEngine.StackTraceUtility:ExtractStringFromExceptionInternal(Object, String&, String&)

(Filename: ./Library/PackageCache/com.unity.ugui@23caec89ae27/Runtime/UGUI/EventSystem/InputModules/BaseInput.cs Line: 95)

InvalidOperationException: You are trying to read Input using the UnityEngine.Input class, but you have switched active Input handling to Input System package in Player Settings.
  at (wrapper managed-to-native) UnityEngine.Input.get_mousePosition_Injected(UnityEngine.Vector3&)
  at UnityEngine.Input.get_mousePosition () [0x00000] in <7fdf22b76a554395b892b73f7625ddc3>:0 
  at UnityEngine.EventSystems.BaseInput.get_mousePosition () [0x00000] in .\Library\PackageCache\com.unity.ugui@23caec89ae27\Runtime\UGUI\EventSystem\InputModules\BaseInput.cs:95 
  at UnityEngine.EventSystems.StandaloneInputModule.UpdateModule () [0x00028] in .\Library\PackageCache\com.unity.ugui@23caec89ae27\Runtime\UGUI\EventSystem\InputModules\StandaloneInputModule.cs:175 
  at UnityEngine.EventSystems.EventSystem.TickModules () [0x00024] in .\Library\PackageCache\com.unity.ugui@23caec89ae27\Runtime\UGUI\EventSystem\EventSystem.cs:473 
  at UnityEngine.EventSystems.EventSystem.Update () [0x00019] in .\Library\PackageCache\com.unity.ugui@23caec89ae27\Runtime\UGUI\EventSystem\EventSystem.cs:493 
UnityEngine.StackTraceUtility:ExtractStringFromExceptionInternal(Object, String&, String&)

(Filename: ./Library/PackageCache/com.unity.ugui@23caec89ae27/Runtime/UGUI/EventSystem/InputModules/BaseInput.cs Line: 95)

[Worker0] Imported GUID: dc16dee271b9bad4d99269cca6a109d5 - Path: Assets/Scripts/Dialogue/DialogueTrigger.cs - Importer: ScriptedImporter/UnityEditor.QuickSearchModule:UnityEditor.Search:ASIAI0B -> (ImportResultId: '1a7883a16619ca4dfe7879b6b36d2f2c') in 0.0222855 seconds
InvalidOperationException: You are trying to read Input using the UnityEngine.Input class, but you have switched active Input handling to Input System package in Player Settings.
  at (wrapper managed-to-native) UnityEngine.Input.get_mousePosition_Injected(UnityEngine.Vector3&)
  at UnityEngine.Input.get_mousePosition () [0x00000] in <7fdf22b76a554395b892b73f7625ddc3>:0 
  at UnityEngine.EventSystems.BaseInput.get_mousePosition () [0x00000] in .\Library\PackageCache\com.unity.ugui@23caec89ae27\Runtime\UGUI\EventSystem\InputModules\BaseInput.cs:95 
  at UnityEngine.EventSystems.StandaloneInputModule.UpdateModule () [0x00028] in .\Library\PackageCache\com.unity.ugui@23caec89ae27\Runtime\UGUI\EventSystem\InputModules\StandaloneInputModule.cs:175 
  at UnityEngine.EventSystems.EventSystem.TickModules () [0x00024] in .\Library\PackageCache\com.unity.ugui@23caec89ae27\Runtime\UGUI\EventSystem\EventSystem.cs:473 
  at UnityEngine.EventSystems.EventSystem.Update () [0x00019] in .\Library\PackageCache\com.unity.ugui@23caec89ae27\Runtime\UGUI\EventSystem\EventSystem.cs:493 
UnityEngine.StackTraceUtility:ExtractStringFromExceptionInternal(Object, String&, String&)

(Filename: ./Library/PackageCache/com.unity.ugui@23caec89ae27/Runtime/UGUI/EventSystem/InputModules/BaseInput.cs Line: 95)

InvalidOperationException: You are trying to read Input using the UnityEngine.Input class, but you have switched active Input handling to Input System package in Player Settings.
  at (wrapper managed-to-native) UnityEngine.Input.get_mousePosition_Injected(UnityEngine.Vector3&)
  at UnityEngine.Input.get_mousePosition () [0x00000] in <7fdf22b76a554395b892b73f7625ddc3>:0 
  at UnityEngine.EventSystems.BaseInput.get_mousePosition () [0x00000] in .\Library\PackageCache\com.unity.ugui@23caec89ae27\Runtime\UGUI\EventSystem\InputModules\BaseInput.cs:95 
  at UnityEngine.EventSystems.StandaloneInputModule.UpdateModule () [0x00028] in .\Library\PackageCache\com.unity.ugui@23caec89ae27\Runtime\UGUI\EventSystem\InputModules\StandaloneInputModule.cs:175 
  at UnityEngine.EventSystems.EventSystem.TickModules () [0x00024] in .\Library\PackageCache\com.unity.ugui@23caec89ae27\Runtime\UGUI\EventSystem\EventSystem.cs:473 
  at UnityEngine.EventSystems.EventSystem.Update () [0x00019] in .\Library\PackageCache\com.unity.ugui@23caec89ae27\Runtime\UGUI\EventSystem\EventSystem.cs:493 
UnityEngine.StackTraceUtility:ExtractStringFromExceptionInternal(Object, String&, String&)

(Filename: ./Library/PackageCache/com.unity.ugui@23caec89ae27/Runtime/UGUI/EventSystem/InputModules/BaseInput.cs Line: 95)

[Worker0] Imported GUID: 03f2ab837f4683c4d85f05f2ec8cfd31 - Path: Assets/Scripts/Menus/MainMenu.cs - Importer: ScriptedImporter/UnityEditor.QuickSearchModule:UnityEditor.Search:ASIAI0B -> (ImportResultId: 'eacdfa17853645e9616d722fc6ff8c46') in 0.0244236 seconds
InvalidOperationException: You are trying to read Input using the UnityEngine.Input class, but you have switched active Input handling to Input System package in Player Settings.
  at (wrapper managed-to-native) UnityEngine.Input.get_mousePosition_Injected(UnityEngine.Vector3&)
  at UnityEngine.Input.get_mousePosition () [0x00000] in <7fdf22b76a554395b892b73f7625ddc3>:0 
  at UnityEngine.EventSystems.BaseInput.get_mousePosition () [0x00000] in .\Library\PackageCache\com.unity.ugui@23caec89ae27\Runtime\UGUI\EventSystem\InputModules\BaseInput.cs:95 
  at UnityEngine.EventSystems.StandaloneInputModule.UpdateModule () [0x00028] in .\Library\PackageCache\com.unity.ugui@23caec89ae27\Runtime\UGUI\EventSystem\InputModules\StandaloneInputModule.cs:175 
  at UnityEngine.EventSystems.EventSystem.TickModules () [0x00024] in .\Library\PackageCache\com.unity.ugui@23caec89ae27\Runtime\UGUI\EventSystem\EventSystem.cs:473 
  at UnityEngine.EventSystems.EventSystem.Update () [0x00019] in .\Library\PackageCache\com.unity.ugui@23caec89ae27\Runtime\UGUI\EventSystem\EventSystem.cs:493 
UnityEngine.StackTraceUtility:ExtractStringFromExceptionInternal(Object, String&, String&)

(Filename: ./Library/PackageCache/com.unity.ugui@23caec89ae27/Runtime/UGUI/EventSystem/InputModules/BaseInput.cs Line: 95)

InvalidOperationException: You are trying to read Input using the UnityEngine.Input class, but you have switched active Input handling to Input System package in Player Settings.
  at (wrapper managed-to-native) UnityEngine.Input.get_mousePosition_Injected(UnityEngine.Vector3&)
  at UnityEngine.Input.get_mousePosition () [0x00000] in <7fdf22b76a554395b892b73f7625ddc3>:0 
  at UnityEngine.EventSystems.BaseInput.get_mousePosition () [0x00000] in .\Library\PackageCache\com.unity.ugui@23caec89ae27\Runtime\UGUI\EventSystem\InputModules\BaseInput.cs:95 
  at UnityEngine.EventSystems.StandaloneInputModule.UpdateModule () [0x00028] in .\Library\PackageCache\com.unity.ugui@23caec89ae27\Runtime\UGUI\EventSystem\InputModules\StandaloneInputModule.cs:175 
  at UnityEngine.EventSystems.EventSystem.TickModules () [0x00024] in .\Library\PackageCache\com.unity.ugui@23caec89ae27\Runtime\UGUI\EventSystem\EventSystem.cs:473 
  at UnityEngine.EventSystems.EventSystem.Update () [0x00019] in .\Library\PackageCache\com.unity.ugui@23caec89ae27\Runtime\UGUI\EventSystem\EventSystem.cs:493 
UnityEngine.StackTraceUtility:ExtractStringFromExceptionInternal(Object, String&, String&)

(Filename: ./Library/PackageCache/com.unity.ugui@23caec89ae27/Runtime/UGUI/EventSystem/InputModules/BaseInput.cs Line: 95)

InvalidOperationException: You are trying to read Input using the UnityEngine.Input class, but you have switched active Input handling to Input System package in Player Settings.
  at (wrapper managed-to-native) UnityEngine.Input.get_mousePosition_Injected(UnityEngine.Vector3&)
  at UnityEngine.Input.get_mousePosition () [0x00000] in <7fdf22b76a554395b892b73f7625ddc3>:0 
  at UnityEngine.EventSystems.BaseInput.get_mousePosition () [0x00000] in .\Library\PackageCache\com.unity.ugui@23caec89ae27\Runtime\UGUI\EventSystem\InputModules\BaseInput.cs:95 
  at UnityEngine.EventSystems.StandaloneInputModule.UpdateModule () [0x00028] in .\Library\PackageCache\com.unity.ugui@23caec89ae27\Runtime\UGUI\EventSystem\InputModules\StandaloneInputModule.cs:175 
  at UnityEngine.EventSystems.EventSystem.TickModules () [0x00024] in .\Library\PackageCache\com.unity.ugui@23caec89ae27\Runtime\UGUI\EventSystem\EventSystem.cs:473 
  at UnityEngine.EventSystems.EventSystem.Update () [0x00019] in .\Library\PackageCache\com.unity.ugui@23caec89ae27\Runtime\UGUI\EventSystem\EventSystem.cs:493 
UnityEngine.StackTraceUtility:ExtractStringFromExceptionInternal(Object, String&, String&)

(Filename: ./Library/PackageCache/com.unity.ugui@23caec89ae27/Runtime/UGUI/EventSystem/InputModules/BaseInput.cs Line: 95)

InvalidOperationException: You are trying to read Input using the UnityEngine.Input class, but you have switched active Input handling to Input System package in Player Settings.
  at (wrapper managed-to-native) UnityEngine.Input.get_mousePosition_Injected(UnityEngine.Vector3&)
  at UnityEngine.Input.get_mousePosition () [0x00000] in <7fdf22b76a554395b892b73f7625ddc3>:0 
  at UnityEngine.EventSystems.BaseInput.get_mousePosition () [0x00000] in .\Library\PackageCache\com.unity.ugui@23caec89ae27\Runtime\UGUI\EventSystem\InputModules\BaseInput.cs:95 
  at UnityEngine.EventSystems.StandaloneInputModule.UpdateModule () [0x00028] in .\Library\PackageCache\com.unity.ugui@23caec89ae27\Runtime\UGUI\EventSystem\InputModules\StandaloneInputModule.cs:175 
  at UnityEngine.EventSystems.EventSystem.TickModules () [0x00024] in .\Library\PackageCache\com.unity.ugui@23caec89ae27\Runtime\UGUI\EventSystem\EventSystem.cs:473 
  at UnityEngine.EventSystems.EventSystem.Update () [0x00019] in .\Library\PackageCache\com.unity.ugui@23caec89ae27\Runtime\UGUI\EventSystem\EventSystem.cs:493 
UnityEngine.StackTraceUtility:ExtractStringFromExceptionInternal(Object, String&, String&)

(Filename: ./Library/PackageCache/com.unity.ugui@23caec89ae27/Runtime/UGUI/EventSystem/InputModules/BaseInput.cs Line: 95)

[Worker0] Imported GUID: 8d973a1d0ce746e45857eae222608d3e - Path: Assets/Prefabs/Level Essentials/In Canvas/Loading Screen.prefab - Importer: ScriptedImporter/UnityEditor.QuickSearchModule:UnityEditor.Search:ASIAI0B -> (ImportResultId: '3445e4496ec35dcf65ebaea5fbb7eb6d') in 0.0509675 seconds
InvalidOperationException: You are trying to read Input using the UnityEngine.Input class, but you have switched active Input handling to Input System package in Player Settings.
  at (wrapper managed-to-native) UnityEngine.Input.get_mousePosition_Injected(UnityEngine.Vector3&)
  at UnityEngine.Input.get_mousePosition () [0x00000] in <7fdf22b76a554395b892b73f7625ddc3>:0 
  at UnityEngine.EventSystems.BaseInput.get_mousePosition () [0x00000] in .\Library\PackageCache\com.unity.ugui@23caec89ae27\Runtime\UGUI\EventSystem\InputModules\BaseInput.cs:95 
  at UnityEngine.EventSystems.StandaloneInputModule.UpdateModule () [0x00028] in .\Library\PackageCache\com.unity.ugui@23caec89ae27\Runtime\UGUI\EventSystem\InputModules\StandaloneInputModule.cs:175 
  at UnityEngine.EventSystems.EventSystem.TickModules () [0x00024] in .\Library\PackageCache\com.unity.ugui@23caec89ae27\Runtime\UGUI\EventSystem\EventSystem.cs:473 
  at UnityEngine.EventSystems.EventSystem.Update () [0x00019] in .\Library\PackageCache\com.unity.ugui@23caec89ae27\Runtime\UGUI\EventSystem\EventSystem.cs:493 
UnityEngine.StackTraceUtility:ExtractStringFromExceptionInternal(Object, String&, String&)

(Filename: ./Library/PackageCache/com.unity.ugui@23caec89ae27/Runtime/UGUI/EventSystem/InputModules/BaseInput.cs Line: 95)

InvalidOperationException: You are trying to read Input using the UnityEngine.Input class, but you have switched active Input handling to Input System package in Player Settings.
  at (wrapper managed-to-native) UnityEngine.Input.get_mousePosition_Injected(UnityEngine.Vector3&)
  at UnityEngine.Input.get_mousePosition () [0x00000] in <7fdf22b76a554395b892b73f7625ddc3>:0 
  at UnityEngine.EventSystems.BaseInput.get_mousePosition () [0x00000] in .\Library\PackageCache\com.unity.ugui@23caec89ae27\Runtime\UGUI\EventSystem\InputModules\BaseInput.cs:95 
  at UnityEngine.EventSystems.StandaloneInputModule.UpdateModule () [0x00028] in .\Library\PackageCache\com.unity.ugui@23caec89ae27\Runtime\UGUI\EventSystem\InputModules\StandaloneInputModule.cs:175 
  at UnityEngine.EventSystems.EventSystem.TickModules () [0x00024] in .\Library\PackageCache\com.unity.ugui@23caec89ae27\Runtime\UGUI\EventSystem\EventSystem.cs:473 
  at UnityEngine.EventSystems.EventSystem.Update () [0x00019] in .\Library\PackageCache\com.unity.ugui@23caec89ae27\Runtime\UGUI\EventSystem\EventSystem.cs:493 
UnityEngine.StackTraceUtility:ExtractStringFromExceptionInternal(Object, String&, String&)

(Filename: ./Library/PackageCache/com.unity.ugui@23caec89ae27/Runtime/UGUI/EventSystem/InputModules/BaseInput.cs Line: 95)

InvalidOperationException: You are trying to read Input using the UnityEngine.Input class, but you have switched active Input handling to Input System package in Player Settings.
  at (wrapper managed-to-native) UnityEngine.Input.get_mousePosition_Injected(UnityEngine.Vector3&)
  at UnityEngine.Input.get_mousePosition () [0x00000] in <7fdf22b76a554395b892b73f7625ddc3>:0 
  at UnityEngine.EventSystems.BaseInput.get_mousePosition () [0x00000] in .\Library\PackageCache\com.unity.ugui@23caec89ae27\Runtime\UGUI\EventSystem\InputModules\BaseInput.cs:95 
  at UnityEngine.EventSystems.StandaloneInputModule.UpdateModule () [0x00028] in .\Library\PackageCache\com.unity.ugui@23caec89ae27\Runtime\UGUI\EventSystem\InputModules\StandaloneInputModule.cs:175 
  at UnityEngine.EventSystems.EventSystem.TickModules () [0x00024] in .\Library\PackageCache\com.unity.ugui@23caec89ae27\Runtime\UGUI\EventSystem\EventSystem.cs:473 
  at UnityEngine.EventSystems.EventSystem.Update () [0x00019] in .\Library\PackageCache\com.unity.ugui@23caec89ae27\Runtime\UGUI\EventSystem\EventSystem.cs:493 
UnityEngine.StackTraceUtility:ExtractStringFromExceptionInternal(Object, String&, String&)

(Filename: ./Library/PackageCache/com.unity.ugui@23caec89ae27/Runtime/UGUI/EventSystem/InputModules/BaseInput.cs Line: 95)

InvalidOperationException: You are trying to read Input using the UnityEngine.Input class, but you have switched active Input handling to Input System package in Player Settings.
  at (wrapper managed-to-native) UnityEngine.Input.get_mousePosition_Injected(UnityEngine.Vector3&)
  at UnityEngine.Input.get_mousePosition () [0x00000] in <7fdf22b76a554395b892b73f7625ddc3>:0 
  at UnityEngine.EventSystems.BaseInput.get_mousePosition () [0x00000] in .\Library\PackageCache\com.unity.ugui@23caec89ae27\Runtime\UGUI\EventSystem\InputModules\BaseInput.cs:95 
  at UnityEngine.EventSystems.StandaloneInputModule.UpdateModule () [0x00028] in .\Library\PackageCache\com.unity.ugui@23caec89ae27\Runtime\UGUI\EventSystem\InputModules\StandaloneInputModule.cs:175 
  at UnityEngine.EventSystems.EventSystem.TickModules () [0x00024] in .\Library\PackageCache\com.unity.ugui@23caec89ae27\Runtime\UGUI\EventSystem\EventSystem.cs:473 
  at UnityEngine.EventSystems.EventSystem.Update () [0x00019] in .\Library\PackageCache\com.unity.ugui@23caec89ae27\Runtime\UGUI\EventSystem\EventSystem.cs:493 
UnityEngine.StackTraceUtility:ExtractStringFromExceptionInternal(Object, String&, String&)

(Filename: ./Library/PackageCache/com.unity.ugui@23caec89ae27/Runtime/UGUI/EventSystem/InputModules/BaseInput.cs Line: 95)

InvalidOperationException: You are trying to read Input using the UnityEngine.Input class, but you have switched active Input handling to Input System package in Player Settings.
  at (wrapper managed-to-native) UnityEngine.Input.get_mousePosition_Injected(UnityEngine.Vector3&)
  at UnityEngine.Input.get_mousePosition () [0x00000] in <7fdf22b76a554395b892b73f7625ddc3>:0 
  at UnityEngine.EventSystems.BaseInput.get_mousePosition () [0x00000] in .\Library\PackageCache\com.unity.ugui@23caec89ae27\Runtime\UGUI\EventSystem\InputModules\BaseInput.cs:95 
  at UnityEngine.EventSystems.StandaloneInputModule.UpdateModule () [0x00028] in .\Library\PackageCache\com.unity.ugui@23caec89ae27\Runtime\UGUI\EventSystem\InputModules\StandaloneInputModule.cs:175 
  at UnityEngine.EventSystems.EventSystem.TickModules () [0x00024] in .\Library\PackageCache\com.unity.ugui@23caec89ae27\Runtime\UGUI\EventSystem\EventSystem.cs:473 
  at UnityEngine.EventSystems.EventSystem.Update () [0x00019] in .\Library\PackageCache\com.unity.ugui@23caec89ae27\Runtime\UGUI\EventSystem\EventSystem.cs:493 
UnityEngine.StackTraceUtility:ExtractStringFromExceptionInternal(Object, String&, String&)

(Filename: ./Library/PackageCache/com.unity.ugui@23caec89ae27/Runtime/UGUI/EventSystem/InputModules/BaseInput.cs Line: 95)

InvalidOperationException: You are trying to read Input using the UnityEngine.Input class, but you have switched active Input handling to Input System package in Player Settings.
  at (wrapper managed-to-native) UnityEngine.Input.get_mousePosition_Injected(UnityEngine.Vector3&)
  at UnityEngine.Input.get_mousePosition () [0x00000] in <7fdf22b76a554395b892b73f7625ddc3>:0 
  at UnityEngine.EventSystems.BaseInput.get_mousePosition () [0x00000] in .\Library\PackageCache\com.unity.ugui@23caec89ae27\Runtime\UGUI\EventSystem\InputModules\BaseInput.cs:95 
  at UnityEngine.EventSystems.StandaloneInputModule.UpdateModule () [0x00028] in .\Library\PackageCache\com.unity.ugui@23caec89ae27\Runtime\UGUI\EventSystem\InputModules\StandaloneInputModule.cs:175 
  at UnityEngine.EventSystems.EventSystem.TickModules () [0x00024] in .\Library\PackageCache\com.unity.ugui@23caec89ae27\Runtime\UGUI\EventSystem\EventSystem.cs:473 
  at UnityEngine.EventSystems.EventSystem.Update () [0x00019] in .\Library\PackageCache\com.unity.ugui@23caec89ae27\Runtime\UGUI\EventSystem\EventSystem.cs:493 
UnityEngine.StackTraceUtility:ExtractStringFromExceptionInternal(Object, String&, String&)

(Filename: ./Library/PackageCache/com.unity.ugui@23caec89ae27/Runtime/UGUI/EventSystem/InputModules/BaseInput.cs Line: 95)

InvalidOperationException: You are trying to read Input using the UnityEngine.Input class, but you have switched active Input handling to Input System package in Player Settings.
  at (wrapper managed-to-native) UnityEngine.Input.get_mousePosition_Injected(UnityEngine.Vector3&)
  at UnityEngine.Input.get_mousePosition () [0x00000] in <7fdf22b76a554395b892b73f7625ddc3>:0 
  at UnityEngine.EventSystems.BaseInput.get_mousePosition () [0x00000] in .\Library\PackageCache\com.unity.ugui@23caec89ae27\Runtime\UGUI\EventSystem\InputModules\BaseInput.cs:95 
  at UnityEngine.EventSystems.StandaloneInputModule.UpdateModule () [0x00028] in .\Library\PackageCache\com.unity.ugui@23caec89ae27\Runtime\UGUI\EventSystem\InputModules\StandaloneInputModule.cs:175 
  at UnityEngine.EventSystems.EventSystem.TickModules () [0x00024] in .\Library\PackageCache\com.unity.ugui@23caec89ae27\Runtime\UGUI\EventSystem\EventSystem.cs:473 
  at UnityEngine.EventSystems.EventSystem.Update () [0x00019] in .\Library\PackageCache\com.unity.ugui@23caec89ae27\Runtime\UGUI\EventSystem\EventSystem.cs:493 
UnityEngine.StackTraceUtility:ExtractStringFromExceptionInternal(Object, String&, String&)

(Filename: ./Library/PackageCache/com.unity.ugui@23caec89ae27/Runtime/UGUI/EventSystem/InputModules/BaseInput.cs Line: 95)

InvalidOperationException: You are trying to read Input using the UnityEngine.Input class, but you have switched active Input handling to Input System package in Player Settings.
  at (wrapper managed-to-native) UnityEngine.Input.get_mousePosition_Injected(UnityEngine.Vector3&)
  at UnityEngine.Input.get_mousePosition () [0x00000] in <7fdf22b76a554395b892b73f7625ddc3>:0 
  at UnityEngine.EventSystems.BaseInput.get_mousePosition () [0x00000] in .\Library\PackageCache\com.unity.ugui@23caec89ae27\Runtime\UGUI\EventSystem\InputModules\BaseInput.cs:95 
  at UnityEngine.EventSystems.StandaloneInputModule.UpdateModule () [0x00028] in .\Library\PackageCache\com.unity.ugui@23caec89ae27\Runtime\UGUI\EventSystem\InputModules\StandaloneInputModule.cs:175 
  at UnityEngine.EventSystems.EventSystem.TickModules () [0x00024] in .\Library\PackageCache\com.unity.ugui@23caec89ae27\Runtime\UGUI\EventSystem\EventSystem.cs:473 
  at UnityEngine.EventSystems.EventSystem.Update () [0x00019] in .\Library\PackageCache\com.unity.ugui@23caec89ae27\Runtime\UGUI\EventSystem\EventSystem.cs:493 
UnityEngine.StackTraceUtility:ExtractStringFromExceptionInternal(Object, String&, String&)

(Filename: ./Library/PackageCache/com.unity.ugui@23caec89ae27/Runtime/UGUI/EventSystem/InputModules/BaseInput.cs Line: 95)

InvalidOperationException: You are trying to read Input using the UnityEngine.Input class, but you have switched active Input handling to Input System package in Player Settings.
  at (wrapper managed-to-native) UnityEngine.Input.get_mousePosition_Injected(UnityEngine.Vector3&)
  at UnityEngine.Input.get_mousePosition () [0x00000] in <7fdf22b76a554395b892b73f7625ddc3>:0 
  at UnityEngine.EventSystems.BaseInput.get_mousePosition () [0x00000] in .\Library\PackageCache\com.unity.ugui@23caec89ae27\Runtime\UGUI\EventSystem\InputModules\BaseInput.cs:95 
  at UnityEngine.EventSystems.StandaloneInputModule.UpdateModule () [0x00028] in .\Library\PackageCache\com.unity.ugui@23caec89ae27\Runtime\UGUI\EventSystem\InputModules\StandaloneInputModule.cs:175 
  at UnityEngine.EventSystems.EventSystem.TickModules () [0x00024] in .\Library\PackageCache\com.unity.ugui@23caec89ae27\Runtime\UGUI\EventSystem\EventSystem.cs:473 
  at UnityEngine.EventSystems.EventSystem.Update () [0x00019] in .\Library\PackageCache\com.unity.ugui@23caec89ae27\Runtime\UGUI\EventSystem\EventSystem.cs:493 
UnityEngine.StackTraceUtility:ExtractStringFromExceptionInternal(Object, String&, String&)

(Filename: ./Library/PackageCache/com.unity.ugui@23caec89ae27/Runtime/UGUI/EventSystem/InputModules/BaseInput.cs Line: 95)

[Worker0] Imported GUID: d935cae0f04733b4aa588c3014fcda46 - Path: Assets/Prefabs/Level Essentials/In Canvas/Options Menu.prefab - Importer: ScriptedImporter/UnityEditor.QuickSearchModule:UnityEditor.Search:ASIAI0B -> (ImportResultId: 'cc5545ce7b652f9c7a6d6e6357030177') in 0.0845007 seconds
InvalidOperationException: You are trying to read Input using the UnityEngine.Input class, but you have switched active Input handling to Input System package in Player Settings.
  at (wrapper managed-to-native) UnityEngine.Input.get_mousePosition_Injected(UnityEngine.Vector3&)
  at UnityEngine.Input.get_mousePosition () [0x00000] in <7fdf22b76a554395b892b73f7625ddc3>:0 
  at UnityEngine.EventSystems.BaseInput.get_mousePosition () [0x00000] in .\Library\PackageCache\com.unity.ugui@23caec89ae27\Runtime\UGUI\EventSystem\InputModules\BaseInput.cs:95 
  at UnityEngine.EventSystems.StandaloneInputModule.UpdateModule () [0x00028] in .\Library\PackageCache\com.unity.ugui@23caec89ae27\Runtime\UGUI\EventSystem\InputModules\StandaloneInputModule.cs:175 
  at UnityEngine.EventSystems.EventSystem.TickModules () [0x00024] in .\Library\PackageCache\com.unity.ugui@23caec89ae27\Runtime\UGUI\EventSystem\EventSystem.cs:473 
  at UnityEngine.EventSystems.EventSystem.Update () [0x00019] in .\Library\PackageCache\com.unity.ugui@23caec89ae27\Runtime\UGUI\EventSystem\EventSystem.cs:493 
UnityEngine.StackTraceUtility:ExtractStringFromExceptionInternal(Object, String&, String&)

(Filename: ./Library/PackageCache/com.unity.ugui@23caec89ae27/Runtime/UGUI/EventSystem/InputModules/BaseInput.cs Line: 95)

InvalidOperationException: You are trying to read Input using the UnityEngine.Input class, but you have switched active Input handling to Input System package in Player Settings.
  at (wrapper managed-to-native) UnityEngine.Input.get_mousePosition_Injected(UnityEngine.Vector3&)
  at UnityEngine.Input.get_mousePosition () [0x00000] in <7fdf22b76a554395b892b73f7625ddc3>:0 
  at UnityEngine.EventSystems.BaseInput.get_mousePosition () [0x00000] in .\Library\PackageCache\com.unity.ugui@23caec89ae27\Runtime\UGUI\EventSystem\InputModules\BaseInput.cs:95 
  at UnityEngine.EventSystems.StandaloneInputModule.UpdateModule () [0x00028] in .\Library\PackageCache\com.unity.ugui@23caec89ae27\Runtime\UGUI\EventSystem\InputModules\StandaloneInputModule.cs:175 
  at UnityEngine.EventSystems.EventSystem.TickModules () [0x00024] in .\Library\PackageCache\com.unity.ugui@23caec89ae27\Runtime\UGUI\EventSystem\EventSystem.cs:473 
  at UnityEngine.EventSystems.EventSystem.Update () [0x00019] in .\Library\PackageCache\com.unity.ugui@23caec89ae27\Runtime\UGUI\EventSystem\EventSystem.cs:493 
UnityEngine.StackTraceUtility:ExtractStringFromExceptionInternal(Object, String&, String&)

(Filename: ./Library/PackageCache/com.unity.ugui@23caec89ae27/Runtime/UGUI/EventSystem/InputModules/BaseInput.cs Line: 95)

[Worker0] Imported GUID: f2c2dc03df70d2045a65899572d7c4ad - Path: Assets/Scripts/Dialogue/DialogueController.cs - Importer: ScriptedImporter/UnityEditor.QuickSearchModule:UnityEditor.Search:ASIAI0B -> (ImportResultId: '10a78dbfb5fe8f1afcf7e32bc47e5871') in 0.0266239 seconds
InvalidOperationException: You are trying to read Input using the UnityEngine.Input class, but you have switched active Input handling to Input System package in Player Settings.
  at (wrapper managed-to-native) UnityEngine.Input.get_mousePosition_Injected(UnityEngine.Vector3&)
  at UnityEngine.Input.get_mousePosition () [0x00000] in <7fdf22b76a554395b892b73f7625ddc3>:0 
  at UnityEngine.EventSystems.BaseInput.get_mousePosition () [0x00000] in .\Library\PackageCache\com.unity.ugui@23caec89ae27\Runtime\UGUI\EventSystem\InputModules\BaseInput.cs:95 
  at UnityEngine.EventSystems.StandaloneInputModule.UpdateModule () [0x00028] in .\Library\PackageCache\com.unity.ugui@23caec89ae27\Runtime\UGUI\EventSystem\InputModules\StandaloneInputModule.cs:175 
  at UnityEngine.EventSystems.EventSystem.TickModules () [0x00024] in .\Library\PackageCache\com.unity.ugui@23caec89ae27\Runtime\UGUI\EventSystem\EventSystem.cs:473 
  at UnityEngine.EventSystems.EventSystem.Update () [0x00019] in .\Library\PackageCache\com.unity.ugui@23caec89ae27\Runtime\UGUI\EventSystem\EventSystem.cs:493 
UnityEngine.StackTraceUtility:ExtractStringFromExceptionInternal(Object, String&, String&)

(Filename: ./Library/PackageCache/com.unity.ugui@23caec89ae27/Runtime/UGUI/EventSystem/InputModules/BaseInput.cs Line: 95)

InvalidOperationException: You are trying to read Input using the UnityEngine.Input class, but you have switched active Input handling to Input System package in Player Settings.
  at (wrapper managed-to-native) UnityEngine.Input.get_mousePosition_Injected(UnityEngine.Vector3&)
  at UnityEngine.Input.get_mousePosition () [0x00000] in <7fdf22b76a554395b892b73f7625ddc3>:0 
  at UnityEngine.EventSystems.BaseInput.get_mousePosition () [0x00000] in .\Library\PackageCache\com.unity.ugui@23caec89ae27\Runtime\UGUI\EventSystem\InputModules\BaseInput.cs:95 
  at UnityEngine.EventSystems.StandaloneInputModule.UpdateModule () [0x00028] in .\Library\PackageCache\com.unity.ugui@23caec89ae27\Runtime\UGUI\EventSystem\InputModules\StandaloneInputModule.cs:175 
  at UnityEngine.EventSystems.EventSystem.TickModules () [0x00024] in .\Library\PackageCache\com.unity.ugui@23caec89ae27\Runtime\UGUI\EventSystem\EventSystem.cs:473 
  at UnityEngine.EventSystems.EventSystem.Update () [0x00019] in .\Library\PackageCache\com.unity.ugui@23caec89ae27\Runtime\UGUI\EventSystem\EventSystem.cs:493 
UnityEngine.StackTraceUtility:ExtractStringFromExceptionInternal(Object, String&, String&)

(Filename: ./Library/PackageCache/com.unity.ugui@23caec89ae27/Runtime/UGUI/EventSystem/InputModules/BaseInput.cs Line: 95)

InvalidOperationException: You are trying to read Input using the UnityEngine.Input class, but you have switched active Input handling to Input System package in Player Settings.
  at (wrapper managed-to-native) UnityEngine.Input.get_mousePosition_Injected(UnityEngine.Vector3&)
  at UnityEngine.Input.get_mousePosition () [0x00000] in <7fdf22b76a554395b892b73f7625ddc3>:0 
  at UnityEngine.EventSystems.BaseInput.get_mousePosition () [0x00000] in .\Library\PackageCache\com.unity.ugui@23caec89ae27\Runtime\UGUI\EventSystem\InputModules\BaseInput.cs:95 
  at UnityEngine.EventSystems.StandaloneInputModule.UpdateModule () [0x00028] in .\Library\PackageCache\com.unity.ugui@23caec89ae27\Runtime\UGUI\EventSystem\InputModules\StandaloneInputModule.cs:175 
  at UnityEngine.EventSystems.EventSystem.TickModules () [0x00024] in .\Library\PackageCache\com.unity.ugui@23caec89ae27\Runtime\UGUI\EventSystem\EventSystem.cs:473 
  at UnityEngine.EventSystems.EventSystem.Update () [0x00019] in .\Library\PackageCache\com.unity.ugui@23caec89ae27\Runtime\UGUI\EventSystem\EventSystem.cs:493 
UnityEngine.StackTraceUtility:ExtractStringFromExceptionInternal(Object, String&, String&)

(Filename: ./Library/PackageCache/com.unity.ugui@23caec89ae27/Runtime/UGUI/EventSystem/InputModules/BaseInput.cs Line: 95)

InvalidOperationException: You are trying to read Input using the UnityEngine.Input class, but you have switched active Input handling to Input System package in Player Settings.
  at (wrapper managed-to-native) UnityEngine.Input.get_mousePosition_Injected(UnityEngine.Vector3&)
  at UnityEngine.Input.get_mousePosition () [0x00000] in <7fdf22b76a554395b892b73f7625ddc3>:0 
  at UnityEngine.EventSystems.BaseInput.get_mousePosition () [0x00000] in .\Library\PackageCache\com.unity.ugui@23caec89ae27\Runtime\UGUI\EventSystem\InputModules\BaseInput.cs:95 
  at UnityEngine.EventSystems.StandaloneInputModule.UpdateModule () [0x00028] in .\Library\PackageCache\com.unity.ugui@23caec89ae27\Runtime\UGUI\EventSystem\InputModules\StandaloneInputModule.cs:175 
  at UnityEngine.EventSystems.EventSystem.TickModules () [0x00024] in .\Library\PackageCache\com.unity.ugui@23caec89ae27\Runtime\UGUI\EventSystem\EventSystem.cs:473 
  at UnityEngine.EventSystems.EventSystem.Update () [0x00019] in .\Library\PackageCache\com.unity.ugui@23caec89ae27\Runtime\UGUI\EventSystem\EventSystem.cs:493 
UnityEngine.StackTraceUtility:ExtractStringFromExceptionInternal(Object, String&, String&)

(Filename: ./Library/PackageCache/com.unity.ugui@23caec89ae27/Runtime/UGUI/EventSystem/InputModules/BaseInput.cs Line: 95)

InvalidOperationException: You are trying to read Input using the UnityEngine.Input class, but you have switched active Input handling to Input System package in Player Settings.
  at (wrapper managed-to-native) UnityEngine.Input.get_mousePosition_Injected(UnityEngine.Vector3&)
  at UnityEngine.Input.get_mousePosition () [0x00000] in <7fdf22b76a554395b892b73f7625ddc3>:0 
  at UnityEngine.EventSystems.BaseInput.get_mousePosition () [0x00000] in .\Library\PackageCache\com.unity.ugui@23caec89ae27\Runtime\UGUI\EventSystem\InputModules\BaseInput.cs:95 
  at UnityEngine.EventSystems.StandaloneInputModule.UpdateModule () [0x00028] in .\Library\PackageCache\com.unity.ugui@23caec89ae27\Runtime\UGUI\EventSystem\InputModules\StandaloneInputModule.cs:175 
  at UnityEngine.EventSystems.EventSystem.TickModules () [0x00024] in .\Library\PackageCache\com.unity.ugui@23caec89ae27\Runtime\UGUI\EventSystem\EventSystem.cs:473 
  at UnityEngine.EventSystems.EventSystem.Update () [0x00019] in .\Library\PackageCache\com.unity.ugui@23caec89ae27\Runtime\UGUI\EventSystem\EventSystem.cs:493 
UnityEngine.StackTraceUtility:ExtractStringFromExceptionInternal(Object, String&, String&)

(Filename: ./Library/PackageCache/com.unity.ugui@23caec89ae27/Runtime/UGUI/EventSystem/InputModules/BaseInput.cs Line: 95)

InvalidOperationException: You are trying to read Input using the UnityEngine.Input class, but you have switched active Input handling to Input System package in Player Settings.
  at (wrapper managed-to-native) UnityEngine.Input.get_mousePosition_Injected(UnityEngine.Vector3&)
  at UnityEngine.Input.get_mousePosition () [0x00000] in <7fdf22b76a554395b892b73f7625ddc3>:0 
  at UnityEngine.EventSystems.BaseInput.get_mousePosition () [0x00000] in .\Library\PackageCache\com.unity.ugui@23caec89ae27\Runtime\UGUI\EventSystem\InputModules\BaseInput.cs:95 
  at UnityEngine.EventSystems.StandaloneInputModule.UpdateModule () [0x00028] in .\Library\PackageCache\com.unity.ugui@23caec89ae27\Runtime\UGUI\EventSystem\InputModules\StandaloneInputModule.cs:175 
  at UnityEngine.EventSystems.EventSystem.TickModules () [0x00024] in .\Library\PackageCache\com.unity.ugui@23caec89ae27\Runtime\UGUI\EventSystem\EventSystem.cs:473 
  at UnityEngine.EventSystems.EventSystem.Update () [0x00019] in .\Library\PackageCache\com.unity.ugui@23caec89ae27\Runtime\UGUI\EventSystem\EventSystem.cs:493 
UnityEngine.StackTraceUtility:ExtractStringFromExceptionInternal(Object, String&, String&)

(Filename: ./Library/PackageCache/com.unity.ugui@23caec89ae27/Runtime/UGUI/EventSystem/InputModules/BaseInput.cs Line: 95)

InvalidOperationException: You are trying to read Input using the UnityEngine.Input class, but you have switched active Input handling to Input System package in Player Settings.
  at (wrapper managed-to-native) UnityEngine.Input.get_mousePosition_Injected(UnityEngine.Vector3&)
  at UnityEngine.Input.get_mousePosition () [0x00000] in <7fdf22b76a554395b892b73f7625ddc3>:0 
  at UnityEngine.EventSystems.BaseInput.get_mousePosition () [0x00000] in .\Library\PackageCache\com.unity.ugui@23caec89ae27\Runtime\UGUI\EventSystem\InputModules\BaseInput.cs:95 
  at UnityEngine.EventSystems.StandaloneInputModule.UpdateModule () [0x00028] in .\Library\PackageCache\com.unity.ugui@23caec89ae27\Runtime\UGUI\EventSystem\InputModules\StandaloneInputModule.cs:175 
  at UnityEngine.EventSystems.EventSystem.TickModules () [0x00024] in .\Library\PackageCache\com.unity.ugui@23caec89ae27\Runtime\UGUI\EventSystem\EventSystem.cs:473 
  at UnityEngine.EventSystems.EventSystem.Update () [0x00019] in .\Library\PackageCache\com.unity.ugui@23caec89ae27\Runtime\UGUI\EventSystem\EventSystem.cs:493 
UnityEngine.StackTraceUtility:ExtractStringFromExceptionInternal(Object, String&, String&)

(Filename: ./Library/PackageCache/com.unity.ugui@23caec89ae27/Runtime/UGUI/EventSystem/InputModules/BaseInput.cs Line: 95)

InvalidOperationException: You are trying to read Input using the UnityEngine.Input class, but you have switched active Input handling to Input System package in Player Settings.
  at (wrapper managed-to-native) UnityEngine.Input.get_mousePosition_Injected(UnityEngine.Vector3&)
  at UnityEngine.Input.get_mousePosition () [0x00000] in <7fdf22b76a554395b892b73f7625ddc3>:0 
  at UnityEngine.EventSystems.BaseInput.get_mousePosition () [0x00000] in .\Library\PackageCache\com.unity.ugui@23caec89ae27\Runtime\UGUI\EventSystem\InputModules\BaseInput.cs:95 
  at UnityEngine.EventSystems.StandaloneInputModule.UpdateModule () [0x00028] in .\Library\PackageCache\com.unity.ugui@23caec89ae27\Runtime\UGUI\EventSystem\InputModules\StandaloneInputModule.cs:175 
  at UnityEngine.EventSystems.EventSystem.TickModules () [0x00024] in .\Library\PackageCache\com.unity.ugui@23caec89ae27\Runtime\UGUI\EventSystem\EventSystem.cs:473 
  at UnityEngine.EventSystems.EventSystem.Update () [0x00019] in .\Library\PackageCache\com.unity.ugui@23caec89ae27\Runtime\UGUI\EventSystem\EventSystem.cs:493 
UnityEngine.StackTraceUtility:ExtractStringFromExceptionInternal(Object, String&, String&)

(Filename: ./Library/PackageCache/com.unity.ugui@23caec89ae27/Runtime/UGUI/EventSystem/InputModules/BaseInput.cs Line: 95)

InvalidOperationException: You are trying to read Input using the UnityEngine.Input class, but you have switched active Input handling to Input System package in Player Settings.
  at (wrapper managed-to-native) UnityEngine.Input.get_mousePosition_Injected(UnityEngine.Vector3&)
  at UnityEngine.Input.get_mousePosition () [0x00000] in <7fdf22b76a554395b892b73f7625ddc3>:0 
  at UnityEngine.EventSystems.BaseInput.get_mousePosition () [0x00000] in .\Library\PackageCache\com.unity.ugui@23caec89ae27\Runtime\UGUI\EventSystem\InputModules\BaseInput.cs:95 
  at UnityEngine.EventSystems.StandaloneInputModule.UpdateModule () [0x00028] in .\Library\PackageCache\com.unity.ugui@23caec89ae27\Runtime\UGUI\EventSystem\InputModules\StandaloneInputModule.cs:175 
  at UnityEngine.EventSystems.EventSystem.TickModules () [0x00024] in .\Library\PackageCache\com.unity.ugui@23caec89ae27\Runtime\UGUI\EventSystem\EventSystem.cs:473 
  at UnityEngine.EventSystems.EventSystem.Update () [0x00019] in .\Library\PackageCache\com.unity.ugui@23caec89ae27\Runtime\UGUI\EventSystem\EventSystem.cs:493 
UnityEngine.StackTraceUtility:ExtractStringFromExceptionInternal(Object, String&, String&)

(Filename: ./Library/PackageCache/com.unity.ugui@23caec89ae27/Runtime/UGUI/EventSystem/InputModules/BaseInput.cs Line: 95)

InvalidOperationException: You are trying to read Input using the UnityEngine.Input class, but you have switched active Input handling to Input System package in Player Settings.
  at (wrapper managed-to-native) UnityEngine.Input.get_mousePosition_Injected(UnityEngine.Vector3&)
  at UnityEngine.Input.get_mousePosition () [0x00000] in <7fdf22b76a554395b892b73f7625ddc3>:0 
  at UnityEngine.EventSystems.BaseInput.get_mousePosition () [0x00000] in .\Library\PackageCache\com.unity.ugui@23caec89ae27\Runtime\UGUI\EventSystem\InputModules\BaseInput.cs:95 
  at UnityEngine.EventSystems.StandaloneInputModule.UpdateModule () [0x00028] in .\Library\PackageCache\com.unity.ugui@23caec89ae27\Runtime\UGUI\EventSystem\InputModules\StandaloneInputModule.cs:175 
  at UnityEngine.EventSystems.EventSystem.TickModules () [0x00024] in .\Library\PackageCache\com.unity.ugui@23caec89ae27\Runtime\UGUI\EventSystem\EventSystem.cs:473 
  at UnityEngine.EventSystems.EventSystem.Update () [0x00019] in .\Library\PackageCache\com.unity.ugui@23caec89ae27\Runtime\UGUI\EventSystem\EventSystem.cs:493 
UnityEngine.StackTraceUtility:ExtractStringFromExceptionInternal(Object, String&, String&)

(Filename: ./Library/PackageCache/com.unity.ugui@23caec89ae27/Runtime/UGUI/EventSystem/InputModules/BaseInput.cs Line: 95)

InvalidOperationException: You are trying to read Input using the UnityEngine.Input class, but you have switched active Input handling to Input System package in Player Settings.
  at (wrapper managed-to-native) UnityEngine.Input.get_mousePosition_Injected(UnityEngine.Vector3&)
  at UnityEngine.Input.get_mousePosition () [0x00000] in <7fdf22b76a554395b892b73f7625ddc3>:0 
  at UnityEngine.EventSystems.BaseInput.get_mousePosition () [0x00000] in .\Library\PackageCache\com.unity.ugui@23caec89ae27\Runtime\UGUI\EventSystem\InputModules\BaseInput.cs:95 
  at UnityEngine.EventSystems.StandaloneInputModule.UpdateModule () [0x00028] in .\Library\PackageCache\com.unity.ugui@23caec89ae27\Runtime\UGUI\EventSystem\InputModules\StandaloneInputModule.cs:175 
  at UnityEngine.EventSystems.EventSystem.TickModules () [0x00024] in .\Library\PackageCache\com.unity.ugui@23caec89ae27\Runtime\UGUI\EventSystem\EventSystem.cs:473 
  at UnityEngine.EventSystems.EventSystem.Update () [0x00019] in .\Library\PackageCache\com.unity.ugui@23caec89ae27\Runtime\UGUI\EventSystem\EventSystem.cs:493 
UnityEngine.StackTraceUtility:ExtractStringFromExceptionInternal(Object, String&, String&)

(Filename: ./Library/PackageCache/com.unity.ugui@23caec89ae27/Runtime/UGUI/EventSystem/InputModules/BaseInput.cs Line: 95)

InvalidOperationException: You are trying to read Input using the UnityEngine.Input class, but you have switched active Input handling to Input System package in Player Settings.
  at (wrapper managed-to-native) UnityEngine.Input.get_mousePosition_Injected(UnityEngine.Vector3&)
  at UnityEngine.Input.get_mousePosition () [0x00000] in <7fdf22b76a554395b892b73f7625ddc3>:0 
  at UnityEngine.EventSystems.BaseInput.get_mousePosition () [0x00000] in .\Library\PackageCache\com.unity.ugui@23caec89ae27\Runtime\UGUI\EventSystem\InputModules\BaseInput.cs:95 
  at UnityEngine.EventSystems.StandaloneInputModule.UpdateModule () [0x00028] in .\Library\PackageCache\com.unity.ugui@23caec89ae27\Runtime\UGUI\EventSystem\InputModules\StandaloneInputModule.cs:175 
  at UnityEngine.EventSystems.EventSystem.TickModules () [0x00024] in .\Library\PackageCache\com.unity.ugui@23caec89ae27\Runtime\UGUI\EventSystem\EventSystem.cs:473 
  at UnityEngine.EventSystems.EventSystem.Update () [0x00019] in .\Library\PackageCache\com.unity.ugui@23caec89ae27\Runtime\UGUI\EventSystem\EventSystem.cs:493 
UnityEngine.StackTraceUtility:ExtractStringFromExceptionInternal(Object, String&, String&)

(Filename: ./Library/PackageCache/com.unity.ugui@23caec89ae27/Runtime/UGUI/EventSystem/InputModules/BaseInput.cs Line: 95)

[Worker0] Imported GUID: 4e5120f97ab86244f934faecb85e33fe - Path: Assets/Models/Images/CoverArt.jpg - Importer: ScriptedImporter/UnityEditor.QuickSearchModule:UnityEditor.Search:ASIAI0B -> (ImportResultId: '1de15127d89a41222902a6327ad5a9d9') in 0.0997031 seconds
InvalidOperationException: You are trying to read Input using the UnityEngine.Input class, but you have switched active Input handling to Input System package in Player Settings.
  at (wrapper managed-to-native) UnityEngine.Input.get_mousePosition_Injected(UnityEngine.Vector3&)
  at UnityEngine.Input.get_mousePosition () [0x00000] in <7fdf22b76a554395b892b73f7625ddc3>:0 
  at UnityEngine.EventSystems.BaseInput.get_mousePosition () [0x00000] in .\Library\PackageCache\com.unity.ugui@23caec89ae27\Runtime\UGUI\EventSystem\InputModules\BaseInput.cs:95 
  at UnityEngine.EventSystems.StandaloneInputModule.UpdateModule () [0x00028] in .\Library\PackageCache\com.unity.ugui@23caec89ae27\Runtime\UGUI\EventSystem\InputModules\StandaloneInputModule.cs:175 
  at UnityEngine.EventSystems.EventSystem.TickModules () [0x00024] in .\Library\PackageCache\com.unity.ugui@23caec89ae27\Runtime\UGUI\EventSystem\EventSystem.cs:473 
  at UnityEngine.EventSystems.EventSystem.Update () [0x00019] in .\Library\PackageCache\com.unity.ugui@23caec89ae27\Runtime\UGUI\EventSystem\EventSystem.cs:493 
UnityEngine.StackTraceUtility:ExtractStringFromExceptionInternal(Object, String&, String&)

(Filename: ./Library/PackageCache/com.unity.ugui@23caec89ae27/Runtime/UGUI/EventSystem/InputModules/BaseInput.cs Line: 95)

InvalidOperationException: You are trying to read Input using the UnityEngine.Input class, but you have switched active Input handling to Input System package in Player Settings.
  at (wrapper managed-to-native) UnityEngine.Input.get_mousePosition_Injected(UnityEngine.Vector3&)
  at UnityEngine.Input.get_mousePosition () [0x00000] in <7fdf22b76a554395b892b73f7625ddc3>:0 
  at UnityEngine.EventSystems.BaseInput.get_mousePosition () [0x00000] in .\Library\PackageCache\com.unity.ugui@23caec89ae27\Runtime\UGUI\EventSystem\InputModules\BaseInput.cs:95 
  at UnityEngine.EventSystems.StandaloneInputModule.UpdateModule () [0x00028] in .\Library\PackageCache\com.unity.ugui@23caec89ae27\Runtime\UGUI\EventSystem\InputModules\StandaloneInputModule.cs:175 
  at UnityEngine.EventSystems.EventSystem.TickModules () [0x00024] in .\Library\PackageCache\com.unity.ugui@23caec89ae27\Runtime\UGUI\EventSystem\EventSystem.cs:473 
  at UnityEngine.EventSystems.EventSystem.Update () [0x00019] in .\Library\PackageCache\com.unity.ugui@23caec89ae27\Runtime\UGUI\EventSystem\EventSystem.cs:493 
UnityEngine.StackTraceUtility:ExtractStringFromExceptionInternal(Object, String&, String&)

(Filename: ./Library/PackageCache/com.unity.ugui@23caec89ae27/Runtime/UGUI/EventSystem/InputModules/BaseInput.cs Line: 95)

[Worker0] Imported GUID: 1263a8f092535ad40a036a16561ef51b - Path: Assets/Scripts/Settings/OptionsData.cs - Importer: ScriptedImporter/UnityEditor.QuickSearchModule:UnityEditor.Search:ASIAI0B -> (ImportResultId: '94575697e32c1588d29d445e2041b029') in 0.0256436 seconds
InvalidOperationException: You are trying to read Input using the UnityEngine.Input class, but you have switched active Input handling to Input System package in Player Settings.
  at (wrapper managed-to-native) UnityEngine.Input.get_mousePosition_Injected(UnityEngine.Vector3&)
  at UnityEngine.Input.get_mousePosition () [0x00000] in <7fdf22b76a554395b892b73f7625ddc3>:0 
  at UnityEngine.EventSystems.BaseInput.get_mousePosition () [0x00000] in .\Library\PackageCache\com.unity.ugui@23caec89ae27\Runtime\UGUI\EventSystem\InputModules\BaseInput.cs:95 
  at UnityEngine.EventSystems.StandaloneInputModule.UpdateModule () [0x00028] in .\Library\PackageCache\com.unity.ugui@23caec89ae27\Runtime\UGUI\EventSystem\InputModules\StandaloneInputModule.cs:175 
  at UnityEngine.EventSystems.EventSystem.TickModules () [0x00024] in .\Library\PackageCache\com.unity.ugui@23caec89ae27\Runtime\UGUI\EventSystem\EventSystem.cs:473 
  at UnityEngine.EventSystems.EventSystem.Update () [0x00019] in .\Library\PackageCache\com.unity.ugui@23caec89ae27\Runtime\UGUI\EventSystem\EventSystem.cs:493 
UnityEngine.StackTraceUtility:ExtractStringFromExceptionInternal(Object, String&, String&)

(Filename: ./Library/PackageCache/com.unity.ugui@23caec89ae27/Runtime/UGUI/EventSystem/InputModules/BaseInput.cs Line: 95)

InvalidOperationException: You are trying to read Input using the UnityEngine.Input class, but you have switched active Input handling to Input System package in Player Settings.
  at (wrapper managed-to-native) UnityEngine.Input.get_mousePosition_Injected(UnityEngine.Vector3&)
  at UnityEngine.Input.get_mousePosition () [0x00000] in <7fdf22b76a554395b892b73f7625ddc3>:0 
  at UnityEngine.EventSystems.BaseInput.get_mousePosition () [0x00000] in .\Library\PackageCache\com.unity.ugui@23caec89ae27\Runtime\UGUI\EventSystem\InputModules\BaseInput.cs:95 
  at UnityEngine.EventSystems.StandaloneInputModule.UpdateModule () [0x00028] in .\Library\PackageCache\com.unity.ugui@23caec89ae27\Runtime\UGUI\EventSystem\InputModules\StandaloneInputModule.cs:175 
  at UnityEngine.EventSystems.EventSystem.TickModules () [0x00024] in .\Library\PackageCache\com.unity.ugui@23caec89ae27\Runtime\UGUI\EventSystem\EventSystem.cs:473 
  at UnityEngine.EventSystems.EventSystem.Update () [0x00019] in .\Library\PackageCache\com.unity.ugui@23caec89ae27\Runtime\UGUI\EventSystem\EventSystem.cs:493 
UnityEngine.StackTraceUtility:ExtractStringFromExceptionInternal(Object, String&, String&)

(Filename: ./Library/PackageCache/com.unity.ugui@23caec89ae27/Runtime/UGUI/EventSystem/InputModules/BaseInput.cs Line: 95)

[Worker0] Imported GUID: cf4a64bfb6fd6c549834cacb28232d1e - Path: Assets/Scripts/Settings/ControlsMenu.cs - Importer: ScriptedImporter/UnityEditor.QuickSearchModule:UnityEditor.Search:ASIAI0B -> (ImportResultId: 'cfd5eccdd797d55c230efa43402483bd') in 0.0228727 seconds
InvalidOperationException: You are trying to read Input using the UnityEngine.Input class, but you have switched active Input handling to Input System package in Player Settings.
  at (wrapper managed-to-native) UnityEngine.Input.get_mousePosition_Injected(UnityEngine.Vector3&)
  at UnityEngine.Input.get_mousePosition () [0x00000] in <7fdf22b76a554395b892b73f7625ddc3>:0 
  at UnityEngine.EventSystems.BaseInput.get_mousePosition () [0x00000] in .\Library\PackageCache\com.unity.ugui@23caec89ae27\Runtime\UGUI\EventSystem\InputModules\BaseInput.cs:95 
  at UnityEngine.EventSystems.StandaloneInputModule.UpdateModule () [0x00028] in .\Library\PackageCache\com.unity.ugui@23caec89ae27\Runtime\UGUI\EventSystem\InputModules\StandaloneInputModule.cs:175 
  at UnityEngine.EventSystems.EventSystem.TickModules () [0x00024] in .\Library\PackageCache\com.unity.ugui@23caec89ae27\Runtime\UGUI\EventSystem\EventSystem.cs:473 
  at UnityEngine.EventSystems.EventSystem.Update () [0x00019] in .\Library\PackageCache\com.unity.ugui@23caec89ae27\Runtime\UGUI\EventSystem\EventSystem.cs:493 
UnityEngine.StackTraceUtility:ExtractStringFromExceptionInternal(Object, String&, String&)

(Filename: ./Library/PackageCache/com.unity.ugui@23caec89ae27/Runtime/UGUI/EventSystem/InputModules/BaseInput.cs Line: 95)

[Worker0] Imported GUID: a40945f97d60a93489691352a143bbac - Path: Assets/Scripts/Dialogue/Dialogue.cs - Importer: ScriptedImporter/UnityEditor.QuickSearchModule:UnityEditor.Search:ASIAI0B -> (ImportResultId: 'cb4d0424a4a0b4720eba35ced6837b6b') in 0.0211839 seconds
InvalidOperationException: You are trying to read Input using the UnityEngine.Input class, but you have switched active Input handling to Input System package in Player Settings.
  at (wrapper managed-to-native) UnityEngine.Input.get_mousePosition_Injected(UnityEngine.Vector3&)
  at UnityEngine.Input.get_mousePosition () [0x00000] in <7fdf22b76a554395b892b73f7625ddc3>:0 
  at UnityEngine.EventSystems.BaseInput.get_mousePosition () [0x00000] in .\Library\PackageCache\com.unity.ugui@23caec89ae27\Runtime\UGUI\EventSystem\InputModules\BaseInput.cs:95 
  at UnityEngine.EventSystems.StandaloneInputModule.UpdateModule () [0x00028] in .\Library\PackageCache\com.unity.ugui@23caec89ae27\Runtime\UGUI\EventSystem\InputModules\StandaloneInputModule.cs:175 
  at UnityEngine.EventSystems.EventSystem.TickModules () [0x00024] in .\Library\PackageCache\com.unity.ugui@23caec89ae27\Runtime\UGUI\EventSystem\EventSystem.cs:473 
  at UnityEngine.EventSystems.EventSystem.Update () [0x00019] in .\Library\PackageCache\com.unity.ugui@23caec89ae27\Runtime\UGUI\EventSystem\EventSystem.cs:493 
UnityEngine.StackTraceUtility:ExtractStringFromExceptionInternal(Object, String&, String&)

(Filename: ./Library/PackageCache/com.unity.ugui@23caec89ae27/Runtime/UGUI/EventSystem/InputModules/BaseInput.cs Line: 95)

InvalidOperationException: You are trying to read Input using the UnityEngine.Input class, but you have switched active Input handling to Input System package in Player Settings.
  at (wrapper managed-to-native) UnityEngine.Input.get_mousePosition_Injected(UnityEngine.Vector3&)
  at UnityEngine.Input.get_mousePosition () [0x00000] in <7fdf22b76a554395b892b73f7625ddc3>:0 
  at UnityEngine.EventSystems.BaseInput.get_mousePosition () [0x00000] in .\Library\PackageCache\com.unity.ugui@23caec89ae27\Runtime\UGUI\EventSystem\InputModules\BaseInput.cs:95 
  at UnityEngine.EventSystems.StandaloneInputModule.UpdateModule () [0x00028] in .\Library\PackageCache\com.unity.ugui@23caec89ae27\Runtime\UGUI\EventSystem\InputModules\StandaloneInputModule.cs:175 
  at UnityEngine.EventSystems.EventSystem.TickModules () [0x00024] in .\Library\PackageCache\com.unity.ugui@23caec89ae27\Runtime\UGUI\EventSystem\EventSystem.cs:473 
  at UnityEngine.EventSystems.EventSystem.Update () [0x00019] in .\Library\PackageCache\com.unity.ugui@23caec89ae27\Runtime\UGUI\EventSystem\EventSystem.cs:493 
UnityEngine.StackTraceUtility:ExtractStringFromExceptionInternal(Object, String&, String&)

(Filename: ./Library/PackageCache/com.unity.ugui@23caec89ae27/Runtime/UGUI/EventSystem/InputModules/BaseInput.cs Line: 95)

[Worker0] Imported GUID: 3047bbab24460104d9fa8c3145c4d8ea - Path: Assets/Scenes/Menu.unity - Importer: ScriptedImporter/UnityEditor.QuickSearchModule:UnityEditor.Search:ASIAI0B -> (ImportResultId: '7ffa11e24fe78eec79a3149541dca9b7') in 0.0235203 seconds
InvalidOperationException: You are trying to read Input using the UnityEngine.Input class, but you have switched active Input handling to Input System package in Player Settings.
  at (wrapper managed-to-native) UnityEngine.Input.get_mousePosition_Injected(UnityEngine.Vector3&)
  at UnityEngine.Input.get_mousePosition () [0x00000] in <7fdf22b76a554395b892b73f7625ddc3>:0 
  at UnityEngine.EventSystems.BaseInput.get_mousePosition () [0x00000] in .\Library\PackageCache\com.unity.ugui@23caec89ae27\Runtime\UGUI\EventSystem\InputModules\BaseInput.cs:95 
  at UnityEngine.EventSystems.StandaloneInputModule.UpdateModule () [0x00028] in .\Library\PackageCache\com.unity.ugui@23caec89ae27\Runtime\UGUI\EventSystem\InputModules\StandaloneInputModule.cs:175 
  at UnityEngine.EventSystems.EventSystem.TickModules () [0x00024] in .\Library\PackageCache\com.unity.ugui@23caec89ae27\Runtime\UGUI\EventSystem\EventSystem.cs:473 
  at UnityEngine.EventSystems.EventSystem.Update () [0x00019] in .\Library\PackageCache\com.unity.ugui@23caec89ae27\Runtime\UGUI\EventSystem\EventSystem.cs:493 
UnityEngine.StackTraceUtility:ExtractStringFromExceptionInternal(Object, String&, String&)

(Filename: ./Library/PackageCache/com.unity.ugui@23caec89ae27/Runtime/UGUI/EventSystem/InputModules/BaseInput.cs Line: 95)

InvalidOperationException: You are trying to read Input using the UnityEngine.Input class, but you have switched active Input handling to Input System package in Player Settings.
  at (wrapper managed-to-native) UnityEngine.Input.get_mousePosition_Injected(UnityEngine.Vector3&)
  at UnityEngine.Input.get_mousePosition () [0x00000] in <7fdf22b76a554395b892b73f7625ddc3>:0 
  at UnityEngine.EventSystems.BaseInput.get_mousePosition () [0x00000] in .\Library\PackageCache\com.unity.ugui@23caec89ae27\Runtime\UGUI\EventSystem\InputModules\BaseInput.cs:95 
  at UnityEngine.EventSystems.StandaloneInputModule.UpdateModule () [0x00028] in .\Library\PackageCache\com.unity.ugui@23caec89ae27\Runtime\UGUI\EventSystem\InputModules\StandaloneInputModule.cs:175 
  at UnityEngine.EventSystems.EventSystem.TickModules () [0x00024] in .\Library\PackageCache\com.unity.ugui@23caec89ae27\Runtime\UGUI\EventSystem\EventSystem.cs:473 
  at UnityEngine.EventSystems.EventSystem.Update () [0x00019] in .\Library\PackageCache\com.unity.ugui@23caec89ae27\Runtime\UGUI\EventSystem\EventSystem.cs:493 
UnityEngine.StackTraceUtility:ExtractStringFromExceptionInternal(Object, String&, String&)

(Filename: ./Library/PackageCache/com.unity.ugui@23caec89ae27/Runtime/UGUI/EventSystem/InputModules/BaseInput.cs Line: 95)

InvalidOperationException: You are trying to read Input using the UnityEngine.Input class, but you have switched active Input handling to Input System package in Player Settings.
  at (wrapper managed-to-native) UnityEngine.Input.get_mousePosition_Injected(UnityEngine.Vector3&)
  at UnityEngine.Input.get_mousePosition () [0x00000] in <7fdf22b76a554395b892b73f7625ddc3>:0 
  at UnityEngine.EventSystems.BaseInput.get_mousePosition () [0x00000] in .\Library\PackageCache\com.unity.ugui@23caec89ae27\Runtime\UGUI\EventSystem\InputModules\BaseInput.cs:95 
  at UnityEngine.EventSystems.StandaloneInputModule.UpdateModule () [0x00028] in .\Library\PackageCache\com.unity.ugui@23caec89ae27\Runtime\UGUI\EventSystem\InputModules\StandaloneInputModule.cs:175 
  at UnityEngine.EventSystems.EventSystem.TickModules () [0x00024] in .\Library\PackageCache\com.unity.ugui@23caec89ae27\Runtime\UGUI\EventSystem\EventSystem.cs:473 
  at UnityEngine.EventSystems.EventSystem.Update () [0x00019] in .\Library\PackageCache\com.unity.ugui@23caec89ae27\Runtime\UGUI\EventSystem\EventSystem.cs:493 
UnityEngine.StackTraceUtility:ExtractStringFromExceptionInternal(Object, String&, String&)

(Filename: ./Library/PackageCache/com.unity.ugui@23caec89ae27/Runtime/UGUI/EventSystem/InputModules/BaseInput.cs Line: 95)

InvalidOperationException: You are trying to read Input using the UnityEngine.Input class, but you have switched active Input handling to Input System package in Player Settings.
  at (wrapper managed-to-native) UnityEngine.Input.get_mousePosition_Injected(UnityEngine.Vector3&)
  at UnityEngine.Input.get_mousePosition () [0x00000] in <7fdf22b76a554395b892b73f7625ddc3>:0 
  at UnityEngine.EventSystems.BaseInput.get_mousePosition () [0x00000] in .\Library\PackageCache\com.unity.ugui@23caec89ae27\Runtime\UGUI\EventSystem\InputModules\BaseInput.cs:95 
  at UnityEngine.EventSystems.StandaloneInputModule.UpdateModule () [0x00028] in .\Library\PackageCache\com.unity.ugui@23caec89ae27\Runtime\UGUI\EventSystem\InputModules\StandaloneInputModule.cs:175 
  at UnityEngine.EventSystems.EventSystem.TickModules () [0x00024] in .\Library\PackageCache\com.unity.ugui@23caec89ae27\Runtime\UGUI\EventSystem\EventSystem.cs:473 
  at UnityEngine.EventSystems.EventSystem.Update () [0x00019] in .\Library\PackageCache\com.unity.ugui@23caec89ae27\Runtime\UGUI\EventSystem\EventSystem.cs:493 
UnityEngine.StackTraceUtility:ExtractStringFromExceptionInternal(Object, String&, String&)

(Filename: ./Library/PackageCache/com.unity.ugui@23caec89ae27/Runtime/UGUI/EventSystem/InputModules/BaseInput.cs Line: 95)

InvalidOperationException: You are trying to read Input using the UnityEngine.Input class, but you have switched active Input handling to Input System package in Player Settings.
  at (wrapper managed-to-native) UnityEngine.Input.get_mousePosition_Injected(UnityEngine.Vector3&)
  at UnityEngine.Input.get_mousePosition () [0x00000] in <7fdf22b76a554395b892b73f7625ddc3>:0 
  at UnityEngine.EventSystems.BaseInput.get_mousePosition () [0x00000] in .\Library\PackageCache\com.unity.ugui@23caec89ae27\Runtime\UGUI\EventSystem\InputModules\BaseInput.cs:95 
  at UnityEngine.EventSystems.StandaloneInputModule.UpdateModule () [0x00028] in .\Library\PackageCache\com.unity.ugui@23caec89ae27\Runtime\UGUI\EventSystem\InputModules\StandaloneInputModule.cs:175 
  at UnityEngine.EventSystems.EventSystem.TickModules () [0x00024] in .\Library\PackageCache\com.unity.ugui@23caec89ae27\Runtime\UGUI\EventSystem\EventSystem.cs:473 
  at UnityEngine.EventSystems.EventSystem.Update () [0x00019] in .\Library\PackageCache\com.unity.ugui@23caec89ae27\Runtime\UGUI\EventSystem\EventSystem.cs:493 
UnityEngine.StackTraceUtility:ExtractStringFromExceptionInternal(Object, String&, String&)

(Filename: ./Library/PackageCache/com.unity.ugui@23caec89ae27/Runtime/UGUI/EventSystem/InputModules/BaseInput.cs Line: 95)

InvalidOperationException: You are trying to read Input using the UnityEngine.Input class, but you have switched active Input handling to Input System package in Player Settings.
  at (wrapper managed-to-native) UnityEngine.Input.get_mousePosition_Injected(UnityEngine.Vector3&)
  at UnityEngine.Input.get_mousePosition () [0x00000] in <7fdf22b76a554395b892b73f7625ddc3>:0 
  at UnityEngine.EventSystems.BaseInput.get_mousePosition () [0x00000] in .\Library\PackageCache\com.unity.ugui@23caec89ae27\Runtime\UGUI\EventSystem\InputModules\BaseInput.cs:95 
  at UnityEngine.EventSystems.StandaloneInputModule.UpdateModule () [0x00028] in .\Library\PackageCache\com.unity.ugui@23caec89ae27\Runtime\UGUI\EventSystem\InputModules\StandaloneInputModule.cs:175 
  at UnityEngine.EventSystems.EventSystem.TickModules () [0x00024] in .\Library\PackageCache\com.unity.ugui@23caec89ae27\Runtime\UGUI\EventSystem\EventSystem.cs:473 
  at UnityEngine.EventSystems.EventSystem.Update () [0x00019] in .\Library\PackageCache\com.unity.ugui@23caec89ae27\Runtime\UGUI\EventSystem\EventSystem.cs:493 
UnityEngine.StackTraceUtility:ExtractStringFromExceptionInternal(Object, String&, String&)

(Filename: ./Library/PackageCache/com.unity.ugui@23caec89ae27/Runtime/UGUI/EventSystem/InputModules/BaseInput.cs Line: 95)

InvalidOperationException: You are trying to read Input using the UnityEngine.Input class, but you have switched active Input handling to Input System package in Player Settings.
  at (wrapper managed-to-native) UnityEngine.Input.get_mousePosition_Injected(UnityEngine.Vector3&)
  at UnityEngine.Input.get_mousePosition () [0x00000] in <7fdf22b76a554395b892b73f7625ddc3>:0 
  at UnityEngine.EventSystems.BaseInput.get_mousePosition () [0x00000] in .\Library\PackageCache\com.unity.ugui@23caec89ae27\Runtime\UGUI\EventSystem\InputModules\BaseInput.cs:95 
  at UnityEngine.EventSystems.StandaloneInputModule.UpdateModule () [0x00028] in .\Library\PackageCache\com.unity.ugui@23caec89ae27\Runtime\UGUI\EventSystem\InputModules\StandaloneInputModule.cs:175 
  at UnityEngine.EventSystems.EventSystem.TickModules () [0x00024] in .\Library\PackageCache\com.unity.ugui@23caec89ae27\Runtime\UGUI\EventSystem\EventSystem.cs:473 
  at UnityEngine.EventSystems.EventSystem.Update () [0x00019] in .\Library\PackageCache\com.unity.ugui@23caec89ae27\Runtime\UGUI\EventSystem\EventSystem.cs:493 
UnityEngine.StackTraceUtility:ExtractStringFromExceptionInternal(Object, String&, String&)

(Filename: ./Library/PackageCache/com.unity.ugui@23caec89ae27/Runtime/UGUI/EventSystem/InputModules/BaseInput.cs Line: 95)

InvalidOperationException: You are trying to read Input using the UnityEngine.Input class, but you have switched active Input handling to Input System package in Player Settings.
  at (wrapper managed-to-native) UnityEngine.Input.get_mousePosition_Injected(UnityEngine.Vector3&)
  at UnityEngine.Input.get_mousePosition () [0x00000] in <7fdf22b76a554395b892b73f7625ddc3>:0 
  at UnityEngine.EventSystems.BaseInput.get_mousePosition () [0x00000] in .\Library\PackageCache\com.unity.ugui@23caec89ae27\Runtime\UGUI\EventSystem\InputModules\BaseInput.cs:95 
  at UnityEngine.EventSystems.StandaloneInputModule.UpdateModule () [0x00028] in .\Library\PackageCache\com.unity.ugui@23caec89ae27\Runtime\UGUI\EventSystem\InputModules\StandaloneInputModule.cs:175 
  at UnityEngine.EventSystems.EventSystem.TickModules () [0x00024] in .\Library\PackageCache\com.unity.ugui@23caec89ae27\Runtime\UGUI\EventSystem\EventSystem.cs:473 
  at UnityEngine.EventSystems.EventSystem.Update () [0x00019] in .\Library\PackageCache\com.unity.ugui@23caec89ae27\Runtime\UGUI\EventSystem\EventSystem.cs:493 
UnityEngine.StackTraceUtility:ExtractStringFromExceptionInternal(Object, String&, String&)

(Filename: ./Library/PackageCache/com.unity.ugui@23caec89ae27/Runtime/UGUI/EventSystem/InputModules/BaseInput.cs Line: 95)

InvalidOperationException: You are trying to read Input using the UnityEngine.Input class, but you have switched active Input handling to Input System package in Player Settings.
  at (wrapper managed-to-native) UnityEngine.Input.get_mousePosition_Injected(UnityEngine.Vector3&)
  at UnityEngine.Input.get_mousePosition () [0x00000] in <7fdf22b76a554395b892b73f7625ddc3>:0 
  at UnityEngine.EventSystems.BaseInput.get_mousePosition () [0x00000] in .\Library\PackageCache\com.unity.ugui@23caec89ae27\Runtime\UGUI\EventSystem\InputModules\BaseInput.cs:95 
  at UnityEngine.EventSystems.StandaloneInputModule.UpdateModule () [0x00028] in .\Library\PackageCache\com.unity.ugui@23caec89ae27\Runtime\UGUI\EventSystem\InputModules\StandaloneInputModule.cs:175 
  at UnityEngine.EventSystems.EventSystem.TickModules () [0x00024] in .\Library\PackageCache\com.unity.ugui@23caec89ae27\Runtime\UGUI\EventSystem\EventSystem.cs:473 
  at UnityEngine.EventSystems.EventSystem.Update () [0x00019] in .\Library\PackageCache\com.unity.ugui@23caec89ae27\Runtime\UGUI\EventSystem\EventSystem.cs:493 
UnityEngine.StackTraceUtility:ExtractStringFromExceptionInternal(Object, String&, String&)

(Filename: ./Library/PackageCache/com.unity.ugui@23caec89ae27/Runtime/UGUI/EventSystem/InputModules/BaseInput.cs Line: 95)

InvalidOperationException: You are trying to read Input using the UnityEngine.Input class, but you have switched active Input handling to Input System package in Player Settings.
  at (wrapper managed-to-native) UnityEngine.Input.get_mousePosition_Injected(UnityEngine.Vector3&)
  at UnityEngine.Input.get_mousePosition () [0x00000] in <7fdf22b76a554395b892b73f7625ddc3>:0 
  at UnityEngine.EventSystems.BaseInput.get_mousePosition () [0x00000] in .\Library\PackageCache\com.unity.ugui@23caec89ae27\Runtime\UGUI\EventSystem\InputModules\BaseInput.cs:95 
  at UnityEngine.EventSystems.StandaloneInputModule.UpdateModule () [0x00028] in .\Library\PackageCache\com.unity.ugui@23caec89ae27\Runtime\UGUI\EventSystem\InputModules\StandaloneInputModule.cs:175 
  at UnityEngine.EventSystems.EventSystem.TickModules () [0x00024] in .\Library\PackageCache\com.unity.ugui@23caec89ae27\Runtime\UGUI\EventSystem\EventSystem.cs:473 
  at UnityEngine.EventSystems.EventSystem.Update () [0x00019] in .\Library\PackageCache\com.unity.ugui@23caec89ae27\Runtime\UGUI\EventSystem\EventSystem.cs:493 
UnityEngine.StackTraceUtility:ExtractStringFromExceptionInternal(Object, String&, String&)

(Filename: ./Library/PackageCache/com.unity.ugui@23caec89ae27/Runtime/UGUI/EventSystem/InputModules/BaseInput.cs Line: 95)

InvalidOperationException: You are trying to read Input using the UnityEngine.Input class, but you have switched active Input handling to Input System package in Player Settings.
  at (wrapper managed-to-native) UnityEngine.Input.get_mousePosition_Injected(UnityEngine.Vector3&)
  at UnityEngine.Input.get_mousePosition () [0x00000] in <7fdf22b76a554395b892b73f7625ddc3>:0 
  at UnityEngine.EventSystems.BaseInput.get_mousePosition () [0x00000] in .\Library\PackageCache\com.unity.ugui@23caec89ae27\Runtime\UGUI\EventSystem\InputModules\BaseInput.cs:95 
  at UnityEngine.EventSystems.StandaloneInputModule.UpdateModule () [0x00028] in .\Library\PackageCache\com.unity.ugui@23caec89ae27\Runtime\UGUI\EventSystem\InputModules\StandaloneInputModule.cs:175 
  at UnityEngine.EventSystems.EventSystem.TickModules () [0x00024] in .\Library\PackageCache\com.unity.ugui@23caec89ae27\Runtime\UGUI\EventSystem\EventSystem.cs:473 
  at UnityEngine.EventSystems.EventSystem.Update () [0x00019] in .\Library\PackageCache\com.unity.ugui@23caec89ae27\Runtime\UGUI\EventSystem\EventSystem.cs:493 
UnityEngine.StackTraceUtility:ExtractStringFromExceptionInternal(Object, String&, String&)

(Filename: ./Library/PackageCache/com.unity.ugui@23caec89ae27/Runtime/UGUI/EventSystem/InputModules/BaseInput.cs Line: 95)

[Worker0] Imported GUID: 1b0309336d5d24445a134e6864de91b8 - Path: Packages/com.unity.collab-proxy/Lib/Editor/Localization/semantic.ja.txt - Importer: ScriptedImporter/UnityEditor.QuickSearchModule:UnityEditor.Search:ASIAI0B -> (ImportResultId: '267f86e87fd69ae652ffdd299e919626') in 0.068868 seconds
InvalidOperationException: You are trying to read Input using the UnityEngine.Input class, but you have switched active Input handling to Input System package in Player Settings.
  at (wrapper managed-to-native) UnityEngine.Input.get_mousePosition_Injected(UnityEngine.Vector3&)
  at UnityEngine.Input.get_mousePosition () [0x00000] in <7fdf22b76a554395b892b73f7625ddc3>:0 
  at UnityEngine.EventSystems.BaseInput.get_mousePosition () [0x00000] in .\Library\PackageCache\com.unity.ugui@23caec89ae27\Runtime\UGUI\EventSystem\InputModules\BaseInput.cs:95 
  at UnityEngine.EventSystems.StandaloneInputModule.UpdateModule () [0x00028] in .\Library\PackageCache\com.unity.ugui@23caec89ae27\Runtime\UGUI\EventSystem\InputModules\StandaloneInputModule.cs:175 
  at UnityEngine.EventSystems.EventSystem.TickModules () [0x00024] in .\Library\PackageCache\com.unity.ugui@23caec89ae27\Runtime\UGUI\EventSystem\EventSystem.cs:473 
  at UnityEngine.EventSystems.EventSystem.Update () [0x00019] in .\Library\PackageCache\com.unity.ugui@23caec89ae27\Runtime\UGUI\EventSystem\EventSystem.cs:493 
UnityEngine.StackTraceUtility:ExtractStringFromExceptionInternal(Object, String&, String&)

(Filename: ./Library/PackageCache/com.unity.ugui@23caec89ae27/Runtime/UGUI/EventSystem/InputModules/BaseInput.cs Line: 95)

InvalidOperationException: You are trying to read Input using the UnityEngine.Input class, but you have switched active Input handling to Input System package in Player Settings.
  at (wrapper managed-to-native) UnityEngine.Input.get_mousePosition_Injected(UnityEngine.Vector3&)
  at UnityEngine.Input.get_mousePosition () [0x00000] in <7fdf22b76a554395b892b73f7625ddc3>:0 
  at UnityEngine.EventSystems.BaseInput.get_mousePosition () [0x00000] in .\Library\PackageCache\com.unity.ugui@23caec89ae27\Runtime\UGUI\EventSystem\InputModules\BaseInput.cs:95 
  at UnityEngine.EventSystems.StandaloneInputModule.UpdateModule () [0x00028] in .\Library\PackageCache\com.unity.ugui@23caec89ae27\Runtime\UGUI\EventSystem\InputModules\StandaloneInputModule.cs:175 
  at UnityEngine.EventSystems.EventSystem.TickModules () [0x00024] in .\Library\PackageCache\com.unity.ugui@23caec89ae27\Runtime\UGUI\EventSystem\EventSystem.cs:473 
  at UnityEngine.EventSystems.EventSystem.Update () [0x00019] in .\Library\PackageCache\com.unity.ugui@23caec89ae27\Runtime\UGUI\EventSystem\EventSystem.cs:493 
UnityEngine.StackTraceUtility:ExtractStringFromExceptionInternal(Object, String&, String&)

(Filename: ./Library/PackageCache/com.unity.ugui@23caec89ae27/Runtime/UGUI/EventSystem/InputModules/BaseInput.cs Line: 95)

InvalidOperationException: You are trying to read Input using the UnityEngine.Input class, but you have switched active Input handling to Input System package in Player Settings.
  at (wrapper managed-to-native) UnityEngine.Input.get_mousePosition_Injected(UnityEngine.Vector3&)
  at UnityEngine.Input.get_mousePosition () [0x00000] in <7fdf22b76a554395b892b73f7625ddc3>:0 
  at UnityEngine.EventSystems.BaseInput.get_mousePosition () [0x00000] in .\Library\PackageCache\com.unity.ugui@23caec89ae27\Runtime\UGUI\EventSystem\InputModules\BaseInput.cs:95 
  at UnityEngine.EventSystems.StandaloneInputModule.UpdateModule () [0x00028] in .\Library\PackageCache\com.unity.ugui@23caec89ae27\Runtime\UGUI\EventSystem\InputModules\StandaloneInputModule.cs:175 
  at UnityEngine.EventSystems.EventSystem.TickModules () [0x00024] in .\Library\PackageCache\com.unity.ugui@23caec89ae27\Runtime\UGUI\EventSystem\EventSystem.cs:473 
  at UnityEngine.EventSystems.EventSystem.Update () [0x00019] in .\Library\PackageCache\com.unity.ugui@23caec89ae27\Runtime\UGUI\EventSystem\EventSystem.cs:493 
UnityEngine.StackTraceUtility:ExtractStringFromExceptionInternal(Object, String&, String&)

(Filename: ./Library/PackageCache/com.unity.ugui@23caec89ae27/Runtime/UGUI/EventSystem/InputModules/BaseInput.cs Line: 95)

InvalidOperationException: You are trying to read Input using the UnityEngine.Input class, but you have switched active Input handling to Input System package in Player Settings.
  at (wrapper managed-to-native) UnityEngine.Input.get_mousePosition_Injected(UnityEngine.Vector3&)
  at UnityEngine.Input.get_mousePosition () [0x00000] in <7fdf22b76a554395b892b73f7625ddc3>:0 
  at UnityEngine.EventSystems.BaseInput.get_mousePosition () [0x00000] in .\Library\PackageCache\com.unity.ugui@23caec89ae27\Runtime\UGUI\EventSystem\InputModules\BaseInput.cs:95 
  at UnityEngine.EventSystems.StandaloneInputModule.UpdateModule () [0x00028] in .\Library\PackageCache\com.unity.ugui@23caec89ae27\Runtime\UGUI\EventSystem\InputModules\StandaloneInputModule.cs:175 
  at UnityEngine.EventSystems.EventSystem.TickModules () [0x00024] in .\Library\PackageCache\com.unity.ugui@23caec89ae27\Runtime\UGUI\EventSystem\EventSystem.cs:473 
  at UnityEngine.EventSystems.EventSystem.Update () [0x00019] in .\Library\PackageCache\com.unity.ugui@23caec89ae27\Runtime\UGUI\EventSystem\EventSystem.cs:493 
UnityEngine.StackTraceUtility:ExtractStringFromExceptionInternal(Object, String&, String&)

(Filename: ./Library/PackageCache/com.unity.ugui@23caec89ae27/Runtime/UGUI/EventSystem/InputModules/BaseInput.cs Line: 95)

InvalidOperationException: You are trying to read Input using the UnityEngine.Input class, but you have switched active Input handling to Input System package in Player Settings.
  at (wrapper managed-to-native) UnityEngine.Input.get_mousePosition_Injected(UnityEngine.Vector3&)
  at UnityEngine.Input.get_mousePosition () [0x00000] in <7fdf22b76a554395b892b73f7625ddc3>:0 
  at UnityEngine.EventSystems.BaseInput.get_mousePosition () [0x00000] in .\Library\PackageCache\com.unity.ugui@23caec89ae27\Runtime\UGUI\EventSystem\InputModules\BaseInput.cs:95 
  at UnityEngine.EventSystems.StandaloneInputModule.UpdateModule () [0x00028] in .\Library\PackageCache\com.unity.ugui@23caec89ae27\Runtime\UGUI\EventSystem\InputModules\StandaloneInputModule.cs:175 
  at UnityEngine.EventSystems.EventSystem.TickModules () [0x00024] in .\Library\PackageCache\com.unity.ugui@23caec89ae27\Runtime\UGUI\EventSystem\EventSystem.cs:473 
  at UnityEngine.EventSystems.EventSystem.Update () [0x00019] in .\Library\PackageCache\com.unity.ugui@23caec89ae27\Runtime\UGUI\EventSystem\EventSystem.cs:493 
UnityEngine.StackTraceUtility:ExtractStringFromExceptionInternal(Object, String&, String&)

(Filename: ./Library/PackageCache/com.unity.ugui@23caec89ae27/Runtime/UGUI/EventSystem/InputModules/BaseInput.cs Line: 95)

[Worker0] Imported GUID: 87e7b84ff9884881b9aceb446cee6ee5 - Path: Packages/com.unity.collab-proxy/Editor/Inspector/Properties/Changeset/ChangesetPropertiesPanel.cs - Importer: ScriptedImporter/UnityEditor.QuickSearchModule:UnityEditor.Search:ASIAI0B -> (ImportResultId: '047246c543cce157dc03e47a18197210') in 0.0395502 seconds
InvalidOperationException: You are trying to read Input using the UnityEngine.Input class, but you have switched active Input handling to Input System package in Player Settings.
  at (wrapper managed-to-native) UnityEngine.Input.get_mousePosition_Injected(UnityEngine.Vector3&)
  at UnityEngine.Input.get_mousePosition () [0x00000] in <7fdf22b76a554395b892b73f7625ddc3>:0 
  at UnityEngine.EventSystems.BaseInput.get_mousePosition () [0x00000] in .\Library\PackageCache\com.unity.ugui@23caec89ae27\Runtime\UGUI\EventSystem\InputModules\BaseInput.cs:95 
  at UnityEngine.EventSystems.StandaloneInputModule.UpdateModule () [0x00028] in .\Library\PackageCache\com.unity.ugui@23caec89ae27\Runtime\UGUI\EventSystem\InputModules\StandaloneInputModule.cs:175 
  at UnityEngine.EventSystems.EventSystem.TickModules () [0x00024] in .\Library\PackageCache\com.unity.ugui@23caec89ae27\Runtime\UGUI\EventSystem\EventSystem.cs:473 
  at UnityEngine.EventSystems.EventSystem.Update () [0x00019] in .\Library\PackageCache\com.unity.ugui@23caec89ae27\Runtime\UGUI\EventSystem\EventSystem.cs:493 
UnityEngine.StackTraceUtility:ExtractStringFromExceptionInternal(Object, String&, String&)

(Filename: ./Library/PackageCache/com.unity.ugui@23caec89ae27/Runtime/UGUI/EventSystem/InputModules/BaseInput.cs Line: 95)

InvalidOperationException: You are trying to read Input using the UnityEngine.Input class, but you have switched active Input handling to Input System package in Player Settings.
  at (wrapper managed-to-native) UnityEngine.Input.get_mousePosition_Injected(UnityEngine.Vector3&)
  at UnityEngine.Input.get_mousePosition () [0x00000] in <7fdf22b76a554395b892b73f7625ddc3>:0 
  at UnityEngine.EventSystems.BaseInput.get_mousePosition () [0x00000] in .\Library\PackageCache\com.unity.ugui@23caec89ae27\Runtime\UGUI\EventSystem\InputModules\BaseInput.cs:95 
  at UnityEngine.EventSystems.StandaloneInputModule.UpdateModule () [0x00028] in .\Library\PackageCache\com.unity.ugui@23caec89ae27\Runtime\UGUI\EventSystem\InputModules\StandaloneInputModule.cs:175 
  at UnityEngine.EventSystems.EventSystem.TickModules () [0x00024] in .\Library\PackageCache\com.unity.ugui@23caec89ae27\Runtime\UGUI\EventSystem\EventSystem.cs:473 
  at UnityEngine.EventSystems.EventSystem.Update () [0x00019] in .\Library\PackageCache\com.unity.ugui@23caec89ae27\Runtime\UGUI\EventSystem\EventSystem.cs:493 
UnityEngine.StackTraceUtility:ExtractStringFromExceptionInternal(Object, String&, String&)

(Filename: ./Library/PackageCache/com.unity.ugui@23caec89ae27/Runtime/UGUI/EventSystem/InputModules/BaseInput.cs Line: 95)

Worker ready: AssetImportWorkerHW1 1
InvalidOperationException: You are trying to read Input using the UnityEngine.Input class, but you have switched active Input handling to Input System package in Player Settings.
  at (wrapper managed-to-native) UnityEngine.Input.get_mousePosition_Injected(UnityEngine.Vector3&)
  at UnityEngine.Input.get_mousePosition () [0x00000] in <7fdf22b76a554395b892b73f7625ddc3>:0 
  at UnityEngine.EventSystems.BaseInput.get_mousePosition () [0x00000] in .\Library\PackageCache\com.unity.ugui@23caec89ae27\Runtime\UGUI\EventSystem\InputModules\BaseInput.cs:95 
  at UnityEngine.EventSystems.StandaloneInputModule.UpdateModule () [0x00028] in .\Library\PackageCache\com.unity.ugui@23caec89ae27\Runtime\UGUI\EventSystem\InputModules\StandaloneInputModule.cs:175 
  at UnityEngine.EventSystems.EventSystem.TickModules () [0x00024] in .\Library\PackageCache\com.unity.ugui@23caec89ae27\Runtime\UGUI\EventSystem\EventSystem.cs:473 
  at UnityEngine.EventSystems.EventSystem.Update () [0x00019] in .\Library\PackageCache\com.unity.ugui@23caec89ae27\Runtime\UGUI\EventSystem\EventSystem.cs:493 
UnityEngine.StackTraceUtility:ExtractStringFromExceptionInternal(Object, String&, String&)

(Filename: ./Library/PackageCache/com.unity.ugui@23caec89ae27/Runtime/UGUI/EventSystem/InputModules/BaseInput.cs Line: 95)

InvalidOperationException: You are trying to read Input using the UnityEngine.Input class, but you have switched active Input handling to Input System package in Player Settings.
  at (wrapper managed-to-native) UnityEngine.Input.get_mousePosition_Injected(UnityEngine.Vector3&)
  at UnityEngine.Input.get_mousePosition () [0x00000] in <7fdf22b76a554395b892b73f7625ddc3>:0 
  at UnityEngine.EventSystems.BaseInput.get_mousePosition () [0x00000] in .\Library\PackageCache\com.unity.ugui@23caec89ae27\Runtime\UGUI\EventSystem\InputModules\BaseInput.cs:95 
  at UnityEngine.EventSystems.StandaloneInputModule.UpdateModule () [0x00028] in .\Library\PackageCache\com.unity.ugui@23caec89ae27\Runtime\UGUI\EventSystem\InputModules\StandaloneInputModule.cs:175 
  at UnityEngine.EventSystems.EventSystem.TickModules () [0x00024] in .\Library\PackageCache\com.unity.ugui@23caec89ae27\Runtime\UGUI\EventSystem\EventSystem.cs:473 
  at UnityEngine.EventSystems.EventSystem.Update () [0x00019] in .\Library\PackageCache\com.unity.ugui@23caec89ae27\Runtime\UGUI\EventSystem\EventSystem.cs:493 
UnityEngine.StackTraceUtility:ExtractStringFromExceptionInternal(Object, String&, String&)

(Filename: ./Library/PackageCache/com.unity.ugui@23caec89ae27/Runtime/UGUI/EventSystem/InputModules/BaseInput.cs Line: 95)

[Worker0] Imported GUID: 50a8f133cd03453893ff0072b6c1f3be - Path: Packages/com.unity.collab-proxy/Editor/Diff/Asset/Diff/ObjectDiff.cs - Importer: ScriptedImporter/UnityEditor.QuickSearchModule:UnityEditor.Search:ASIAI0B -> (ImportResultId: 'a90e11eafdc2c7ad7d483c36ba48df29') in 0.0513915 seconds
InvalidOperationException: You are trying to read Input using the UnityEngine.Input class, but you have switched active Input handling to Input System package in Player Settings.
  at (wrapper managed-to-native) UnityEngine.Input.get_mousePosition_Injected(UnityEngine.Vector3&)
  at UnityEngine.Input.get_mousePosition () [0x00000] in <7fdf22b76a554395b892b73f7625ddc3>:0 
  at UnityEngine.EventSystems.BaseInput.get_mousePosition () [0x00000] in .\Library\PackageCache\com.unity.ugui@23caec89ae27\Runtime\UGUI\EventSystem\InputModules\BaseInput.cs:95 
  at UnityEngine.EventSystems.StandaloneInputModule.UpdateModule () [0x00028] in .\Library\PackageCache\com.unity.ugui@23caec89ae27\Runtime\UGUI\EventSystem\InputModules\StandaloneInputModule.cs:175 
  at UnityEngine.EventSystems.EventSystem.TickModules () [0x00024] in .\Library\PackageCache\com.unity.ugui@23caec89ae27\Runtime\UGUI\EventSystem\EventSystem.cs:473 
  at UnityEngine.EventSystems.EventSystem.Update () [0x00019] in .\Library\PackageCache\com.unity.ugui@23caec89ae27\Runtime\UGUI\EventSystem\EventSystem.cs:493 
UnityEngine.StackTraceUtility:ExtractStringFromExceptionInternal(Object, String&, String&)

(Filename: ./Library/PackageCache/com.unity.ugui@23caec89ae27/Runtime/UGUI/EventSystem/InputModules/BaseInput.cs Line: 95)

InvalidOperationException: You are trying to read Input using the UnityEngine.Input class, but you have switched active Input handling to Input System package in Player Settings.
  at (wrapper managed-to-native) UnityEngine.Input.get_mousePosition_Injected(UnityEngine.Vector3&)
  at UnityEngine.Input.get_mousePosition () [0x00000] in <7fdf22b76a554395b892b73f7625ddc3>:0 
  at UnityEngine.EventSystems.BaseInput.get_mousePosition () [0x00000] in .\Library\PackageCache\com.unity.ugui@23caec89ae27\Runtime\UGUI\EventSystem\InputModules\BaseInput.cs:95 
  at UnityEngine.EventSystems.StandaloneInputModule.UpdateModule () [0x00028] in .\Library\PackageCache\com.unity.ugui@23caec89ae27\Runtime\UGUI\EventSystem\InputModules\StandaloneInputModule.cs:175 
  at UnityEngine.EventSystems.EventSystem.TickModules () [0x00024] in .\Library\PackageCache\com.unity.ugui@23caec89ae27\Runtime\UGUI\EventSystem\EventSystem.cs:473 
  at UnityEngine.EventSystems.EventSystem.Update () [0x00019] in .\Library\PackageCache\com.unity.ugui@23caec89ae27\Runtime\UGUI\EventSystem\EventSystem.cs:493 
UnityEngine.StackTraceUtility:ExtractStringFromExceptionInternal(Object, String&, String&)

(Filename: ./Library/PackageCache/com.unity.ugui@23caec89ae27/Runtime/UGUI/EventSystem/InputModules/BaseInput.cs Line: 95)

InvalidOperationException: You are trying to read Input using the UnityEngine.Input class, but you have switched active Input handling to Input System package in Player Settings.
  at (wrapper managed-to-native) UnityEngine.Input.get_mousePosition_Injected(UnityEngine.Vector3&)
  at UnityEngine.Input.get_mousePosition () [0x00000] in <7fdf22b76a554395b892b73f7625ddc3>:0 
  at UnityEngine.EventSystems.BaseInput.get_mousePosition () [0x00000] in .\Library\PackageCache\com.unity.ugui@23caec89ae27\Runtime\UGUI\EventSystem\InputModules\BaseInput.cs:95 
  at UnityEngine.EventSystems.StandaloneInputModule.UpdateModule () [0x00028] in .\Library\PackageCache\com.unity.ugui@23caec89ae27\Runtime\UGUI\EventSystem\InputModules\StandaloneInputModule.cs:175 
  at UnityEngine.EventSystems.EventSystem.TickModules () [0x00024] in .\Library\PackageCache\com.unity.ugui@23caec89ae27\Runtime\UGUI\EventSystem\EventSystem.cs:473 
  at UnityEngine.EventSystems.EventSystem.Update () [0x00019] in .\Library\PackageCache\com.unity.ugui@23caec89ae27\Runtime\UGUI\EventSystem\EventSystem.cs:493 
UnityEngine.StackTraceUtility:ExtractStringFromExceptionInternal(Object, String&, String&)

(Filename: ./Library/PackageCache/com.unity.ugui@23caec89ae27/Runtime/UGUI/EventSystem/InputModules/BaseInput.cs Line: 95)

[Worker0] Imported GUID: 9e014c1d5026c446a92925295a6a1471 - Path: Packages/com.unity.collab-proxy/Editor/UI/UnityInternals/UnityEditor/EditorGUIUtility.cs - Importer: ScriptedImporter/UnityEditor.QuickSearchModule:UnityEditor.Search:ASIAI0B -> (ImportResultId: '93cb60397ff841fcdfa3b9a5b0f91e44') in 0.0341861 seconds
InvalidOperationException: You are trying to read Input using the UnityEngine.Input class, but you have switched active Input handling to Input System package in Player Settings.
  at (wrapper managed-to-native) UnityEngine.Input.get_mousePosition_Injected(UnityEngine.Vector3&)
  at UnityEngine.Input.get_mousePosition () [0x00000] in <7fdf22b76a554395b892b73f7625ddc3>:0 
  at UnityEngine.EventSystems.BaseInput.get_mousePosition () [0x00000] in .\Library\PackageCache\com.unity.ugui@23caec89ae27\Runtime\UGUI\EventSystem\InputModules\BaseInput.cs:95 
  at UnityEngine.EventSystems.StandaloneInputModule.UpdateModule () [0x00028] in .\Library\PackageCache\com.unity.ugui@23caec89ae27\Runtime\UGUI\EventSystem\InputModules\StandaloneInputModule.cs:175 
  at UnityEngine.EventSystems.EventSystem.TickModules () [0x00024] in .\Library\PackageCache\com.unity.ugui@23caec89ae27\Runtime\UGUI\EventSystem\EventSystem.cs:473 
  at UnityEngine.EventSystems.EventSystem.Update () [0x00019] in .\Library\PackageCache\com.unity.ugui@23caec89ae27\Runtime\UGUI\EventSystem\EventSystem.cs:493 
UnityEngine.StackTraceUtility:ExtractStringFromExceptionInternal(Object, String&, String&)

(Filename: ./Library/PackageCache/com.unity.ugui@23caec89ae27/Runtime/UGUI/EventSystem/InputModules/BaseInput.cs Line: 95)

[Worker0] Imported GUID: 80c6d1e65404944acb1fa3405e5b9a34 - Path: Packages/com.unity.collab-proxy/Editor/Diff/Asset/Common/SearchMatcher.cs - Importer: ScriptedImporter/UnityEditor.QuickSearchModule:UnityEditor.Search:ASIAI0B -> (ImportResultId: '309a7852beaf6f18c1b4d2da020f8738') in 0.0233552 seconds
InvalidOperationException: You are trying to read Input using the UnityEngine.Input class, but you have switched active Input handling to Input System package in Player Settings.
  at (wrapper managed-to-native) UnityEngine.Input.get_mousePosition_Injected(UnityEngine.Vector3&)
  at UnityEngine.Input.get_mousePosition () [0x00000] in <7fdf22b76a554395b892b73f7625ddc3>:0 
  at UnityEngine.EventSystems.BaseInput.get_mousePosition () [0x00000] in .\Library\PackageCache\com.unity.ugui@23caec89ae27\Runtime\UGUI\EventSystem\InputModules\BaseInput.cs:95 
  at UnityEngine.EventSystems.StandaloneInputModule.UpdateModule () [0x00028] in .\Library\PackageCache\com.unity.ugui@23caec89ae27\Runtime\UGUI\EventSystem\InputModules\StandaloneInputModule.cs:175 
  at UnityEngine.EventSystems.EventSystem.TickModules () [0x00024] in .\Library\PackageCache\com.unity.ugui@23caec89ae27\Runtime\UGUI\EventSystem\EventSystem.cs:473 
  at UnityEngine.EventSystems.EventSystem.Update () [0x00019] in .\Library\PackageCache\com.unity.ugui@23caec89ae27\Runtime\UGUI\EventSystem\EventSystem.cs:493 
UnityEngine.StackTraceUtility:ExtractStringFromExceptionInternal(Object, String&, String&)

(Filename: ./Library/PackageCache/com.unity.ugui@23caec89ae27/Runtime/UGUI/EventSystem/InputModules/BaseInput.cs Line: 95)

[Worker0] Imported GUID: e534c3e00f154e72ba2a02fbe533bd1a - Path: Packages/com.unity.collab-proxy/Editor/Diff/Asset/Content/ContentToolbarPanel.cs - Importer: ScriptedImporter/UnityEditor.QuickSearchModule:UnityEditor.Search:ASIAI0B -> (ImportResultId: 'ff43443bdc1283062f83bcea4e2b8be5') in 0.0208331 seconds
InvalidOperationException: You are trying to read Input using the UnityEngine.Input class, but you have switched active Input handling to Input System package in Player Settings.
  at (wrapper managed-to-native) UnityEngine.Input.get_mousePosition_Injected(UnityEngine.Vector3&)
  at UnityEngine.Input.get_mousePosition () [0x00000] in <7fdf22b76a554395b892b73f7625ddc3>:0 
  at UnityEngine.EventSystems.BaseInput.get_mousePosition () [0x00000] in .\Library\PackageCache\com.unity.ugui@23caec89ae27\Runtime\UGUI\EventSystem\InputModules\BaseInput.cs:95 
  at UnityEngine.EventSystems.StandaloneInputModule.UpdateModule () [0x00028] in .\Library\PackageCache\com.unity.ugui@23caec89ae27\Runtime\UGUI\EventSystem\InputModules\StandaloneInputModule.cs:175 
  at UnityEngine.EventSystems.EventSystem.TickModules () [0x00024] in .\Library\PackageCache\com.unity.ugui@23caec89ae27\Runtime\UGUI\EventSystem\EventSystem.cs:473 
  at UnityEngine.EventSystems.EventSystem.Update () [0x00019] in .\Library\PackageCache\com.unity.ugui@23caec89ae27\Runtime\UGUI\EventSystem\EventSystem.cs:493 
UnityEngine.StackTraceUtility:ExtractStringFromExceptionInternal(Object, String&, String&)

(Filename: ./Library/PackageCache/com.unity.ugui@23caec89ae27/Runtime/UGUI/EventSystem/InputModules/BaseInput.cs Line: 95)

InvalidOperationException: You are trying to read Input using the UnityEngine.Input class, but you have switched active Input handling to Input System package in Player Settings.
  at (wrapper managed-to-native) UnityEngine.Input.get_mousePosition_Injected(UnityEngine.Vector3&)
  at UnityEngine.Input.get_mousePosition () [0x00000] in <7fdf22b76a554395b892b73f7625ddc3>:0 
  at UnityEngine.EventSystems.BaseInput.get_mousePosition () [0x00000] in .\Library\PackageCache\com.unity.ugui@23caec89ae27\Runtime\UGUI\EventSystem\InputModules\BaseInput.cs:95 
  at UnityEngine.EventSystems.StandaloneInputModule.UpdateModule () [0x00028] in .\Library\PackageCache\com.unity.ugui@23caec89ae27\Runtime\UGUI\EventSystem\InputModules\StandaloneInputModule.cs:175 
  at UnityEngine.EventSystems.EventSystem.TickModules () [0x00024] in .\Library\PackageCache\com.unity.ugui@23caec89ae27\Runtime\UGUI\EventSystem\EventSystem.cs:473 
  at UnityEngine.EventSystems.EventSystem.Update () [0x00019] in .\Library\PackageCache\com.unity.ugui@23caec89ae27\Runtime\UGUI\EventSystem\EventSystem.cs:493 
UnityEngine.StackTraceUtility:ExtractStringFromExceptionInternal(Object, String&, String&)

(Filename: ./Library/PackageCache/com.unity.ugui@23caec89ae27/Runtime/UGUI/EventSystem/InputModules/BaseInput.cs Line: 95)

[Worker0] Imported GUID: 6e808c3ddcc3246b78a6748007b9aec8 - Path: Packages/com.unity.collab-proxy/Editor/Diff/Image/Toolbar/ImageModeSwitcherView.cs - Importer: ScriptedImporter/UnityEditor.QuickSearchModule:UnityEditor.Search:ASIAI0B -> (ImportResultId: 'e53e1f526db16bb388e5e4be4ec66791') in 0.0228531 seconds
InvalidOperationException: You are trying to read Input using the UnityEngine.Input class, but you have switched active Input handling to Input System package in Player Settings.
  at (wrapper managed-to-native) UnityEngine.Input.get_mousePosition_Injected(UnityEngine.Vector3&)
  at UnityEngine.Input.get_mousePosition () [0x00000] in <7fdf22b76a554395b892b73f7625ddc3>:0 
  at UnityEngine.EventSystems.BaseInput.get_mousePosition () [0x00000] in .\Library\PackageCache\com.unity.ugui@23caec89ae27\Runtime\UGUI\EventSystem\InputModules\BaseInput.cs:95 
  at UnityEngine.EventSystems.StandaloneInputModule.UpdateModule () [0x00028] in .\Library\PackageCache\com.unity.ugui@23caec89ae27\Runtime\UGUI\EventSystem\InputModules\StandaloneInputModule.cs:175 
  at UnityEngine.EventSystems.EventSystem.TickModules () [0x00024] in .\Library\PackageCache\com.unity.ugui@23caec89ae27\Runtime\UGUI\EventSystem\EventSystem.cs:473 
  at UnityEngine.EventSystems.EventSystem.Update () [0x00019] in .\Library\PackageCache\com.unity.ugui@23caec89ae27\Runtime\UGUI\EventSystem\EventSystem.cs:493 
UnityEngine.StackTraceUtility:ExtractStringFromExceptionInternal(Object, String&, String&)

(Filename: ./Library/PackageCache/com.unity.ugui@23caec89ae27/Runtime/UGUI/EventSystem/InputModules/BaseInput.cs Line: 95)

[Worker0] Imported GUID: a03d6d8b450b42229e7201066ecd389d - Path: Packages/com.unity.collab-proxy/Editor/Diff/Asset/Content/ObjectContent.cs - Importer: ScriptedImporter/UnityEditor.QuickSearchModule:UnityEditor.Search:ASIAI0B -> (ImportResultId: '6f9437914265359a7a36ba61fdb19f8a') in 0.022721 seconds
InvalidOperationException: You are trying to read Input using the UnityEngine.Input class, but you have switched active Input handling to Input System package in Player Settings.
  at (wrapper managed-to-native) UnityEngine.Input.get_mousePosition_Injected(UnityEngine.Vector3&)
  at UnityEngine.Input.get_mousePosition () [0x00000] in <7fdf22b76a554395b892b73f7625ddc3>:0 
  at UnityEngine.EventSystems.BaseInput.get_mousePosition () [0x00000] in .\Library\PackageCache\com.unity.ugui@23caec89ae27\Runtime\UGUI\EventSystem\InputModules\BaseInput.cs:95 
  at UnityEngine.EventSystems.StandaloneInputModule.UpdateModule () [0x00028] in .\Library\PackageCache\com.unity.ugui@23caec89ae27\Runtime\UGUI\EventSystem\InputModules\StandaloneInputModule.cs:175 
  at UnityEngine.EventSystems.EventSystem.TickModules () [0x00024] in .\Library\PackageCache\com.unity.ugui@23caec89ae27\Runtime\UGUI\EventSystem\EventSystem.cs:473 
  at UnityEngine.EventSystems.EventSystem.Update () [0x00019] in .\Library\PackageCache\com.unity.ugui@23caec89ae27\Runtime\UGUI\EventSystem\EventSystem.cs:493 
UnityEngine.StackTraceUtility:ExtractStringFromExceptionInternal(Object, String&, String&)

(Filename: ./Library/PackageCache/com.unity.ugui@23caec89ae27/Runtime/UGUI/EventSystem/InputModules/BaseInput.cs Line: 95)

[Worker0] Imported GUID: f868eac0bc3ab44cfbc98c7099fce8cb - Path: Packages/com.unity.collab-proxy/Editor/Diff/Asset/Diff/DiffRowElement.cs - Importer: ScriptedImporter/UnityEditor.QuickSearchModule:UnityEditor.Search:ASIAI0B -> (ImportResultId: 'b9e27bbb7e791a992f8f059b3b086644') in 0.0234232 seconds
InvalidOperationException: You are trying to read Input using the UnityEngine.Input class, but you have switched active Input handling to Input System package in Player Settings.
  at (wrapper managed-to-native) UnityEngine.Input.get_mousePosition_Injected(UnityEngine.Vector3&)
  at UnityEngine.Input.get_mousePosition () [0x00000] in <7fdf22b76a554395b892b73f7625ddc3>:0 
  at UnityEngine.EventSystems.BaseInput.get_mousePosition () [0x00000] in .\Library\PackageCache\com.unity.ugui@23caec89ae27\Runtime\UGUI\EventSystem\InputModules\BaseInput.cs:95 
  at UnityEngine.EventSystems.StandaloneInputModule.UpdateModule () [0x00028] in .\Library\PackageCache\com.unity.ugui@23caec89ae27\Runtime\UGUI\EventSystem\InputModules\StandaloneInputModule.cs:175 
  at UnityEngine.EventSystems.EventSystem.TickModules () [0x00024] in .\Library\PackageCache\com.unity.ugui@23caec89ae27\Runtime\UGUI\EventSystem\EventSystem.cs:473 
  at UnityEngine.EventSystems.EventSystem.Update () [0x00019] in .\Library\PackageCache\com.unity.ugui@23caec89ae27\Runtime\UGUI\EventSystem\EventSystem.cs:493 
UnityEngine.StackTraceUtility:ExtractStringFromExceptionInternal(Object, String&, String&)

(Filename: ./Library/PackageCache/com.unity.ugui@23caec89ae27/Runtime/UGUI/EventSystem/InputModules/BaseInput.cs Line: 95)

[Worker0] Imported GUID: fc66293009c443c68b1a22dc6b931e6f - Path: Packages/com.unity.collab-proxy/Editor/Diff/Asset/Common/PropertyRow.cs - Importer: ScriptedImporter/UnityEditor.QuickSearchModule:UnityEditor.Search:ASIAI0B -> (ImportResultId: '9048b35887563199a134a27044083cce') in 0.0195989 seconds
InvalidOperationException: You are trying to read Input using the UnityEngine.Input class, but you have switched active Input handling to Input System package in Player Settings.
  at (wrapper managed-to-native) UnityEngine.Input.get_mousePosition_Injected(UnityEngine.Vector3&)
  at UnityEngine.Input.get_mousePosition () [0x00000] in <7fdf22b76a554395b892b73f7625ddc3>:0 
  at UnityEngine.EventSystems.BaseInput.get_mousePosition () [0x00000] in .\Library\PackageCache\com.unity.ugui@23caec89ae27\Runtime\UGUI\EventSystem\InputModules\BaseInput.cs:95 
  at UnityEngine.EventSystems.StandaloneInputModule.UpdateModule () [0x00028] in .\Library\PackageCache\com.unity.ugui@23caec89ae27\Runtime\UGUI\EventSystem\InputModules\StandaloneInputModule.cs:175 
  at UnityEngine.EventSystems.EventSystem.TickModules () [0x00024] in .\Library\PackageCache\com.unity.ugui@23caec89ae27\Runtime\UGUI\EventSystem\EventSystem.cs:473 
  at UnityEngine.EventSystems.EventSystem.Update () [0x00019] in .\Library\PackageCache\com.unity.ugui@23caec89ae27\Runtime\UGUI\EventSystem\EventSystem.cs:493 
UnityEngine.StackTraceUtility:ExtractStringFromExceptionInternal(Object, String&, String&)

(Filename: ./Library/PackageCache/com.unity.ugui@23caec89ae27/Runtime/UGUI/EventSystem/InputModules/BaseInput.cs Line: 95)

InvalidOperationException: You are trying to read Input using the UnityEngine.Input class, but you have switched active Input handling to Input System package in Player Settings.
  at (wrapper managed-to-native) UnityEngine.Input.get_mousePosition_Injected(UnityEngine.Vector3&)
  at UnityEngine.Input.get_mousePosition () [0x00000] in <7fdf22b76a554395b892b73f7625ddc3>:0 
  at UnityEngine.EventSystems.BaseInput.get_mousePosition () [0x00000] in .\Library\PackageCache\com.unity.ugui@23caec89ae27\Runtime\UGUI\EventSystem\InputModules\BaseInput.cs:95 
  at UnityEngine.EventSystems.StandaloneInputModule.UpdateModule () [0x00028] in .\Library\PackageCache\com.unity.ugui@23caec89ae27\Runtime\UGUI\EventSystem\InputModules\StandaloneInputModule.cs:175 
  at UnityEngine.EventSystems.EventSystem.TickModules () [0x00024] in .\Library\PackageCache\com.unity.ugui@23caec89ae27\Runtime\UGUI\EventSystem\EventSystem.cs:473 
  at UnityEngine.EventSystems.EventSystem.Update () [0x00019] in .\Library\PackageCache\com.unity.ugui@23caec89ae27\Runtime\UGUI\EventSystem\EventSystem.cs:493 
UnityEngine.StackTraceUtility:ExtractStringFromExceptionInternal(Object, String&, String&)

(Filename: ./Library/PackageCache/com.unity.ugui@23caec89ae27/Runtime/UGUI/EventSystem/InputModules/BaseInput.cs Line: 95)

[Worker0] Imported GUID: 7c604fb7bc9da45fca4bb28b110301ef - Path: Packages/com.unity.collab-proxy/Editor/Diff/Asset/Common/SearchHighlight.cs - Importer: ScriptedImporter/UnityEditor.QuickSearchModule:UnityEditor.Search:ASIAI0B -> (ImportResultId: 'f768089b759b06af0139427c6d1bfda3') in 0.0257077 seconds
InvalidOperationException: You are trying to read Input using the UnityEngine.Input class, but you have switched active Input handling to Input System package in Player Settings.
  at (wrapper managed-to-native) UnityEngine.Input.get_mousePosition_Injected(UnityEngine.Vector3&)
  at UnityEngine.Input.get_mousePosition () [0x00000] in <7fdf22b76a554395b892b73f7625ddc3>:0 
  at UnityEngine.EventSystems.BaseInput.get_mousePosition () [0x00000] in .\Library\PackageCache\com.unity.ugui@23caec89ae27\Runtime\UGUI\EventSystem\InputModules\BaseInput.cs:95 
  at UnityEngine.EventSystems.StandaloneInputModule.UpdateModule () [0x00028] in .\Library\PackageCache\com.unity.ugui@23caec89ae27\Runtime\UGUI\EventSystem\InputModules\StandaloneInputModule.cs:175 
  at UnityEngine.EventSystems.EventSystem.TickModules () [0x00024] in .\Library\PackageCache\com.unity.ugui@23caec89ae27\Runtime\UGUI\EventSystem\EventSystem.cs:473 
  at UnityEngine.EventSystems.EventSystem.Update () [0x00019] in .\Library\PackageCache\com.unity.ugui@23caec89ae27\Runtime\UGUI\EventSystem\EventSystem.cs:493 
UnityEngine.StackTraceUtility:ExtractStringFromExceptionInternal(Object, String&, String&)

(Filename: ./Library/PackageCache/com.unity.ugui@23caec89ae27/Runtime/UGUI/EventSystem/InputModules/BaseInput.cs Line: 95)

[Worker0] Imported GUID: c10e8fc853bad4a54a96aedac078a036 - Path: Packages/com.unity.collab-proxy/Editor/Diff/Asset/Diff/DiffGutter.cs - Importer: ScriptedImporter/UnityEditor.QuickSearchModule:UnityEditor.Search:ASIAI0B -> (ImportResultId: '23c3e3db8e83dc463e491cc58fef4cc5') in 0.0229043 seconds
InvalidOperationException: You are trying to read Input using the UnityEngine.Input class, but you have switched active Input handling to Input System package in Player Settings.
  at (wrapper managed-to-native) UnityEngine.Input.get_mousePosition_Injected(UnityEngine.Vector3&)
  at UnityEngine.Input.get_mousePosition () [0x00000] in <7fdf22b76a554395b892b73f7625ddc3>:0 
  at UnityEngine.EventSystems.BaseInput.get_mousePosition () [0x00000] in .\Library\PackageCache\com.unity.ugui@23caec89ae27\Runtime\UGUI\EventSystem\InputModules\BaseInput.cs:95 
  at UnityEngine.EventSystems.StandaloneInputModule.UpdateModule () [0x00028] in .\Library\PackageCache\com.unity.ugui@23caec89ae27\Runtime\UGUI\EventSystem\InputModules\StandaloneInputModule.cs:175 
  at UnityEngine.EventSystems.EventSystem.TickModules () [0x00024] in .\Library\PackageCache\com.unity.ugui@23caec89ae27\Runtime\UGUI\EventSystem\EventSystem.cs:473 
  at UnityEngine.EventSystems.EventSystem.Update () [0x00019] in .\Library\PackageCache\com.unity.ugui@23caec89ae27\Runtime\UGUI\EventSystem\EventSystem.cs:493 
UnityEngine.StackTraceUtility:ExtractStringFromExceptionInternal(Object, String&, String&)

(Filename: ./Library/PackageCache/com.unity.ugui@23caec89ae27/Runtime/UGUI/EventSystem/InputModules/BaseInput.cs Line: 95)

[Worker0] Imported GUID: 83ac42cfcef844f98fd021a805db6392 - Path: Packages/com.unity.collab-proxy/Editor/Diff/Asset/Diff/AssetDiffControl.cs - Importer: ScriptedImporter/UnityEditor.QuickSearchModule:UnityEditor.Search:ASIAI0B -> (ImportResultId: '5e61cce029bca4af351aaff453fd39b4') in 0.0214499 seconds
InvalidOperationException: You are trying to read Input using the UnityEngine.Input class, but you have switched active Input handling to Input System package in Player Settings.
  at (wrapper managed-to-native) UnityEngine.Input.get_mousePosition_Injected(UnityEngine.Vector3&)
  at UnityEngine.Input.get_mousePosition () [0x00000] in <7fdf22b76a554395b892b73f7625ddc3>:0 
  at UnityEngine.EventSystems.BaseInput.get_mousePosition () [0x00000] in .\Library\PackageCache\com.unity.ugui@23caec89ae27\Runtime\UGUI\EventSystem\InputModules\BaseInput.cs:95 
  at UnityEngine.EventSystems.StandaloneInputModule.UpdateModule () [0x00028] in .\Library\PackageCache\com.unity.ugui@23caec89ae27\Runtime\UGUI\EventSystem\InputModules\StandaloneInputModule.cs:175 
  at UnityEngine.EventSystems.EventSystem.TickModules () [0x00024] in .\Library\PackageCache\com.unity.ugui@23caec89ae27\Runtime\UGUI\EventSystem\EventSystem.cs:473 
  at UnityEngine.EventSystems.EventSystem.Update () [0x00019] in .\Library\PackageCache\com.unity.ugui@23caec89ae27\Runtime\UGUI\EventSystem\EventSystem.cs:493 
UnityEngine.StackTraceUtility:ExtractStringFromExceptionInternal(Object, String&, String&)

(Filename: ./Library/PackageCache/com.unity.ugui@23caec89ae27/Runtime/UGUI/EventSystem/InputModules/BaseInput.cs Line: 95)

[Worker0] Imported GUID: edfe946ea0f84261836c83966181e9ec - Path: Packages/com.unity.collab-proxy/Editor/Diff/Image/Views/IImageDiffView.cs - Importer: ScriptedImporter/UnityEditor.QuickSearchModule:UnityEditor.Search:ASIAI0B -> (ImportResultId: '00f925bcb52060270004c4a7e94f0591') in 0.0230577 seconds
InvalidOperationException: You are trying to read Input using the UnityEngine.Input class, but you have switched active Input handling to Input System package in Player Settings.
  at (wrapper managed-to-native) UnityEngine.Input.get_mousePosition_Injected(UnityEngine.Vector3&)
  at UnityEngine.Input.get_mousePosition () [0x00000] in <7fdf22b76a554395b892b73f7625ddc3>:0 
  at UnityEngine.EventSystems.BaseInput.get_mousePosition () [0x00000] in .\Library\PackageCache\com.unity.ugui@23caec89ae27\Runtime\UGUI\EventSystem\InputModules\BaseInput.cs:95 
  at UnityEngine.EventSystems.StandaloneInputModule.UpdateModule () [0x00028] in .\Library\PackageCache\com.unity.ugui@23caec89ae27\Runtime\UGUI\EventSystem\InputModules\StandaloneInputModule.cs:175 
  at UnityEngine.EventSystems.EventSystem.TickModules () [0x00024] in .\Library\PackageCache\com.unity.ugui@23caec89ae27\Runtime\UGUI\EventSystem\EventSystem.cs:473 
  at UnityEngine.EventSystems.EventSystem.Update () [0x00019] in .\Library\PackageCache\com.unity.ugui@23caec89ae27\Runtime\UGUI\EventSystem\EventSystem.cs:493 
UnityEngine.StackTraceUtility:ExtractStringFromExceptionInternal(Object, String&, String&)

(Filename: ./Library/PackageCache/com.unity.ugui@23caec89ae27/Runtime/UGUI/EventSystem/InputModules/BaseInput.cs Line: 95)

InvalidOperationException: You are trying to read Input using the UnityEngine.Input class, but you have switched active Input handling to Input System package in Player Settings.
  at (wrapper managed-to-native) UnityEngine.Input.get_mousePosition_Injected(UnityEngine.Vector3&)
  at UnityEngine.Input.get_mousePosition () [0x00000] in <7fdf22b76a554395b892b73f7625ddc3>:0 
  at UnityEngine.EventSystems.BaseInput.get_mousePosition () [0x00000] in .\Library\PackageCache\com.unity.ugui@23caec89ae27\Runtime\UGUI\EventSystem\InputModules\BaseInput.cs:95 
  at UnityEngine.EventSystems.StandaloneInputModule.UpdateModule () [0x00028] in .\Library\PackageCache\com.unity.ugui@23caec89ae27\Runtime\UGUI\EventSystem\InputModules\StandaloneInputModule.cs:175 
  at UnityEngine.EventSystems.EventSystem.TickModules () [0x00024] in .\Library\PackageCache\com.unity.ugui@23caec89ae27\Runtime\UGUI\EventSystem\EventSystem.cs:473 
  at UnityEngine.EventSystems.EventSystem.Update () [0x00019] in .\Library\PackageCache\com.unity.ugui@23caec89ae27\Runtime\UGUI\EventSystem\EventSystem.cs:493 
UnityEngine.StackTraceUtility:ExtractStringFromExceptionInternal(Object, String&, String&)

(Filename: ./Library/PackageCache/com.unity.ugui@23caec89ae27/Runtime/UGUI/EventSystem/InputModules/BaseInput.cs Line: 95)

[Worker0] Imported GUID: 2628fb5d276334c46b602b8fb8e0af3c - Path: Packages/com.unity.collab-proxy/Editor/Diff/Asset/Content/ContentRow.cs - Importer: ScriptedImporter/UnityEditor.QuickSearchModule:UnityEditor.Search:ASIAI0B -> (ImportResultId: '1f09c3650465abe8c3850034c61fc0aa') in 0.0207477 seconds
InvalidOperationException: You are trying to read Input using the UnityEngine.Input class, but you have switched active Input handling to Input System package in Player Settings.
  at (wrapper managed-to-native) UnityEngine.Input.get_mousePosition_Injected(UnityEngine.Vector3&)
  at UnityEngine.Input.get_mousePosition () [0x00000] in <7fdf22b76a554395b892b73f7625ddc3>:0 
  at UnityEngine.EventSystems.BaseInput.get_mousePosition () [0x00000] in .\Library\PackageCache\com.unity.ugui@23caec89ae27\Runtime\UGUI\EventSystem\InputModules\BaseInput.cs:95 
  at UnityEngine.EventSystems.StandaloneInputModule.UpdateModule () [0x00028] in .\Library\PackageCache\com.unity.ugui@23caec89ae27\Runtime\UGUI\EventSystem\InputModules\StandaloneInputModule.cs:175 
  at UnityEngine.EventSystems.EventSystem.TickModules () [0x00024] in .\Library\PackageCache\com.unity.ugui@23caec89ae27\Runtime\UGUI\EventSystem\EventSystem.cs:473 
  at UnityEngine.EventSystems.EventSystem.Update () [0x00019] in .\Library\PackageCache\com.unity.ugui@23caec89ae27\Runtime\UGUI\EventSystem\EventSystem.cs:493 
UnityEngine.StackTraceUtility:ExtractStringFromExceptionInternal(Object, String&, String&)

(Filename: ./Library/PackageCache/com.unity.ugui@23caec89ae27/Runtime/UGUI/EventSystem/InputModules/BaseInput.cs Line: 95)

[Worker0] Imported GUID: 27ad74436f1a14061aeab82ecf55b0a1 - Path: Packages/com.unity.collab-proxy/Editor/Diff/Image/Views/ImageDiffExtensions.cs - Importer: ScriptedImporter/UnityEditor.QuickSearchModule:UnityEditor.Search:ASIAI0B -> (ImportResultId: '9113f1b21002bc5efe78ebef65c6d9c1') in 0.0215893 seconds
InvalidOperationException: You are trying to read Input using the UnityEngine.Input class, but you have switched active Input handling to Input System package in Player Settings.
  at (wrapper managed-to-native) UnityEngine.Input.get_mousePosition_Injected(UnityEngine.Vector3&)
  at UnityEngine.Input.get_mousePosition () [0x00000] in <7fdf22b76a554395b892b73f7625ddc3>:0 
  at UnityEngine.EventSystems.BaseInput.get_mousePosition () [0x00000] in .\Library\PackageCache\com.unity.ugui@23caec89ae27\Runtime\UGUI\EventSystem\InputModules\BaseInput.cs:95 
  at UnityEngine.EventSystems.StandaloneInputModule.UpdateModule () [0x00028] in .\Library\PackageCache\com.unity.ugui@23caec89ae27\Runtime\UGUI\EventSystem\InputModules\StandaloneInputModule.cs:175 
  at UnityEngine.EventSystems.EventSystem.TickModules () [0x00024] in .\Library\PackageCache\com.unity.ugui@23caec89ae27\Runtime\UGUI\EventSystem\EventSystem.cs:473 
  at UnityEngine.EventSystems.EventSystem.Update () [0x00019] in .\Library\PackageCache\com.unity.ugui@23caec89ae27\Runtime\UGUI\EventSystem\EventSystem.cs:493 
UnityEngine.StackTraceUtility:ExtractStringFromExceptionInternal(Object, String&, String&)

(Filename: ./Library/PackageCache/com.unity.ugui@23caec89ae27/Runtime/UGUI/EventSystem/InputModules/BaseInput.cs Line: 95)

InvalidOperationException: You are trying to read Input using the UnityEngine.Input class, but you have switched active Input handling to Input System package in Player Settings.
  at (wrapper managed-to-native) UnityEngine.Input.get_mousePosition_Injected(UnityEngine.Vector3&)
  at UnityEngine.Input.get_mousePosition () [0x00000] in <7fdf22b76a554395b892b73f7625ddc3>:0 
  at UnityEngine.EventSystems.BaseInput.get_mousePosition () [0x00000] in .\Library\PackageCache\com.unity.ugui@23caec89ae27\Runtime\UGUI\EventSystem\InputModules\BaseInput.cs:95 
  at UnityEngine.EventSystems.StandaloneInputModule.UpdateModule () [0x00028] in .\Library\PackageCache\com.unity.ugui@23caec89ae27\Runtime\UGUI\EventSystem\InputModules\StandaloneInputModule.cs:175 
  at UnityEngine.EventSystems.EventSystem.TickModules () [0x00024] in .\Library\PackageCache\com.unity.ugui@23caec89ae27\Runtime\UGUI\EventSystem\EventSystem.cs:473 
  at UnityEngine.EventSystems.EventSystem.Update () [0x00019] in .\Library\PackageCache\com.unity.ugui@23caec89ae27\Runtime\UGUI\EventSystem\EventSystem.cs:493 
UnityEngine.StackTraceUtility:ExtractStringFromExceptionInternal(Object, String&, String&)

(Filename: ./Library/PackageCache/com.unity.ugui@23caec89ae27/Runtime/UGUI/EventSystem/InputModules/BaseInput.cs Line: 95)

[Worker0] Imported GUID: 0e3cb890d25a9473296427cdde6f83b7 - Path: Packages/com.unity.collab-proxy/Editor/Diff/Asset/Content/ContentRowElement.cs - Importer: ScriptedImporter/UnityEditor.QuickSearchModule:UnityEditor.Search:ASIAI0B -> (ImportResultId: 'cec589e41d18c111975a50f241acb46d') in 0.0207717 seconds
InvalidOperationException: You are trying to read Input using the UnityEngine.Input class, but you have switched active Input handling to Input System package in Player Settings.
  at (wrapper managed-to-native) UnityEngine.Input.get_mousePosition_Injected(UnityEngine.Vector3&)
  at UnityEngine.Input.get_mousePosition () [0x00000] in <7fdf22b76a554395b892b73f7625ddc3>:0 
  at UnityEngine.EventSystems.BaseInput.get_mousePosition () [0x00000] in .\Library\PackageCache\com.unity.ugui@23caec89ae27\Runtime\UGUI\EventSystem\InputModules\BaseInput.cs:95 
  at UnityEngine.EventSystems.StandaloneInputModule.UpdateModule () [0x00028] in .\Library\PackageCache\com.unity.ugui@23caec89ae27\Runtime\UGUI\EventSystem\InputModules\StandaloneInputModule.cs:175 
  at UnityEngine.EventSystems.EventSystem.TickModules () [0x00024] in .\Library\PackageCache\com.unity.ugui@23caec89ae27\Runtime\UGUI\EventSystem\EventSystem.cs:473 
  at UnityEngine.EventSystems.EventSystem.Update () [0x00019] in .\Library\PackageCache\com.unity.ugui@23caec89ae27\Runtime\UGUI\EventSystem\EventSystem.cs:493 
UnityEngine.StackTraceUtility:ExtractStringFromExceptionInternal(Object, String&, String&)

(Filename: ./Library/PackageCache/com.unity.ugui@23caec89ae27/Runtime/UGUI/EventSystem/InputModules/BaseInput.cs Line: 95)

[Worker0] Imported GUID: 4b4f616cc46fe427abf2c218828fef79 - Path: Packages/com.unity.collab-proxy/Editor/Diff/Image/Toolbar/ChannelOptionsView.cs - Importer: ScriptedImporter/UnityEditor.QuickSearchModule:UnityEditor.Search:ASIAI0B -> (ImportResultId: '0a925433c9b4106fbdc495a867358e18') in 0.0201949 seconds
InvalidOperationException: You are trying to read Input using the UnityEngine.Input class, but you have switched active Input handling to Input System package in Player Settings.
  at (wrapper managed-to-native) UnityEngine.Input.get_mousePosition_Injected(UnityEngine.Vector3&)
  at UnityEngine.Input.get_mousePosition () [0x00000] in <7fdf22b76a554395b892b73f7625ddc3>:0 
  at UnityEngine.EventSystems.BaseInput.get_mousePosition () [0x00000] in .\Library\PackageCache\com.unity.ugui@23caec89ae27\Runtime\UGUI\EventSystem\InputModules\BaseInput.cs:95 
  at UnityEngine.EventSystems.StandaloneInputModule.UpdateModule () [0x00028] in .\Library\PackageCache\com.unity.ugui@23caec89ae27\Runtime\UGUI\EventSystem\InputModules\StandaloneInputModule.cs:175 
  at UnityEngine.EventSystems.EventSystem.TickModules () [0x00024] in .\Library\PackageCache\com.unity.ugui@23caec89ae27\Runtime\UGUI\EventSystem\EventSystem.cs:473 
  at UnityEngine.EventSystems.EventSystem.Update () [0x00019] in .\Library\PackageCache\com.unity.ugui@23caec89ae27\Runtime\UGUI\EventSystem\EventSystem.cs:493 
UnityEngine.StackTraceUtility:ExtractStringFromExceptionInternal(Object, String&, String&)

(Filename: ./Library/PackageCache/com.unity.ugui@23caec89ae27/Runtime/UGUI/EventSystem/InputModules/BaseInput.cs Line: 95)

InvalidOperationException: You are trying to read Input using the UnityEngine.Input class, but you have switched active Input handling to Input System package in Player Settings.
  at (wrapper managed-to-native) UnityEngine.Input.get_mousePosition_Injected(UnityEngine.Vector3&)
  at UnityEngine.Input.get_mousePosition () [0x00000] in <7fdf22b76a554395b892b73f7625ddc3>:0 
  at UnityEngine.EventSystems.BaseInput.get_mousePosition () [0x00000] in .\Library\PackageCache\com.unity.ugui@23caec89ae27\Runtime\UGUI\EventSystem\InputModules\BaseInput.cs:95 
  at UnityEngine.EventSystems.StandaloneInputModule.UpdateModule () [0x00028] in .\Library\PackageCache\com.unity.ugui@23caec89ae27\Runtime\UGUI\EventSystem\InputModules\StandaloneInputModule.cs:175 
  at UnityEngine.EventSystems.EventSystem.TickModules () [0x00024] in .\Library\PackageCache\com.unity.ugui@23caec89ae27\Runtime\UGUI\EventSystem\EventSystem.cs:473 
  at UnityEngine.EventSystems.EventSystem.Update () [0x00019] in .\Library\PackageCache\com.unity.ugui@23caec89ae27\Runtime\UGUI\EventSystem\EventSystem.cs:493 
UnityEngine.StackTraceUtility:ExtractStringFromExceptionInternal(Object, String&, String&)

(Filename: ./Library/PackageCache/com.unity.ugui@23caec89ae27/Runtime/UGUI/EventSystem/InputModules/BaseInput.cs Line: 95)

[Worker0] Imported GUID: 694f4474a0854a2bab3e880bbcb004c6 - Path: Packages/com.unity.collab-proxy/Editor/Diff/Asset/Diff/DiffToolbarPanel.cs - Importer: ScriptedImporter/UnityEditor.QuickSearchModule:UnityEditor.Search:ASIAI0B -> (ImportResultId: '07073c1ca223d59f44ba30ba3fc2cd96') in 0.0223051 seconds
InvalidOperationException: You are trying to read Input using the UnityEngine.Input class, but you have switched active Input handling to Input System package in Player Settings.
  at (wrapper managed-to-native) UnityEngine.Input.get_mousePosition_Injected(UnityEngine.Vector3&)
  at UnityEngine.Input.get_mousePosition () [0x00000] in <7fdf22b76a554395b892b73f7625ddc3>:0 
  at UnityEngine.EventSystems.BaseInput.get_mousePosition () [0x00000] in .\Library\PackageCache\com.unity.ugui@23caec89ae27\Runtime\UGUI\EventSystem\InputModules\BaseInput.cs:95 
  at UnityEngine.EventSystems.StandaloneInputModule.UpdateModule () [0x00028] in .\Library\PackageCache\com.unity.ugui@23caec89ae27\Runtime\UGUI\EventSystem\InputModules\StandaloneInputModule.cs:175 
  at UnityEngine.EventSystems.EventSystem.TickModules () [0x00024] in .\Library\PackageCache\com.unity.ugui@23caec89ae27\Runtime\UGUI\EventSystem\EventSystem.cs:473 
  at UnityEngine.EventSystems.EventSystem.Update () [0x00019] in .\Library\PackageCache\com.unity.ugui@23caec89ae27\Runtime\UGUI\EventSystem\EventSystem.cs:493 
UnityEngine.StackTraceUtility:ExtractStringFromExceptionInternal(Object, String&, String&)

(Filename: ./Library/PackageCache/com.unity.ugui@23caec89ae27/Runtime/UGUI/EventSystem/InputModules/BaseInput.cs Line: 95)

InvalidOperationException: You are trying to read Input using the UnityEngine.Input class, but you have switched active Input handling to Input System package in Player Settings.
  at (wrapper managed-to-native) UnityEngine.Input.get_mousePosition_Injected(UnityEngine.Vector3&)
  at UnityEngine.Input.get_mousePosition () [0x00000] in <7fdf22b76a554395b892b73f7625ddc3>:0 
  at UnityEngine.EventSystems.BaseInput.get_mousePosition () [0x00000] in .\Library\PackageCache\com.unity.ugui@23caec89ae27\Runtime\UGUI\EventSystem\InputModules\BaseInput.cs:95 
  at UnityEngine.EventSystems.StandaloneInputModule.UpdateModule () [0x00028] in .\Library\PackageCache\com.unity.ugui@23caec89ae27\Runtime\UGUI\EventSystem\InputModules\StandaloneInputModule.cs:175 
  at UnityEngine.EventSystems.EventSystem.TickModules () [0x00024] in .\Library\PackageCache\com.unity.ugui@23caec89ae27\Runtime\UGUI\EventSystem\EventSystem.cs:473 
  at UnityEngine.EventSystems.EventSystem.Update () [0x00019] in .\Library\PackageCache\com.unity.ugui@23caec89ae27\Runtime\UGUI\EventSystem\EventSystem.cs:493 
UnityEngine.StackTraceUtility:ExtractStringFromExceptionInternal(Object, String&, String&)

(Filename: ./Library/PackageCache/com.unity.ugui@23caec89ae27/Runtime/UGUI/EventSystem/InputModules/BaseInput.cs Line: 95)

[Worker0] Imported GUID: 15065be9d58284ff3a0be3d0e4527920 - Path: Packages/com.unity.collab-proxy/Editor/Diff/Asset/Diff/DiffRow.cs - Importer: ScriptedImporter/UnityEditor.QuickSearchModule:UnityEditor.Search:ASIAI0B -> (ImportResultId: '61edffc4d8e179108f6b643fd78b6dae') in 0.0253425 seconds
InvalidOperationException: You are trying to read Input using the UnityEngine.Input class, but you have switched active Input handling to Input System package in Player Settings.
  at (wrapper managed-to-native) UnityEngine.Input.get_mousePosition_Injected(UnityEngine.Vector3&)
  at UnityEngine.Input.get_mousePosition () [0x00000] in <7fdf22b76a554395b892b73f7625ddc3>:0 
  at UnityEngine.EventSystems.BaseInput.get_mousePosition () [0x00000] in .\Library\PackageCache\com.unity.ugui@23caec89ae27\Runtime\UGUI\EventSystem\InputModules\BaseInput.cs:95 
  at UnityEngine.EventSystems.StandaloneInputModule.UpdateModule () [0x00028] in .\Library\PackageCache\com.unity.ugui@23caec89ae27\Runtime\UGUI\EventSystem\InputModules\StandaloneInputModule.cs:175 
  at UnityEngine.EventSystems.EventSystem.TickModules () [0x00024] in .\Library\PackageCache\com.unity.ugui@23caec89ae27\Runtime\UGUI\EventSystem\EventSystem.cs:473 
  at UnityEngine.EventSystems.EventSystem.Update () [0x00019] in .\Library\PackageCache\com.unity.ugui@23caec89ae27\Runtime\UGUI\EventSystem\EventSystem.cs:493 
UnityEngine.StackTraceUtility:ExtractStringFromExceptionInternal(Object, String&, String&)

(Filename: ./Library/PackageCache/com.unity.ugui@23caec89ae27/Runtime/UGUI/EventSystem/InputModules/BaseInput.cs Line: 95)

InvalidOperationException: You are trying to read Input using the UnityEngine.Input class, but you have switched active Input handling to Input System package in Player Settings.
  at (wrapper managed-to-native) UnityEngine.Input.get_mousePosition_Injected(UnityEngine.Vector3&)
  at UnityEngine.Input.get_mousePosition () [0x00000] in <7fdf22b76a554395b892b73f7625ddc3>:0 
  at UnityEngine.EventSystems.BaseInput.get_mousePosition () [0x00000] in .\Library\PackageCache\com.unity.ugui@23caec89ae27\Runtime\UGUI\EventSystem\InputModules\BaseInput.cs:95 
  at UnityEngine.EventSystems.StandaloneInputModule.UpdateModule () [0x00028] in .\Library\PackageCache\com.unity.ugui@23caec89ae27\Runtime\UGUI\EventSystem\InputModules\StandaloneInputModule.cs:175 
  at UnityEngine.EventSystems.EventSystem.TickModules () [0x00024] in .\Library\PackageCache\com.unity.ugui@23caec89ae27\Runtime\UGUI\EventSystem\EventSystem.cs:473 
  at UnityEngine.EventSystems.EventSystem.Update () [0x00019] in .\Library\PackageCache\com.unity.ugui@23caec89ae27\Runtime\UGUI\EventSystem\EventSystem.cs:493 
UnityEngine.StackTraceUtility:ExtractStringFromExceptionInternal(Object, String&, String&)

(Filename: ./Library/PackageCache/com.unity.ugui@23caec89ae27/Runtime/UGUI/EventSystem/InputModules/BaseInput.cs Line: 95)

[Worker0] Imported GUID: e5cbdaec4d63a4013ad3089e2435b53f - Path: Packages/com.unity.collab-proxy/Editor/Diff/Asset/Diff/DiffHeaderRow.cs - Importer: ScriptedImporter/UnityEditor.QuickSearchModule:UnityEditor.Search:ASIAI0B -> (ImportResultId: '8af8dcda311d4cb1e508ac2cd5082fa3') in 0.0238144 seconds
InvalidOperationException: You are trying to read Input using the UnityEngine.Input class, but you have switched active Input handling to Input System package in Player Settings.
  at (wrapper managed-to-native) UnityEngine.Input.get_mousePosition_Injected(UnityEngine.Vector3&)
  at UnityEngine.Input.get_mousePosition () [0x00000] in <7fdf22b76a554395b892b73f7625ddc3>:0 
  at UnityEngine.EventSystems.BaseInput.get_mousePosition () [0x00000] in .\Library\PackageCache\com.unity.ugui@23caec89ae27\Runtime\UGUI\EventSystem\InputModules\BaseInput.cs:95 
  at UnityEngine.EventSystems.StandaloneInputModule.UpdateModule () [0x00028] in .\Library\PackageCache\com.unity.ugui@23caec89ae27\Runtime\UGUI\EventSystem\InputModules\StandaloneInputModule.cs:175 
  at UnityEngine.EventSystems.EventSystem.TickModules () [0x00024] in .\Library\PackageCache\com.unity.ugui@23caec89ae27\Runtime\UGUI\EventSystem\EventSystem.cs:473 
  at UnityEngine.EventSystems.EventSystem.Update () [0x00019] in .\Library\PackageCache\com.unity.ugui@23caec89ae27\Runtime\UGUI\EventSystem\EventSystem.cs:493 
UnityEngine.StackTraceUtility:ExtractStringFromExceptionInternal(Object, String&, String&)

(Filename: ./Library/PackageCache/com.unity.ugui@23caec89ae27/Runtime/UGUI/EventSystem/InputModules/BaseInput.cs Line: 95)

InvalidOperationException: You are trying to read Input using the UnityEngine.Input class, but you have switched active Input handling to Input System package in Player Settings.
  at (wrapper managed-to-native) UnityEngine.Input.get_mousePosition_Injected(UnityEngine.Vector3&)
  at UnityEngine.Input.get_mousePosition () [0x00000] in <7fdf22b76a554395b892b73f7625ddc3>:0 
  at UnityEngine.EventSystems.BaseInput.get_mousePosition () [0x00000] in .\Library\PackageCache\com.unity.ugui@23caec89ae27\Runtime\UGUI\EventSystem\InputModules\BaseInput.cs:95 
  at UnityEngine.EventSystems.StandaloneInputModule.UpdateModule () [0x00028] in .\Library\PackageCache\com.unity.ugui@23caec89ae27\Runtime\UGUI\EventSystem\InputModules\StandaloneInputModule.cs:175 
  at UnityEngine.EventSystems.EventSystem.TickModules () [0x00024] in .\Library\PackageCache\com.unity.ugui@23caec89ae27\Runtime\UGUI\EventSystem\EventSystem.cs:473 
  at UnityEngine.EventSystems.EventSystem.Update () [0x00019] in .\Library\PackageCache\com.unity.ugui@23caec89ae27\Runtime\UGUI\EventSystem\EventSystem.cs:493 
UnityEngine.StackTraceUtility:ExtractStringFromExceptionInternal(Object, String&, String&)

(Filename: ./Library/PackageCache/com.unity.ugui@23caec89ae27/Runtime/UGUI/EventSystem/InputModules/BaseInput.cs Line: 95)

[Worker0] Imported GUID: 98697e16f5be4c5dbaf28a10798b108f - Path: Packages/com.unity.collab-proxy/Editor/Diff/Asset/Diff/GroupHeaderRow.cs - Importer: ScriptedImporter/UnityEditor.QuickSearchModule:UnityEditor.Search:ASIAI0B -> (ImportResultId: '685cc64bd914bc15b701762583fb1940') in 0.0208196 seconds
InvalidOperationException: You are trying to read Input using the UnityEngine.Input class, but you have switched active Input handling to Input System package in Player Settings.
  at (wrapper managed-to-native) UnityEngine.Input.get_mousePosition_Injected(UnityEngine.Vector3&)
  at UnityEngine.Input.get_mousePosition () [0x00000] in <7fdf22b76a554395b892b73f7625ddc3>:0 
  at UnityEngine.EventSystems.BaseInput.get_mousePosition () [0x00000] in .\Library\PackageCache\com.unity.ugui@23caec89ae27\Runtime\UGUI\EventSystem\InputModules\BaseInput.cs:95 
  at UnityEngine.EventSystems.StandaloneInputModule.UpdateModule () [0x00028] in .\Library\PackageCache\com.unity.ugui@23caec89ae27\Runtime\UGUI\EventSystem\InputModules\StandaloneInputModule.cs:175 
  at UnityEngine.EventSystems.EventSystem.TickModules () [0x00024] in .\Library\PackageCache\com.unity.ugui@23caec89ae27\Runtime\UGUI\EventSystem\EventSystem.cs:473 
  at UnityEngine.EventSystems.EventSystem.Update () [0x00019] in .\Library\PackageCache\com.unity.ugui@23caec89ae27\Runtime\UGUI\EventSystem\EventSystem.cs:493 
UnityEngine.StackTraceUtility:ExtractStringFromExceptionInternal(Object, String&, String&)

(Filename: ./Library/PackageCache/com.unity.ugui@23caec89ae27/Runtime/UGUI/EventSystem/InputModules/BaseInput.cs Line: 95)

[Worker0] Imported GUID: 0bb6b8b3dfca43538b7ef0bff1d13780 - Path: Packages/com.unity.collab-proxy/Editor/UI/UnityInternals/UnityEditor/ContainerWindow.cs - Importer: ScriptedImporter/UnityEditor.QuickSearchModule:UnityEditor.Search:ASIAI0B -> (ImportResultId: 'b3a44992dd67f94931da9ed510ae5072') in 0.0197902 seconds
InvalidOperationException: You are trying to read Input using the UnityEngine.Input class, but you have switched active Input handling to Input System package in Player Settings.
  at (wrapper managed-to-native) UnityEngine.Internal.InputUnsafeUtility.GetButtonDown_Injected(UnityEngine.Bindings.ManagedSpanWrapper&)
  at UnityEngine.Internal.InputUnsafeUtility.GetButtonDown (System.String buttonName) [0x0002a] in <7fdf22b76a554395b892b73f7625ddc3>:0 
  at UnityEngine.Input.GetButtonDown (System.String buttonName) [0x00000] in <7fdf22b76a554395b892b73f7625ddc3>:0 
  at UnityEngine.EventSystems.BaseInput.GetButtonDown (System.String buttonName) [0x00000] in .\Library\PackageCache\com.unity.ugui@23caec89ae27\Runtime\UGUI\EventSystem\InputModules\BaseInput.cs:154 
  at UnityEngine.EventSystems.StandaloneInputModule.ShouldActivateModule () [0x00011] in .\Library\PackageCache\com.unity.ugui@23caec89ae27\Runtime\UGUI\EventSystem\InputModules\StandaloneInputModule.cs:252 
  at UnityEngine.EventSystems.EventSystem.Update () [0x0003e] in .\Library\PackageCache\com.unity.ugui@23caec89ae27\Runtime\UGUI\EventSystem\EventSystem.cs:500 
UnityEngine.StackTraceUtility:ExtractStringFromExceptionInternal(Object, String&, String&)

(Filename: ./Library/PackageCache/com.unity.ugui@23caec89ae27/Runtime/UGUI/EventSystem/InputModules/BaseInput.cs Line: 154)

InvalidOperationException: You are trying to read Input using the UnityEngine.Input class, but you have switched active Input handling to Input System package in Player Settings.
  at (wrapper managed-to-native) UnityEngine.Internal.InputUnsafeUtility.GetButtonDown_Injected(UnityEngine.Bindings.ManagedSpanWrapper&)
  at UnityEngine.Internal.InputUnsafeUtility.GetButtonDown (System.String buttonName) [0x0002a] in <7fdf22b76a554395b892b73f7625ddc3>:0 
  at UnityEngine.Input.GetButtonDown (System.String buttonName) [0x00000] in <7fdf22b76a554395b892b73f7625ddc3>:0 
  at UnityEngine.EventSystems.BaseInput.GetButtonDown (System.String buttonName) [0x00000] in .\Library\PackageCache\com.unity.ugui@23caec89ae27\Runtime\UGUI\EventSystem\InputModules\BaseInput.cs:154 
  at UnityEngine.EventSystems.StandaloneInputModule.ShouldActivateModule () [0x00011] in .\Library\PackageCache\com.unity.ugui@23caec89ae27\Runtime\UGUI\EventSystem\InputModules\StandaloneInputModule.cs:252 
  at UnityEngine.EventSystems.EventSystem.Update () [0x0003e] in .\Library\PackageCache\com.unity.ugui@23caec89ae27\Runtime\UGUI\EventSystem\EventSystem.cs:500 
UnityEngine.StackTraceUtility:ExtractStringFromExceptionInternal(Object, String&, String&)

(Filename: ./Library/PackageCache/com.unity.ugui@23caec89ae27/Runtime/UGUI/EventSystem/InputModules/BaseInput.cs Line: 154)

[Worker0] Imported GUID: 6eaff6a39d1545778e6362a438cb9da4 - Path: Packages/com.unity.collab-proxy/Editor/Diff/Asset/Diff/DataLossKind.cs - Importer: ScriptedImporter/UnityEditor.QuickSearchModule:UnityEditor.Search:ASIAI0B -> (ImportResultId: 'fff3194668463da4ac8eb0a732eac723') in 0.0197256 seconds
InvalidOperationException: You are trying to read Input using the UnityEngine.Input class, but you have switched active Input handling to Input System package in Player Settings.
  at (wrapper managed-to-native) UnityEngine.Internal.InputUnsafeUtility.GetButtonDown_Injected(UnityEngine.Bindings.ManagedSpanWrapper&)
  at UnityEngine.Internal.InputUnsafeUtility.GetButtonDown (System.String buttonName) [0x0002a] in <7fdf22b76a554395b892b73f7625ddc3>:0 
  at UnityEngine.Input.GetButtonDown (System.String buttonName) [0x00000] in <7fdf22b76a554395b892b73f7625ddc3>:0 
  at UnityEngine.EventSystems.BaseInput.GetButtonDown (System.String buttonName) [0x00000] in .\Library\PackageCache\com.unity.ugui@23caec89ae27\Runtime\UGUI\EventSystem\InputModules\BaseInput.cs:154 
  at UnityEngine.EventSystems.StandaloneInputModule.ShouldActivateModule () [0x00011] in .\Library\PackageCache\com.unity.ugui@23caec89ae27\Runtime\UGUI\EventSystem\InputModules\StandaloneInputModule.cs:252 
  at UnityEngine.EventSystems.EventSystem.Update () [0x0003e] in .\Library\PackageCache\com.unity.ugui@23caec89ae27\Runtime\UGUI\EventSystem\EventSystem.cs:500 
UnityEngine.StackTraceUtility:ExtractStringFromExceptionInternal(Object, String&, String&)

(Filename: ./Library/PackageCache/com.unity.ugui@23caec89ae27/Runtime/UGUI/EventSystem/InputModules/BaseInput.cs Line: 154)

[Worker0] Imported GUID: b7a6e00fe1c54225a6eaeb9fb907f498 - Path: Packages/com.unity.collab-proxy/Editor/Diff/Asset/Content/ContentPropertyRow.cs - Importer: ScriptedImporter/UnityEditor.QuickSearchModule:UnityEditor.Search:ASIAI0B -> (ImportResultId: '5e503bec0515e1f03a78f3c566362828') in 0.0223546 seconds
InvalidOperationException: You are trying to read Input using the UnityEngine.Input class, but you have switched active Input handling to Input System package in Player Settings.
  at (wrapper managed-to-native) UnityEngine.Internal.InputUnsafeUtility.GetButtonDown_Injected(UnityEngine.Bindings.ManagedSpanWrapper&)
  at UnityEngine.Internal.InputUnsafeUtility.GetButtonDown (System.String buttonName) [0x0002a] in <7fdf22b76a554395b892b73f7625ddc3>:0 
  at UnityEngine.Input.GetButtonDown (System.String buttonName) [0x00000] in <7fdf22b76a554395b892b73f7625ddc3>:0 
  at UnityEngine.EventSystems.BaseInput.GetButtonDown (System.String buttonName) [0x00000] in .\Library\PackageCache\com.unity.ugui@23caec89ae27\Runtime\UGUI\EventSystem\InputModules\BaseInput.cs:154 
  at UnityEngine.EventSystems.StandaloneInputModule.ShouldActivateModule () [0x00011] in .\Library\PackageCache\com.unity.ugui@23caec89ae27\Runtime\UGUI\EventSystem\InputModules\StandaloneInputModule.cs:252 
  at UnityEngine.EventSystems.EventSystem.Update () [0x0003e] in .\Library\PackageCache\com.unity.ugui@23caec89ae27\Runtime\UGUI\EventSystem\EventSystem.cs:500 
UnityEngine.StackTraceUtility:ExtractStringFromExceptionInternal(Object, String&, String&)

(Filename: ./Library/PackageCache/com.unity.ugui@23caec89ae27/Runtime/UGUI/EventSystem/InputModules/BaseInput.cs Line: 154)

InvalidOperationException: You are trying to read Input using the UnityEngine.Input class, but you have switched active Input handling to Input System package in Player Settings.
  at (wrapper managed-to-native) UnityEngine.Internal.InputUnsafeUtility.GetButtonDown_Injected(UnityEngine.Bindings.ManagedSpanWrapper&)
  at UnityEngine.Internal.InputUnsafeUtility.GetButtonDown (System.String buttonName) [0x0002a] in <7fdf22b76a554395b892b73f7625ddc3>:0 
  at UnityEngine.Input.GetButtonDown (System.String buttonName) [0x00000] in <7fdf22b76a554395b892b73f7625ddc3>:0 
  at UnityEngine.EventSystems.BaseInput.GetButtonDown (System.String buttonName) [0x00000] in .\Library\PackageCache\com.unity.ugui@23caec89ae27\Runtime\UGUI\EventSystem\InputModules\BaseInput.cs:154 
  at UnityEngine.EventSystems.StandaloneInputModule.ShouldActivateModule () [0x00011] in .\Library\PackageCache\com.unity.ugui@23caec89ae27\Runtime\UGUI\EventSystem\InputModules\StandaloneInputModule.cs:252 
  at UnityEngine.EventSystems.EventSystem.Update () [0x0003e] in .\Library\PackageCache\com.unity.ugui@23caec89ae27\Runtime\UGUI\EventSystem\EventSystem.cs:500 
UnityEngine.StackTraceUtility:ExtractStringFromExceptionInternal(Object, String&, String&)

(Filename: ./Library/PackageCache/com.unity.ugui@23caec89ae27/Runtime/UGUI/EventSystem/InputModules/BaseInput.cs Line: 154)

[Worker0] Imported GUID: be3e4f1fe8db42108891c86e7f3c66fb - Path: Packages/com.unity.collab-proxy/Editor/Diff/Image/Toolbar/ZoomOptionsView.cs - Importer: ScriptedImporter/UnityEditor.QuickSearchModule:UnityEditor.Search:ASIAI0B -> (ImportResultId: '2e9702088a244da02cc6acafbb20d4d9') in 0.0252122 seconds
InvalidOperationException: You are trying to read Input using the UnityEngine.Input class, but you have switched active Input handling to Input System package in Player Settings.
  at (wrapper managed-to-native) UnityEngine.Internal.InputUnsafeUtility.GetButtonDown_Injected(UnityEngine.Bindings.ManagedSpanWrapper&)
  at UnityEngine.Internal.InputUnsafeUtility.GetButtonDown (System.String buttonName) [0x0002a] in <7fdf22b76a554395b892b73f7625ddc3>:0 
  at UnityEngine.Input.GetButtonDown (System.String buttonName) [0x00000] in <7fdf22b76a554395b892b73f7625ddc3>:0 
  at UnityEngine.EventSystems.BaseInput.GetButtonDown (System.String buttonName) [0x00000] in .\Library\PackageCache\com.unity.ugui@23caec89ae27\Runtime\UGUI\EventSystem\InputModules\BaseInput.cs:154 
  at UnityEngine.EventSystems.StandaloneInputModule.ShouldActivateModule () [0x00011] in .\Library\PackageCache\com.unity.ugui@23caec89ae27\Runtime\UGUI\EventSystem\InputModules\StandaloneInputModule.cs:252 
  at UnityEngine.EventSystems.EventSystem.Update () [0x0003e] in .\Library\PackageCache\com.unity.ugui@23caec89ae27\Runtime\UGUI\EventSystem\EventSystem.cs:500 
UnityEngine.StackTraceUtility:ExtractStringFromExceptionInternal(Object, String&, String&)

(Filename: ./Library/PackageCache/com.unity.ugui@23caec89ae27/Runtime/UGUI/EventSystem/InputModules/BaseInput.cs Line: 154)

[Worker0] Imported GUID: ecd2902f8da144961ba11c078bb1e20b - Path: Packages/com.unity.collab-proxy/Editor/Diff/Image/Toolbar/ImageDiffToolbar.cs - Importer: ScriptedImporter/UnityEditor.QuickSearchModule:UnityEditor.Search:ASIAI0B -> (ImportResultId: '7a87ece51aa9c892d7d76e42dcda1776') in 0.0290336 seconds
GPU Resident Drawer disposed.
[Worker0] Imported GUID: 9a10c8be3cfa470199e57ef38283bcfd - Path: Packages/com.unity.collab-proxy/Editor/Inspector/Properties/Label/LabelPropertiesPanel.cs - Importer: ScriptedImporter/UnityEditor.QuickSearchModule:UnityEditor.Search:ASIAI0B -> (ImportResultId: '31907660d3245717a3256faa10a2aa76') in 0.0182648 seconds
Unloading 9 Unused Serialized files (Serialized files now loaded: 0)
[Worker0] Imported GUID: db010bdfb5124461bf82c83e532a3f26 - Path: Packages/com.unity.collab-proxy/Editor/Diff/Asset/Content/ContentGroupHeaderRow.cs - Importer: ScriptedImporter/UnityEditor.QuickSearchModule:UnityEditor.Search:ASIAI0B -> (ImportResultId: '501dd80a7cc9dd07e2d8835eeb771092') in 0.0193233 seconds
[Worker0] Imported GUID: 57a63f5d522d4da98a48cb71348c223e - Path: Packages/com.unity.collab-proxy/Editor/Diff/Asset/Content/AssetContentControl.cs - Importer: ScriptedImporter/UnityEditor.QuickSearchModule:UnityEditor.Search:ASIAI0B -> (ImportResultId: 'e5417b468331de69fc080686ab44c252') in 0.0179566 seconds
Loaded scene 'Temp/__Backupscenes/0.backup'
	Deserialize:            9.830 ms
	Integration:            38.122 ms
	Integration of assets:  0.013 ms
	Thread Wait Time:       0.016 ms
	Total Operation Time:   47.982 ms
[Worker0] Imported GUID: 66b140cd6be9479ab524a58f460a694d - Path: Packages/com.unity.collab-proxy/Editor/UI/UnityInternals/UnityEditor/EditorGUI.cs - Importer: ScriptedImporter/UnityEditor.QuickSearchModule:UnityEditor.Search:ASIAI0B -> (ImportResultId: '0caf56575e094712d163a6fc170ce119') in 0.0266963 seconds
Unloading 9 unused Assets / (240.4 KB). Loaded Objects now: 9374.
Memory consumption went from 0.61 GB to 0.61 GB.
Total: 41.619000 ms (FindLiveObjects: 0.716900 ms CreateObjectMapping: 0.179900 ms MarkObjects: 39.468800 ms  DeleteObjects: 0.751800 ms)

[Worker0] Imported GUID: 0beb995ef89b74dd4880e1d7c7b342f9 - Path: Packages/com.unity.collab-proxy/Editor/Diff/Asset/Diff/DiffPropertyRow.cs - Importer: ScriptedImporter/UnityEditor.QuickSearchModule:UnityEditor.Search:ASIAI0B -> (ImportResultId: '818fdf7dfbd7cd2e21f98bf6eb139b92') in 0.0245808 seconds
GPU Resident Drawer created.
[Worker0] Imported GUID: fbb5000a0504a4acd8b805b122326c9f - Path: Packages/com.unity.collab-proxy/Editor/Diff/Asset/Diff/DiffFilter.cs - Importer: ScriptedImporter/UnityEditor.QuickSearchModule:UnityEditor.Search:ASIAI0B -> (ImportResultId: 'ad0c739190f38d650b1a1085a816151e') in 0.0252348 seconds
[Worker0] Imported GUID: fe0c3fddc9d7444cad1202bea40ff63f - Path: Packages/com.unity.collab-proxy/Editor/Diff/Asset/Content/ContentHeaderRow.cs - Importer: ScriptedImporter/UnityEditor.QuickSearchModule:UnityEditor.Search:ASIAI0B -> (ImportResultId: 'ebe5bfa1c921ca14870fe82e64b1c9ad') in 0.0205182 seconds
[Worker0] Imported GUID: 56bfa9b016d534be29da249ecd15b98f - Path: Packages/com.unity.collab-proxy/Editor/Diff/Image/Views/IZoomableImageView.cs - Importer: ScriptedImporter/UnityEditor.QuickSearchModule:UnityEditor.Search:ASIAI0B -> (ImportResultId: '3f2c4f9c6b7801aeb37db7423693a31e') in 0.0279144 seconds
[Worker0] Imported GUID: 14b7fa9fffe443888cccb93957dea182 - Path: Packages/com.unity.collab-proxy/Editor/Inspector/Properties/Branch/BranchPropertiesPanel.cs - Importer: ScriptedImporter/UnityEditor.QuickSearchModule:UnityEditor.Search:ASIAI0B -> (ImportResultId: 'ad1ffbaf2671a47a65e3198b3b167674') in 0.0277376 seconds
[Worker0] Imported GUID: e2d43d3b3af668e4fb7dbf4f2b7384e5 - Path: Packages/com.unity.collab-proxy/Editor/UVCSToolbar/PopupWindow/Operations/UncontrolledPopupOperations.cs - Importer: ScriptedImporter/UnityEditor.QuickSearchModule:UnityEditor.Search:ASIAI0B -> (ImportResultId: '79e31f9ac3423d8b6addd984752c1036') in 0.0277932 seconds
[Worker0] Imported GUID: 6c114cb79a4a4da99813e9526b36080f - Path: Packages/com.unity.collab-proxy/Editor/UVCSToolbar/PopupWindow/BranchesList/BranchesListModel.cs - Importer: ScriptedImporter/UnityEditor.QuickSearchModule:UnityEditor.Search:ASIAI0B -> (ImportResultId: 'edddde89e8d2896f8a8dd9f739080d41') in 0.0212957 seconds
[Worker0] Imported GUID: 399b9baa7c7d47729fb3930f4d588602 - Path: Packages/com.unity.collab-proxy/Editor/UI/UnityInternals/UnityEditor/EditorUtility.cs - Importer: ScriptedImporter/UnityEditor.QuickSearchModule:UnityEditor.Search:ASIAI0B -> (ImportResultId: '3216240aabe8e989b04fe7b4daad1f10') in 0.0242348 seconds
[Worker0] Imported GUID: 68257d0bed044311b8c3688c35a4497b - Path: Packages/com.unity.collab-proxy/Editor/UI/UnityInternals/UnityEditor/EditorWindowInternal.cs - Importer: ScriptedImporter/UnityEditor.QuickSearchModule:UnityEditor.Search:ASIAI0B -> (ImportResultId: '7298a2f68bf51bae199081d9fac37f5e') in 0.0249398 seconds
[Worker0] Imported GUID: 11b2026af4f74d51a4ac170e12c3b888 - Path: Packages/com.unity.collab-proxy/Editor/Views/BranchExplorer/Menu/BranchExplorerViewLabelMenuOperations.cs - Importer: ScriptedImporter/UnityEditor.QuickSearchModule:UnityEditor.Search:ASIAI0B -> (ImportResultId: '27646fa47ff525090ca381f00acfddca') in 0.0350351 seconds
[Worker0] Imported GUID: 697a4c0e184ce4f03a34eb67fcff2784 - Path: Packages/com.unity.collab-proxy/Editor/Views/BranchExplorer/Zoom/UIElementsAnimator.cs - Importer: ScriptedImporter/UnityEditor.QuickSearchModule:UnityEditor.Search:ASIAI0B -> (ImportResultId: '4d619389c19f35d30b8e9f89b9843cae') in 0.032826 seconds
[Worker0] Imported GUID: e894a18d7962e4847a912b6e5058a75e - Path: Packages/com.unity.collab-proxy/Editor/Views/BranchExplorer/Virtualization/CanvasScrollView.cs - Importer: ScriptedImporter/UnityEditor.QuickSearchModule:UnityEditor.Search:ASIAI0B -> (ImportResultId: 'fa43e1bfae1b2b70d2909134147fe1dc') in 0.0285718 seconds
[Worker0] Imported GUID: f90d4c194bf143c5a6ca86108b35d4c8 - Path: Packages/com.unity.collab-proxy/Editor/Views/BranchExplorer/Menu/BranchExplorerLabelMenu.cs - Importer: ScriptedImporter/UnityEditor.QuickSearchModule:UnityEditor.Search:ASIAI0B -> (ImportResultId: '838a25369e3730c98aaf9f8e9f241f2a') in 0.024672 seconds
[Worker0] Imported GUID: fc962e8f744f4e80962b46b05d1c2d27 - Path: Packages/com.unity.collab-proxy/Editor/UVCSToolbar/PopupWindow/BranchesList/PopupProgressBar.cs - Importer: ScriptedImporter/UnityEditor.QuickSearchModule:UnityEditor.Search:ASIAI0B -> (ImportResultId: '8555e3d2a5849d23b1a0b5483bad8f65') in 0.0272393 seconds
[Worker0] Imported GUID: 69ebbdad2c303214683305d65fe26726 - Path: Packages/com.unity.collab-proxy/Editor/Views/Merge/Developer/ChangeTreeViewItem.cs - Importer: ScriptedImporter/UnityEditor.QuickSearchModule:UnityEditor.Search:ASIAI0B -> (ImportResultId: '125580ed9197c95451859a4bf9022c2f') in 0.0247609 seconds
[Worker0] Imported GUID: 73186521cb8e4de3a13721da02015040 - Path: Packages/com.unity.collab-proxy/Editor/UI/UnityInternals/UnityEditor/HostView.cs - Importer: ScriptedImporter/UnityEditor.QuickSearchModule:UnityEditor.Search:ASIAI0B -> (ImportResultId: '061d33c11c68614ac22015bb25a03e68') in 0.0264575 seconds
[Worker0] Imported GUID: 4a34e3ce3dbf5594ba28a57fa297a72c - Path: Packages/com.unity.collab-proxy/Editor/Views/Labels/Dialogs/CreateLabelDialog.cs - Importer: ScriptedImporter/UnityEditor.QuickSearchModule:UnityEditor.Search:ASIAI0B -> (ImportResultId: '3340b1883675450d95975a6658b5790f') in 0.0252776 seconds
[Worker0] Imported GUID: f2d293552be94873903931c954e5e935 - Path: Packages/com.unity.collab-proxy/Editor/Views/BranchExplorer/Virtualization/QuadTree.cs - Importer: ScriptedImporter/UnityEditor.QuickSearchModule:UnityEditor.Search:ASIAI0B -> (ImportResultId: 'c6e685f606c44908dec52f2060072350') in 0.0302493 seconds
[Worker0] Imported GUID: b048016cba8a4416cb18b2e78eb1705e - Path: Packages/com.unity.collab-proxy/Editor/Views/BranchExplorer/Game/Launcher.cs - Importer: ScriptedImporter/UnityEditor.QuickSearchModule:UnityEditor.Search:ASIAI0B -> (ImportResultId: 'a4ed2bba0a7d43e159cba74046400142') in 0.0268121 seconds
[Worker0] Imported GUID: 6f5a38a89d734da9bcdfeffe252daed4 - Path: Packages/com.unity.collab-proxy/Editor/UI/UnityInternals/UnityEditor/SavedGUIState.cs - Importer: ScriptedImporter/UnityEditor.QuickSearchModule:UnityEditor.Search:ASIAI0B -> (ImportResultId: 'd89638a7b587061ef6b907fe10597ee2') in 0.0269516 seconds
[Worker0] Imported GUID: b29af44841cd6644e876233cd057bc18 - Path: Packages/com.unity.collab-proxy/Editor/Views/CreateWorkspace/Dialogs/RepositoryExplorerDialog.cs - Importer: ScriptedImporter/UnityEditor.QuickSearchModule:UnityEditor.Search:ASIAI0B -> (ImportResultId: '25a921955ccae6959425fa4049b0183d') in 0.0236881 seconds
[Worker0] Imported GUID: 281456381b1a4c742b0efbe305328c7a - Path: Packages/com.unity.collab-proxy/Editor/Views/Diff/Dialogs/GetRestorePathDialog.cs - Importer: ScriptedImporter/UnityEditor.QuickSearchModule:UnityEditor.Search:ASIAI0B -> (ImportResultId: '77aec61b7335d5444f967f8fbcf5b743') in 0.0225144 seconds
[Worker0] Imported GUID: da6a50477d2d7ff4f81d1c21c58a5b0e - Path: Packages/com.unity.collab-proxy/Editor/Views/CreateWorkspace/Dialogs/RepositoriesListHeaderState.cs - Importer: ScriptedImporter/UnityEditor.QuickSearchModule:UnityEditor.Search:ASIAI0B -> (ImportResultId: '0cc39df7c4cde7edfdf36bcffad6c07d') in 0.024198 seconds
[Worker0] Imported GUID: 23f66c8658044263b7d87b6878d589a7 - Path: Packages/com.unity.collab-proxy/Editor/Views/BranchExplorer/Zoom/BrExZoom.cs - Importer: ScriptedImporter/UnityEditor.QuickSearchModule:UnityEditor.Search:ASIAI0B -> (ImportResultId: 'ec2ebec58d123c64b8c66b0852651265') in 0.0314795 seconds
[Worker0] Imported GUID: 4b5c816a19cf4a868feca49d8cc1023a - Path: Packages/com.unity.collab-proxy/Editor/Views/BranchExplorer/Virtualization/BrExConnectionRectangle.cs - Importer: ScriptedImporter/UnityEditor.QuickSearchModule:UnityEditor.Search:ASIAI0B -> (ImportResultId: '8e3b97a8eae0e68d8928f7043cd0363d') in 0.0275174 seconds
[Worker0] Imported GUID: cb31873eafb140beb7245ed26f800b10 - Path: Packages/com.unity.collab-proxy/Editor/Views/BranchExplorer/Virtualization/SelftThrottlingWorker.cs - Importer: ScriptedImporter/UnityEditor.QuickSearchModule:UnityEditor.Search:ASIAI0B -> (ImportResultId: 'a3b4e070351e41899381374bc86a113f') in 0.0299894 seconds
[Worker0] Imported GUID: 8f337a12580464190b8455975f146e52 - Path: Packages/com.unity.collab-proxy/Editor/Views/BranchExplorer/Options/BranchExplorerOptionsWindow.cs - Importer: ScriptedImporter/UnityEditor.QuickSearchModule:UnityEditor.Search:ASIAI0B -> (ImportResultId: 'eb1b9bcacdb1b8c4b2994dfa7265bc3f') in 0.0205406 seconds
[Worker0] Imported GUID: 6780ea954e283bd4f82686f6e5ebafee - Path: Packages/com.unity.collab-proxy/Editor/Views/Branch/Dialogs/DeleteBranchDialog.cs - Importer: ScriptedImporter/UnityEditor.QuickSearchModule:UnityEditor.Search:ASIAI0B -> (ImportResultId: '76e9ed21c3bf4854bfdd216154ea3c3a') in 0.01823 seconds
[Worker0] Imported GUID: 0ac2f78c10614679a284c28dd3a8d8e8 - Path: Packages/com.unity.collab-proxy/Editor/UVCSToolbar/PopupWindow/BranchesList/LoadingEmptyState.cs - Importer: ScriptedImporter/UnityEditor.QuickSearchModule:UnityEditor.Search:ASIAI0B -> (ImportResultId: 'aa509637cf40aa07f1086b285e67d086') in 0.02676 seconds
[Worker0] Imported GUID: d6db53f93de967c489902da57a7290a1 - Path: Packages/com.unity.collab-proxy/Editor/Views/Merge/Developer/IsResolved.cs - Importer: ScriptedImporter/UnityEditor.QuickSearchModule:UnityEditor.Search:ASIAI0B -> (ImportResultId: 'f25aa15754ae4dc4434b65185e4ba4c6') in 0.0301382 seconds
[Worker0] Imported GUID: 83882c7718d0fc34f8a05141328ceac1 - Path: Packages/com.unity.collab-proxy/Editor/Views/CreateWorkspace/Dialogs/RepositoryListViewItem.cs - Importer: ScriptedImporter/UnityEditor.QuickSearchModule:UnityEditor.Search:ASIAI0B -> (ImportResultId: 'ab10516effbaed7967b8c006d4ab72c6') in 0.0240554 seconds
[Worker0] Imported GUID: 31fe6c8e7de5e554b8d261d6870cde2b - Path: Packages/com.unity.collab-proxy/Editor/Views/Labels/Dialogs/RenameLabelDialog.cs - Importer: ScriptedImporter/UnityEditor.QuickSearchModule:UnityEditor.Search:ASIAI0B -> (ImportResultId: '14417db3d07b3e4bdef70816753b83ed') in 0.0233037 seconds
[Worker0] Imported GUID: dc1bc6a318004247a55e4f3fbf74309a - Path: Packages/com.unity.collab-proxy/Editor/Views/BranchExplorer/Menu/BranchExplorerViewLinkMenuOperations.cs - Importer: ScriptedImporter/UnityEditor.QuickSearchModule:UnityEditor.Search:ASIAI0B -> (ImportResultId: '229bbd77921e285aae970576a99f2638') in 0.0201455 seconds
[Worker0] Imported GUID: 21e4725fe8214df78113a02c68fff633 - Path: Packages/com.unity.collab-proxy/Editor/Views/BranchExplorer/Virtualization/VirtualShape.cs - Importer: ScriptedImporter/UnityEditor.QuickSearchModule:UnityEditor.Search:ASIAI0B -> (ImportResultId: 'fa3b5a0decf8b12720b5e9d449f94675') in 0.0198569 seconds
[Worker0] Imported GUID: 0cb9ab9a238c443dacbb00b24cf7377a - Path: Packages/com.unity.collab-proxy/Editor/Views/BranchExplorer/Menu/LinkMenu.cs - Importer: ScriptedImporter/UnityEditor.QuickSearchModule:UnityEditor.Search:ASIAI0B -> (ImportResultId: '69441e2880495e52dc473f9df6663719') in 0.0160464 seconds
[Worker0] Imported GUID: 489341d280ec4f84966df11c8c6804d4 - Path: Packages/com.unity.collab-proxy/Editor/UI/UnityInternals/UnityEditor/SplitterState.cs - Importer: ScriptedImporter/UnityEditor.QuickSearchModule:UnityEditor.Search:ASIAI0B -> (ImportResultId: '28ae23e67d68a766794fa026fc507f72') in 0.0161889 seconds
[Worker0] Imported GUID: cef1fd4b45bd4bbfabb7b27325107045 - Path: Packages/com.unity.collab-proxy/Editor/UVCSToolbar/PopupWindow/BranchesList/BranchesTreeView.cs - Importer: ScriptedImporter/UnityEditor.QuickSearchModule:UnityEditor.Search:ASIAI0B -> (ImportResultId: '04a056fef684080830ff56f7558df53a') in 0.0168904 seconds
[Worker0] Imported GUID: 25c3ae07f84c4ba3954e07becf193460 - Path: Packages/com.unity.collab-proxy/Editor/UI/UnityInternals/UnityEditor/Menu.cs - Importer: ScriptedImporter/UnityEditor.QuickSearchModule:UnityEditor.Search:ASIAI0B -> (ImportResultId: 'fa74cdaa56ab3d79832ec2fb5693d7b4') in 0.0157188 seconds
[Worker0] Imported GUID: 306e2c310ad3b7a4794346ffb0088c69 - Path: Packages/com.unity.collab-proxy/Editor/UVCSToolbar/PopupWindow/Operations/ToolbarOperationsShortcut.cs - Importer: ScriptedImporter/UnityEditor.QuickSearchModule:UnityEditor.Search:ASIAI0B -> (ImportResultId: 'cace52b82aee675823703b74edca346e') in 0.0184954 seconds
[Worker0] Imported GUID: 4acd46006c88d7844ac06086ca0b1481 - Path: Packages/com.unity.collab-proxy/Editor/UVCSToolbar/PopupWindow/Operations/ControlledPopupOperations.cs - Importer: ScriptedImporter/UnityEditor.QuickSearchModule:UnityEditor.Search:ASIAI0B -> (ImportResultId: '18f13b964e971bd4bc6c51d9446430a2') in 0.0168288 seconds
[Worker0] Imported GUID: c408e05e88bc93c458a3195b15e9d625 - Path: Packages/com.unity.collab-proxy/Editor/Views/Merge/Developer/ChangeCategoryTreeViewItem.cs - Importer: ScriptedImporter/UnityEditor.QuickSearchModule:UnityEditor.Search:ASIAI0B -> (ImportResultId: 'a72a6b9938dc0306b50e9cfcc03166d8') in 0.022485 seconds
[Worker0] Imported GUID: 8e6494de947444dc9a132f39b8faa02c - Path: Packages/com.unity.collab-proxy/Editor/UVCSToolbar/PopupWindow/BranchesList/ErrorEmptyState.cs - Importer: ScriptedImporter/UnityEditor.QuickSearchModule:UnityEditor.Search:ASIAI0B -> (ImportResultId: '5eb09fe507fe31ba8993b4e8908baf79') in 0.0199865 seconds
[Worker0] Imported GUID: 5013a6f8fee1f2a49b06f75fc5a6ece4 - Path: Packages/com.unity.collab-proxy/Editor/Views/Merge/Developer/IsCurrent.cs - Importer: ScriptedImporter/UnityEditor.QuickSearchModule:UnityEditor.Search:ASIAI0B -> (ImportResultId: 'b02f12e9327029a3b6f29b08733839a6') in 0.0164453 seconds
[Worker0] Imported GUID: c4f779ee37894d99adede8127ac9961d - Path: Packages/com.unity.collab-proxy/Editor/UI/UnityInternals/UnityEditor/SettingsWindow.cs - Importer: ScriptedImporter/UnityEditor.QuickSearchModule:UnityEditor.Search:ASIAI0B -> (ImportResultId: 'ed06b7aa92e0e1265a5b7e01d86b139a') in 0.016945 seconds
[Worker0] Imported GUID: c18598e9d808edb4583a6aa724ffc268 - Path: Packages/com.unity.collab-proxy/Editor/Views/CreateWorkspace/Dialogs/RepositoriesListView.cs - Importer: ScriptedImporter/UnityEditor.QuickSearchModule:UnityEditor.Search:ASIAI0B -> (ImportResultId: 'be8acb799e154a348fe81c812afca730') in 0.0161883 seconds
[Worker0] Imported GUID: a0fc5252a48d8b34f945b4ae3ad45030 - Path: Packages/com.unity.collab-proxy/Editor/Views/Branch/Dialogs/CreateBranchDialog.cs - Importer: ScriptedImporter/UnityEditor.QuickSearchModule:UnityEditor.Search:ASIAI0B -> (ImportResultId: '796a1574291fb53a83bb811fa680e737') in 0.0215087 seconds
[Worker0] Imported GUID: a0c766476de1f4df7b85aa44e065e0c0 - Path: Packages/com.unity.collab-proxy/Editor/UI/UnityInternals/UnityEditor/Unsupported.cs - Importer: ScriptedImporter/UnityEditor.QuickSearchModule:UnityEditor.Search:ASIAI0B -> (ImportResultId: 'c4fc2c73f2cf1c15535f6150df69219a') in 0.0258265 seconds
[Worker0] Imported GUID: f4e5325f424d436485dacca7a8d05f0c - Path: Packages/com.unity.collab-proxy/Editor/UVCSToolbar/PopupWindow/BranchesList/NoBranchesEmptyState.cs - Importer: ScriptedImporter/UnityEditor.QuickSearchModule:UnityEditor.Search:ASIAI0B -> (ImportResultId: '7bef9a20fcf04b50e85adaea010d5a48') in 0.0231797 seconds
[Worker0] Imported GUID: cb7cc48c799b4b86937fe77898c0c8c4 - Path: Packages/com.unity.collab-proxy/Editor/UI/UnityInternals/UnityEditor/SplitterGUILayout.cs - Importer: ScriptedImporter/UnityEditor.QuickSearchModule:UnityEditor.Search:ASIAI0B -> (ImportResultId: '9c69e3e9e27be07ad3ba290d776f0d08') in 0.0230853 seconds
[Worker0] Imported GUID: 5ea6fbde01fc74fd9aef36edf64214a7 - Path: Packages/com.unity.collab-proxy/Editor/Views/BranchExplorer/Game/BranchRunnerGame.cs - Importer: ScriptedImporter/UnityEditor.QuickSearchModule:UnityEditor.Search:ASIAI0B -> (ImportResultId: '249681ecbbc583bd976f26dd4a0fcd36') in 0.03423 seconds
[Worker0] Imported GUID: 8cb6c3d9c38f4b67b0ae9dc6ebdfecff - Path: Packages/com.unity.collab-proxy/Editor/UI/UnityInternals/UnityEditor/EditorWindowExtensions.cs - Importer: ScriptedImporter/UnityEditor.QuickSearchModule:UnityEditor.Search:ASIAI0B -> (ImportResultId: 'ef439457409a4fe91ff3f056dda45678') in 0.0254339 seconds
[Worker0] Imported GUID: 1181856e3fc64a12b4e5d404d501e989 - Path: Packages/com.unity.collab-proxy/Editor/UI/UnityInternals/UnityEditor/GenericMenuExtensions.cs - Importer: ScriptedImporter/UnityEditor.QuickSearchModule:UnityEditor.Search:ASIAI0B -> (ImportResultId: '3b64baa0cf6d63f3e1895e5709301c9c') in 0.0219256 seconds
[Worker0] Imported GUID: 61f74d0a8a3f1f542b8afe99e65686df - Path: Packages/com.unity.collab-proxy/Editor/Views/CreateWorkspace/Dialogs/CreateRepositoryDialog.cs - Importer: ScriptedImporter/UnityEditor.QuickSearchModule:UnityEditor.Search:ASIAI0B -> (ImportResultId: 'b0d9d8f08e74762a454956dad11aebca') in 0.0257706 seconds
[Worker0] Imported GUID: 5b7531dfaf9b4de9ab2be2bbad7f83ad - Path: Packages/com.unity.collab-proxy/Editor/Views/BranchExplorer/Virtualization/VirtualCanvasFiller.cs - Importer: ScriptedImporter/UnityEditor.QuickSearchModule:UnityEditor.Search:ASIAI0B -> (ImportResultId: '9d7e00ac9adf62fa6c65a7a72826344b') in 0.020198 seconds
[Worker0] Imported GUID: fcbf1383bda394948a6f807ea4bfa6ee - Path: Packages/com.unity.collab-proxy/Editor/Views/Filters/Date/DateFilterButtonPanel.cs - Importer: ScriptedImporter/UnityEditor.QuickSearchModule:UnityEditor.Search:ASIAI0B -> (ImportResultId: '95f29f028328b61b91afacffd8cbf386') in 0.0221286 seconds
[Worker0] Imported GUID: be0d618f3c51404cb94628b6b6cdc8d7 - Path: Packages/com.unity.collab-proxy/Editor/Views/BranchExplorer/Virtualization/VirtualShapeFactory.cs - Importer: ScriptedImporter/UnityEditor.QuickSearchModule:UnityEditor.Search:ASIAI0B -> (ImportResultId: '34bc7b661db8e261e44738e8b39a1039') in 0.0220637 seconds
[Worker0] Imported GUID: 1de62e30afcba544e8e8da4b93a4fa39 - Path: Packages/com.unity.collab-proxy/Editor/Views/Branch/Dialogs/RenameBranchDialog.cs - Importer: ScriptedImporter/UnityEditor.QuickSearchModule:UnityEditor.Search:ASIAI0B -> (ImportResultId: '478ebc45bb5eb4c1ca6f84af0e3fb44c') in 0.0204885 seconds
[Worker0] Imported GUID: d6860a2b66cf4b143a06d0bc3b87c0df - Path: Packages/com.unity.collab-proxy/Editor/Views/Labels/Dialogs/CreateLabelViewUIToolkit.cs - Importer: ScriptedImporter/UnityEditor.QuickSearchModule:UnityEditor.Search:ASIAI0B -> (ImportResultId: '7f241e7b4b89190edf4d04286b74f26a') in 0.0216036 seconds
[Worker0] Imported GUID: cc8c3a097e504aeabef3c8c2f7669916 - Path: Packages/com.unity.collab-proxy/Editor/Views/BranchExplorer/Virtualization/VirtualCanvas.cs - Importer: ScriptedImporter/UnityEditor.QuickSearchModule:UnityEditor.Search:ASIAI0B -> (ImportResultId: '11d77bd97a3ad180fb383fc02fb4d017') in 0.0216976 seconds
[Worker0] Imported GUID: 8aa737bc4a2343caa54fc09f658a62bb - Path: Packages/com.unity.collab-proxy/Editor/Views/BranchExplorer/Zoom/EdgePoint.cs - Importer: ScriptedImporter/UnityEditor.QuickSearchModule:UnityEditor.Search:ASIAI0B -> (ImportResultId: '9de079269ba4382357f5bad4bcc579f6') in 0.0204306 seconds
[Worker0] Imported GUID: 8f5b967c51ec477bb1f1b6aad7b6839f - Path: Packages/com.unity.collab-proxy/Editor/Views/BranchExplorer/Menu/BranchExplorerViewMenu.cs - Importer: ScriptedImporter/UnityEditor.QuickSearchModule:UnityEditor.Search:ASIAI0B -> (ImportResultId: '832e2384f50b88d55d98ac6964ff5557') in 0.0173723 seconds
[Worker0] Imported GUID: 91af864187ea4d65841241cea79c3f71 - Path: Packages/com.unity.collab-proxy/Editor/Views/BranchExplorer/Menu/BranchExplorerViewBranchMenuOperations.cs - Importer: ScriptedImporter/UnityEditor.QuickSearchModule:UnityEditor.Search:ASIAI0B -> (ImportResultId: '1966209d275c8e723b32e33404daeeed') in 0.0191464 seconds
[Worker0] Imported GUID: 6e19ed08370c2e6419986e350c6d4c20 - Path: Packages/com.unity.collab-proxy/Editor/Views/Changesets/Dialogs/LabelChangesetDialog.cs - Importer: ScriptedImporter/UnityEditor.QuickSearchModule:UnityEditor.Search:ASIAI0B -> (ImportResultId: '4828e5f4dfeb7f603b95310cf120b57c') in 0.0198786 seconds
[Worker0] Imported GUID: 3891e5e2c64b4e9eb3a1da7549427fcf - Path: Packages/com.unity.collab-proxy/Editor/Views/BranchExplorer/Zoom/BrExPan.cs - Importer: ScriptedImporter/UnityEditor.QuickSearchModule:UnityEditor.Search:ASIAI0B -> (ImportResultId: 'd56b06d35ead0db0ac88129759cd8b1e') in 0.021883 seconds
[Worker0] Imported GUID: c9b4bc0669b544cb9b754dc80d82e74c - Path: Packages/com.unity.collab-proxy/Editor/Views/BranchExplorer/Menu/BranchExplorerViewChangesetMenuOperations.cs - Importer: ScriptedImporter/UnityEditor.QuickSearchModule:UnityEditor.Search:ASIAI0B -> (ImportResultId: 'f6138d758cbee628b991b4906d99a488') in 0.020972 seconds
[Worker0] Imported GUID: d269c0e04a783b442bf23b3dc868a625 - Path: Packages/com.unity.collab-proxy/Editor/UI/UnityInternals/UnityEditor/TreeViewExtensions.cs - Importer: ScriptedImporter/UnityEditor.QuickSearchModule:UnityEditor.Search:ASIAI0B -> (ImportResultId: '27cb298015f01b83c95e1ca784b1def5') in 0.0210262 seconds
[Worker0] Imported GUID: 821bfc9e29fe4f879430e080c75925f9 - Path: Packages/com.unity.collab-proxy/Editor/UI/UnityInternals/UnityEditor/GenericMenu.cs - Importer: ScriptedImporter/UnityEditor.QuickSearchModule:UnityEditor.Search:ASIAI0B -> (ImportResultId: 'a606991a55786a53fc2c648a23c77b2d') in 0.0215427 seconds
[Worker0] Imported GUID: e34d4d09700143d698cc4baf1facbf28 - Path: Packages/com.unity.collab-proxy/Editor/Views/BranchExplorer/Virtualization/ChangesetParentLinkVirtualShape.cs - Importer: ScriptedImporter/UnityEditor.QuickSearchModule:UnityEditor.Search:ASIAI0B -> (ImportResultId: '48eed20b0414e711ae77768d653a8398') in 0.0244855 seconds
[Worker0] Imported GUID: ae954cba0516d43c5b81c92cdb63d0c3 - Path: Packages/com.unity.collab-proxy/Editor/Views/BranchExplorer/Game/EasterEggDetector.cs - Importer: ScriptedImporter/UnityEditor.QuickSearchModule:UnityEditor.Search:ASIAI0B -> (ImportResultId: 'a939f8e1f28b89c010ed13b62cc2474d') in 0.02078 seconds
Worker ready: AssetImportWorkerHW2 2
Starting new worker id: 3 with log in C:/Users/laiet/Desktop/Projects/bus-driver/BusDriver/Logs/AssetImportWorkerHW3.log
[Worker0] Imported GUID: c7acea46926a4331a5b68771443e3ed0 - Path: Packages/com.unity.collab-proxy/Editor/Diff/Asset/Common/Meta/MetaTreeHelpers.cs - Importer: ScriptedImporter/UnityEditor.QuickSearchModule:UnityEditor.Search:ASIAI0B -> (ImportResultId: 'c841e6cef5e1f34d3eee03b7e7126749') in 0.0250476 seconds
Starting new worker id: 4 with log in C:/Users/laiet/Desktop/Projects/bus-driver/BusDriver/Logs/AssetImportWorkerHW4.log
[Worker0] Imported GUID: fb7decaf4f8be254dafddd860f82f560 - Path: Packages/com.unity.collab-proxy/Editor/Views/PendingChanges/PendingMergeLinks/MergeLinkListViewItem.cs - Importer: ScriptedImporter/UnityEditor.QuickSearchModule:UnityEditor.Search:ASIAI0B -> (ImportResultId: 'a0e133dbc8606e3662bd82fec1140d3e') in 0.0418507 seconds
[Worker0] Imported GUID: 5efbadbb9912116bb00fdab47698bcf4 - Path: Packages/com.unity.collab-proxy/Editor/Diff/Asset/Common/Property/GroupHeaderLabels.cs - Importer: ScriptedImporter/UnityEditor.QuickSearchModule:UnityEditor.Search:ASIAI0B -> (ImportResultId: '9d0e9477853bdb2a830a8e4b031129df') in 0.0237747 seconds
[Worker0] Imported GUID: da41f0c6c4104a20994b9c08feb4e13f - Path: Packages/com.unity.collab-proxy/Editor/Diff/Asset/Diff/UnityObject/ParentChangeDiffs.cs - Importer: ScriptedImporter/UnityEditor.QuickSearchModule:UnityEditor.Search:ASIAI0B -> (ImportResultId: '6934b898c08d3c54c499760f04414bf7') in 0.0250144 seconds
[Worker0] Imported GUID: 349d4bc84d3b4fa48a1970539c06144c - Path: Packages/com.unity.collab-proxy/Editor/Views/Merge/Gluon/IncomingChangesViewMenu.cs - Importer: ScriptedImporter/UnityEditor.QuickSearchModule:UnityEditor.Search:ASIAI0B -> (ImportResultId: '09c97a9e716c173d5be5f731d09f7b78') in 0.0229972 seconds
[Worker0] Imported GUID: 323d43d865724e90a62ba88dfeacbef2 - Path: Packages/com.unity.collab-proxy/Editor/Views/Merge/Developer/SerializableMergeTabState.cs - Importer: ScriptedImporter/UnityEditor.QuickSearchModule:UnityEditor.Search:ASIAI0B -> (ImportResultId: '7d94a81ed28a73d3991b3ab369cb026a') in 0.0201463 seconds
[Worker0] Imported GUID: 5ba5950af72324af4be4d53de594d2b9 - Path: Packages/com.unity.collab-proxy/Editor/Diff/Asset/Content/Filtering/ObjectContentFilters.cs - Importer: ScriptedImporter/UnityEditor.QuickSearchModule:UnityEditor.Search:ASIAI0B -> (ImportResultId: 'adf6004a387650cb47f44aa14bd6a5f5') in 0.0371735 seconds
[Worker0] Imported GUID: b8354167bc3f4fe68167ff2823a4334e - Path: Packages/com.unity.collab-proxy/Editor/Diff/Asset/Common/Property/IntPropertyFormatters.cs - Importer: ScriptedImporter/UnityEditor.QuickSearchModule:UnityEditor.Search:ASIAI0B -> (ImportResultId: '2ce6a0b3c81e08e0edc2b9b43933b7d0') in 0.0272093 seconds
[Worker2] Imported GUID: d491adc3134c2ac4d9e3c61ed42a7ccd - Path: Packages/com.unity.collab-proxy/Editor/Views/Merge/Gluon/ChangeTreeViewItem.cs - Importer: ScriptedImporter/UnityEditor.QuickSearchModule:UnityEditor.Search:ASIAI0B -> (ImportResultId: '97b5922edcff615363352794ab1aed75') in 0.2594589 seconds
[Worker1] Imported GUID: dc310e3d65493434fbd4ee114db86a19 - Path: Packages/com.unity.collab-proxy/Editor/Diff/Asset/Diff/UnityObject/FileIdReader.cs - Importer: ScriptedImporter/UnityEditor.QuickSearchModule:UnityEditor.Search:ASIAI0B -> (ImportResultId: '5e435f40b68985712d559ec084dbe02c') in 0.2702741 seconds
[Worker0] Imported GUID: 6c8b04d6403125b4ca51861863f386ee - Path: Packages/com.unity.collab-proxy/Editor/Views/Merge/Developer/MergeTreeHeaderState.cs - Importer: ScriptedImporter/UnityEditor.QuickSearchModule:UnityEditor.Search:ASIAI0B -> (ImportResultId: '06f171406d3e891743dacddcd176dc5f') in 0.0401841 seconds
[Worker2] Imported GUID: d287890d8b11cb7498506935c825b43d - Path: Packages/com.unity.collab-proxy/Editor/Views/Merge/Gluon/IncomingChangesSelection.cs - Importer: ScriptedImporter/UnityEditor.QuickSearchModule:UnityEditor.Search:ASIAI0B -> (ImportResultId: '01ae7cd6bf553a1002655df70edc3399') in 0.041374 seconds
[Worker1] Imported GUID: 89b3139f91265476ca27e556676deaaa - Path: Packages/com.unity.collab-proxy/Editor/Diff/Asset/Diff/Search/PropertyDiffSearchIndex.cs - Importer: ScriptedImporter/UnityEditor.QuickSearchModule:UnityEditor.Search:ASIAI0B -> (ImportResultId: '03426809f2c2f719ef006d8b6d6f8876') in 0.0343669 seconds
[Worker0] Imported GUID: a5e4ef40233954c34904a5ab79ff8c9f - Path: Packages/com.unity.collab-proxy/Lib/Editor/TextMateSharp/Onigwrap/OnigwrapPlastic.dll - Importer: ScriptedImporter/UnityEditor.QuickSearchModule:UnityEditor.Search:ASIAI0B -> (ImportResultId: '8225846437dea3c84b1fb754df9ab3d0') in 0.028502 seconds
[Worker2] Imported GUID: 918b82076ea84e349af17dcbf45fa884 - Path: Packages/com.unity.collab-proxy/Editor/Diff/Asset/Diff/UnityObject/IdentityPairedDiffs.cs - Importer: ScriptedImporter/UnityEditor.QuickSearchModule:UnityEditor.Search:ASIAI0B -> (ImportResultId: '804a92b4000a224a06130203fd4c704b') in 0.0223611 seconds
[Worker1] Imported GUID: a7096a557efd546c09f08a5d12fb1a43 - Path: Packages/com.unity.collab-proxy/Editor/Diff/Asset/Diff/Meta/MetaFileDiffs.cs - Importer: ScriptedImporter/UnityEditor.QuickSearchModule:UnityEditor.Search:ASIAI0B -> (ImportResultId: '13191a9421ee0625792f1d86ce188fe0') in 0.0222095 seconds
[Worker0] Imported GUID: 2c8fed4a76fae4229855015e0ab109b1 - Path: Packages/com.unity.collab-proxy/Editor/Diff/Asset/Diff/UnityObject/SiblingReorderDiffs.cs - Importer: ScriptedImporter/UnityEditor.QuickSearchModule:UnityEditor.Search:ASIAI0B -> (ImportResultId: 'c890d094212470bb23032c10400d878b') in 0.0329687 seconds
[Worker2] Imported GUID: 5bd2166cb8eff417d8c9b840aeaa5709 - Path: Packages/com.unity.collab-proxy/Editor/Diff/Asset/Common/Meta/MetaPropertyTreeBuilder.cs - Importer: ScriptedImporter/UnityEditor.QuickSearchModule:UnityEditor.Search:ASIAI0B -> (ImportResultId: '18189a360976d4bc1e3b861c83fbcd97') in 0.0321357 seconds
[Worker1] Imported GUID: c51db94de72c446c9a3f5e6752c3cc3b - Path: Packages/com.unity.collab-proxy/Editor/Diff/Asset/Diff/Property/PropertyDiffNode.cs - Importer: ScriptedImporter/UnityEditor.QuickSearchModule:UnityEditor.Search:ASIAI0B -> (ImportResultId: '98669f27cbf6a715ee5b545a28c6ab72') in 0.0330485 seconds
[Worker2] Imported GUID: 4371d9087059f4476a33331774fdb3b8 - Path: Packages/com.unity.collab-proxy/Editor/Diff/Asset/Diff/Filtering/ObjectDiffFilters.cs - Importer: ScriptedImporter/UnityEditor.QuickSearchModule:UnityEditor.Search:ASIAI0B -> (ImportResultId: '5504a87b54e06ff31764224bf33fc1ac') in 0.0280552 seconds
[Worker0] Imported GUID: 1c717ffc06a346f49df5a2fe06338439 - Path: Packages/com.unity.collab-proxy/Editor/Diff/Asset/Common/Property/IgnoredProperties.cs - Importer: ScriptedImporter/UnityEditor.QuickSearchModule:UnityEditor.Search:ASIAI0B -> (ImportResultId: '52e374c4c82924933ca26dd695c142b7') in 0.0351725 seconds
[Worker1] Imported GUID: 30ee8c95d04f4c29864412b78f8ae8ab - Path: Packages/com.unity.collab-proxy/Editor/Diff/Asset/Diff/UnityObject/ObjectDiffSorting.cs - Importer: ScriptedImporter/UnityEditor.QuickSearchModule:UnityEditor.Search:ASIAI0B -> (ImportResultId: '36c67fc38239a043cf373c8cf4a25962') in 0.029369 seconds
[Worker2] Imported GUID: c584c584ba20f4daea226141b9e55bd0 - Path: Packages/com.unity.collab-proxy/Editor/Views/PendingChanges/Dialogs/DependenciesDialog.cs - Importer: ScriptedImporter/UnityEditor.QuickSearchModule:UnityEditor.Search:ASIAI0B -> (ImportResultId: '8d256bff7b1858ff99fe450529cad477') in 0.0192342 seconds
[Worker0] Imported GUID: 5aee5a8d0d126ca48a331d298005381f - Path: Packages/com.unity.collab-proxy/Editor/Views/PendingChanges/Dialogs/CreateChangelistDialog.cs - Importer: ScriptedImporter/UnityEditor.QuickSearchModule:UnityEditor.Search:ASIAI0B -> (ImportResultId: '38d2a99de8c3780fc94a0f108c7bd935') in 0.0192624 seconds
[Worker1] Imported GUID: 4f44bcd033dc4c30a0456a2cc9a47818 - Path: Packages/com.unity.collab-proxy/Editor/Diff/Asset/Diff/Property/PropertyDiffs.cs - Importer: ScriptedImporter/UnityEditor.QuickSearchModule:UnityEditor.Search:ASIAI0B -> (ImportResultId: 'c9202f293317d85c4740cd372171e858') in 0.02443 seconds
[Worker2] Imported GUID: b10c9294742ed4040ad32d0b73b16c75 - Path: Packages/com.unity.collab-proxy/Editor/Views/Merge/Developer/MergeSelection.cs - Importer: ScriptedImporter/UnityEditor.QuickSearchModule:UnityEditor.Search:ASIAI0B -> (ImportResultId: '72401b22eddd96ebe340c7a12330a2c6') in 0.026242 seconds
[Worker0] Imported GUID: 7f0fe0843a02c4ed6a7606ee4d655343 - Path: Packages/com.unity.collab-proxy/Editor/Diff/Asset/Diff/Filtering/ObjectDiffOptions.cs - Importer: ScriptedImporter/UnityEditor.QuickSearchModule:UnityEditor.Search:ASIAI0B -> (ImportResultId: '7ba9263168a464871d04a0d1f07eee69') in 0.0248461 seconds
[Worker1] Imported GUID: 7e76dfb34c2145fbb3b128aa04febf80 - Path: Packages/com.unity.collab-proxy/Editor/Diff/Asset/Common/UnityObject/HierarchyOrderSorting.cs - Importer: ScriptedImporter/UnityEditor.QuickSearchModule:UnityEditor.Search:ASIAI0B -> (ImportResultId: '83e638b2439611adca6f50edd0ee7391') in 0.0216806 seconds
[Worker0] Imported GUID: 1e0aed0a10caba04583f2474f8279b27 - Path: Packages/com.unity.collab-proxy/Editor/Views/Merge/Developer/MergeTreeView.cs - Importer: ScriptedImporter/UnityEditor.QuickSearchModule:UnityEditor.Search:ASIAI0B -> (ImportResultId: 'd3f4e10e163006bb792efd768ec6e654') in 0.017674 seconds
[Worker2] Imported GUID: 182343c61d477e2449cfbc9cb20dfb35 - Path: Packages/com.unity.collab-proxy/Editor/Views/Merge/Developer/MergeViewMenu.cs - Importer: ScriptedImporter/UnityEditor.QuickSearchModule:UnityEditor.Search:ASIAI0B -> (ImportResultId: '7349298cd398804efae3ec69aebe1d67') in 0.0196114 seconds
[Worker1] Imported GUID: 36c9ccdf0df04c64a5a41ffbb2a66e8e - Path: Packages/com.unity.collab-proxy/Editor/Diff/Asset/Common/UnityObject/SceneRootsReader.cs - Importer: ScriptedImporter/UnityEditor.QuickSearchModule:UnityEditor.Search:ASIAI0B -> (ImportResultId: '760faaaf104b921eebee7939250ad837') in 0.0203601 seconds
[Worker2] Imported GUID: 615fa68a626934ca28141174234fee26 - Path: Packages/com.unity.collab-proxy/Editor/Views/PendingChanges/Dialogs/CheckinConflictsDialog.cs - Importer: ScriptedImporter/UnityEditor.QuickSearchModule:UnityEditor.Search:ASIAI0B -> (ImportResultId: '5ee38634c412160119a2c96d89081722') in 0.0198815 seconds
[Worker0] Imported GUID: 6a9d8351b7dac6e4c8e7b27d5cbdd70c - Path: Packages/com.unity.collab-proxy/Editor/Views/PendingChanges/Dialogs/EmptyCommentDialog.cs - Importer: ScriptedImporter/UnityEditor.QuickSearchModule:UnityEditor.Search:ASIAI0B -> (ImportResultId: '3ca72dc97fbc503f0117c1b391ccdcfd') in 0.0205707 seconds
[Worker1] Imported GUID: 96b536fd344e43cfbc9a81e3c6f151a0 - Path: Packages/com.unity.collab-proxy/Editor/Diff/Asset/Diff/UnityObject/DataLossDetection.cs - Importer: ScriptedImporter/UnityEditor.QuickSearchModule:UnityEditor.Search:ASIAI0B -> (ImportResultId: '3d64db17732f21a73cac023599499868') in 0.0205864 seconds
[Worker0] Imported GUID: 8bf6e2e635fb45979c87aac695ae7567 - Path: Packages/com.unity.collab-proxy/Editor/Diff/Asset/Common/Property/PropertyTreeBuilder.cs - Importer: ScriptedImporter/UnityEditor.QuickSearchModule:UnityEditor.Search:ASIAI0B -> (ImportResultId: '8653e2c33847e9219226028dcd429082') in 0.0199223 seconds
[Worker2] Imported GUID: 3ee6978573f6f410a9b799889ea0ad13 - Path: Packages/com.unity.collab-proxy/Editor/Views/PendingChanges/PendingMergeLinks/MergeLinksListView.cs - Importer: ScriptedImporter/UnityEditor.QuickSearchModule:UnityEditor.Search:ASIAI0B -> (ImportResultId: '876b08ed026ad71fa05ea48783c5338a') in 0.0211006 seconds
[Worker1] Imported GUID: 48e3a3df6bca4ea4eadc40cb1540e43d - Path: Packages/com.unity.collab-proxy/Editor/Views/Merge/Developer/MergeOptionsDialog.cs - Importer: ScriptedImporter/UnityEditor.QuickSearchModule:UnityEditor.Search:ASIAI0B -> (ImportResultId: '984a52f9f11835ded54465e326ab9ca2') in 0.024713 seconds
[Worker2] Imported GUID: 45d03e5c984da3448b417289e95e4291 - Path: Packages/com.unity.collab-proxy/Editor/Views/PendingChanges/Dialogs/FilterRulesConfirmationDialog.cs - Importer: ScriptedImporter/UnityEditor.QuickSearchModule:UnityEditor.Search:ASIAI0B -> (ImportResultId: '0ddec86b35d269be9df4368e9e2421f8') in 0.022361 seconds
[Worker0] Imported GUID: 466ebd71b4a48b541be6d119d8140603 - Path: Packages/com.unity.collab-proxy/Editor/Views/PendingChanges/Changelists/MoveToChangelistMenuBuilder.cs - Importer: ScriptedImporter/UnityEditor.QuickSearchModule:UnityEditor.Search:ASIAI0B -> (ImportResultId: 'c69bf043b7071e45ab995844f8e8b0c9') in 0.0230062 seconds
[Worker1] Imported GUID: 8c2f1ab3d4e5f64a9b7c0d1e2f3a4b5c - Path: Packages/com.unity.collab-proxy/Editor/Diff/Asset/Common/Property/AnimationClipCurveLabels.cs - Importer: ScriptedImporter/UnityEditor.QuickSearchModule:UnityEditor.Search:ASIAI0B -> (ImportResultId: 'cebe8f1a2c7025ceae2c84dab45859f4') in 0.0239231 seconds
[Worker0] Imported GUID: 4482fa6271aa4d47a88eb0abab598eb2 - Path: Packages/com.unity.collab-proxy/Editor/Diff/Asset/Content/Property/PropertyContent.cs - Importer: ScriptedImporter/UnityEditor.QuickSearchModule:UnityEditor.Search:ASIAI0B -> (ImportResultId: '72eec02326ae9da1c7f4a61e243a4349') in 0.0222426 seconds
[Worker2] Imported GUID: 42bc4cfe52d940d0b8b6f005cf6b0b12 - Path: Packages/com.unity.collab-proxy/Editor/Diff/Asset/Diff/UnityObject/ObjectDiffGrouping.cs - Importer: ScriptedImporter/UnityEditor.QuickSearchModule:UnityEditor.Search:ASIAI0B -> (ImportResultId: '5df4a23fae58519f54cf03407f64b159') in 0.024068 seconds
[Worker1] Imported GUID: c0821447a35700c4280782d1092cf4c5 - Path: Packages/com.unity.collab-proxy/Editor/Views/Merge/Gluon/IncomingChangesTreeHeaderState.cs - Importer: ScriptedImporter/UnityEditor.QuickSearchModule:UnityEditor.Search:ASIAI0B -> (ImportResultId: 'c185cb026ef720d4473c91e72d227ca2') in 0.0182915 seconds
[Worker2] Imported GUID: c9091bce433442d9b53aa8c577305e57 - Path: Packages/com.unity.collab-proxy/Editor/Diff/Asset/Diff/UnityObject/UnityObjectDiffs.cs - Importer: ScriptedImporter/UnityEditor.QuickSearchModule:UnityEditor.Search:ASIAI0B -> (ImportResultId: '55086885b8a160b03476e598313b1ead') in 0.0168158 seconds
[Worker0] Imported GUID: 3ccc9b689652f0b40b53c731af81f034 - Path: Packages/com.unity.collab-proxy/Editor/Views/PendingChanges/Dialogs/LaunchDependenciesDialog.cs - Importer: ScriptedImporter/UnityEditor.QuickSearchModule:UnityEditor.Search:ASIAI0B -> (ImportResultId: '0ae345094966a4556fd51c98db0fc130') in 0.0195726 seconds
[Worker1] Imported GUID: 7f2f2eb277e02054cbc5ccee904b593b - Path: Packages/com.unity.collab-proxy/Editor/Views/Merge/Gluon/IncomingChangesTreeView.cs - Importer: ScriptedImporter/UnityEditor.QuickSearchModule:UnityEditor.Search:ASIAI0B -> (ImportResultId: '71c60ce5ae8d6619fef2cf0ac98140d9') in 0.0187185 seconds
[Worker2] Imported GUID: faf2afd8696f4604f82f46b06b357f06 - Path: Packages/com.unity.collab-proxy/Editor/Views/Merge/Gluon/ChangeCategoryTreeViewItem.cs - Importer: ScriptedImporter/UnityEditor.QuickSearchModule:UnityEditor.Search:ASIAI0B -> (ImportResultId: '90abaf95b0ce52a9db33563f30a9cb3e') in 0.0185363 seconds
[Worker0] Imported GUID: fc407072748964c61a00ee8d7e579db1 - Path: Packages/com.unity.collab-proxy/Editor/Diff/Asset/Content/Search/PropertyContentSearchIndex.cs - Importer: ScriptedImporter/UnityEditor.QuickSearchModule:UnityEditor.Search:ASIAI0B -> (ImportResultId: '33119d55c5ca553870f3200fca6f0f54') in 0.0193085 seconds
[Worker1] Imported GUID: 4b00ba0e9b00a43229c0589749f0cf25 - Path: Packages/com.unity.collab-proxy/Editor/Diff/Asset/Content/Filtering/ObjectContentOptions.cs - Importer: ScriptedImporter/UnityEditor.QuickSearchModule:UnityEditor.Search:ASIAI0B -> (ImportResultId: '4f79f7fda6b0cfb3c8844b6a907331b5') in 0.0197538 seconds
[Worker2] Imported GUID: 4f04b21b06239da4f95a5a9753647440 - Path: Packages/com.unity.collab-proxy/Editor/Views/Merge/Developer/MergeTab.cs - Importer: ScriptedImporter/UnityEditor.QuickSearchModule:UnityEditor.Search:ASIAI0B -> (ImportResultId: '10386501a333bb86d5fc024f713c29d8') in 0.0168204 seconds
[Worker0] Imported GUID: f3dabef31c2a490faec225c13c37076d - Path: Packages/com.unity.collab-proxy/Editor/Diff/Asset/Diff/UnityObject/ComponentReorderDiffs.cs - Importer: ScriptedImporter/UnityEditor.QuickSearchModule:UnityEditor.Search:ASIAI0B -> (ImportResultId: '5748c58ab81979257473df336117b624') in 0.0174226 seconds
[Worker1] Imported GUID: 54e0e46a04464397b85f0fd0f73f9d33 - Path: Packages/com.unity.collab-proxy/Editor/Diff/Asset/Common/Property/PropertyTreeNode.cs - Importer: ScriptedImporter/UnityEditor.QuickSearchModule:UnityEditor.Search:ASIAI0B -> (ImportResultId: 'e3bcd54465213a9bb6a1d1a6a94b4d19') in 0.0187294 seconds
[Worker2] Imported GUID: 25c9bc31827789b43b8ddb4abee2a205 - Path: Packages/com.unity.collab-proxy/Editor/Views/Merge/Developer/MergeViewFileConflictMenu.cs - Importer: ScriptedImporter/UnityEditor.QuickSearchModule:UnityEditor.Search:ASIAI0B -> (ImportResultId: 'ad508f34a2c1e0c10457bcb44cee7184') in 0.0191898 seconds
[Worker0] Imported GUID: b57672168ae882a4b8483a000638c433 - Path: Packages/com.unity.collab-proxy/Editor/Views/Merge/Developer/UnityMergeTree.cs - Importer: ScriptedImporter/UnityEditor.QuickSearchModule:UnityEditor.Search:ASIAI0B -> (ImportResultId: '48feae2f756a08bd24e28d8f3345d9f5') in 0.02019 seconds
[Worker1] Imported GUID: 1505aa96e5fd82940aacd76e6431e79d - Path: Packages/com.unity.collab-proxy/Editor/Views/PendingChanges/Changelists/ChangelistMenu.cs - Importer: ScriptedImporter/UnityEditor.QuickSearchModule:UnityEditor.Search:ASIAI0B -> (ImportResultId: '4078b69cc70ccfbd99f0289901cd00b1') in 0.0232225 seconds
[Worker2] Imported GUID: c305dffd0bd94ae788894e50eb35e343 - Path: Packages/com.unity.collab-proxy/Editor/Diff/Asset/Content/Meta/MetaFileContents.cs - Importer: ScriptedImporter/UnityEditor.QuickSearchModule:UnityEditor.Search:ASIAI0B -> (ImportResultId: 'b6389b7c06c4dde329678b55671d61dd') in 0.0218154 seconds
[Worker0] Imported GUID: 0caf9dda3147e224daf41ba5bd5cfaf0 - Path: Packages/com.unity.collab-proxy/Editor/Views/PendingChanges/Dialogs/LaunchCheckinConflictsDialog.cs - Importer: ScriptedImporter/UnityEditor.QuickSearchModule:UnityEditor.Search:ASIAI0B -> (ImportResultId: '4e4f379f81e8d8bb995a84d7c262f1b9') in 0.0259568 seconds
[Worker1] Imported GUID: d26996aad4c14674bb5bc7a9b6704930 - Path: Packages/com.unity.collab-proxy/Editor/Diff/Asset/Common/Property/PropertyTreeWalker.cs - Importer: ScriptedImporter/UnityEditor.QuickSearchModule:UnityEditor.Search:ASIAI0B -> (ImportResultId: '7272bcfe57aeea7cde07f5672f9de26d') in 0.0224143 seconds
[Worker2] Imported GUID: a3d594c59c4d4cbfb273172a2edb6247 - Path: Packages/com.unity.collab-proxy/Editor/Diff/Asset/Common/Property/LeafPropertyData.cs - Importer: ScriptedImporter/UnityEditor.QuickSearchModule:UnityEditor.Search:ASIAI0B -> (ImportResultId: 'a0779c760292b039e192919256f06372') in 0.0217326 seconds
[Worker0] Imported GUID: 9b917d42ad338ab4494088f574472998 - Path: Packages/com.unity.collab-proxy/Editor/Views/Merge/Gluon/IncomingChangesTab.cs - Importer: ScriptedImporter/UnityEditor.QuickSearchModule:UnityEditor.Search:ASIAI0B -> (ImportResultId: '1ceba9095ae4e361a152541b9cc374f5') in 0.0220212 seconds
[Worker1] Imported GUID: 49b91d95e97c47a49b9234bc11be2413 - Path: Packages/com.unity.collab-proxy/Editor/Diff/Asset/Diff/UnityObject/NameMatchedDiffs.cs - Importer: ScriptedImporter/UnityEditor.QuickSearchModule:UnityEditor.Search:ASIAI0B -> (ImportResultId: '6b9ea29fbf32d852082424ab126b9132') in 0.0216059 seconds
[Worker2] Imported GUID: 17a6aa48df0d4d69a081f9c2b83ecb1c - Path: Packages/com.unity.collab-proxy/Editor/Diff/Asset/Content/UnityObject/UnityObjectContents.cs - Importer: ScriptedImporter/UnityEditor.QuickSearchModule:UnityEditor.Search:ASIAI0B -> (ImportResultId: '48097cd9934af10756261ac4ae6d25ee') in 0.0223324 seconds
[Worker0] Imported GUID: 4d3910fb8d3a4d2c9bd83623e82e0875 - Path: Packages/com.unity.collab-proxy/Editor/Diff/Asset/Diff/Property/PropertyDiff.cs - Importer: ScriptedImporter/UnityEditor.QuickSearchModule:UnityEditor.Search:ASIAI0B -> (ImportResultId: '8af5bcc098d0615271acecca3042024f') in 0.0195568 seconds
[Worker1] Imported GUID: 6fb9548ec1290b943b7beca241c81e7d - Path: Packages/com.unity.collab-proxy/Editor/Views/Merge/Gluon/UnityIncomingChangesTree.cs - Importer: ScriptedImporter/UnityEditor.QuickSearchModule:UnityEditor.Search:ASIAI0B -> (ImportResultId: 'b326330d5491c517982535aa4e38d24c') in 0.0201036 seconds
[Worker2] Imported GUID: 2eacfa118da243d793403d45660ec6e1 - Path: Packages/com.unity.collab-proxy/Editor/Views/BranchExplorer/Drawing/Shapes/BrExShape.cs - Importer: ScriptedImporter/UnityEditor.QuickSearchModule:UnityEditor.Search:ASIAI0B -> (ImportResultId: '78c0365115776100a85b8a916a5e31dd') in 0.0203248 seconds
[Worker1] Imported GUID: 065cbcefa4134632ae7680ab429e988f - Path: Packages/com.unity.collab-proxy/Editor/Views/BranchExplorer/Drawing/Shapes/LabelShape.cs - Importer: ScriptedImporter/UnityEditor.QuickSearchModule:UnityEditor.Search:ASIAI0B -> (ImportResultId: 'ce5a242e253951a70a4fea4067fb491a') in 0.0205667 seconds
[Worker0] Imported GUID: 654349dfd493477d9aeb2dd5bd80b566 - Path: Packages/com.unity.collab-proxy/Editor/Views/BranchExplorer/Drawing/Shapes/HomeImageOverlay.cs - Importer: ScriptedImporter/UnityEditor.QuickSearchModule:UnityEditor.Search:ASIAI0B -> (ImportResultId: 'e5ab79c1d1584c0b1672798bf7c2026c') in 0.0211189 seconds
[Worker2] Imported GUID: 22fddd1dbabe4f35b6d26dd7691d9882 - Path: Packages/com.unity.collab-proxy/Editor/Views/BranchExplorer/Drawing/Shapes/Colors/BrExLineWidths.cs - Importer: ScriptedImporter/UnityEditor.QuickSearchModule:UnityEditor.Search:ASIAI0B -> (ImportResultId: 'fe262285483ccfeacff11d8531e4a549') in 0.0198186 seconds
[Worker1] Imported GUID: e68a46ad78cc4cec9266e64ae51c807f - Path: Packages/com.unity.collab-proxy/Editor/Views/BranchExplorer/Drawing/Shapes/Connections/ShapeConnectionBuilder.cs - Importer: ScriptedImporter/UnityEditor.QuickSearchModule:UnityEditor.Search:ASIAI0B -> (ImportResultId: 'fa26e33ac7639f357eae2fb332b3b7a4') in 0.0195501 seconds
[Worker0] Imported GUID: 97d25960402b4e1e98351c7168ef189f - Path: Packages/com.unity.collab-proxy/Editor/Views/BranchExplorer/Drawing/Shapes/EllipticalArc.cs - Importer: ScriptedImporter/UnityEditor.QuickSearchModule:UnityEditor.Search:ASIAI0B -> (ImportResultId: '092e00ae3780f1d4904fd01662aaa993') in 0.0196709 seconds
[Worker2] Imported GUID: d70feb2c54194e908a40806cbe2fa27f - Path: Packages/com.unity.collab-proxy/Editor/UI/UnityInternals/UnityEditor/SceneManagement/PrefabStageExtensions.cs - Importer: ScriptedImporter/UnityEditor.QuickSearchModule:UnityEditor.Search:ASIAI0B -> (ImportResultId: '14a28d0937d320b94e893eab39499fd2') in 0.0212289 seconds
[Worker0] Imported GUID: c7bdafe2d54d94655bb31e771614817c - Path: Packages/com.unity.collab-proxy/Editor/Diff/Image/Views/Swipe/SwipeImageView.cs - Importer: ScriptedImporter/UnityEditor.QuickSearchModule:UnityEditor.Search:ASIAI0B -> (ImportResultId: '3a36942abc8e1ecbe3cc2fc00e976be1') in 0.0206631 seconds
[Worker1] Imported GUID: 4a3f57b0c1c9343bf9b378276e7db640 - Path: Packages/com.unity.collab-proxy/Editor/Views/BranchExplorer/Drawing/Shapes/ZIndex.cs - Importer: ScriptedImporter/UnityEditor.QuickSearchModule:UnityEditor.Search:ASIAI0B -> (ImportResultId: 'c763cb08f2e14e80a00bdc388e93a9c0') in 0.0211271 seconds
[Worker2] Imported GUID: 339bb0bea15547279a13171ebf92c4e9 - Path: Packages/com.unity.collab-proxy/Editor/Views/BranchExplorer/Drawing/Shapes/Connections/Degrees.cs - Importer: ScriptedImporter/UnityEditor.QuickSearchModule:UnityEditor.Search:ASIAI0B -> (ImportResultId: '2d21d1887406511a922e335fad6c7577') in 0.0197947 seconds
[Worker1] Imported GUID: 9dd73ad7202d44c7ac002aeb112ff0fa - Path: Packages/com.unity.collab-proxy/Editor/Views/BranchExplorer/Drawing/Shapes/BranchGeometry.cs - Importer: ScriptedImporter/UnityEditor.QuickSearchModule:UnityEditor.Search:ASIAI0B -> (ImportResultId: '18f221e6ba93af3e805679bfeb979806') in 0.0191301 seconds
[Worker0] Imported GUID: a9881fce7e445b84bbbd53752db30fe9 - Path: Packages/com.unity.collab-proxy/Editor/Views/Merge/Developer/DirectoryConflicts/DrawDirectoryResolutionPanel.cs - Importer: ScriptedImporter/UnityEditor.QuickSearchModule:UnityEditor.Search:ASIAI0B -> (ImportResultId: '12158c7bc19f9db39993ac39df649c03') in 0.0202023 seconds
[Worker0] Imported GUID: 9bce97fab0964d528edee0fae8663c95 - Path: Packages/com.unity.collab-proxy/Editor/Views/BranchExplorer/Drawing/Shapes/Colors/BrExLineDashPatterns.cs - Importer: ScriptedImporter/UnityEditor.QuickSearchModule:UnityEditor.Search:ASIAI0B -> (ImportResultId: '13113754a6f29a6a37dd96b8c6808b03') in 0.0208867 seconds
[Worker2] Imported GUID: 7f3c21f21c1f248ccae8e74af719a88c - Path: Packages/com.unity.collab-proxy/Editor/Views/BranchExplorer/Options/ConditionalFormat/RuleData.cs - Importer: ScriptedImporter/UnityEditor.QuickSearchModule:UnityEditor.Search:ASIAI0B -> (ImportResultId: 'a07bfd7d69a9a72e3b2c29b480dd59d9') in 0.0221488 seconds
[Worker0] Imported GUID: 67042b0a735b4e9a9e1f047045048baa - Path: Packages/com.unity.collab-proxy/Editor/Views/BranchExplorer/Drawing/Shapes/ColumnShape.cs - Importer: ScriptedImporter/UnityEditor.QuickSearchModule:UnityEditor.Search:ASIAI0B -> (ImportResultId: '11120131cc092383614dfbcb2ad314d4') in 0.0195076 seconds
[Worker2] Imported GUID: d06d818a8b620bd4fb87f10782aec42b - Path: Packages/com.unity.collab-proxy/Editor/Views/Merge/Developer/DirectoryConflicts/AddMoveMenu.cs - Importer: ScriptedImporter/UnityEditor.QuickSearchModule:UnityEditor.Search:ASIAI0B -> (ImportResultId: '55bc049eba3ba928c01239a91e577a43') in 0.0211031 seconds
[Worker1] Imported GUID: eeee7e9329f444d229da5621f5ac93b9 - Path: Packages/com.unity.collab-proxy/Lib/Editor/TextMateSharp/Onigwrap/libonigwrap/win-x64/libonigwrap.dll - Importer: ScriptedImporter/UnityEditor.QuickSearchModule:UnityEditor.Search:ASIAI0B -> (ImportResultId: 'b909236ce2b3f525669ed1a44728b1ba') in 0.0439226 seconds
[Worker2] Imported GUID: bddb6813a13a4bf892c0927184324e20 - Path: Packages/com.unity.collab-proxy/Editor/Views/BranchExplorer/Drawing/Shapes/TryClipSegment.cs - Importer: ScriptedImporter/UnityEditor.QuickSearchModule:UnityEditor.Search:ASIAI0B -> (ImportResultId: '8558f02035bdf3067d4aa03b420c683e') in 0.0219641 seconds
[Worker0] Imported GUID: 3deb46ccbc8389f4cb34c6d0032db5a1 - Path: Packages/com.unity.collab-proxy/Editor/Views/Merge/Developer/DirectoryConflicts/MoveAddMenu.cs - Importer: ScriptedImporter/UnityEditor.QuickSearchModule:UnityEditor.Search:ASIAI0B -> (ImportResultId: '176f0c25704b725423d330ab7442785d') in 0.0250087 seconds
[Worker1] Imported GUID: 946fbb19d382b4367840c2d2b4d944f8 - Path: Packages/com.unity.collab-proxy/Editor/Diff/Image/Views/OnionSkin/OnionSkinView.cs - Importer: ScriptedImporter/UnityEditor.QuickSearchModule:UnityEditor.Search:ASIAI0B -> (ImportResultId: '13ae5791fb7ffffd15349af3d501b236') in 0.0233823 seconds
[Worker2] Imported GUID: 4805ac0c590d4c9a8134f0df52d0fb7c - Path: Packages/com.unity.collab-proxy/Editor/Views/BranchExplorer/Drawing/Shapes/Colors/BrExColors.cs - Importer: ScriptedImporter/UnityEditor.QuickSearchModule:UnityEditor.Search:ASIAI0B -> (ImportResultId: '025093de6d3a0cff65d6a1174523bc48') in 0.0223256 seconds
[Worker0] Imported GUID: 24c9e4a077ecf4e209e757226ef87899 - Path: Packages/com.unity.collab-proxy/Editor/Diff/Image/Views/SideBySide/SideBySideView.cs - Importer: ScriptedImporter/UnityEditor.QuickSearchModule:UnityEditor.Search:ASIAI0B -> (ImportResultId: '88ca7d0cf6cde34811c7217992f78369') in 0.0222915 seconds
[Worker1] Imported GUID: e953ea4cb7dc46e0866cb1b475c70072 - Path: Packages/com.unity.collab-proxy/Editor/Views/BranchExplorer/Drawing/Shapes/Connections/Ellipse.cs - Importer: ScriptedImporter/UnityEditor.QuickSearchModule:UnityEditor.Search:ASIAI0B -> (ImportResultId: '467d3228e22a839f3554b082144c0918') in 0.0221858 seconds
[Worker2] Imported GUID: 6dda1ef365cc6be4c90d328c331d643c - Path: Packages/com.unity.collab-proxy/Editor/Views/Merge/Developer/DirectoryConflicts/DeleteMoveMenu.cs - Importer: ScriptedImporter/UnityEditor.QuickSearchModule:UnityEditor.Search:ASIAI0B -> (ImportResultId: '61d5492662fd87d21c2d772054b758a4') in 0.0215714 seconds
[Worker1] Imported GUID: 239b82026980e4f48a5b4059f9811bcf - Path: Packages/com.unity.collab-proxy/Lib/Editor/TextMateSharp/Onigwrap/libonigwrap/win-arm64/libonigwrap.dll - Importer: ScriptedImporter/UnityEditor.QuickSearchModule:UnityEditor.Search:ASIAI0B -> (ImportResultId: '961f9f58770455463796200b01b333c0') in 0.0234426 seconds
[Worker0] Imported GUID: 7213d3635e64d445ebff386b109900c0 - Path: Packages/com.unity.collab-proxy/Editor/Views/BranchExplorer/Options/ConditionalFormat/FormatRuleMenu.cs - Importer: ScriptedImporter/UnityEditor.QuickSearchModule:UnityEditor.Search:ASIAI0B -> (ImportResultId: 'c9d6f8413845c46a006dda2ef15a42df') in 0.0249693 seconds
[Worker2] Imported GUID: 0b4508d282e94f37a6429cd6a3468e8e - Path: Packages/com.unity.collab-proxy/Editor/Views/BranchExplorer/Drawing/Shapes/MergeLinkShape.cs - Importer: ScriptedImporter/UnityEditor.QuickSearchModule:UnityEditor.Search:ASIAI0B -> (ImportResultId: 'd37c978a2f60213376157f32a1fd7bc0') in 0.0211632 seconds
[Worker0] Imported GUID: 845dfcf12f5e02b4ba5ecf690afdfee6 - Path: Packages/com.unity.collab-proxy/Editor/Views/Merge/Developer/DirectoryConflicts/LoadedTwiceMenu.cs - Importer: ScriptedImporter/UnityEditor.QuickSearchModule:UnityEditor.Search:ASIAI0B -> (ImportResultId: '8494ac0dbe681a80e3ba07f85fde68dc') in 0.0200228 seconds
[Worker1] Imported GUID: c7d6a678a5bdb45c9b91c35d33ad597d - Path: Packages/com.unity.collab-proxy/Editor/Views/BranchExplorer/Drawing/Shapes/ChangesetCommentShape.cs - Importer: ScriptedImporter/UnityEditor.QuickSearchModule:UnityEditor.Search:ASIAI0B -> (ImportResultId: '18c4789ea112347110679a165c46fd03') in 0.0215456 seconds
[Worker1] Imported GUID: 254497d6403494baa8cf3544ec92749d - Path: Packages/com.unity.collab-proxy/Editor/Views/BranchExplorer/Drawing/Shapes/HomeGeometry.cs - Importer: ScriptedImporter/UnityEditor.QuickSearchModule:UnityEditor.Search:ASIAI0B -> (ImportResultId: 'c28daead60390c67f078cd23c6e98b2b') in 0.0258831 seconds
[Worker0] Imported GUID: d9fac566ed434c58b4d3293cc32b06f2 - Path: Packages/com.unity.collab-proxy/Editor/Diff/Image/Views/ImageViewer/ImageView.cs - Importer: ScriptedImporter/UnityEditor.QuickSearchModule:UnityEditor.Search:ASIAI0B -> (ImportResultId: '0a746acd003b36f716394cbddd9da706') in 0.0275471 seconds
[Worker2] Imported GUID: d5deddb7ed7802d41947ef9ac98ccd56 - Path: Packages/com.unity.collab-proxy/Editor/Views/Merge/Developer/DirectoryConflicts/MovedEvilTwinMenu.cs - Importer: ScriptedImporter/UnityEditor.QuickSearchModule:UnityEditor.Search:ASIAI0B -> (ImportResultId: '8f415073396208c5ece75a1c9f08f955') in 0.0313586 seconds
[Worker1] Imported GUID: 83fb50776194245ea981ff3a8c412370 - Path: Packages/com.unity.collab-proxy/Editor/Views/BranchExplorer/Drawing/Shapes/Connections/BezierCurveExtensions.cs - Importer: ScriptedImporter/UnityEditor.QuickSearchModule:UnityEditor.Search:ASIAI0B -> (ImportResultId: 'c3aea52a97cf6cbff644c020a85dd84c') in 0.0210773 seconds
[Worker0] Imported GUID: 0da29ddb8a5144b1b4f1bd9922a3669a - Path: Packages/com.unity.collab-proxy/Editor/Views/BranchExplorer/Drawing/Shapes/Colors/ColorProvider.cs - Importer: ScriptedImporter/UnityEditor.QuickSearchModule:UnityEditor.Search:ASIAI0B -> (ImportResultId: '0e02c0703a50909f5d7f83053c692f3a') in 0.021308 seconds
[Worker2] Imported GUID: c24fdb91749740eea5515d6db87aafd9 - Path: Packages/com.unity.collab-proxy/Editor/Views/BranchExplorer/Drawing/Shapes/ParentLinkShape.cs - Importer: ScriptedImporter/UnityEditor.QuickSearchModule:UnityEditor.Search:ASIAI0B -> (ImportResultId: 'a7354219ec808fb62f527633f396d4f4') in 0.0212599 seconds
[Worker0] Imported GUID: b66027c0b25336640a989133aa6ebdc9 - Path: Packages/com.unity.collab-proxy/Editor/Views/Merge/Developer/DirectoryConflicts/CycleMoveMenu.cs - Importer: ScriptedImporter/UnityEditor.QuickSearchModule:UnityEditor.Search:ASIAI0B -> (ImportResultId: 'aa49c82ef4f92eba99de4e91282f8077') in 0.0235086 seconds
[Worker1] Imported GUID: 62fe16837ace7440c893c6e7bf705e60 - Path: Packages/com.unity.collab-proxy/Editor/Diff/Image/Views/OnionSkin/OnionSkinImageView.cs - Importer: ScriptedImporter/UnityEditor.QuickSearchModule:UnityEditor.Search:ASIAI0B -> (ImportResultId: '6a79bdfa8ab7be693c64a1e1e87048d7') in 0.0253041 seconds
[Worker2] Imported GUID: 7f5193b7e776436a9f838cd480cb7460 - Path: Packages/com.unity.collab-proxy/Editor/Views/BranchExplorer/Drawing/Shapes/BranchShape.cs - Importer: ScriptedImporter/UnityEditor.QuickSearchModule:UnityEditor.Search:ASIAI0B -> (ImportResultId: '883f9be0ed32faa2a3c97a423be55a33') in 0.0239977 seconds
[Worker0] Imported GUID: 553737203d61a8109f9544a97201e1aa - Path: Packages/com.unity.modules.unitywebrequestaudio/package.ModuleCompilationTrigger - Importer: ScriptedImporter/UnityEditor.QuickSearchModule:UnityEditor.Search:ASIAI0B -> (ImportResultId: '33fcbdf4961755652ba8ec08dd082e19') in 0.023844 seconds
[Worker2] Imported GUID: c02d2b10240a45b9a7a91666db0900bf - Path: Packages/com.unity.collab-proxy/Editor/Views/BranchExplorer/Drawing/Shapes/BranchCaptionShape.cs - Importer: ScriptedImporter/UnityEditor.QuickSearchModule:UnityEditor.Search:ASIAI0B -> (ImportResultId: '107c9a68682a922df8b71ae3430934bf') in 0.0231737 seconds
[Worker1] Imported GUID: e2cfc902bb82b4790b3d33b4863ef546 - Path: Packages/com.unity.collab-proxy/Editor/Diff/Image/Views/Swipe/SwipeView.cs - Importer: ScriptedImporter/UnityEditor.QuickSearchModule:UnityEditor.Search:ASIAI0B -> (ImportResultId: '53831dbe21647212c9824ad58c753270') in 0.0242748 seconds
[Worker0] Imported GUID: d4d5b2255ed6f4900a3a67d870fc8f6f - Path: Packages/com.unity.collab-proxy/Editor/Views/BranchExplorer/Options/ConditionalFormat/RulePanel.cs - Importer: ScriptedImporter/UnityEditor.QuickSearchModule:UnityEditor.Search:ASIAI0B -> (ImportResultId: '2a80a9ee5e72af2e46ae368e091ab559') in 0.020574 seconds
[Worker1] Imported GUID: 90c35417a995402084cf69d05578c8de - Path: Packages/com.unity.collab-proxy/Editor/Views/BranchExplorer/Drawing/Shapes/Painter2DExtensions.cs - Importer: ScriptedImporter/UnityEditor.QuickSearchModule:UnityEditor.Search:ASIAI0B -> (ImportResultId: 'a0b2998cbbd936048ef92fdbb4202ddc') in 0.0219274 seconds
[Worker2] Imported GUID: e2d5cd35402925349b237e34add0cabf - Path: Packages/com.unity.collab-proxy/Editor/Views/Merge/Developer/DirectoryConflicts/EvilTwinMenu.cs - Importer: ScriptedImporter/UnityEditor.QuickSearchModule:UnityEditor.Search:ASIAI0B -> (ImportResultId: '381752f1f2f7d0eb96b3f8b132f64549') in 0.0229874 seconds
[Worker0] Imported GUID: f88a4e9dbb5a07744954a86cbb61d54f - Path: Packages/com.unity.collab-proxy/Editor/Views/Merge/Developer/DirectoryConflicts/ConflictResolutionState.cs - Importer: ScriptedImporter/UnityEditor.QuickSearchModule:UnityEditor.Search:ASIAI0B -> (ImportResultId: '5d8549232f76aa31d81b392c4abb5f9f') in 0.0221801 seconds
[Worker1] Imported GUID: 733cdcd5219de8f4192fa7fc20da99ac - Path: Packages/com.unity.collab-proxy/Editor/Views/BranchExplorer/Drawing/Shapes/ChangesetNumberShape.cs - Importer: ScriptedImporter/UnityEditor.QuickSearchModule:UnityEditor.Search:ASIAI0B -> (ImportResultId: '7af90cd3dcf436aa1dfeefdfc272b926') in 0.0220039 seconds
[Worker2] Imported GUID: 9d30f19d4b52413f8c6f4b107a28350e - Path: Packages/com.unity.collab-proxy/Editor/Views/BranchExplorer/Drawing/Shapes/Connections/ConnectionPoints.cs - Importer: ScriptedImporter/UnityEditor.QuickSearchModule:UnityEditor.Search:ASIAI0B -> (ImportResultId: 'b1ba78642344007f0c752a3d092d23bd') in 0.0222331 seconds
[Worker0] Imported GUID: da7fb61f9c56463093c257eaaabf46b5 - Path: Packages/com.unity.collab-proxy/Editor/Views/BranchExplorer/Drawing/Shapes/ColumnHeaderShape.cs - Importer: ScriptedImporter/UnityEditor.QuickSearchModule:UnityEditor.Search:ASIAI0B -> (ImportResultId: '4bb9ce0da0866a2c96c0856474dd6767') in 0.0222201 seconds
[Worker1] Imported GUID: 4d2132ff97b487e4c9986528556871ed - Path: Packages/com.unity.collab-proxy/Editor/Views/Merge/Developer/DirectoryConflicts/MergeViewDirectoryConflictMenu.cs - Importer: ScriptedImporter/UnityEditor.QuickSearchModule:UnityEditor.Search:ASIAI0B -> (ImportResultId: '5c1b3b88845a6694fa16cee05bdf4626') in 0.0231476 seconds
[Worker2] Imported GUID: 4b518b37798c97b0f860962cbf615533 - Path: Packages/com.unity.modules.unitywebrequestaudio/package.json - Importer: ScriptedImporter/UnityEditor.QuickSearchModule:UnityEditor.Search:ASIAI0B -> (ImportResultId: '50ce1c4e8cbb459de3e1d0c6312bb113') in 0.0228751 seconds
[Worker0] Imported GUID: d29601c53f414c2090f0a65c04a0d011 - Path: Packages/com.unity.collab-proxy/Editor/Views/BranchExplorer/Drawing/Shapes/Connections/ParentLinkConnectionPoints.cs - Importer: ScriptedImporter/UnityEditor.QuickSearchModule:UnityEditor.Search:ASIAI0B -> (ImportResultId: 'd519466d8915d0283ee6c22aa2ed96fe') in 0.026933 seconds
[Worker1] Imported GUID: 79b3e6b3ce8c544459dd8dfbe0231dd6 - Path: Packages/com.unity.collab-proxy/Lib/Editor/TextMateSharp/Onigwrap/libonigwrap/win-x86/libonigwrap.dll - Importer: ScriptedImporter/UnityEditor.QuickSearchModule:UnityEditor.Search:ASIAI0B -> (ImportResultId: 'b3d638934b4e197292b09020297ae573') in 0.0262026 seconds
[Worker0] Imported GUID: 839307907e7a41f7af4d60bf8eef2218 - Path: Packages/com.unity.collab-proxy/Editor/Views/BranchExplorer/Drawing/Shapes/ChangesetShape.cs - Importer: ScriptedImporter/UnityEditor.QuickSearchModule:UnityEditor.Search:ASIAI0B -> (ImportResultId: 'ccb4ac47ac485e0ba19c66539b607eb2') in 0.0248008 seconds
[Worker2] Imported GUID: 4c6624b0864b74bcb97dee447046746e - Path: Packages/com.unity.collab-proxy/Lib/Editor/TextMateSharp/Onigwrap/libonigwrap/osx-arm64/libonigwrap.dylib - Importer: ScriptedImporter/UnityEditor.QuickSearchModule:UnityEditor.Search:ASIAI0B -> (ImportResultId: '6b6505231eace637f823347a27058ad4') in 0.0498332 seconds
[Worker1] Imported GUID: 601fa35b365bf4075b5ef778935ad1b8 - Path: Packages/com.unity.collab-proxy/Editor/Views/BranchExplorer/Options/DisplayOptions/DisplayOptionsPanel.cs - Importer: ScriptedImporter/UnityEditor.QuickSearchModule:UnityEditor.Search:ASIAI0B -> (ImportResultId: 'e8db4f4dd591dff2481145a1a8e0a33e') in 0.0263814 seconds
[Worker0] Imported GUID: a2fb15c9d02b72e4598e450dab5fcd12 - Path: Packages/com.unity.collab-proxy/Editor/Views/Merge/Developer/DirectoryConflicts/MoveDeleteMenu.cs - Importer: ScriptedImporter/UnityEditor.QuickSearchModule:UnityEditor.Search:ASIAI0B -> (ImportResultId: 'ad0e96c3a53f62ef2351c6998186281a') in 0.0231957 seconds
[Worker2] Imported GUID: be970f1dc8564946b156810a915d9f80 - Path: Packages/com.unity.collab-proxy/Editor/Diff/Image/Views/Differences/DifferencesView.cs - Importer: ScriptedImporter/UnityEditor.QuickSearchModule:UnityEditor.Search:ASIAI0B -> (ImportResultId: '81fbd8c69ad459a2f06791621500af81') in 0.0226649 seconds
[Worker1] Imported GUID: 9b4ce296f75d9468f820729bb268de75 - Path: Packages/com.unity.collab-proxy/Editor/Views/BranchExplorer/Options/ConditionalFormat/FiltersAndConditionalFormatPanel.cs - Importer: ScriptedImporter/UnityEditor.QuickSearchModule:UnityEditor.Search:ASIAI0B -> (ImportResultId: '27fde06d0f0bb71e90636f709d3dc88e') in 0.0220658 seconds
[Worker1] Imported GUID: 091b97caa0d248bb8b9edfbc73ba34ad - Path: Packages/com.unity.collab-proxy/Editor/Diff/Image/Views/ImageViewer/ImageContentView.cs - Importer: ScriptedImporter/UnityEditor.QuickSearchModule:UnityEditor.Search:ASIAI0B -> (ImportResultId: 'baddcc1b197b01eef506a0465a109eed') in 0.0370586 seconds
[Worker2] Imported GUID: 0b53a404fdd93a8449b983861c7f0e88 - Path: Packages/com.unity.collab-proxy/Editor/Views/Merge/Developer/DirectoryConflicts/DivergentMoveMenu.cs - Importer: ScriptedImporter/UnityEditor.QuickSearchModule:UnityEditor.Search:ASIAI0B -> (ImportResultId: 'e264dcc4ad3fc92a2af56e3356e67954') in 0.0375986 seconds
[Worker0] Imported GUID: bcc68739b260546ed9b16442df16c953 - Path: Packages/com.unity.collab-proxy/Lib/Editor/TextMateSharp/Onigwrap/libonigwrap/osx-x64/libonigwrap.dylib - Importer: ScriptedImporter/UnityEditor.QuickSearchModule:UnityEditor.Search:ASIAI0B -> (ImportResultId: 'e42df174e53fefaa17850300115f82f4') in 0.0385558 seconds
[Worker0] Imported GUID: aba7053d59726d64b86f2c4f98dbb910 - Path: Packages/com.unity.collab-proxy/Editor/Views/Merge/Developer/DirectoryConflicts/ChangeDeleteMenu.cs - Importer: ScriptedImporter/UnityEditor.QuickSearchModule:UnityEditor.Search:ASIAI0B -> (ImportResultId: 'c07ff0f7ecf6ad0a0af0e18195ce23d6') in 0.0212796 seconds
[Worker2] Imported GUID: 86a5230f492b0b14ea583544991668a9 - Path: Packages/com.unity.collab-proxy/Editor/Views/Merge/Developer/DirectoryConflicts/DeleteChangeMenu.cs - Importer: ScriptedImporter/UnityEditor.QuickSearchModule:UnityEditor.Search:ASIAI0B -> (ImportResultId: '36e0df523827fa8ecbd3ddea0e382c21') in 0.0239836 seconds
[Worker1] Imported GUID: 1db38f8fca654faa9d306e57e639e4a1 - Path: Packages/com.unity.collab-proxy/Editor/Views/BranchExplorer/Drawing/Shapes/Connections/MergeLinkGeometry.cs - Importer: ScriptedImporter/UnityEditor.QuickSearchModule:UnityEditor.Search:ASIAI0B -> (ImportResultId: '98035e360e7ec9e79f082c71586ce98a') in 0.0242632 seconds
[Worker0] Imported GUID: 5c1b8a755d2c97640bbb207c43f4cf61 - Path: Packages/com.unity.ide.visualstudio/Editor/SolutionProjectEntry.cs - Importer: ScriptedImporter/UnityEditor.QuickSearchModule:UnityEditor.Search:ASIAI0B -> (ImportResultId: '65af33f57f642e3ba76f93b818557fba') in 0.0210789 seconds
[Worker2] Imported GUID: fbbb1ee655846b043baf6c3502b5ce49 - Path: Packages/com.unity.ide.visualstudio/Editor/SolutionParser.cs - Importer: ScriptedImporter/UnityEditor.QuickSearchModule:UnityEditor.Search:ASIAI0B -> (ImportResultId: 'a2e325a2ec2c764ec387d2db262f39cd') in 0.0244306 seconds
[Worker1] Imported GUID: cd78ce5b75b8be84d8b94cd99903161f - Path: Packages/com.unity.ide.visualstudio/CONTRIBUTING.md - Importer: ScriptedImporter/UnityEditor.QuickSearchModule:UnityEditor.Search:ASIAI0B -> (ImportResultId: 'd6164ba257f21d942a622bae85f7aa6b') in 0.0260785 seconds
[Worker0] Imported GUID: b9308b762484008498bb5cd1886aa491 - Path: Packages/com.unity.ide.visualstudio/Editor/Symbols.cs - Importer: ScriptedImporter/UnityEditor.QuickSearchModule:UnityEditor.Search:ASIAI0B -> (ImportResultId: '8176d1d6166e782d55592e78501cd9c9') in 0.0297701 seconds
[Worker2] Imported GUID: ffe1bdf971d321f4db593c4c6ebd6e47 - Path: Packages/com.unity.ide.visualstudio/Editor/VersionPair.cs - Importer: ScriptedImporter/UnityEditor.QuickSearchModule:UnityEditor.Search:ASIAI0B -> (ImportResultId: 'b02ef5aef0949550fdadc4c2b81833a6') in 0.0262921 seconds
[Worker1] Imported GUID: 0173aff8c07e06b42af07ebdd7f08032 - Path: Packages/com.unity.ide.visualstudio/Editor/VisualStudioEditor.cs - Importer: ScriptedImporter/UnityEditor.QuickSearchModule:UnityEditor.Search:ASIAI0B -> (ImportResultId: '444cb61aae78b8cb79126f9bc77d2ce7') in 0.0264821 seconds
[Worker2] Imported GUID: af4c2c762e1d8e949a6bc458973df6e7 - Path: Packages/com.unity.ide.visualstudio/Editor/Solution.cs - Importer: ScriptedImporter/UnityEditor.QuickSearchModule:UnityEditor.Search:ASIAI0B -> (ImportResultId: 'f2498014e40a7f33d35cf0196aa29821') in 0.0300656 seconds
[Worker1] Imported GUID: a8c76505bcc613640ade706bdb0f1cba - Path: Packages/com.unity.ide.visualstudio/Editor/UnityInstallation.cs - Importer: ScriptedImporter/UnityEditor.QuickSearchModule:UnityEditor.Search:ASIAI0B -> (ImportResultId: '4b6397e545a3ffc68bbb95094156211e') in 0.034772 seconds
[Worker0] Imported GUID: 369c09afe05d2c346af49faef943c773 - Path: Packages/com.unity.ide.visualstudio/Editor/Messaging/Serializer.cs - Importer: ScriptedImporter/UnityEditor.QuickSearchModule:UnityEditor.Search:ASIAI0B -> (ImportResultId: '21a0d5800cb02a13d7e6e95053a0ba5a') in 0.0374967 seconds
[Worker1] Imported GUID: 917a51fff055ce547b4ad1215321f3da - Path: Packages/com.unity.ide.visualstudio/Editor/Messaging/ExceptionEventArgs.cs - Importer: ScriptedImporter/UnityEditor.QuickSearchModule:UnityEditor.Search:ASIAI0B -> (ImportResultId: '6e98fc205688e2abf15a9dae16273a28') in 0.0200975 seconds
[Worker0] Imported GUID: 1fe9e6e1ae93cf64bbdfbd29300752e1 - Path: Packages/com.unity.ide.visualstudio/LICENSE.md - Importer: ScriptedImporter/UnityEditor.QuickSearchModule:UnityEditor.Search:ASIAI0B -> (ImportResultId: '1010e70b0a6fd806aa0cddaba204cc60') in 0.0264298 seconds
[Worker2] Imported GUID: 6022bdd5b2896a54f94123b812705321 - Path: Packages/com.unity.ide.visualstudio/CHANGELOG.md - Importer: ScriptedImporter/UnityEditor.QuickSearchModule:UnityEditor.Search:ASIAI0B -> (ImportResultId: 'd385efe95887dcf262c9d8003cee00a2') in 0.0333315 seconds
[Worker1] Imported GUID: ec80b1fb8938b3b4ab442d10390c5315 - Path: Packages/com.unity.ide.visualstudio/Editor/ProjectGeneration/FileIOProvider.cs - Importer: ScriptedImporter/UnityEditor.QuickSearchModule:UnityEditor.Search:ASIAI0B -> (ImportResultId: '3ab8cd31d8c6b2e5cf6e8acb101f7fb4') in 0.023399 seconds
[Worker0] Imported GUID: a31a332ce3485f00f7df8d987302a29c - Path: Packages/com.unity.modules.unitywebrequesttexture/package.ModuleCompilationTrigger - Importer: ScriptedImporter/UnityEditor.QuickSearchModule:UnityEditor.Search:ASIAI0B -> (ImportResultId: '2ef2862dc8f9955eb7096d0d07965825') in 0.0249241 seconds
[Worker2] Imported GUID: 5e249ae353801f043a6e4173410c6152 - Path: Packages/com.unity.ide.visualstudio/Editor/Messaging/Messenger.cs - Importer: ScriptedImporter/UnityEditor.QuickSearchModule:UnityEditor.Search:ASIAI0B -> (ImportResultId: '9e34d4436af1fa9040fa9d92058ecd06') in 0.0218234 seconds
[Worker1] Imported GUID: d791d407901442e49862d3aa783ce8af - Path: Packages/com.unity.ide.visualstudio/Editor/AssemblyInfo.cs - Importer: ScriptedImporter/UnityEditor.QuickSearchModule:UnityEditor.Search:ASIAI0B -> (ImportResultId: '9c28925522de13f060386e09d5486ad0') in 0.0231116 seconds
[Worker2] Imported GUID: 8e6c7ea7c059fb547b6723aaf225900b - Path: Packages/com.unity.ide.visualstudio/Editor/Image.cs - Importer: ScriptedImporter/UnityEditor.QuickSearchModule:UnityEditor.Search:ASIAI0B -> (ImportResultId: '2a230a70163b36d7b68c2e559775d53e') in 0.0241614 seconds
[Worker0] Imported GUID: 2665a8d13d1b3f18800f46e256720795 - Path: Packages/com.unity.burst/Runtime/Unity.Burst.asmdef - Importer: ScriptedImporter/UnityEditor.QuickSearchModule:UnityEditor.Search:ASIAI0B -> (ImportResultId: '0b00ad5853a9bc797f0c45ecc17c609f') in 0.0311272 seconds
[Worker1] Imported GUID: ded625cf0d03fa94c9f939fd13ced18d - Path: Packages/com.unity.ide.visualstudio/Editor/Messaging/TcpListener.cs - Importer: ScriptedImporter/UnityEditor.QuickSearchModule:UnityEditor.Search:ASIAI0B -> (ImportResultId: 'f369fed3b47e60e1b5dd50bb7e0b9a8c') in 0.026067 seconds
[Worker2] Imported GUID: c6c8b2f6152bd1348ae35f9f95719f75 - Path: Packages/com.unity.ide.visualstudio/Editor/AsyncOperation.cs - Importer: ScriptedImporter/UnityEditor.QuickSearchModule:UnityEditor.Search:ASIAI0B -> (ImportResultId: '2bef329a5351d66cb330dec0ba338f4d') in 0.0217396 seconds
[Worker0] Imported GUID: f3edbdc86577af648a23263aa75161e1 - Path: Packages/com.unity.ide.visualstudio/Editor/Messaging/MessageType.cs - Importer: ScriptedImporter/UnityEditor.QuickSearchModule:UnityEditor.Search:ASIAI0B -> (ImportResultId: '169fcec8b6ac7ac4e5c63dc092bb6ab2') in 0.0225177 seconds
[Worker1] Imported GUID: d3cbe921f7b3d9a3257e7c61a5761796 - Path: Packages/com.unity.modules.terrainphysics/package.json - Importer: ScriptedImporter/UnityEditor.QuickSearchModule:UnityEditor.Search:ASIAI0B -> (ImportResultId: 'b55aa4857fc9e98980688ba48d089dae') in 0.0195177 seconds
[Worker2] Imported GUID: 9f3705b95d031e84c82f140d8e980867 - Path: Packages/com.unity.ide.visualstudio/Editor/ProjectGeneration/ProjectGeneration.cs - Importer: ScriptedImporter/UnityEditor.QuickSearchModule:UnityEditor.Search:ASIAI0B -> (ImportResultId: 'ad5ad04ddb6b1651913b29ab0b3f72c1') in 0.0188929 seconds
[Worker0] Imported GUID: abe003ac6fee32e4892100a78f555011 - Path: Packages/com.unity.ide.visualstudio/Editor/Discovery.cs - Importer: ScriptedImporter/UnityEditor.QuickSearchModule:UnityEditor.Search:ASIAI0B -> (ImportResultId: 'd693c60d4485b3367aad323ad091d128') in 0.021548 seconds
[Worker1] Imported GUID: c94f13e05ef0a7a49bdd39f197f39e5e - Path: Packages/com.unity.ide.visualstudio/Editor/ProjectGeneration/GeneratorFactory.cs - Importer: ScriptedImporter/UnityEditor.QuickSearchModule:UnityEditor.Search:ASIAI0B -> (ImportResultId: '9ab0ef2db58bfb32c49c3c88fcc88bc6') in 0.0205708 seconds
[Worker2] Imported GUID: f6674c38820d12a49ac116d416521d85 - Path: Packages/com.unity.ide.visualstudio/Editor/Messaging/TcpClient.cs - Importer: ScriptedImporter/UnityEditor.QuickSearchModule:UnityEditor.Search:ASIAI0B -> (ImportResultId: '63b119cd7ff6df0ed4b2d90e59929502') in 0.0212979 seconds
[Worker0] Imported GUID: d0e3ad91972c66f5238f5b9b7d5ae58a - Path: Packages/com.unity.modules.unitywebrequesttexture/package.json - Importer: ScriptedImporter/UnityEditor.QuickSearchModule:UnityEditor.Search:ASIAI0B -> (ImportResultId: '87247d4381a67ab75de1feba427e37c4') in 0.0184334 seconds
[Worker1] Imported GUID: e6a135e3ea9cb46795d1b0e05ac3e1e5 - Path: Packages/com.unity.modules.jsonserialize/package.ModuleCompilationTrigger - Importer: ScriptedImporter/UnityEditor.QuickSearchModule:UnityEditor.Search:ASIAI0B -> (ImportResultId: 'd313d6dca397a66add83af729f9bd22a') in 0.0198425 seconds
[Worker2] Imported GUID: 957a5f2d2660a894d926660de2a9d577 - Path: Packages/com.unity.ide.visualstudio/Editor/ProcessRunner.cs - Importer: ScriptedImporter/UnityEditor.QuickSearchModule:UnityEditor.Search:ASIAI0B -> (ImportResultId: 'd20fc9276a24cd340c8dbc52aec4372f') in 0.0199727 seconds
[Worker0] Imported GUID: eeb21ffd7b0188542b348935f4b04fe8 - Path: Packages/com.unity.ide.visualstudio/Editor/ProjectGeneration/TypeCacheHelper.cs - Importer: ScriptedImporter/UnityEditor.QuickSearchModule:UnityEditor.Search:ASIAI0B -> (ImportResultId: '69310bb3770bbf6b6fe0c2274731a6d1') in 0.0209138 seconds
[Worker1] Imported GUID: 275143c81d816ef4286fdc67aabc20c8 - Path: Packages/com.unity.ide.visualstudio/Editor/Messaging/MessageEventArgs.cs - Importer: ScriptedImporter/UnityEditor.QuickSearchModule:UnityEditor.Search:ASIAI0B -> (ImportResultId: 'c7650818550d86ed49796fe4e669139d') in 0.0204764 seconds
[Worker2] Imported GUID: 7652904b1008e324fb7cfb952ea87656 - Path: Packages/com.unity.ide.visualstudio/Editor/ProjectGeneration/GUIDProvider.cs - Importer: ScriptedImporter/UnityEditor.QuickSearchModule:UnityEditor.Search:ASIAI0B -> (ImportResultId: 'f139e579ec85ab6e4a0ab1455c1e7248') in 0.0198663 seconds
[Worker0] Imported GUID: 38cb3a4a17d2cfd41926da95ce675934 - Path: Packages/com.unity.ide.visualstudio/Editor/Messaging/UdpSocket.cs - Importer: ScriptedImporter/UnityEditor.QuickSearchModule:UnityEditor.Search:ASIAI0B -> (ImportResultId: '53ebef155545216257c042dc20f77776') in 0.0217957 seconds
[Worker1] Imported GUID: 3a7e9b14d5c84f2d9e1b6f8a0c4d7e2b - Path: Packages/com.unity.burst/Runtime/TypeForwarders.cs - Importer: ScriptedImporter/UnityEditor.QuickSearchModule:UnityEditor.Search:ASIAI0B -> (ImportResultId: 'c6182a41c29089b0e3f593e883d16fd1') in 0.0224763 seconds
[Worker2] Imported GUID: 57537f08f8e923f488e4aadabb831c9b - Path: Packages/com.unity.ide.visualstudio/Editor/ProjectGeneration/AssemblyNameProvider.cs - Importer: ScriptedImporter/UnityEditor.QuickSearchModule:UnityEditor.Search:ASIAI0B -> (ImportResultId: '82931b24afc9a81c6fb069367a765a77') in 0.0203888 seconds
[Worker0] Imported GUID: b73b3de0d473d4a1c887ab31f69b1a8d - Path: Packages/com.unity.ide.visualstudio/Editor/Testing/TestAdaptor.cs - Importer: ScriptedImporter/UnityEditor.QuickSearchModule:UnityEditor.Search:ASIAI0B -> (ImportResultId: 'fabed2b02e1df0706bf814c11c5b1a8d') in 0.0224638 seconds
[Worker1] Imported GUID: 23032f4383e95e772bce465c5896d0fd - Path: Packages/com.unity.modules.terrain/package.ModuleCompilationTrigger - Importer: ScriptedImporter/UnityEditor.QuickSearchModule:UnityEditor.Search:ASIAI0B -> (ImportResultId: '597f0ff68f916755d6bfb2dece18a675') in 0.0227829 seconds
[Worker2] Imported GUID: 6d56244f8c39a851975d3c0bd432c66f - Path: Packages/com.unity.modules.terrain/package.json - Importer: ScriptedImporter/UnityEditor.QuickSearchModule:UnityEditor.Search:ASIAI0B -> (ImportResultId: '82f06d22fa552f5be457f8e069048abc') in 0.0248191 seconds
[Worker0] Imported GUID: a3f71b076c36a204a864f8c44142b3a9 - Path: Packages/com.unity.ide.visualstudio/ValidationConfig.json - Importer: ScriptedImporter/UnityEditor.QuickSearchModule:UnityEditor.Search:ASIAI0B -> (ImportResultId: '6dbb87f02b8706ee7d45d3df0ff0b8d0') in 0.0248058 seconds
[Worker1] Imported GUID: f7b5530092b3a7646bdc7865f1f6ee94 - Path: Packages/com.unity.ide.visualstudio/Editor/Cli.cs - Importer: ScriptedImporter/UnityEditor.QuickSearchModule:UnityEditor.Search:ASIAI0B -> (ImportResultId: '3f4bd616b8856795b0abf8d2b94eb634') in 0.0216505 seconds
[Worker2] Imported GUID: 3070b6395b0f5f04faaab13164c6256d - Path: Packages/com.unity.ide.visualstudio/Editor/ProjectGeneration/LegacyStyleProjectGeneration.cs - Importer: ScriptedImporter/UnityEditor.QuickSearchModule:UnityEditor.Search:ASIAI0B -> (ImportResultId: '363a2acad15d37ebdbf7f3b41b4f97b3') in 0.021361 seconds
[Worker0] Imported GUID: 48fcd6ebd5ce8fd4cbe931895233677d - Path: Packages/com.unity.ide.visualstudio/Editor/VisualStudioIntegration.cs - Importer: ScriptedImporter/UnityEditor.QuickSearchModule:UnityEditor.Search:ASIAI0B -> (ImportResultId: 'a10ed370aae3385a94a4de58ac738352') in 0.0232235 seconds
[Worker1] Imported GUID: fa7011e2ea1ff024083fea2179f3df08 - Path: Packages/com.unity.ide.visualstudio/Editor/ProjectGeneration/ProjectProperties.cs - Importer: ScriptedImporter/UnityEditor.QuickSearchModule:UnityEditor.Search:ASIAI0B -> (ImportResultId: 'aa0f5270c980f4e5952261ba84371dd2') in 0.0219432 seconds
[Worker2] Imported GUID: ed8e7c93c781e48df93d063a3c0d2972 - Path: Packages/com.unity.ide.visualstudio/Editor/SimpleJSON.cs - Importer: ScriptedImporter/UnityEditor.QuickSearchModule:UnityEditor.Search:ASIAI0B -> (ImportResultId: '5cb8b68bd6e35761d0c28620311778ca') in 0.0211767 seconds
[Worker0] Imported GUID: 555fcccd6b79a864f83e7a319daa1c3e - Path: Packages/com.unity.ide.visualstudio/Editor/ProjectGeneration/ProjectGenerationFlag.cs - Importer: ScriptedImporter/UnityEditor.QuickSearchModule:UnityEditor.Search:ASIAI0B -> (ImportResultId: 'a0827142986e7e1c1e5747599c4337ef') in 0.0206278 seconds
[Worker1] Imported GUID: 5f23a75ebd8dc4ad0a7515c06ffbe647 - Path: Packages/com.unity.burst/package.json - Importer: ScriptedImporter/UnityEditor.QuickSearchModule:UnityEditor.Search:ASIAI0B -> (ImportResultId: '2139b1be234612c48549b0c9854ebdbc') in 0.0211521 seconds
[Worker2] Imported GUID: cbccb6292dce08a489e6e742243154e7 - Path: Packages/com.unity.ide.visualstudio/Editor/KnownAssemblies.cs - Importer: ScriptedImporter/UnityEditor.QuickSearchModule:UnityEditor.Search:ASIAI0B -> (ImportResultId: '32e9c57345521388f205ecd292f905e1') in 0.0218686 seconds
[Worker0] Imported GUID: 788fbcfc0abc6c54b9504cfee3176c22 - Path: Packages/com.unity.ide.visualstudio/ValidationExceptions.json - Importer: ScriptedImporter/UnityEditor.QuickSearchModule:UnityEditor.Search:ASIAI0B -> (ImportResultId: 'f5b2ba913ee2d440ee72caeef8589921') in 0.0237782 seconds
[Worker1] Imported GUID: 829d4d6bc39fd1044ba4c5fc2a9c911f - Path: Packages/com.unity.ide.visualstudio/Editor/SolutionProperties.cs - Importer: ScriptedImporter/UnityEditor.QuickSearchModule:UnityEditor.Search:ASIAI0B -> (ImportResultId: 'e652cb65cb983ae00ca37e58a62652cd') in 0.0241998 seconds
[Worker2] Imported GUID: e8aed47cdce10fd4cae32fefa2c34f8f - Path: Packages/com.unity.ide.visualstudio/Editor/ProjectGeneration/SdkStyleProjectGeneration.cs - Importer: ScriptedImporter/UnityEditor.QuickSearchModule:UnityEditor.Search:ASIAI0B -> (ImportResultId: 'afacd146f8df094f7b2caef2fc3ec8cf') in 0.0252777 seconds
[Worker0] Imported GUID: be7ef402265a7a549b2e43c11d1a22c5 - Path: Packages/com.unity.ide.visualstudio/Editor/VisualStudioForWindowsInstallation.cs - Importer: ScriptedImporter/UnityEditor.QuickSearchModule:UnityEditor.Search:ASIAI0B -> (ImportResultId: 'e6c30080238591ab343dc815a4dd611c') in 0.0289807 seconds
[Worker1] Imported GUID: de1c9ea7b82c9904d9e5fba2ee70a998 - Path: Packages/com.unity.ide.visualstudio/Editor/Messaging/Message.cs - Importer: ScriptedImporter/UnityEditor.QuickSearchModule:UnityEditor.Search:ASIAI0B -> (ImportResultId: '4af159a6b8c3a1044654c8c9a99d3d49') in 0.0283602 seconds
[Worker2] Imported GUID: 656f74f6edaa396458412b9e3903d8cd - Path: Packages/com.unity.ide.visualstudio/package.json - Importer: ScriptedImporter/UnityEditor.QuickSearchModule:UnityEditor.Search:ASIAI0B -> (ImportResultId: '4d18ba4fe611125288960942039c3118') in 0.0280916 seconds
[Worker0] Imported GUID: a1c42005fe7c5d78585a77ce396a5eea - Path: Packages/com.unity.modules.tilemap/package.ModuleCompilationTrigger - Importer: ScriptedImporter/UnityEditor.QuickSearchModule:UnityEditor.Search:ASIAI0B -> (ImportResultId: 'ab138e14531af52059ca4a56cfe9fcff') in 0.0248824 seconds
[Worker1] Imported GUID: cbb1a39d56ce4d9ac1a46ac505893fa7 - Path: Packages/com.unity.modules.terrainphysics/package.ModuleCompilationTrigger - Importer: ScriptedImporter/UnityEditor.QuickSearchModule:UnityEditor.Search:ASIAI0B -> (ImportResultId: '8b87771bac471949a51ec0ec5c503832') in 0.0275554 seconds
[Worker2] Imported GUID: bb86eea06f54fb24caa7046a8a764945 - Path: Packages/com.unity.ide.visualstudio/Editor/VisualStudioInstallation.cs - Importer: ScriptedImporter/UnityEditor.QuickSearchModule:UnityEditor.Search:ASIAI0B -> (ImportResultId: 'f19ddd6047420706970ef9b7d60c5494') in 0.0255795 seconds
[Worker0] Imported GUID: 40bf3cec17fa0b49fe04443c8332d638 - Path: Packages/com.unity.modules.jsonserialize/package.json - Importer: ScriptedImporter/UnityEditor.QuickSearchModule:UnityEditor.Search:ASIAI0B -> (ImportResultId: 'bc4ed82be96a70586ea7e4d6ff059ef6') in 0.0235649 seconds
[Worker1] Imported GUID: 5a7aba2d3d458e04eb4210c0303fbf64 - Path: Packages/com.unity.ide.visualstudio/Editor/UsageUtility.cs - Importer: ScriptedImporter/UnityEditor.QuickSearchModule:UnityEditor.Search:ASIAI0B -> (ImportResultId: 'ba91b34fc64d508136f0e3577d98a2c1') in 0.0231424 seconds
[Worker2] Imported GUID: 6f1dc05fb6e7d3e4f89ae9ca482735be - Path: Packages/com.unity.ide.visualstudio/Editor/FileUtility.cs - Importer: ScriptedImporter/UnityEditor.QuickSearchModule:UnityEditor.Search:ASIAI0B -> (ImportResultId: '02f28502a5721fce184c066fe8f693cf') in 0.0223255 seconds
[Worker0] Imported GUID: 7809f42f64c877f4b90ac233e5ec2372 - Path: Packages/com.unity.ide.visualstudio/ThirdPartyNotices.md - Importer: ScriptedImporter/UnityEditor.QuickSearchModule:UnityEditor.Search:ASIAI0B -> (ImportResultId: '69697556286b86fec82d7cf90d615539') in 0.0219614 seconds
[Worker1] Imported GUID: 1be5c96ff30e6ec40876f28fd9ab7e24 - Path: Packages/com.unity.ide.visualstudio/Editor/VisualStudioCodeInstallation.cs - Importer: ScriptedImporter/UnityEditor.QuickSearchModule:UnityEditor.Search:ASIAI0B -> (ImportResultId: 'ae5667fde5d976edf95c0be6996658de') in 0.021711 seconds
[Worker2] Imported GUID: 3eda7a83649158546826efb3ffe6c1e3 - Path: Packages/com.unity.ide.visualstudio/Editor/Messaging/Deserializer.cs - Importer: ScriptedImporter/UnityEditor.QuickSearchModule:UnityEditor.Search:ASIAI0B -> (ImportResultId: '4f417f6848cbf92e088461374e7824de') in 0.0205844 seconds
[Worker0] Imported GUID: b93f844d45cfcc44fa2b0eed5c9ec6bb - Path: Packages/com.unity.ide.visualstudio/Editor/com.unity.ide.visualstudio.asmdef - Importer: ScriptedImporter/UnityEditor.QuickSearchModule:UnityEditor.Search:ASIAI0B -> (ImportResultId: '8bb4d1fcc009003dbddfd50f14ebdb80') in 0.0201804 seconds
[Worker1] Imported GUID: 92a378669877c05c6071d0fed687bb95 - Path: Packages/com.unity.modules.tilemap/package.json - Importer: ScriptedImporter/UnityEditor.QuickSearchModule:UnityEditor.Search:ASIAI0B -> (ImportResultId: '40e98263c1a93c751cc9a1db48eb3dc2') in 0.0241609 seconds
[Worker2] Imported GUID: ea11495227d864849bdb4fa69e931cbc - Path: Packages/com.unity.ugui/Editor/Analytics/UGUIBuildAnalytics.cs - Importer: ScriptedImporter/UnityEditor.QuickSearchModule:UnityEditor.Search:ASIAI0B -> (ImportResultId: '685dccf690708ffab1a5d8f28eca9342') in 0.0203789 seconds
[Worker1] Imported GUID: c851bee4305bddf438cc6ffc515991ce - Path: Packages/com.unity.ugui/CHANGELOG.md - Importer: ScriptedImporter/UnityEditor.QuickSearchModule:UnityEditor.Search:ASIAI0B -> (ImportResultId: 'e54116303ee27072a88b7a043361b704') in 0.0215683 seconds
[Worker0] Imported GUID: ff6d34f71e1a6af4290f9275ff94616c - Path: Packages/com.unity.ugui/Editor/Analytics/UGUIAnalytics.cs - Importer: ScriptedImporter/UnityEditor.QuickSearchModule:UnityEditor.Search:ASIAI0B -> (ImportResultId: '6cca370fb78d4922ef8ab19428b8fd53') in 0.0226798 seconds
[Worker2] Imported GUID: 2300e75732d74890b38a8ff257a3ae15 - Path: Packages/com.unity.ugui/Editor/TMP/TMP_EditorUtility.cs - Importer: ScriptedImporter/UnityEditor.QuickSearchModule:UnityEditor.Search:ASIAI0B -> (ImportResultId: '398feac72ddcceab70d16650dc72349d') in 0.0207361 seconds
[Worker0] Imported GUID: be13c398521e3c1ad21fb9da30ab2ab6 - Path: Packages/com.unity.modules.imgui/package.ModuleCompilationTrigger - Importer: ScriptedImporter/UnityEditor.QuickSearchModule:UnityEditor.Search:ASIAI0B -> (ImportResultId: 'ba46e261d16b2e5e40669795b94b0eb6') in 0.0206285 seconds
[Worker1] Imported GUID: 34e2c9b9d9e44953933afe37461f44e6 - Path: Packages/com.unity.ugui/Editor/TMP/TMP_StyleSheetEditor.cs - Importer: ScriptedImporter/UnityEditor.QuickSearchModule:UnityEditor.Search:ASIAI0B -> (ImportResultId: '2440290dff409ca6f54df23ddf8a7ed5') in 0.0220725 seconds
[Worker2] Imported GUID: 585c3fb85b32bd64e8814074e754163e - Path: Packages/com.unity.ide.visualstudio/Editor/VSWhere/vswhere.exe - Importer: ScriptedImporter/UnityEditor.QuickSearchModule:UnityEditor.Search:ASIAI0B -> (ImportResultId: '9593f4ed805a7a433068650b1de06e0d') in 0.0177999 seconds
[Worker1] Imported GUID: f4935fb862d54980b1bcbca942962642 - Path: Packages/com.unity.ugui/Editor/TMP/TMPro_TexturePostProcessor.cs - Importer: ScriptedImporter/UnityEditor.QuickSearchModule:UnityEditor.Search:ASIAI0B -> (ImportResultId: '58f8e0d4124fe4ca43b736d62e1359e7') in 0.0191945 seconds
[Worker0] Imported GUID: 3ee40aa79cd242a5b53b0b0ca4f13f0f - Path: Packages/com.unity.ugui/Editor Resources/Gizmos/TMP - Input Field Icon.psd - Importer: ScriptedImporter/UnityEditor.QuickSearchModule:UnityEditor.Search:ASIAI0B -> (ImportResultId: '34baa5f57ed4d68cb5af4c8e73080ec3') in 0.0290093 seconds
[Worker2] Imported GUID: 0386b6eb838c47138cd51d1c1b879a35 - Path: Packages/com.unity.ugui/Editor/TMP/TMP_SettingsEditor.cs - Importer: ScriptedImporter/UnityEditor.QuickSearchModule:UnityEditor.Search:ASIAI0B -> (ImportResultId: '7517713669c4adb3a83eea7000932a0d') in 0.0174533 seconds
[Worker1] Imported GUID: 96b44f7d98314b139324a8a87eb66067 - Path: Packages/com.unity.ugui/Editor/TMP/TMP_FontAssetEditor.cs - Importer: ScriptedImporter/UnityEditor.QuickSearchModule:UnityEditor.Search:ASIAI0B -> (ImportResultId: '6bfc965b6e21552b7f875ab9770b6098') in 0.0208107 seconds
[Worker0] Imported GUID: 23a562f2cac6401f9f91251c68a1a794 - Path: Packages/com.unity.ugui/Editor/TMP/TMP_StyleAssetMenu.cs - Importer: ScriptedImporter/UnityEditor.QuickSearchModule:UnityEditor.Search:ASIAI0B -> (ImportResultId: '98701635f49133ff675aaefa3c3e207a') in 0.0179189 seconds
[Worker2] Imported GUID: dd2fe74169b54bf58fca17288513ef38 - Path: Packages/com.unity.ugui/Editor/TMP/TMP_SubMesh_Editor.cs - Importer: ScriptedImporter/UnityEditor.QuickSearchModule:UnityEditor.Search:ASIAI0B -> (ImportResultId: 'de79e0620587fbcd89a42e1811372749') in 0.0213152 seconds
[Worker1] Imported GUID: 0719f1a8b2a284e1182b352e6c8c3c60 - Path: Packages/com.unity.ide.visualstudio/Editor/Testing/TestStatusAdaptor.cs - Importer: ScriptedImporter/UnityEditor.QuickSearchModule:UnityEditor.Search:ASIAI0B -> (ImportResultId: 'ec906f76fbb11c717aced63982ad6168') in 0.0229686 seconds
[Worker0] Imported GUID: 02893ffb522b490a9fa28eedd2584309 - Path: Packages/com.unity.ugui/Editor/TMP/TMPro_TextContainerEditor.cs - Importer: ScriptedImporter/UnityEditor.QuickSearchModule:UnityEditor.Search:ASIAI0B -> (ImportResultId: '9b360100c745983f867b423cb88d7747') in 0.0222532 seconds
[Worker2] Imported GUID: b09be1f217d34247af54863a2f5587e1 - Path: Packages/com.unity.ugui/Editor/TMP/TMP_SpriteAssetEditor.cs - Importer: ScriptedImporter/UnityEditor.QuickSearchModule:UnityEditor.Search:ASIAI0B -> (ImportResultId: '964a145de22bcf06f42d68ce8f15af15') in 0.0250117 seconds
[Worker0] Imported GUID: 225b67dcce9247b4c806e435b34695d2 - Path: Packages/com.unity.ugui/Editor/TMP/TMP_MarkupTagUpdateUtility.cs - Importer: ScriptedImporter/UnityEditor.QuickSearchModule:UnityEditor.Search:ASIAI0B -> (ImportResultId: '1f6d213d0ca87827f96e01859aaeb973') in 0.0260946 seconds
[Worker2] Imported GUID: d9647b571c5e44729b71d756b3d55317 - Path: Packages/com.unity.ugui/Editor/TMP/TMP_ColorGradientAssetMenu.cs - Importer: ScriptedImporter/UnityEditor.QuickSearchModule:UnityEditor.Search:ASIAI0B -> (ImportResultId: 'ccf0d48adf3be9d20e308b8be9c8e574') in 0.0247852 seconds
[Worker0] Imported GUID: bf8befe3c500aa84b9ce3860a226cf41 - Path: Packages/com.unity.ugui/Editor/TMP/TMP_PreBuildProcessor.cs - Importer: ScriptedImporter/UnityEditor.QuickSearchModule:UnityEditor.Search:ASIAI0B -> (ImportResultId: '1309b4d221b70ca39fe4bea4e9d8290c') in 0.0281276 seconds
[Worker2] Imported GUID: 88ed537c17c34f339121fe9a7d6d7a0e - Path: Packages/com.unity.ugui/Editor/TMP/TMPro_SortingLayerHelper.cs - Importer: ScriptedImporter/UnityEditor.QuickSearchModule:UnityEditor.Search:ASIAI0B -> (ImportResultId: '44dc724d6ec618aa01eee5c856d13e95') in 0.0207593 seconds
[Worker2] Imported GUID: 438efd46088d408d8a53f707fa68d976 - Path: Packages/com.unity.ugui/Editor/TMP/TMP_BaseShaderGUI.cs - Importer: ScriptedImporter/UnityEditor.QuickSearchModule:UnityEditor.Search:ASIAI0B -> (ImportResultId: '3103d03ed425ebe8b3fba02b42df6bcf') in 0.0227398 seconds
[Worker1] Imported GUID: ee148e281f3c41c5b4ff5f8a5afe5a6c - Path: Packages/com.unity.ugui/Editor Resources/Gizmos/TMP - Font Asset Icon.psd - Importer: ScriptedImporter/UnityEditor.QuickSearchModule:UnityEditor.Search:ASIAI0B -> (ImportResultId: 'bd18a50fa8b770176cd37ad6022c792e') in 0.0885512 seconds
[Worker0] Imported GUID: a7ec9e7ad8b847b7ae4510af83c5d868 - Path: Packages/com.unity.ugui/Editor Resources/Gizmos/TMP - Dropdown Icon.psd - Importer: ScriptedImporter/UnityEditor.QuickSearchModule:UnityEditor.Search:ASIAI0B -> (ImportResultId: 'cdf09c60ed15b7dced6a4f093819cdf9') in 0.03142 seconds
[Worker1] Imported GUID: 0e0afa652c0031c48896a97b424d027b - Path: Packages/com.unity.ugui/PackageConversionData_Assets.json - Importer: ScriptedImporter/UnityEditor.QuickSearchModule:UnityEditor.Search:ASIAI0B -> (ImportResultId: '217032fe50267eee183fa91959111334') in 0.0199024 seconds
[Worker2] Imported GUID: 1048a87135154606808bf2030da32d18 - Path: Packages/com.unity.ugui/Editor/TMP/TMP_SpriteAssetMenu.cs - Importer: ScriptedImporter/UnityEditor.QuickSearchModule:UnityEditor.Search:ASIAI0B -> (ImportResultId: 'cc0de380b33d30ab34e138e3eade65a1') in 0.0219298 seconds
[Worker0] Imported GUID: 6fdea2af3daa40fe8f88e5e9cfc17abb - Path: Packages/com.unity.ugui/Editor/TMP/TMP_PostBuildProcessHandler.cs - Importer: ScriptedImporter/UnityEditor.QuickSearchModule:UnityEditor.Search:ASIAI0B -> (ImportResultId: 'd271cece1a8b4d2625a529a56ea12620') in 0.0252348 seconds
[Worker1] Imported GUID: 68eedd4e5b33b37429c02c4add0036fe - Path: Packages/com.unity.ugui/Editor/TMP/TMP_PackageUtilities.cs - Importer: ScriptedImporter/UnityEditor.QuickSearchModule:UnityEditor.Search:ASIAI0B -> (ImportResultId: '5ed1efc61987f50cb0952f89a7d07315') in 0.0201984 seconds
[Worker2] Imported GUID: ce4ff17ca867d2b48b5c8a4181611901 - Path: Packages/com.unity.ugui/Package Resources/TMP Essential Resources.unitypackage - Importer: ScriptedImporter/UnityEditor.QuickSearchModule:UnityEditor.Search:ASIAI0B -> (ImportResultId: 'ec03c0c2c46a0e8c5bb7567be091dfec') in 0.0240958 seconds
[Worker0] Imported GUID: 21c0044a7f964773be90d197a78e4703 - Path: Packages/com.unity.ugui/Editor/TMP/TMP_EditorPanelUI.cs - Importer: ScriptedImporter/UnityEditor.QuickSearchModule:UnityEditor.Search:ASIAI0B -> (ImportResultId: 'a5b322333fc1a24f7ef792fe4ed7715c') in 0.023569 seconds
[Worker1] Imported GUID: 30a939dce2fd4073955f2f20e659d506 - Path: Packages/com.unity.ugui/Editor/TMP/TMP_UIStyleManager.cs - Importer: ScriptedImporter/UnityEditor.QuickSearchModule:UnityEditor.Search:ASIAI0B -> (ImportResultId: 'd1c3cdf8a19525f174a6d3c221c57ec6') in 0.0237513 seconds
[Worker2] Imported GUID: f1ea944dcf8849ebab391e461b99ccb7 - Path: Packages/com.unity.ugui/Editor/TMP/TMP_SpriteAssetImporter.cs - Importer: ScriptedImporter/UnityEditor.QuickSearchModule:UnityEditor.Search:ASIAI0B -> (ImportResultId: 'd7d7661c0eca8e427cb5519f6e9cea00') in 0.0213249 seconds
[Worker0] Imported GUID: 9c4a050f089abb04ebd4125e419f4548 - Path: Packages/com.unity.ugui/Editor/TMP/TMP_SerializedPropertyHolder.cs - Importer: ScriptedImporter/UnityEditor.QuickSearchModule:UnityEditor.Search:ASIAI0B -> (ImportResultId: '85ff8826d7c8f5de0b78cfe8ff95a9ab') in 0.0195562 seconds
[Worker1] Imported GUID: fae6007c1ac2cc744b2891fd4d279c96 - Path: Packages/com.unity.ide.visualstudio/Editor/Testing/TestRunnerCallbacks.cs - Importer: ScriptedImporter/UnityEditor.QuickSearchModule:UnityEditor.Search:ASIAI0B -> (ImportResultId: '87faae3ba4ea981a1f79cfb7ce8021b5') in 0.0226914 seconds
[Worker0] Imported GUID: 319b8889f363f5947acf209c17a94149 - Path: Packages/com.unity.ugui/package.json - Importer: ScriptedImporter/UnityEditor.QuickSearchModule:UnityEditor.Search:ASIAI0B -> (ImportResultId: 'cfee8bb19223baa0f323613aaa265b51') in 0.0212261 seconds
[Worker2] Imported GUID: 8394c018a82352f41ae354f7bdad54e3 - Path: Packages/com.unity.ugui/Editor/Analytics/UnityEditor.UI.Analytics.asmdef - Importer: ScriptedImporter/UnityEditor.QuickSearchModule:UnityEditor.Search:ASIAI0B -> (ImportResultId: '3212ad3ee5a6c7f6e6e10effea742a74') in 0.0290428 seconds
[Worker1] Imported GUID: fcc60c1d6bb544d9b712b652f418ff3a - Path: Packages/com.unity.ugui/Editor/TMP/TMP_ColorGradientEditor.cs - Importer: ScriptedImporter/UnityEditor.QuickSearchModule:UnityEditor.Search:ASIAI0B -> (ImportResultId: '997c77817bbf8db4f2bbd1df52154eea') in 0.0180112 seconds
[Worker2] Imported GUID: 806de5a9211448c8b65c8435ebb48dd4 - Path: Packages/com.unity.ugui/Editor/TMP/TMP_BitmapShaderGUI.cs - Importer: ScriptedImporter/UnityEditor.QuickSearchModule:UnityEditor.Search:ASIAI0B -> (ImportResultId: 'f491bb5594d778e8ee6ea3800ceec90a') in 0.0204638 seconds
[Worker0] Imported GUID: 4d3d51749e989f747b2674e0b4d9b3d7 - Path: Packages/com.unity.ugui/LICENSE.md - Importer: ScriptedImporter/UnityEditor.QuickSearchModule:UnityEditor.Search:ASIAI0B -> (ImportResultId: '8d3906c6fd661e6d213e20279d36fddc') in 0.0221713 seconds
[Worker1] Imported GUID: 6b259c4003a802847b9ada90744e34c5 - Path: Packages/com.unity.ugui/Editor/TMP/TMP_EditorResourceManager.cs - Importer: ScriptedImporter/UnityEditor.QuickSearchModule:UnityEditor.Search:ASIAI0B -> (ImportResultId: '2dee82c918c1605c9ddc43a900246f15') in 0.0210689 seconds
[Worker2] Imported GUID: 0b59b40c84c6a5348a188c16b17c7b40 - Path: Packages/com.unity.ide.visualstudio/Editor/Testing/TestRunnerApiListener.cs - Importer: ScriptedImporter/UnityEditor.QuickSearchModule:UnityEditor.Search:ASIAI0B -> (ImportResultId: '0d8bfe2ebc523c4cd577c0bbed0eec8f') in 0.0201258 seconds
[Worker0] Imported GUID: 05f5bfd584002f948982a1498890f9a9 - Path: Packages/com.unity.ugui/PackageConversionData.json - Importer: ScriptedImporter/UnityEditor.QuickSearchModule:UnityEditor.Search:ASIAI0B -> (ImportResultId: 'e6cce0e45b9cee2793fd582f1f6cbdfb') in 0.0211846 seconds
[Worker1] Imported GUID: 0e751e877ed14d71a6b8e63ac54949cf - Path: Packages/com.unity.ugui/Editor/TMP/TMP_ProjectTextSettings.cs - Importer: ScriptedImporter/UnityEditor.QuickSearchModule:UnityEditor.Search:ASIAI0B -> (ImportResultId: 'e21d94d48fdcb4b58d5688bdf3b81530') in 0.0207068 seconds
[Worker2] Imported GUID: 7241c7dc25374fc1a6ab3ef9da79c363 - Path: Packages/com.unity.ugui/Editor/TMP/TMP_ResourcesLoader.cs - Importer: ScriptedImporter/UnityEditor.QuickSearchModule:UnityEditor.Search:ASIAI0B -> (ImportResultId: '9921dc665c6cc68fa90bb8874196607a') in 0.018817 seconds
[Worker0] Imported GUID: 6dbcf248c987476181a37f01a1814975 - Path: Packages/com.unity.ugui/Editor/TMP/TMP_DropdownEditor.cs - Importer: ScriptedImporter/UnityEditor.QuickSearchModule:UnityEditor.Search:ASIAI0B -> (ImportResultId: '6d4e197d6b9c35af45f61fbc1a7ff7dc') in 0.0207683 seconds
[Worker1] Imported GUID: 6546d7765b4165b40850b3667f981c26 - Path: Packages/com.unity.ugui/Editor/TMP/Unity.TextMeshPro.Editor.asmdef - Importer: ScriptedImporter/UnityEditor.QuickSearchModule:UnityEditor.Search:ASIAI0B -> (ImportResultId: 'a304bfe9274771540300e470b7003629') in 0.0221826 seconds
[Worker2] Imported GUID: aa76955fe5bb44f7915d91db8c7043c4 - Path: Packages/com.unity.ugui/Editor/TMP/TMPro_EditorShaderUtilities.cs - Importer: ScriptedImporter/UnityEditor.QuickSearchModule:UnityEditor.Search:ASIAI0B -> (ImportResultId: '657b585e6a0aeeca66f5aa2e55363745') in 0.0242503 seconds
[Worker0] Imported GUID: 34f6695d37a94370a3697f6b068f5d5e - Path: Packages/com.unity.ugui/Editor/TMP/TMP_EditorPanel.cs - Importer: ScriptedImporter/UnityEditor.QuickSearchModule:UnityEditor.Search:ASIAI0B -> (ImportResultId: 'adb8c3756303080ab8646c4adbaa54a1') in 0.0220835 seconds
[Worker1] Imported GUID: cb67edc1800c2ec4ba8dfb1cf0dfc84a - Path: Packages/com.unity.ide.visualstudio/Editor/COMIntegration/Release/COMIntegration.exe - Importer: ScriptedImporter/UnityEditor.QuickSearchModule:UnityEditor.Search:ASIAI0B -> (ImportResultId: '44b11aadef1170be798cae2aef87f278') in 0.0245274 seconds
[Worker2] Imported GUID: 383966e89d344865a36addd5d378ffd3 - Path: Packages/com.unity.ugui/Editor/TMP/TMPro_FontAssetCreatorWindow.cs - Importer: ScriptedImporter/UnityEditor.QuickSearchModule:UnityEditor.Search:ASIAI0B -> (ImportResultId: '1b89eb864fada6eee5205febf95aea45') in 0.0204308 seconds
[Worker0] Imported GUID: 42fe78c8fe682715a2cb531422e6ccb3 - Path: Packages/com.unity.modules.imgui/package.json - Importer: ScriptedImporter/UnityEditor.QuickSearchModule:UnityEditor.Search:ASIAI0B -> (ImportResultId: '6664b9741d7196aa731a7cec392e237b') in 0.0231523 seconds
[Worker1] Imported GUID: aa160f27c3fe4052a5850e21108811b6 - Path: Packages/com.unity.ugui/Editor/TMP/TMP_InputFieldEditor.cs - Importer: ScriptedImporter/UnityEditor.QuickSearchModule:UnityEditor.Search:ASIAI0B -> (ImportResultId: 'e4e3453131ad28305615329290e6bb4c') in 0.0204502 seconds
[Worker2] Imported GUID: 7065397ff8184621aa3ca4f854491259 - Path: Packages/com.unity.ugui/Editor/TMP/TMPro_CreateObjectMenu.cs - Importer: ScriptedImporter/UnityEditor.QuickSearchModule:UnityEditor.Search:ASIAI0B -> (ImportResultId: '9ca6d50e5b78a23acfb125fb1c5bd9f0') in 0.0225454 seconds
[Worker0] Imported GUID: e0ae6629cc70b514889df37fccb76832 - Path: Packages/com.unity.ugui/README.md - Importer: ScriptedImporter/UnityEditor.QuickSearchModule:UnityEditor.Search:ASIAI0B -> (ImportResultId: '6fa5e4aff5eb5fe737f839b53b9613c3') in 0.0221755 seconds
[Worker1] Imported GUID: f47f2d030bc1d415a8d15a51dbcc39a2 - Path: Packages/com.unity.ide.visualstudio/Editor/Testing/TestResultAdaptor.cs - Importer: ScriptedImporter/UnityEditor.QuickSearchModule:UnityEditor.Search:ASIAI0B -> (ImportResultId: '5f88767081de0daa67a848e055afa113') in 0.0167296 seconds
[Worker2] Imported GUID: 6b01141ed8f74d198965c86f25eb7040 - Path: Packages/com.unity.ugui/Editor/TMP/TMP_SubMeshUI_Editor.cs - Importer: ScriptedImporter/UnityEditor.QuickSearchModule:UnityEditor.Search:ASIAI0B -> (ImportResultId: '30747432f34a55729a38255a2e78bb29') in 0.0226947 seconds
[Worker0] Imported GUID: 44e1d646473a40178712cb2150f54cec - Path: Packages/com.unity.ugui/Editor/TMP/TMPro_ContextMenus.cs - Importer: ScriptedImporter/UnityEditor.QuickSearchModule:UnityEditor.Search:ASIAI0B -> (ImportResultId: '788a51a4c3f875c1c43e1261c08de623') in 0.022018 seconds
[Worker1] Imported GUID: bc00e25696e4132499f56528d3fed2e3 - Path: Packages/com.unity.ugui/Package Resources/TMP Examples & Extras.unitypackage - Importer: ScriptedImporter/UnityEditor.QuickSearchModule:UnityEditor.Search:ASIAI0B -> (ImportResultId: '74b22725de61f24ba6f6e166ca238700') in 0.0191296 seconds
[Worker2] Imported GUID: 91950f78729ab144aa36e94690b28fad - Path: Packages/com.unity.ugui/Editor/TMP/TMP_BaseEditorPanel.cs - Importer: ScriptedImporter/UnityEditor.QuickSearchModule:UnityEditor.Search:ASIAI0B -> (ImportResultId: '6dfe5c96771e1682a513ad8a1928f697') in 0.0200301 seconds
[Worker0] Imported GUID: 8413ca0e506d42a1a4bd9769f204ad16 - Path: Packages/com.unity.ugui/Editor/TMP/TMP_SDFShaderGUI.cs - Importer: ScriptedImporter/UnityEditor.QuickSearchModule:UnityEditor.Search:ASIAI0B -> (ImportResultId: '8b273bddfb5f883dabe650c84353b4eb') in 0.0215565 seconds
[Worker1] Imported GUID: 343deaaf83e0cee4ca978e7df0b80d21 - Path: Packages/com.unity.ugui/Editor/UGUI/UnityEditor.UI.asmdef - Importer: ScriptedImporter/UnityEditor.QuickSearchModule:UnityEditor.Search:ASIAI0B -> (ImportResultId: 'c3820883992f5e166ce8e92a872cd49d') in 0.0210177 seconds
[Worker2] Imported GUID: 27a0335dab59ec542aadd6636a5b4ebd - Path: Packages/com.unity.ugui/Editor/TMP/TMP_EditorCoroutine.cs - Importer: ScriptedImporter/UnityEditor.QuickSearchModule:UnityEditor.Search:ASIAI0B -> (ImportResultId: '4b1f3747e389686d73b7f3d7454fe377') in 0.0220466 seconds
[Worker0] Imported GUID: 7496af95dfe67cf429ac65edaaf99106 - Path: Packages/com.unity.ugui/Editor/TMP/TMP_FontAsset_CreationMenu.cs - Importer: ScriptedImporter/UnityEditor.QuickSearchModule:UnityEditor.Search:ASIAI0B -> (ImportResultId: '870d2e96250a784438cb164ed9bf999d') in 0.0180322 seconds
[Worker0] Imported GUID: 658c1fb149e7498aa072b0c0f3bf13f0 - Path: Packages/com.unity.ugui/Runtime/TMP/TMP_CoroutineTween.cs - Importer: ScriptedImporter/UnityEditor.QuickSearchModule:UnityEditor.Search:ASIAI0B -> (ImportResultId: 'ae5bfd0af9dad330648dc8494e0f8a3e') in 0.0169526 seconds
[Worker2] Imported GUID: 43b111c4a445f446abd2c02e77750ff5 - Path: Packages/com.unity.ugui/Runtime/InternalBridge/Unity.InternalAPIEngineBridge.004.asmdef - Importer: ScriptedImporter/UnityEditor.QuickSearchModule:UnityEditor.Search:ASIAI0B -> (ImportResultId: 'db3e07bc9b8f2833ff5109a424c9245f') in 0.0191959 seconds
[Worker1] Imported GUID: 326e2b1b31fc06d4fa884c803b27b46a - Path: Packages/com.unity.ugui/Runtime/TMP/FontFeatureCommon.cs - Importer: ScriptedImporter/UnityEditor.QuickSearchModule:UnityEditor.Search:ASIAI0B -> (ImportResultId: '21fbbc88600fda94cae86bf97df3f462') in 0.0213537 seconds
[Worker0] Imported GUID: 35ff0937876540d3bd4b6a941df62a92 - Path: Packages/com.unity.ugui/Editor Resources/Textures/btn_AlignCenterGeo_Light.psd - Importer: ScriptedImporter/UnityEditor.QuickSearchModule:UnityEditor.Search:ASIAI0B -> (ImportResultId: '05a383a7aff81cf9b910194a00af3ab1') in 0.0189052 seconds
[Worker1] Imported GUID: 77476292f9fa4905a787e6417853846b - Path: Packages/com.unity.ugui/Runtime/TMP/TMPro_ExtensionMethods.cs - Importer: ScriptedImporter/UnityEditor.QuickSearchModule:UnityEditor.Search:ASIAI0B -> (ImportResultId: 'b6e5b332d72decc25bb1ec224b71678f') in 0.0194038 seconds
[Worker0] Imported GUID: 0ce5fe4db14be432cab1bc46704eef4c - Path: Packages/com.unity.ugui/Runtime/InternalBridge/ObjectUtilsBridge.cs - Importer: ScriptedImporter/UnityEditor.QuickSearchModule:UnityEditor.Search:ASIAI0B -> (ImportResultId: 'd46ab3f12e0099a868118c34601d8a64') in 0.0237551 seconds
[Worker1] Imported GUID: aaf9006568d76504f982305b517fb490 - Path: Packages/com.unity.ugui/Runtime/TMP/TMP_DynamicFontAssetUtilities.cs - Importer: ScriptedImporter/UnityEditor.QuickSearchModule:UnityEditor.Search:ASIAI0B -> (ImportResultId: '22b6b7c6d43d4dff369dff104764c8b4') in 0.0210552 seconds
[Worker1] Imported GUID: 9541d86e2fd84c1d9990edf0852d74ab - Path: Packages/com.unity.ugui/Runtime/TMP/TextMeshPro.cs - Importer: ScriptedImporter/UnityEditor.QuickSearchModule:UnityEditor.Search:ASIAI0B -> (ImportResultId: '4fbc026fd5ce60bb5fe57bf3a7e2fd2e') in 0.0227425 seconds
[Worker0] Imported GUID: 585b70cb75dd43efbfead809c30a1731 - Path: Packages/com.unity.ugui/Editor Resources/Textures/btn_AlignBottom_Light.psd - Importer: ScriptedImporter/UnityEditor.QuickSearchModule:UnityEditor.Search:ASIAI0B -> (ImportResultId: '1afec51190d4846c90d6033aba041800') in 0.0265123 seconds
[Worker0] Imported GUID: 5ea9f573d4b800a49b9d83a1f61c0a88 - Path: Packages/com.unity.ugui/Runtime/TMP/TMP_FontFeatureTable.cs - Importer: ScriptedImporter/UnityEditor.QuickSearchModule:UnityEditor.Search:ASIAI0B -> (ImportResultId: '5f01da847a1bca0ddc1a900045266f48') in 0.0206943 seconds
[Worker2] Imported GUID: 64b9fad609434c489c32b1cdf2004a1c - Path: Packages/com.unity.ugui/Editor Resources/Textures/btn_AlignFlush_Light.psd - Importer: ScriptedImporter/UnityEditor.QuickSearchModule:UnityEditor.Search:ASIAI0B -> (ImportResultId: 'a35549f47a64604be857263f33f4fab0') in 0.0898867 seconds
[Worker1] Imported GUID: ca51b19024094d1b87f3e07edb0a75fb - Path: Packages/com.unity.ugui/Editor Resources/Textures/btn_AlignBottom.psd - Importer: ScriptedImporter/UnityEditor.QuickSearchModule:UnityEditor.Search:ASIAI0B -> (ImportResultId: 'e4115e07a6c8f276471cf6345821a673') in 0.0306688 seconds
[Worker2] Imported GUID: 2da0c512f12947e489f739169773d7ca - Path: Packages/com.unity.ugui/Runtime/TMP/TMP_InputField.cs - Importer: ScriptedImporter/UnityEditor.QuickSearchModule:UnityEditor.Search:ASIAI0B -> (ImportResultId: 'cd23500f35dcf84dd08565ea694e2571') in 0.0238017 seconds
[Worker0] Imported GUID: 49679f302ac6408697f6b9314a38985c - Path: Packages/com.unity.ugui/Editor Resources/Textures/btn_AlignCapLine_Light.psd - Importer: ScriptedImporter/UnityEditor.QuickSearchModule:UnityEditor.Search:ASIAI0B -> (ImportResultId: '6c58519c4a6a2e6ddf6d88e1bd3447f1') in 0.0245662 seconds
[Worker1] Imported GUID: 9288066c33474b94b6ee5465f4df1cc0 - Path: Packages/com.unity.ugui/Editor Resources/Textures/btn_AlignLeft.psd - Importer: ScriptedImporter/UnityEditor.QuickSearchModule:UnityEditor.Search:ASIAI0B -> (ImportResultId: '1649da47e28381fd77bdea00fe082933') in 0.0275682 seconds
[Worker0] Imported GUID: 27df3b12f30d0b74a9b10a3968c402ff - Path: Packages/com.unity.ugui/Runtime/TMP/TMP_FontFeaturesCommon.cs - Importer: ScriptedImporter/UnityEditor.QuickSearchModule:UnityEditor.Search:ASIAI0B -> (ImportResultId: 'fac0e44359b5ffd39a2cfbb264529156') in 0.0221959 seconds
[Worker2] Imported GUID: effb76e1937b45ff8adf45e51a4c08cf - Path: Packages/com.unity.ugui/Runtime/TMP/TMPro_MeshUtilities.cs - Importer: ScriptedImporter/UnityEditor.QuickSearchModule:UnityEditor.Search:ASIAI0B -> (ImportResultId: '6f0f6b2f3db1d0bb0da21666f59e366c') in 0.0237494 seconds
[Worker1] Imported GUID: 41b96614b2e6494ba995ddcd252d11ae - Path: Packages/com.unity.ugui/Editor Resources/Textures/btn_AlignMiddle.psd - Importer: ScriptedImporter/UnityEditor.QuickSearchModule:UnityEditor.Search:ASIAI0B -> (ImportResultId: 'ecee54a088018ad4c59cb78cb495933c') in 0.0287956 seconds
[Worker2] Imported GUID: 96e9072453a441618754c478755b3028 - Path: Packages/com.unity.ugui/Runtime/TMP/TMPro_EventManager.cs - Importer: ScriptedImporter/UnityEditor.QuickSearchModule:UnityEditor.Search:ASIAI0B -> (ImportResultId: '763c64eaadd100800f1d616e7fa220ef') in 0.0213748 seconds
[Worker0] Imported GUID: 9c442dc870b456e48b615cd8add0e9ef - Path: Packages/com.unity.ugui/Editor Resources/Shaders/TMP_SDF Internal Editor.shader - Importer: ScriptedImporter/UnityEditor.QuickSearchModule:UnityEditor.Search:ASIAI0B -> (ImportResultId: 'a3f36f2e2b3b77be63664ffb8ff0828a') in 0.0238347 seconds
[Worker1] Imported GUID: 81ed8c76d2bc4a4c95d092c98af4e58f - Path: Packages/com.unity.ugui/Editor Resources/Textures/btn_AlignCenter.psd - Importer: ScriptedImporter/UnityEditor.QuickSearchModule:UnityEditor.Search:ASIAI0B -> (ImportResultId: '354d6fd0d87331e8137efd7cd4755d96') in 0.0270608 seconds
[Worker2] Imported GUID: fb5730e24283d0c489e5c7d0bee023d9 - Path: Packages/com.unity.ugui/Editor Resources/Textures/SectionHeader_Dark.psd - Importer: ScriptedImporter/UnityEditor.QuickSearchModule:UnityEditor.Search:ASIAI0B -> (ImportResultId: '7b926d79092619b20fcbfc1d6c9140dd') in 0.0265964 seconds
[Worker0] Imported GUID: 342a0f8aca7f4f0691338912faec0494 - Path: Packages/com.unity.ugui/Editor Resources/Textures/btn_AlignRight.psd - Importer: ScriptedImporter/UnityEditor.QuickSearchModule:UnityEditor.Search:ASIAI0B -> (ImportResultId: '45fc77c3efc8d229ea47a8261839283c') in 0.0268722 seconds
[Worker2] Imported GUID: abe6991365a27d341a10580f3b7c0f44 - Path: Packages/com.unity.ugui/Editor Resources/Shaders/TMP_SDF_SSD.cginc - Importer: ScriptedImporter/UnityEditor.QuickSearchModule:UnityEditor.Search:ASIAI0B -> (ImportResultId: '9f8910a4ab528823761215b67d64dae2') in 0.0191298 seconds
[Worker1] Imported GUID: e3b0f810fdea84e40ab4ba20f256f7e8 - Path: Packages/com.unity.ugui/Editor Resources/Textures/SectionHeader_Light.psd - Importer: ScriptedImporter/UnityEditor.QuickSearchModule:UnityEditor.Search:ASIAI0B -> (ImportResultId: '7e1e1434323a8a6c393357b5b418b042') in 0.0254479 seconds
[Worker0] Imported GUID: 0d9a36012a224080966c7b55896aa0f9 - Path: Packages/com.unity.ugui/Editor Resources/Textures/btn_AlignCapLine.psd - Importer: ScriptedImporter/UnityEditor.QuickSearchModule:UnityEditor.Search:ASIAI0B -> (ImportResultId: 'cdb36f88e4a7ca659cf33669172ce639') in 0.0245952 seconds
[Worker2] Imported GUID: 3bda1886f58f4e0ab1139400b160c3ee - Path: Packages/com.unity.ugui/Runtime/TMP/TMP_Asset.cs - Importer: ScriptedImporter/UnityEditor.QuickSearchModule:UnityEditor.Search:ASIAI0B -> (ImportResultId: 'cf1682c175955b257744886b467ba5f4') in 0.019519 seconds
[Worker0] Imported GUID: 32d40088a6124c578ad6b428df586e2e - Path: Packages/com.unity.ugui/Runtime/TMP/TextContainer.cs - Importer: ScriptedImporter/UnityEditor.QuickSearchModule:UnityEditor.Search:ASIAI0B -> (ImportResultId: '86faa699b472b14cd0f6c79a3ab55dde') in 0.0202064 seconds
[Worker1] Imported GUID: c76700ea0062413d9f69409b4e9e151b - Path: Packages/com.unity.ugui/Editor Resources/Textures/btn_AlignCenterGeo.psd - Importer: ScriptedImporter/UnityEditor.QuickSearchModule:UnityEditor.Search:ASIAI0B -> (ImportResultId: 'b89c4e974fdf3377db88af80a85d4804') in 0.0279784 seconds
[Worker2] Imported GUID: 322392995be44d23a3c86cfd972f838f - Path: Packages/com.unity.ugui/Runtime/TMP/TMP_DefaultControls.cs - Importer: ScriptedImporter/UnityEditor.QuickSearchModule:UnityEditor.Search:ASIAI0B -> (ImportResultId: 'eb174e91e9d446b6b4a088110094e335') in 0.0196195 seconds
[Worker0] Imported GUID: ed041e68439749a69d0efa0e3d896c2e - Path: Packages/com.unity.ugui/Editor Resources/Textures/btn_AlignTop_Light.psd - Importer: ScriptedImporter/UnityEditor.QuickSearchModule:UnityEditor.Search:ASIAI0B -> (ImportResultId: '6190886e6611a1d78c17a79966caf0e3') in 0.0262914 seconds
[Worker1] Imported GUID: 92027f7f8cfc4feaa477da0dc38d3d46 - Path: Packages/com.unity.ugui/Editor Resources/Textures/btn_AlignJustified.psd - Importer: ScriptedImporter/UnityEditor.QuickSearchModule:UnityEditor.Search:ASIAI0B -> (ImportResultId: 'c9af0985a08fd9812f7d69f0e16a0961') in 0.0266314 seconds
[Worker2] Imported GUID: 18775b51e3bd42299fd30bd036ea982f - Path: Packages/com.unity.ugui/Editor Resources/Textures/btn_AlignBaseLine_Light.psd - Importer: ScriptedImporter/UnityEditor.QuickSearchModule:UnityEditor.Search:ASIAI0B -> (ImportResultId: '5af832351b8d91fef6d14390843faa4f') in 0.0240238 seconds
[Worker0] Imported GUID: 1c147d10db452eb4b854a35f84472017 - Path: Packages/com.unity.ugui/Runtime/TMP/AssemblyInfo.cs - Importer: ScriptedImporter/UnityEditor.QuickSearchModule:UnityEditor.Search:ASIAI0B -> (ImportResultId: 'cf8fe7deaff6b92cc0c0aeadc510a8a7') in 0.023699 seconds
[Worker1] Imported GUID: 77b2d47bca9376f4a8ae69084a485957 - Path: Packages/com.unity.ugui/Runtime/TMP/FontFeatureCommonGSUB.cs - Importer: ScriptedImporter/UnityEditor.QuickSearchModule:UnityEditor.Search:ASIAI0B -> (ImportResultId: 'abbc40119eafbf23a36b64a256635ad3') in 0.0217726 seconds
[Worker2] Imported GUID: 871f8edd56e84b8fb295b10cc3c78f36 - Path: Packages/com.unity.ugui/Runtime/TMP/FastAction.cs - Importer: ScriptedImporter/UnityEditor.QuickSearchModule:UnityEditor.Search:ASIAI0B -> (ImportResultId: 'aaca7f508cdf89361b3fd108295fb778') in 0.0227174 seconds
[Worker1] Imported GUID: a4bbbb1fed4e2b7448af9313d6d00536 - Path: Packages/com.unity.ugui/Runtime/TMP/FontFeatureCommonGPOS.cs - Importer: ScriptedImporter/UnityEditor.QuickSearchModule:UnityEditor.Search:ASIAI0B -> (ImportResultId: 'b0c94712c3493b48c4b5aa4703db91c2') in 0.0192669 seconds
[Worker0] Imported GUID: 11a6a034ab84493cbed6af5ae7aae78b - Path: Packages/com.unity.ugui/Runtime/TMP/MaterialReferenceManager.cs - Importer: ScriptedImporter/UnityEditor.QuickSearchModule:UnityEditor.Search:ASIAI0B -> (ImportResultId: 'bc726c20abf2c9a7d430de77ffc478aa') in 0.0223191 seconds
[Worker2] Imported GUID: afc31ad767318c9488de260c166cd21d - Path: Packages/com.unity.ugui/Runtime/TMP/ITextPreProcessor.cs - Importer: ScriptedImporter/UnityEditor.QuickSearchModule:UnityEditor.Search:ASIAI0B -> (ImportResultId: '9b1a368264c40c59677950e18b3e347e') in 0.018674 seconds
[Worker1] Imported GUID: 7b743370ac3e4ec2a1668f5455a8ef8a - Path: Packages/com.unity.ugui/Runtime/TMP/TMP_Dropdown.cs - Importer: ScriptedImporter/UnityEditor.QuickSearchModule:UnityEditor.Search:ASIAI0B -> (ImportResultId: '3f864d4f4f1ce22bc542b703940cc284') in 0.0212326 seconds
[Worker0] Imported GUID: 0a017569bfe174e4890797b4d64cbabc - Path: Packages/com.unity.ugui/Runtime/TMP/TMP_FontAssetUtilities.cs - Importer: ScriptedImporter/UnityEditor.QuickSearchModule:UnityEditor.Search:ASIAI0B -> (ImportResultId: '34cf48cc3fe198e026ab9cb250380955') in 0.0226573 seconds
[Worker2] Imported GUID: 3c6c403084eacec478a1129ce20061ea - Path: Packages/com.unity.ugui/Editor Resources/Shaders/TMP_Properties.cginc - Importer: ScriptedImporter/UnityEditor.QuickSearchModule:UnityEditor.Search:ASIAI0B -> (ImportResultId: 'fb29093ace15ef989ee13256335104e9') in 0.0206829 seconds
[Worker1] Imported GUID: f4688fdb7df04437aeb418b961361dc5 - Path: Packages/com.unity.ugui/Runtime/TMP/TextMeshProUGUI.cs - Importer: ScriptedImporter/UnityEditor.QuickSearchModule:UnityEditor.Search:ASIAI0B -> (ImportResultId: 'a5424e3420690ef0a638d54973005109') in 0.0208915 seconds
[Worker0] Imported GUID: e05ace3bd15740cda0bad60d89092a5b - Path: Packages/com.unity.ugui/Editor Resources/Textures/btn_AlignRight_Light.psd - Importer: ScriptedImporter/UnityEditor.QuickSearchModule:UnityEditor.Search:ASIAI0B -> (ImportResultId: '60f53c56e32cf8a3db6751afcc0c3731') in 0.0247053 seconds
[Worker2] Imported GUID: 8bc445bb79654bf496c92d0407840a92 - Path: Packages/com.unity.ugui/Editor Resources/Textures/btn_AlignBaseLine.psd - Importer: ScriptedImporter/UnityEditor.QuickSearchModule:UnityEditor.Search:ASIAI0B -> (ImportResultId: '77559ed351b195b826179048ef19a825') in 0.0246732 seconds
[Worker1] Imported GUID: 54d21f6ece3b46479f0c328f8c6007e0 - Path: Packages/com.unity.ugui/Runtime/TMP/TMP_ColorGradient.cs - Importer: ScriptedImporter/UnityEditor.QuickSearchModule:UnityEditor.Search:ASIAI0B -> (ImportResultId: '605e5203f877ef46d08462b0a652f097') in 0.0220906 seconds
[Worker0] Imported GUID: 48d034c499ee4697af9dd6e327110249 - Path: Packages/com.unity.ugui/Editor Resources/Textures/btn_AlignTop.psd - Importer: ScriptedImporter/UnityEditor.QuickSearchModule:UnityEditor.Search:ASIAI0B -> (ImportResultId: '7afc3ceff29ee15c739a002f0af28bac') in 0.0254944 seconds
[Worker2] Imported GUID: 12736c98af174f91827a26b66d2b01b9 - Path: Packages/com.unity.ugui/Editor Resources/Textures/btn_AlignLeft_Light.psd - Importer: ScriptedImporter/UnityEditor.QuickSearchModule:UnityEditor.Search:ASIAI0B -> (ImportResultId: 'cac3007f85644c34fe3d74a33d319643') in 0.0278096 seconds
[Worker1] Imported GUID: 79ff392d1bde4ad78a3836a4a480392d - Path: Packages/com.unity.ugui/Runtime/TMP/TMP_InputValidator.cs - Importer: ScriptedImporter/UnityEditor.QuickSearchModule:UnityEditor.Search:ASIAI0B -> (ImportResultId: '17565a7f50e6b4dbb0612ea31c3c81dc') in 0.0234821 seconds
[Worker0] Imported GUID: 066619c9c9c84f89acb1b48c11a7efe2 - Path: Packages/com.unity.ugui/Editor Resources/Textures/btn_AlignMiddle_Light.psd - Importer: ScriptedImporter/UnityEditor.QuickSearchModule:UnityEditor.Search:ASIAI0B -> (ImportResultId: 'be7c77dc1feca8bd00839fe7425f4be3') in 0.0250318 seconds
[Worker2] Imported GUID: 90fe1c65e6bb3bc4e90862df7297719e - Path: Packages/com.unity.ugui/Runtime/TMP/TMP_CharacterInfo.cs - Importer: ScriptedImporter/UnityEditor.QuickSearchModule:UnityEditor.Search:ASIAI0B -> (ImportResultId: 'cb98116867bad85bb06f3e355b97073e') in 0.0206561 seconds
[Worker1] Imported GUID: 691475c57a824010be0c6f474caeb7e1 - Path: Packages/com.unity.ugui/Editor Resources/Textures/btn_AlignFlush.psd - Importer: ScriptedImporter/UnityEditor.QuickSearchModule:UnityEditor.Search:ASIAI0B -> (ImportResultId: '26822866c2ae67a24881a30eef20db42') in 0.024501 seconds
[Worker2] Imported GUID: f695b5f9415c40b39ae877eaff41c96e - Path: Packages/com.unity.ugui/Runtime/TMP/TMP_FontAssetCommon.cs - Importer: ScriptedImporter/UnityEditor.QuickSearchModule:UnityEditor.Search:ASIAI0B -> (ImportResultId: '9c13f0b48069ad0546a81a44352beeb4') in 0.0185454 seconds
[Worker0] Imported GUID: ec7c645d93308c04d8840982af12101e - Path: Packages/com.unity.ugui/Editor Resources/Gizmos/TMP - Sprite Asset Icon.psd - Importer: ScriptedImporter/UnityEditor.QuickSearchModule:UnityEditor.Search:ASIAI0B -> (ImportResultId: '8e363f12f7b04f2cc0ee25d0d9e1b9ed') in 0.0254265 seconds
[Worker2] Imported GUID: 987fa2c7d1a0e2242839cb8af2fcecc9 - Path: Packages/com.unity.ugui/Runtime/InternalBridge/TMPHelpURL.cs - Importer: ScriptedImporter/UnityEditor.QuickSearchModule:UnityEditor.Search:ASIAI0B -> (ImportResultId: '3715857866f099798f7e91f6b9a9cc3f') in 0.0197722 seconds
[Worker1] Imported GUID: 2fd6421f253b4ef1a19526541f9ffc0c - Path: Packages/com.unity.ugui/Editor Resources/Gizmos/TMP - Text Component Icon.psd - Importer: ScriptedImporter/UnityEditor.QuickSearchModule:UnityEditor.Search:ASIAI0B -> (ImportResultId: 'e58e11927a5116bd3692a80f1470684e') in 0.0285406 seconds
[Worker0] Imported GUID: c2f7f6a88b4c4f20a53deb72f3d9144c - Path: Packages/com.unity.ugui/Editor Resources/Textures/btn_AlignMidLine.psd - Importer: ScriptedImporter/UnityEditor.QuickSearchModule:UnityEditor.Search:ASIAI0B -> (ImportResultId: '0941018886199ed79cf490f80ffdc630') in 0.0271066 seconds
[Worker1] Imported GUID: fa6bd40a216346b783a4cce741d277a5 - Path: Packages/com.unity.ugui/Editor Resources/Textures/btn_AlignJustified_Light.psd - Importer: ScriptedImporter/UnityEditor.QuickSearchModule:UnityEditor.Search:ASIAI0B -> (ImportResultId: '6e886bd3dba6faa561bc53a10d4f636b') in 0.0216765 seconds
[Worker2] Imported GUID: 6ace62d30f494c948b71d5594afce11d - Path: Packages/com.unity.ugui/Editor Resources/Textures/btn_AlignCenter_Light.psd - Importer: ScriptedImporter/UnityEditor.QuickSearchModule:UnityEditor.Search:ASIAI0B -> (ImportResultId: 'bf143e2f7fb1d1b1f865f01f0e276d24') in 0.0264701 seconds
[Worker0] Imported GUID: f5bdc05a613799d43845f94fb8735763 - Path: Packages/com.unity.ugui/Runtime/InternalBridge/AssemblyInfo.cs - Importer: ScriptedImporter/UnityEditor.QuickSearchModule:UnityEditor.Search:ASIAI0B -> (ImportResultId: 'c27a10f4d213771e5c0d1f8c6efc6280') in 0.0193043 seconds
[Worker1] Imported GUID: bb42b2d967d6427983c901a4ffc8ecd9 - Path: Packages/com.unity.ugui/Editor Resources/Textures/btn_AlignMidline_Light.psd - Importer: ScriptedImporter/UnityEditor.QuickSearchModule:UnityEditor.Search:ASIAI0B -> (ImportResultId: '1977430c1f31f0e5a15bffe51269c3d3') in 0.0255486 seconds
[Worker0] Imported GUID: 21364f754cf9b9b47a60742332d4af56 - Path: Packages/com.unity.ugui/Runtime/TMP/TMP_Compatibility.cs - Importer: ScriptedImporter/UnityEditor.QuickSearchModule:UnityEditor.Search:ASIAI0B -> (ImportResultId: '97e1456f3208605a7a12e8acb4bc4147') in 0.0220218 seconds
[Worker2] Imported GUID: 4ac5b6a65aaeb59478e3b78660e9f134 - Path: Packages/com.unity.ugui/Runtime/TMP/TMP_Character.cs - Importer: ScriptedImporter/UnityEditor.QuickSearchModule:UnityEditor.Search:ASIAI0B -> (ImportResultId: '2c3ad13391207bb787e0b12fcfa351d1') in 0.0251824 seconds
[Worker1] Imported GUID: 71c1514a6bd24e1e882cebbe1904ce04 - Path: Packages/com.unity.ugui/Runtime/TMP/TMP_FontAsset.cs - Importer: ScriptedImporter/UnityEditor.QuickSearchModule:UnityEditor.Search:ASIAI0B -> (ImportResultId: '32912872e26169823c8d31d026fb645a') in 0.0215295 seconds
[Worker2] Imported GUID: 8bc2b083b068f3546a9509c805e0541c - Path: Packages/com.unity.ugui/Editor/TMP/PropertyDrawers/GlyphRectPropertyDrawer.cs - Importer: ScriptedImporter/UnityEditor.QuickSearchModule:UnityEditor.Search:ASIAI0B -> (ImportResultId: 'ec1bb92190713648dae7bd54fb608674') in 0.0192502 seconds
[Worker1] Imported GUID: fea49a0730244a98bf1087f7ca9410a8 - Path: Packages/com.unity.ugui/Runtime/TMP/TMP_ShaderUtilities.cs - Importer: ScriptedImporter/UnityEditor.QuickSearchModule:UnityEditor.Search:ASIAI0B -> (ImportResultId: 'bc621a9d7b0baa055d89c3eacfa54344') in 0.019768 seconds
[Worker0] Imported GUID: 35d143b352678294ab0f5feb97b67f88 - Path: Packages/com.unity.ugui/Editor/UGUI/UI/ContentSizeFitterEditor.cs - Importer: ScriptedImporter/UnityEditor.QuickSearchModule:UnityEditor.Search:ASIAI0B -> (ImportResultId: '0125430722766b8b818a3d0b71fe2f93') in 0.0203627 seconds
[Worker2] Imported GUID: 2705215ac5b84b70bacc50632be6e391 - Path: Packages/com.unity.ugui/Runtime/TMP/TMP_Settings.cs - Importer: ScriptedImporter/UnityEditor.QuickSearchModule:UnityEditor.Search:ASIAI0B -> (ImportResultId: '5ce9c4b25ad34ee17ba017bf115cd619') in 0.0206192 seconds
[Worker1] Imported GUID: 2bafac87e7f4b9b418d9448d219b01ab - Path: Packages/com.unity.ugui/Runtime/UGUI/UnityEngine.UI.asmdef - Importer: ScriptedImporter/UnityEditor.QuickSearchModule:UnityEditor.Search:ASIAI0B -> (ImportResultId: 'f06c6b4427311191850dd48f1cb25f30') in 0.0209813 seconds
[Worker0] Imported GUID: d256fa541faf5d4409992c631adb98a1 - Path: Packages/com.unity.ugui/Editor/TMP/PropertyDrawers/GlyphPairAdjustmentRecordPropertyDrawer.cs - Importer: ScriptedImporter/UnityEditor.QuickSearchModule:UnityEditor.Search:ASIAI0B -> (ImportResultId: 'c13f2b61b612b1795ee6fd130cb800d0') in 0.0208736 seconds
[Worker1] Imported GUID: 9545c9eb3bf94265810463794fec8334 - Path: Packages/com.unity.ugui/Editor/TMP/PropertyDrawers/DropdownOptionListDrawer.cs - Importer: ScriptedImporter/UnityEditor.QuickSearchModule:UnityEditor.Search:ASIAI0B -> (ImportResultId: 'c89dbf0d68f5ff448ecab7ec87e61078') in 0.0175426 seconds
[Worker0] Imported GUID: e3795795b029fde4395e6953ce72b5a6 - Path: Packages/com.unity.ugui/Editor/TMP/HDRP/TMP_BaseHDRPLitShaderGUI.cs - Importer: ScriptedImporter/UnityEditor.QuickSearchModule:UnityEditor.Search:ASIAI0B -> (ImportResultId: '9f8c3a7e587f9f13572030f117e8fece') in 0.0176136 seconds
[Worker2] Imported GUID: 6366ee97f6b541449155028b9487355a - Path: Packages/com.unity.ugui/Runtime/TMP/TMP_SpriteAnimator.cs - Importer: ScriptedImporter/UnityEditor.QuickSearchModule:UnityEditor.Search:ASIAI0B -> (ImportResultId: '066e969447b575831a6503eb72cc9716') in 0.0194083 seconds
[Worker0] Imported GUID: ca819640f53b48919bf7774744f7f15e - Path: Packages/com.unity.ugui/Runtime/TMP/TMP_SelectionCaret.cs - Importer: ScriptedImporter/UnityEditor.QuickSearchModule:UnityEditor.Search:ASIAI0B -> (ImportResultId: 'e343d8247af703ace8e4af2854fae562') in 0.021734 seconds
[Worker2] Imported GUID: 37b164a494cd92a498526852ecceedef - Path: Packages/com.unity.ugui/Editor/UGUI/EventSystem/EventTriggerEditor.cs - Importer: ScriptedImporter/UnityEditor.QuickSearchModule:UnityEditor.Search:ASIAI0B -> (ImportResultId: '3deb88b271c98b68756bf810ed71235c') in 0.0217189 seconds
[Worker1] Imported GUID: 84a92b25f83d49b9bc132d206b370281 - Path: Packages/com.unity.ugui/Runtime/TMP/TMP_SpriteAsset.cs - Importer: ScriptedImporter/UnityEditor.QuickSearchModule:UnityEditor.Search:ASIAI0B -> (ImportResultId: '11842bd2773b3cd0abf8fd240f3c1dc6') in 0.0232267 seconds
[Worker0] Imported GUID: 6d9df2bc198c417db00037803568139c - Path: Packages/com.unity.ugui/Runtime/TMP/TMP_MaterialManager.cs - Importer: ScriptedImporter/UnityEditor.QuickSearchModule:UnityEditor.Search:ASIAI0B -> (ImportResultId: '52adeba8f78fca3576de081482361e93') in 0.0210659 seconds
[Worker2] Imported GUID: 691db8cb70c4426a8ae718465c21345f - Path: Packages/com.unity.ugui/Runtime/TMP/TMP_UpdateManager.cs - Importer: ScriptedImporter/UnityEditor.QuickSearchModule:UnityEditor.Search:ASIAI0B -> (ImportResultId: '54bf8329e917412aa10f907494a46bcc') in 0.0222898 seconds
[Worker1] Imported GUID: e4e0b1de1aee400d81ed4273141e7823 - Path: Packages/com.unity.ugui/Runtime/TMP/TMP_SpriteAssetImportFormats.cs - Importer: ScriptedImporter/UnityEditor.QuickSearchModule:UnityEditor.Search:ASIAI0B -> (ImportResultId: '10b14920f5d562e1d07488f03355f6ba') in 0.0229502 seconds
[Worker0] Imported GUID: b6e75d7f429a4e7e9e1ffb4f85cff49f - Path: Packages/com.unity.ugui/Runtime/TMP/TMP_LineInfo.cs - Importer: ScriptedImporter/UnityEditor.QuickSearchModule:UnityEditor.Search:ASIAI0B -> (ImportResultId: '6b6e2588dbc50dec05e4922cddf09931') in 0.0191737 seconds
[Worker1] Imported GUID: 30bed781e402439ab8ce4e3357708115 - Path: Packages/com.unity.ugui/Runtime/TMP/TMP_Style.cs - Importer: ScriptedImporter/UnityEditor.QuickSearchModule:UnityEditor.Search:ASIAI0B -> (ImportResultId: 'a1e26e6f594878a4b20c5b1f9b2538e7') in 0.0203082 seconds
[Worker2] Imported GUID: e21bec35f48a44298911b25ead550ce3 - Path: Packages/com.unity.ugui/Runtime/TMP/TMP_MeshInfo.cs - Importer: ScriptedImporter/UnityEditor.QuickSearchModule:UnityEditor.Search:ASIAI0B -> (ImportResultId: '3b7eaef62e86d7bd2e96b8099465a764') in 0.0215733 seconds
[Worker0] Imported GUID: 968a09f153574430a6e15ae975145768 - Path: Packages/com.unity.ugui/Runtime/TMP/TMP_Sprite.cs - Importer: ScriptedImporter/UnityEditor.QuickSearchModule:UnityEditor.Search:ASIAI0B -> (ImportResultId: '60bb9444b1585552b32d387fd0076645') in 0.0188513 seconds
[Worker1] Imported GUID: 58c9792f08de21b4194eb2f9d862dc22 - Path: Packages/com.unity.ugui/Runtime/UGUI/AssemblyInfo.cs - Importer: ScriptedImporter/UnityEditor.QuickSearchModule:UnityEditor.Search:ASIAI0B -> (ImportResultId: 'dd24de59ad55869825fd621cd1e4d491') in 0.0189858 seconds
[Worker2] Imported GUID: 37cff9f5a86ae494c8cb04423580480d - Path: Packages/com.unity.ugui/Editor/TMP/PropertyDrawers/TMP_SpriteCharacterPropertyDrawer.cs - Importer: ScriptedImporter/UnityEditor.QuickSearchModule:UnityEditor.Search:ASIAI0B -> (ImportResultId: '4089d8527a487319029488e981aebaaa') in 0.0222748 seconds
[Worker2] Imported GUID: 371a2245f9a9ff344997fec3609bf73e - Path: Packages/com.unity.ugui/Editor/TMP/PropertyDrawers/TMP_PropertyDrawerUtilities.cs - Importer: ScriptedImporter/UnityEditor.QuickSearchModule:UnityEditor.Search:ASIAI0B -> (ImportResultId: '527d546cd5362005b1159356bc1b5faa') in 0.0168261 seconds
[Worker1] Imported GUID: 6f72aa6eab9392548b9e9d92eb6b2ef8 - Path: Packages/com.unity.ugui/Editor/UGUI/EventSystem/EventSystemEditor.cs - Importer: ScriptedImporter/UnityEditor.QuickSearchModule:UnityEditor.Search:ASIAI0B -> (ImportResultId: '97bc2845c02d0cb526dd46c8333664e5') in 0.0204773 seconds
[Worker0] Imported GUID: 645409e9544820042937871953f20509 - Path: Packages/com.unity.ugui/Editor/TMP/HDRP/TMP_BaseHDRPUnlitShaderGUI.cs - Importer: ScriptedImporter/UnityEditor.QuickSearchModule:UnityEditor.Search:ASIAI0B -> (ImportResultId: '4497e7b194e2bdb5ded29363da7eb119') in 0.0264129 seconds
[Worker2] Imported GUID: 4f0ca6874aa74540bb3d4fe5a0f86bcc - Path: Packages/com.unity.ugui/Runtime/TMP/TMP_TextUtilities.cs - Importer: ScriptedImporter/UnityEditor.QuickSearchModule:UnityEditor.Search:ASIAI0B -> (ImportResultId: '4d556ad8cec2dda8d0776a48844df2a2') in 0.0182281 seconds
[Worker1] Imported GUID: cf1fe50a641faac4691bf49eb32ce333 - Path: Packages/com.unity.ugui/Runtime/TMP/TMP_PackageResourceImporter.cs - Importer: ScriptedImporter/UnityEditor.QuickSearchModule:UnityEditor.Search:ASIAI0B -> (ImportResultId: '390c388c6b50d1ca4f7135e0f273f062') in 0.0206549 seconds
[Worker0] Imported GUID: 6055be8ebefd69e48b49212b09b47b2f - Path: Packages/com.unity.ugui/Runtime/TMP/Unity.TextMeshPro.asmdef - Importer: ScriptedImporter/UnityEditor.QuickSearchModule:UnityEditor.Search:ASIAI0B -> (ImportResultId: '5fdcbcf0cb3c5483404d277cd601c464') in 0.0207312 seconds
[Worker2] Imported GUID: d51458b261e0ecc4a98904e53924dc1c - Path: Packages/com.unity.ugui/Editor/UGUI/Properties/AssemblyInfo.cs - Importer: ScriptedImporter/UnityEditor.QuickSearchModule:UnityEditor.Search:ASIAI0B -> (ImportResultId: 'bfd853b4248dd11ad39d20b3f4285e2e') in 0.0253317 seconds
[Worker0] Imported GUID: b458b2c7f196bdc4581b2f9fd6a5d931 - Path: Packages/com.unity.ugui/Runtime/TMP/TMP_RichTextTagsCommon.cs - Importer: ScriptedImporter/UnityEditor.QuickSearchModule:UnityEditor.Search:ASIAI0B -> (ImportResultId: '841d996658d3cec4ade550debc5b2ff0') in 0.0206009 seconds
[Worker1] Imported GUID: 87ab1bebe13f41f89d5427e7d2c34d58 - Path: Packages/com.unity.ugui/Runtime/TMP/TMP_TextElement_Legacy.cs - Importer: ScriptedImporter/UnityEditor.QuickSearchModule:UnityEditor.Search:ASIAI0B -> (ImportResultId: '67842fff1d134aaa2433c8edcc82fd3e') in 0.0232194 seconds
[Worker0] Imported GUID: 4ae64f3f72004807a9f919f9c27af0db - Path: Packages/com.unity.ugui/Runtime/TMP/TMP_TextInfo.cs - Importer: ScriptedImporter/UnityEditor.QuickSearchModule:UnityEditor.Search:ASIAI0B -> (ImportResultId: '6221657508161d0439106330b2606ec9') in 0.0202792 seconds
[Worker1] Imported GUID: 20a9b557a46149dfbfa04a3a7080f5aa - Path: Packages/com.unity.ugui/Runtime/TMP/TMP_TextProcessingStack.cs - Importer: ScriptedImporter/UnityEditor.QuickSearchModule:UnityEditor.Search:ASIAI0B -> (ImportResultId: '85449e3751b0e943833e56463632a0f7') in 0.0201673 seconds
[Worker2] Imported GUID: ab2114bdc8544297b417dfefe9f1e410 - Path: Packages/com.unity.ugui/Runtime/TMP/TMP_StyleSheet.cs - Importer: ScriptedImporter/UnityEditor.QuickSearchModule:UnityEditor.Search:ASIAI0B -> (ImportResultId: '8e814b12d6263d2c3dac5a5dd9fcde5a') in 0.020968 seconds
[Worker1] Imported GUID: e976a5e755c7016418f66e15223c1b90 - Path: Packages/com.unity.ugui/Editor/UGUI/EventSystem/PhysicsRaycasterEditor.cs - Importer: ScriptedImporter/UnityEditor.QuickSearchModule:UnityEditor.Search:ASIAI0B -> (ImportResultId: '37d37fda7a36a239c13c16854ea3687d') in 0.0187459 seconds
[Worker0] Imported GUID: 765f7aac6597fc444a90dac4294e929d - Path: Packages/com.unity.ugui/Editor/UGUI/EventSystem/InputModuleComponentFactory.cs - Importer: ScriptedImporter/UnityEditor.QuickSearchModule:UnityEditor.Search:ASIAI0B -> (ImportResultId: '3bf7ead2b2b66518e9cfd5f06e84b944') in 0.0201831 seconds
[Worker2] Imported GUID: 07994bfe8b0e4adb97d706de5dea48d5 - Path: Packages/com.unity.ugui/Runtime/TMP/TMP_SubMesh.cs - Importer: ScriptedImporter/UnityEditor.QuickSearchModule:UnityEditor.Search:ASIAI0B -> (ImportResultId: '230445b24d690ca2599fa1ae84478ee7') in 0.0197425 seconds
[Worker2] Imported GUID: c4777500b5da6094e956c3d4f04de4db - Path: Packages/com.unity.ugui/Editor/TMP/PropertyDrawers/TMP_GlyphPropertyDrawer.cs - Importer: ScriptedImporter/UnityEditor.QuickSearchModule:UnityEditor.Search:ASIAI0B -> (ImportResultId: 'c8a4e9513e0c48dc2f3e9d00a8133a22') in 0.0209774 seconds
[Worker1] Imported GUID: c55a64c7570474f47a94abe39ebfef04 - Path: Packages/com.unity.ugui/Editor/TMP/PropertyDrawers/TMP_TextAlignmentDrawer.cs - Importer: ScriptedImporter/UnityEditor.QuickSearchModule:UnityEditor.Search:ASIAI0B -> (ImportResultId: '6825ac7239df323a28df211b911ce463') in 0.0225831 seconds
[Worker0] Imported GUID: a55fb7b4961a425381d1282fc424f966 - Path: Packages/com.unity.ugui/Runtime/TMP/TMP_UpdateRegistery.cs - Importer: ScriptedImporter/UnityEditor.QuickSearchModule:UnityEditor.Search:ASIAI0B -> (ImportResultId: '3a16cf3e59cf6c8cd5a436d8cd9e8949') in 0.0216976 seconds
[Worker1] Imported GUID: 065a7fcf0d7286d418f3114ec18d1a2d - Path: Packages/com.unity.ugui/Editor/TMP/PropertyDrawers/TMP_MarkToBaseAdjustmentRecordPropertyDrawer.cs - Importer: ScriptedImporter/UnityEditor.QuickSearchModule:UnityEditor.Search:ASIAI0B -> (ImportResultId: '262a4e56b0472560110de7a1d5937f20') in 0.0192572 seconds
[Worker2] Imported GUID: 543674eec776b1442a192c932e6cd9b3 - Path: Packages/com.unity.ugui/Runtime/TMP/TMP_TextElement.cs - Importer: ScriptedImporter/UnityEditor.QuickSearchModule:UnityEditor.Search:ASIAI0B -> (ImportResultId: 'd8c045ed08d96062c3be554c181b27bd') in 0.0225901 seconds
[Worker0] Imported GUID: 1143ae6bb91836f4a8f8ebfaabb9396d - Path: Packages/com.unity.ugui/Editor/UGUI/EventSystem/Physics2DRaycasterEditor.cs - Importer: ScriptedImporter/UnityEditor.QuickSearchModule:UnityEditor.Search:ASIAI0B -> (ImportResultId: 'babeb56e26cfc6edec7ff68999a16b52') in 0.0233379 seconds
[Worker1] Imported GUID: 5143f58107604835ab1a5efa2d8818fd - Path: Packages/com.unity.ugui/Runtime/TMP/TMP_Text.cs - Importer: ScriptedImporter/UnityEditor.QuickSearchModule:UnityEditor.Search:ASIAI0B -> (ImportResultId: 'e51ca74fa23185b7e6fe3b25942b04b7') in 0.0182212 seconds
[Worker2] Imported GUID: 3bce033ee26244e419b3bb3bba95a37d - Path: Packages/com.unity.ugui/Editor/UGUI/UI/CanvasScalerEditor.cs - Importer: ScriptedImporter/UnityEditor.QuickSearchModule:UnityEditor.Search:ASIAI0B -> (ImportResultId: '25c7e7212f814960b9f05522e8ba719e') in 0.0224563 seconds
[Worker0] Imported GUID: c890977a36bfdc849872b9337ab89098 - Path: Packages/com.unity.ugui/Editor/UGUI/UI/GraphicEditor.cs - Importer: ScriptedImporter/UnityEditor.QuickSearchModule:UnityEditor.Search:ASIAI0B -> (ImportResultId: '5380b734766a0a83473b629cd39b7977') in 0.02098 seconds
[Worker1] Imported GUID: 05f582d4fbc8e0c40afccb76bbbe0935 - Path: Packages/com.unity.ugui/Editor/UGUI/UI/DropdownEditor.cs - Importer: ScriptedImporter/UnityEditor.QuickSearchModule:UnityEditor.Search:ASIAI0B -> (ImportResultId: '7dbc9d9d780714f1ec11743ace77b727') in 0.0213867 seconds
[Worker2] Imported GUID: 202d758d102b6854a9710c8b93db742c - Path: Packages/com.unity.ugui/Runtime/TMP/TMP_SpriteCharacter.cs - Importer: ScriptedImporter/UnityEditor.QuickSearchModule:UnityEditor.Search:ASIAI0B -> (ImportResultId: '7afddb5253bbad53b2b6cdb8a7cc1867') in 0.0225282 seconds
[Worker0] Imported GUID: b5f70efd2f7b286498ca6c00adbb4a13 - Path: Packages/com.unity.ugui/Editor/UGUI/UI/AspectRatioFitterEditor.cs - Importer: ScriptedImporter/UnityEditor.QuickSearchModule:UnityEditor.Search:ASIAI0B -> (ImportResultId: 'd7d4338098092741828b6bfc62006da4') in 0.0230773 seconds
[Worker1] Imported GUID: 056819c66570ca54cadb72330a354050 - Path: Packages/com.unity.ugui/Editor/TMP/PropertyDrawers/TMP_SpriteGlyphPropertyDrawer.cs - Importer: ScriptedImporter/UnityEditor.QuickSearchModule:UnityEditor.Search:ASIAI0B -> (ImportResultId: 'b7d9065632196c3a3c63de5487eab9f5') in 0.0230136 seconds
[Worker2] Imported GUID: 149e85704eb73624ba2d705408274f3e - Path: Packages/com.unity.ugui/Editor/TMP/PropertyDrawers/TMP_MarkToMarkAdjustmentRecordPropertyDrawer.cs - Importer: ScriptedImporter/UnityEditor.QuickSearchModule:UnityEditor.Search:ASIAI0B -> (ImportResultId: 'bf92068d5fcd2bc0a0b6bac3e0ce072b') in 0.0208231 seconds
[Worker0] Imported GUID: 24cda912b57cf784d9eebefb7c59111c - Path: Packages/com.unity.ugui/Editor/Analytics/IAnalytic/UGUIBuildEvent.cs - Importer: ScriptedImporter/UnityEditor.QuickSearchModule:UnityEditor.Search:ASIAI0B -> (ImportResultId: '08a4849565fb8672411961356e775ca4') in 0.024068 seconds
[Worker1] Imported GUID: 85016528879d5d644981050d1d0a4368 - Path: Packages/com.unity.ugui/Editor/TMP/HDRP/TMP_SDF_HDRPLitShaderGUI.cs - Importer: ScriptedImporter/UnityEditor.QuickSearchModule:UnityEditor.Search:ASIAI0B -> (ImportResultId: 'fbcf05af056401c5e5c2bac7754b5a19') in 0.01949 seconds
[Worker2] Imported GUID: 7b6c2e51603686247afd5ab620c490e6 - Path: Packages/com.unity.ugui/Editor/TMP/PropertyDrawers/LigatureSubstitutionRecordPropertyDrawer.cs - Importer: ScriptedImporter/UnityEditor.QuickSearchModule:UnityEditor.Search:ASIAI0B -> (ImportResultId: '403383bdea6428aa9d643a8bfd70d8ae') in 0.01891 seconds
[Worker0] Imported GUID: 4877f87131635e6408f8c44e5d86791e - Path: Packages/com.unity.ugui/Runtime/TMP/TMP_ResourcesManager.cs - Importer: ScriptedImporter/UnityEditor.QuickSearchModule:UnityEditor.Search:ASIAI0B -> (ImportResultId: '086ade6f1a76c9b314747427745781ed') in 0.0205422 seconds
[Worker1] Imported GUID: e3882522a08b6f5459b4dea6f8791278 - Path: Packages/com.unity.ugui/Editor/TMP/PropertyDrawers/GlyphMetricsPropertyDrawer.cs - Importer: ScriptedImporter/UnityEditor.QuickSearchModule:UnityEditor.Search:ASIAI0B -> (ImportResultId: '4c84f72d4693ff5065617e01073989a3') in 0.0210048 seconds
[Worker2] Imported GUID: 5b5c6a576605b3c4aab7d27193785f27 - Path: Packages/com.unity.ugui/Runtime/TMP/TMP_SpriteGlyph.cs - Importer: ScriptedImporter/UnityEditor.QuickSearchModule:UnityEditor.Search:ASIAI0B -> (ImportResultId: '90c797988a8fdb0207edcff4354dc7fa') in 0.0198533 seconds
[Worker0] Imported GUID: c8f647c4cc6a64e4ba36c171768ab9a7 - Path: Packages/com.unity.ugui/Runtime/TMP/TMP_TextProcessingCommon.cs - Importer: ScriptedImporter/UnityEditor.QuickSearchModule:UnityEditor.Search:ASIAI0B -> (ImportResultId: '8c6867d44257544b7140dc82a6443cef') in 0.0206922 seconds
[Worker1] Imported GUID: 6ad632cbcc87f634d9b86006cdffdaf5 - Path: Packages/com.unity.ugui/Runtime/TMP/TMP_TextParsingUtilities.cs - Importer: ScriptedImporter/UnityEditor.QuickSearchModule:UnityEditor.Search:ASIAI0B -> (ImportResultId: 'bf327fe2da73fbd4e1afbcd3be37e93b') in 0.018825 seconds
[Worker2] Imported GUID: bad96c2cfa78a124cb8ec890d2386dfe - Path: Packages/com.unity.ugui/Editor/TMP/HDRP/TMP_SDF_HDRPUnlitShaderGUI.cs - Importer: ScriptedImporter/UnityEditor.QuickSearchModule:UnityEditor.Search:ASIAI0B -> (ImportResultId: '8efcebe520d37e106571d54c2aed7442') in 0.0253366 seconds
[Worker0] Imported GUID: 472a6f18dd2f97c41af72271d22db869 - Path: Packages/com.unity.ugui/Editor/UGUI/UI/ButtonEditor.cs - Importer: ScriptedImporter/UnityEditor.QuickSearchModule:UnityEditor.Search:ASIAI0B -> (ImportResultId: '673636f5876d38f516dd7f93c1d6744a') in 0.0210806 seconds
[Worker1] Imported GUID: 058cba836c1846c3aa1c5fd2e28aea77 - Path: Packages/com.unity.ugui/Runtime/TMP/TMP_SubMeshUI.cs - Importer: ScriptedImporter/UnityEditor.QuickSearchModule:UnityEditor.Search:ASIAI0B -> (ImportResultId: 'afe4bf8808e9ea5865a1acf0a4eb7ab5') in 0.0184344 seconds
[Worker2] Imported GUID: 34e150112c1c42ac83170b52d898e322 - Path: Packages/com.unity.ugui/Runtime/TMP/TMP_ScrollbarEventHandler.cs - Importer: ScriptedImporter/UnityEditor.QuickSearchModule:UnityEditor.Search:ASIAI0B -> (ImportResultId: '6de0e40b4c0ac971ae5a7ce91e7d90fc') in 0.0194383 seconds
[Worker0] Imported GUID: 01ada73c4792aba4c937ff5d92cce866 - Path: Packages/com.unity.ugui/Editor/TMP/PropertyDrawers/TMP_CharacterPropertyDrawer.cs - Importer: ScriptedImporter/UnityEditor.QuickSearchModule:UnityEditor.Search:ASIAI0B -> (ImportResultId: '8da4b0583c4de9e3634467300e890658') in 0.019311 seconds
[Worker1] Imported GUID: 899b803b32ce548918778bacc0a950f0 - Path: Packages/com.unity.ugui/Editor/UGUI/UI/CanvasGroupEditor.cs - Importer: ScriptedImporter/UnityEditor.QuickSearchModule:UnityEditor.Search:ASIAI0B -> (ImportResultId: '7a1f26876ad9a521a3c46a8e2bf1e5f1') in 0.0177239 seconds
[Worker2] Imported GUID: a62706dc421fc9b4fa368a8050a930f7 - Path: Packages/com.unity.ugui/Editor/UGUI/UI/PrefabLayoutRebuilder.cs - Importer: ScriptedImporter/UnityEditor.QuickSearchModule:UnityEditor.Search:ASIAI0B -> (ImportResultId: 'c5edd92c45ecb9230185360e551da341') in 0.0170507 seconds
[Worker0] Imported GUID: 76c392e42b5098c458856cdf6ecaaaa1 - Path: Packages/com.unity.ugui/Runtime/UGUI/EventSystem/EventSystem.cs - Importer: ScriptedImporter/UnityEditor.QuickSearchModule:UnityEditor.Search:ASIAI0B -> (ImportResultId: '9e9b6aff0268833ec229bca7eb83686a') in 0.0194289 seconds
[Worker1] Imported GUID: d0b148fe25e99eb48b9724523833bab1 - Path: Packages/com.unity.ugui/Runtime/UGUI/EventSystem/EventTrigger.cs - Importer: ScriptedImporter/UnityEditor.QuickSearchModule:UnityEditor.Search:ASIAI0B -> (ImportResultId: '45e339c7c4e04cda7450f98c7a382dba') in 0.0199493 seconds
[Worker2] Imported GUID: b759d61544e231c41bc88530b1d94ee8 - Path: Packages/com.unity.ugui/Editor/UGUI/UI/ImageEditor.cs - Importer: ScriptedImporter/UnityEditor.QuickSearchModule:UnityEditor.Search:ASIAI0B -> (ImportResultId: '8736558486eae8198d2f5cfe537af33b') in 0.0209027 seconds
[Worker0] Imported GUID: b825fd5f27403b84f97726dd9c5a5e6f - Path: Packages/com.unity.ugui/Editor/UGUI/UI/PropertyDrawers/ColorBlockDrawer.cs - Importer: ScriptedImporter/UnityEditor.QuickSearchModule:UnityEditor.Search:ASIAI0B -> (ImportResultId: '3ea3b302f2180ba47729e8986030f7ef') in 0.020428 seconds
[Worker1] Imported GUID: 05242c3d99f24a74f99cc20369fcb344 - Path: Packages/com.unity.ugui/Tests/Editor/Common/UnityEditor.UI.Common.Tests.asmdef - Importer: ScriptedImporter/UnityEditor.QuickSearchModule:UnityEditor.Search:ASIAI0B -> (ImportResultId: '8dc22dc97c9302e9667360db359e6419') in 0.0252712 seconds
[Worker2] Imported GUID: f867743975592a743a3581ff042bcc25 - Path: Packages/com.unity.ugui/Editor/UGUI/UI/MenuOptions.cs - Importer: ScriptedImporter/UnityEditor.QuickSearchModule:UnityEditor.Search:ASIAI0B -> (ImportResultId: 'dadc1e356b4dc2cb93468ae116210879') in 0.0193542 seconds
[Worker0] Imported GUID: 56ba6cb160ebfc042b48224bd1a35614 - Path: Packages/com.unity.ugui/Editor/UGUI/UI/ScrollRectEditor.cs - Importer: ScriptedImporter/UnityEditor.QuickSearchModule:UnityEditor.Search:ASIAI0B -> (ImportResultId: '40246a51853aec753e36e388964de4d6') in 0.0197802 seconds
[Worker1] Imported GUID: 3fa274f26b1574c40b949e114327022e - Path: Packages/com.unity.ugui/Runtime/UGUI/EventSystem/EventTriggerType.cs - Importer: ScriptedImporter/UnityEditor.QuickSearchModule:UnityEditor.Search:ASIAI0B -> (ImportResultId: '37b6dc77cdeab74e2b1c09cad48429f0') in 0.0176426 seconds
[Worker2] Imported GUID: 3550d8ec6f29ab34d895ae9a43d560c2 - Path: Packages/com.unity.ugui/Runtime/UGUI/EventSystem/RaycastResult.cs - Importer: ScriptedImporter/UnityEditor.QuickSearchModule:UnityEditor.Search:ASIAI0B -> (ImportResultId: '790b8b939f2f566c195c736c2095280f') in 0.020516 seconds
[Worker1] Imported GUID: cbab8835092323a4389f2dc7d8f6c781 - Path: Packages/com.unity.ugui/Runtime/UGUI/EventSystem/InputModules/PointerInputModule.cs - Importer: ScriptedImporter/UnityEditor.QuickSearchModule:UnityEditor.Search:ASIAI0B -> (ImportResultId: 'ff96c5b71cb2b31102375b128124c064') in 0.0180684 seconds
[Worker0] Imported GUID: 6a981cd1456bec84b86e1c66773f57f5 - Path: Packages/com.unity.ugui/Editor/UGUI/UI/GridLayoutGroupEditor.cs - Importer: ScriptedImporter/UnityEditor.QuickSearchModule:UnityEditor.Search:ASIAI0B -> (ImportResultId: 'a74abe82eadf33beb2d0584fe9d11ba5') in 0.0213956 seconds
[Worker2] Imported GUID: b10cb8fee5b39014d8a417bf413f5e5c - Path: Packages/com.unity.ugui/Editor/UGUI/UI/MaskEditor.cs - Importer: ScriptedImporter/UnityEditor.QuickSearchModule:UnityEditor.Search:ASIAI0B -> (ImportResultId: '27807ad95410d1ae8e2965a4c3735527') in 0.0201366 seconds
[Worker0] Imported GUID: d36a7c7a1ed377c4b8008e53032d7dcf - Path: Packages/com.unity.ugui/Editor/UGUI/UI/ToggleEditor.cs - Importer: ScriptedImporter/UnityEditor.QuickSearchModule:UnityEditor.Search:ASIAI0B -> (ImportResultId: '6ad95a49d185e962efb0c4ec328abc11') in 0.0185542 seconds
[Worker1] Imported GUID: e9745f6a32442194c8dc5a43e9ab86f9 - Path: Packages/com.unity.ugui/Tests/Runtime/UGUI/UnityEngine.UI.Tests.asmdef - Importer: ScriptedImporter/UnityEditor.QuickSearchModule:UnityEditor.Search:ASIAI0B -> (ImportResultId: '64c468fa2359e3392aa9bd7b81014061') in 0.0212081 seconds
[Worker0] Imported GUID: 260b531edc40677429c0198d6961e448 - Path: Packages/com.unity.ugui/Editor/UGUI/UI/SpriteDrawUtility.cs - Importer: ScriptedImporter/UnityEditor.QuickSearchModule:UnityEditor.Search:ASIAI0B -> (ImportResultId: 'c9815ad59797d44473d0b022b2ade8e3') in 0.0187478 seconds
[Worker2] Imported GUID: 0aaa057ce5566e940b18a0ccd0344693 - Path: Packages/com.unity.ugui/Runtime/UGUI/EventSystem/UIBehaviour.cs - Importer: ScriptedImporter/UnityEditor.QuickSearchModule:UnityEditor.Search:ASIAI0B -> (ImportResultId: 'd20f4f1e4cc7388326bf1c145ba8a4e0') in 0.0215623 seconds
[Worker1] Imported GUID: 6370fe1d392924d45b0cfd255bf60d2a - Path: Packages/com.unity.ugui/Tests/Editor/Common/VersionTests.cs - Importer: ScriptedImporter/UnityEditor.QuickSearchModule:UnityEditor.Search:ASIAI0B -> (ImportResultId: '532347bc74824767c1cddd7bea658b4e') in 0.0195297 seconds
[Worker2] Imported GUID: cb319974ad8ebd44aa1e1fbb02640b5b - Path: Packages/com.unity.ugui/Editor/UGUI/UI/HorizontalOrVerticalLayoutGroupEditor.cs - Importer: ScriptedImporter/UnityEditor.QuickSearchModule:UnityEditor.Search:ASIAI0B -> (ImportResultId: 'e5d0293000c299121048c9855852fa87') in 0.018731 seconds
[Worker0] Imported GUID: 426106349a0ff964fa4e7178c1d3a4f5 - Path: Packages/com.unity.ugui/Runtime/UGUI/EventSystem/Raycasters/BaseRaycaster.cs - Importer: ScriptedImporter/UnityEditor.QuickSearchModule:UnityEditor.Search:ASIAI0B -> (ImportResultId: 'c9c6a8b37de1a1fa806746c0bc74b8a8') in 0.0210834 seconds
[Worker1] Imported GUID: 75df57ccb1e44c64085399277405e1ca - Path: Packages/com.unity.ugui/Runtime/UGUI/EventSystem/EventData/PointerEventData.cs - Importer: ScriptedImporter/UnityEditor.QuickSearchModule:UnityEditor.Search:ASIAI0B -> (ImportResultId: '0c8d7acecd1b497a33ba071c3c956600') in 0.0223224 seconds
[Worker0] Imported GUID: 794f3951c48395848920fdb593a2ae38 - Path: Packages/com.unity.ugui/Editor/UGUI/UI/LayoutPropertiesPreview.cs - Importer: ScriptedImporter/UnityEditor.QuickSearchModule:UnityEditor.Search:ASIAI0B -> (ImportResultId: '87b2425ba7ba7e37da5b7c156e82a21c') in 0.0210634 seconds
[Worker2] Imported GUID: 1336690ece4db2740b4ba38873e00dfb - Path: Packages/com.unity.ugui/Editor/UGUI/UI/TextEditor.cs - Importer: ScriptedImporter/UnityEditor.QuickSearchModule:UnityEditor.Search:ASIAI0B -> (ImportResultId: 'b873872040ab01756bb6735958244655') in 0.0230507 seconds
[Worker1] Imported GUID: fc31799bd6dc1f74a8adfee1acd05a9b - Path: Packages/com.unity.ugui/Tests/Editor/UGUI/WrapperWindowFixture.cs - Importer: ScriptedImporter/UnityEditor.QuickSearchModule:UnityEditor.Search:ASIAI0B -> (ImportResultId: '1df04c7c365dcb633f2f10e8d2b6a92c') in 0.0221781 seconds
[Worker0] Imported GUID: 26570be2af04195458e6f1ac1f5c48e0 - Path: Packages/com.unity.ugui/Runtime/UGUI/EventSystem/RaycasterManager.cs - Importer: ScriptedImporter/UnityEditor.QuickSearchModule:UnityEditor.Search:ASIAI0B -> (ImportResultId: 'ffd87e62636a482b44c65348d44d927d') in 0.023775 seconds
[Worker2] Imported GUID: b180fd8310805e44dbbef545d0231418 - Path: Packages/com.unity.ugui/Runtime/UGUI/EventSystem/EventData/AxisEventData.cs - Importer: ScriptedImporter/UnityEditor.QuickSearchModule:UnityEditor.Search:ASIAI0B -> (ImportResultId: '577e9a00125d695a274ec8866a73df23') in 0.0234759 seconds
[Worker1] Imported GUID: 127023922adddf744b59fa7b0b0c3030 - Path: Packages/com.unity.ugui/Editor/UGUI/UI/InterceptedEventsPreview.cs - Importer: ScriptedImporter/UnityEditor.QuickSearchModule:UnityEditor.Search:ASIAI0B -> (ImportResultId: '726b20f7dec865a1b94d63277d0f7e99') in 0.0205057 seconds
[Worker2] Imported GUID: 21d2d5d6901f2ca43a8015c60ada4e2c - Path: Packages/com.unity.ugui/Editor/UGUI/UI/InputFieldEditor.cs - Importer: ScriptedImporter/UnityEditor.QuickSearchModule:UnityEditor.Search:ASIAI0B -> (ImportResultId: 'cbdbb44a7804438ee6cf5849c10d85a9') in 0.0191502 seconds
[Worker0] Imported GUID: 1511ccae7919cfc46b603b9b337fdc94 - Path: Packages/com.unity.ugui/Runtime/UGUI/EventSystem/InputModules/BaseInput.cs - Importer: ScriptedImporter/UnityEditor.QuickSearchModule:UnityEditor.Search:ASIAI0B -> (ImportResultId: 'dba9df456f52bcd96336fc9241eac5d1') in 0.0209023 seconds
[Worker1] Imported GUID: db7dd43fe1278a9459cd6036f096b91d - Path: Packages/com.unity.ugui/Runtime/UGUI/EventSystem/EventHandle.cs - Importer: ScriptedImporter/UnityEditor.QuickSearchModule:UnityEditor.Search:ASIAI0B -> (ImportResultId: '6495117406f8723063b48f80c47ff6e3') in 0.0210742 seconds
[Worker2] Imported GUID: e9253e696cd45794d9aec6d4de366b6e - Path: Packages/com.unity.ugui/Editor/UGUI/UI/SelectableEditor.cs - Importer: ScriptedImporter/UnityEditor.QuickSearchModule:UnityEditor.Search:ASIAI0B -> (ImportResultId: 'c79c5ddcbd03c84cdf2c77ac16696814') in 0.0205117 seconds
[Worker0] Imported GUID: d082183c35deb87489e26f9c7ba8e41f - Path: Packages/com.unity.ugui/Tests/Editor/TMP/TMP_TextTests.cs - Importer: ScriptedImporter/UnityEditor.QuickSearchModule:UnityEditor.Search:ASIAI0B -> (ImportResultId: '0cfe401e785851726573d9573d6104d9') in 0.0194493 seconds
[Worker1] Imported GUID: fb27f3049fe06c246803a4a4c5b7fda3 - Path: Packages/com.unity.ugui/Editor/UGUI/UI/PropertyDrawers/NavigationDrawer.cs - Importer: ScriptedImporter/UnityEditor.QuickSearchModule:UnityEditor.Search:ASIAI0B -> (ImportResultId: '7988010083f1cdf10a2dd001e7e09e5e') in 0.0245501 seconds
[Worker0] Imported GUID: d25515b7ecc4c4ad0ad42bb0a34b5bd5 - Path: Packages/com.unity.ugui/Editor/UGUI/UI/RaycastReceiverEditor.cs - Importer: ScriptedImporter/UnityEditor.QuickSearchModule:UnityEditor.Search:ASIAI0B -> (ImportResultId: 'a2f4c0e28552540619a0735748f914c7') in 0.021579 seconds
[Worker2] Imported GUID: c18288a8d31fc9043a807ee8a9f1ae64 - Path: Packages/com.unity.ugui/Editor/UGUI/UI/PropertyDrawers/AnimationTriggersDrawer.cs - Importer: ScriptedImporter/UnityEditor.QuickSearchModule:UnityEditor.Search:ASIAI0B -> (ImportResultId: '7f387fceb212d6a3db7aeedca7dee708') in 0.0232007 seconds
[Worker1] Imported GUID: 56666c5a40171f54783dd416a44f42bf - Path: Packages/com.unity.ugui/Runtime/UGUI/EventSystem/Raycasters/Physics2DRaycaster.cs - Importer: ScriptedImporter/UnityEditor.QuickSearchModule:UnityEditor.Search:ASIAI0B -> (ImportResultId: '47a4f9c8e689ef29604ba0fbe023c1fb') in 0.0298293 seconds
[Worker2] Imported GUID: ec4b2559effa72e42a09339d71efef3d - Path: Packages/com.unity.ugui/Tests/Editor/TMP/FontEngineTests.cs - Importer: ScriptedImporter/UnityEditor.QuickSearchModule:UnityEditor.Search:ASIAI0B -> (ImportResultId: 'bf115ed87b3df0c7747fbc332683fa94') in 0.0220388 seconds
[Worker0] Imported GUID: fea12beeeb5a7a448b5e60f50e40975d - Path: Packages/com.unity.ugui/Editor/UGUI/UI/PropertyDrawers/FontDataDrawer.cs - Importer: ScriptedImporter/UnityEditor.QuickSearchModule:UnityEditor.Search:ASIAI0B -> (ImportResultId: '3d76d59443839fda900dc4f7ffd4fcc9') in 0.0243561 seconds
[Worker1] Imported GUID: 0334add79c04400ab75741aea16996e5 - Path: Packages/com.unity.ugui/Editor/UGUI/UI/SafeAreaEditor.cs - Importer: ScriptedImporter/UnityEditor.QuickSearchModule:UnityEditor.Search:ASIAI0B -> (ImportResultId: '0461bf5e7235d418f087c75c2d0de391') in 0.0228667 seconds
[Worker2] Imported GUID: 4f231c4fb786f3946a6b90b886c48677 - Path: Packages/com.unity.ugui/Runtime/UGUI/EventSystem/InputModules/StandaloneInputModule.cs - Importer: ScriptedImporter/UnityEditor.QuickSearchModule:UnityEditor.Search:ASIAI0B -> (ImportResultId: '6baeda03c0830ff752978ff2863d5bb8') in 0.0216842 seconds
[Worker0] Imported GUID: 2359c66dee10c454c97f6aea84e3fe22 - Path: Packages/com.unity.ugui/Runtime/UGUI/EventSystem/EventInterfaces.cs - Importer: ScriptedImporter/UnityEditor.QuickSearchModule:UnityEditor.Search:ASIAI0B -> (ImportResultId: '0562c10a8e8907deeb8b5640ca62c114') in 0.0219925 seconds
[Worker1] Imported GUID: 592f7288ed0df2c4b884e2cd9baac023 - Path: Packages/com.unity.ugui/Tests/Editor/TMP/TMP_EditorTests.cs - Importer: ScriptedImporter/UnityEditor.QuickSearchModule:UnityEditor.Search:ASIAI0B -> (ImportResultId: 'c9901f0cacc5a97b4d9858d3c271b636') in 0.0199912 seconds
[Worker2] Imported GUID: 5348cbfcd4f74699b33fe6b43747a016 - Path: Packages/com.unity.ugui/Tests/Runtime/TMP/TMP_CanvasTests.cs - Importer: ScriptedImporter/UnityEditor.QuickSearchModule:UnityEditor.Search:ASIAI0B -> (ImportResultId: 'c6bea0e37a0152496a29812a1ac34dab') in 0.0168665 seconds
[Worker0] Imported GUID: 91f495459b6e34f419ac123740d798b1 - Path: Packages/com.unity.ugui/Runtime/UGUI/EventSystem/EventData/BaseEventData.cs - Importer: ScriptedImporter/UnityEditor.QuickSearchModule:UnityEditor.Search:ASIAI0B -> (ImportResultId: '1b95f6730351964c81988f92aae88bb2') in 0.0186698 seconds
[Worker1] Imported GUID: 656e461844099ae43a609ff6109b0877 - Path: Packages/com.unity.ugui/Tests/Editor/TMP/Unity.TextMeshPro.Editor.Tests.asmdef - Importer: ScriptedImporter/UnityEditor.QuickSearchModule:UnityEditor.Search:ASIAI0B -> (ImportResultId: '093ade3616629b491ce4ed8e7ec9b55b') in 0.0189489 seconds
[Worker2] Imported GUID: 7c04f0dfa9243c04681a55d90d3ff3fc - Path: Packages/com.unity.ugui/Tests/Editor/UGUI/UnityEditor.UI.EditorTests.asmdef - Importer: ScriptedImporter/UnityEditor.QuickSearchModule:UnityEditor.Search:ASIAI0B -> (ImportResultId: '4dce75447af4744696cd4bfc85d58c18') in 0.0215894 seconds
[Worker0] Imported GUID: 728d2c19676ea3743aaa087aa28c4a16 - Path: Packages/com.unity.ugui/Editor/UGUI/UI/PropertyDrawers/SpriteStateDrawer.cs - Importer: ScriptedImporter/UnityEditor.QuickSearchModule:UnityEditor.Search:ASIAI0B -> (ImportResultId: 'bf8c58a1dc699f1c92149eb4d23ff050') in 0.0196927 seconds
[Worker1] Imported GUID: 4d2250412b81fe34abf39f246e274479 - Path: Packages/com.unity.ugui/Runtime/UGUI/EventSystem/MoveDirection.cs - Importer: ScriptedImporter/UnityEditor.QuickSearchModule:UnityEditor.Search:ASIAI0B -> (ImportResultId: '1f997f89fc91aba89b0127ac0aa1ce1f') in 0.0189072 seconds
[Worker0] Imported GUID: 1ea10891dd782154ca0fb67bce9e6f72 - Path: Packages/com.unity.ugui/Runtime/UGUI/EventSystem/InputModules/BaseInputModule.cs - Importer: ScriptedImporter/UnityEditor.QuickSearchModule:UnityEditor.Search:ASIAI0B -> (ImportResultId: 'f28d8a86b226119bb2575fd0133ed3f9') in 0.0196241 seconds
[Worker2] Imported GUID: bc98484caab3b6d4facbcff38be93380 - Path: Packages/com.unity.ugui/Editor/UGUI/UI/SliderEditor.cs - Importer: ScriptedImporter/UnityEditor.QuickSearchModule:UnityEditor.Search:ASIAI0B -> (ImportResultId: '78130a21cdda677a4bf23c89f8a22ccc') in 0.0208055 seconds
[Worker1] Imported GUID: 9de24983a2c6cbe4f925c3e98a79b804 - Path: Packages/com.unity.ugui/Tests/Runtime/TMP/TMP_RuntimeTests.cs - Importer: ScriptedImporter/UnityEditor.QuickSearchModule:UnityEditor.Search:ASIAI0B -> (ImportResultId: 'bc2d1b066999852d1885a605949d0716') in 0.0233036 seconds
[Worker0] Imported GUID: 58e7d991249847640b1534192721c5ea - Path: Packages/com.unity.ugui/Editor/UGUI/UI/RectMask2DEditor.cs - Importer: ScriptedImporter/UnityEditor.QuickSearchModule:UnityEditor.Search:ASIAI0B -> (ImportResultId: '65b81188937209d4a447cd3d4f97ebcc') in 0.0187604 seconds
[Worker2] Imported GUID: 7d7bd4bcc815cfb44b9990c29dabdb9f - Path: Packages/com.unity.ugui/Runtime/UGUI/Properties/AssemblyInfo.cs - Importer: ScriptedImporter/UnityEditor.QuickSearchModule:UnityEditor.Search:ASIAI0B -> (ImportResultId: '0e98c244dd841c6f061e847a43368e11') in 0.0204851 seconds
[Worker1] Imported GUID: 1385bc74f3945c943be16ecbb1381063 - Path: Packages/com.unity.ugui/Editor/UGUI/UI/PropertyDrawers/DropdownOptionListDrawer.cs - Importer: ScriptedImporter/UnityEditor.QuickSearchModule:UnityEditor.Search:ASIAI0B -> (ImportResultId: '641a0ab19a4d640532b02b074992504a') in 0.018831 seconds
[Worker2] Imported GUID: 7693972390a4ed841a986c0c452c1058 - Path: Packages/com.unity.ugui/Editor/UGUI/UI/LayoutElementEditor.cs - Importer: ScriptedImporter/UnityEditor.QuickSearchModule:UnityEditor.Search:ASIAI0B -> (ImportResultId: '58209d9e3dc6eb20ecae6efcedb9a176') in 0.0148677 seconds
[Worker0] Imported GUID: 623c79a1e113b4941afdbfc88d19e8fd - Path: Packages/com.unity.ugui/Runtime/UGUI/EventSystem/ExecuteEvents.cs - Importer: ScriptedImporter/UnityEditor.QuickSearchModule:UnityEditor.Search:ASIAI0B -> (ImportResultId: '41161524c9b30db6dd72a54d3e6f7d79') in 0.0209101 seconds
[Worker1] Imported GUID: bb05cab7d802aa5468f8f2f86840d984 - Path: Packages/com.unity.ugui/Tests/Runtime/TMP/Unity.TextMeshPro.Tests.asmdef - Importer: ScriptedImporter/UnityEditor.QuickSearchModule:UnityEditor.Search:ASIAI0B -> (ImportResultId: '6e479d57b6eaf666c0d8cda705c88a3a') in 0.0205547 seconds
[Worker0] Imported GUID: f700f31b2e40d7f4bb69753fdbbbc2b5 - Path: Packages/com.unity.ugui/Editor/UGUI/UI/ScrollbarEditor.cs - Importer: ScriptedImporter/UnityEditor.QuickSearchModule:UnityEditor.Search:ASIAI0B -> (ImportResultId: 'a2bc514f77cd48b6e7a165a730c1f9ed') in 0.0163209 seconds
[Worker2] Imported GUID: 2d49b7c1bcd2e07499844da127be038d - Path: Packages/com.unity.ugui/Runtime/UGUI/EventSystem/InputModules/TouchInputModule.cs - Importer: ScriptedImporter/UnityEditor.QuickSearchModule:UnityEditor.Search:ASIAI0B -> (ImportResultId: '5605d9248e62030bbd7fc50080de17b1') in 0.021246 seconds
[Worker1] Imported GUID: 342050fef862942d1b5ee954088c996b - Path: Packages/com.unity.ugui/Editor/UGUI/UI/UIEditorUtility.cs - Importer: ScriptedImporter/UnityEditor.QuickSearchModule:UnityEditor.Search:ASIAI0B -> (ImportResultId: '47cf34f37f45c88fafedfb520ee27a5a') in 0.0200157 seconds
[Worker0] Imported GUID: dcf00682bef4d264d84a5c92c8f5a40f - Path: Packages/com.unity.ugui/Editor/UGUI/UI/SelfControllerEditor.cs - Importer: ScriptedImporter/UnityEditor.QuickSearchModule:UnityEditor.Search:ASIAI0B -> (ImportResultId: 'cdd215c1258b34e323b0475a30c83572') in 0.0189694 seconds
[Worker2] Imported GUID: e6413f4090046814d802ddbff9890878 - Path: Packages/com.unity.ugui/Editor/UGUI/UI/RawImageEditor.cs - Importer: ScriptedImporter/UnityEditor.QuickSearchModule:UnityEditor.Search:ASIAI0B -> (ImportResultId: 'f4a4e544e621fb4c9da77bae43f0dba5') in 0.0197045 seconds
[Worker1] Imported GUID: 5c221dffa89042038c946376c731c918 - Path: Packages/com.unity.ugui/Tests/Editor/TMP/TMP_ControlTests.cs - Importer: ScriptedImporter/UnityEditor.QuickSearchModule:UnityEditor.Search:ASIAI0B -> (ImportResultId: '248094f2db8960c335b6c08d2e748a39') in 0.0202506 seconds
[Worker0] Imported GUID: 393b15da08c88194dbbcacd6ee15a89c - Path: Packages/com.unity.ugui/Tests/Editor/UGUI/TestBehaviourBase.cs - Importer: ScriptedImporter/UnityEditor.QuickSearchModule:UnityEditor.Search:ASIAI0B -> (ImportResultId: '1f7e9a95b37919c63275603bf7d0f399') in 0.0194826 seconds
[Worker0] Imported GUID: 4402dcee6e9969549bf5b33f11533208 - Path: Packages/com.unity.ugui/Tests/Editor/UGUI/RectMask2D/RectMask2DCulling.cs - Importer: ScriptedImporter/UnityEditor.QuickSearchModule:UnityEditor.Search:ASIAI0B -> (ImportResultId: '8957fe12238339f4533183714de50c0b') in 0.0191834 seconds
[Worker1] Imported GUID: 4e29b1a8efbd4b44bb3f3716e73f07ff - Path: Packages/com.unity.ugui/Runtime/UGUI/UI/Core/Button.cs - Importer: ScriptedImporter/UnityEditor.QuickSearchModule:UnityEditor.Search:ASIAI0B -> (ImportResultId: '9f08778156bf31404163b165ca091b4c') in 0.0193354 seconds
[Worker2] Imported GUID: 1344c3c82d62a2a41a3576d8abb8e3ea - Path: Packages/com.unity.ugui/Runtime/UGUI/UI/Core/RawImage.cs - Importer: ScriptedImporter/UnityEditor.QuickSearchModule:UnityEditor.Search:ASIAI0B -> (ImportResultId: '4b188e4b67976f95722af2207948d322') in 0.0197128 seconds
[Worker1] Imported GUID: bf87e20fb5440ec498f441167b5291f8 - Path: Packages/com.unity.ugui/Runtime/UGUI/UI/Core/DefaultControls.cs - Importer: ScriptedImporter/UnityEditor.QuickSearchModule:UnityEditor.Search:ASIAI0B -> (ImportResultId: 'a893155d4f89e1388ea7ee1f55f7a161') in 0.0215499 seconds
[Worker0] Imported GUID: 69ae55f76840b2849ba56cfb53a17df0 - Path: Packages/com.unity.ugui/Runtime/UGUI/UI/Core/StencilMaterial.cs - Importer: ScriptedImporter/UnityEditor.QuickSearchModule:UnityEditor.Search:ASIAI0B -> (ImportResultId: '0a96b93675e112913208b6d1ae18b02a') in 0.0219589 seconds
[Worker2] Imported GUID: 25b01819c6e1649428db2a9b274cf364 - Path: Packages/com.unity.ugui/Runtime/UGUI/UI/Core/SpriteState.cs - Importer: ScriptedImporter/UnityEditor.QuickSearchModule:UnityEditor.Search:ASIAI0B -> (ImportResultId: '067575cda1770357fcab13ab3316b8ce') in 0.0226432 seconds
[Worker0] Imported GUID: 1aa08ab6e0800fa44ae55d278d1423e3 - Path: Packages/com.unity.ugui/Runtime/UGUI/UI/Core/ScrollRect.cs - Importer: ScriptedImporter/UnityEditor.QuickSearchModule:UnityEditor.Search:ASIAI0B -> (ImportResultId: '3b5ead9aad68768b0ae9c196105e73fb') in 0.0240049 seconds
[Worker2] Imported GUID: bfb788a43e03363419155b8af77da971 - Path: Packages/com.unity.ugui/Runtime/UGUI/UI/Core/CanvasUpdateRegistry.cs - Importer: ScriptedImporter/UnityEditor.QuickSearchModule:UnityEditor.Search:ASIAI0B -> (ImportResultId: '2386675f9530c29bfee6cd23913b5dba') in 0.0262337 seconds
[Worker1] Imported GUID: 8a410b213209442fb15a69799f0240a5 - Path: Packages/com.unity.ugui/Runtime/UGUI/EventSystem/UIElements/PanelEventHandler.cs - Importer: ScriptedImporter/UnityEditor.QuickSearchModule:UnityEditor.Search:ASIAI0B -> (ImportResultId: '62f50f29d6e705550ebc08c9eb8d863f') in 0.0282037 seconds
[Worker0] Imported GUID: 35a0d10199de49f4db0128003bfd3bda - Path: Packages/com.unity.ugui/Tests/Editor/UGUI/Canvas/CanvasElementsMaintainValidPositionsWhenCameraOrthoSizeIsZero.cs - Importer: ScriptedImporter/UnityEditor.QuickSearchModule:UnityEditor.Search:ASIAI0B -> (ImportResultId: '6bc842636e455606f356f0e221f709be') in 0.0241471 seconds
[Worker2] Imported GUID: 61d491d99e9292c4a81d7d01a74781ea - Path: Packages/com.unity.ugui/Runtime/UGUI/UI/Core/Navigation.cs - Importer: ScriptedImporter/UnityEditor.QuickSearchModule:UnityEditor.Search:ASIAI0B -> (ImportResultId: '670da311ba97c12cfd9cfb300eabc75f') in 0.0233944 seconds
[Worker1] Imported GUID: 31a19414c41e5ae4aae2af33fee712f6 - Path: Packages/com.unity.ugui/Runtime/UGUI/UI/Core/Mask.cs - Importer: ScriptedImporter/UnityEditor.QuickSearchModule:UnityEditor.Search:ASIAI0B -> (ImportResultId: '42267b6124b927f4d0e0fb35b1e8c394') in 0.0235828 seconds
[Worker1] Imported GUID: ba923e2b58fea044bb1f8839376a1118 - Path: Packages/com.unity.ugui/Runtime/UGUI/EventSystem/UIElements/UIToolkitInteroperabilityBridge.cs - Importer: ScriptedImporter/UnityEditor.QuickSearchModule:UnityEditor.Search:ASIAI0B -> (ImportResultId: 'e1838f309ce39a6e51f0ca3e1a2f3cfd') in 0.0208877 seconds
[Worker2] Imported GUID: 2c727e4c005e5114fb3348a38c4cebbf - Path: Packages/com.unity.ugui/Runtime/UGUI/EventSystem/UIElements/WorldDocumentRaycaster.cs - Importer: ScriptedImporter/UnityEditor.QuickSearchModule:UnityEditor.Search:ASIAI0B -> (ImportResultId: '7b892b575cbedcb661b77bd7cab3686b') in 0.0213187 seconds
[Worker0] Imported GUID: 69e3979b7029e8a4da2d96b714ba5c3a - Path: Packages/com.unity.ugui/Runtime/UGUI/UI/Core/GraphicRegistry.cs - Importer: ScriptedImporter/UnityEditor.QuickSearchModule:UnityEditor.Search:ASIAI0B -> (ImportResultId: 'd11a6eac73a7daaba53185a2c1cc281d') in 0.0270153 seconds
[Worker0] Imported GUID: 0d0b652f32a2cc243917e4028fa0f046 - Path: Packages/com.unity.ugui/Runtime/UGUI/UI/Core/Dropdown.cs - Importer: ScriptedImporter/UnityEditor.QuickSearchModule:UnityEditor.Search:ASIAI0B -> (ImportResultId: '1f5aa8ac4d05fd1301828e77ae711656') in 0.0196685 seconds
[Worker2] Imported GUID: 7bd96d76711152648a736c4d28d865f2 - Path: Packages/com.unity.ugui/Runtime/UGUI/UI/Core/MaskUtilities.cs - Importer: ScriptedImporter/UnityEditor.QuickSearchModule:UnityEditor.Search:ASIAI0B -> (ImportResultId: '65cf12533c5f8e31846f6a84dc570fd4') in 0.0221179 seconds
[Worker1] Imported GUID: 2aff4fada0516c64a8537a20bfe1b699 - Path: Packages/com.unity.ugui/Tests/Editor/UGUI/EventSystem/InterceptedEventsPreviewTests.cs - Importer: ScriptedImporter/UnityEditor.QuickSearchModule:UnityEditor.Search:ASIAI0B -> (ImportResultId: 'c771bd55213991fb43f0e50b74d3c2d4') in 0.0279298 seconds
[Worker0] Imported GUID: 3d96cc7adb6c4531998652ab1f09a983 - Path: Packages/com.unity.ugui/Tests/Editor/UGUI/UI/LayoutGroupAddUndoTests.cs - Importer: ScriptedImporter/UnityEditor.QuickSearchModule:UnityEditor.Search:ASIAI0B -> (ImportResultId: '04d473f90ab54321e73fccfbc6f3902e') in 0.0251986 seconds
[Worker2] Imported GUID: 3cbc4280d63720c448a3c6fee4b1ec88 - Path: Packages/com.unity.ugui/Tests/Editor/UGUI/Canvas/CanvasUseReflectionProbes.cs - Importer: ScriptedImporter/UnityEditor.QuickSearchModule:UnityEditor.Search:ASIAI0B -> (ImportResultId: '2751aa38a3be904ca9a55544b860dece') in 0.0258438 seconds
[Worker1] Imported GUID: 61a20120cddc53849bbc10fc805ffe3e - Path: Packages/com.unity.ugui/Runtime/UGUI/UI/Core/IMaskable.cs - Importer: ScriptedImporter/UnityEditor.QuickSearchModule:UnityEditor.Search:ASIAI0B -> (ImportResultId: 'fc46fdb4abd10dcf84bd5986ba34ace6') in 0.024147 seconds
[Worker0] Imported GUID: 8c25ee90b3284383bfbd87d30f331df5 - Path: Packages/com.unity.ugui/Tests/Editor/UGUI/UI/LayoutElementInspectorMixedValueTests.cs - Importer: ScriptedImporter/UnityEditor.QuickSearchModule:UnityEditor.Search:ASIAI0B -> (ImportResultId: 'd8e11aa8ca05d5a2cfa8ba6139ac394b') in 0.0252621 seconds
[Worker2] Imported GUID: 812aaaefaab404448a3e4db49dfa5206 - Path: Packages/com.unity.ugui/Tests/Editor/UGUI/Text/FontCreatedByScript.cs - Importer: ScriptedImporter/UnityEditor.QuickSearchModule:UnityEditor.Search:ASIAI0B -> (ImportResultId: '0dfdec24da56b564a791f372e0293d6b') in 0.0260655 seconds
[Worker1] Imported GUID: bede4033d9f359b41878c4cda6a910b3 - Path: Packages/com.unity.ugui/Tests/Editor/UGUI/Canvas/AssertionFailureOnOutputVertexCount.cs - Importer: ScriptedImporter/UnityEditor.QuickSearchModule:UnityEditor.Search:ASIAI0B -> (ImportResultId: '8b71ca5693ffe9492881d430a72dcdd1') in 0.0252069 seconds
[Worker2] Imported GUID: 5f7201a12d95ffc409449d95f23cf332 - Path: Packages/com.unity.ugui/Runtime/UGUI/UI/Core/Text.cs - Importer: ScriptedImporter/UnityEditor.QuickSearchModule:UnityEditor.Search:ASIAI0B -> (ImportResultId: 'be83c20fa652022ee7bed9d0d7a26e1c') in 0.0179899 seconds
[Worker0] Imported GUID: 928dc55e2c8c3ee4dad33b6d561cb6ea - Path: Packages/com.unity.ugui/Runtime/UGUI/UI/Core/IGraphicEnabledDisabled.cs - Importer: ScriptedImporter/UnityEditor.QuickSearchModule:UnityEditor.Search:ASIAI0B -> (ImportResultId: '30b8819bef5fd7009f0c2a4e12184e54') in 0.0230953 seconds
[Worker1] Imported GUID: a6db4464bd7104c4dbef4aa949a06e0a - Path: Packages/com.unity.ugui/Runtime/UGUI/UI/Core/SafeArea.cs - Importer: ScriptedImporter/UnityEditor.QuickSearchModule:UnityEditor.Search:ASIAI0B -> (ImportResultId: 'e4b377ce4f5a7da906cd06f0d3d268f7') in 0.0217688 seconds
[Worker2] Imported GUID: 3312d7739989d2b4e91e6319e9a96d76 - Path: Packages/com.unity.ugui/Runtime/UGUI/UI/Core/RectMask2D.cs - Importer: ScriptedImporter/UnityEditor.QuickSearchModule:UnityEditor.Search:ASIAI0B -> (ImportResultId: '97555d0ddc6da52cf2c232d971959775') in 0.0192776 seconds
[Worker0] Imported GUID: b9ba34e0b1884454fbc4257260e22b64 - Path: Packages/com.unity.ugui/Runtime/UGUI/UI/Core/SetPropertyUtility.cs - Importer: ScriptedImporter/UnityEditor.QuickSearchModule:UnityEditor.Search:ASIAI0B -> (ImportResultId: '3a493d594f448404b72feafdccdfe213') in 0.0218969 seconds
[Worker1] Imported GUID: 05d51b1b98bf446529d00e99fbdd33b9 - Path: Packages/com.unity.ugui/Tests/Editor/UGUI/SafeArea/SafeAreaDrivenOwnershipTests.cs - Importer: ScriptedImporter/UnityEditor.QuickSearchModule:UnityEditor.Search:ASIAI0B -> (ImportResultId: '912e52dd54cd24ba06173c4840b59529') in 0.0207099 seconds
[Worker2] Imported GUID: 9085046f02f69544eb97fd06b6048fe2 - Path: Packages/com.unity.ugui/Runtime/UGUI/UI/Core/Toggle.cs - Importer: ScriptedImporter/UnityEditor.QuickSearchModule:UnityEditor.Search:ASIAI0B -> (ImportResultId: '3fe41a0fd17312253b5a60d69e699bff') in 0.0176541 seconds
[Worker0] Imported GUID: 67db9e8f0e2ae9c40bc1e2b64352a6b4 - Path: Packages/com.unity.ugui/Runtime/UGUI/UI/Core/Slider.cs - Importer: ScriptedImporter/UnityEditor.QuickSearchModule:UnityEditor.Search:ASIAI0B -> (ImportResultId: 'fd5867f16f4ec5e54c244173ed0a6908') in 0.0197307 seconds
[Worker1] Imported GUID: fe87c0e1cc204ed48ad3b37840f39efc - Path: Packages/com.unity.ugui/Runtime/UGUI/UI/Core/Image.cs - Importer: ScriptedImporter/UnityEditor.QuickSearchModule:UnityEditor.Search:ASIAI0B -> (ImportResultId: 'da37ec6677244505bd054c59771b2b11') in 0.0221406 seconds
[Worker2] Imported GUID: 828075bc53f2de84982a943870529b7b - Path: Packages/com.unity.ugui/Runtime/UGUI/UI/Core/Misc.cs - Importer: ScriptedImporter/UnityEditor.QuickSearchModule:UnityEditor.Search:ASIAI0B -> (ImportResultId: '04841c8a206b1bd5946cb1444a8377c3') in 0.0244934 seconds
[Worker0] Imported GUID: 5ebeb75bd91642048bb3f6c1939fde66 - Path: Packages/com.unity.ugui/Runtime/UGUI/UI/Core/MultipleDisplayUtilities.cs - Importer: ScriptedImporter/UnityEditor.QuickSearchModule:UnityEditor.Search:ASIAI0B -> (ImportResultId: '027ff803ee697b38f7ed682afd62ea93') in 0.0207984 seconds
[Worker1] Imported GUID: c825bad77a42dd341a8f0a5ef9cd5f4c - Path: Packages/com.unity.ugui/Tests/Editor/UGUI/CanvasRenderer/ChangingHierarchyOfCanvasRenderer.cs - Importer: ScriptedImporter/UnityEditor.QuickSearchModule:UnityEditor.Search:ASIAI0B -> (ImportResultId: '6f6915e0043aa7651a37c5082545b9aa') in 0.0213832 seconds
[Worker2] Imported GUID: 798968d841703b54bb9d08b1da6bc52f - Path: Packages/com.unity.ugui/Tests/Editor/UGUI/Canvas/RootCanvasTests.cs - Importer: ScriptedImporter/UnityEditor.QuickSearchModule:UnityEditor.Search:ASIAI0B -> (ImportResultId: '5479fc0f8d7d8cded9f5ddeac9058f45') in 0.0184202 seconds
[Worker0] Imported GUID: dc42784cf147c0c48a680349fa168899 - Path: Packages/com.unity.ugui/Runtime/UGUI/UI/Core/GraphicRaycaster.cs - Importer: ScriptedImporter/UnityEditor.QuickSearchModule:UnityEditor.Search:ASIAI0B -> (ImportResultId: 'e93c6025e333305180906299e8877be3') in 0.0212636 seconds
[Worker1] Imported GUID: 4585b5feb801bdb44b0e5eafdd95a3be - Path: Packages/com.unity.ugui/Tests/Editor/UGUI/Canvas/CanvasWidthAssertionErrorWithRectTransform.cs - Importer: ScriptedImporter/UnityEditor.QuickSearchModule:UnityEditor.Search:ASIAI0B -> (ImportResultId: '68c33eea5fdf400a05067d4393448d2e') in 0.0213754 seconds
[Worker2] Imported GUID: 03fb1af6e1585964a8d5c2437a191324 - Path: Packages/com.unity.ugui/Tests/Editor/UGUI/EventSystem/InputModuleTests.cs - Importer: ScriptedImporter/UnityEditor.QuickSearchModule:UnityEditor.Search:ASIAI0B -> (ImportResultId: '79ab3206ef978db49d3621e1b5c36fd0') in 0.018773 seconds
[Worker0] Imported GUID: d199490a83bb2b844b9695cbf13b01ef - Path: Packages/com.unity.ugui/Runtime/UGUI/UI/Core/InputField.cs - Importer: ScriptedImporter/UnityEditor.QuickSearchModule:UnityEditor.Search:ASIAI0B -> (ImportResultId: '6817d2bdf688738bc9a0cbe0ff6de29e') in 0.0233665 seconds
[Worker1] Imported GUID: 4b8be68229770db4ea3c78ab0d854325 - Path: Packages/com.unity.ugui/Tests/Editor/UGUI/InputField/CharacterLimitValidation.cs - Importer: ScriptedImporter/UnityEditor.QuickSearchModule:UnityEditor.Search:ASIAI0B -> (ImportResultId: 'f33a97781018910103274caa15cc9cc5') in 0.0224011 seconds
[Worker2] Imported GUID: 0ca81982e37e893498abf804c12a22c7 - Path: Packages/com.unity.ugui/Tests/Editor/UGUI/Canvas/UISystemProfilerAddMarkerWithNullObjectDoesNotCrash.cs - Importer: ScriptedImporter/UnityEditor.QuickSearchModule:UnityEditor.Search:ASIAI0B -> (ImportResultId: '45779af8fe89215857939a0536915b9d') in 0.0223603 seconds
[Worker0] Imported GUID: 5a2e98b03511c6f43bc645238cd40857 - Path: Packages/com.unity.ugui/Tests/Editor/UGUI/InputField/ContentValidation.cs - Importer: ScriptedImporter/UnityEditor.QuickSearchModule:UnityEditor.Search:ASIAI0B -> (ImportResultId: '673b149285e9d3d165368a181582f79c') in 0.0189751 seconds
[Worker1] Imported GUID: 445cdcfc747eba94288b97f5869aa2fb - Path: Packages/com.unity.ugui/Runtime/UGUI/UI/Core/GraphicRebuildTracker.cs - Importer: ScriptedImporter/UnityEditor.QuickSearchModule:UnityEditor.Search:ASIAI0B -> (ImportResultId: 'fb76ba947a42f23befb85484c60d7298') in 0.0210259 seconds
[Worker2] Imported GUID: a6238e9452bfc704f82ff36791fe1a45 - Path: Packages/com.unity.ugui/Runtime/UGUI/UI/Core/Graphic.cs - Importer: ScriptedImporter/UnityEditor.QuickSearchModule:UnityEditor.Search:ASIAI0B -> (ImportResultId: '881f3e352501878e4785c928606346c1') in 0.0211685 seconds
[Worker0] Imported GUID: 39ab466162988eb4f83443f911bbf5c8 - Path: Packages/com.unity.ugui/Runtime/UGUI/UI/Core/FontUpdateTracker.cs - Importer: ScriptedImporter/UnityEditor.QuickSearchModule:UnityEditor.Search:ASIAI0B -> (ImportResultId: '69cf5544cc055fafa249d121673755ce') in 0.0208622 seconds
[Worker1] Imported GUID: 373b4c78c0396334288fa5ff8e7b7350 - Path: Packages/com.unity.ugui/Tests/Editor/UGUI/Slider/SliderRectReferences.cs - Importer: ScriptedImporter/UnityEditor.QuickSearchModule:UnityEditor.Search:ASIAI0B -> (ImportResultId: '00685341ca2cf0f38fd2502535b6a649') in 0.0243697 seconds
[Worker2] Imported GUID: 7be84a49bb2cd7e4a9ed097ba22794d0 - Path: Packages/com.unity.ugui/Runtime/UGUI/UI/Animation/CoroutineTween.cs - Importer: ScriptedImporter/UnityEditor.QuickSearchModule:UnityEditor.Search:ASIAI0B -> (ImportResultId: 'f4f0499b18f4258a22f02ba634aee087') in 0.0212269 seconds
[Worker0] Imported GUID: 976acc75bfafe594cb01142ba21947be - Path: Packages/com.unity.ugui/Runtime/UGUI/UI/Core/MaskableGraphic.cs - Importer: ScriptedImporter/UnityEditor.QuickSearchModule:UnityEditor.Search:ASIAI0B -> (ImportResultId: '929386fb87a5889ccca0d37d56094b01') in 0.0218272 seconds
[Worker1] Imported GUID: 4adb1f65bbae8004a88d8f5bc3523298 - Path: Packages/com.unity.ugui/Tests/Editor/UGUI/EventSystem/EventTriggerRemoveDuringExecution.cs - Importer: ScriptedImporter/UnityEditor.QuickSearchModule:UnityEditor.Search:ASIAI0B -> (ImportResultId: '86ad27ae2da18b4ae74fe4316a320d21') in 0.0213272 seconds
[Worker2] Imported GUID: 7a98125502f715b4b83cfb77b434e436 - Path: Packages/com.unity.ugui/Runtime/UGUI/UI/Core/Selectable.cs - Importer: ScriptedImporter/UnityEditor.QuickSearchModule:UnityEditor.Search:ASIAI0B -> (ImportResultId: '14f120c27c3e2107d45822ab30bfc932') in 0.0235865 seconds
[Worker0] Imported GUID: fb660d86885d89a499a31c6ab6f26269 - Path: Packages/com.unity.ugui/Tests/Editor/UGUI/RectMask2D/RectTransformPosition.cs - Importer: ScriptedImporter/UnityEditor.QuickSearchModule:UnityEditor.Search:ASIAI0B -> (ImportResultId: 'cf07b0199c9e5f4511fe754aff476088') in 0.024048 seconds
[Worker1] Imported GUID: 83088ba2132cbc940b7ca0c679a02b0d - Path: Packages/com.unity.ugui/Runtime/UGUI/UI/Core/ColorBlock.cs - Importer: ScriptedImporter/UnityEditor.QuickSearchModule:UnityEditor.Search:ASIAI0B -> (ImportResultId: '52edb7e34ab1ca445cda8ffd607a82d1') in 0.0231802 seconds
[Worker2] Imported GUID: c49b4cc203aa6414fae5c798d1d0e7d6 - Path: Packages/com.unity.ugui/Runtime/UGUI/EventSystem/Raycasters/PhysicsRaycaster.cs - Importer: ScriptedImporter/UnityEditor.QuickSearchModule:UnityEditor.Search:ASIAI0B -> (ImportResultId: 'e1a25ae6b5da559cf009a4a0006ad88d') in 0.0234013 seconds
[Worker0] Imported GUID: 9353b7d498b954a06ae1228982925d0b - Path: Packages/com.unity.ugui/Runtime/UGUI/UI/Core/RaycastReceiver.cs - Importer: ScriptedImporter/UnityEditor.QuickSearchModule:UnityEditor.Search:ASIAI0B -> (ImportResultId: '1bda0454de7a35e12e15d3ab8ab236ea') in 0.0311204 seconds
[Worker1] Imported GUID: 7a79c4e23d4d4b64bfa5fa9e6671a460 - Path: Packages/com.unity.ugui/Runtime/UGUI/EventSystem/UIElements/PanelRaycaster.cs - Importer: ScriptedImporter/UnityEditor.QuickSearchModule:UnityEditor.Search:ASIAI0B -> (ImportResultId: '61f3d618c61672d0d00da77d5494cbd4') in 0.0278442 seconds
[Worker2] Imported GUID: b180d0cec21671c45a32a9ce99bff2f5 - Path: Packages/com.unity.ugui/Tests/Editor/UGUI/Dropdown/DropdownOptionsListDrawer.cs - Importer: ScriptedImporter/UnityEditor.QuickSearchModule:UnityEditor.Search:ASIAI0B -> (ImportResultId: 'c7976777df9fc6619864c6c8d1ca98aa') in 0.0458453 seconds
[Worker0] Imported GUID: 2a4db7a114972834c8e4117be1d82ba3 - Path: Packages/com.unity.ugui/Runtime/UGUI/UI/Core/Scrollbar.cs - Importer: ScriptedImporter/UnityEditor.QuickSearchModule:UnityEditor.Search:ASIAI0B -> (ImportResultId: '7e158b75d089f93c0b4f7c37241008d9') in 0.0358486 seconds
[Worker1] Imported GUID: 13cd966480ec3354bb318ee1aeccff6f - Path: Packages/com.unity.ugui/Runtime/UGUI/UI/Core/FontData.cs - Importer: ScriptedImporter/UnityEditor.QuickSearchModule:UnityEditor.Search:ASIAI0B -> (ImportResultId: '15be79b956a6f9073309afc4b71484a6') in 0.0415565 seconds
[Worker2] Imported GUID: 4130b277c1a94612a9dc40631c012775 - Path: Packages/com.unity.ugui/Tests/Editor/UGUI/UI/LayoutElementEditorTests.cs - Importer: ScriptedImporter/UnityEditor.QuickSearchModule:UnityEditor.Search:ASIAI0B -> (ImportResultId: 'c6f3afcdc6553751a40b1e63cb025a1e') in 0.0258666 seconds
[Worker0] Imported GUID: c67ac6e40bbb6fe47a095b949b609ce0 - Path: Packages/com.unity.ugui/Runtime/UGUI/UI/Core/AnimationTriggers.cs - Importer: ScriptedImporter/UnityEditor.QuickSearchModule:UnityEditor.Search:ASIAI0B -> (ImportResultId: '2483158e481e15ff84ba5d65082fa51c') in 0.0226797 seconds
[Worker1] Imported GUID: dcb49b07db5e5f64e876b498105314f1 - Path: Packages/com.unity.ugui/Tests/Editor/UGUI/CanvasRenderer/ParentCanvasIsSane.cs - Importer: ScriptedImporter/UnityEditor.QuickSearchModule:UnityEditor.Search:ASIAI0B -> (ImportResultId: 'dbc980e56cd3b1ebf5ab5a49b26629cf') in 0.0222495 seconds
[Worker2] Imported GUID: 2fafe2cfe61f6974895a912c3755e8f1 - Path: Packages/com.unity.ugui/Runtime/UGUI/UI/Core/ToggleGroup.cs - Importer: ScriptedImporter/UnityEditor.QuickSearchModule:UnityEditor.Search:ASIAI0B -> (ImportResultId: '1b543908c07bd8fa3631c17c4b66e219') in 0.0202704 seconds
Worker ready: AssetImportWorkerHW3 3
[Worker0] Imported GUID: 9c21cfda3336137438c3001d40564be0 - Path: Packages/com.unity.ugui/Tests/Runtime/UGUI/Canvas/NoActiveCameraInSceneDoesNotCrashEditor.cs - Importer: ScriptedImporter/UnityEditor.QuickSearchModule:UnityEditor.Search:ASIAI0B -> (ImportResultId: 'd12e6ac489d8b56d9aa42a99beba55a8') in 0.025059 seconds
[Worker2] Imported GUID: 9713795381722eb43b623dffba25d115 - Path: Packages/com.unity.ugui/Tests/Runtime/UGUI/Image/TestableImage.cs - Importer: ScriptedImporter/UnityEditor.QuickSearchModule:UnityEditor.Search:ASIAI0B -> (ImportResultId: 'ac11bb149a615c6c2c9312a6bd1d115a') in 0.0261117 seconds
[Worker1] Imported GUID: 811d999912a5f3f459a637aad029fbc8 - Path: Packages/com.unity.ugui/Tests/Runtime/UGUI/Canvas/RectTransformValidAfterEnable.cs - Importer: ScriptedImporter/UnityEditor.QuickSearchModule:UnityEditor.Search:ASIAI0B -> (ImportResultId: '080cba2946810143e27ecd2697c2a5a8') in 0.0268804 seconds
[Worker1] Imported GUID: bdd96340ebb649f781c3ff803211c992 - Path: Packages/com.unity.ugui/Tests/Runtime/UGUI/RawImage/TestRawImage.cs - Importer: ScriptedImporter/UnityEditor.QuickSearchModule:UnityEditor.Search:ASIAI0B -> (ImportResultId: '8c5b01f2399d86a4fd2c6024db5ef8d3') in 0.0228233 seconds
[Worker0] Imported GUID: d4dbe29df1b294c4f8f0a2fb529d19fd - Path: Packages/com.unity.ugui/Tests/Runtime/UGUI/Canvas/CanvasResizeCorrectlyForRenderTexture.cs - Importer: ScriptedImporter/UnityEditor.QuickSearchModule:UnityEditor.Search:ASIAI0B -> (ImportResultId: '07a4ecda5795d55188ac1d55f6315759') in 0.0430951 seconds
[Worker2] Imported GUID: e76469fb3bb994083898a5bc426ca60d - Path: Packages/com.unity.ugui/Tests/Editor/UGUI/UI/ScrollRectLayoutUndoTests.cs - Importer: ScriptedImporter/UnityEditor.QuickSearchModule:UnityEditor.Search:ASIAI0B -> (ImportResultId: 'e18ef55ecac9f2f0d891efed38bf83d0') in 0.0268722 seconds
[Worker1] Imported GUID: 309b0604924786544a3786ec4073c5a1 - Path: Packages/com.unity.ugui/Tests/Runtime/UGUI/Layout/ContentSizeFitterTests.cs - Importer: ScriptedImporter/UnityEditor.QuickSearchModule:UnityEditor.Search:ASIAI0B -> (ImportResultId: '17b4bf86c4c3a5a6d674a54f3124751c') in 0.0272209 seconds
[Worker0] Imported GUID: a0bae4ff8f5baf64aad3b92b8aea0603 - Path: Packages/com.unity.ugui/Tests/Runtime/UGUI/Graphic/ImageTests.cs - Importer: ScriptedImporter/UnityEditor.QuickSearchModule:UnityEditor.Search:ASIAI0B -> (ImportResultId: 'af6d390e791189ed58bffd07bb4d6889') in 0.0227223 seconds
[Worker2] Imported GUID: b611b0a598aeada419afa9737807c598 - Path: Packages/com.unity.ugui/Tests/Runtime/UGUI/Graphic/MaskTests.cs - Importer: ScriptedImporter/UnityEditor.QuickSearchModule:UnityEditor.Search:ASIAI0B -> (ImportResultId: 'c47807507d5273e3d350a222cf025410') in 0.0196981 seconds
[Worker1] Imported GUID: 2db6ae1a3fb0947168501ebed95a108c - Path: Packages/com.unity.ugui/Tests/Runtime/UGUI/SafeArea/SafeAreaRotateFlagTests.cs - Importer: ScriptedImporter/UnityEditor.QuickSearchModule:UnityEditor.Search:ASIAI0B -> (ImportResultId: '895430b25b536bebbd37455fe97fc46c') in 0.0178005 seconds
[Worker0] Imported GUID: 39dcddcb5895328489c92214aa73e3bb - Path: Packages/com.unity.ugui/Tests/Runtime/UGUI/EventSystem/SelectableTests.cs - Importer: ScriptedImporter/UnityEditor.QuickSearchModule:UnityEditor.Search:ASIAI0B -> (ImportResultId: '5b360aeae9851532a94ed2c90226076b') in 0.0188613 seconds
[Worker2] Imported GUID: 1ef2923b9c5521948a04299da53ae750 - Path: Packages/com.unity.ugui/Tests/Runtime/UGUI/Button/ButtonTests.cs - Importer: ScriptedImporter/UnityEditor.QuickSearchModule:UnityEditor.Search:ASIAI0B -> (ImportResultId: '430fd4673c5429da0ebec87f3ec0d6c2') in 0.0171081 seconds
[Worker1] Imported GUID: fc8d686a4c18b8d49bb1db4150de0459 - Path: Packages/com.unity.ugui/Tests/Runtime/UGUI/Canvas/NestedCanvas.cs - Importer: ScriptedImporter/UnityEditor.QuickSearchModule:UnityEditor.Search:ASIAI0B -> (ImportResultId: '1266c92169dc769dbef3ad4ad79d449c') in 0.0198102 seconds
[Worker0] Imported GUID: c32df609537c54c46adf92992a673693 - Path: Packages/com.unity.ugui/Tests/Runtime/UGUI/Canvas/SiblingOrderChangesLayout.cs - Importer: ScriptedImporter/UnityEditor.QuickSearchModule:UnityEditor.Search:ASIAI0B -> (ImportResultId: '91ed8fa1cd49bc3b6a53afa78d107abc') in 0.0201636 seconds
[Worker2] Imported GUID: 30f2a9fda7b63b041a70443bae3e7c01 - Path: Packages/com.unity.ugui/Tests/Runtime/UGUI/Layout/LayoutGroupTests.cs - Importer: ScriptedImporter/UnityEditor.QuickSearchModule:UnityEditor.Search:ASIAI0B -> (ImportResultId: 'ada55db9d755912b4ee150c688b8dee6') in 0.0220532 seconds
[Worker1] Imported GUID: a598580d0cfc7224ebed8d2b627d9e00 - Path: Packages/com.unity.ugui/Tests/Runtime/UGUI/Image/ImageTests.cs - Importer: ScriptedImporter/UnityEditor.QuickSearchModule:UnityEditor.Search:ASIAI0B -> (ImportResultId: '5b7908a3fcf747875a1bde5315ed8bf2') in 0.0264082 seconds
[Worker0] Imported GUID: 6fb761a492f57d84586a8264df7b3cc0 - Path: Packages/com.unity.ugui/Tests/Runtime/UGUI/EventSystem/Physics2DRaycasterTests.cs - Importer: ScriptedImporter/UnityEditor.QuickSearchModule:UnityEditor.Search:ASIAI0B -> (ImportResultId: 'c9aec3d164e791dbca7e79d71f355868') in 0.0335085 seconds
Worker ready: AssetImportWorkerHW4 4
[Worker2] Imported GUID: 4f5ed95515938d14189b094f8654d0bd - Path: Packages/com.unity.ugui/Tests/Runtime/UGUI/Button/TestButton.cs - Importer: ScriptedImporter/UnityEditor.QuickSearchModule:UnityEditor.Search:ASIAI0B -> (ImportResultId: '6d7f704304815abbed49e1f323bebc93') in 0.040858 seconds
[Worker1] Imported GUID: acfa3573efc38c844be021fdaa8cf8a6 - Path: Packages/com.unity.ugui/Tests/Runtime/UGUI/Graphic/RawImageTest.cs - Importer: ScriptedImporter/UnityEditor.QuickSearchModule:UnityEditor.Search:ASIAI0B -> (ImportResultId: '7b7633f574e1b8af86976398ed017745') in 0.0335733 seconds
[Worker0] Imported GUID: 8573c56c34e616248a3881b2c56280ef - Path: Packages/com.unity.ugui/Tests/Runtime/UGUI/Canvas/CoroutineWorksIfUIObjectIsAttached.cs - Importer: ScriptedImporter/UnityEditor.QuickSearchModule:UnityEditor.Search:ASIAI0B -> (ImportResultId: '153c44bbf30a05d3a1e701d001926f57') in 0.0266763 seconds
[Worker2] Imported GUID: 1a70a790a43cd0d4a96f75746841f764 - Path: Packages/com.unity.ugui/Tests/Runtime/UGUI/Image/ImageFilledGenerateWork.cs - Importer: ScriptedImporter/UnityEditor.QuickSearchModule:UnityEditor.Search:ASIAI0B -> (ImportResultId: '352874f10b70ec90a9cf083665d21fae') in 0.0169009 seconds
[Worker1] Imported GUID: 2ba506934dc2ce14591a37f3b00dca92 - Path: Packages/com.unity.ugui/Tests/Runtime/UGUI/Canvas/RectMask2DReparentedToDifferentCanvas.cs - Importer: ScriptedImporter/UnityEditor.QuickSearchModule:UnityEditor.Search:ASIAI0B -> (ImportResultId: 'dcbfc54b30f1af8cca0942588f55331b') in 0.0187762 seconds
[Worker0] Imported GUID: 5c004b1354944164fb076276c289afc1 - Path: Packages/com.unity.ugui/Tests/Runtime/UGUI/Graphic/ToggleTestImageHook.cs - Importer: ScriptedImporter/UnityEditor.QuickSearchModule:UnityEditor.Search:ASIAI0B -> (ImportResultId: 'b8efa2cb5e0a5be6413d7c5c5f974740') in 0.0177468 seconds
[Worker2] Imported GUID: 833143c443f979e44ae0b8ed899e3b59 - Path: Packages/com.unity.ugui/Tests/Runtime/UGUI/EventSystem/PhysicsRaycasterTests.cs - Importer: ScriptedImporter/UnityEditor.QuickSearchModule:UnityEditor.Search:ASIAI0B -> (ImportResultId: '18d2783ecbfc1ca83f20de7b77b34c79') in 0.0207361 seconds
[Worker1] Imported GUID: aca0de4e74f6cdf41a449805f345a4f5 - Path: Packages/com.unity.ugui/Tests/Runtime/UGUI/Graphic/NavigationTests.cs - Importer: ScriptedImporter/UnityEditor.QuickSearchModule:UnityEditor.Search:ASIAI0B -> (ImportResultId: '12110e2dbd0e25c15393bfcb658fa7b4') in 0.022391 seconds
[Worker0] Imported GUID: 8e3e781d26ad4aeca78526b3464f26d7 - Path: Packages/com.unity.ugui/Tests/Runtime/UGUI/RawImage/RawImageTests.cs - Importer: ScriptedImporter/UnityEditor.QuickSearchModule:UnityEditor.Search:ASIAI0B -> (ImportResultId: 'cf396c3d3e36fea6394e43fdf8976099') in 0.0237204 seconds
[Worker2] Imported GUID: 513613320b52fdb40a26dd5b73d89afe - Path: Packages/com.unity.ugui/Tests/Runtime/UGUI/InputField/GenericInputFieldTests.cs - Importer: ScriptedImporter/UnityEditor.QuickSearchModule:UnityEditor.Search:ASIAI0B -> (ImportResultId: 'da9bc59186d7a84150eeec0c7875604b') in 0.02086 seconds
[Worker1] Imported GUID: 5a522d5dce4ce4b0e840babe8fd40834 - Path: Packages/com.unity.ugui/Tests/Runtime/UGUI/SafeArea/SafeAreaTests.cs - Importer: ScriptedImporter/UnityEditor.QuickSearchModule:UnityEditor.Search:ASIAI0B -> (ImportResultId: 'b7aac6232b1f5b5b34e23bb626038a88') in 0.0224523 seconds
[Worker0] Imported GUID: 358a618bc6bd9354d81cc206fd2ed80e - Path: Packages/com.unity.ugui/Tests/Runtime/UGUI/Dropdown/DropdownTests.cs - Importer: ScriptedImporter/UnityEditor.QuickSearchModule:UnityEditor.Search:ASIAI0B -> (ImportResultId: '948f50d18cd670bc3bf8726f04a9ce08') in 0.0185566 seconds
[Worker2] Imported GUID: a14a59f2a5c757e469c3e4e17b798c2e - Path: Packages/com.unity.ugui/Tests/Runtime/UGUI/Canvas/CanvasGroupInheritedAlpha.cs - Importer: ScriptedImporter/UnityEditor.QuickSearchModule:UnityEditor.Search:ASIAI0B -> (ImportResultId: '000eb1bea266d99bfc093bf011f54088') in 0.0211662 seconds
[Worker1] Imported GUID: be07f70ee67e6d74e851a9333719bbb6 - Path: Packages/com.unity.ugui/Tests/Runtime/UGUI/Canvas/NestedCanvasMaintainsCorrectSize.cs - Importer: ScriptedImporter/UnityEditor.QuickSearchModule:UnityEditor.Search:ASIAI0B -> (ImportResultId: 'dd7fd8d42377fa4a9dd96fbe91fa5321') in 0.0222338 seconds
[Worker0] Imported GUID: be1b04bc4d8a415469493848e6501020 - Path: Packages/com.unity.ugui/Tests/Runtime/UGUI/Layout/AspectRatioFitterTests.cs - Importer: ScriptedImporter/UnityEditor.QuickSearchModule:UnityEditor.Search:ASIAI0B -> (ImportResultId: '808a00eb39204350c17f234c0e293580') in 0.0217661 seconds
[Worker2] Imported GUID: 5af3322745e78aa488fca5a2090f8755 - Path: Packages/com.unity.ugui/Tests/Runtime/UGUI/Layout/HorizonalLayoutGroupTests.cs - Importer: ScriptedImporter/UnityEditor.QuickSearchModule:UnityEditor.Search:ASIAI0B -> (ImportResultId: '78b82402a3b5c97e958a59f2f84a6351') in 0.0186871 seconds
[Worker1] Imported GUID: e89ff5e7c669f70409de18c9948164d4 - Path: Packages/com.unity.ugui/Tests/Runtime/UGUI/InputField/TouchInputFieldTests.cs - Importer: ScriptedImporter/UnityEditor.QuickSearchModule:UnityEditor.Search:ASIAI0B -> (ImportResultId: '6fa5e637fda3951220ce3d7c190181eb') in 0.019311 seconds
[Worker0] Imported GUID: db339ef553721e94999125c0b9f909dc - Path: Packages/com.unity.ugui/Tests/Runtime/UGUI/Canvas/CreateSceneUtility.cs - Importer: ScriptedImporter/UnityEditor.QuickSearchModule:UnityEditor.Search:ASIAI0B -> (ImportResultId: 'd5e877b9c57a4296e056a58b50973f64') in 0.0190992 seconds
[Worker2] Imported GUID: df1ba932d4ce4534e97a0f10c85cd3c9 - Path: Packages/com.unity.ugui/Tests/Runtime/UGUI/Canvas/CanvasSizeCorrectInAwakeAndStartScript.cs - Importer: ScriptedImporter/UnityEditor.QuickSearchModule:UnityEditor.Search:ASIAI0B -> (ImportResultId: '7fc712ee4cf6008f817351fe444f2f0a') in 0.0181906 seconds
[Worker1] Imported GUID: 589533fb2413e3e4fba7df13a6a75bf2 - Path: Packages/com.unity.ugui/Tests/Runtime/UGUI/Layout/LayoutGroupScaling.cs - Importer: ScriptedImporter/UnityEditor.QuickSearchModule:UnityEditor.Search:ASIAI0B -> (ImportResultId: 'be9bb377e26b580cdc27ad0338e4b34b') in 0.0203323 seconds
[Worker0] Imported GUID: 8a4b6301a5afaec4cb87d21383ceb0b3 - Path: Packages/com.unity.ugui/Tests/Runtime/UGUI/Layout/VerticalLayoutGroupTests.cs - Importer: ScriptedImporter/UnityEditor.QuickSearchModule:UnityEditor.Search:ASIAI0B -> (ImportResultId: 'c5ed24e0590facde3158a8deef79003b') in 0.0190746 seconds
[Worker2] Imported GUID: 735d54f21944f834f931716514c87a84 - Path: Packages/com.unity.ugui/Tests/Runtime/UGUI/Canvas/RectMask2DWithNestedCanvasCullsUsingCorrectCanvasRect.cs - Importer: ScriptedImporter/UnityEditor.QuickSearchModule:UnityEditor.Search:ASIAI0B -> (ImportResultId: '3d4b4f4e4689f779390b08d6ba47fba0') in 0.0201508 seconds
[Worker1] Imported GUID: 08a8587e5f07fb64f88a0cbe2ebe327e - Path: Packages/com.unity.ugui/Tests/Runtime/UGUI/Canvas/RectangleContainsScreenPointTest.cs - Importer: ScriptedImporter/UnityEditor.QuickSearchModule:UnityEditor.Search:ASIAI0B -> (ImportResultId: 'b8aed282a0453a5dcfcfacfd9bef4893') in 0.0193879 seconds
[Worker0] Imported GUID: a021b6d2ca2e9404b8a4d94343ecd068 - Path: Packages/com.unity.ugui/Tests/Runtime/UGUI/NestedLayout/SceneWithNestedLayoutElementsLoadScript.cs - Importer: ScriptedImporter/UnityEditor.QuickSearchModule:UnityEditor.Search:ASIAI0B -> (ImportResultId: '60f4e02e6d44794c04c289f64dd6b40f') in 0.0185205 seconds
[Worker2] Imported GUID: 9390296e78291b543b2f4a9761ef8139 - Path: Packages/com.unity.ugui/Tests/Runtime/UGUI/Canvas/CheckMeshColorsAndColors32Match.cs - Importer: ScriptedImporter/UnityEditor.QuickSearchModule:UnityEditor.Search:ASIAI0B -> (ImportResultId: 'd4984722cec3b89ee8b699673e2e7eaf') in 0.0201545 seconds
[Worker1] Imported GUID: 53ee1d135588bf447a7af7ba2e8709d7 - Path: Packages/com.unity.ugui/Tests/Runtime/UGUI/EventSystem/GraphicRaycasterButtonTests.cs - Importer: ScriptedImporter/UnityEditor.QuickSearchModule:UnityEditor.Search:ASIAI0B -> (ImportResultId: '348c232b0f6c2826ea7bf474f2a029a0') in 0.0205281 seconds
[Worker0] Imported GUID: e4e290d31ab7fb54880746bb8f818e0d - Path: Packages/com.unity.ugui/Tests/Runtime/UGUI/EventSystem/InputModuleTests.cs - Importer: ScriptedImporter/UnityEditor.QuickSearchModule:UnityEditor.Search:ASIAI0B -> (ImportResultId: '06891037f930e750bd5b7468b11c3512') in 0.0234558 seconds
[Worker2] Imported GUID: 24c3e990929f942f9a53e298ba7caddf - Path: Packages/com.unity.ugui/Tests/Runtime/UGUI/RaycastReceiver/RaycastReceiverTests.cs - Importer: ScriptedImporter/UnityEditor.QuickSearchModule:UnityEditor.Search:ASIAI0B -> (ImportResultId: '34bd2da286b7f516287ee9f0b3f76f51') in 0.0192245 seconds
[Worker1] Imported GUID: e6323ebef616fee4486ee155cd56d191 - Path: Packages/com.unity.ugui/Tests/Runtime/UGUI/EventSystem/GraphicRaycasterTests.cs - Importer: ScriptedImporter/UnityEditor.QuickSearchModule:UnityEditor.Search:ASIAI0B -> (ImportResultId: 'ec9b62f1538071054c7291aa617d984f') in 0.0214217 seconds
[Worker0] Imported GUID: 529fde071171dfd4e99d45ca81a3ac7b - Path: Packages/com.unity.ugui/Tests/Runtime/UGUI/MaskClipping/RectMask2DClipping.cs - Importer: ScriptedImporter/UnityEditor.QuickSearchModule:UnityEditor.Search:ASIAI0B -> (ImportResultId: '0a99dfc8b2f3deb045ff6fcbb17d1a9b') in 0.0198722 seconds
[Worker2] Imported GUID: 3d42c4854f9093e409cd90c00ef26de0 - Path: Packages/com.unity.ugui/Tests/Runtime/UGUI/EventSystem/GraphicRaycasterWorldSpaceCanvasTests.cs - Importer: ScriptedImporter/UnityEditor.QuickSearchModule:UnityEditor.Search:ASIAI0B -> (ImportResultId: 'd135b504e74816299ee686ef04f04ee3') in 0.0204702 seconds
[Worker1] Imported GUID: 13d161b14bb3ab74e8a9634e26fb7a5e - Path: Packages/com.unity.ugui/Tests/Runtime/UGUI/Canvas/CanvasScalerWithChildTextObjectDoesNotCrash.cs - Importer: ScriptedImporter/UnityEditor.QuickSearchModule:UnityEditor.Search:ASIAI0B -> (ImportResultId: '6359db06edd96476175d6a7822f905ee') in 0.0198321 seconds
[Worker0] Imported GUID: e9a32780b69dcdb438da3e3f43202f54 - Path: Packages/com.unity.ugui/Tests/Runtime/UGUI/LayoutGroup/LayoutGroupArrangement.cs - Importer: ScriptedImporter/UnityEditor.QuickSearchModule:UnityEditor.Search:ASIAI0B -> (ImportResultId: 'c903ef729b80a61cba3a20753bf69e8c') in 0.0191388 seconds
[Worker2] Imported GUID: 40c83ba6a1a64cb4baac27028dd1acc1 - Path: Packages/com.unity.ugui/Tests/Runtime/UGUI/Graphic/RawImageTestHook.cs - Importer: ScriptedImporter/UnityEditor.QuickSearchModule:UnityEditor.Search:ASIAI0B -> (ImportResultId: '1eb5bfe2e46c15cd797e8d624ff18672') in 0.0198019 seconds
[Worker1] Imported GUID: b9eb962217e00bf4fbc734e109991fca - Path: Packages/com.unity.ugui/Tests/Runtime/UGUI/Layout/GridLayoutGroupTests.cs - Importer: ScriptedImporter/UnityEditor.QuickSearchModule:UnityEditor.Search:ASIAI0B -> (ImportResultId: '34982acc86807f596ff9dc81cde0b75f') in 0.0192215 seconds
[Worker0] Imported GUID: 977190a4db46de442aed27279d247df4 - Path: Packages/com.unity.ugui/Tests/Editor/UGUI/UnityEvent/UnityEventInvoke.cs - Importer: ScriptedImporter/UnityEditor.QuickSearchModule:UnityEditor.Search:ASIAI0B -> (ImportResultId: '229afeb6c28d42beb7091dedf87407ca') in 0.0192771 seconds
[Worker2] Imported GUID: ea2e1a5b99f41405ba7a9ebb7d65366b - Path: Packages/com.unity.ugui/Tests/Runtime/UGUI/SafeArea/SafeAreaComponentTests.cs - Importer: ScriptedImporter/UnityEditor.QuickSearchModule:UnityEditor.Search:ASIAI0B -> (ImportResultId: 'e514054ce9ad80c56aa261effa77b261') in 0.0183214 seconds
[Worker0] Imported GUID: ec35c13a8280a8d4e817bc4afd8a95de - Path: Packages/com.unity.ugui/Tests/Runtime/UGUI/Canvas/CanvasSizeCorrectInAwakeAndStart.cs - Importer: ScriptedImporter/UnityEditor.QuickSearchModule:UnityEditor.Search:ASIAI0B -> (ImportResultId: '230dc0b80c73176a033d4b0eba98ea61') in 0.0168565 seconds
[Worker1] Imported GUID: 3371106faf8d06f47a73979a3c8d82a1 - Path: Packages/com.unity.ugui/Tests/Runtime/UGUI/InputField/InputFieldTests.cs - Importer: ScriptedImporter/UnityEditor.QuickSearchModule:UnityEditor.Search:ASIAI0B -> (ImportResultId: 'e8b03e23ce9c42322002ad42f640e68c') in 0.0178159 seconds
[Worker2] Imported GUID: 6fac6d65d2fb7472d94e95ddb8b8798c - Path: Packages/com.unity.ugui/Tests/Runtime/UGUI/CanvasRenderer/CanvasRendererTests.cs - Importer: ScriptedImporter/UnityEditor.QuickSearchModule:UnityEditor.Search:ASIAI0B -> (ImportResultId: 'c586c654e73dbd794229478dac437d3e') in 0.0172646 seconds
[Worker1] Imported GUID: e1b0ab339722791498cc804831a17ad3 - Path: Packages/com.unity.ugui/Tests/Runtime/UGUI/InputField/DesktopInputFieldTests.cs - Importer: ScriptedImporter/UnityEditor.QuickSearchModule:UnityEditor.Search:ASIAI0B -> (ImportResultId: 'cf890376b608be44565eb5d7e376b475') in 0.0166566 seconds
[Worker0] Imported GUID: 0ca2545d76d1fb34fa45a9f1e432d259 - Path: Packages/com.unity.ugui/Tests/Runtime/UGUI/EventSystem/RaycastSortingTests.cs - Importer: ScriptedImporter/UnityEditor.QuickSearchModule:UnityEditor.Search:ASIAI0B -> (ImportResultId: '01e590fe39ebca6a1a0ca461f06f5122') in 0.017736 seconds
[Worker2] Imported GUID: 16c6414b77a90ff4098767dce485c495 - Path: Packages/com.unity.ugui/Tests/Runtime/UGUI/InputField/FakeInputModule.cs - Importer: ScriptedImporter/UnityEditor.QuickSearchModule:UnityEditor.Search:ASIAI0B -> (ImportResultId: '9aea38300653a8d79a875b6409b0d086') in 0.0150305 seconds
[Worker0] Imported GUID: 32a4a0ea998dd6149937d2774781c436 - Path: Packages/com.unity.ugui/Tests/Runtime/UGUI/ScrollBar/ScrollBarClamp.cs - Importer: ScriptedImporter/UnityEditor.QuickSearchModule:UnityEditor.Search:ASIAI0B -> (ImportResultId: '00c6eb65fab556966e6d961387311e3a') in 0.019354 seconds
[Worker1] Imported GUID: e88a766c2b8b47841936c136f4afbba9 - Path: Packages/com.unity.ugui/Tests/Runtime/UGUI/Graphic/GraphicTests.cs - Importer: ScriptedImporter/UnityEditor.QuickSearchModule:UnityEditor.Search:ASIAI0B -> (ImportResultId: '4e152c83b655f2a371670d0376f81f78') in 0.0203822 seconds
[Worker2] Imported GUID: 1a26e19d51cbfac42a02631ad1f9e39e - Path: Packages/com.unity.ugui/Tests/Runtime/UGUI/Canvas/BridgeScriptForRetainingObjects.cs - Importer: ScriptedImporter/UnityEditor.QuickSearchModule:UnityEditor.Search:ASIAI0B -> (ImportResultId: '3f8e09682711cb17708ca01447717a82') in 0.0188736 seconds
[Worker0] Imported GUID: 01df650e1b86e9f4a8e2b5dc9782506f - Path: Packages/com.unity.ugui/Tests/Runtime/UGUI/NestedLayout/SceneWithNestedLayoutElementsLoads.cs - Importer: ScriptedImporter/UnityEditor.QuickSearchModule:UnityEditor.Search:ASIAI0B -> (ImportResultId: 'c71ca055c97b895f15c9ff50121eb2f9') in 0.0189725 seconds
[Worker2] Imported GUID: 3245ec927659c4140ac4f8d17403cc18 - Path: Packages/com.unity.ugui/Runtime/UGUI/UI/Core/Layout/ContentSizeFitter.cs - Importer: ScriptedImporter/UnityEditor.QuickSearchModule:UnityEditor.Search:ASIAI0B -> (ImportResultId: '6394f427cad26aab5791ea81adb6410c') in 0.0205298 seconds
[Worker1] Imported GUID: 67e3583b91179094094c6a188b232262 - Path: Packages/com.unity.ugui/Runtime/UGUI/UI/Core/Culling/Clipping.cs - Importer: ScriptedImporter/UnityEditor.QuickSearchModule:UnityEditor.Search:ASIAI0B -> (ImportResultId: 'aadd6a20b3a4943c435938b2b4c15d56') in 0.0208856 seconds
[Worker0] Imported GUID: fee59c2b2318a7e4fa7a2c2af28d9553 - Path: Packages/com.unity.collections/pvpExceptions.json - Importer: ScriptedImporter/UnityEditor.QuickSearchModule:UnityEditor.Search:ASIAI0B -> (ImportResultId: 'ef7d1cc63926f48a92d2418aaf332aff') in 0.0213598 seconds
[Worker2] Imported GUID: a5c214e5846a99242b348c37e49b2f59 - Path: Packages/com.unity.ugui/Runtime/UGUI/UI/Core/Layout/HorizontalOrVerticalLayoutGroup.cs - Importer: ScriptedImporter/UnityEditor.QuickSearchModule:UnityEditor.Search:ASIAI0B -> (ImportResultId: '05b02fd52b499eca569289ea33bac61f') in 0.0191381 seconds
[Worker1] Imported GUID: 368d3a0498e78014da578aa5f45e2797 - Path: Packages/com.unity.ugui/Runtime/UGUI/UI/Core/Layout/ILayoutElement.cs - Importer: ScriptedImporter/UnityEditor.QuickSearchModule:UnityEditor.Search:ASIAI0B -> (ImportResultId: 'd005b8fe9900ab36a7b5066d96d5d32c') in 0.0194549 seconds
[Worker0] Imported GUID: e19747de3f5aca642ab2be37e372fb86 - Path: Packages/com.unity.ugui/Runtime/UGUI/UI/Core/VertexModifiers/Outline.cs - Importer: ScriptedImporter/UnityEditor.QuickSearchModule:UnityEditor.Search:ASIAI0B -> (ImportResultId: '3b50feeb7cc2565d09d2fa5a50e214ee') in 0.0207779 seconds
[Worker1] Imported GUID: 14427eecd0bccea468addc3492aaef57 - Path: Packages/com.unity.ugui/Tests/Runtime/UGUI/Toggle/ToggleTests.cs - Importer: ScriptedImporter/UnityEditor.QuickSearchModule:UnityEditor.Search:ASIAI0B -> (ImportResultId: 'bef538b68ba5ac13e4e85ebd7b19dd6a') in 0.0157376 seconds
[Worker0] Imported GUID: 59f8146938fff824cb5fd77236b75775 - Path: Packages/com.unity.ugui/Runtime/UGUI/UI/Core/Layout/VerticalLayoutGroup.cs - Importer: ScriptedImporter/UnityEditor.QuickSearchModule:UnityEditor.Search:ASIAI0B -> (ImportResultId: '73251bd73fff2e5d3f314ce03d3dd2b4') in 0.020108 seconds
[Worker2] Imported GUID: 020ee4c1798a3d243a4b8cbfee6cac2d - Path: Packages/com.unity.ugui/Runtime/UGUI/UI/Core/VertexModifiers/PositionAsUV1.cs - Importer: ScriptedImporter/UnityEditor.QuickSearchModule:UnityEditor.Search:ASIAI0B -> (ImportResultId: '6b007d7f547ec4e4756653214e4b2c37') in 0.022857 seconds
[Worker1] Imported GUID: 8a8695521f0d02e499659fee002a26c2 - Path: Packages/com.unity.ugui/Runtime/UGUI/UI/Core/Layout/GridLayoutGroup.cs - Importer: ScriptedImporter/UnityEditor.QuickSearchModule:UnityEditor.Search:ASIAI0B -> (ImportResultId: 'ed137447fa82b8529c103f8ce0cb99ae') in 0.0210824 seconds
[Worker0] Imported GUID: e0e4f43a3816add4c86c9671d7961f2f - Path: Packages/com.unity.ugui/Tests/Runtime/UGUI/Toggle/TestableToggleGroup.cs - Importer: ScriptedImporter/UnityEditor.QuickSearchModule:UnityEditor.Search:ASIAI0B -> (ImportResultId: '41b4c80f461de18272435d45425da55a') in 0.0184438 seconds
[Worker2] Imported GUID: 7883cd788d83a71478342eef943e8150 - Path: Packages/com.unity.ugui/Tests/Runtime/UGUI/ScrollRect/ScrollRectStableLayout.cs - Importer: ScriptedImporter/UnityEditor.QuickSearchModule:UnityEditor.Search:ASIAI0B -> (ImportResultId: 'b81dd77bd191e245eca3bc64728535f2') in 0.0199196 seconds
[Worker1] Imported GUID: 433d3b96b2a40a5479d3d7d8495882ed - Path: Packages/com.unity.ugui/Tests/Editor/UGUI/UI/PropertyDrawers/PropertyDrawerTests.cs - Importer: ScriptedImporter/UnityEditor.QuickSearchModule:UnityEditor.Search:ASIAI0B -> (ImportResultId: '7a9c8b5abed278509bc03245fa580268') in 0.0196412 seconds
[Worker0] Imported GUID: d1fecb7e41996c7468b18df518b721d9 - Path: Packages/com.unity.collections/DocCodeSamples.Tests/DocCodeSamples.Tests.asmdef - Importer: ScriptedImporter/UnityEditor.QuickSearchModule:UnityEditor.Search:ASIAI0B -> (ImportResultId: '10f43fecd9ea737169a0cccb337e8840') in 0.0192791 seconds
[Worker2] Imported GUID: d548f82e7e9c0ed49ae5b4a5eecfb2f7 - Path: Packages/com.unity.ugui/Tests/Runtime/UGUI/Util/UIBehaviourExtensions.cs - Importer: ScriptedImporter/UnityEditor.QuickSearchModule:UnityEditor.Search:ASIAI0B -> (ImportResultId: '8666f6cbd4fd2856f21cbac11ea4091a') in 0.020223 seconds
[Worker0] Imported GUID: fcae021c30eccf74790a4e816ba97c19 - Path: Packages/com.unity.ugui/Runtime/UGUI/UI/Core/Utility/ReflectionMethodsCache.cs - Importer: ScriptedImporter/UnityEditor.QuickSearchModule:UnityEditor.Search:ASIAI0B -> (ImportResultId: '41e3672623dddfde70e3767cd540986a') in 0.0171038 seconds
[Worker1] Imported GUID: cb7c939a806f03341b682c180dc13f08 - Path: Packages/com.unity.ugui/Runtime/UGUI/UI/Core/Layout/LayoutGroup.cs - Importer: ScriptedImporter/UnityEditor.QuickSearchModule:UnityEditor.Search:ASIAI0B -> (ImportResultId: '5ee5205395e7f2f213a5a73ee18d10be') in 0.0197427 seconds
[Worker2] Imported GUID: 621a76c0c3927aa45aba7d2ad0c8e1c8 - Path: Packages/com.unity.ugui/Tests/Runtime/UGUI/Util/GraphicTestHelper.cs - Importer: ScriptedImporter/UnityEditor.QuickSearchModule:UnityEditor.Search:ASIAI0B -> (ImportResultId: '43f38f72326f4fdac0275aa2fa09ea6f') in 0.0202952 seconds
[Worker0] Imported GUID: 138dbec4f8742654fbceb0a19d68b9c5 - Path: Packages/com.unity.ugui/Tests/Runtime/UGUI/EventSystem/InputModuleTests/FakeBaseInput.cs - Importer: ScriptedImporter/UnityEditor.QuickSearchModule:UnityEditor.Search:ASIAI0B -> (ImportResultId: '24194998bb0da15116237cd353081980') in 0.0161641 seconds
[Worker2] Imported GUID: af5aad29a2c56fd449428c9041fc68bb - Path: Packages/com.unity.collections/README.md - Importer: ScriptedImporter/UnityEditor.QuickSearchModule:UnityEditor.Search:ASIAI0B -> (ImportResultId: 'e64c7ac3a9c046ddb4e7144974f5df54') in 0.0151684 seconds
[Worker1] Imported GUID: bd605698a338c4de88bb5b3c4632af68 - Path: Packages/com.unity.collections/package.json - Importer: ScriptedImporter/UnityEditor.QuickSearchModule:UnityEditor.Search:ASIAI0B -> (ImportResultId: '4c845859fae98d643fa64f021a3d1dbc') in 0.0198469 seconds
[Worker0] Imported GUID: 30649d3a9faa99c48a7b1166b86bf2a0 - Path: Packages/com.unity.ugui/Runtime/UGUI/UI/Core/Layout/HorizontalLayoutGroup.cs - Importer: ScriptedImporter/UnityEditor.QuickSearchModule:UnityEditor.Search:ASIAI0B -> (ImportResultId: 'bf5a9e17a03932012d8f4274c5e58bd6') in 0.0205332 seconds
[Worker2] Imported GUID: e9cac674d67385249b2805670e618c24 - Path: Packages/com.unity.ugui/Tests/Runtime/UGUI/ScrollRect/ScrollRectScale.cs - Importer: ScriptedImporter/UnityEditor.QuickSearchModule:UnityEditor.Search:ASIAI0B -> (ImportResultId: '6cb1f936dfd3f89290e4695eec1d3e86') in 0.0183721 seconds
[Worker1] Imported GUID: 76c82729ad712f14bae1a8a279c52ac3 - Path: Packages/com.unity.ugui/Tests/Runtime/UGUI/EventSystem/InputModuleTests/DragCallbackCheck.cs - Importer: ScriptedImporter/UnityEditor.QuickSearchModule:UnityEditor.Search:ASIAI0B -> (ImportResultId: '5da9a807996dad56d0136bfc86f7c1ee') in 0.016932 seconds
[Worker2] Imported GUID: 0573713975c6b8246b7544ed524ef1dc - Path: Packages/com.unity.ugui/Tests/Runtime/UGUI/EventSystem/InputModuleTests/PointerClickCallbackCheck.cs - Importer: ScriptedImporter/UnityEditor.QuickSearchModule:UnityEditor.Search:ASIAI0B -> (ImportResultId: '7493dc7dbb3d5c9d33961e4f0d813e33') in 0.0158329 seconds
[Worker0] Imported GUID: d9848a39deeb4ff9aa9e4cec03215a4b - Path: Packages/com.unity.collections/DocCodeSamples.Tests/CollectionsExamples.cs - Importer: ScriptedImporter/UnityEditor.QuickSearchModule:UnityEditor.Search:ASIAI0B -> (ImportResultId: '924a00e8bb3869bf1d995069cdd45973') in 0.0178066 seconds
[Worker1] Imported GUID: 0b2706df6fdff50448f84a3f6629b40f - Path: Packages/com.unity.ugui/Tests/Runtime/UGUI/Util/ExceptionUtils.cs - Importer: ScriptedImporter/UnityEditor.QuickSearchModule:UnityEditor.Search:ASIAI0B -> (ImportResultId: 'f56ec07998c18defc177ade4bfa3c7cb') in 0.0194507 seconds
[Worker2] Imported GUID: 50081206855385544a5ddd0e3b6ba9be - Path: Packages/com.unity.ugui/Tests/Runtime/UGUI/Toggle/ToggleGroupTests.cs - Importer: ScriptedImporter/UnityEditor.QuickSearchModule:UnityEditor.Search:ASIAI0B -> (ImportResultId: 'e2831bad9dab4cb14a9d37692fc1bea6') in 0.0195909 seconds
[Worker0] Imported GUID: fc34cd6ea308f3940a729e1a44cd0e82 - Path: Packages/com.unity.ugui/Tests/Runtime/UGUI/Slider/SliderTests.cs - Importer: ScriptedImporter/UnityEditor.QuickSearchModule:UnityEditor.Search:ASIAI0B -> (ImportResultId: '6bc5c50135f42cf34f19f14a4b5f3255') in 0.0195077 seconds
[Worker1] Imported GUID: 306cc8c2b49d7114eaa3623786fc2126 - Path: Packages/com.unity.ugui/Runtime/UGUI/UI/Core/Layout/LayoutElement.cs - Importer: ScriptedImporter/UnityEditor.QuickSearchModule:UnityEditor.Search:ASIAI0B -> (ImportResultId: '7ff5fedfda0b06188d999e3164bcca2e') in 0.0231518 seconds
[Worker0] Imported GUID: 568f02fe7676e4d659782d6038df91de - Path: Packages/com.unity.collections/LICENSE.md - Importer: ScriptedImporter/UnityEditor.QuickSearchModule:UnityEditor.Search:ASIAI0B -> (ImportResultId: 'e76e66189daedbda88e52beef520376a') in 0.0193726 seconds
[Worker2] Imported GUID: 20ff4283f687e044087714f82c4d6d3f - Path: Packages/com.unity.ugui/Runtime/UGUI/UI/Core/MaterialModifiers/IMaterialModifier.cs - Importer: ScriptedImporter/UnityEditor.QuickSearchModule:UnityEditor.Search:ASIAI0B -> (ImportResultId: '92840d53392462b93c5784d603751db1') in 0.0209829 seconds
[Worker1] Imported GUID: 05f7f519769978b79b31d063a7fc6fa1 - Path: Packages/com.unity.modules.unitywebrequestassetbundle/package.json - Importer: ScriptedImporter/UnityEditor.QuickSearchModule:UnityEditor.Search:ASIAI0B -> (ImportResultId: '784530f26df5c704ec5a9e88996f5b1e') in 0.0212189 seconds
[Worker0] Imported GUID: 5da88f348abcbd94585671a69c672781 - Path: Packages/com.unity.ugui/Tests/Runtime/UGUI/Util/ImageHook.cs - Importer: ScriptedImporter/UnityEditor.QuickSearchModule:UnityEditor.Search:ASIAI0B -> (ImportResultId: '9993a0393d8edb1011ce7eee9b5a9b6c') in 0.0239903 seconds
[Worker2] Imported GUID: af94bd3a805f27e42ab86647265be74e - Path: Packages/com.unity.ugui/Tests/Runtime/UGUI/EventSystem/InputModuleTests/PointerExitCallbackCheck.cs - Importer: ScriptedImporter/UnityEditor.QuickSearchModule:UnityEditor.Search:ASIAI0B -> (ImportResultId: 'a17bddff6ed6328ad5f13772e91f075b') in 0.0251768 seconds
[Worker1] Imported GUID: 00f9a68859b850648902e0c98c25b590 - Path: Packages/com.unity.ugui/Tests/Runtime/UGUI/ScrollBar/ScrollBarTests.cs - Importer: ScriptedImporter/UnityEditor.QuickSearchModule:UnityEditor.Search:ASIAI0B -> (ImportResultId: 'c64b259f871de9ff7b8fcc7a17d8a150') in 0.0194166 seconds
[Worker0] Imported GUID: c606041f02fc7d542b1429806872292b - Path: Packages/com.unity.ugui/Runtime/UGUI/UI/Core/Culling/RectangularVertexClipper.cs - Importer: ScriptedImporter/UnityEditor.QuickSearchModule:UnityEditor.Search:ASIAI0B -> (ImportResultId: '17daa9ea2847c2fc3204cf2dd80dc6ea') in 0.0177059 seconds
[Worker1] Imported GUID: db8e609a39b9b231fccc54e5fa4cbd1b - Path: Packages/com.unity.modules.animation/package.ModuleCompilationTrigger - Importer: ScriptedImporter/UnityEditor.QuickSearchModule:UnityEditor.Search:ASIAI0B -> (ImportResultId: 'e7f426379af02892ee24ee423f5a0f40') in 0.0146207 seconds
[Worker2] Imported GUID: 86710e43de46f6f4bac7c8e50813a599 - Path: Packages/com.unity.ugui/Runtime/UGUI/UI/Core/Layout/AspectRatioFitter.cs - Importer: ScriptedImporter/UnityEditor.QuickSearchModule:UnityEditor.Search:ASIAI0B -> (ImportResultId: 'd93074e096850d49ae4322b5e77a7370') in 0.018109 seconds
[Worker0] Imported GUID: 80beef77cb19e713c7c2d481b65ed485 - Path: Packages/com.unity.modules.screencapture/package.json - Importer: ScriptedImporter/UnityEditor.QuickSearchModule:UnityEditor.Search:ASIAI0B -> (ImportResultId: '551d02cab22b40881260b44aacac3e44') in 0.0164593 seconds
[Worker1] Imported GUID: eb4fb871430ff484e9ee3850946c504d - Path: Packages/com.unity.ugui/Tests/Runtime/UGUI/EventSystem/InputModuleTests/PointerEnterCallbackCheck.cs - Importer: ScriptedImporter/UnityEditor.QuickSearchModule:UnityEditor.Search:ASIAI0B -> (ImportResultId: 'adede9499a593fc74a2a8ff73d0a4b1b') in 0.0162464 seconds
[Worker2] Imported GUID: 371b6b9c8adc50745ace66a6fdf67481 - Path: Packages/com.unity.ugui/Runtime/UGUI/UI/Core/Culling/IClipRegion.cs - Importer: ScriptedImporter/UnityEditor.QuickSearchModule:UnityEditor.Search:ASIAI0B -> (ImportResultId: '10f699fc41a9b81ff3e5cf240374f9fd') in 0.0192844 seconds
[Worker1] Imported GUID: 7ef8348b8ea834d7e1bc214b07f7fb87 - Path: Packages/com.unity.modules.animation/package.json - Importer: ScriptedImporter/UnityEditor.QuickSearchModule:UnityEditor.Search:ASIAI0B -> (ImportResultId: 'f2b0a4a2149dfc038e0ef59c04eb3a8a') in 0.0160605 seconds
[Worker0] Imported GUID: a8604e8f13b3be84b8bc0c1507d8f3f6 - Path: Packages/com.unity.ugui/Runtime/UGUI/UI/Core/SpecializedCollections/IndexedSet.cs - Importer: ScriptedImporter/UnityEditor.QuickSearchModule:UnityEditor.Search:ASIAI0B -> (ImportResultId: 'c50432b816218325f1be1e6746014d6a') in 0.0182175 seconds
[Worker2] Imported GUID: d56dbb97f857c8040beef6dd1bfc97df - Path: Packages/com.unity.ugui/Tests/Runtime/UGUI/ScrollRect/ScrollRectClamp.cs - Importer: ScriptedImporter/UnityEditor.QuickSearchModule:UnityEditor.Search:ASIAI0B -> (ImportResultId: 'de82d9e26fea06dfd4565512ef151e6e') in 0.0183984 seconds
[Worker1] Imported GUID: c459424081436584c8cec10767f9ac38 - Path: Packages/com.unity.ugui/Runtime/UGUI/UI/Core/Utility/VertexHelper.cs - Importer: ScriptedImporter/UnityEditor.QuickSearchModule:UnityEditor.Search:ASIAI0B -> (ImportResultId: 'f83fdf4bf2e82e27bb5f1c0da52d4669') in 0.0160638 seconds
[Worker0] Imported GUID: 85f3c3a3c2623cd4da1661b0479e2ef2 - Path: Packages/com.unity.ugui/Runtime/UGUI/UI/Core/VertexModifiers/IMeshModifier.cs - Importer: ScriptedImporter/UnityEditor.QuickSearchModule:UnityEditor.Search:ASIAI0B -> (ImportResultId: '193c100b279241856589e83c70e368ef') in 0.0183596 seconds
[Worker2] Imported GUID: 7610600f5c83e01041a6fe849d39279f - Path: Packages/com.unity.modules.unitywebrequestassetbundle/package.ModuleCompilationTrigger - Importer: ScriptedImporter/UnityEditor.QuickSearchModule:UnityEditor.Search:ASIAI0B -> (ImportResultId: 'e31eb36b247eba36667dd7d2ad77b63e') in 0.0206228 seconds
[Worker1] Imported GUID: cd561f5f687aed43bf280c27a84f79e3 - Path: Packages/com.unity.modules.screencapture/package.ModuleCompilationTrigger - Importer: ScriptedImporter/UnityEditor.QuickSearchModule:UnityEditor.Search:ASIAI0B -> (ImportResultId: '11744e6ed7241a119cad11a8a5a2a355') in 0.0182155 seconds
[Worker0] Imported GUID: ea944378afa086f438b3352ad7b0e835 - Path: Packages/com.unity.ugui/Tests/Runtime/UGUI/Util/PrivateFieldSetter.cs - Importer: ScriptedImporter/UnityEditor.QuickSearchModule:UnityEditor.Search:ASIAI0B -> (ImportResultId: '4589239309dad62164ac80d7e98929a5') in 0.0186924 seconds
[Worker2] Imported GUID: 006633c8a6f4ae94aa9babf72234e1a2 - Path: Packages/com.unity.ugui/Runtime/UGUI/UI/Core/Layout/LayoutRebuilder.cs - Importer: ScriptedImporter/UnityEditor.QuickSearchModule:UnityEditor.Search:ASIAI0B -> (ImportResultId: 'e2c106b8673b6d7a1a948a7539613f5e') in 0.0204166 seconds
[Worker0] Imported GUID: 9f1026265f8e3d54fb6e9f082c43debf - Path: Packages/com.unity.ugui/Runtime/UGUI/UI/Core/Culling/ClipperRegistry.cs - Importer: ScriptedImporter/UnityEditor.QuickSearchModule:UnityEditor.Search:ASIAI0B -> (ImportResultId: 'dd84189e5c5baff8a383e7c7f66941f8') in 0.017593 seconds
[Worker1] Imported GUID: a5d815866ec304e56b03ec5cfc5f8b0a - Path: Packages/com.unity.collections/CHANGELOG.md - Importer: ScriptedImporter/UnityEditor.QuickSearchModule:UnityEditor.Search:ASIAI0B -> (ImportResultId: 'efe1420bc1cad5f54a98894bf5eea089') in 0.0283487 seconds
[Worker2] Imported GUID: 754bd1bfc77f45aea641971c9495f0f7 - Path: Packages/com.unity.collections/DocCodeSamples.Tests/CollectionsAllocationExamples.cs - Importer: ScriptedImporter/UnityEditor.QuickSearchModule:UnityEditor.Search:ASIAI0B -> (ImportResultId: '961dac7fb646a72ce09947704e8650f4') in 0.0181367 seconds
[Worker0] Imported GUID: 6fe576033d6a2424c888d599967457a2 - Path: Packages/com.unity.collections/ValidationExceptions.json - Importer: ScriptedImporter/UnityEditor.QuickSearchModule:UnityEditor.Search:ASIAI0B -> (ImportResultId: '949012a3e4ad1c0b39c019d739086874') in 0.0149302 seconds
[Worker1] Imported GUID: cfabb0440166ab443bba8876756fdfa9 - Path: Packages/com.unity.ugui/Runtime/UGUI/UI/Core/VertexModifiers/Shadow.cs - Importer: ScriptedImporter/UnityEditor.QuickSearchModule:UnityEditor.Search:ASIAI0B -> (ImportResultId: '22c3a0ed1ae09d6475248aa4ab0e5d91') in 0.0189561 seconds
[Worker2] Imported GUID: 718966f960cb50643986195e5fe953ca - Path: Packages/com.unity.ugui/Runtime/UGUI/UI/Core/VertexModifiers/BaseMeshEffect.cs - Importer: ScriptedImporter/UnityEditor.QuickSearchModule:UnityEditor.Search:ASIAI0B -> (ImportResultId: 'd337f972cfe0ce5cac271789d0badd50') in 0.0189384 seconds
[Worker0] Imported GUID: 82bf3f737dec0be43a60891958a8da87 - Path: Packages/com.unity.ugui/Runtime/UGUI/UI/Core/Layout/LayoutUtility.cs - Importer: ScriptedImporter/UnityEditor.QuickSearchModule:UnityEditor.Search:ASIAI0B -> (ImportResultId: '299965416102fff335a5e7a311bbba2a') in 0.0211986 seconds
[Worker1] Imported GUID: d925cabd9ecd5074aadab0726b96c38f - Path: Packages/com.unity.ugui/Tests/Runtime/UGUI/ScrollRect/ScrollRectTests.cs - Importer: ScriptedImporter/UnityEditor.QuickSearchModule:UnityEditor.Search:ASIAI0B -> (ImportResultId: '47b92c69cbf2fc658bd66d50641d677a') in 0.0189007 seconds
[Worker2] Imported GUID: 71136fc5cf34f2cc10be0e33c0b08019 - Path: Packages/com.unity.modules.unityanalytics/package.ModuleCompilationTrigger - Importer: ScriptedImporter/UnityEditor.QuickSearchModule:UnityEditor.Search:ASIAI0B -> (ImportResultId: 'ac7deb9dde4d7bbb473525a431d1288b') in 0.0154239 seconds
[Worker0] Imported GUID: 19c6f364c1e81cb4f829a057824639ad - Path: Packages/com.unity.ugui/Tests/Runtime/UGUI/EventSystem/InputModuleTests/MouseUpdate.cs - Importer: ScriptedImporter/UnityEditor.QuickSearchModule:UnityEditor.Search:ASIAI0B -> (ImportResultId: '82a48ef13376ace5801cb74868df1ca8') in 0.0191643 seconds
[Worker2] Imported GUID: 26a4f29db434fd79025c91f6126382cc - Path: Packages/com.unity.modules.unityanalytics/package.json - Importer: ScriptedImporter/UnityEditor.QuickSearchModule:UnityEditor.Search:ASIAI0B -> (ImportResultId: '9cef7192ad0e12d8a5eb9da02c372c6b') in 0.0187813 seconds
[Worker1] Imported GUID: 4d31e19fd539ac54c8d9151da43683e9 - Path: Packages/com.unity.ugui/Tests/Runtime/UGUI/Util/ConcreteGraphic.cs - Importer: ScriptedImporter/UnityEditor.QuickSearchModule:UnityEditor.Search:ASIAI0B -> (ImportResultId: '9718f98633d7b6850b56fe2da8ff048e') in 0.0215098 seconds
[Worker0] Imported GUID: 0cd44c1031e13a943bb63640046fad76 - Path: Packages/com.unity.ugui/Runtime/UGUI/UI/Core/Layout/CanvasScaler.cs - Importer: ScriptedImporter/UnityEditor.QuickSearchModule:UnityEditor.Search:ASIAI0B -> (ImportResultId: 'c256f6f03f44b19b97ec3db4388c54f0') in 0.0199089 seconds
[Worker0] Imported GUID: 277dac84baaf845b1952f2269f374912 - Path: Packages/com.unity.collections/Unity.Collections/UnsafeList.cs - Importer: ScriptedImporter/UnityEditor.QuickSearchModule:UnityEditor.Search:ASIAI0B -> (ImportResultId: '3ef64bfef7c7f215b89e9d59afa0d3fb') in 0.0172277 seconds
[Worker1] Imported GUID: c6561bdb03b3b415a9725d8af46e62d4 - Path: Packages/com.unity.collections/Unity.Collections/ConcurrentMask.cs - Importer: ScriptedImporter/UnityEditor.QuickSearchModule:UnityEditor.Search:ASIAI0B -> (ImportResultId: '575721a332ad4d818628ee41048cf01a') in 0.0172994 seconds
[Worker2] Imported GUID: 5823667af4bd5fd489bc1a1c24cad9d6 - Path: Packages/com.unity.collections/Unity.Collections/NativeHashSet.cs - Importer: ScriptedImporter/UnityEditor.QuickSearchModule:UnityEditor.Search:ASIAI0B -> (ImportResultId: 'd8d62d3ef308b5f333d4b8bea3446234') in 0.0178697 seconds
[Worker2] Imported GUID: 134f6a7ae57d2df4aace84c12a331f06 - Path: Packages/com.unity.collections/Unity.Collections/UnsafeNotBurstCompatible.cs - Importer: ScriptedImporter/UnityEditor.QuickSearchModule:UnityEditor.Search:ASIAI0B -> (ImportResultId: '788880d57b804fdea72f72a9130bc1a0') in 0.0141567 seconds
[Worker0] Imported GUID: 66302e43465db41bc9a7b142b2157ac6 - Path: Packages/com.unity.collections/Unity.Collections/DebugView.cs - Importer: ScriptedImporter/UnityEditor.QuickSearchModule:UnityEditor.Search:ASIAI0B -> (ImportResultId: 'e0a8977b92bb9c1335576e284439801d') in 0.0147941 seconds
[Worker1] Imported GUID: c96af7680ee0e6c4095162d932aadf52 - Path: Packages/com.unity.collections/Unity.Collections/NativeText.gen.cs - Importer: ScriptedImporter/UnityEditor.QuickSearchModule:UnityEditor.Search:ASIAI0B -> (ImportResultId: '2a5a64bc7bb9c5f68006cd16d5d93624') in 0.0163094 seconds
[Worker2] Imported GUID: 13912e20398d4a03883c4ee9ee4d8818 - Path: Packages/com.unity.collections/Unity.Collections/DataStreamWriter.cs - Importer: ScriptedImporter/UnityEditor.QuickSearchModule:UnityEditor.Search:ASIAI0B -> (ImportResultId: 'de78b2f21db4770228ea21b0fff0aee1') in 0.0156369 seconds
[Worker0] Imported GUID: 7a3be0dd158385f4081ab23532efbc6c - Path: Packages/com.unity.collections/Unity.Collections/ListExtensions.cs - Importer: ScriptedImporter/UnityEditor.QuickSearchModule:UnityEditor.Search:ASIAI0B -> (ImportResultId: '10301aa2d721c490056b201a94b5004e') in 0.0197639 seconds
[Worker1] Imported GUID: 5225ac49dbd6eb941b91278b59ac4ac0 - Path: Packages/com.unity.collections/Unity.Collections/UnsafeParallelHashMap.cs - Importer: ScriptedImporter/UnityEditor.QuickSearchModule:UnityEditor.Search:ASIAI0B -> (ImportResultId: '7c1cdab46fe60712cccbd42867cce7fa') in 0.0203352 seconds
[Worker2] Imported GUID: 64aa0d92f72fa4af49049126211731d0 - Path: Packages/com.unity.collections/Unity.Collections/NativeStream.cs - Importer: ScriptedImporter/UnityEditor.QuickSearchModule:UnityEditor.Search:ASIAI0B -> (ImportResultId: '6ba4ce6dfc888d3347c89b7fc07b4846') in 0.0195018 seconds
[Worker1] Imported GUID: 0e9b36beea84b894ca71b7dcd8883525 - Path: Packages/com.unity.collections/Unity.Collections/NativeHashMap.cs - Importer: ScriptedImporter/UnityEditor.QuickSearchModule:UnityEditor.Search:ASIAI0B -> (ImportResultId: 'b419db4ff07446f45bf7ef513701a369') in 0.0203667 seconds
[Worker0] Imported GUID: f16da17e34bf5f149a196c3f6b32e37f - Path: Packages/com.unity.collections/Unity.Collections/FixedList.tt - Importer: ScriptedImporter/UnityEditor.QuickSearchModule:UnityEditor.Search:ASIAI0B -> (ImportResultId: '6f03d8475ae56c031a3ec4ae1b848945') in 0.0223864 seconds
[Worker2] Imported GUID: babbfc241a32b8241bf31319e1447eb2 - Path: Packages/com.unity.collections/Unity.Collections/Memory.cs - Importer: ScriptedImporter/UnityEditor.QuickSearchModule:UnityEditor.Search:ASIAI0B -> (ImportResultId: 'ac8268098e2b7b70e2189d11cf1c8255') in 0.0218978 seconds
[Worker0] Imported GUID: 2d8c01f04a0874c9384ae360c07d0098 - Path: Packages/com.unity.collections/Unity.Collections/NativeQueue.cs - Importer: ScriptedImporter/UnityEditor.QuickSearchModule:UnityEditor.Search:ASIAI0B -> (ImportResultId: 'fe8e852c764d4ef28a864fcf2917f2a8') in 0.0204007 seconds
[Worker1] Imported GUID: 07dc69c5229468f40a380bf9161fb7c4 - Path: Packages/com.unity.collections/Unity.Collections/DoubleRewindableAllocators.cs - Importer: ScriptedImporter/UnityEditor.QuickSearchModule:UnityEditor.Search:ASIAI0B -> (ImportResultId: 'f9a69dd703cf4912137e68652b38bdf2') in 0.0212014 seconds
[Worker2] Imported GUID: da168a32991917b48989353c3d849677 - Path: Packages/com.unity.collections/Unity.Collections/NativeParallelHashSet.cs - Importer: ScriptedImporter/UnityEditor.QuickSearchModule:UnityEditor.Search:ASIAI0B -> (ImportResultId: 'bf25df722204f0891ecefe5b4fac06d9') in 0.0216806 seconds
[Worker0] Imported GUID: ca5dd80efed23904a980e0f7fb23ed5d - Path: Packages/com.unity.collections/Unity.Collections/NativeReference.cs - Importer: ScriptedImporter/UnityEditor.QuickSearchModule:UnityEditor.Search:ASIAI0B -> (ImportResultId: 'a39033858729c95c81b708e811d8fb2b') in 0.021209 seconds
[Worker1] Imported GUID: 66f7a4570af244dfacfded8cc0c60aec - Path: Packages/com.unity.collections/Unity.Collections/FixedStringFormat.gen.cs - Importer: ScriptedImporter/UnityEditor.QuickSearchModule:UnityEditor.Search:ASIAI0B -> (ImportResultId: '8d72deeade0de65d5b34a4374a85ff98') in 0.0208941 seconds
[Worker2] Imported GUID: a2aa8b5b9af347fdbe909f0811e6ac90 - Path: Packages/com.unity.collections/Unity.Collections/AutoFreeAllocator.cs - Importer: ScriptedImporter/UnityEditor.QuickSearchModule:UnityEditor.Search:ASIAI0B -> (ImportResultId: 'bef8e01a393cf7301d66cb6c646a0163') in 0.0197287 seconds
[Worker1] Imported GUID: 7d1c578573cb6b34b860a0eb47293b24 - Path: Packages/com.unity.collections/Unity.Collections/NativeRingQueue.cs - Importer: ScriptedImporter/UnityEditor.QuickSearchModule:UnityEditor.Search:ASIAI0B -> (ImportResultId: '218c4adf0132a041d6a6ce2bed45d4f0') in 0.0202966 seconds
[Worker0] Imported GUID: b89b706c47817bc418a5eef9afcb3219 - Path: Packages/com.unity.collections/Unity.Collections/UnsafeQueue.cs - Importer: ScriptedImporter/UnityEditor.QuickSearchModule:UnityEditor.Search:ASIAI0B -> (ImportResultId: '9af9bac3ae3b82a15bb3dcfabbe01a00') in 0.0213101 seconds
[Worker2] Imported GUID: b2e6965b14d70e04891af62210c14587 - Path: Packages/com.unity.collections/Unity.Collections/UnsafeHashMap.cs - Importer: ScriptedImporter/UnityEditor.QuickSearchModule:UnityEditor.Search:ASIAI0B -> (ImportResultId: '875ee6989d869d00ea3e49431512f48e') in 0.0228742 seconds
[Worker0] Imported GUID: b49443f1e93e4dec9a7a68741679aa52 - Path: Packages/com.unity.collections/Unity.Collections/AllocatorManager.cs - Importer: ScriptedImporter/UnityEditor.QuickSearchModule:UnityEditor.Search:ASIAI0B -> (ImportResultId: '5a260d3d2f05720ada84af6df2ee818b') in 0.0179062 seconds
[Worker1] Imported GUID: bc38a1e61f172489a8eb4983c247c3c3 - Path: Packages/com.unity.collections/Unity.Collections/Unicode.cs - Importer: ScriptedImporter/UnityEditor.QuickSearchModule:UnityEditor.Search:ASIAI0B -> (ImportResultId: 'c543e1d566839e6c59a012984b4f68b1') in 0.0212082 seconds
[Worker2] Imported GUID: ab361814f7174e46989e7f79e89f7c24 - Path: Packages/com.unity.collections/Unity.Collections/FixedString.gen.cs - Importer: ScriptedImporter/UnityEditor.QuickSearchModule:UnityEditor.Search:ASIAI0B -> (ImportResultId: '9f98bc5e6d3347d185fd9ea17e7f190f') in 0.0222279 seconds
[Worker0] Imported GUID: 50504580bca9eb0409fcceea1af68eb5 - Path: Packages/com.unity.collections/Unity.Collections/NativeText.tt - Importer: ScriptedImporter/UnityEditor.QuickSearchModule:UnityEditor.Search:ASIAI0B -> (ImportResultId: 'b3cf182e9a732ddfbbabca6823790921') in 0.0206452 seconds
[Worker1] Imported GUID: 8172d9c91a2b64bca91bb78a3a3d4552 - Path: Packages/com.unity.collections/Unity.Collections/FixedStringUtils.cs - Importer: ScriptedImporter/UnityEditor.QuickSearchModule:UnityEditor.Search:ASIAI0B -> (ImportResultId: 'b8c42c1772eda8e4ad56575bed5469df') in 0.021625 seconds
[Worker2] Imported GUID: 12ecb8b66ec0b384c8e19a7d1ff9f3fe - Path: Packages/com.unity.collections/Unity.Collections/UnsafeParallelHashSetExtensions.gen.cs - Importer: ScriptedImporter/UnityEditor.QuickSearchModule:UnityEditor.Search:ASIAI0B -> (ImportResultId: 'cd0f04906d99236c7f6090227d77245d') in 0.0219672 seconds
[Worker0] Imported GUID: 29fc3021329289446ad4d2970b5dcbed - Path: Packages/com.unity.collections/Unity.Collections/UnsafeParallelMultiHashMap.cs - Importer: ScriptedImporter/UnityEditor.QuickSearchModule:UnityEditor.Search:ASIAI0B -> (ImportResultId: 'd87f209da393d8afe04cc398083d8954') in 0.0215627 seconds
[Worker1] Imported GUID: 1de5774def35a6642a480cfd1b8c11d7 - Path: Packages/com.unity.collections/Unity.Collections/NativeParallelMultiHashMap.cs - Importer: ScriptedImporter/UnityEditor.QuickSearchModule:UnityEditor.Search:ASIAI0B -> (ImportResultId: '27bd62d962358d668094886066c27cfc') in 0.0186653 seconds
[Worker1] Imported GUID: 0ddd82532ba0b41c7af9888fdbc562e1 - Path: Packages/com.unity.collections/Unity.Collections/NativeList.cs - Importer: ScriptedImporter/UnityEditor.QuickSearchModule:UnityEditor.Search:ASIAI0B -> (ImportResultId: 'dacd348c0ae5fecd099a46b617149a48') in 0.0166397 seconds
[Worker2] Imported GUID: 859b8b7a1710f0b4396876700dda6319 - Path: Packages/com.unity.collections/Unity.Collections/NativeParallelHashMapExtensions.cs - Importer: ScriptedImporter/UnityEditor.QuickSearchModule:UnityEditor.Search:ASIAI0B -> (ImportResultId: 'c132026ef353869fefa17ac84779dad2') in 0.0197518 seconds
[Worker0] Imported GUID: 6901d664ec07a214cab08cbd83ca8deb - Path: Packages/com.unity.collections/Unity.Collections/CollectionHelper.cs - Importer: ScriptedImporter/UnityEditor.QuickSearchModule:UnityEditor.Search:ASIAI0B -> (ImportResultId: '9ca9326028deeca349bcacac429f5961') in 0.0201806 seconds
[Worker1] Imported GUID: 5811fa70eb1e3da40b802cd058899005 - Path: Packages/com.unity.collections/Unity.Collections/UnsafeAtomicCounter.cs - Importer: ScriptedImporter/UnityEditor.QuickSearchModule:UnityEditor.Search:ASIAI0B -> (ImportResultId: '38cd051cb8551f52c9db40838f47e839') in 0.0186103 seconds
[Worker2] Imported GUID: fd7af7f776a94a2d8333d503666dc904 - Path: Packages/com.unity.collections/Unity.Collections/DataStreamReader.cs - Importer: ScriptedImporter/UnityEditor.QuickSearchModule:UnityEditor.Search:ASIAI0B -> (ImportResultId: 'ef4e0e72c99520f5daf6a34d1be24440') in 0.0163254 seconds
[Worker0] Imported GUID: d1db1dc6fae245e9af37d2ab33aac17a - Path: Packages/com.unity.collections/Unity.Collections/FixedStringInternalMethods.cs - Importer: ScriptedImporter/UnityEditor.QuickSearchModule:UnityEditor.Search:ASIAI0B -> (ImportResultId: 'cfeaa510b854763f13a4bc1c0839e6e9') in 0.0171429 seconds
[Worker2] Imported GUID: 2441a179e6971b64cafa56b6418f913a - Path: Packages/com.unity.collections/Unity.Collections/UnsafeParallelHashSet.cs - Importer: ScriptedImporter/UnityEditor.QuickSearchModule:UnityEditor.Search:ASIAI0B -> (ImportResultId: '07c26ff582cfbc21ce42b85debb21763') in 0.0187282 seconds
[Worker1] Imported GUID: ec1f6f558fc0b9a4fac43b21ec79cd5a - Path: Packages/com.unity.collections/Unity.Collections/BitField.cs - Importer: ScriptedImporter/UnityEditor.QuickSearchModule:UnityEditor.Search:ASIAI0B -> (ImportResultId: '1ce6bc736d713361158017ef1af3e52e') in 0.0189736 seconds
[Worker0] Imported GUID: b029fb97ffda0ec4aaa9d76de93a0608 - Path: Packages/com.unity.collections/Unity.Collections/NativeNotBurstCompatible.cs - Importer: ScriptedImporter/UnityEditor.QuickSearchModule:UnityEditor.Search:ASIAI0B -> (ImportResultId: '253966df09ead11d0ff2527e96b4a9aa') in 0.0179127 seconds
[Worker2] Imported GUID: cf57aae738013234baa585dee44cf5ac - Path: Packages/com.unity.collections/Unity.Collections/GenerateTestsForBurstCompatibilityAttribute.cs - Importer: ScriptedImporter/UnityEditor.QuickSearchModule:UnityEditor.Search:ASIAI0B -> (ImportResultId: '6b1ca2c96eab0f14ba9da313c49aa947') in 0.0167339 seconds
[Worker0] Imported GUID: e4640e45632730349a32c5a1365847e6 - Path: Packages/com.unity.collections/Unity.Collections/NativeBitArray.cs - Importer: ScriptedImporter/UnityEditor.QuickSearchModule:UnityEditor.Search:ASIAI0B -> (ImportResultId: '7f64e2af54ef1b3dbf841613a2e5009a') in 0.0171775 seconds
[Worker1] Imported GUID: 1f49bcab900e54c498a852d067a7636c - Path: Packages/com.unity.collections/Unity.Collections/NativeParallelHashMap.cs - Importer: ScriptedImporter/UnityEditor.QuickSearchModule:UnityEditor.Search:ASIAI0B -> (ImportResultId: '82dc9255c065e5325a79975f697ee5af') in 0.0205318 seconds
[Worker2] Imported GUID: 89f65fb005504fceb04727480e65f16c - Path: Packages/com.unity.collections/Unity.Collections/FixedStringFormatMethods.gen.cs - Importer: ScriptedImporter/UnityEditor.QuickSearchModule:UnityEditor.Search:ASIAI0B -> (ImportResultId: '9eef73d20d67d6b83f5e002979c023b9') in 0.0205235 seconds
[Worker0] Imported GUID: 6f9fa81af98728e4f8a0db3762124ff9 - Path: Packages/com.unity.collections/Unity.Collections/NativeParallelHashSetExtensions.tt - Importer: ScriptedImporter/UnityEditor.QuickSearchModule:UnityEditor.Search:ASIAI0B -> (ImportResultId: '9060212056b65b4e2593624252e0a355') in 0.0206267 seconds
[Worker1] Imported GUID: 66713ae417f65c84c944fd6fa9e80129 - Path: Packages/com.unity.collections/Unity.Collections/NativeParallelHashSetExtensions.gen.cs - Importer: ScriptedImporter/UnityEditor.QuickSearchModule:UnityEditor.Search:ASIAI0B -> (ImportResultId: '584dea9134ef266bd9193647d5ace64f') in 0.0202384 seconds
[Worker2] Imported GUID: b3d1c84db8ef4e288ba9089a616a3523 - Path: Packages/com.unity.collections/Unity.Collections/FixedStringAppendMethods.cs - Importer: ScriptedImporter/UnityEditor.QuickSearchModule:UnityEditor.Search:ASIAI0B -> (ImportResultId: '15fafcc129fd09a54082f316bb6597ea') in 0.0219993 seconds
[Worker0] Imported GUID: 92809129fe1cd814cb1c8239cdafb470 - Path: Packages/com.unity.collections/Unity.Collections/UnsafeHashSet.cs - Importer: ScriptedImporter/UnityEditor.QuickSearchModule:UnityEditor.Search:ASIAI0B -> (ImportResultId: 'cea012dc7f42e4b74986cb2f0f7ef51e') in 0.0209838 seconds
[Worker1] Imported GUID: ea14c18964a134080bea2f114390f80b - Path: Packages/com.unity.collections/Unity.Collections/NativeSort.cs - Importer: ScriptedImporter/UnityEditor.QuickSearchModule:UnityEditor.Search:ASIAI0B -> (ImportResultId: '1839d8031631a909513e9b0881846a41') in 0.0199766 seconds
[Worker2] Imported GUID: 0cdef7b1946241588e9a3b52426940e4 - Path: Packages/com.unity.collections/Unity.Collections/FixedStringFormatMethods.tt - Importer: ScriptedImporter/UnityEditor.QuickSearchModule:UnityEditor.Search:ASIAI0B -> (ImportResultId: '892598ec14c62555773efacf9d59dab6') in 0.0170887 seconds
[Worker0] Imported GUID: 6b56ef4acca0448596282b536b461f22 - Path: Packages/com.unity.collections/Unity.Collections/UIntFloat.cs - Importer: ScriptedImporter/UnityEditor.QuickSearchModule:UnityEditor.Search:ASIAI0B -> (ImportResultId: 'afe17e6de15d75f51914eaee8d28a261') in 0.0191136 seconds
[Worker1] Imported GUID: 63bc65d8d2fe144e1b071aeb3b624536 - Path: Packages/com.unity.collections/Unity.Collections/AssemblyInfo.cs - Importer: ScriptedImporter/UnityEditor.QuickSearchModule:UnityEditor.Search:ASIAI0B -> (ImportResultId: 'df8780bdd90d5de4b807ec96fcceceb9') in 0.0182585 seconds
[Worker0] Imported GUID: ff34e3b577f44d67b146cc64b598b67d - Path: Packages/com.unity.collections/Unity.Collections/FixedStringMethods.cs - Importer: ScriptedImporter/UnityEditor.QuickSearchModule:UnityEditor.Search:ASIAI0B -> (ImportResultId: '64ac6983af911194df80b5d3ee76a632') in 0.0164103 seconds
[Worker1] Imported GUID: e0cd26848372d4e5c891c569017e11f1 - Path: Packages/com.unity.collections/Unity.Collections/Unity.Collections.asmdef - Importer: ScriptedImporter/UnityEditor.QuickSearchModule:UnityEditor.Search:ASIAI0B -> (ImportResultId: '92b2a8d1d63db2b0e65e4048d9c7a3a3') in 0.0162218 seconds
[Worker2] Imported GUID: 059659011adc4f67a43b9d9bcc5dfd01 - Path: Packages/com.unity.collections/Unity.Collections/FixedStringFormat.tt - Importer: ScriptedImporter/UnityEditor.QuickSearchModule:UnityEditor.Search:ASIAI0B -> (ImportResultId: '50784578746b03e2f15f8dc1f4380456') in 0.0188239 seconds
[Worker2] Imported GUID: 41cc650015014737ae58d20e77323080 - Path: Packages/com.unity.collections/Unity.Collections/NativeArrayExtensions.cs - Importer: ScriptedImporter/UnityEditor.QuickSearchModule:UnityEditor.Search:ASIAI0B -> (ImportResultId: 'b48990dcc8276f9c028817b57a3584eb') in 0.0158959 seconds
[Worker0] Imported GUID: af16c54541e443e59c1fdf0919c1b9ea - Path: Packages/com.unity.collections/Unity.Collections/FixedStringParseMethods.cs - Importer: ScriptedImporter/UnityEditor.QuickSearchModule:UnityEditor.Search:ASIAI0B -> (ImportResultId: 'dbb0a7abcaa50597301ecd605b0a957f') in 0.0175791 seconds
[Worker1] Imported GUID: a1b7be6af453f88438d32c371f28015c - Path: Packages/com.unity.collections/Unity.Collections/UnsafeBitArray.cs - Importer: ScriptedImporter/UnityEditor.QuickSearchModule:UnityEditor.Search:ASIAI0B -> (ImportResultId: 'ece088d178f4a7a3833c13a47aca12fc') in 0.0201205 seconds
[Worker2] Imported GUID: cb61590201f644409612b3233df4c9da - Path: Packages/com.unity.collections/Unity.Collections/StreamCompressionModel.cs - Importer: ScriptedImporter/UnityEditor.QuickSearchModule:UnityEditor.Search:ASIAI0B -> (ImportResultId: '3034ea972234d95e734c8cf89ac107fd') in 0.020005 seconds
[Worker0] Imported GUID: fb1479c160300a447b5b0ba91f47f230 - Path: Packages/com.unity.collections/Unity.Collections/RewindableAllocator.cs - Importer: ScriptedImporter/UnityEditor.QuickSearchModule:UnityEditor.Search:ASIAI0B -> (ImportResultId: '9f1896887e9353d904d726acab872ddb') in 0.0208611 seconds
[Worker1] Imported GUID: dde1b485b0c74a789255539c2152dd1b - Path: Packages/com.unity.collections/Unity.Collections/DataStreamExtensions.cs - Importer: ScriptedImporter/UnityEditor.QuickSearchModule:UnityEditor.Search:ASIAI0B -> (ImportResultId: 'e5bd8a8d626b5870bd3ef53082d303ca') in 0.0191156 seconds
[Worker0] Imported GUID: 469c3f7cf80934f0fb79e0ab07665b81 - Path: Packages/com.unity.collections/Unity.Collections/UnsafeAppendBuffer.cs - Importer: ScriptedImporter/UnityEditor.QuickSearchModule:UnityEditor.Search:ASIAI0B -> (ImportResultId: '1a3afe189866bc1f71eaf08c5bf81194') in 0.0230989 seconds
[Worker2] Imported GUID: fb24b35aa8286aa45a866596124a241d - Path: Packages/com.unity.collections/Unity.Collections/FixedList.gen.cs - Importer: ScriptedImporter/UnityEditor.QuickSearchModule:UnityEditor.Search:ASIAI0B -> (ImportResultId: 'aaae5c98ad256b6723a99577f6723f20') in 0.026796 seconds
[Worker1] Imported GUID: dbd3ca1753e44d04dbf3e27c3cfa4a1b - Path: Packages/com.unity.collections/Unity.Collections/UnsafeParallelHashSetExtensions.tt - Importer: ScriptedImporter/UnityEditor.QuickSearchModule:UnityEditor.Search:ASIAI0B -> (ImportResultId: '7085de5b6405d3c7b2682f7dd7ff2901') in 0.0257068 seconds
[Worker0] Imported GUID: 0a845769eb1dc4f459f64e5c840d07de - Path: Packages/com.unity.collections/Unity.Collections/FixedString.tt - Importer: ScriptedImporter/UnityEditor.QuickSearchModule:UnityEditor.Search:ASIAI0B -> (ImportResultId: 'aca717d533fbab264f8a03442118bdc6') in 0.0210347 seconds
[Worker0] Imported GUID: 9b544eddbc9bfd24fad9da6ddbe65962 - Path: Packages/com.unity.collections/Unity.Collections.CodeGen/JobsILPostProcessor.cs - Importer: ScriptedImporter/UnityEditor.QuickSearchModule:UnityEditor.Search:ASIAI0B -> (ImportResultId: '00de661dd51979c7b7b6e4e26b5ad823') in 0.0163661 seconds
[Worker1] Imported GUID: 80ca4f6f8df346a7b0719fe317b538ac - Path: Packages/com.unity.collections/Unity.Collections/xxHash3.AVX2.cs - Importer: ScriptedImporter/UnityEditor.QuickSearchModule:UnityEditor.Search:ASIAI0B -> (ImportResultId: 'b76b6560960fad0b4af47325ab3a86e7') in 0.0203257 seconds
[Worker2] Imported GUID: 1cf995a69bb0bd844b0d2a1fa5004d0b - Path: Packages/com.unity.collections/Unity.Collections.PerformanceTests.Internal/AssemblyInfo.cs - Importer: ScriptedImporter/UnityEditor.QuickSearchModule:UnityEditor.Search:ASIAI0B -> (ImportResultId: 'a2f577b21a96fdccbbd050f186dc0406') in 0.0215801 seconds
[Worker0] Imported GUID: 646d50e1f45e86d4ea1fe9bfc488b347 - Path: Packages/com.unity.collections/Unity.Collections.PerformanceTests/ParallelHashMapPerformanceTests.cs - Importer: ScriptedImporter/UnityEditor.QuickSearchModule:UnityEditor.Search:ASIAI0B -> (ImportResultId: '862dd7ab1668db3f2df46284518494af') in 0.0172784 seconds
[Worker1] Imported GUID: 306f77a58d5743a4db48b42c59e7aeab - Path: Packages/com.unity.collections/Unity.Collections.PerformanceTests/RingQueuePerformanceTests.cs - Importer: ScriptedImporter/UnityEditor.QuickSearchModule:UnityEditor.Search:ASIAI0B -> (ImportResultId: 'a1cabef76ce6aeac50b41dda0b062371') in 0.0219182 seconds
[Worker2] Imported GUID: 2875d3f6474aaee46b2421966a741a1d - Path: Packages/com.unity.collections/Unity.Collections.Tests/AllocatorRewindableTests.cs - Importer: ScriptedImporter/UnityEditor.QuickSearchModule:UnityEditor.Search:ASIAI0B -> (ImportResultId: '4da08b43c1e7819e4f074afc07ed5eed') in 0.0213582 seconds
[Worker0] Imported GUID: 658c5e8f30c4cbe4b88301ce6599a6fb - Path: Packages/com.unity.collections/Unity.Collections.PerformanceTests/ParallelHashSetPerformanceTests.cs - Importer: ScriptedImporter/UnityEditor.QuickSearchModule:UnityEditor.Search:ASIAI0B -> (ImportResultId: '39e59c9bd7721524dc92c1ba6c220f25') in 0.0222818 seconds
[Worker2] Imported GUID: b21a3382971974da1b398c348949244e - Path: Packages/com.unity.collections/Unity.Collections.Tests/ConcurrentMaskTests.cs - Importer: ScriptedImporter/UnityEditor.QuickSearchModule:UnityEditor.Search:ASIAI0B -> (ImportResultId: '69c69e6b93b6752e783b79d97e33c567') in 0.0201647 seconds
[Worker1] Imported GUID: 11246cfa909f81542b920bd109592bf5 - Path: Packages/com.unity.collections/Unity.Collections.LowLevel.ILSupport/README.txt - Importer: ScriptedImporter/UnityEditor.QuickSearchModule:UnityEditor.Search:ASIAI0B -> (ImportResultId: '2fbb4c15dd396c07ada4322a40e73bda') in 0.0230491 seconds
[Worker0] Imported GUID: 89c74bfd36912244585acb77a1268da0 - Path: Packages/com.unity.collections/Unity.Collections.PerformanceTests/HashSetPerformanceTests.cs - Importer: ScriptedImporter/UnityEditor.QuickSearchModule:UnityEditor.Search:ASIAI0B -> (ImportResultId: 'e7056b7ee9f36b82eb8e71ed977fd53d') in 0.0202816 seconds
[Worker2] Imported GUID: 7a96926915a7746789220056d7c409a5 - Path: Packages/com.unity.collections/Unity.Collections.Editor/JobsMenu.cs - Importer: ScriptedImporter/UnityEditor.QuickSearchModule:UnityEditor.Search:ASIAI0B -> (ImportResultId: '0c99993bc00159412bae4e3409e62e11') in 0.0198748 seconds
[Worker1] Imported GUID: 2d53df25c7f81aa419ea121140c42d6b - Path: Packages/com.unity.collections/Unity.Collections.CodeGen/UserError.cs - Importer: ScriptedImporter/UnityEditor.QuickSearchModule:UnityEditor.Search:ASIAI0B -> (ImportResultId: 'f33caff67cb31f5915ce6c0f2fe91905') in 0.0208909 seconds
[Worker0] Imported GUID: c9fa73c3f49c43bc8f21fedf53591b10 - Path: Packages/com.unity.collections/Unity.Collections.Tests/DataStreamTests.cs - Importer: ScriptedImporter/UnityEditor.QuickSearchModule:UnityEditor.Search:ASIAI0B -> (ImportResultId: '8ede0972cbb45fdb7b421e2e62427b62') in 0.0214622 seconds
[Worker2] Imported GUID: 41c1d83e4d34d6247b6e021d9053b364 - Path: Packages/com.unity.collections/Unity.Collections.Tests/GenericContainerTest.cs - Importer: ScriptedImporter/UnityEditor.QuickSearchModule:UnityEditor.Search:ASIAI0B -> (ImportResultId: 'd8a20816a1af7b7a46e4cdcea5eeeabd') in 0.0238973 seconds
[Worker1] Imported GUID: e4ba623f239d54340a5b682234f32027 - Path: Packages/com.unity.collections/Unity.Collections.Tests/BitFieldTests.cs - Importer: ScriptedImporter/UnityEditor.QuickSearchModule:UnityEditor.Search:ASIAI0B -> (ImportResultId: '09a16a80c793acab7bf76ae76724d29b') in 0.0235675 seconds
[Worker0] Imported GUID: c78535bf9ed19874e83db37c738974ad - Path: Packages/com.unity.collections/Unity.Collections.PerformanceTests/ArrayPerformanceTests.cs - Importer: ScriptedImporter/UnityEditor.QuickSearchModule:UnityEditor.Search:ASIAI0B -> (ImportResultId: '1e10a2a36b6c31fe13c40c59e02993e0') in 0.0219871 seconds
[Worker1] Imported GUID: 8baa6eabecd47164e94a1eb92b18f394 - Path: Packages/com.unity.collections/Unity.Collections.CodeGen/Unity.Collections.CodeGen.asmdef - Importer: ScriptedImporter/UnityEditor.QuickSearchModule:UnityEditor.Search:ASIAI0B -> (ImportResultId: 'f959909ae695faca25d7f2db1a73fa8d') in 0.0252639 seconds
[Worker2] Imported GUID: d438077bfbb9810469c3c896a295855a - Path: Packages/com.unity.collections/Unity.Collections.PerformanceTests/RewindableAllocatorPerformanceTests.cs - Importer: ScriptedImporter/UnityEditor.QuickSearchModule:UnityEditor.Search:ASIAI0B -> (ImportResultId: '36d446db4f5763a8d378daa93b654f19') in 0.0346475 seconds
[Worker0] Imported GUID: 0a06298414d1430487a2bc2bde42fba6 - Path: Packages/com.unity.collections/Unity.Collections.Tests/FixedStringSizedTests.gen.cs - Importer: ScriptedImporter/UnityEditor.QuickSearchModule:UnityEditor.Search:ASIAI0B -> (ImportResultId: '475c98e50e7bd196cdd05e13ea7917b9') in 0.0335124 seconds
[Worker1] Imported GUID: 65eaad6a676d4755a1f4bee58587a1d0 - Path: Packages/com.unity.collections/Unity.Collections/xxHash3.StreamingState.cs - Importer: ScriptedImporter/UnityEditor.QuickSearchModule:UnityEditor.Search:ASIAI0B -> (ImportResultId: 'b875f0291b6eec8c0b34465c852e526f') in 0.0271445 seconds
[Worker2] Imported GUID: 303e5975f34d18c4d81f25c4af12839a - Path: Packages/com.unity.collections/Unity.Collections.CodeGen/JobReflectionDataPostProcessor.cs - Importer: ScriptedImporter/UnityEditor.QuickSearchModule:UnityEditor.Search:ASIAI0B -> (ImportResultId: '03164ea077076c64e1e1056ef0a4a135') in 0.0246697 seconds
[Worker0] Imported GUID: 1aaf054a8897c4b4684f81b97eab06ce - Path: Packages/com.unity.collections/Unity.Collections/UnsafeRingQueue.cs - Importer: ScriptedImporter/UnityEditor.QuickSearchModule:UnityEditor.Search:ASIAI0B -> (ImportResultId: 'b799e50354d833eb7308f4da13f9ff74') in 0.025432 seconds
[Worker1] Imported GUID: 41c0417bb1f33184482fea43a7d2b5c0 - Path: Packages/com.unity.collections/Unity.Collections.PerformanceTests/HashMapPerformanceTests.cs - Importer: ScriptedImporter/UnityEditor.QuickSearchModule:UnityEditor.Search:ASIAI0B -> (ImportResultId: '92053c08f9eab258f8f5a3971c2a6603') in 0.0180906 seconds
[Worker2] Imported GUID: b9cafe65ae4b7c5408e16a4d9eeeb599 - Path: Packages/com.unity.collections/Unity.Collections.PerformanceTests/QueuePerformanceTests.cs - Importer: ScriptedImporter/UnityEditor.QuickSearchModule:UnityEditor.Search:ASIAI0B -> (ImportResultId: 'f9ed3a705a4baa2774bcebc8af41116f') in 0.0197146 seconds
[Worker0] Imported GUID: 656438ffe79c94447bf483cf17d90bf6 - Path: Packages/com.unity.collections/Unity.Collections/UnsafeUtilityEx.cs - Importer: ScriptedImporter/UnityEditor.QuickSearchModule:UnityEditor.Search:ASIAI0B -> (ImportResultId: '822f19ecf2e83fcae3d47c629a3c73c5') in 0.0259181 seconds
[Worker1] Imported GUID: dca80967668c4d89a4dae5bd097484ef - Path: Packages/com.unity.collections/Unity.Collections.Tests/CustomAllocatorTests.cs - Importer: ScriptedImporter/UnityEditor.QuickSearchModule:UnityEditor.Search:ASIAI0B -> (ImportResultId: 'e18fef0c2f77857dc0eb840f413ee3b3') in 0.0296533 seconds
[Worker2] Imported GUID: 079c3d43b74823a41bb33198b8221c23 - Path: Packages/com.unity.collections/Unity.Collections.PerformanceTests/PerformanceTestFrameworkOutputFixedSize.png - Importer: ScriptedImporter/UnityEditor.QuickSearchModule:UnityEditor.Search:ASIAI0B -> (ImportResultId: '463aee025099616fdfad0249e73ed2d3') in 0.0409977 seconds
[Worker0] Imported GUID: e63bf9a80e1c4f6fa05404f9afe1bb32 - Path: Packages/com.unity.collections/Unity.Collections.Tests/FixedStringCultureTests.cs - Importer: ScriptedImporter/UnityEditor.QuickSearchModule:UnityEditor.Search:ASIAI0B -> (ImportResultId: '32e75fc45ff4f869ae3e3dcfa399b3c3') in 0.0277594 seconds
[Worker1] Imported GUID: e064d25778ff3b249a575bb25f2eaf3e - Path: Packages/com.unity.collections/Unity.Collections.PerformanceTests.Internal/Unity.Collections.PerformanceTests.Internal.asmref - Importer: ScriptedImporter/UnityEditor.QuickSearchModule:UnityEditor.Search:ASIAI0B -> (ImportResultId: 'fe036ce24783cad444cd948b1e6643ad') in 0.0250187 seconds
[Worker2] Imported GUID: 3e09463226731fa409854248a8059507 - Path: Packages/com.unity.collections/Unity.Collections.CodeGen/CecilExtensionMethods.cs - Importer: ScriptedImporter/UnityEditor.QuickSearchModule:UnityEditor.Search:ASIAI0B -> (ImportResultId: '04dbf0a44ec2e78a830d867b5ba33b77') in 0.0279651 seconds
[Worker1] Imported GUID: 86abcf43c46cd3743bb775a4682f2d1d - Path: Packages/com.unity.collections/Unity.Collections.PerformanceTests/README.md - Importer: ScriptedImporter/UnityEditor.QuickSearchModule:UnityEditor.Search:ASIAI0B -> (ImportResultId: '2ceef48188c3e909ee06c89fee8a3b12') in 0.0232921 seconds
[Worker0] Imported GUID: 38714c3d9f5dd4b4ba7fb2fd79dca07d - Path: Packages/com.unity.collections/Unity.Collections.PerformanceTests/ListPerformanceTests.cs - Importer: ScriptedImporter/UnityEditor.QuickSearchModule:UnityEditor.Search:ASIAI0B -> (ImportResultId: 'b5ef448cabe02048cb2fd8a13291b08e') in 0.0261735 seconds
[Worker2] Imported GUID: 64222b0d0713a412f92762e2fccd795a - Path: Packages/com.unity.collections/Unity.Collections.PerformanceTests/Unity.Collections.PerformanceTests.asmdef - Importer: ScriptedImporter/UnityEditor.QuickSearchModule:UnityEditor.Search:ASIAI0B -> (ImportResultId: '6443cea247583c749f79371dc83b5954') in 0.026087 seconds
[Worker1] Imported GUID: e882b40f28163514db4c9a34dbf1d6a5 - Path: Packages/com.unity.collections/Unity.Collections.Tests/NativeArraySortTests.cs - Importer: ScriptedImporter/UnityEditor.QuickSearchModule:UnityEditor.Search:ASIAI0B -> (ImportResultId: 'cf184cb2585d1846fa66abca645a43ba') in 0.0219562 seconds
[Worker0] Imported GUID: 775a8d1badc640e45a6030c3822a83d7 - Path: Packages/com.unity.collections/Unity.Collections.Tests/FixedListTests.tt - Importer: ScriptedImporter/UnityEditor.QuickSearchModule:UnityEditor.Search:ASIAI0B -> (ImportResultId: 'f434446a27affa183e053f89043e092d') in 0.0211814 seconds
[Worker2] Imported GUID: 58905de7f0380435aa51db1472b48ca8 - Path: Packages/com.unity.collections/Unity.Collections.Tests/GcAllocRecorderTest.cs - Importer: ScriptedImporter/UnityEditor.QuickSearchModule:UnityEditor.Search:ASIAI0B -> (ImportResultId: 'ff64ba5e0d15254ca685b5518e263a8b') in 0.0200249 seconds
[Worker0] Imported GUID: 24459080b05524c1ab8f3f7ed129e765 - Path: Packages/com.unity.collections/Unity.Collections/UnsafeScratchAllocator.cs - Importer: ScriptedImporter/UnityEditor.QuickSearchModule:UnityEditor.Search:ASIAI0B -> (ImportResultId: '86fc7ebe8e957a71d3891b4d27190d6e') in 0.0197589 seconds
[Worker1] Imported GUID: 29918a7b3ef861c4789f0cdb857bc267 - Path: Packages/com.unity.collections/Unity.Collections/UnsafeStream.cs - Importer: ScriptedImporter/UnityEditor.QuickSearchModule:UnityEditor.Search:ASIAI0B -> (ImportResultId: '74605d2828dd020027fcc8105d5ab6b5') in 0.0216134 seconds
[Worker2] Imported GUID: 56d662dab3a7e9044a036b9b0a52486e - Path: Packages/com.unity.collections/Unity.Collections.Tests/AllocatorCustomTests.cs - Importer: ScriptedImporter/UnityEditor.QuickSearchModule:UnityEditor.Search:ASIAI0B -> (ImportResultId: '5b85383218c79afe9221506e7c3bf081') in 0.0198076 seconds
[Worker0] Imported GUID: 1d503f3e3b7fd2147a8ddc4135fcc0e3 - Path: Packages/com.unity.collections/Unity.Collections.BurstCompatibilityGen/BurstCompatibilityTests.cs - Importer: ScriptedImporter/UnityEditor.QuickSearchModule:UnityEditor.Search:ASIAI0B -> (ImportResultId: '7a02998037d2d326c45431dac2b82b8d') in 0.0204148 seconds
[Worker1] Imported GUID: eaa30f8250a44f8f8ec688563a1a36ca - Path: Packages/com.unity.collections/Unity.Collections/xxHash3.cs - Importer: ScriptedImporter/UnityEditor.QuickSearchModule:UnityEditor.Search:ASIAI0B -> (ImportResultId: 'd7402873035523ea1990f5a433d9dccb') in 0.0219757 seconds
[Worker0] Imported GUID: 0be05385fc513c143a5b5249b7ad6211 - Path: Packages/com.unity.collections/Unity.Collections.Tests/FixedStringSizedTests.tt - Importer: ScriptedImporter/UnityEditor.QuickSearchModule:UnityEditor.Search:ASIAI0B -> (ImportResultId: '03648eddc20f7c7489aea1b82e787ccc') in 0.0225156 seconds
[Worker2] Imported GUID: c668b7a00ffe56a498ddb1fc9f96f4e6 - Path: Packages/com.unity.collections/Unity.Collections.Editor/Unity.Collections.Editor.asmdef - Importer: ScriptedImporter/UnityEditor.QuickSearchModule:UnityEditor.Search:ASIAI0B -> (ImportResultId: '08c46e55a3e82fa3f8d5956795853870') in 0.024027 seconds
[Worker1] Imported GUID: 4f5c0c83dfd6a0743834baba2b4de79e - Path: Packages/com.unity.collections/Unity.Collections.BurstCompatibilityGen/Unity.Collections.BurstCompatibilityGen.asmdef - Importer: ScriptedImporter/UnityEditor.QuickSearchModule:UnityEditor.Search:ASIAI0B -> (ImportResultId: '45814dba6d5d5be4a616aead207b65ad') in 0.0245321 seconds
[Worker2] Imported GUID: f9c067f2cfe24ce98e2deecdb0ed12a3 - Path: Packages/com.unity.collections/Unity.Collections/UTF8ArrayUnsafeUtility.cs - Importer: ScriptedImporter/UnityEditor.QuickSearchModule:UnityEditor.Search:ASIAI0B -> (ImportResultId: 'edb74150425cb38f8b5ba16fd407e4f1') in 0.0189952 seconds
[Worker0] Imported GUID: a3b018ffc4586a441a093c4d954a8cf1 - Path: Packages/com.unity.collections/Unity.Collections.Editor/CLILeakDetectionSwitcher.cs - Importer: ScriptedImporter/UnityEditor.QuickSearchModule:UnityEditor.Search:ASIAI0B -> (ImportResultId: 'bba6edc10389f49ee13d4207ee9bc999') in 0.0225907 seconds
[Worker1] Imported GUID: a6ecd2aa79759e64ba59ab5f51d661ac - Path: Packages/com.unity.collections/Unity.Collections.PerformanceTests/PerformanceTestFrameworkOutputListAdd.png - Importer: ScriptedImporter/UnityEditor.QuickSearchModule:UnityEditor.Search:ASIAI0B -> (ImportResultId: '5a27c99a49ae5c229c665326f1f72593') in 0.0344409 seconds
[Worker2] Imported GUID: c4e229e46ae5ef544bcc4d2bd131ddab - Path: Packages/com.unity.collections/Unity.Collections.Tests/ListExtensionsTests.cs - Importer: ScriptedImporter/UnityEditor.QuickSearchModule:UnityEditor.Search:ASIAI0B -> (ImportResultId: 'a10d8251b288e19dd344814b0e209707') in 0.0214532 seconds
[Worker0] Imported GUID: d6cb74ab64d3d476393e420d9d74dec4 - Path: Packages/com.unity.collections/Unity.Collections.PerformanceTests/NativeArraySortPerformanceTests.cs - Importer: ScriptedImporter/UnityEditor.QuickSearchModule:UnityEditor.Search:ASIAI0B -> (ImportResultId: '7446891b1c3995c7e93371bae60f1525') in 0.0201226 seconds
[Worker1] Imported GUID: 6936a9e20fa254433b9c06424258e80c - Path: Packages/com.unity.collections/Unity.Collections.Tests/FixedStringTests.cs - Importer: ScriptedImporter/UnityEditor.QuickSearchModule:UnityEditor.Search:ASIAI0B -> (ImportResultId: 'db7e274448568ed4aa1812577596ee26') in 0.0211086 seconds
[Worker2] Imported GUID: a3e73147e051c3f448aa8c6a4e07c55b - Path: Packages/com.unity.collections/Unity.Collections.Tests/FixedListTests.gen.cs - Importer: ScriptedImporter/UnityEditor.QuickSearchModule:UnityEditor.Search:ASIAI0B -> (ImportResultId: '34dbc7c62edee7c7708e52ccb73e9620') in 0.0235059 seconds
[Worker0] Imported GUID: d625a8f5b6435b040873e7fe625dbbf8 - Path: Packages/com.unity.collections/Unity.Collections.PerformanceTests/QueueParallelPerformanceTests.cs - Importer: ScriptedImporter/UnityEditor.QuickSearchModule:UnityEditor.Search:ASIAI0B -> (ImportResultId: 'abbd4a2c88dde664a5c8d8c4257b0962') in 0.0221756 seconds
[Worker2] Imported GUID: 44913edcb40f4e06a2c16796ccbb82b6 - Path: Packages/com.unity.collections/Unity.Collections/UnsafeText.cs - Importer: ScriptedImporter/UnityEditor.QuickSearchModule:UnityEditor.Search:ASIAI0B -> (ImportResultId: '33ad8b902e52456f8b6721f55608190e') in 0.0210055 seconds
[Worker1] Imported GUID: eec34f52a2dc6704f938be2c9ab97954 - Path: Packages/com.unity.collections/Unity.Collections.PerformanceTests/BenchmarkContainerParallel.cs - Importer: ScriptedImporter/UnityEditor.QuickSearchModule:UnityEditor.Search:ASIAI0B -> (ImportResultId: '979ec9fdcc1aec867c639e1d94bd0443') in 0.0252496 seconds
[Worker0] Imported GUID: 7956c264a4f322048ae516dae097b33a - Path: Packages/com.unity.collections/Unity.Collections.PerformanceTests/BenchmarkContainer.cs - Importer: ScriptedImporter/UnityEditor.QuickSearchModule:UnityEditor.Search:ASIAI0B -> (ImportResultId: 'ecfd61f22d0f42560c834c436f14ed65') in 0.0228129 seconds
[Worker2] Imported GUID: b672a3eb87f4b4445a169c2d003fcbd3 - Path: Packages/com.unity.collections/Unity.Collections.PerformanceTests/UnsafeListPerformanceTests.cs - Importer: ScriptedImporter/UnityEditor.QuickSearchModule:UnityEditor.Search:ASIAI0B -> (ImportResultId: 'efa3cda6bae4f22fd46052438ae5030f') in 0.0221334 seconds
[Worker1] Imported GUID: 46bf253b4ab641ca9ead38f10efc8d17 - Path: Packages/com.unity.collections/Unity.Collections.Tests/FastAssert.cs - Importer: ScriptedImporter/UnityEditor.QuickSearchModule:UnityEditor.Search:ASIAI0B -> (ImportResultId: '763d5e4e47998d203603c3d4a248b564') in 0.0239286 seconds
[Worker0] Imported GUID: bb7e2d0f4a7b4c32b50c2d10849628f2 - Path: Packages/com.unity.collections/Unity.Collections.Tests/FixedStringBurstTests.cs - Importer: ScriptedImporter/UnityEditor.QuickSearchModule:UnityEditor.Search:ASIAI0B -> (ImportResultId: '8b248b876fc52093fc9d70b75dbd001e') in 0.024216 seconds
[Worker2] Imported GUID: 7d464d1935bb3084cbed9d87692699cf - Path: Packages/com.unity.collections/Unity.Collections.Tests/CustomContainerTests.cs - Importer: ScriptedImporter/UnityEditor.QuickSearchModule:UnityEditor.Search:ASIAI0B -> (ImportResultId: '9fe0b78816daa4327ec40c97ecb1d708') in 0.0229072 seconds
[Worker1] Imported GUID: 0de8369d937c43f09392e4cd032cfe19 - Path: Packages/com.unity.collections/Unity.Collections.Tests/CollectionsTestFixture.cs - Importer: ScriptedImporter/UnityEditor.QuickSearchModule:UnityEditor.Search:ASIAI0B -> (ImportResultId: '843205dd620015a2647b0a099c5439bf') in 0.0210609 seconds
[Worker0] Imported GUID: c36ef913bacb15447a97002bb91c9870 - Path: Packages/com.unity.collections/Unity.Collections.PerformanceTests/UnsafeStreamPerformanceTests.cs - Importer: ScriptedImporter/UnityEditor.QuickSearchModule:UnityEditor.Search:ASIAI0B -> (ImportResultId: 'e8b4c61af8b7517dd1577f795bbac499') in 0.0203156 seconds
[Worker2] Imported GUID: 4668a20175cc94ab284013b3a4ce4a9e - Path: Packages/com.unity.collections/Unity.Collections.Tests/EmbeddedPackageOnlyTestAttribute.cs - Importer: ScriptedImporter/UnityEditor.QuickSearchModule:UnityEditor.Search:ASIAI0B -> (ImportResultId: '9c38ff26cbcfdc55d593dc458e9bfe38') in 0.0222363 seconds
[Worker1] Imported GUID: 29f92070f574cff4a948d1b4f2b88cd3 - Path: Packages/com.unity.collections/Unity.Collections.PerformanceTests/BenchmarkAllocator.cs - Importer: ScriptedImporter/UnityEditor.QuickSearchModule:UnityEditor.Search:ASIAI0B -> (ImportResultId: '83539c91331d7d4c8b57ab21e4ec22f9') in 0.0255486 seconds
[Worker0] Imported GUID: c1cfdf44d5b6d1e9aa671a48032fee86 - Path: Packages/com.unity.collections/Unity.Collections.LowLevel.ILSupport/Unity.Collections.LowLevel.ILSupport.dll - Importer: ScriptedImporter/UnityEditor.QuickSearchModule:UnityEditor.Search:ASIAI0B -> (ImportResultId: 'e02190797f988566d1baafec5f3280a4') in 0.0250341 seconds
[Worker0] Imported GUID: 78ef485c88176444bae5f0fce37b4e29 - Path: Packages/com.unity.collections/Unity.Collections.Tests/NativeParallelHashSetTests.cs - Importer: ScriptedImporter/UnityEditor.QuickSearchModule:UnityEditor.Search:ASIAI0B -> (ImportResultId: '4211757ad558bf645ee65f003dc8feba') in 0.0216465 seconds
[Worker2] Imported GUID: 073d9e43aff74464ab326f22b63d0dce - Path: Packages/com.unity.collections/Unity.Collections.Tests/NativeParallelHashMapTestsFixture.cs - Importer: ScriptedImporter/UnityEditor.QuickSearchModule:UnityEditor.Search:ASIAI0B -> (ImportResultId: '32720a0c1368af7850e2d2899c2af7d3') in 0.02222 seconds
[Worker1] Imported GUID: 2e3a7e16dc0bd2346a2514dd143105a9 - Path: Packages/com.unity.collections/Unity.Collections.PerformanceTests/Unity.PerformanceTesting.Benchmark/README.md - Importer: ScriptedImporter/UnityEditor.QuickSearchModule:UnityEditor.Search:ASIAI0B -> (ImportResultId: '3ae32b2bc8b6fabcb9f9a7ef78aa3872') in 0.0223212 seconds
[Worker0] Imported GUID: 5156390dc6b2ab64a83222b2fe68cd0f - Path: Packages/com.unity.collections/Unity.Collections.Tests/SpookyHashTests.cs - Importer: ScriptedImporter/UnityEditor.QuickSearchModule:UnityEditor.Search:ASIAI0B -> (ImportResultId: 'dc6ac86fa20322ceb28433580077a26d') in 0.0185429 seconds
[Worker1] Imported GUID: 6a88e2cd1798bb445bc5517141684031 - Path: Packages/com.unity.collections/Unity.Collections.Tests.Playmode/FixedListPlayModeTests.tt - Importer: ScriptedImporter/UnityEditor.QuickSearchModule:UnityEditor.Search:ASIAI0B -> (ImportResultId: '54fe35f31394310074cd0fe8c9883f6d') in 0.0183967 seconds
[Worker2] Imported GUID: c30fe0e64fef64239b70bb447e82e4a8 - Path: Packages/com.unity.collections/Unity.Collections.Tests/NativeParallelHashMapTests_InJobs.cs - Importer: ScriptedImporter/UnityEditor.QuickSearchModule:UnityEditor.Search:ASIAI0B -> (ImportResultId: '988e67343c428dcae4dcfa5378a1adf1') in 0.0191108 seconds
[Worker0] Imported GUID: 2d33d4223be73b4448d51d31323799fd - Path: Packages/com.unity.collections/Unity.Collections.Tests/UnsafeParallelMultiHashMapTests.cs - Importer: ScriptedImporter/UnityEditor.QuickSearchModule:UnityEditor.Search:ASIAI0B -> (ImportResultId: 'b986871690487779f620e6d51fcc3fb1') in 0.0170662 seconds
[Worker1] Imported GUID: 885d383951746604982b43fd5255f058 - Path: Packages/com.unity.collections/Unity.Collections.Tests/UnsafeRingQueueTests.cs - Importer: ScriptedImporter/UnityEditor.QuickSearchModule:UnityEditor.Search:ASIAI0B -> (ImportResultId: '7d33bdb3f213da82a34b0818abedae5f') in 0.0176107 seconds
[Worker2] Imported GUID: 71e8c199da900544d92b3155f4165bba - Path: Packages/com.unity.collections/Unity.Collections.Tests/UnsafeBitArrayTests.cs - Importer: ScriptedImporter/UnityEditor.QuickSearchModule:UnityEditor.Search:ASIAI0B -> (ImportResultId: '78204af4254ec89c768f8f9768cc57e8') in 0.0199933 seconds
[Worker0] Imported GUID: f492edc6c73b74b7f994f4e948d53302 - Path: Packages/com.unity.collections/Unity.Collections.Tests/NativeListTests.cs - Importer: ScriptedImporter/UnityEditor.QuickSearchModule:UnityEditor.Search:ASIAI0B -> (ImportResultId: 'c8a4ad6200dc6f258b98b2b22791b537') in 0.0180413 seconds
[Worker1] Imported GUID: 4994f8a9b786efc419e89e1e7146cdc6 - Path: Packages/com.unity.collections/Unity.Collections.Tests/NativeArrayTests.cs - Importer: ScriptedImporter/UnityEditor.QuickSearchModule:UnityEditor.Search:ASIAI0B -> (ImportResultId: 'fd3e8f7195dbc400564f5a66d15bf5f5') in 0.0189222 seconds
[Worker2] Imported GUID: 54ed1315d43524f428aeb6d72cd16cc0 - Path: Packages/com.unity.collections/Unity.Collections.Tests/NativeQueueTests_InJobs.cs - Importer: ScriptedImporter/UnityEditor.QuickSearchModule:UnityEditor.Search:ASIAI0B -> (ImportResultId: '53f68e3209294f965af11e3ba628a50b') in 0.0185433 seconds
[Worker0] Imported GUID: 4af3af31f23c85b4287da4d2acf87301 - Path: Packages/com.unity.collections/Unity.Collections.Tests.Playmode/FixedListPlaymodeTests.gen.cs - Importer: ScriptedImporter/UnityEditor.QuickSearchModule:UnityEditor.Search:ASIAI0B -> (ImportResultId: '89b5ad9a99448beae6aab95aaa33fb97') in 0.0204815 seconds
[Worker2] Imported GUID: 1ddc4d01f93629947903155de21d90ff - Path: Packages/com.unity.collections/Unity.Collections.Tests/NativeBitArrayTests.cs - Importer: ScriptedImporter/UnityEditor.QuickSearchModule:UnityEditor.Search:ASIAI0B -> (ImportResultId: '89ee6d4fa041f7d1276e3c743d7af285') in 0.0166652 seconds
[Worker1] Imported GUID: dad573b7a5d91e84bab5aada3f2f0530 - Path: Packages/com.unity.collections/Unity.Collections/Jobs/RegisterGenericJobTypeAttribute.cs - Importer: ScriptedImporter/UnityEditor.QuickSearchModule:UnityEditor.Search:ASIAI0B -> (ImportResultId: '772513c28571db79a1b44bca05f0aa95') in 0.0217573 seconds
[Worker0] Imported GUID: 05b24f32afe304172bde605516dda297 - Path: Packages/com.unity.collections/Unity.Collections.Tests/NativeParallelMultiHashMapTests_InJobs.cs - Importer: ScriptedImporter/UnityEditor.QuickSearchModule:UnityEditor.Search:ASIAI0B -> (ImportResultId: '3a749dbd24ea344db3e2eadf54b7c5e8') in 0.0154244 seconds
[Worker2] Imported GUID: 0b998d1d480ff8743817da102884ab16 - Path: Packages/com.unity.collections/Unity.Collections.Tests/NativeTextTests.cs - Importer: ScriptedImporter/UnityEditor.QuickSearchModule:UnityEditor.Search:ASIAI0B -> (ImportResultId: 'fe7bba580a1c85eae7dd134e87380687') in 0.0204489 seconds
[Worker1] Imported GUID: d6f62a44924d8df438a53cc6b81bef95 - Path: Packages/com.unity.collections/Unity.Collections.Tests/RewindableAllocatorTests.cs - Importer: ScriptedImporter/UnityEditor.QuickSearchModule:UnityEditor.Search:ASIAI0B -> (ImportResultId: '4c00c83e81339fe16bbcefc3aa828a09') in 0.0200621 seconds
[Worker0] Imported GUID: 7d0e2c4064f24e889a36d5635f4f857d - Path: Packages/com.unity.collections/Unity.Collections.Tests/xxHash3Tests.cs - Importer: ScriptedImporter/UnityEditor.QuickSearchModule:UnityEditor.Search:ASIAI0B -> (ImportResultId: 'fc00b3cae8a9cd109296fb2ed35183cb') in 0.0200792 seconds
[Worker2] Imported GUID: fc59d1e6c6d24a569be25eea553b326f - Path: Packages/com.unity.collections/Unity.Collections.Tests/UnsafeTextTests.cs - Importer: ScriptedImporter/UnityEditor.QuickSearchModule:UnityEditor.Search:ASIAI0B -> (ImportResultId: '3ad81ea8f5b8b24534b90904d9964ec6') in 0.0206676 seconds
[Worker1] Imported GUID: ebbea1c70c20149eea64c53647a70872 - Path: Packages/com.unity.collections/Unity.Collections.Tests/Unity.Collections.Tests.asmdef - Importer: ScriptedImporter/UnityEditor.QuickSearchModule:UnityEditor.Search:ASIAI0B -> (ImportResultId: '7117222cb58ba6030430eabaa9587af4') in 0.0200825 seconds
[Worker0] Imported GUID: d0fbdee3cefe411478fe3cd19d0b0edf - Path: Packages/com.unity.collections/Unity.Collections.PerformanceTests/Unity.PerformanceTesting.Benchmark/BenchmarkGenerator.cs - Importer: ScriptedImporter/UnityEditor.QuickSearchModule:UnityEditor.Search:ASIAI0B -> (ImportResultId: 'eaf295c9ba6ab5a0c3ef92a5cfd8f849') in 0.0200277 seconds
[Worker1] Imported GUID: da2ec9a017e2344db81d29b689c5b49d - Path: Packages/com.unity.collections/Unity.Collections.Tests/UnsafeAppendBufferTests.cs - Importer: ScriptedImporter/UnityEditor.QuickSearchModule:UnityEditor.Search:ASIAI0B -> (ImportResultId: '2b5f616eaa70a9fa0ab5980d4c6f8c1e') in 0.015331 seconds
[Worker2] Imported GUID: cded6950a1396c145bf6687a3a482b50 - Path: Packages/com.unity.collections/Unity.Collections.PerformanceTests/Unity.PerformanceTesting.Benchmark/BenchmarkAttributes.cs - Importer: ScriptedImporter/UnityEditor.QuickSearchModule:UnityEditor.Search:ASIAI0B -> (ImportResultId: '9331305669eea55cd26b09a21ec260e1') in 0.0178903 seconds
[Worker0] Imported GUID: eebf40a7db1244e6782a238f4c5d279b - Path: Packages/com.unity.collections/Unity.Collections.Tests/NativeListTests_JobDebugger.cs - Importer: ScriptedImporter/UnityEditor.QuickSearchModule:UnityEditor.Search:ASIAI0B -> (ImportResultId: 'dae275ba23ef7942fc4c6661fe385479') in 0.0178628 seconds
[Worker1] Imported GUID: 73fbfe0d21bc34441843483c0c2406f0 - Path: Packages/com.unity.collections/Unity.Collections/Jobs/IJobParallelForBatch.cs - Importer: ScriptedImporter/UnityEditor.QuickSearchModule:UnityEditor.Search:ASIAI0B -> (ImportResultId: 'd4d0c7e7f81da3b118e9a63f6cc2d9fd') in 0.0188435 seconds
[Worker2] Imported GUID: bead43d474a87b742a2b136a8b41e26b - Path: Packages/com.unity.collections/Unity.Collections.Tests/NativeHashSetTests.tt - Importer: ScriptedImporter/UnityEditor.QuickSearchModule:UnityEditor.Search:ASIAI0B -> (ImportResultId: 'b80a32b5c071295077950291d9385832') in 0.0187888 seconds
[Worker0] Imported GUID: d35de0fc3fdf6cd4d8cc89e32adcfd92 - Path: Packages/com.unity.collections/Unity.Collections.Tests/UnsafeQueueTests_InJobs.cs - Importer: ScriptedImporter/UnityEditor.QuickSearchModule:UnityEditor.Search:ASIAI0B -> (ImportResultId: '88c39be7aa00590a23754d9cde3aadf3') in 0.0184298 seconds
[Worker1] Imported GUID: 324a8ab7f6c750745ba1e7e49de993e0 - Path: Packages/com.unity.collections/Unity.Collections.Tests/NativeQueueTests.cs - Importer: ScriptedImporter/UnityEditor.QuickSearchModule:UnityEditor.Search:ASIAI0B -> (ImportResultId: '9bcc06529265742ff932b9ad9396d5a9') in 0.0207071 seconds
[Worker2] Imported GUID: 852087422f7ffd8438353fe6f69ee201 - Path: Packages/com.unity.collections/Unity.Collections.PerformanceTests/Unity.PerformanceTesting.Benchmark/BenchmarkReportData.cs - Importer: ScriptedImporter/UnityEditor.QuickSearchModule:UnityEditor.Search:ASIAI0B -> (ImportResultId: '1da6cc65254aac07180af2e0ee0a29cc') in 0.0224203 seconds
[Worker0] Imported GUID: ce62bb2f0aba64563accb50660276cff - Path: Packages/com.unity.collections/Unity.Collections.Tests/NativeStreamTests.cs - Importer: ScriptedImporter/UnityEditor.QuickSearchModule:UnityEditor.Search:ASIAI0B -> (ImportResultId: '3dc3f39270820e153346284ad945308f') in 0.0213949 seconds
[Worker1] Imported GUID: 39650b893564f0e488e5414f92a620a0 - Path: Packages/com.unity.collections/Unity.Collections.Tests/UnsafeQueueTests.cs - Importer: ScriptedImporter/UnityEditor.QuickSearchModule:UnityEditor.Search:ASIAI0B -> (ImportResultId: '7cb3ecbd3dca04172d6fc511392a656e') in 0.0205218 seconds
[Worker2] Imported GUID: 4bd84e58bd56f496990c0624dfe88a1a - Path: Packages/com.unity.collections/Unity.Collections.Tests/NativeParallelHashMapTests.cs - Importer: ScriptedImporter/UnityEditor.QuickSearchModule:UnityEditor.Search:ASIAI0B -> (ImportResultId: '38dff6c99ce93332e1c84ef8260c8c26') in 0.0183258 seconds
[Worker0] Imported GUID: c8a96cba3114f4a3e91b0546fdcd0397 - Path: Packages/com.unity.collections/Unity.Collections.Tests/NativeContainerTests_ValidateTypesFixture.cs - Importer: ScriptedImporter/UnityEditor.QuickSearchModule:UnityEditor.Search:ASIAI0B -> (ImportResultId: '202dae1ea29fd763369bdc9308cd3cbe') in 0.0237852 seconds
[Worker1] Imported GUID: 7f00410a200de4d6d865ce65201c861f - Path: Packages/com.unity.collections/Unity.Collections.Tests/NativeParallelMultiHashMapTests_JobDebugger.cs - Importer: ScriptedImporter/UnityEditor.QuickSearchModule:UnityEditor.Search:ASIAI0B -> (ImportResultId: '2b682ee86ae3a22add7b0dee9da0dbec') in 0.0236448 seconds
[Worker2] Imported GUID: 586151f33b0f56d4e982fc9661d27323 - Path: Packages/com.unity.collections/Unity.Collections.Tests/UnsafeAtomicCounterTests.cs - Importer: ScriptedImporter/UnityEditor.QuickSearchModule:UnityEditor.Search:ASIAI0B -> (ImportResultId: '7542af860be119058c2d492568645b0a') in 0.0232411 seconds
[Worker2] Imported GUID: 4af3ca04cfb2f4b2e91ba58bc5adc6af - Path: Packages/com.unity.collections/Unity.Collections.Tests/NativeContainerTests_ValidateTypes_JobDebugger.cs - Importer: ScriptedImporter/UnityEditor.QuickSearchModule:UnityEditor.Search:ASIAI0B -> (ImportResultId: 'cb179b76c54fab2273032592ffb4fdde') in 0.0163453 seconds
[Worker0] Imported GUID: 175a9e4a17bf01748b02c5c1c653d091 - Path: Packages/com.unity.collections/Unity.Collections.Tests/NativeSortTests.tt - Importer: ScriptedImporter/UnityEditor.QuickSearchModule:UnityEditor.Search:ASIAI0B -> (ImportResultId: '28bba51eac733634e625b95e48fe3657') in 0.02219 seconds
[Worker1] Imported GUID: 52cbbdc3dcf848dd9efc09bfa529fa74 - Path: Packages/com.unity.collections/Unity.Collections.Tests/UTF8ArrayUnsafeUtilityTests.cs - Importer: ScriptedImporter/UnityEditor.QuickSearchModule:UnityEditor.Search:ASIAI0B -> (ImportResultId: '722f7d00d95a688043e80551661bdbe8') in 0.0205087 seconds
[Worker1] Imported GUID: e4a19cfe5da4ca3429f6c911cb0b9894 - Path: Packages/com.unity.collections/Unity.Collections.PerformanceTests/Unity.PerformanceTesting.Benchmark/BenchmarkMeasure.cs - Importer: ScriptedImporter/UnityEditor.QuickSearchModule:UnityEditor.Search:ASIAI0B -> (ImportResultId: '148558f36cd46d72cc757f1372a897db') in 0.0199675 seconds
[Worker2] Imported GUID: bb38f6025ca13a74bb896b504219a393 - Path: Packages/com.unity.collections/Unity.Collections.Tests/NativeParallelMultiHashMapTests.cs - Importer: ScriptedImporter/UnityEditor.QuickSearchModule:UnityEditor.Search:ASIAI0B -> (ImportResultId: 'e004a3acb9df7049e6f0fffefb7b5276') in 0.0238159 seconds
[Worker0] Imported GUID: a915ab4289326f442bb155465a18b013 - Path: Packages/com.unity.collections/Unity.Collections.PerformanceTests/Unity.PerformanceTesting.Benchmark/MarkdownBuilder.cs - Importer: ScriptedImporter/UnityEditor.QuickSearchModule:UnityEditor.Search:ASIAI0B -> (ImportResultId: 'fdb924a28b1f7c41ecadae2e61e7837b') in 0.022795 seconds
[Worker0] Imported GUID: edf89c00aa475ae48a7726b87fc0f00c - Path: Packages/com.unity.collections/Unity.Collections.Tests/NativeParallelHashSetTests.tt - Importer: ScriptedImporter/UnityEditor.QuickSearchModule:UnityEditor.Search:ASIAI0B -> (ImportResultId: 'df2382df256dacc4bcde81dc7ccf9eb4') in 0.0154342 seconds
[Worker2] Imported GUID: 53aefa1beff7b494badc217b913bb5b0 - Path: Packages/com.unity.collections/Unity.Collections.Tests/NativeHashSetTests.gen.cs - Importer: ScriptedImporter/UnityEditor.QuickSearchModule:UnityEditor.Search:ASIAI0B -> (ImportResultId: 'f3a3f9b7136689949c5ad855087f5a90') in 0.0196418 seconds
[Worker1] Imported GUID: d410bd21cbf6a6e4381b336d9c72ffa5 - Path: Packages/com.unity.collections/Unity.Collections.Tests/UnsafeHashMapTests.cs - Importer: ScriptedImporter/UnityEditor.QuickSearchModule:UnityEditor.Search:ASIAI0B -> (ImportResultId: '0169bf05bcebadecfe4c5861ec5edb59') in 0.0204994 seconds
[Worker0] Imported GUID: 400ea57eaa639b547a8553b7678f167a - Path: Packages/com.unity.collections/Unity.Collections.Tests/NativeParallelHashSetTests.gen.cs - Importer: ScriptedImporter/UnityEditor.QuickSearchModule:UnityEditor.Search:ASIAI0B -> (ImportResultId: 'd361f5fb23c45c02c00c7bbef575b09c') in 0.0224984 seconds
[Worker2] Imported GUID: cfd952b600713ff42a2db6d5c8228f8c - Path: Packages/com.unity.collections/Unity.Collections.Tests/NativeHashMapTests.cs - Importer: ScriptedImporter/UnityEditor.QuickSearchModule:UnityEditor.Search:ASIAI0B -> (ImportResultId: 'dd0fa4aba797a6432c61a32418d3af31') in 0.0221081 seconds
[Worker1] Imported GUID: ca1581892ffd54eadb405c6eb1c0ce36 - Path: Packages/com.unity.collections/Unity.Collections.Tests/NativeContainerTests_ValidateTypes.cs - Importer: ScriptedImporter/UnityEditor.QuickSearchModule:UnityEditor.Search:ASIAI0B -> (ImportResultId: 'd07bc3119d6470168b5c32297fb82dc7') in 0.0241474 seconds
[Worker0] Imported GUID: fd28abb4e35d9472389061aeb5494474 - Path: Packages/com.unity.collections/Unity.Collections.Tests/UnsafeUtilityTests.cs - Importer: ScriptedImporter/UnityEditor.QuickSearchModule:UnityEditor.Search:ASIAI0B -> (ImportResultId: '23945d820c242c50ec8498b2d74a0abc') in 0.0221441 seconds
[Worker2] Imported GUID: 05a99ad2800ad2f49b22ab35d999bfc7 - Path: Packages/com.unity.collections/Unity.Collections/Jobs/EarlyInitHelpers.cs - Importer: ScriptedImporter/UnityEditor.QuickSearchModule:UnityEditor.Search:ASIAI0B -> (ImportResultId: '02353b6418fc719301ecdc2aaacbbdf6') in 0.0220784 seconds
[Worker1] Imported GUID: 5b49dfbe158cb4949aa44ed313cd0959 - Path: Packages/com.unity.collections/Unity.Collections.Tests/NativeRingQueueTests.cs - Importer: ScriptedImporter/UnityEditor.QuickSearchModule:UnityEditor.Search:ASIAI0B -> (ImportResultId: '407518735d2fd43560a897a0f04b8d69') in 0.0198877 seconds
[Worker0] Imported GUID: ad8b28c0bd73eb94cbbaffc184e68af1 - Path: Packages/com.unity.collections/Unity.Collections/Jobs/IJobParallelForDefer.cs - Importer: ScriptedImporter/UnityEditor.QuickSearchModule:UnityEditor.Search:ASIAI0B -> (ImportResultId: '3a0dc9751abf6bee9ca3b175ffc53b96') in 0.0173694 seconds
[Worker1] Imported GUID: 8ce25c0534e0a234d8b710cadd871f84 - Path: Packages/com.unity.collections/Unity.Collections.Tests/UnsafeParallelHashSetTests.cs - Importer: ScriptedImporter/UnityEditor.QuickSearchModule:UnityEditor.Search:ASIAI0B -> (ImportResultId: '0c4771fee8bae53b63f06f0143a4415a') in 0.0182569 seconds
[Worker2] Imported GUID: ff0ba7aa14bc81c4cb4b1c28cd3460ed - Path: Packages/com.unity.collections/Unity.Collections.Tests/NativeSortTests.gen.cs - Importer: ScriptedImporter/UnityEditor.QuickSearchModule:UnityEditor.Search:ASIAI0B -> (ImportResultId: 'e61410ab8f8a627375c60239a56bc6c3') in 0.0204133 seconds
[Worker0] Imported GUID: f07b7acbd86c449cbe60089bd4f5a245 - Path: Packages/com.unity.collections/Unity.Collections.Tests/UnsafeStreamTests.cs - Importer: ScriptedImporter/UnityEditor.QuickSearchModule:UnityEditor.Search:ASIAI0B -> (ImportResultId: '8fbac18b7afc2943f92c7a561b06195c') in 0.0198464 seconds
[Worker1] Imported GUID: b737b50d5785388458f6bc50c9dfa8ea - Path: Packages/com.unity.collections/Unity.Collections.Tests/NativeReferenceTests.cs - Importer: ScriptedImporter/UnityEditor.QuickSearchModule:UnityEditor.Search:ASIAI0B -> (ImportResultId: '1fe103eff94aae24d743e29315b19a57') in 0.0181251 seconds
[Worker2] Imported GUID: c3f9809ba4de01446ae82a0e4f3da278 - Path: Packages/com.unity.collections/Unity.Collections/Jobs/IJobFilter.cs - Importer: ScriptedImporter/UnityEditor.QuickSearchModule:UnityEditor.Search:ASIAI0B -> (ImportResultId: '1c4db710097ee537f5bb7f80daf672f9') in 0.020727 seconds
[Worker0] Imported GUID: 1c4f87267cc02d948a6a332c8768cd23 - Path: Packages/com.unity.collections/Unity.Collections.Tests/UnsafeListTests.cs - Importer: ScriptedImporter/UnityEditor.QuickSearchModule:UnityEditor.Search:ASIAI0B -> (ImportResultId: '14e27f06687a560c92133aa2987019b8') in 0.0182301 seconds
[Worker1] Imported GUID: 5e96082520aa86a458e400b89afe93a4 - Path: Packages/com.unity.collections/Unity.Collections.Tests.Playmode/Unity.Collections.Tests.Playmode.asmdef - Importer: ScriptedImporter/UnityEditor.QuickSearchModule:UnityEditor.Search:ASIAI0B -> (ImportResultId: '8fddc76632aa152c6c76ef1142811cff') in 0.0190076 seconds
[Worker2] Imported GUID: bab7c0ffc204a4a66b298944fa98b4ec - Path: Packages/com.unity.collections/Unity.Collections.Tests/NativeParallelMultiHashMapTestsFixture.cs - Importer: ScriptedImporter/UnityEditor.QuickSearchModule:UnityEditor.Search:ASIAI0B -> (ImportResultId: '5c822c3f0849e1df63f807b6f0756ea3') in 0.0205676 seconds
[Worker0] Imported GUID: f92c32975f7059949a65dedf00f850c5 - Path: Packages/com.unity.collections/Unity.Collections.Tests/NativeHashSetTests.cs - Importer: ScriptedImporter/UnityEditor.QuickSearchModule:UnityEditor.Search:ASIAI0B -> (ImportResultId: '8b948e601a5fef511bbfe6557e89cd76') in 0.0205842 seconds
[Worker2] Imported GUID: 4dc2e5d287a58464b9af31aabf8a6cab - Path: Packages/com.unity.collections/Unity.Collections.PerformanceTests/Unity.PerformanceTesting.Benchmark/BenchmarkRunner.cs - Importer: ScriptedImporter/UnityEditor.QuickSearchModule:UnityEditor.Search:ASIAI0B -> (ImportResultId: '977c37ff9452806dd0a335f3a63b65c0') in 0.0220392 seconds
[Worker1] Imported GUID: 0175a7523f9f1754ca406f92afcfcbc6 - Path: Packages/com.unity.collections/Unity.Collections.PerformanceTests/Unity.PerformanceTesting.Benchmark/PerformanceTestFrameworkOutput.png - Importer: ScriptedImporter/UnityEditor.QuickSearchModule:UnityEditor.Search:ASIAI0B -> (ImportResultId: '060ff96f98cb0bd6c0cc315ce0ad5754') in 0.0317207 seconds
[Worker0] Imported GUID: ad64d0820d4d7924d9ffb4f53ad1b75e - Path: Packages/com.unity.collections/Unity.Collections.Tests/UnsafeParallelHashMapTests.cs - Importer: ScriptedImporter/UnityEditor.QuickSearchModule:UnityEditor.Search:ASIAI0B -> (ImportResultId: '8108765de848e93345adec49a9a1102c') in 0.0214584 seconds
[Worker2] Imported GUID: e4c8094ce73742d79e92d10007f8e55b - Path: Packages/com.unity.searcher/Editor/Searcher/SearcherHighlighter.cs - Importer: ScriptedImporter/UnityEditor.QuickSearchModule:UnityEditor.Search:ASIAI0B -> (ImportResultId: '35c0456e643f75d0abd8392e1c5acec8') in 0.0185137 seconds
[Worker0] Imported GUID: 3fe161b2564a4d318026d694ffdb0520 - Path: Packages/com.unity.searcher/Editor/Searcher/SearcherWindow.cs - Importer: ScriptedImporter/UnityEditor.QuickSearchModule:UnityEditor.Search:ASIAI0B -> (ImportResultId: 'a697e782b57734f3e519657e5aff8f20') in 0.0193755 seconds
[Worker1] Imported GUID: 3b62a4eaddacd11418765f5c2f6cb592 - Path: Packages/com.unity.searcher/Editor/Searcher/SearcherAdapter.cs - Importer: ScriptedImporter/UnityEditor.QuickSearchModule:UnityEditor.Search:ASIAI0B -> (ImportResultId: 'b7e8c51f1c7d7fbb1a28766985148ba8') in 0.0205084 seconds
[Worker2] Imported GUID: 80a939763935fdd40bf953a1e49678cf - Path: Packages/com.unity.nuget.mono-cecil/Mono.Cecil.Pdb.dll - Importer: ScriptedImporter/UnityEditor.QuickSearchModule:UnityEditor.Search:ASIAI0B -> (ImportResultId: 'c8998ebe180f8373788e3b1cc7032489') in 0.0186869 seconds
[Worker0] Imported GUID: bee4d1a67e1b73e4795e1f0929908600 - Path: Packages/com.unity.collections/Unity.Collections.Tests/Jobs/CoreCLRTestAssemblies/PublicJobPrivateGeneric/PublicJobPrivateGenericTestJob.cs - Importer: ScriptedImporter/UnityEditor.QuickSearchModule:UnityEditor.Search:ASIAI0B -> (ImportResultId: '762102387e0441a3ed3362b9ae84583b') in 0.019229 seconds
[Worker1] Imported GUID: 5c1ee4056d0ac7ad3c5a16597fcaa38a - Path: Packages/com.unity.modules.physics/package.ModuleCompilationTrigger - Importer: ScriptedImporter/UnityEditor.QuickSearchModule:UnityEditor.Search:ASIAI0B -> (ImportResultId: '700f60238fc6157fcf79bd220576b216') in 0.0214345 seconds
[Worker2] Imported GUID: 1eb7e6f92b1d7d64ba0a48ea751728f3 - Path: Packages/com.unity.nuget.mono-cecil/CHANGELOG.md - Importer: ScriptedImporter/UnityEditor.QuickSearchModule:UnityEditor.Search:ASIAI0B -> (ImportResultId: '5b8d43cc00e3e56496ee94b1a8784ffc') in 0.0199026 seconds
[Worker1] Imported GUID: 3e57f897b515d5042b83c4e88a5664e3 - Path: Packages/com.unity.searcher/Editor/Searcher/SearcherDatabase.cs - Importer: ScriptedImporter/UnityEditor.QuickSearchModule:UnityEditor.Search:ASIAI0B -> (ImportResultId: '697a7da349cd3eb116de6865d7530ae8') in 0.0183453 seconds
[Worker0] Imported GUID: 9fc87c3ee46f3b34e97e18e4fcac8151 - Path: Packages/com.unity.nuget.mono-cecil/LICENSE.md - Importer: ScriptedImporter/UnityEditor.QuickSearchModule:UnityEditor.Search:ASIAI0B -> (ImportResultId: 'e4552ebaa839854703585b2c11884848') in 0.0220491 seconds
[Worker2] Imported GUID: 192a998b912484856a34120268cfbfc9 - Path: Packages/com.unity.nuget.mono-cecil/Third Party Notices.md - Importer: ScriptedImporter/UnityEditor.QuickSearchModule:UnityEditor.Search:ASIAI0B -> (ImportResultId: 'dac4ccd8207047e7899867150359f710') in 0.020843 seconds
[Worker0] Imported GUID: 36d0e1be06be93249a0ffa0c8356e69e - Path: Packages/com.unity.collections/Unity.Collections.Tests/Jobs/JobStressTests.cs - Importer: ScriptedImporter/UnityEditor.QuickSearchModule:UnityEditor.Search:ASIAI0B -> (ImportResultId: 'd14ca705fa1f263af3df407f871d3d3b') in 0.0202863 seconds
[Worker1] Imported GUID: 4988cf9794f41d64c884876ab6574b89 - Path: Packages/com.unity.searcher/Editor/Unity.Searcher.Editor.asmdef - Importer: ScriptedImporter/UnityEditor.QuickSearchModule:UnityEditor.Search:ASIAI0B -> (ImportResultId: '34f863b73da2f7d4c8edd7b9102ede67') in 0.0215342 seconds
[Worker0] Imported GUID: 1a4266815e998967becf686f9c71f0a6 - Path: Packages/com.unity.modules.physics/package.json - Importer: ScriptedImporter/UnityEditor.QuickSearchModule:UnityEditor.Search:ASIAI0B -> (ImportResultId: '1b5504e8910b5706fc206d73aacbb249') in 0.0212166 seconds
[Worker2] Imported GUID: 2c942432c8301d3489edbfb539e736bd - Path: Packages/com.unity.nuget.mono-cecil/Mono.Cecil.Rocks.dll - Importer: ScriptedImporter/UnityEditor.QuickSearchModule:UnityEditor.Search:ASIAI0B -> (ImportResultId: '3872caa1ac9e44585f6cd0683cef056c') in 0.0235799 seconds
[Worker1] Imported GUID: 56c8d867edaa1c9488c77cc911d01bff - Path: Packages/com.unity.searcher/Editor/Searcher/SearcherControl.cs - Importer: ScriptedImporter/UnityEditor.QuickSearchModule:UnityEditor.Search:ASIAI0B -> (ImportResultId: 'd287feef1e1369259dfd6736aa78b57c') in 0.0212784 seconds
[Worker0] Imported GUID: 298bc460cd9598745b3b942e70574db0 - Path: Packages/com.unity.collections/Unity.Collections.Tests/Jobs/CoreCLRTestAssemblies/InternalJobNestedPrivate/InternalJobNestedPrivate.asmdef - Importer: ScriptedImporter/UnityEditor.QuickSearchModule:UnityEditor.Search:ASIAI0B -> (ImportResultId: '63ae8a44304975ebf260e7f341a1e739') in 0.0182116 seconds
[Worker2] Imported GUID: 309bb9a8839ee1340af783c0cbfb01bc - Path: Packages/com.unity.collections/Unity.Collections.Tests/Jobs/CoreCLRTestAssemblies/ProtectedJobNested/ProtectedJobNested.asmdef - Importer: ScriptedImporter/UnityEditor.QuickSearchModule:UnityEditor.Search:ASIAI0B -> (ImportResultId: 'de8fe6316b974e6d4d96756e76de9803') in 0.0209943 seconds
[Worker1] Imported GUID: 200891d0445794843bffcc351163c84c - Path: Packages/com.unity.searcher/LICENSE.md - Importer: ScriptedImporter/UnityEditor.QuickSearchModule:UnityEditor.Search:ASIAI0B -> (ImportResultId: 'b70e1a67561b0f43444b080b75f69e1c') in 0.0256806 seconds
[Worker0] Imported GUID: 20f869e4fe46bb44a8b56a58904e705c - Path: Packages/com.unity.searcher/Editor/Searcher/SearcherDatabaseBase.cs - Importer: ScriptedImporter/UnityEditor.QuickSearchModule:UnityEditor.Search:ASIAI0B -> (ImportResultId: '688f3374199707b0d95c884cd64c5537') in 0.019521 seconds
[Worker2] Imported GUID: ecbee97f2678c1747802e50945a31f1d - Path: Packages/com.unity.collections/Unity.Collections.Tests/Jobs/JobTests_CombineDependencies.cs - Importer: ScriptedImporter/UnityEditor.QuickSearchModule:UnityEditor.Search:ASIAI0B -> (ImportResultId: 'f7711614ddc061ca9183a5d7c73eca0d') in 0.0216942 seconds
[Worker1] Imported GUID: c456286d59e79df4abf836be8d6f39f3 - Path: Packages/com.unity.searcher/Editor/Searcher/SearcherItem.cs - Importer: ScriptedImporter/UnityEditor.QuickSearchModule:UnityEditor.Search:ASIAI0B -> (ImportResultId: '5c2d131d838d9c931a91ef7110fed73e') in 0.0205647 seconds
[Worker0] Imported GUID: 2d0dcfb487a314b6e9f87af7a2280043 - Path: Packages/com.unity.nuget.mono-cecil/Tests/Editor/MonoCecilEditorTests.cs - Importer: ScriptedImporter/UnityEditor.QuickSearchModule:UnityEditor.Search:ASIAI0B -> (ImportResultId: '25281efab6acd3694c3ac2e53db0a5d7') in 0.0183358 seconds
[Worker2] Imported GUID: f4677a7cb8f4ae241973648755879bfc - Path: Packages/com.unity.collections/Unity.Collections.Tests/Jobs/CoreCLRTestAssemblies/PublicJobPrivateGeneric/PublicJobPrivateGeneric.asmdef - Importer: ScriptedImporter/UnityEditor.QuickSearchModule:UnityEditor.Search:ASIAI0B -> (ImportResultId: '843eb8170b3b2d41fa29bdd0ce5caa83') in 0.0224613 seconds
[Worker0] Imported GUID: e776b2ad22d88f241979d4073e91f61d - Path: Packages/com.unity.collections/Unity.Collections.Tests/Jobs/CoreCLRTestAssemblies/InternalJobNestedPrivate/InternalJobNestedPrivate.cs - Importer: ScriptedImporter/UnityEditor.QuickSearchModule:UnityEditor.Search:ASIAI0B -> (ImportResultId: '5666c611ec8cc9d39767ad4e7a52a723') in 0.0219551 seconds
[Worker2] Imported GUID: 17a4fd582bf2d47479cf5c1508ca82c6 - Path: Packages/com.unity.nuget.mono-cecil/package.json - Importer: ScriptedImporter/UnityEditor.QuickSearchModule:UnityEditor.Search:ASIAI0B -> (ImportResultId: '52a837bc7af94b1ffed3c613cfd603b8') in 0.0230158 seconds
[Worker0] Imported GUID: ab5bbe7300c57674db945e46e17a4630 - Path: Packages/com.unity.searcher/Editor/Searcher/SearcherTreeUtility.cs - Importer: ScriptedImporter/UnityEditor.QuickSearchModule:UnityEditor.Search:ASIAI0B -> (ImportResultId: 'aad758e6baf90316bf47cc9d31dfd4ea') in 0.0220919 seconds
[Worker2] Imported GUID: 416e1b35d3077b043be46d805db72d13 - Path: Packages/com.unity.searcher/Editor/Searcher/Searcher.cs - Importer: ScriptedImporter/UnityEditor.QuickSearchModule:UnityEditor.Search:ASIAI0B -> (ImportResultId: '074e82fe6581bf835739938438edf55f') in 0.0243628 seconds
[Worker0] Imported GUID: f93f25e0a74e18d4d850b4f26fb47d7d - Path: Packages/com.unity.collections/Unity.Collections.Tests/Jobs/BurstCompiledSchedulingTests.cs - Importer: ScriptedImporter/UnityEditor.QuickSearchModule:UnityEditor.Search:ASIAI0B -> (ImportResultId: 'f9a350eaf3b8dc022288ed514f2d1848') in 0.0226177 seconds
[Worker2] Imported GUID: ef6b0e23948ec0543b9874c56d460b41 - Path: Packages/com.unity.collections/Unity.Collections.Tests/Jobs/CoreCLRTestAssemblies/PrivateJobNested/PrivateJobNested.asmdef - Importer: ScriptedImporter/UnityEditor.QuickSearchModule:UnityEditor.Search:ASIAI0B -> (ImportResultId: '6fa65e648866a1f0705bd64b6fe20b25') in 0.0227349 seconds
[Worker0] Imported GUID: a58b6fd31ddc7d8488bd40b29f1472c3 - Path: Packages/com.unity.nuget.mono-cecil/Mono.Cecil.Mdb.dll - Importer: ScriptedImporter/UnityEditor.QuickSearchModule:UnityEditor.Search:ASIAI0B -> (ImportResultId: 'bc991a84fe091a8b0170f2f74ec2e46f') in 0.0265917 seconds
[Worker2] Imported GUID: 194bed0f26154e64984886f8a6c6da03 - Path: Packages/com.unity.collections/Unity.Collections.Tests/Jobs/CoreCLRTestAssemblies/ProtectedJobNested/NestedProtectedJobTestJob.cs - Importer: ScriptedImporter/UnityEditor.QuickSearchModule:UnityEditor.Search:ASIAI0B -> (ImportResultId: 'd17e40f7d9abdd70ddc86345dd8c8d40') in 0.0266268 seconds
[Worker0] Imported GUID: beaa90bac8bb70d439d582bca35465cb - Path: Packages/com.unity.nuget.mono-cecil/README.md - Importer: ScriptedImporter/UnityEditor.QuickSearchModule:UnityEditor.Search:ASIAI0B -> (ImportResultId: '9e6cca2f2456d992e555b05f27432099') in 0.0242791 seconds
[Worker0] Imported GUID: 69135939d4cd2cf4fbecfe92b80f882a - Path: Packages/com.unity.collections/Unity.Collections.Tests/Jobs/JobTestsFixture.cs - Importer: ScriptedImporter/UnityEditor.QuickSearchModule:UnityEditor.Search:ASIAI0B -> (ImportResultId: 'd86666285403969263bef8e586dc4c00') in 0.0208823 seconds
[Worker0] Imported GUID: 8693443c8d9368d4b8b9f2beea09d699 - Path: Packages/com.unity.collections/Unity.Collections.Tests/Jobs/JobTests.cs - Importer: ScriptedImporter/UnityEditor.QuickSearchModule:UnityEditor.Search:ASIAI0B -> (ImportResultId: 'b7c2d0f039393b1e90c4eeb2d99ff1e6') in 0.0214344 seconds
[Worker0] Imported GUID: 8a0fd4a8e3885488e9afc7e5e7ead9c6 - Path: Packages/com.unity.searcher/ValidationExceptions.json - Importer: ScriptedImporter/UnityEditor.QuickSearchModule:UnityEditor.Search:ASIAI0B -> (ImportResultId: '6aa838221dadf97655714208bf22e97f') in 0.0238526 seconds
[Worker1] Imported GUID: da37dcca55e437b4a9eeebff722ad51f - Path: Packages/com.unity.searcher/Editor/Resources/SearcherWindow.uxml - Importer: ScriptedImporter/UnityEditor.QuickSearchModule:UnityEditor.Search:ASIAI0B -> (ImportResultId: 'ffa59c6d54068c7a358b5003074e4def') in 0.2002958 seconds
[Worker2] Imported GUID: 4deaa574907fd7647ab0d5bff0e9ba24 - Path: Packages/com.unity.searcher/Editor/Resources/Searcher.uss - Importer: ScriptedImporter/UnityEditor.QuickSearchModule:UnityEditor.Search:ASIAI0B -> (ImportResultId: 'e1693771a11b6da4a7469790d4fc11f9') in 0.0905326 seconds
[Worker1] Imported GUID: 5119b277252d21c4aa1540431904090e - Path: Packages/com.unity.collections/Unity.Collections.Tests/Jobs/CoreCLRTestAssemblies/PrivateJobNested/NestedPrivateJobTestJob.cs - Importer: ScriptedImporter/UnityEditor.QuickSearchModule:UnityEditor.Search:ASIAI0B -> (ImportResultId: 'ef37a7a345e65b62bb23822bc42f1d32') in 0.0162295 seconds
[Worker0] Imported GUID: 551e05d9d28513c4fb893599f9237377 - Path: Packages/com.unity.collections/Unity.Collections.Tests/Jobs/FilterJobTests.cs - Importer: ScriptedImporter/UnityEditor.QuickSearchModule:UnityEditor.Search:ASIAI0B -> (ImportResultId: '7c064ca4c6d25437676d00c74aa5fcbf') in 0.0215968 seconds
[Worker2] Imported GUID: 9c645c01fff7ef4408fce23b5ffb344d - Path: Packages/com.unity.nuget.mono-cecil/Mono.Cecil.dll - Importer: ScriptedImporter/UnityEditor.QuickSearchModule:UnityEditor.Search:ASIAI0B -> (ImportResultId: 'ab47710b0ccd74b8e794e46030f1f090') in 0.0220189 seconds
[Worker1] Imported GUID: aaf6804a66b394e9b8c133f80fc0c3e3 - Path: Packages/com.unity.nuget.mono-cecil/Tests/Editor/Unity.Nuget.Mono-Cecil.Editor.Tests.asmdef - Importer: ScriptedImporter/UnityEditor.QuickSearchModule:UnityEditor.Search:ASIAI0B -> (ImportResultId: '1439c4e208c647531d323929bef61baf') in 0.0195176 seconds
[Worker0] Imported GUID: 86b0e09d2fd75564f90fbc601e1eec6b - Path: Packages/com.unity.searcher/package.json - Importer: ScriptedImporter/UnityEditor.QuickSearchModule:UnityEditor.Search:ASIAI0B -> (ImportResultId: 'b969337e528e9c506bfea71fa06f4408') in 0.0234038 seconds
[Worker2] Imported GUID: a363ef2608aa3684794c3db0480fcd81 - Path: Packages/com.unity.searcher/README.md - Importer: ScriptedImporter/UnityEditor.QuickSearchModule:UnityEditor.Search:ASIAI0B -> (ImportResultId: 'a07c50c1791e463071e2a7136e3c47a2') in 0.0211648 seconds
[Worker1] Imported GUID: 793d6318ba59ca94381b936836fe697d - Path: Packages/com.unity.searcher/Editor/Resources/SearcherItem.uxml - Importer: ScriptedImporter/UnityEditor.QuickSearchModule:UnityEditor.Search:ASIAI0B -> (ImportResultId: '3f6e2506f47dc7e0c08598ea036f9d0d') in 0.0251185 seconds
[Worker0] Imported GUID: 0ce03cb7950ade54ab84650691ce7a38 - Path: Packages/com.unity.searcher/CHANGELOG.md - Importer: ScriptedImporter/UnityEditor.QuickSearchModule:UnityEditor.Search:ASIAI0B -> (ImportResultId: 'b38f33fbcc03af5e195db559ea18a19a') in 0.020868 seconds
[Worker2] Imported GUID: 4c384a0eeb10a6249a9ba87a3e550b18 - Path: Packages/com.unity.searcher/Editor/AssemblyInfo.cs - Importer: ScriptedImporter/UnityEditor.QuickSearchModule:UnityEditor.Search:ASIAI0B -> (ImportResultId: 'f96d785acd93dc63d76c576aec011818') in 0.0204262 seconds
[Worker1] Imported GUID: 5b263730bb62fa74190582398189b6f9 - Path: Packages/com.unity.collections/Unity.Collections.Tests/Jobs/NativeListDeferredArrayTests.cs - Importer: ScriptedImporter/UnityEditor.QuickSearchModule:UnityEditor.Search:ASIAI0B -> (ImportResultId: 'eed25a602ca614d385a1d0a18c85a322') in 0.0185926 seconds
[Worker2] Imported GUID: 106fd77ef6b30234597e56c849578bad - Path: Packages/com.unity.render-pipelines.core/Editor/CoreEditorStyles.cs - Importer: ScriptedImporter/UnityEditor.QuickSearchModule:UnityEditor.Search:ASIAI0B -> (ImportResultId: 'fca987adcf84c447dae988182974caaa') in 0.0179906 seconds
[Worker1] Imported GUID: 112bbb75cb8d0f34587b23aeb83ad6d8 - Path: Packages/com.unity.profiling.core/LICENSE.md - Importer: ScriptedImporter/UnityEditor.QuickSearchModule:UnityEditor.Search:ASIAI0B -> (ImportResultId: 'be974d570661bc869bd7cf6bbe247053') in 0.0191918 seconds
[Worker0] Imported GUID: 5e63515167650a541b309ba3bfd4db3d - Path: Packages/com.unity.searcher/Editor/Resources/FlatSkin/Font/Roboto-LightItalic.ttf - Importer: ScriptedImporter/UnityEditor.QuickSearchModule:UnityEditor.Search:ASIAI0B -> (ImportResultId: '58062fd985baa428e14b330241982710') in 0.024637 seconds
[Worker1] Imported GUID: a42a172397f9187499b8ec7a93c56e85 - Path: Packages/com.unity.profiling.core/Runtime/ProfilerMarker1Param.cs - Importer: ScriptedImporter/UnityEditor.QuickSearchModule:UnityEditor.Search:ASIAI0B -> (ImportResultId: '3aa6637256399a2dd36b58caa44ea6c1') in 0.0199905 seconds
[Worker0] Imported GUID: e0f8b9d001b669a43b3c9f7b90891d96 - Path: Packages/com.unity.searcher/Editor/Resources/FlatSkin/SearchSmallDownOff.png - Importer: ScriptedImporter/UnityEditor.QuickSearchModule:UnityEditor.Search:ASIAI0B -> (ImportResultId: '791f72bb569721035ebd37259a493e7b') in 0.030751 seconds
[Worker2] Imported GUID: 30dc370b164eefc43b95744fc796dad0 - Path: Packages/com.unity.searcher/Editor/Resources/FlatSkin/Font/Roboto-Regular.ttf - Importer: ScriptedImporter/UnityEditor.QuickSearchModule:UnityEditor.Search:ASIAI0B -> (ImportResultId: 'c176766fe79ca527c2b2112000f909fd') in 0.0433487 seconds
[Worker1] Imported GUID: 0c2aa48d028b3134dbbb5ceb57bff5ac - Path: Packages/com.unity.searcher/Editor/Resources/FlatSkin/SearchSmallDownOff@2x.png - Importer: ScriptedImporter/UnityEditor.QuickSearchModule:UnityEditor.Search:ASIAI0B -> (ImportResultId: '8d0baec68c8695a01105847640f81f51') in 0.0290067 seconds
[Worker0] Imported GUID: bfa722e189cafe743b7884ff1953f0b9 - Path: Packages/com.unity.render-pipelines.core/Editor/AssemblyInfo.cs - Importer: ScriptedImporter/UnityEditor.QuickSearchModule:UnityEditor.Search:ASIAI0B -> (ImportResultId: 'cbcf0ce72d1d71898e153a8214e07f47') in 0.0238542 seconds
[Worker2] Imported GUID: 432b70115e987f44abb984cfe7de384f - Path: Packages/com.unity.searcher/Tests/Editor/Unity.Searcher.EditorTests.asmdef - Importer: ScriptedImporter/UnityEditor.QuickSearchModule:UnityEditor.Search:ASIAI0B -> (ImportResultId: '1573ebbed016fbb3cb6b436d074134ef') in 0.0214231 seconds
[Worker1] Imported GUID: c82e859b16636ddd2ca4a1f63fd34938 - Path: Packages/com.unity.modules.androidjni/package.ModuleCompilationTrigger - Importer: ScriptedImporter/UnityEditor.QuickSearchModule:UnityEditor.Search:ASIAI0B -> (ImportResultId: 'a061d56c46dc4a31fd7f6dd8d3e36c21') in 0.0222983 seconds
[Worker0] Imported GUID: 4c413a81cadcce7038e446e56570117e - Path: Packages/com.unity.modules.adaptiveperformance/package.json - Importer: ScriptedImporter/UnityEditor.QuickSearchModule:UnityEditor.Search:ASIAI0B -> (ImportResultId: 'f5fa8a071843702d9f6dfd84506b7d03') in 0.0185071 seconds
[Worker2] Imported GUID: 43c28f50566f16743873791e48bdfe66 - Path: Packages/com.unity.searcher/Tests/Editor/SearcherTests.cs - Importer: ScriptedImporter/UnityEditor.QuickSearchModule:UnityEditor.Search:ASIAI0B -> (ImportResultId: '5259c1a5a04eb0fe3a5b154674973150') in 0.0204094 seconds
[Worker1] Imported GUID: 7e9fe0ff34cd022408422f6b92ad7df6 - Path: Packages/com.unity.render-pipelines.core/Editor/CoreEditorDrawers.cs - Importer: ScriptedImporter/UnityEditor.QuickSearchModule:UnityEditor.Search:ASIAI0B -> (ImportResultId: '0413bc1d5f9aa3ed14a9252a0801011b') in 0.0214485 seconds
[Worker0] Imported GUID: 44423c297b53ceb48b955e8f2335a449 - Path: Packages/com.unity.profiling.core/Runtime/ProfilerMarker2Params.cs - Importer: ScriptedImporter/UnityEditor.QuickSearchModule:UnityEditor.Search:ASIAI0B -> (ImportResultId: 'bb984a46a7b2627c598a2d0a66b1996b') in 0.0188898 seconds
[Worker2] Imported GUID: 2479a4656ed89570ebd1de1fdda3dae5 - Path: Packages/com.unity.modules.timelinefoundation/package.json - Importer: ScriptedImporter/UnityEditor.QuickSearchModule:UnityEditor.Search:ASIAI0B -> (ImportResultId: '256feaaf31f31bf8e4480950dec3e135') in 0.0216126 seconds
[Worker1] Imported GUID: c9fabbcdc8ab50c44a8112c70c67735c - Path: Packages/com.unity.render-pipelines.core/Editor/CameraEditorUtils.cs - Importer: ScriptedImporter/UnityEditor.QuickSearchModule:UnityEditor.Search:ASIAI0B -> (ImportResultId: '6d299a12e843a073d3447ad386e6fced') in 0.0199448 seconds
[Worker0] Imported GUID: 082fbee38a82835433261a5e9c00e267 - Path: Packages/com.unity.modules.cloth/package.ModuleCompilationTrigger - Importer: ScriptedImporter/UnityEditor.QuickSearchModule:UnityEditor.Search:ASIAI0B -> (ImportResultId: 'ae3c907199d65126b7763ded48a8acda') in 0.0221439 seconds
[Worker2] Imported GUID: 51fa60bb2bd1e5bc74e8cc95a7bfd5b7 - Path: Packages/com.unity.modules.ui/package.ModuleCompilationTrigger - Importer: ScriptedImporter/UnityEditor.QuickSearchModule:UnityEditor.Search:ASIAI0B -> (ImportResultId: '52e5fcd35c3c020bdf58b65bdddeddf5') in 0.0209641 seconds
[Worker1] Imported GUID: d58c38c3c63b0d245b4929c913c48643 - Path: Packages/com.unity.profiling.core/Runtime/ProfilerCounter.cs - Importer: ScriptedImporter/UnityEditor.QuickSearchModule:UnityEditor.Search:ASIAI0B -> (ImportResultId: '433a4198d006337b0d9cc9c6a5c0b8c7') in 0.020246 seconds
[Worker0] Imported GUID: ecc2633973414f6d8bbab97cf0c937b4 - Path: Packages/com.unity.render-pipelines.core/Editor/AssetDatabaseHelper.cs - Importer: ScriptedImporter/UnityEditor.QuickSearchModule:UnityEditor.Search:ASIAI0B -> (ImportResultId: '175daa706685d0bd8ba5b77f4f355325') in 0.0217038 seconds
[Worker2] Imported GUID: 2c9e05a58e554a940ae0417d8ce7384a - Path: Packages/com.unity.profiling.core/package.json - Importer: ScriptedImporter/UnityEditor.QuickSearchModule:UnityEditor.Search:ASIAI0B -> (ImportResultId: 'bef457d0ad7bb445b6ac7903dc9ff7c6') in 0.0207455 seconds
[Worker0] Imported GUID: c5b36095078d8694ba9e3ae3fd867b2e - Path: Packages/com.unity.searcher/Editor/Resources/FlatSkin/SearchSmallDownOn@2x.png - Importer: ScriptedImporter/UnityEditor.QuickSearchModule:UnityEditor.Search:ASIAI0B -> (ImportResultId: '6a5870569b199d0c5e99533cf6a6f4ee') in 0.0255511 seconds
[Worker1] Imported GUID: 19a9abb883540be48b75b951a927ae03 - Path: Packages/com.unity.searcher/Editor/Resources/FlatSkin/Font/Roboto-Thin.ttf - Importer: ScriptedImporter/UnityEditor.QuickSearchModule:UnityEditor.Search:ASIAI0B -> (ImportResultId: 'a415bb1cffd6f3718fb41921649796c6') in 0.0446033 seconds
[Worker2] Imported GUID: c839255fc8f6b4b4d90bf8c1af9f9bd1 - Path: Packages/com.unity.searcher/Editor/Resources/FlatSkin/Font/Roboto-Italic.ttf - Importer: ScriptedImporter/UnityEditor.QuickSearchModule:UnityEditor.Search:ASIAI0B -> (ImportResultId: '2dd37ed353a6756fd24935d2769e5192') in 0.0347055 seconds
[Worker2] Imported GUID: 818f5671ae3a433488eaec387a0032e1 - Path: Packages/com.unity.profiling.core/README.md - Importer: ScriptedImporter/UnityEditor.QuickSearchModule:UnityEditor.Search:ASIAI0B -> (ImportResultId: '88618b24d0033ad4fcab45a63fd88ca0') in 0.0253067 seconds
[Worker0] Imported GUID: 75497c58fb28415a98098a98e7133272 - Path: Packages/com.unity.render-pipelines.core/ValidationConfig.json - Importer: ScriptedImporter/UnityEditor.QuickSearchModule:UnityEditor.Search:ASIAI0B -> (ImportResultId: '0f0977c32f067c9dccedb2cda2a825ca') in 0.045534 seconds
[Worker1] Imported GUID: a51a3aebb43ac044989270407476b208 - Path: Packages/com.unity.searcher/Editor/Resources/FlatSkin/Font/Roboto-Medium.ttf - Importer: ScriptedImporter/UnityEditor.QuickSearchModule:UnityEditor.Search:ASIAI0B -> (ImportResultId: '4ffaaef9cb5b545c3f5ef2b1f48422b2') in 0.0441418 seconds
[Worker2] Imported GUID: c88e90bad18cceb5d182d0c805883056 - Path: Packages/com.unity.modules.director/package.ModuleCompilationTrigger - Importer: ScriptedImporter/UnityEditor.QuickSearchModule:UnityEditor.Search:ASIAI0B -> (ImportResultId: '72e08d53d5e076612a479327143aa689') in 0.0319043 seconds
[Worker0] Imported GUID: 906c12bc9cd95d3963c6d58f62522c78 - Path: Packages/com.unity.modules.cloth/package.json - Importer: ScriptedImporter/UnityEditor.QuickSearchModule:UnityEditor.Search:ASIAI0B -> (ImportResultId: 'fca759c61c8cbc58d6e1611ff8dfedb7') in 0.0327256 seconds
[Worker1] Imported GUID: 1062c701058745940ae5dca6219c64c8 - Path: Packages/com.unity.searcher/Editor/Resources/FlatSkin/Font/Roboto-Black.ttf - Importer: ScriptedImporter/UnityEditor.QuickSearchModule:UnityEditor.Search:ASIAI0B -> (ImportResultId: 'a26848882a0561425bbcdf40652366df') in 0.0358984 seconds
[Worker2] Imported GUID: dfb97a9307a577a41bcacba34b9a7e32 - Path: Packages/com.unity.searcher/Editor/Resources/FlatSkin/Font/Roboto-BoldItalic.ttf - Importer: ScriptedImporter/UnityEditor.QuickSearchModule:UnityEditor.Search:ASIAI0B -> (ImportResultId: '0c9d470d2874255ba9e3f82f6671c658') in 0.0268506 seconds
[Worker0] Imported GUID: 1af35a910338381f753e8a985eb5daab - Path: Packages/com.unity.modules.adaptiveperformance/package.ModuleCompilationTrigger - Importer: ScriptedImporter/UnityEditor.QuickSearchModule:UnityEditor.Search:ASIAI0B -> (ImportResultId: 'b26ac2a689553086f9847b86b3fc9b70') in 0.023141 seconds
[Worker1] Imported GUID: 6b64b28462013f640ac8d0ab82fe61f7 - Path: Packages/com.unity.profiling.core/Runtime/ProfilerMarkerExtensions.cs - Importer: ScriptedImporter/UnityEditor.QuickSearchModule:UnityEditor.Search:ASIAI0B -> (ImportResultId: '81675faeb3ce655921878a5798effa05') in 0.0183156 seconds
[Worker0] Imported GUID: bfd567a3d1631a761bca9e99fa53d86d - Path: Packages/com.unity.modules.ui/package.json - Importer: ScriptedImporter/UnityEditor.QuickSearchModule:UnityEditor.Search:ASIAI0B -> (ImportResultId: 'fe145fbc0d95d35ea7290421e0f643a6') in 0.015448 seconds
[Worker2] Imported GUID: 2adec19fac7df68adf1fd6eb83197bb1 - Path: Packages/com.unity.modules.wind/package.ModuleCompilationTrigger - Importer: ScriptedImporter/UnityEditor.QuickSearchModule:UnityEditor.Search:ASIAI0B -> (ImportResultId: '76cadf3a2c0fb6c6247201b8c30ed928') in 0.019248 seconds
[Worker1] Imported GUID: eefc64b67f7aad040905b2000990f5f3 - Path: Packages/com.unity.render-pipelines.core/THIRD PARTY NOTICES.md - Importer: ScriptedImporter/UnityEditor.QuickSearchModule:UnityEditor.Search:ASIAI0B -> (ImportResultId: '015cf62c3c61dc60d8b9e2679c32cbaa') in 0.0176183 seconds
[Worker0] Imported GUID: 753d1ac2429a21a44ac5f937cbbb409f - Path: Packages/com.unity.render-pipelines.core/package.json - Importer: ScriptedImporter/UnityEditor.QuickSearchModule:UnityEditor.Search:ASIAI0B -> (ImportResultId: '724d9ac7ac10fcc2311169c6bd2bdab4') in 0.0187355 seconds
[Worker2] Imported GUID: b55ea781ffec78245a85c7b70fefee48 - Path: Packages/com.unity.render-pipelines.core/Editor/ContextualMenuDispatcher.cs - Importer: ScriptedImporter/UnityEditor.QuickSearchModule:UnityEditor.Search:ASIAI0B -> (ImportResultId: '71635294e32e02e8816efed06f5f48ee') in 0.0172764 seconds
[Worker1] Imported GUID: d93c1bc57fdf1ac4dad1bf04fac05464 - Path: Packages/com.unity.searcher/Editor/Resources/FlatSkin/Font/Roboto-MediumItalic.ttf - Importer: ScriptedImporter/UnityEditor.QuickSearchModule:UnityEditor.Search:ASIAI0B -> (ImportResultId: 'd069b78bc6793972d63c38290adc77d9') in 0.0267607 seconds
[Worker2] Imported GUID: 744ceabda269e6c469964dda8c490d0d - Path: Packages/com.unity.render-pipelines.core/Editor/CoreEditorUtils.cs - Importer: ScriptedImporter/UnityEditor.QuickSearchModule:UnityEditor.Search:ASIAI0B -> (ImportResultId: 'dcad43ce1922e1400511abb48fe6f58b') in 0.0206426 seconds
[Worker0] Imported GUID: e4bb7558d4e98ad4c938246fe549cdb7 - Path: Packages/com.unity.profiling.core/Runtime/ProfilerMarker3Params.cs - Importer: ScriptedImporter/UnityEditor.QuickSearchModule:UnityEditor.Search:ASIAI0B -> (ImportResultId: '355f7d501b04637b514fc25075a63ac9') in 0.0226589 seconds
[Worker1] Imported GUID: 1c13e3f9217a6854ebb4d5d716b60103 - Path: Packages/com.unity.render-pipelines.core/Editor/CoreRenderPipelinePreferences.cs - Importer: ScriptedImporter/UnityEditor.QuickSearchModule:UnityEditor.Search:ASIAI0B -> (ImportResultId: '6fe227ccc92a405bf394c75b6e842979') in 0.0173184 seconds
[Worker2] Imported GUID: a68889b608ba2d247920c6b4983df6f1 - Path: Packages/com.unity.render-pipelines.core/Editor/EditorPrefBool.cs - Importer: ScriptedImporter/UnityEditor.QuickSearchModule:UnityEditor.Search:ASIAI0B -> (ImportResultId: '5123d47ebf2ebac0c95388a7f2f12b02') in 0.020327 seconds
[Worker0] Imported GUID: 95c99c8ac2d65fa47bac0cb1ba756978 - Path: Packages/com.unity.searcher/Tests/Editor/SearcherTreeUtilityTests.cs - Importer: ScriptedImporter/UnityEditor.QuickSearchModule:UnityEditor.Search:ASIAI0B -> (ImportResultId: '1e4dd0821700b67dd4bce696d9c7f683') in 0.0201612 seconds
[Worker1] Imported GUID: ec02776fe29df900b897106d61977735 - Path: Packages/com.unity.modules.director/package.json - Importer: ScriptedImporter/UnityEditor.QuickSearchModule:UnityEditor.Search:ASIAI0B -> (ImportResultId: '88f1eb7b9d5da2b238ead4150e5bcd8a') in 0.0201731 seconds
[Worker2] Imported GUID: 71e7167b55a3448b38774a3bb6e05bac - Path: Packages/com.unity.modules.timelinefoundation/package.ModuleCompilationTrigger - Importer: ScriptedImporter/UnityEditor.QuickSearchModule:UnityEditor.Search:ASIAI0B -> (ImportResultId: '5355b9ad99314437760e6375fc14ee24') in 0.0216945 seconds
[Worker0] Imported GUID: bd1af0a6633ee94ae21c7d1d702cdc12 - Path: Packages/com.unity.modules.androidjni/package.json - Importer: ScriptedImporter/UnityEditor.QuickSearchModule:UnityEditor.Search:ASIAI0B -> (ImportResultId: 'ecf6cd44a7434cc10b844c989093a959') in 0.022409 seconds
[Worker1] Imported GUID: 2a29e27936eb547458f646f71125b264 - Path: Packages/com.unity.searcher/Editor/Resources/FlatSkin/Font/Roboto-Light.ttf - Importer: ScriptedImporter/UnityEditor.QuickSearchModule:UnityEditor.Search:ASIAI0B -> (ImportResultId: '391c04732def179799a35e1e8c0b9afb') in 0.0307931 seconds
[Worker2] Imported GUID: ccb80ec401f643340bbf9917e0af44a6 - Path: Packages/com.unity.profiling.core/Runtime/ProfilerCategory.cs - Importer: ScriptedImporter/UnityEditor.QuickSearchModule:UnityEditor.Search:ASIAI0B -> (ImportResultId: '98bd563780835dcfd3917680a0950a62') in 0.021506 seconds
[Worker0] Imported GUID: f353e9d22eb9164499dd70cb41b00244 - Path: Packages/com.unity.searcher/Editor/Resources/FlatSkin/SearchSmallDownOn.png - Importer: ScriptedImporter/UnityEditor.QuickSearchModule:UnityEditor.Search:ASIAI0B -> (ImportResultId: 'ee5631f62ad201df607ce7ff535098cf') in 0.0273748 seconds
[Worker1] Imported GUID: 2e78621c9df5d0b4d884d48b1ded36c8 - Path: Packages/com.unity.render-pipelines.core/Editor/BuildTargetExtensions.cs - Importer: ScriptedImporter/UnityEditor.QuickSearchModule:UnityEditor.Search:ASIAI0B -> (ImportResultId: '235fa3184bcb54351ce98d761b282bec') in 0.021679 seconds
[Worker2] Imported GUID: 6e199542932514047864b6e8dcd90aa0 - Path: Packages/com.unity.render-pipelines.core/Editor/Deprecated.cs - Importer: ScriptedImporter/UnityEditor.QuickSearchModule:UnityEditor.Search:ASIAI0B -> (ImportResultId: '1427707138d2522ca828a71a9339c523') in 0.0220998 seconds
[Worker0] Imported GUID: b83f06ac0c0696e9563230865ca72b81 - Path: Packages/com.unity.modules.wind/package.json - Importer: ScriptedImporter/UnityEditor.QuickSearchModule:UnityEditor.Search:ASIAI0B -> (ImportResultId: '620f00dfa3ea65f681b7633fac7656b9') in 0.0230507 seconds
[Worker2] Imported GUID: 1b295eb0210f546b2aaadf61ee8b7a0f - Path: Packages/com.unity.searcher/Tests/Editor/SearcherLabelStyleTests.cs - Importer: ScriptedImporter/UnityEditor.QuickSearchModule:UnityEditor.Search:ASIAI0B -> (ImportResultId: 'ffb9c3fdc8223139540dec564375dc2c') in 0.0206504 seconds
[Worker0] Imported GUID: 25e51d27b4c8c4a1c995c955405fbb3f - Path: Packages/com.unity.searcher/Tests/Editor/SearcherItemCollectionEquivalentConstraint.cs - Importer: ScriptedImporter/UnityEditor.QuickSearchModule:UnityEditor.Search:ASIAI0B -> (ImportResultId: 'b2213937d4ac653b637a6636dc281f2c') in 0.0198144 seconds
[Worker1] Imported GUID: b2ea3b3f1765e544b9eb5bd1a93a91ce - Path: Packages/com.unity.searcher/Editor/Resources/FlatSkin/Font/Roboto-ThinItalic.ttf - Importer: ScriptedImporter/UnityEditor.QuickSearchModule:UnityEditor.Search:ASIAI0B -> (ImportResultId: 'aac3745d34a6eb483059ea9f5f136757') in 0.0301686 seconds
[Worker2] Imported GUID: 3750c318f40cab44a97d3a81beaefeb3 - Path: Packages/com.unity.searcher/Editor/Resources/FlatSkin/Font/Roboto-Bold.ttf - Importer: ScriptedImporter/UnityEditor.QuickSearchModule:UnityEditor.Search:ASIAI0B -> (ImportResultId: '57291f5d4139ad63b1e290c96afb038e') in 0.0282229 seconds
[Worker1] Imported GUID: 3fc8749a5a33bb94aaca8a1ece0d20eb - Path: Packages/com.unity.profiling.core/Runtime/ProfilerCounterValue.cs - Importer: ScriptedImporter/UnityEditor.QuickSearchModule:UnityEditor.Search:ASIAI0B -> (ImportResultId: '3bd359fd5ec382ea363fdc7f27339999') in 0.0198565 seconds
[Worker0] Imported GUID: 20456a2cc8a214f9d9846725cff9fea4 - Path: Packages/com.unity.render-pipelines.core/CHANGELOG.md - Importer: ScriptedImporter/UnityEditor.QuickSearchModule:UnityEditor.Search:ASIAI0B -> (ImportResultId: 'be59708747fd3d1c6d8c00e053a3b332') in 0.0253647 seconds
[Worker1] Imported GUID: ec67f3c00433a81428ae8331f3a1c0fe - Path: Packages/com.unity.profiling.core/Runtime/ProfilerUtility.cs - Importer: ScriptedImporter/UnityEditor.QuickSearchModule:UnityEditor.Search:ASIAI0B -> (ImportResultId: 'c19acaff7856020af7410affb66e8c7d') in 0.0171545 seconds
[Worker2] Imported GUID: d171e58a276f671498761bef2a559e96 - Path: Packages/com.unity.profiling.core/CHANGELOG.md - Importer: ScriptedImporter/UnityEditor.QuickSearchModule:UnityEditor.Search:ASIAI0B -> (ImportResultId: '433b9ac33dff27f22904d4bce80fb7bc') in 0.0194535 seconds
[Worker0] Imported GUID: f95147a9bab9fe649b8070170fa7ebd2 - Path: Packages/com.unity.searcher/Editor/Resources/FlatSkin/Font/Roboto-BlackItalic.ttf - Importer: ScriptedImporter/UnityEditor.QuickSearchModule:UnityEditor.Search:ASIAI0B -> (ImportResultId: 'e4824a5ecae5554013cc97cd58302019') in 0.0262071 seconds
[Worker1] Imported GUID: ba4b5cdf8466e485ab792e0e4e45af25 - Path: Packages/com.unity.render-pipelines.core/LICENSE.md - Importer: ScriptedImporter/UnityEditor.QuickSearchModule:UnityEditor.Search:ASIAI0B -> (ImportResultId: '3a14d97b5ff7849c4aa474b4c03a5aca') in 0.0181423 seconds
[Worker2] Imported GUID: b46779583a009f04ba9f5f31d0e7e6ac - Path: Packages/com.unity.profiling.core/Runtime/Unity.Profiling.Core.asmdef - Importer: ScriptedImporter/UnityEditor.QuickSearchModule:UnityEditor.Search:ASIAI0B -> (ImportResultId: '84e5f3b6ff99d60917ae21d102e80a3c') in 0.0185818 seconds
[Worker0] Imported GUID: b06473c622f844540bd141fc0efae169 - Path: Packages/com.unity.render-pipelines.core/ShaderLibrary/HDROutput.hlsl - Importer: ScriptedImporter/UnityEditor.QuickSearchModule:UnityEditor.Search:ASIAI0B -> (ImportResultId: 'fdb2aa8458de1160479a2245974c29c8') in 0.0320904 seconds
[Worker2] Imported GUID: d7414e735eb09cd40855d8142a1c2e18 - Path: Packages/com.unity.render-pipelines.core/ShaderLibrary/MetaPass.hlsl - Importer: ScriptedImporter/UnityEditor.QuickSearchModule:UnityEditor.Search:ASIAI0B -> (ImportResultId: 'a02144c2993104c51f1f445f53e1504a') in 0.0337254 seconds
[Worker1] Imported GUID: df380645f10b7bc4b97d4f5eb6303d95 - Path: Packages/com.unity.render-pipelines.core/Runtime/Unity.RenderPipelines.Core.Runtime.asmdef - Importer: ScriptedImporter/UnityEditor.QuickSearchModule:UnityEditor.Search:ASIAI0B -> (ImportResultId: '01492652f7b5b4539df2d45a643bbb7a') in 0.0949963 seconds
[Worker0] Imported GUID: 49883cc3d16fa0241a1c9114ce9a1f64 - Path: Packages/com.unity.render-pipelines.core/ShaderLibrary/DynamicScalingClamping.hlsl - Importer: ScriptedImporter/UnityEditor.QuickSearchModule:UnityEditor.Search:ASIAI0B -> (ImportResultId: 'f684d4f5e1f4dff654a89be9be18f8f9') in 0.0489432 seconds
[Worker1] Imported GUID: 097dbb6933d598544930378228f8b423 - Path: Packages/com.unity.render-pipelines.core/Editor/ICoreRenderPipelinePreferencesProvider.cs - Importer: ScriptedImporter/UnityEditor.QuickSearchModule:UnityEditor.Search:ASIAI0B -> (ImportResultId: 'dcbf07666fd608e2955eb5b631e6f6fb') in 0.0207887 seconds
[Worker2] Imported GUID: a1a94b80a0038af4484e8122c5df419e - Path: Packages/com.unity.render-pipelines.core/ShaderLibrary/AmbientProbe.hlsl - Importer: ScriptedImporter/UnityEditor.QuickSearchModule:UnityEditor.Search:ASIAI0B -> (ImportResultId: '0f8c125c2975b9f8fde28925fd18c5ea') in 0.0629193 seconds
[Worker0] Imported GUID: ff2f0d78f272b5c44b855dddaef79593 - Path: Packages/com.unity.render-pipelines.core/ShaderLibrary/Particles.hlsl - Importer: ScriptedImporter/UnityEditor.QuickSearchModule:UnityEditor.Search:ASIAI0B -> (ImportResultId: 'dc610657d009b62b6de2d5388eb09f87') in 0.0256167 seconds
[Worker2] Imported GUID: af2a485654b7642d987c8758da936d55 - Path: Packages/com.unity.render-pipelines.core/Runtime/AssemblyInfo.cs - Importer: ScriptedImporter/UnityEditor.QuickSearchModule:UnityEditor.Search:ASIAI0B -> (ImportResultId: 'b69dc440be090a8258f8f3655a64e3c6') in 0.0253505 seconds
[Worker1] Imported GUID: 79c765f4c876d8a4d8eb62cbea32f21b - Path: Packages/com.unity.render-pipelines.core/Runtime-PrivateShared/OnTileValidationLayer.cs - Importer: ScriptedImporter/UnityEditor.QuickSearchModule:UnityEditor.Search:ASIAI0B -> (ImportResultId: 'b679a32fa18b03b3f489a4dab0a92397') in 0.0278879 seconds
[Worker0] Imported GUID: ae4dc0bfd9fc0b544a109513ba841d30 - Path: Packages/com.unity.render-pipelines.core/ShaderLibrary/ImageBasedLighting.hlsl - Importer: ScriptedImporter/UnityEditor.QuickSearchModule:UnityEditor.Search:ASIAI0B -> (ImportResultId: '6b076a463815162e1c253ae5c1098dc7') in 0.0176169 seconds
[Worker2] Imported GUID: db823efdb635ec84d8ecae05788f8143 - Path: Packages/com.unity.render-pipelines.core/Editor/EditorWindowWithHelpButton.cs - Importer: ScriptedImporter/UnityEditor.QuickSearchModule:UnityEditor.Search:ASIAI0B -> (ImportResultId: 'ae5892f60330fad6d8e142f955e27eaf') in 0.0181134 seconds
[Worker1] Imported GUID: eebfba22df48acf4b978d98000cb10e6 - Path: Packages/com.unity.render-pipelines.core/ShaderLibrary/GeometricTools.hlsl - Importer: ScriptedImporter/UnityEditor.QuickSearchModule:UnityEditor.Search:ASIAI0B -> (ImportResultId: '472e2378230871554e39d7f50b90d194') in 0.01933 seconds
[Worker0] Imported GUID: f36f5598be293c04db2a21f9e7463518 - Path: Packages/com.unity.render-pipelines.core/ShaderLibrary/FoveatedRendering.hlsl - Importer: ScriptedImporter/UnityEditor.QuickSearchModule:UnityEditor.Search:ASIAI0B -> (ImportResultId: '71af36940c9b54e3cf88b4df60d5c23c') in 0.0170597 seconds
[Worker1] Imported GUID: 867080e20dd74324299ec0ac8f95d246 - Path: Packages/com.unity.render-pipelines.core/Editor/SerializedPropertyExtension.cs - Importer: ScriptedImporter/UnityEditor.QuickSearchModule:UnityEditor.Search:ASIAI0B -> (ImportResultId: '6178611db099aeff6e92a421259900cf') in 0.0170669 seconds
[Worker2] Imported GUID: 73b08ea164ce48f382a510231156102f - Path: Packages/com.unity.render-pipelines.core/ShaderLibrary/MostRepresentativePoint.hlsl - Importer: ScriptedImporter/UnityEditor.QuickSearchModule:UnityEditor.Search:ASIAI0B -> (ImportResultId: '7dd466ba38115e2670f8def9e4007da9') in 0.0205213 seconds
[Worker0] Imported GUID: 2a69708d171a17043a9d0ad45f205cfe - Path: Packages/com.unity.render-pipelines.core/Editor-PrivateShared/Unity.RenderPipelines.Core.Editor.Shared.asmdef - Importer: ScriptedImporter/UnityEditor.QuickSearchModule:UnityEditor.Search:ASIAI0B -> (ImportResultId: 'ad1609f87848423408ecdacfcb96eeea') in 0.0217509 seconds
[Worker2] Imported GUID: 81243a379b2b06849987da115b6e86f6 - Path: Packages/com.unity.render-pipelines.core/Editor/RelativePropertiesDrawer.cs - Importer: ScriptedImporter/UnityEditor.QuickSearchModule:UnityEditor.Search:ASIAI0B -> (ImportResultId: 'beacf74a6e37adf9c164e1ca6eeeb5b7') in 0.0196787 seconds
[Worker1] Imported GUID: 685e2bdf0a1b418cb068a423e3347aba - Path: Packages/com.unity.render-pipelines.core/Runtime-PrivateShared/InternalRenderPipelineGlobalSettingsUtils.cs - Importer: ScriptedImporter/UnityEditor.QuickSearchModule:UnityEditor.Search:ASIAI0B -> (ImportResultId: '39e5db51a69e4ad5e926e23cada3b8f6') in 0.0212441 seconds
[Worker0] Imported GUID: 0986d558af63ed0418f7eb24eeaa2308 - Path: Packages/com.unity.render-pipelines.core/ShaderLibrary/DebugMipmapStreamingMacros.hlsl - Importer: ScriptedImporter/UnityEditor.QuickSearchModule:UnityEditor.Search:ASIAI0B -> (ImportResultId: '5599cc16185b5d4309247d059255271a') in 0.0215671 seconds
[Worker2] Imported GUID: c32bc6ee3c5a47b5829b4db408c79d3b - Path: Packages/com.unity.render-pipelines.core/ShaderLibrary/FoveatedRenderingKeywords.hlsl - Importer: ScriptedImporter/UnityEditor.QuickSearchModule:UnityEditor.Search:ASIAI0B -> (ImportResultId: '727ecd86215ef2e355b286acc9bbcc1b') in 0.0206711 seconds
[Worker1] Imported GUID: 1f4f20df9923ed04ea15d89f8456b8f0 - Path: Packages/com.unity.render-pipelines.core/Editor/ExpandedState.cs - Importer: ScriptedImporter/UnityEditor.QuickSearchModule:UnityEditor.Search:ASIAI0B -> (ImportResultId: '7c3edaaafd76fc6a5a7dab58842d77f8') in 0.020618 seconds
[Worker0] Imported GUID: 54ca0b3b7814f804aac1450b38477c74 - Path: Packages/com.unity.render-pipelines.core/ShaderLibrary/Filtering.hlsl - Importer: ScriptedImporter/UnityEditor.QuickSearchModule:UnityEditor.Search:ASIAI0B -> (ImportResultId: 'b006ff2f59addb52f429a5e343534a97') in 0.0190545 seconds
[Worker2] Imported GUID: 1f766cc928a2d60469867f03d60c9f01 - Path: Packages/com.unity.render-pipelines.core/Editor/EditorPrefBoolFlags.cs - Importer: ScriptedImporter/UnityEditor.QuickSearchModule:UnityEditor.Search:ASIAI0B -> (ImportResultId: 'e3bb47c53581d9b00f741704ba9a95f4') in 0.0203721 seconds
[Worker1] Imported GUID: a85db80be6def144e938df4cbf0d1aa6 - Path: Packages/com.unity.render-pipelines.core/ShaderLibrary/CommonShadow.hlsl - Importer: ScriptedImporter/UnityEditor.QuickSearchModule:UnityEditor.Search:ASIAI0B -> (ImportResultId: '0cbbc2e95c93e5980ebfdcdf43e3849a') in 0.0211452 seconds
[Worker0] Imported GUID: 540178d5ddc29e74da771e38536aee22 - Path: Packages/com.unity.render-pipelines.core/ShaderLibrary/CommonMaterial.hlsl - Importer: ScriptedImporter/UnityEditor.QuickSearchModule:UnityEditor.Search:ASIAI0B -> (ImportResultId: '36d18468caeddd63d03b08d46166a316') in 0.0204823 seconds
[Worker2] Imported GUID: ca3a5025616550a40816a5272a4f7631 - Path: Packages/com.unity.render-pipelines.core/ShaderLibrary/CommonDeprecated.hlsl - Importer: ScriptedImporter/UnityEditor.QuickSearchModule:UnityEditor.Search:ASIAI0B -> (ImportResultId: '6d54952ff093a80c83feff2f3e70260f') in 0.0198577 seconds
[Worker1] Imported GUID: 90f3145f58b7eb44cb4252ac2a3ab258 - Path: Packages/com.unity.render-pipelines.core/ShaderLibrary/Debug.hlsl - Importer: ScriptedImporter/UnityEditor.QuickSearchModule:UnityEditor.Search:ASIAI0B -> (ImportResultId: '9c68a387f7d97cdc890fd6d839500811') in 0.0184142 seconds
[Worker0] Imported GUID: b6ff088bebec9f941ae19a0086e4f097 - Path: Packages/com.unity.render-pipelines.core/ShaderLibrary/NormalSurfaceGradient.hlsl - Importer: ScriptedImporter/UnityEditor.QuickSearchModule:UnityEditor.Search:ASIAI0B -> (ImportResultId: '1ef1c0c447851b6f6613205a3891b0db') in 0.0169789 seconds
[Worker2] Imported GUID: 024209fcf73c38243ae3b71c8955f187 - Path: Packages/com.unity.render-pipelines.core/ShaderLibrary/DynamicScaling.hlsl - Importer: ScriptedImporter/UnityEditor.QuickSearchModule:UnityEditor.Search:ASIAI0B -> (ImportResultId: '42cd384fe81661474e07f6da99ca5443') in 0.0189264 seconds
[Worker1] Imported GUID: 18baba7656dce1149bf3937e025993fa - Path: Packages/com.unity.render-pipelines.core/Editor-PrivateShared/AssemblyInfo.cs - Importer: ScriptedImporter/UnityEditor.QuickSearchModule:UnityEditor.Search:ASIAI0B -> (ImportResultId: '06fa13a4f809672e30fafee831a8af07') in 0.0212752 seconds
[Worker0] Imported GUID: b52d68e305b98a94bac88855d8ea5936 - Path: Packages/com.unity.render-pipelines.core/ShaderLibrary/ACES.hlsl - Importer: ScriptedImporter/UnityEditor.QuickSearchModule:UnityEditor.Search:ASIAI0B -> (ImportResultId: '3886b735902a1e30961ac9cb0d478d93') in 0.0233659 seconds
[Worker2] Imported GUID: 0303be75670325342b4bf5697686e77b - Path: Packages/com.unity.render-pipelines.core/ShaderLibrary/EntityLighting.hlsl - Importer: ScriptedImporter/UnityEditor.QuickSearchModule:UnityEditor.Search:ASIAI0B -> (ImportResultId: '79d787c78d898151cb6370032563328a') in 0.0234995 seconds
[Worker1] Imported GUID: ba62ac0daafb8324aa0a8eee2a7ad4b1 - Path: Packages/com.unity.render-pipelines.core/Editor/RemoveComponentUtils.cs - Importer: ScriptedImporter/UnityEditor.QuickSearchModule:UnityEditor.Search:ASIAI0B -> (ImportResultId: '9d564eb11bbf4cbb8e5bf9d009bb565d') in 0.0233097 seconds
[Worker0] Imported GUID: 4313d5ae39aaa114ba2110046960b238 - Path: Packages/com.unity.render-pipelines.core/ShaderLibrary/ParticlesInstancing.hlsl - Importer: ScriptedImporter/UnityEditor.QuickSearchModule:UnityEditor.Search:ASIAI0B -> (ImportResultId: '1a2d995a06c0f5ccf23e0010b0166c00') in 0.0286182 seconds
[Worker2] Imported GUID: cf0dc9ad57fcb8e4d9ca1c9798d5f270 - Path: Packages/com.unity.render-pipelines.core/Editor/QuaternionPropertyDrawer.cs - Importer: ScriptedImporter/UnityEditor.QuickSearchModule:UnityEditor.Search:ASIAI0B -> (ImportResultId: '340dd5f31078175031aa516472c8b118') in 0.0192429 seconds
[Worker1] Imported GUID: 1a3082304c157aa4caeb17ce08992833 - Path: Packages/com.unity.render-pipelines.core/Runtime-PrivateShared/InternalRenderGraphValidation.cs - Importer: ScriptedImporter/UnityEditor.QuickSearchModule:UnityEditor.Search:ASIAI0B -> (ImportResultId: 'f0bf647a020dbda951aab3cd02838cad') in 0.0178318 seconds
[Worker0] Imported GUID: 513fb6069b4efa74ea0f21f894eed362 - Path: Packages/com.unity.render-pipelines.core/Editor/InspectorCurveEditor.cs - Importer: ScriptedImporter/UnityEditor.QuickSearchModule:UnityEditor.Search:ASIAI0B -> (ImportResultId: 'e2a0fbd4b33ce97a47df72ebc022cf2a') in 0.0202902 seconds
[Worker1] Imported GUID: 37dd9d7e334016b42b990e47ccd58688 - Path: Packages/com.unity.render-pipelines.core/Editor/HeaderFoldout.cs - Importer: ScriptedImporter/UnityEditor.QuickSearchModule:UnityEditor.Search:ASIAI0B -> (ImportResultId: '8c976a283960b1ff42537427b7e9a985') in 0.0194567 seconds
[Worker2] Imported GUID: 016ffaaf36db9a047ab182ffa07bb8de - Path: Packages/com.unity.render-pipelines.core/Editor/MenuManager.cs - Importer: ScriptedImporter/UnityEditor.QuickSearchModule:UnityEditor.Search:ASIAI0B -> (ImportResultId: '7a6bdebf6b0de0ed4c5dd032a09f846c') in 0.0212743 seconds
[Worker2] Imported GUID: 47ecc1e1971024be4a44aa322690660e - Path: Packages/com.unity.render-pipelines.core/ShaderLibrary/GlobalSamplers.hlsl - Importer: ScriptedImporter/UnityEditor.QuickSearchModule:UnityEditor.Search:ASIAI0B -> (ImportResultId: '05b62e0a905ab8f997cafe865ba1fe23') in 0.0167392 seconds
[Worker0] Imported GUID: 6300b0e79f5d15e499b9d6b5d23ca01b - Path: Packages/com.unity.render-pipelines.core/ShaderLibrary/Macros.hlsl - Importer: ScriptedImporter/UnityEditor.QuickSearchModule:UnityEditor.Search:ASIAI0B -> (ImportResultId: '8ed1580efb965df0d0438a2a66c1a837') in 0.0210975 seconds
[Worker1] Imported GUID: 5eb5e8e99ae281342bae5c7b296b3ae3 - Path: Packages/com.unity.render-pipelines.core/ShaderLibrary/BSDF.hlsl - Importer: ScriptedImporter/UnityEditor.QuickSearchModule:UnityEditor.Search:ASIAI0B -> (ImportResultId: '21d1c65db67a819c38dbda46908ea105') in 0.0194259 seconds
[Worker0] Imported GUID: 0e625d3de4b77c14b9a31bc7b56dfde7 - Path: Packages/com.unity.render-pipelines.core/ShaderLibrary/DummyShaderLibrary.cs - Importer: ScriptedImporter/UnityEditor.QuickSearchModule:UnityEditor.Search:ASIAI0B -> (ImportResultId: '83fee5c8e27455a62b4005865b49cb81') in 0.0151897 seconds
[Worker2] Imported GUID: 9fede799a67b40b2a294892639a80b13 - Path: Packages/com.unity.render-pipelines.core/ShaderLibrary/Coverage.hlsl - Importer: ScriptedImporter/UnityEditor.QuickSearchModule:UnityEditor.Search:ASIAI0B -> (ImportResultId: 'd7ffef72fb1f4fef06ba82499a364d6a') in 0.0209163 seconds
[Worker1] Imported GUID: ceca756b5672512428f0467bbec8bd68 - Path: Packages/com.unity.render-pipelines.core/Editor/RemoveAdditionalDataUtils.cs - Importer: ScriptedImporter/UnityEditor.QuickSearchModule:UnityEditor.Search:ASIAI0B -> (ImportResultId: '50d250655bff111b0143f88932bd56fc') in 0.0216067 seconds
[Worker0] Imported GUID: 38b347b69c1c6df4eab3367bbdbc6ac0 - Path: Packages/com.unity.render-pipelines.core/Runtime/Documentation.cs - Importer: ScriptedImporter/UnityEditor.QuickSearchModule:UnityEditor.Search:ASIAI0B -> (ImportResultId: '195e1dba3eb009126e4555056c3b3eb0') in 0.0222843 seconds
[Worker2] Imported GUID: ad629edbad34c1c45afea3021c1553c8 - Path: Packages/com.unity.render-pipelines.core/ShaderLibrary/Packing.hlsl - Importer: ScriptedImporter/UnityEditor.QuickSearchModule:UnityEditor.Search:ASIAI0B -> (ImportResultId: 'dfaaa9cb4eb7cc096feea57412b7aefb') in 0.022968 seconds
[Worker1] Imported GUID: 27d419a4917d0ea49978c236e058d464 - Path: Packages/com.unity.render-pipelines.core/ShaderLibrary/BC6H.hlsl - Importer: ScriptedImporter/UnityEditor.QuickSearchModule:UnityEditor.Search:ASIAI0B -> (ImportResultId: '59823755b81b92669912e0af48e2de90') in 0.0245307 seconds
[Worker0] Imported GUID: 69257879134bba646869b21467b3338d - Path: Packages/com.unity.render-pipelines.core/Runtime-PrivateShared/Unity.RenderPipelines.Core.Runtime.Shared.asmdef - Importer: ScriptedImporter/UnityEditor.QuickSearchModule:UnityEditor.Search:ASIAI0B -> (ImportResultId: 'cc343a0fccd7f524ac8fa1340d63cfbb') in 0.0194961 seconds
[Worker2] Imported GUID: 6d0a880f74935174ba1b7fb044ed6afe - Path: Packages/com.unity.render-pipelines.core/Runtime-PrivateShared/AssemblyInfo.cs - Importer: ScriptedImporter/UnityEditor.QuickSearchModule:UnityEditor.Search:ASIAI0B -> (ImportResultId: '5824c1539fb720835ab2b74ddf16f7cb') in 0.0248131 seconds
[Worker1] Imported GUID: 0bf6c7395c05c624d92ebdff0dcc1a61 - Path: Packages/com.unity.render-pipelines.core/ShaderLibrary/Hashes.hlsl - Importer: ScriptedImporter/UnityEditor.QuickSearchModule:UnityEditor.Search:ASIAI0B -> (ImportResultId: '1b368ef91e5fdc762b4e9cc2a436c90c') in 0.0223345 seconds
[Worker0] Imported GUID: c6976b17260ed7d4ca3810ae8488f67f - Path: Packages/com.unity.render-pipelines.core/ShaderLibrary/ParallaxMapping.hlsl - Importer: ScriptedImporter/UnityEditor.QuickSearchModule:UnityEditor.Search:ASIAI0B -> (ImportResultId: '8935afd953c8aee804f391d0d3d6ced2') in 0.0219037 seconds
[Worker2] Imported GUID: c5520328ccc5d6c4e8a923677cbb21cf - Path: Packages/com.unity.render-pipelines.core/ShaderLibrary/GraniteShaderLibBase.hlsl - Importer: ScriptedImporter/UnityEditor.QuickSearchModule:UnityEditor.Search:ASIAI0B -> (ImportResultId: 'c05cae631d742218e55dacb6da7b0f65') in 0.0204308 seconds
[Worker1] Imported GUID: 2d88aa45be83f6b4abd463321da9123e - Path: Packages/com.unity.render-pipelines.core/Editor/StringExtensions.cs - Importer: ScriptedImporter/UnityEditor.QuickSearchModule:UnityEditor.Search:ASIAI0B -> (ImportResultId: '40ad77f0a28dac9602195f5a358779c8') in 0.0189638 seconds
[Worker0] Imported GUID: 369a40fd4db19d048ad2cf161cc89fcd - Path: Packages/com.unity.render-pipelines.core/ShaderLibrary/DebugMipmapStreaming.hlsl - Importer: ScriptedImporter/UnityEditor.QuickSearchModule:UnityEditor.Search:ASIAI0B -> (ImportResultId: 'fe6834519c663b2fcc52706ce2280a51') in 0.0217029 seconds
[Worker2] Imported GUID: 93bbf250faa37d446990b9501e7fb7e8 - Path: Packages/com.unity.render-pipelines.core/ShaderLibrary/CommonLighting.hlsl - Importer: ScriptedImporter/UnityEditor.QuickSearchModule:UnityEditor.Search:ASIAI0B -> (ImportResultId: '338d5e486e7441a53d608ca320762c01') in 0.0232771 seconds
[Worker1] Imported GUID: a57f9f83ea626ae45b402953fe637268 - Path: Packages/com.unity.render-pipelines.core/ShaderLibrary/Common.hlsl - Importer: ScriptedImporter/UnityEditor.QuickSearchModule:UnityEditor.Search:ASIAI0B -> (ImportResultId: 'c4f190deb709990c640ce4c0987c5c8a') in 0.0228443 seconds
[Worker0] Imported GUID: 23284bbc36146a94995a8a08e61f4e73 - Path: Packages/com.unity.render-pipelines.core/ShaderLibrary/Color.hlsl - Importer: ScriptedImporter/UnityEditor.QuickSearchModule:UnityEditor.Search:ASIAI0B -> (ImportResultId: 'f4783ab2c68ffea4adc80abbd200079b') in 0.0221087 seconds
[Worker2] Imported GUID: 0b8314d0f3bbae546ac915cd6e3c6ddc - Path: Packages/com.unity.render-pipelines.core/Runtime/Deprecated.cs - Importer: ScriptedImporter/UnityEditor.QuickSearchModule:UnityEditor.Search:ASIAI0B -> (ImportResultId: '7be7e91c608a44c82bab216ca588ca49') in 0.0200473 seconds
[Worker1] Imported GUID: e1dbde6eddba87f4ea272a5d3af5b7ac - Path: Packages/com.unity.render-pipelines.core/Editor/FilterWindow.cs - Importer: ScriptedImporter/UnityEditor.QuickSearchModule:UnityEditor.Search:ASIAI0B -> (ImportResultId: '8f57db3f33a9d2698716fd907f62479f') in 0.0222736 seconds
[Worker0] Imported GUID: ac00489121556c741bc0e67dfb460a8e - Path: Packages/com.unity.render-pipelines.core/Editor/PropertyFetcher.cs - Importer: ScriptedImporter/UnityEditor.QuickSearchModule:UnityEditor.Search:ASIAI0B -> (ImportResultId: '267216957388795ee87286c39d223f50') in 0.0208718 seconds
[Worker2] Imported GUID: 2af09bb13e6547242913c40dfb0e50f9 - Path: Packages/com.unity.render-pipelines.core/ShaderLibrary/AreaLighting.hlsl - Importer: ScriptedImporter/UnityEditor.QuickSearchModule:UnityEditor.Search:ASIAI0B -> (ImportResultId: '004dd4012acc1c4ba54576498447e4cf') in 0.0177633 seconds
[Worker1] Imported GUID: 3eae0364be2026648bf74846acb8a731 - Path: Packages/com.unity.render-pipelines.core/Editor/Unity.RenderPipelines.Core.Editor.asmdef - Importer: ScriptedImporter/UnityEditor.QuickSearchModule:UnityEditor.Search:ASIAI0B -> (ImportResultId: '995d091a2d8233f2b70e30fb679dd320') in 0.0225538 seconds
[Worker0] Imported GUID: 72fc1f568d054a98b8831b44d24b09cc - Path: Packages/com.unity.render-pipelines.core/Runtime-PrivateShared/DebugUIUtilities.cs - Importer: ScriptedImporter/UnityEditor.QuickSearchModule:UnityEditor.Search:ASIAI0B -> (ImportResultId: '64b5ee85c61be9f802fcd069f10da9e4') in 0.0216046 seconds
[Worker1] Imported GUID: 6f22d4e29906d3c47892e0c92874b752 - Path: Packages/com.unity.render-pipelines.core/ShaderLibrary/VirtualTexturing.hlsl - Importer: ScriptedImporter/UnityEditor.QuickSearchModule:UnityEditor.Search:ASIAI0B -> (ImportResultId: '8556fa45fdf81380ba207a32a8fe98bc') in 0.0173911 seconds
[Worker0] Imported GUID: 41147144ff556e246b736135eb26f185 - Path: Packages/com.unity.render-pipelines.core/Editor/Debugging/DebugWindow.cs - Importer: ScriptedImporter/UnityEditor.QuickSearchModule:UnityEditor.Search:ASIAI0B -> (ImportResultId: '23ed3a3a9c235e576a27f34f5bd46e67') in 0.0204618 seconds
[Worker2] Imported GUID: e7990b191f2f28e4884a439c088c4fe0 - Path: Packages/com.unity.render-pipelines.core/ShaderLibrary/SphericalHarmonics.hlsl - Importer: ScriptedImporter/UnityEditor.QuickSearchModule:UnityEditor.Search:ASIAI0B -> (ImportResultId: '4982a45f7ebe55b239aefe62ef582127') in 0.0207754 seconds
[Worker1] Imported GUID: a0d2633fc585aec4a8a89a6014bd7640 - Path: Packages/com.unity.render-pipelines.core/Editor/Camera/CameraUI.Drawers.cs - Importer: ScriptedImporter/UnityEditor.QuickSearchModule:UnityEditor.Search:ASIAI0B -> (ImportResultId: '7d1ce3fd05945803a09a3c1b7bb444b0') in 0.0250442 seconds
[Worker0] Imported GUID: 7e978521b37d51146b2cc9750ebfa16c - Path: Packages/com.unity.render-pipelines.core/Editor/Camera/CameraUI.PhysicalCamera.Skin.cs - Importer: ScriptedImporter/UnityEditor.QuickSearchModule:UnityEditor.Search:ASIAI0B -> (ImportResultId: '9175fbc80169f6bb067b61d0f54a6696') in 0.0249215 seconds
[Worker2] Imported GUID: 24edf9d94fc418047a951393fca40966 - Path: Packages/com.unity.render-pipelines.core/Editor/Analytics/RenderPipelineGraphicsSettingsAnalytics.cs - Importer: ScriptedImporter/UnityEditor.QuickSearchModule:UnityEditor.Search:ASIAI0B -> (ImportResultId: 'b436d95508229b71c84f5451d7bb98ab') in 0.0246833 seconds
[Worker1] Imported GUID: 46a67ded66a63de48b9329c593fc08de - Path: Packages/com.unity.render-pipelines.core/ShaderLibrary/Unity.RenderPipelines.Core.ShaderLibrary.asmdef - Importer: ScriptedImporter/UnityEditor.QuickSearchModule:UnityEditor.Search:ASIAI0B -> (ImportResultId: '700553884e9209481eb90c78e931a48a') in 0.0215063 seconds
[Worker2] Imported GUID: 3e30261210b9c0040baf9d684f0b3e8d - Path: Packages/com.unity.render-pipelines.core/Editor/Analytics/VolumeProfileOverridesAnalytic.cs - Importer: ScriptedImporter/UnityEditor.QuickSearchModule:UnityEditor.Search:ASIAI0B -> (ImportResultId: '1da8c781cddea55463a25f7ac9bc9976') in 0.0200311 seconds
[Worker0] Imported GUID: 37f63294a089b441eb9b5a8b6dea5114 - Path: Packages/com.unity.render-pipelines.core/Editor/Controls/ToggleDropdown.cs - Importer: ScriptedImporter/UnityEditor.QuickSearchModule:UnityEditor.Search:ASIAI0B -> (ImportResultId: 'edf744007c72faca54976bf176f11f1d') in 0.0217366 seconds
[Worker1] Imported GUID: 96eb0e7285e8ec64b9b711f1e6b78dea - Path: Packages/com.unity.render-pipelines.core/ShaderLibrary/Version.hlsl - Importer: ScriptedImporter/UnityEditor.QuickSearchModule:UnityEditor.Search:ASIAI0B -> (ImportResultId: '18270fb9f5e33df63fc1d9bb3281b75b') in 0.0181322 seconds
[Worker2] Imported GUID: 1a3c09fe584943f9ba43ae5a5cf0700d - Path: Packages/com.unity.render-pipelines.core/ShaderLibrary/SixWayLighting.hlsl - Importer: ScriptedImporter/UnityEditor.QuickSearchModule:UnityEditor.Search:ASIAI0B -> (ImportResultId: 'b16ddbfb4f16d503ef8187ff2f19be0d') in 0.0211183 seconds
[Worker0] Imported GUID: b7fbad490dc4ecc46b2936be42e9c71f - Path: Packages/com.unity.render-pipelines.core/Editor/Camera/CameraUI.PhysicalCamera.Drawers.cs - Importer: ScriptedImporter/UnityEditor.QuickSearchModule:UnityEditor.Search:ASIAI0B -> (ImportResultId: '89491dd672c079ebfa2950f083338037') in 0.0203322 seconds
[Worker1] Imported GUID: 76b6dbce57ad3e647a01b5ad36f737a5 - Path: Packages/com.unity.render-pipelines.core/ShaderLibrary/VolumeRendering.hlsl - Importer: ScriptedImporter/UnityEditor.QuickSearchModule:UnityEditor.Search:ASIAI0B -> (ImportResultId: '29ee40585caa5107af34e77f56ad0f22') in 0.0217449 seconds
[Worker2] Imported GUID: 40b2b7ce6c436184b91d2d7ea4ef35ce - Path: Packages/com.unity.render-pipelines.core/Editor/Camera/CameraUI.Environment.Drawers.cs - Importer: ScriptedImporter/UnityEditor.QuickSearchModule:UnityEditor.Search:ASIAI0B -> (ImportResultId: '7b38dec547e898a36955de80a13341ab') in 0.0204526 seconds
[Worker0] Imported GUID: 79062f3c36657da4e9a366000411cf78 - Path: Packages/com.unity.render-pipelines.core/ShaderLibrary/Texture.hlsl - Importer: ScriptedImporter/UnityEditor.QuickSearchModule:UnityEditor.Search:ASIAI0B -> (ImportResultId: '300c23a2015546c8160846b72c637073') in 0.0213001 seconds
[Worker1] Imported GUID: 716365d8000d25e4c8621aa2d34a92fa - Path: Packages/com.unity.render-pipelines.core/Editor/InternalBridge/Unity.InternalAPIEngineBridge.RenderPipelines.Core.Editor.asmdef - Importer: ScriptedImporter/UnityEditor.QuickSearchModule:UnityEditor.Search:ASIAI0B -> (ImportResultId: '06bb4b1c7ed32fd08f9ad584363e72bf') in 0.0195731 seconds
[Worker2] Imported GUID: e1cfc5ca61db3d448825f316ff92cb0b - Path: Packages/com.unity.render-pipelines.core/ShaderLibrary/UnityInstancing.hlsl - Importer: ScriptedImporter/UnityEditor.QuickSearchModule:UnityEditor.Search:ASIAI0B -> (ImportResultId: '88e46a8a06f0701921621867101ea92e') in 0.0171154 seconds
[Worker0] Imported GUID: c94bc25276e67ea429b40e3228a39b05 - Path: Packages/com.unity.render-pipelines.core/Editor/Camera/CameraUI.Environment.Skin.cs - Importer: ScriptedImporter/UnityEditor.QuickSearchModule:UnityEditor.Search:ASIAI0B -> (ImportResultId: '47db636bc15897fb20c8a4bb860fb0fa') in 0.0208564 seconds
[Worker0] Imported GUID: 79641ba14fe04324b8905bafbf3e82ed - Path: Packages/com.unity.render-pipelines.core/ShaderLibrary/TextureStack.hlsl - Importer: ScriptedImporter/UnityEditor.QuickSearchModule:UnityEditor.Search:ASIAI0B -> (ImportResultId: '4df1a35576309823fd9838745bfe24a9') in 0.0155415 seconds
[Worker2] Imported GUID: 77db4492d35e8db4fb0fe2936a0879e2 - Path: Packages/com.unity.render-pipelines.core/Editor/BuildProcessors/CoreBuildData.cs - Importer: ScriptedImporter/UnityEditor.QuickSearchModule:UnityEditor.Search:ASIAI0B -> (ImportResultId: '87e2db591a483ae7815167640580ef8a') in 0.0231453 seconds
[Worker0] Imported GUID: 259e4e1d42f9302459819d218966a11c - Path: Packages/com.unity.render-pipelines.core/ShaderLibrary/PhysicalCamera.hlsl - Importer: ScriptedImporter/UnityEditor.QuickSearchModule:UnityEditor.Search:ASIAI0B -> (ImportResultId: '9f7a5f60a29ef685b6b5dfbfb5c7199e') in 0.0196141 seconds
[Worker1] Imported GUID: 5ff83f8997b534409b1595a0ea6750db - Path: Packages/com.unity.render-pipelines.core/Editor/Controls/ToggleDropdown.uss - Importer: ScriptedImporter/UnityEditor.QuickSearchModule:UnityEditor.Search:ASIAI0B -> (ImportResultId: '8f7b48676bb1fab1ffa28be119d831e0') in 0.0455153 seconds
[Worker0] Imported GUID: 325b1a823e35d84478e89669f808ecb9 - Path: Packages/com.unity.render-pipelines.core/ShaderLibrary/SDF2D.hlsl - Importer: ScriptedImporter/UnityEditor.QuickSearchModule:UnityEditor.Search:ASIAI0B -> (ImportResultId: '7a1892414774d7c82cf80be9b040eefd') in 0.0197075 seconds
[Worker1] Imported GUID: 07d22e3065efb5a489e5e2644df19bc7 - Path: Packages/com.unity.render-pipelines.core/ShaderLibrary/SpaceTransforms.hlsl - Importer: ScriptedImporter/UnityEditor.QuickSearchModule:UnityEditor.Search:ASIAI0B -> (ImportResultId: '3f7eaa3da08f1c16f0fdae099e686d0b') in 0.0173706 seconds
[Worker0] Imported GUID: cc0d8451b1d348689c76bbac2a797aaa - Path: Packages/com.unity.render-pipelines.core/ShaderLibrary/Threading.hlsl - Importer: ScriptedImporter/UnityEditor.QuickSearchModule:UnityEditor.Search:ASIAI0B -> (ImportResultId: 'b3544460b06fa7017d858b8a0041e511') in 0.0177615 seconds
[Worker1] Imported GUID: 517e6b6a28d958f4d957127836465b2e - Path: Packages/com.unity.render-pipelines.core/ShaderLibrary/ThreadingSM6Impl.hlsl - Importer: ScriptedImporter/UnityEditor.QuickSearchModule:UnityEditor.Search:ASIAI0B -> (ImportResultId: 'a96c1e7be7997d0d286e67c72c99b7a1') in 0.0167722 seconds
[Worker1] Imported GUID: 13d32c9cdf2984447b4802095ce716ae - Path: Packages/com.unity.render-pipelines.core/Editor/Gizmo/GizmoUtility.cs - Importer: ScriptedImporter/UnityEditor.QuickSearchModule:UnityEditor.Search:ASIAI0B -> (ImportResultId: '4a39fb3c1e35851df2c95b87c512f62a') in 0.021566 seconds
[Worker0] Imported GUID: 12dc59547ea167a4ab435097dd0f9add - Path: Packages/com.unity.render-pipelines.core/Shaders/CoreCopy.shader - Importer: ScriptedImporter/UnityEditor.QuickSearchModule:UnityEditor.Search:ASIAI0B -> (ImportResultId: '115f9311768af2283ba66232b3a4b63b') in 0.0227655 seconds
[Worker1] Imported GUID: 1ea56bc9911bbad4191075872a46cc89 - Path: Packages/com.unity.render-pipelines.core/ShaderLibrary/Tessellation.hlsl - Importer: ScriptedImporter/UnityEditor.QuickSearchModule:UnityEditor.Search:ASIAI0B -> (ImportResultId: 'c7568d68818729f897ebaec0785abe18') in 0.0211305 seconds
[Worker0] Imported GUID: 0a40799d368cbbd4982d2f423cdd8595 - Path: Packages/com.unity.render-pipelines.core/ShaderLibrary/PerPixelDisplacement.hlsl - Importer: ScriptedImporter/UnityEditor.QuickSearchModule:UnityEditor.Search:ASIAI0B -> (ImportResultId: '11d2155dc3cfd29396143b4865a5cd70') in 0.0208057 seconds
[Worker0] Imported GUID: 7ecd4b4b0c2b54742baf8d885609f3b9 - Path: Packages/com.unity.render-pipelines.core/Editor/Gizmo/HierarchicalSphere.cs - Importer: ScriptedImporter/UnityEditor.QuickSearchModule:UnityEditor.Search:ASIAI0B -> (ImportResultId: 'e4f17b1dd6dc468c4aef0f84ba903257') in 0.0190759 seconds
[Worker1] Imported GUID: 96acda4e859ca224986250b52266e0c9 - Path: Packages/com.unity.render-pipelines.core/Editor/Camera/CameraUI.Rendering.Skin.cs - Importer: ScriptedImporter/UnityEditor.QuickSearchModule:UnityEditor.Search:ASIAI0B -> (ImportResultId: '7be5e398eac618888150e719c4c92999') in 0.0202616 seconds
[Worker2] Imported GUID: 5e5ba1167b7b68e4fb383ce19a13c5e7 - Path: Packages/com.unity.render-pipelines.core/Editor/Debugging/DebugWindow.uxml - Importer: ScriptedImporter/UnityEditor.QuickSearchModule:UnityEditor.Search:ASIAI0B -> (ImportResultId: '46ac21f89035cef09e993f397bf65a34') in 0.1347995 seconds
[Worker0] Imported GUID: cc3e1b4fa05dd864a960b9708102285b - Path: Packages/com.unity.render-pipelines.core/Editor/InternalBridge/ObjectSelector.cs - Importer: ScriptedImporter/UnityEditor.QuickSearchModule:UnityEditor.Search:ASIAI0B -> (ImportResultId: '09260ed3aa101ff90fb059623cff8c33') in 0.0169997 seconds
[Worker1] Imported GUID: b19e52fd23b5c7549b05da06be1b1614 - Path: Packages/com.unity.render-pipelines.core/ShaderLibrary/VertexCubeSlicing.hlsl - Importer: ScriptedImporter/UnityEditor.QuickSearchModule:UnityEditor.Search:ASIAI0B -> (ImportResultId: 'a6ec4e1ceb987f8fa2aacdfcdec42d0b') in 0.0221583 seconds
[Worker2] Imported GUID: 9c0adda657f204c4199b6870832abb80 - Path: Packages/com.unity.render-pipelines.core/Editor/Gizmo/HierarchicalBox.cs - Importer: ScriptedImporter/UnityEditor.QuickSearchModule:UnityEditor.Search:ASIAI0B -> (ImportResultId: 'f5e595e16137b66656596c8962fd6d3e') in 0.0204338 seconds
[Worker0] Imported GUID: 093f86242d8d4e64187076599c7f708e - Path: Packages/com.unity.render-pipelines.core/ShaderLibrary/ThreadingEmuImpl.hlsl - Importer: ScriptedImporter/UnityEditor.QuickSearchModule:UnityEditor.Search:ASIAI0B -> (ImportResultId: '01aa1652f94417a2cc345dc2cf3bdc60') in 0.0180286 seconds
[Worker1] Imported GUID: c77d1122a4e2ed448966b1535f9f1130 - Path: Packages/com.unity.render-pipelines.core/Editor/Camera/CameraUI.Output.Drawers.cs - Importer: ScriptedImporter/UnityEditor.QuickSearchModule:UnityEditor.Search:ASIAI0B -> (ImportResultId: 'b8a69b5fdaf5c28a44b22e215587230f') in 0.0190691 seconds
[Worker2] Imported GUID: 063144fddd2c1be41b9d09dec6314fc7 - Path: Packages/com.unity.render-pipelines.core/ShaderLibrary/SpaceFillingCurves.hlsl - Importer: ScriptedImporter/UnityEditor.QuickSearchModule:UnityEditor.Search:ASIAI0B -> (ImportResultId: '7c47b41b2575f44291cc7453ecebd31e') in 0.0198443 seconds
[Worker0] Imported GUID: 9f249a7110f8dd14ca061023fb8aa6e5 - Path: Packages/com.unity.render-pipelines.core/Editor/Analytics/BuildTargetAnalytic.cs - Importer: ScriptedImporter/UnityEditor.QuickSearchModule:UnityEditor.Search:ASIAI0B -> (ImportResultId: 'fc9db79934b35f0d446d9f85e0a97a69') in 0.0191435 seconds
[Worker1] Imported GUID: 55ef358f023224145a079dd70d4692b5 - Path: Packages/com.unity.render-pipelines.core/Editor/Camera/ISerializedCamera.cs - Importer: ScriptedImporter/UnityEditor.QuickSearchModule:UnityEditor.Search:ASIAI0B -> (ImportResultId: 'da0b1a2034484bc6a268f1b64c374661') in 0.0214309 seconds
[Worker2] Imported GUID: 6cf20b5e989565749903509e13e351f6 - Path: Packages/com.unity.render-pipelines.core/Editor/Camera/CameraUI.Rendering.Drawers.cs - Importer: ScriptedImporter/UnityEditor.QuickSearchModule:UnityEditor.Search:ASIAI0B -> (ImportResultId: '6f447c0bef1fcc48e1def59c507c3fb6') in 0.0188942 seconds
[Worker0] Imported GUID: 89aebf2868d41e34abc02aae1d41b4cd - Path: Packages/com.unity.render-pipelines.core/ShaderLibrary/UnityDOTSInstancing.hlsl - Importer: ScriptedImporter/UnityEditor.QuickSearchModule:UnityEditor.Search:ASIAI0B -> (ImportResultId: '6fe684b30a137d38fcfaa546de5e9115') in 0.0200213 seconds
[Worker1] Imported GUID: 6c5809f25072f7143b26a140814e037a - Path: Packages/com.unity.render-pipelines.core/Editor/InternalBridge/AdvancedDropdownBridge.cs - Importer: ScriptedImporter/UnityEditor.QuickSearchModule:UnityEditor.Search:ASIAI0B -> (ImportResultId: 'f2511bc815d6c6515f9c9be9dc5e03a7') in 0.0150679 seconds
[Worker2] Imported GUID: d37aff5f3c2b94c43857a4e315390b33 - Path: Packages/com.unity.render-pipelines.core/Editor/InternalBridge/AssemblyInfo.cs - Importer: ScriptedImporter/UnityEditor.QuickSearchModule:UnityEditor.Search:ASIAI0B -> (ImportResultId: '74ac53e85e8070a5e075015f80da75b1') in 0.0221161 seconds
[Worker0] Imported GUID: 33098eef498723540b0b7705cf69a338 - Path: Packages/com.unity.render-pipelines.core/ShaderLibrary/TextureXR.hlsl - Importer: ScriptedImporter/UnityEditor.QuickSearchModule:UnityEditor.Search:ASIAI0B -> (ImportResultId: '43bc76c39ac91d00904790592e919d4c') in 0.0226482 seconds
[Worker1] Imported GUID: e26c221569d1d284a9d21434b3a4b277 - Path: Packages/com.unity.render-pipelines.core/Editor/Camera/CameraUI.Skin.cs - Importer: ScriptedImporter/UnityEditor.QuickSearchModule:UnityEditor.Search:ASIAI0B -> (ImportResultId: '1a946d437e4bdb3cee77d5d6d1c10cf0') in 0.0189086 seconds
[Worker2] Imported GUID: e7e0182f8c41fea4aaebcffa2915a381 - Path: Packages/com.unity.render-pipelines.core/Editor/Analytics/VolumeProfileUsageAnalytic.cs - Importer: ScriptedImporter/UnityEditor.QuickSearchModule:UnityEditor.Search:ASIAI0B -> (ImportResultId: '3d4e452e313baec3d28d4ca5ec0d708d') in 0.0180006 seconds
[Worker0] Imported GUID: 430e769b36b6f62439bef2eb5c3eaf79 - Path: Packages/com.unity.render-pipelines.core/Editor/Lighting/CoreLightEditorUtilities.cs - Importer: ScriptedImporter/UnityEditor.QuickSearchModule:UnityEditor.Search:ASIAI0B -> (ImportResultId: '65ae783aabe219112828c2cafddded6d') in 0.0187936 seconds
[Worker1] Imported GUID: 2df96b66b5510f94b98df2ac6f926ef4 - Path: Packages/com.unity.render-pipelines.core/Editor/Gizmo/UnlitGizmo.shader - Importer: ScriptedImporter/UnityEditor.QuickSearchModule:UnityEditor.Search:ASIAI0B -> (ImportResultId: 'e17c3f71129f39a895a3ba5eec6a512c') in 0.0329422 seconds
[Worker2] Imported GUID: 435c74ddc7b1fd744b934a196d6d3d82 - Path: Packages/com.unity.render-pipelines.core/ShaderLibrary/ScreenCoordOverride.hlsl - Importer: ScriptedImporter/UnityEditor.QuickSearchModule:UnityEditor.Search:ASIAI0B -> (ImportResultId: 'd8c947c267ac799c93b3809eb400aee3') in 0.0188407 seconds
[Worker0] Imported GUID: 61125f624d229884d8cff04fc0fceab7 - Path: Packages/com.unity.render-pipelines.core/ShaderLibrary/Refraction.hlsl - Importer: ScriptedImporter/UnityEditor.QuickSearchModule:UnityEditor.Search:ASIAI0B -> (ImportResultId: 'd93a3fcf34801c0a741da0efca118754') in 0.0181494 seconds
[Worker1] Imported GUID: 6487e82b005541789deacb92eaa88bed - Path: Packages/com.unity.render-pipelines.core/ShaderLibrary/ShaderDebugPrint.hlsl - Importer: ScriptedImporter/UnityEditor.QuickSearchModule:UnityEditor.Search:ASIAI0B -> (ImportResultId: 'df7b65bd40379872c6a1b16036705d50') in 0.016975 seconds
[Worker2] Imported GUID: 2ae707d91841f5849935209a93425289 - Path: Packages/com.unity.render-pipelines.core/Editor/BuildProcessors/CorePreprocessBuild.cs - Importer: ScriptedImporter/UnityEditor.QuickSearchModule:UnityEditor.Search:ASIAI0B -> (ImportResultId: '4ba88e363d03cb097f664de90c9e29c1') in 0.0192034 seconds
[Worker0] Imported GUID: 0a22b1f2645743e0b78bd9fd651a38c8 - Path: Packages/com.unity.render-pipelines.core/Editor/Analytics/RenderGraphViewerSessionAnalytic.cs - Importer: ScriptedImporter/UnityEditor.QuickSearchModule:UnityEditor.Search:ASIAI0B -> (ImportResultId: '5a609fa2c6f3cbb3a42db7fe3c519a58') in 0.0201547 seconds
[Worker1] Imported GUID: 7e2d77127041cd24faf2847015043c6f - Path: Packages/com.unity.render-pipelines.core/Editor/CustomRenderTexture/CustomRenderTextureMenuItem.cs - Importer: ScriptedImporter/UnityEditor.QuickSearchModule:UnityEditor.Search:ASIAI0B -> (ImportResultId: '0bb184dc5029323f830d43c7e0b217ff') in 0.0211024 seconds
[Worker0] Imported GUID: 11914c30949383848ab39385375eff34 - Path: Packages/com.unity.render-pipelines.core/ShaderLibrary/Random.hlsl - Importer: ScriptedImporter/UnityEditor.QuickSearchModule:UnityEditor.Search:ASIAI0B -> (ImportResultId: '61907cfb701fb4e2f790d0b6ed6bf739') in 0.0164416 seconds
[Worker2] Imported GUID: ed711ee78a4b6e74896cbc8dbf636441 - Path: Packages/com.unity.render-pipelines.core/Editor/Analytics/AnalyticsUtils.cs - Importer: ScriptedImporter/UnityEditor.QuickSearchModule:UnityEditor.Search:ASIAI0B -> (ImportResultId: 'd1a743713cad8dfc997aadf799d71f29') in 0.0203381 seconds
[Worker1] Imported GUID: d4b89c964238d1d47a1f41b93628fc84 - Path: Packages/com.unity.render-pipelines.core/Editor/GPUDriven/GPUInstanceDataBufferViewer.cs - Importer: ScriptedImporter/UnityEditor.QuickSearchModule:UnityEditor.Search:ASIAI0B -> (ImportResultId: '103ee466c399a38105e5dca7d8637ecc') in 0.0200985 seconds
[Worker0] Imported GUID: 6e1b69fb677bd95439f31bff8ca1c431 - Path: Packages/com.unity.render-pipelines.core/Editor/CustomRenderTexture/CustomRenderTextureShader.template - Importer: ScriptedImporter/UnityEditor.QuickSearchModule:UnityEditor.Search:ASIAI0B -> (ImportResultId: '017424e081d94ddc3f5cabda117587c5') in 0.0189193 seconds
[Worker2] Imported GUID: 6015f12526b2ed04eb8a3943af5202da - Path: Packages/com.unity.render-pipelines.core/Editor/Debugging/DebugWindow.uss - Importer: ScriptedImporter/UnityEditor.QuickSearchModule:UnityEditor.Search:ASIAI0B -> (ImportResultId: 'f707f7a00fd629f6afc39ff9599a1ac7') in 0.0253997 seconds
[Worker0] Imported GUID: e60528a842c858f469435e8e9683025a - Path: Packages/com.unity.render-pipelines.core/Editor/Debugging/DebugWindow.SearchFilter.cs - Importer: ScriptedImporter/UnityEditor.QuickSearchModule:UnityEditor.Search:ASIAI0B -> (ImportResultId: '55981ab13e91db8f81ec7740ddc067f3') in 0.0156229 seconds
[Worker1] Imported GUID: b29e0569eca4bc54da7a07d64b33e1b2 - Path: Packages/com.unity.render-pipelines.core/Editor/Analytics/VolumePriorityUsageAnalytic.cs - Importer: ScriptedImporter/UnityEditor.QuickSearchModule:UnityEditor.Search:ASIAI0B -> (ImportResultId: '7135b4d3c319a387b03f82a7935b3a00') in 0.0189687 seconds
[Worker2] Imported GUID: f82f0aee4a6afa04f86310b233ea3d66 - Path: Packages/com.unity.render-pipelines.core/Editor/Camera/CameraUI.Output.Skin.cs - Importer: ScriptedImporter/UnityEditor.QuickSearchModule:UnityEditor.Search:ASIAI0B -> (ImportResultId: 'd486131651ae630f7968c6919892eb18') in 0.0177303 seconds
[Worker0] Imported GUID: b8598e63777340dbad41548aeabf81da - Path: Packages/com.unity.render-pipelines.core/Editor/RenderGraph/RenderGraphViewer.SidePanel.cs - Importer: ScriptedImporter/UnityEditor.QuickSearchModule:UnityEditor.Search:ASIAI0B -> (ImportResultId: '3650f37d717f58890eb43eac78c5078f') in 0.0192125 seconds
[Worker2] Imported GUID: b65964511a83d3f4fade935687c0b243 - Path: Packages/com.unity.render-pipelines.core/Editor/SampleDependencyImportSystem/SampleList.cs - Importer: ScriptedImporter/UnityEditor.QuickSearchModule:UnityEditor.Search:ASIAI0B -> (ImportResultId: 'd009a593b1fd516359da68761866650e') in 0.0217273 seconds
[Worker0] Imported GUID: 901e3026412fba146ab1b63bfc229b78 - Path: Packages/com.unity.render-pipelines.core/Editor/Lighting/IESObject.cs - Importer: ScriptedImporter/UnityEditor.QuickSearchModule:UnityEditor.Search:ASIAI0B -> (ImportResultId: '52b48db95aa21a7688a1a9108376532d') in 0.023496 seconds
[Worker2] Imported GUID: 64259aeba8ab2c340a3a3a81caebee7d - Path: Packages/com.unity.render-pipelines.core/Editor/Lighting/LightAnchorHandles.cs - Importer: ScriptedImporter/UnityEditor.QuickSearchModule:UnityEditor.Search:ASIAI0B -> (ImportResultId: 'd6df33f169282aee2b26914acab84891') in 0.0223479 seconds
[Worker2] Imported GUID: 8f69c566379255640bf031b4ae7fe0f5 - Path: Packages/com.unity.render-pipelines.core/Editor/Lighting/ISerializedLight.cs - Importer: ScriptedImporter/UnityEditor.QuickSearchModule:UnityEditor.Search:ASIAI0B -> (ImportResultId: 'd1b9bc1cb763b72a6b15c41c4feeb9d6') in 0.0218041 seconds
[Worker0] Imported GUID: 1b13ded1884be704b9f0610c73659f1e - Path: Packages/com.unity.render-pipelines.core/Editor/Lighting/LightAnchorEditor.cs - Importer: ScriptedImporter/UnityEditor.QuickSearchModule:UnityEditor.Search:ASIAI0B -> (ImportResultId: '35b9d3e5df0b915471cb4c39447ec7a9') in 0.0239575 seconds
[Worker0] Imported GUID: 7cb91275e17b45ab83910c63bb9a3a99 - Path: Packages/com.unity.render-pipelines.core/Editor/Properties/AdvancedProperties.cs - Importer: ScriptedImporter/UnityEditor.QuickSearchModule:UnityEditor.Search:ASIAI0B -> (ImportResultId: '30d3dc3954d9a65e3fb1c03bfb6caad3') in 0.0237476 seconds
[Worker2] Imported GUID: 135f7e1e9c01406b8ea46f1bfcfb55cd - Path: Packages/com.unity.render-pipelines.core/Editor/RenderGraph/RenderGraphEditorRemoteDebugSession.cs - Importer: ScriptedImporter/UnityEditor.QuickSearchModule:UnityEditor.Search:ASIAI0B -> (ImportResultId: 'a5dcc27693751fc3a5b44dbcb8fef85b') in 0.0255511 seconds
[Worker1] Imported GUID: 9e1c97fc44f9a8744b61b58f72c56de4 - Path: Packages/com.unity.render-pipelines.core/Editor/Resources/DebugProbe.fbx - Importer: ScriptedImporter/UnityEditor.QuickSearchModule:UnityEditor.Search:ASIAI0B -> (ImportResultId: '90dec325021613a0ae16d030067e34cc') in 0.0937999 seconds
[Worker0] Imported GUID: 9149a3cbb036049f68e4e5b6388b9c85 - Path: Packages/com.unity.render-pipelines.core/Editor/PathTracing/Unity.PathTracing.Editor.asmdef - Importer: ScriptedImporter/UnityEditor.QuickSearchModule:UnityEditor.Search:ASIAI0B -> (ImportResultId: 'f224d75ec83accd1be8420f8276fe28a') in 0.0222908 seconds
[Worker2] Imported GUID: dedbe1894d884f119869df1b2fbf35fc - Path: Packages/com.unity.render-pipelines.core/Editor/Lighting/LightingSearchColumnProviders.cs - Importer: ScriptedImporter/UnityEditor.QuickSearchModule:UnityEditor.Search:ASIAI0B -> (ImportResultId: '9dec37c446da9d9ad96a9a19617fc3e1') in 0.0234296 seconds
[Worker1] Imported GUID: ea71340347cd4764d9e89cc6758729eb - Path: Packages/com.unity.render-pipelines.core/Editor/ShaderStripping/IVariantStripper.cs - Importer: ScriptedImporter/UnityEditor.QuickSearchModule:UnityEditor.Search:ASIAI0B -> (ImportResultId: '727fb6236ff642507b56c3395627ee47') in 0.0244362 seconds
[Worker1] Imported GUID: a8ac7c57cfc5071499b0c58d63d71d2b - Path: Packages/com.unity.render-pipelines.core/Editor/Material/MaterialHeaderScopeItem.cs - Importer: ScriptedImporter/UnityEditor.QuickSearchModule:UnityEditor.Search:ASIAI0B -> (ImportResultId: '64b2f0c747b0e1a55cf02dce0779459e') in 0.021731 seconds
[Worker0] Imported GUID: 601dae3a21ff49bab849c25eb27709e1 - Path: Packages/com.unity.render-pipelines.core/Editor/Material/AssetReimportUtils.cs - Importer: ScriptedImporter/UnityEditor.QuickSearchModule:UnityEditor.Search:ASIAI0B -> (ImportResultId: 'cdfb97aba7686e8b0ec7b49b607b3d01') in 0.0271262 seconds
[Worker2] Imported GUID: 2077bbdc519e4f4797674f4578bf3618 - Path: Packages/com.unity.render-pipelines.core/Editor/PathTracing/AssemblyInfo.cs - Importer: ScriptedImporter/UnityEditor.QuickSearchModule:UnityEditor.Search:ASIAI0B -> (ImportResultId: 'c7b52d2c0b11284e35c7c4e2dc13efff') in 0.0272325 seconds
[Worker1] Imported GUID: 90a396453bc7183469e9497f37393dcb - Path: Packages/com.unity.render-pipelines.core/Editor/PostProcessing/LensFlareDataSRPEditor.cs - Importer: ScriptedImporter/UnityEditor.QuickSearchModule:UnityEditor.Search:ASIAI0B -> (ImportResultId: 'e2c0606f85712c8430ca35c054df95e8') in 0.0215279 seconds
[Worker0] Imported GUID: 46612d3829964e2eb39c08b5c1a816e1 - Path: Packages/com.unity.render-pipelines.core/Editor/RenderGraph/RenderGraphViewer.PanManipulator.cs - Importer: ScriptedImporter/UnityEditor.QuickSearchModule:UnityEditor.Search:ASIAI0B -> (ImportResultId: '5ddcb1236f0e1e4ad7d0448447d10e26') in 0.0200577 seconds
[Worker2] Imported GUID: 57198e360c6d9454b831562cef29b556 - Path: Packages/com.unity.render-pipelines.core/Editor/Lighting/LightUI.Skin.cs - Importer: ScriptedImporter/UnityEditor.QuickSearchModule:UnityEditor.Search:ASIAI0B -> (ImportResultId: '43339977d7f4074bcc9249d9708d29a0') in 0.0252275 seconds
[Worker1] Imported GUID: acb96f1a980ed8a42a75ee14ffb92af1 - Path: Packages/com.unity.render-pipelines.core/Editor/Lighting/IESEngine.cs - Importer: ScriptedImporter/UnityEditor.QuickSearchModule:UnityEditor.Search:ASIAI0B -> (ImportResultId: 'ab85fdf6b40822e83b5f5f35c493a65f') in 0.0205828 seconds
[Worker0] Imported GUID: 4d8223d7da5fa45419aef4292e4fc672 - Path: Packages/com.unity.render-pipelines.core/Editor/PathTracing/LightBakerStrangler.cs - Importer: ScriptedImporter/UnityEditor.QuickSearchModule:UnityEditor.Search:ASIAI0B -> (ImportResultId: '425c82cc2f3925681c2bbd5619d8b351') in 0.0220873 seconds
[Worker2] Imported GUID: 19c67f927d379dc49a94746f5028e74e - Path: Packages/com.unity.render-pipelines.core/Editor/Settings/RenderPipelineGlobalSettingsProvider.deprecated.cs - Importer: ScriptedImporter/UnityEditor.QuickSearchModule:UnityEditor.Search:ASIAI0B -> (ImportResultId: '5401ef9106221a203bf6887e4caa203c') in 0.0230924 seconds
[Worker0] Imported GUID: 59cb2244d87edf44a8800d2a01fc1dfd - Path: Packages/com.unity.render-pipelines.core/Editor/PathTracing/LightBakerWorkerProcessImporter.cs - Importer: ScriptedImporter/UnityEditor.QuickSearchModule:UnityEditor.Search:ASIAI0B -> (ImportResultId: '6a1336ded3f32710d93033779332a8bc') in 0.0166658 seconds
[Worker1] Imported GUID: 28e75f38a2dd403448c94e1663867a24 - Path: Packages/com.unity.render-pipelines.core/Editor/Lighting/IESReader.cs - Importer: ScriptedImporter/UnityEditor.QuickSearchModule:UnityEditor.Search:ASIAI0B -> (ImportResultId: '78e55beff822f015e70c90fd8e7ae014') in 0.0225326 seconds
[Worker2] Imported GUID: 3d79fadf0079447b8a64ec414906d549 - Path: Packages/com.unity.render-pipelines.core/Editor/RenderGraph/RenderGraphViewer.PlayerConnection.cs - Importer: ScriptedImporter/UnityEditor.QuickSearchModule:UnityEditor.Search:ASIAI0B -> (ImportResultId: '77499951b08fbb800af7f3a456964058') in 0.0197334 seconds
[Worker0] Imported GUID: 01a25e37e39f89141a341cacf285acc4 - Path: Packages/com.unity.render-pipelines.core/Editor/PathTracing/BakeImport.cs - Importer: ScriptedImporter/UnityEditor.QuickSearchModule:UnityEditor.Search:ASIAI0B -> (ImportResultId: '280ad331c7a1ad66ff6ee7bd48dc6ae7') in 0.0212291 seconds
[Worker1] Imported GUID: 5500b139b5ad27349abf7ca9ddbd6556 - Path: Packages/com.unity.render-pipelines.core/Editor/Lighting/LightAnchorEditorTool.cs - Importer: ScriptedImporter/UnityEditor.QuickSearchModule:UnityEditor.Search:ASIAI0B -> (ImportResultId: 'b07560f41de212fc233fa866053ba085') in 0.021267 seconds
[Worker2] Imported GUID: 96553f9815e08c541b85d966a212a07f - Path: Packages/com.unity.render-pipelines.core/Editor/SampleDependencyImportSystem/SampleDependencyImporter.cs - Importer: ScriptedImporter/UnityEditor.QuickSearchModule:UnityEditor.Search:ASIAI0B -> (ImportResultId: 'd786213a4d9f58ef361ca37d2f0d9020') in 0.0157221 seconds
[Worker0] Imported GUID: ee336999a409439e86492ecebf683718 - Path: Packages/com.unity.render-pipelines.core/Editor/Properties/AdvancedPropertiesObserver.cs - Importer: ScriptedImporter/UnityEditor.QuickSearchModule:UnityEditor.Search:ASIAI0B -> (ImportResultId: '1bf4181ff15119a7f3587a86a3bad801') in 0.0218023 seconds
[Worker2] Imported GUID: 0c69256ff57964383b6408cfd6119fb3 - Path: Packages/com.unity.render-pipelines.core/Editor/ScriptTemplates/BlitSRP.txt - Importer: ScriptedImporter/UnityEditor.QuickSearchModule:UnityEditor.Search:ASIAI0B -> (ImportResultId: '202596563e98f8284be5af13996d35ac') in 0.0238775 seconds
[Worker1] Imported GUID: ec8f726a6fe63cb4594f1d548226f13d - Path: Packages/com.unity.render-pipelines.core/Editor/Lighting/LightIntensitySlider.cs - Importer: ScriptedImporter/UnityEditor.QuickSearchModule:UnityEditor.Search:ASIAI0B -> (ImportResultId: 'd0bf05053563ee2bbf38c0afb5da3617') in 0.0274995 seconds
[Worker0] Imported GUID: cb279d035a8fb402a96ef7d3596f54c8 - Path: Packages/com.unity.render-pipelines.core/Editor/PathTracing/BakeInputSerialization.cs - Importer: ScriptedImporter/UnityEditor.QuickSearchModule:UnityEditor.Search:ASIAI0B -> (ImportResultId: '0c4fe29bdbc63964bc6d24045656419d') in 0.0237967 seconds
[Worker2] Imported GUID: 4057e4a9a270475596393ac09512a597 - Path: Packages/com.unity.render-pipelines.core/Editor/Settings/DefaultVolumeProfileCategories.cs - Importer: ScriptedImporter/UnityEditor.QuickSearchModule:UnityEditor.Search:ASIAI0B -> (ImportResultId: '79ea4589507519954203bbb01f4f4d96') in 0.0233367 seconds
[Worker1] Imported GUID: 7040da56d9fb04348885577a35fc0706 - Path: Packages/com.unity.render-pipelines.core/Editor/ShaderGenerator/ShaderTypeGeneration.cs - Importer: ScriptedImporter/UnityEditor.QuickSearchModule:UnityEditor.Search:ASIAI0B -> (ImportResultId: 'c09aae1691786c0cc78f93d959ea13da') in 0.0225475 seconds
[Worker0] Imported GUID: 6445a8672591a4647839c57df79b857b - Path: Packages/com.unity.render-pipelines.core/Editor/ShaderGenerator/ShaderGeneratorMenu.cs - Importer: ScriptedImporter/UnityEditor.QuickSearchModule:UnityEditor.Search:ASIAI0B -> (ImportResultId: '04c03e7f57ffd7171d2cd9dfb6bc75d1') in 0.020155 seconds
[Worker2] Imported GUID: a1fab0dc8c5b451b9f19f59612b24987 - Path: Packages/com.unity.render-pipelines.core/Editor/RenderGraph/RenderGraphEditorLocalDebugSession.cs - Importer: ScriptedImporter/UnityEditor.QuickSearchModule:UnityEditor.Search:ASIAI0B -> (ImportResultId: '956930f7aea10380adf5aaf65ddc123b') in 0.0198385 seconds
[Worker1] Imported GUID: 6502c00b916333a498fff8077f97ce9e - Path: Packages/com.unity.render-pipelines.core/Editor/RenderGraph/RenderGraphUtilsResourceStripper.cs - Importer: ScriptedImporter/UnityEditor.QuickSearchModule:UnityEditor.Search:ASIAI0B -> (ImportResultId: 'fcbed7e7397ead0a3105b13c2ad4d993') in 0.021496 seconds
[Worker0] Imported GUID: 9801397f829a1ed42984340315cbf362 - Path: Packages/com.unity.render-pipelines.core/Editor/Lighting/IESImporter.cs - Importer: ScriptedImporter/UnityEditor.QuickSearchModule:UnityEditor.Search:ASIAI0B -> (ImportResultId: '956a7f194ee62b0b65380d6965dd114f') in 0.0181803 seconds
[Worker2] Imported GUID: 8e384b0630d041a48ac1d9b3681506ac - Path: Packages/com.unity.render-pipelines.core/Editor/PostProcessing/LensFlareEditorUtils.cs - Importer: ScriptedImporter/UnityEditor.QuickSearchModule:UnityEditor.Search:ASIAI0B -> (ImportResultId: 'b1a1507679b93e5e5baf9602e40498c1') in 0.018051 seconds
[Worker1] Imported GUID: fb2ac3eaf11b1554b85a18fe6278648f - Path: Packages/com.unity.render-pipelines.core/Editor/PathTracing/SphericalHarmonicsToLatLong.cs - Importer: ScriptedImporter/UnityEditor.QuickSearchModule:UnityEditor.Search:ASIAI0B -> (ImportResultId: '10fadcc3f25d0e036af83f3654aa4721') in 0.0228679 seconds
[Worker0] Imported GUID: f6b878d2c4b3d974db270bab74cd8f18 - Path: Packages/com.unity.render-pipelines.core/Editor/Material/DecalPreferences.cs - Importer: ScriptedImporter/UnityEditor.QuickSearchModule:UnityEditor.Search:ASIAI0B -> (ImportResultId: 'ccb01adf08ae5c30feb499baa4a9314f') in 0.0221622 seconds
[Worker2] Imported GUID: 31ae7c1b0efd6b1449ab3f20822060f3 - Path: Packages/com.unity.render-pipelines.core/Editor/Properties/AdditionalPropertiesState.cs - Importer: ScriptedImporter/UnityEditor.QuickSearchModule:UnityEditor.Search:ASIAI0B -> (ImportResultId: '8c4733c2e158d04b6b796bbfa79a8134') in 0.021087 seconds
[Worker1] Imported GUID: ac1148ae1e306490ca1665eba13b76b3 - Path: Packages/com.unity.render-pipelines.core/Editor/PathTracing/BakeInputToWorldConversion.cs - Importer: ScriptedImporter/UnityEditor.QuickSearchModule:UnityEditor.Search:ASIAI0B -> (ImportResultId: '5090d9e120ac0f3d5c525a78565306f6') in 0.0201206 seconds
[Worker0] Imported GUID: 9aeb57b98b09130459825e3f12b3441f - Path: Packages/com.unity.render-pipelines.core/Editor/Lighting/ProbeVolumeMenuItems.cs - Importer: ScriptedImporter/UnityEditor.QuickSearchModule:UnityEditor.Search:ASIAI0B -> (ImportResultId: '00df31ced21b3e04551bfe721d588da0') in 0.0182805 seconds
[Worker2] Imported GUID: 8147550de37fb934ca443edbf044e01e - Path: Packages/com.unity.render-pipelines.core/Editor/PostProcessing/LensFlareComponentSRPEditor.cs - Importer: ScriptedImporter/UnityEditor.QuickSearchModule:UnityEditor.Search:ASIAI0B -> (ImportResultId: 'fc65c7139f75dc4c593c68a3017d88e0') in 0.0191247 seconds
[Worker1] Imported GUID: 007ecb3820c25954d90dcb206cd59ed5 - Path: Packages/com.unity.render-pipelines.core/Editor/Material/MaterialEditorExtension.cs - Importer: ScriptedImporter/UnityEditor.QuickSearchModule:UnityEditor.Search:ASIAI0B -> (ImportResultId: 'b5f232d6ef62f2c0e6d3e037d7dde2a4') in 0.0167441 seconds
[Worker0] Imported GUID: b8701f1243e63c04b82c52dbd9fa1e9b - Path: Packages/com.unity.render-pipelines.core/Editor/Material/MaterialHeaderScopeList.cs - Importer: ScriptedImporter/UnityEditor.QuickSearchModule:UnityEditor.Search:ASIAI0B -> (ImportResultId: '8f1d8dc059656232df946317a2eaf402') in 0.0226854 seconds
[Worker2] Imported GUID: 0969de59df3a8834a871a797e99f3ea3 - Path: Packages/com.unity.render-pipelines.core/Editor/Settings/RenderPipelineGlobalSettingsUI.Drawers.cs - Importer: ScriptedImporter/UnityEditor.QuickSearchModule:UnityEditor.Search:ASIAI0B -> (ImportResultId: '924d901587fdaef930f57706010a4d53') in 0.0172288 seconds
[Worker1] Imported GUID: 84ea5d606d0d22a488a9047cff058078 - Path: Packages/com.unity.render-pipelines.core/Editor/RenderGraph/RenderGraphViewer.cs - Importer: ScriptedImporter/UnityEditor.QuickSearchModule:UnityEditor.Search:ASIAI0B -> (ImportResultId: '8015d00493534dfeeae5cffc4dbe920f') in 0.0187361 seconds
[Worker0] Imported GUID: f5ff1027825046c46884c3ad73d26610 - Path: Packages/com.unity.render-pipelines.core/Editor/Settings/RenderPipelineResourcesEditor.cs - Importer: ScriptedImporter/UnityEditor.QuickSearchModule:UnityEditor.Search:ASIAI0B -> (ImportResultId: '3bb591bc888968bf78be09da93aea3ff') in 0.021519 seconds
[Worker2] Imported GUID: f29084563a5ce604595e5e1395d16f6d - Path: Packages/com.unity.render-pipelines.core/Editor/Settings/SettingsProviderGUIScope.cs - Importer: ScriptedImporter/UnityEditor.QuickSearchModule:UnityEditor.Search:ASIAI0B -> (ImportResultId: '6f57bb66ef6848eba9e5d65a8d87694e') in 0.0218982 seconds
[Worker1] Imported GUID: 33cff06c4d284d0fa08d4d9d5ca06686 - Path: Packages/com.unity.render-pipelines.core/Editor/Settings/RenderPipelineGlobalSettingsEndNameEditAction.cs - Importer: ScriptedImporter/UnityEditor.QuickSearchModule:UnityEditor.Search:ASIAI0B -> (ImportResultId: 'b4a6d53b539a365fb998ee20d6061772') in 0.0187706 seconds
[Worker0] Imported GUID: b913694f5cbdba14f8d9ba1e8c028276 - Path: Packages/com.unity.render-pipelines.core/Editor/Lighting/IESImporterEditor.cs - Importer: ScriptedImporter/UnityEditor.QuickSearchModule:UnityEditor.Search:ASIAI0B -> (ImportResultId: '937b000d8ac8db3ac561214224722b57') in 0.018409 seconds
[Worker2] Imported GUID: 5c6068e6e01454142ba896167109475c - Path: Packages/com.unity.render-pipelines.core/Editor/Material/MaterialHeaderScope.cs - Importer: ScriptedImporter/UnityEditor.QuickSearchModule:UnityEditor.Search:ASIAI0B -> (ImportResultId: 'b9df47ff8997dd43f22cc9e71c111719') in 0.0184326 seconds
[Worker1] Imported GUID: 75fb0572c16138347964c56f32c1ac45 - Path: Packages/com.unity.render-pipelines.core/Editor/ShaderStripping/ShaderExtensions.cs - Importer: ScriptedImporter/UnityEditor.QuickSearchModule:UnityEditor.Search:ASIAI0B -> (ImportResultId: '697c1dcd0ac4942f512cd2b5badcb9a7') in 0.0194381 seconds
[Worker0] Imported GUID: 33ed5304014ba4c0c9d86740f0d8ab49 - Path: Packages/com.unity.render-pipelines.core/Editor/PathTracing/UnityComputeProbePostProcessor.cs - Importer: ScriptedImporter/UnityEditor.QuickSearchModule:UnityEditor.Search:ASIAI0B -> (ImportResultId: '7ea32bd27c8d7a4d28e2f6f40189cd7f') in 0.0171734 seconds
[Worker2] Imported GUID: adee57cb848200543880b66dfd96f208 - Path: Packages/com.unity.render-pipelines.core/Editor/RenderGraph/RenderGraphTestsCore.cs - Importer: ScriptedImporter/UnityEditor.QuickSearchModule:UnityEditor.Search:ASIAI0B -> (ImportResultId: '92767686f461206b003d9d47e6583d79') in 0.018375 seconds
[Worker1] Imported GUID: c870ee1bdda2f46839aa9823ce9d94ca - Path: Packages/com.unity.render-pipelines.core/Editor/ScriptTemplates/ScriptTemplates.cs - Importer: ScriptedImporter/UnityEditor.QuickSearchModule:UnityEditor.Search:ASIAI0B -> (ImportResultId: '5d30237a6083d7d7c18f7a95598de15c') in 0.0194872 seconds
[Worker0] Imported GUID: 63524ac66f4f7c044bc3dc991c570e89 - Path: Packages/com.unity.render-pipelines.core/Editor/Lighting/LightUI.Drawers.cs - Importer: ScriptedImporter/UnityEditor.QuickSearchModule:UnityEditor.Search:ASIAI0B -> (ImportResultId: 'f1847450d6e5a91f972da6a0dbcea4b4') in 0.0162423 seconds
[Worker2] Imported GUID: 10f1185105394dd5a8cf17fa594c1d5c - Path: Packages/com.unity.render-pipelines.core/Editor/Settings/DefaultVolumeProfileEditor.cs - Importer: ScriptedImporter/UnityEditor.QuickSearchModule:UnityEditor.Search:ASIAI0B -> (ImportResultId: 'c1d92b9b170d708b86d947ee9d9e7347') in 0.0179398 seconds
[Worker1] Imported GUID: 4ead049ece6638f43b01c36907c333d1 - Path: Packages/com.unity.render-pipelines.core/Editor/ShaderGenerator/CSharpToHLSL.cs - Importer: ScriptedImporter/UnityEditor.QuickSearchModule:UnityEditor.Search:ASIAI0B -> (ImportResultId: 'afb2b1d7bfc10aaaf53d1c1c026c5b73') in 0.0220781 seconds
[Worker0] Imported GUID: f569b8bbdde27914494b9a7e653c37e2 - Path: Packages/com.unity.render-pipelines.core/Editor/Properties/PropertiesPreferencesProvider.cs - Importer: ScriptedImporter/UnityEditor.QuickSearchModule:UnityEditor.Search:ASIAI0B -> (ImportResultId: '1b258274f91683e7079f53b33904864f') in 0.0280766 seconds
[Worker2] Imported GUID: f271dd66b05804343bbd8ff052f767a0 - Path: Packages/com.unity.render-pipelines.core/Editor/PropertyDrawers/VrsLutDrawer.cs - Importer: ScriptedImporter/UnityEditor.QuickSearchModule:UnityEditor.Search:ASIAI0B -> (ImportResultId: '5981d36888adf9dafdf43cf4460aabd0') in 0.034779 seconds
[Worker1] Imported GUID: 126a6e6aac144a1b9816f1c8e27b961b - Path: Packages/com.unity.render-pipelines.core/Editor/RenderGraph/RenderGraphViewer.PassTitleLabel.cs - Importer: ScriptedImporter/UnityEditor.QuickSearchModule:UnityEditor.Search:ASIAI0B -> (ImportResultId: '9b75300821a4968656c04dd44fb6c2a4') in 0.0308574 seconds
[Worker0] Imported GUID: a0e0a1f472e9c504caa327718186ded8 - Path: Packages/com.unity.render-pipelines.core/Editor/Lighting/LightPlacementTool.cs - Importer: ScriptedImporter/UnityEditor.QuickSearchModule:UnityEditor.Search:ASIAI0B -> (ImportResultId: '650c5b038b86a484d0fbb6de26b69d3a') in 0.0217534 seconds
[Worker2] Imported GUID: 7e05bed69cf53a5439ed1acb56d7bbbd - Path: Packages/com.unity.render-pipelines.core/Runtime/CommandBuffers/IRasterCommandBuffer.cs - Importer: ScriptedImporter/UnityEditor.QuickSearchModule:UnityEditor.Search:ASIAI0B -> (ImportResultId: '236a5ea1cfbedac37ae58c19f6cc03b6') in 0.0237468 seconds
[Worker1] Imported GUID: cd410e8cdc0119a46a753f48e79c8d07 - Path: Packages/com.unity.render-pipelines.core/Editor/StyleSheets/VolumeEditor.uss - Importer: ScriptedImporter/UnityEditor.QuickSearchModule:UnityEditor.Search:ASIAI0B -> (ImportResultId: 'c5b5ecace2a111e42798c1662811fb9d') in 0.0282461 seconds
[Worker2] Imported GUID: df81bb6ebd9587b4a87f9974080eebf1 - Path: Packages/com.unity.render-pipelines.core/Runtime/Common/CommonStructs.cs - Importer: ScriptedImporter/UnityEditor.QuickSearchModule:UnityEditor.Search:ASIAI0B -> (ImportResultId: 'df0a7afb7b3592d3e0100aaee6cae7c3') in 0.0151454 seconds
[Worker0] Imported GUID: 20e417e1ec9645d44ad61671212c15f7 - Path: Packages/com.unity.render-pipelines.core/Editor/StyleSheets/HeaderFoldout.uss - Importer: ScriptedImporter/UnityEditor.QuickSearchModule:UnityEditor.Search:ASIAI0B -> (ImportResultId: '4de8e9152a3c32f7da99f983d81e71af') in 0.0450622 seconds
[Worker1] Imported GUID: ff0586f694b524faead0c7e66b5cc05b - Path: Packages/com.unity.render-pipelines.core/Runtime/CommandBuffers/IUnsafeCommandBuffer.cs - Importer: ScriptedImporter/UnityEditor.QuickSearchModule:UnityEditor.Search:ASIAI0B -> (ImportResultId: '5be9b3c29c94aa10813cd56dd16fa550') in 0.017813 seconds
[Worker2] Imported GUID: bd071ec383b774e48b51bd8c4a33000f - Path: Packages/com.unity.render-pipelines.core/Editor/Utilities/SerializedBitArray.cs - Importer: ScriptedImporter/UnityEditor.QuickSearchModule:UnityEditor.Search:ASIAI0B -> (ImportResultId: '938244c9ea7d885b7495869576fa6fb7') in 0.019712 seconds
[Worker0] Imported GUID: 7d7e09e271ad3fd4c9ceb1873a5fb59e - Path: Packages/com.unity.render-pipelines.core/Editor/Volume/VolumeComponentProvider.cs - Importer: ScriptedImporter/UnityEditor.QuickSearchModule:UnityEditor.Search:ASIAI0B -> (ImportResultId: '8d2d00ddda2913e927f53d0c0d24f559') in 0.0214183 seconds
[Worker1] Imported GUID: 83081aa5e4e6c6e419ae82cce8044ec8 - Path: Packages/com.unity.render-pipelines.core/Runtime/CommandBuffers/IComputeCommandBuffer.cs - Importer: ScriptedImporter/UnityEditor.QuickSearchModule:UnityEditor.Search:ASIAI0B -> (ImportResultId: '258930e246041d3f406f75912d44cf3e') in 0.0221585 seconds
[Worker2] Imported GUID: 052bf63f14f44212ba39157b6bdd877c - Path: Packages/com.unity.render-pipelines.core/Editor/Volume/VolumeComponentCopyPaste.cs - Importer: ScriptedImporter/UnityEditor.QuickSearchModule:UnityEditor.Search:ASIAI0B -> (ImportResultId: 'e7e823d478972c3d28d64d5e3c2afbce') in 0.022009 seconds
[Worker0] Imported GUID: 27f2759742fe50d4fa55a384fd18e06b - Path: Packages/com.unity.render-pipelines.core/Editor/Volume/VolumesPreferences.cs - Importer: ScriptedImporter/UnityEditor.QuickSearchModule:UnityEditor.Search:ASIAI0B -> (ImportResultId: '59c4de87f7a38be255099445edab63be') in 0.0242462 seconds
[Worker1] Imported GUID: d8d5beb40e5c9f94f95d805868251329 - Path: Packages/com.unity.render-pipelines.core/Editor/UXML/RenderPipelineGlobalSettings.uxml - Importer: ScriptedImporter/UnityEditor.QuickSearchModule:UnityEditor.Search:ASIAI0B -> (ImportResultId: 'a9b76277bdbb827c0ebaf088ac8277ec') in 0.0402108 seconds
[Worker2] Imported GUID: cf3ac3446e9c4333b9d16ece5c21317d - Path: Packages/com.unity.render-pipelines.core/Editor/StyleSheets/RenderGraphViewer.uss - Importer: ScriptedImporter/UnityEditor.QuickSearchModule:UnityEditor.Search:ASIAI0B -> (ImportResultId: 'cfe8ec65707862d20b88a8eb855ea702') in 0.0291648 seconds
[Worker0] Imported GUID: f78c611171f4b4946b5cf8394378931f - Path: Packages/com.unity.render-pipelines.core/Runtime/Common/ComponentSingleton.cs - Importer: ScriptedImporter/UnityEditor.QuickSearchModule:UnityEditor.Search:ASIAI0B -> (ImportResultId: 'e5326c1878da8de398f711a60bae529a') in 0.0257032 seconds
[Worker1] Imported GUID: be7a7d4a589240ca90e5fa75520baf83 - Path: Packages/com.unity.render-pipelines.core/Editor/Utilities/LocalizationHelper.cs - Importer: ScriptedImporter/UnityEditor.QuickSearchModule:UnityEditor.Search:ASIAI0B -> (ImportResultId: '313f9c1519d3bbde629ffc77b1344387') in 0.0240664 seconds
[Worker2] Imported GUID: 83a028a39a272694784e78db21cff69b - Path: Packages/com.unity.render-pipelines.core/Editor/StyleSheets/DefaultVolumeProfileEditor.uss - Importer: ScriptedImporter/UnityEditor.QuickSearchModule:UnityEditor.Search:ASIAI0B -> (ImportResultId: '56cf3bad8ac8999b50021e8013fbf0c9') in 0.0241049 seconds
[Worker1] Imported GUID: 2475d4ff1fb90a64c828b1e6f47e671e - Path: Packages/com.unity.render-pipelines.core/Editor/Utilities/EditorMaterialQuality.cs - Importer: ScriptedImporter/UnityEditor.QuickSearchModule:UnityEditor.Search:ASIAI0B -> (ImportResultId: '85ab09baa808188c8df4a32b836798f4') in 0.0217389 seconds
[Worker2] Imported GUID: 6ad0ab18133a3b54ebaba4af2b423f17 - Path: Packages/com.unity.render-pipelines.core/Editor/Utilities/SerializedBitArray.deprecated.cs - Importer: ScriptedImporter/UnityEditor.QuickSearchModule:UnityEditor.Search:ASIAI0B -> (ImportResultId: 'fd7e7f1f5cd9c7004f35600c0308376f') in 0.0215988 seconds
[Worker2] Imported GUID: 5ff37ac5eaefe9e42bcd04b4ebba753e - Path: Packages/com.unity.render-pipelines.core/Runtime/CommandBuffers/RasterCommandBuffer.cs - Importer: ScriptedImporter/UnityEditor.QuickSearchModule:UnityEditor.Search:ASIAI0B -> (ImportResultId: '26043f5ec78ac416a92267ffe9f01e46') in 0.0209831 seconds
[Worker1] Imported GUID: 8bf46326c944b984c9084f09aef9b2e2 - Path: Packages/com.unity.render-pipelines.core/Editor/StyleSheets/RenderGraphViewerLight.uss - Importer: ScriptedImporter/UnityEditor.QuickSearchModule:UnityEditor.Search:ASIAI0B -> (ImportResultId: '81906739b330a8c451c184cd0cf76143') in 0.0247982 seconds
[Worker3] Imported GUID: d6bb22372ebe2bc42a227c8f8c1795ac - Path: Packages/com.unity.render-pipelines.core/Editor/Volume/VolumeComponentEditor.cs - Importer: ScriptedImporter/UnityEditor.QuickSearchModule:UnityEditor.Search:ASIAI0B -> (ImportResultId: '9ee92aa80991e495db6f3f378fc4b5ef') in 0.2038372 seconds
[Worker2] Imported GUID: 42d537a8a4089e448a99fc57a06d74a9 - Path: Packages/com.unity.render-pipelines.core/Editor/UnifiedRayTracing/UnifiedRTShaderImporter.cs - Importer: ScriptedImporter/UnityEditor.QuickSearchModule:UnityEditor.Search:ASIAI0B -> (ImportResultId: 'dea7a614738bc85c529661cf0c39c7f5') in 0.0209203 seconds
[Worker1] Imported GUID: da75d0a7610da4245824752899c20db4 - Path: Packages/com.unity.render-pipelines.core/Editor/Volume/VolumeProfileFactory.cs - Importer: ScriptedImporter/UnityEditor.QuickSearchModule:UnityEditor.Search:ASIAI0B -> (ImportResultId: '270c591307cb62e7e57c8ab6824f01ec') in 0.0205133 seconds
[Worker4] Imported GUID: d8ce10b4215bd81438b65f7e23ac0946 - Path: Packages/com.unity.render-pipelines.core/Editor/Volume/VolumeParameterDrawer.cs - Importer: ScriptedImporter/UnityEditor.QuickSearchModule:UnityEditor.Search:ASIAI0B -> (ImportResultId: 'f5724b6ca67d63e8e684d3543975d96c') in 0.2205064 seconds
[Worker3] Imported GUID: 517f802c8cb944ef2adf160f7f8f0c75 - Path: Packages/com.unity.render-pipelines.core/Runtime/CommandBuffers/UnsafeCommandBuffer.cs - Importer: ScriptedImporter/UnityEditor.QuickSearchModule:UnityEditor.Search:ASIAI0B -> (ImportResultId: 'ca33586d9e03ed15ee3022364e9fe33d') in 0.019743 seconds
[Worker1] Imported GUID: bc85748f0cef607499e03b46e3846ebd - Path: Packages/com.unity.render-pipelines.core/Runtime/Common/CommandBufferPool.cs - Importer: ScriptedImporter/UnityEditor.QuickSearchModule:UnityEditor.Search:ASIAI0B -> (ImportResultId: '532ba8685cae9c782514bc2370ee6ec3') in 0.0185969 seconds
[Worker2] Imported GUID: b5a8751420b0404cb9679106b091aef9 - Path: Packages/com.unity.render-pipelines.core/Runtime/Camera/CameraHistory.cs - Importer: ScriptedImporter/UnityEditor.QuickSearchModule:UnityEditor.Search:ASIAI0B -> (ImportResultId: 'b391a8653bd3106f6cf097973712bdfe') in 0.0210951 seconds
[Worker4] Imported GUID: b9e58b38929a83b4aa0fd7b0d0144014 - Path: Packages/com.unity.render-pipelines.core/Editor/Upscaling/UpscalerOptionsEditor.cs - Importer: ScriptedImporter/UnityEditor.QuickSearchModule:UnityEditor.Search:ASIAI0B -> (ImportResultId: '3203902e5f34b41a7f7f0f9a6eddb976') in 0.0225147 seconds
[Worker3] Imported GUID: b63135b7631d46579b47143b2a88ae38 - Path: Packages/com.unity.render-pipelines.core/Editor/Volume/VolumeProfileUtils.cs - Importer: ScriptedImporter/UnityEditor.QuickSearchModule:UnityEditor.Search:ASIAI0B -> (ImportResultId: 'd265742d6012c950d67e4eac05b5cb22') in 0.0197184 seconds
[Worker1] Imported GUID: 9a033a261241d6e48af8ca011ab7c5c1 - Path: Packages/com.unity.render-pipelines.core/Editor/Volume/VolumeEditor.cs - Importer: ScriptedImporter/UnityEditor.QuickSearchModule:UnityEditor.Search:ASIAI0B -> (ImportResultId: 'b3afcd2ce2d7bcb78f52cc93090a78f5') in 0.0184998 seconds
[Worker2] Imported GUID: b35dd4b6f122695459036b125fcb7b48 - Path: Packages/com.unity.render-pipelines.core/Editor/Upscaling/UpscalerOptionsEditorCache.cs - Importer: ScriptedImporter/UnityEditor.QuickSearchModule:UnityEditor.Search:ASIAI0B -> (ImportResultId: 'daddcf05d4a84f706222379d05e5a156') in 0.0198315 seconds
[Worker0] Imported GUID: d0b4821bb729cd24fbbe0af5feaa73ab - Path: Packages/com.unity.render-pipelines.core/Editor/UXML/DefaultVolumeProfileEditor.uxml - Importer: ScriptedImporter/UnityEditor.QuickSearchModule:UnityEditor.Search:ASIAI0B -> (ImportResultId: '3718435e91451cdb4ee6f42aa64f4258') in 0.1291731 seconds
MonoPathRemapper: Attempts to remap: 38844; Successful remaps: 25174
[Worker1] Imported GUID: f52d1e5345c395641b482217c8804ff9 - Path: Packages/com.unity.render-pipelines.core/Runtime/Camera/CameraSwitcher.cs - Importer: ScriptedImporter/UnityEditor.QuickSearchModule:UnityEditor.Search:ASIAI0B -> (ImportResultId: 'ad865766ef414f72d24604bceeeaa3c2') in 0.0160511 seconds
[Worker3] Imported GUID: 7401208cb37292748ba71a2a214f9c01 - Path: Packages/com.unity.render-pipelines.core/Editor-PrivateShared/AssetCallbacks/AssetCreationUtil.cs - Importer: ScriptedImporter/UnityEditor.QuickSearchModule:UnityEditor.Search:ASIAI0B -> (ImportResultId: 'f8f5c72bf5b60a32bbfb6d5a340b8153') in 0.0163774 seconds
[Worker4] Imported GUID: 61649e120aa78c04e8b44d1c5af17d35 - Path: Packages/com.unity.render-pipelines.core/Runtime/Common/ConstantBuffer.cs - Importer: ScriptedImporter/UnityEditor.QuickSearchModule:UnityEditor.Search:ASIAI0B -> (ImportResultId: '646161425785aa91e850cfbe87168083') in 0.0178157 seconds
[Worker2] Imported GUID: 18a67dd5ad5b87049bc0ed384b818caa - Path: Packages/com.unity.render-pipelines.core/Editor/ShaderStripping/ShaderPreprocessor.cs - Importer: ScriptedImporter/UnityEditor.QuickSearchModule:UnityEditor.Search:ASIAI0B -> (ImportResultId: '3a2578cf9c251eb8d812afb75410a742') in 0.0206915 seconds
[Worker0] Imported GUID: dc364c42ee0194a4cace7e9e86e0b9dc - Path: Packages/com.unity.render-pipelines.core/Editor/StyleSheets/HeaderFoldoutLight.uss - Importer: ScriptedImporter/UnityEditor.QuickSearchModule:UnityEditor.Search:ASIAI0B -> (ImportResultId: '5f9df00b52a9547c3cba2c4b81c2486a') in 0.0264203 seconds
[Worker1] Imported GUID: 371b660fd92134146a9c35b3e4221fab - Path: Packages/com.unity.render-pipelines.core/Editor/UnifiedRayTracing/CreateUnifiedRTShaderMenuItem.cs - Importer: ScriptedImporter/UnityEditor.QuickSearchModule:UnityEditor.Search:ASIAI0B -> (ImportResultId: 'f5155d73a434e9dd45dad6d9c575d73e') in 0.0164352 seconds
[Worker3] Imported GUID: 8d750ffecefc4ea42b84efa0eaa7095a - Path: Packages/com.unity.render-pipelines.core/Editor/ShaderStripping/ShaderStrippingWatcher.cs - Importer: ScriptedImporter/UnityEditor.QuickSearchModule:UnityEditor.Search:ASIAI0B -> (ImportResultId: 'dd820b3384ecccda8967d83183eb4a94') in 0.0184176 seconds
[Worker4] Imported GUID: 78d06e068976749e285dd70a52d49c80 - Path: Packages/com.unity.render-pipelines.core/Editor/Utilities/GenericEditorTool.cs - Importer: ScriptedImporter/UnityEditor.QuickSearchModule:UnityEditor.Search:ASIAI0B -> (ImportResultId: '27d127cf8b98c28c45a1ca5f8ad8b580') in 0.0185721 seconds
[Worker2] Imported GUID: 5909aeed57082bc4eb14d48c7e088959 - Path: Packages/com.unity.render-pipelines.core/Runtime/CommandBuffers/BaseCommandBufer.cs - Importer: ScriptedImporter/UnityEditor.QuickSearchModule:UnityEditor.Search:ASIAI0B -> (ImportResultId: '319bdb260abe352bd6f4dbf370cbe59b') in 0.0169456 seconds
[Worker1] Imported GUID: 27652a830f2825247b820817d8c85451 - Path: Packages/com.unity.render-pipelines.core/Editor/Upscaling/FSR2OptionsEditor.cs - Importer: ScriptedImporter/UnityEditor.QuickSearchModule:UnityEditor.Search:ASIAI0B -> (ImportResultId: 'a4d16b778118de4889dfbc6bad1ed60a') in 0.0163646 seconds
[Worker0] Imported GUID: c0fcf015f898cd845a455f44ee9b00bb - Path: Packages/com.unity.render-pipelines.core/Editor/Utilities/SceneRenderPipelineEditor.cs - Importer: ScriptedImporter/UnityEditor.QuickSearchModule:UnityEditor.Search:ASIAI0B -> (ImportResultId: 'c1f9653f032a4cd7198f6ef2af0a0aa2') in 0.0192296 seconds
[Worker4] Imported GUID: 3d45844b7594ca649b150d24562f5429 - Path: Packages/com.unity.render-pipelines.core/Editor/Upscaling/DLSSOptionsEditor.cs - Importer: ScriptedImporter/UnityEditor.QuickSearchModule:UnityEditor.Search:ASIAI0B -> (ImportResultId: 'd13a65a2d5fb1d41a38bc75d9b89f3c5') in 0.0185085 seconds
[Worker2] Imported GUID: a93fadbee2eb1eb4d96832313dda4a94 - Path: Packages/com.unity.render-pipelines.core/Editor/Utilities/TimedScope.cs - Importer: ScriptedImporter/UnityEditor.QuickSearchModule:UnityEditor.Search:ASIAI0B -> (ImportResultId: '7e5d420b8f93a8f8c5d3f07dcf3843e6') in 0.0177567 seconds
[Worker0] Imported GUID: 77e4433a29bc5b547a429fcd8552c691 - Path: Packages/com.unity.render-pipelines.core/Editor/Volume/VolumeProfileEditor.cs - Importer: ScriptedImporter/UnityEditor.QuickSearchModule:UnityEditor.Search:ASIAI0B -> (ImportResultId: 'e95d25db3639a80c5867fabf97ac5d66') in 0.0147623 seconds
[Worker1] Imported GUID: 614eebdfcdcaf804daf7202397af35b4 - Path: Packages/com.unity.render-pipelines.core/Runtime/CommandBuffers/IBaseCommandBuffer.cs - Importer: ScriptedImporter/UnityEditor.QuickSearchModule:UnityEditor.Search:ASIAI0B -> (ImportResultId: 'b43048b2e6c5e92f0fbebb34afa8c111') in 0.0186642 seconds
[Worker4] Imported GUID: f3ec0801d05bcb24c8a404d62f357d9c - Path: Packages/com.unity.render-pipelines.core/Editor/Volume/VolumeComponentListEditor.cs - Importer: ScriptedImporter/UnityEditor.QuickSearchModule:UnityEditor.Search:ASIAI0B -> (ImportResultId: '44f406cc7b29279213d56e3ac9fb0e80') in 0.0189947 seconds
[Worker0] Imported GUID: b918e8093989b024da657e6db0a9c378 - Path: Packages/com.unity.render-pipelines.core/Runtime/CommandBuffers/CommandBufferHelpers.cs - Importer: ScriptedImporter/UnityEditor.QuickSearchModule:UnityEditor.Search:ASIAI0B -> (ImportResultId: 'c881e5233dea68225bf3fa3e514d1054') in 0.0173359 seconds
[Worker2] Imported GUID: 00387952e4f43ec45a9084e579a44e4e - Path: Packages/com.unity.render-pipelines.core/Editor/UXML/RenderGraphViewer.uxml - Importer: ScriptedImporter/UnityEditor.QuickSearchModule:UnityEditor.Search:ASIAI0B -> (ImportResultId: '2a5a6e68c9abd4148df27d254255ac21') in 0.0293965 seconds
Serialized file version minimum: 23, current 23
[Worker1] Imported GUID: b9d92de4123d09049a3633cebf057482 - Path: Packages/com.unity.render-pipelines.core/Runtime/CommandBuffers/ComputeCommandBuffer.cs - Importer: ScriptedImporter/UnityEditor.QuickSearchModule:UnityEditor.Search:ASIAI0B -> (ImportResultId: '9756b29a3515e91b91d4afd13e3a0456') in 0.0209869 seconds
[Worker0] Imported GUID: bfeff5aa9f408a948abd4150880fc5eb - Path: Packages/com.unity.render-pipelines.core/Editor/STP/STPResourceStripper.cs - Importer: ScriptedImporter/UnityEditor.QuickSearchModule:UnityEditor.Search:ASIAI0B -> (ImportResultId: '8cb83f222512fa24818ac1b727b026ab') in 0.0204043 seconds
[Worker2] Imported GUID: 925e22fd08389624bbc859935ca73339 - Path: Packages/com.unity.render-pipelines.core/Editor/StyleSheets/RenderPipelineGlobalSettings.uss - Importer: ScriptedImporter/UnityEditor.QuickSearchModule:UnityEditor.Search:ASIAI0B -> (ImportResultId: '1a909514b8014e4ab29d81ee615a4ebd') in 0.0197211 seconds
[Worker1] Imported GUID: a74acab1c36b3344e95480f4d42afd55 - Path: Packages/com.unity.render-pipelines.core/Editor/StyleSheets/RenderGraphViewerDark.uss - Importer: ScriptedImporter/UnityEditor.QuickSearchModule:UnityEditor.Search:ASIAI0B -> (ImportResultId: 'ae0089c05a2b99a1b8446fd50aba755c') in 0.0234423 seconds
[Worker3] Imported GUID: 4b3af3115f6d00b41a5655ef26d54683 - Path: Packages/com.unity.render-pipelines.core/Editor/StyleSheets/HelpButton.uss - Importer: ScriptedImporter/UnityEditor.QuickSearchModule:UnityEditor.Search:ASIAI0B -> (ImportResultId: 'a22b14bb9e98ff669b6c98fbf2225ee2') in 0.0852557 seconds
[Worker0] Imported GUID: 2e54b39aedaf3ae4a866b97489135739 - Path: Packages/com.unity.render-pipelines.core/Editor/StyleSheets/HeaderFoldoutDark.uss - Importer: ScriptedImporter/UnityEditor.QuickSearchModule:UnityEditor.Search:ASIAI0B -> (ImportResultId: '2a93ea989b6e5f4b5125c6425282cdb4') in 0.0217178 seconds
[Worker2] Imported GUID: 86bb22b0f58049838f9c49469f6b82e7 - Path: Packages/com.unity.render-pipelines.core/Editor/StyleSheets/LightingSearchColumnProviders.uss - Importer: ScriptedImporter/UnityEditor.QuickSearchModule:UnityEditor.Search:ASIAI0B -> (ImportResultId: '641b4661cc954a88a9bec43b686cb20d') in 0.0211747 seconds
[Worker1] Imported GUID: acfc3acab7bb76944b99725933c0ad45 - Path: Packages/com.unity.render-pipelines.core/Editor/Volume/VolumeMenuItems.cs - Importer: ScriptedImporter/UnityEditor.QuickSearchModule:UnityEditor.Search:ASIAI0B -> (ImportResultId: 'd75ab1951a262dd0cdf593053100bdec') in 0.0260488 seconds
[Worker3] Imported GUID: abf61146103c4444290de1048016607b - Path: Packages/com.unity.render-pipelines.core/Editor/Volume/SerializedDataParameter.cs - Importer: ScriptedImporter/UnityEditor.QuickSearchModule:UnityEditor.Search:ASIAI0B -> (ImportResultId: '469e5521ca1343b7ea75cc852db4db50') in 0.0207336 seconds
[Worker0] Imported GUID: 618b0e3f6c65dd247a4a016150006c57 - Path: Packages/com.unity.render-pipelines.core/Runtime/Camera/FreeCamera.cs - Importer: ScriptedImporter/UnityEditor.QuickSearchModule:UnityEditor.Search:ASIAI0B -> (ImportResultId: 'eca5dfd7117b3dda39be503672bf00ce') in 0.023726 seconds
[LAYOUT] About to save layout C:\Users\laiet\Desktop\Projects\bus-driver\BusDriver\UserSettings\Layouts\default-6000.dwlt
[Worker2] Imported GUID: 0cd3688d1b5f3194780d5edc0da54e7b - Path: Packages/com.unity.render-pipelines.core/Editor/Volume/VolumeGizmoDrawer.cs - Importer: ScriptedImporter/UnityEditor.QuickSearchModule:UnityEditor.Search:ASIAI0B -> (ImportResultId: 'fac47a0feaf1b0460a39cb39d7147d4b') in 0.0230677 seconds
[Worker1] Imported GUID: 67c13e47786db8b46939b64891774a02 - Path: Packages/com.unity.render-pipelines.core/Editor/ShaderStripping/ShaderStrippingReport.cs - Importer: ScriptedImporter/UnityEditor.QuickSearchModule:UnityEditor.Search:ASIAI0B -> (ImportResultId: 'a54314cb2d356e0823817194ddba9d97') in 0.0162957 seconds
[LAYOUT] About to save layout C:/Users/laiet/AppData/Roaming/Unity/Editor-5.x/Preferences\Layouts\current\default-6000.dwlt
[Worker0] Imported GUID: 5b5f2f0a59748ee45bd932de0ff19731 - Path: Packages/com.unity.render-pipelines.core/Editor/Utilities/UIElementSearchFilter.cs - Importer: ScriptedImporter/UnityEditor.QuickSearchModule:UnityEditor.Search:ASIAI0B -> (ImportResultId: '60471158eb962e7c0e5945e5d8dffb0a') in 0.0214084 seconds
[Worker3] Imported GUID: 085cb502223da8f46931abfa47535112 - Path: Packages/com.unity.render-pipelines.core/Editor/UnifiedRayTracing/Unity.UnifiedRayTracing.Editor.asmdef - Importer: ScriptedImporter/UnityEditor.QuickSearchModule:UnityEditor.Search:ASIAI0B -> (ImportResultId: '033b0983c4aa4fff5bd0b25d589868bc') in 0.0310904 seconds
AcceleratorClientConnectionCallback - disconnected - :0
Importing 'GUID: 00000000000000004000000000000000 - Path: ProjectSettings/ProjectSettings.asset' with importer (LibraryAssetImporter)
Imported 'GUID: 00000000000000004000000000000000' -> (Import Result ID: 'dd310cceb5d7f359dafefb506c3acdad') in 0.007 seconds [static dependencies only]. Details - ImportResultOutputID=054c890a8f4b6dddbea933bc5e4b7df4 DependenciesID=1fb23f7f166dc97521d2eefefa7e7db8 StaticDependenciesID=3e9475d7b4d8b851182c03bf0e1ef545 
Importing 'GUID: 00000000000000009000000000000000 - Path: ProjectSettings/QualitySettings.asset' with importer (LibraryAssetImporter)
Imported 'GUID: 00000000000000009000000000000000' -> (Import Result ID: '8151b601d05d3e12de314c2aa1f82962') in 0.002 seconds [static dependencies only]. Details - ImportResultOutputID=2a108b3da874f726c62fbe5f12be4a8a DependenciesID=6180c49ef29638684367d2893c04e070 StaticDependenciesID=5b19720d9149525484b40148944c8e26 
Refreshing native plugins compatible for Editor in 2.74 ms, found 4 plugins.
Asset Pipeline Refresh (id=7b0afcde4e22d6349afbba573b8fd8c1): Total: 0.208 seconds - Initiated by StopAssetImportingV2(NoUpdateAssetOptions)
GPU Resident Drawer disposed.
Input System module state changed to: ShutdownInProgress.
Input Polling Thread exited.
Input System module state changed to: Shutdown.
[Physics::Module] Cleanup current backend.
[Physics::Module] Id: 0xf2b8ea05
[Licensing::IpcConnector] LicenseClient-laiet-6000.6.0-notifications channel disconnected successfully.
[Licensing::IpcConnector] LicenseClient-laiet-6000.6.0 channel disconnected successfully.
Lingering sessions upon destruction of worker manager
Unity Data Store service was successfully shut down
UDS shutting down local client system
AcceleratorClientConnectionCallback - disconnected - :0
Cleanup mono
CodeReloadManager destroyed
Checking for leaked weakptr:
  Found no leaked weakptrs.
[Package Manager] Server process was shutdown
##utp:{"type":"MemoryLeaks","version":2,"phase":"Immediate","time":1789830519146,"processId":13432,"allocatedMemory":18320409,"memoryLabels":[{"Default":190107},{"Permanent":15516},{"NewDelete":70533},{"Thread":4197984},{"Manager":2340133},{"VertexData":8},{"Geometry":816},{"Texture":24},{"Shader":854801},{"Material":24},{"GfxDevice":55968},{"Animation":952},{"FreeType":8},{"FontEngine":736},{"Physics":1970},{"Physics2D":16},{"Serialization":17216},{"Input":45280},{"JobScheduler":256},{"TextLib":30187},{"Mono":48},{"MonoCode":64},{"ScriptingNativeRuntime":1352424},{"BaseObject":51664},{"Resource":1208},{"Renderer":2384},{"Transform":4685},{"File":7381},{"WebCam":616},{"Culling":32},{"Terrain":11442},{"Wind":24},{"STL":40},{"String":972712},{"StaticString":3808},{"Utility":2675626},{"Curl":48},{"PoolAlloc":2840},{"AI":80},{"TypeTree":14869},{"ScriptManager":12640},{"CodeReload":448},{"RuntimeInitializeOnLoadManager":64},{"Sprites":102},{"SpriteAtlas":120},{"GI":7816},{"Director":8296},{"CloudService":7584},{"WebRequest":16097},{"VR":49650},{"SceneManager":608},{"Video":208},{"LazyScriptCache":32},{"NativeArray":540},{"Camera":729},{"Secure":265},{"SerializationCache":9256},{"APIUpdating":10320},{"Subsystems":336},{"VirtualTexturing":57888},{"StaticSafetyDebugInfo":278528},{"Analytics":960},{"Hierarchy":1188},{"UIElements":40},{"CoreStats":14456},{"Identifiers":7152},{"Gui":345},{"EditorUtility":185622},{"VersionControl":8},{"Undo":931},{"AssetDatabase":4670399},{"AssetImporter":40},{"EditorGi":328},{"UnityConnect":36881},{"Upm":1988},{"UpmDiagnostics":8},{"AssetCompliance":96},{"DrivenProperties":72},{"LocalIPC":220},{"ProfilerEditor":9746},{"CoreBusinessMetrics":3600},{"Windowing":456},{"Licensing":1488},{"AssetReference":32},{"IPCStream":32}]}
